2026-07-14 19:19:30.821  INFO: Launching config: "/tmp/opencode/.task-12-full-boundary.work.jmvwcc/sources/pr/source/versions/V1/shell.qml"
2026-07-14 19:19:30.821  INFO: Shell ID: "de7ae06fbca937497e3bfd9c65125ce0" Path ID "de7ae06fbca937497e3bfd9c65125ce0"
2026-07-14 19:19:30.821  INFO: Saving logs to "/run/user/1000/quickshell/by-id/suv8igd6it/log.qslog"
2026-07-14 19:19:30.876 DEBUG qt.scenegraph.general: threaded render loop
2026-07-14 19:19:30.876 DEBUG qt.scenegraph.general: Using sg animation driver
2026-07-14 19:19:30.876 DEBUG qt.scenegraph.general: Animation Driver: using vsync: 6.94 ms
2026-07-14 19:19:31.245  WARN scene: QML IpcHandler at @shell.qml[33:5]: Signal detected: "enabledChanged"
2026-07-14 19:19:31.246  WARN scene: QML IpcHandler at @shell.qml[33:5]: Signal detected: "panelVisibleChanged"
2026-07-14 19:19:31.247  INFO: Configuration Loaded
2026-07-14 19:19:31.279 DEBUG qt.scenegraph.time.renderloop: [window 0x7f030130be40][gui thread] polishAndSync: start, elapsed since last call: 3 ms
2026-07-14 19:19:31.279 DEBUG qt.scenegraph.general: Animation Driver: using vsync: 6.94 ms
2026-07-14 19:19:31.279 DEBUG qt.scenegraph.general: Creating QRhi with backend OpenGL for window 0x7f030130be40 (wflags 0x1)
  Graphics API debug/validation layers: 0
  Debug markers: 0
  Timestamps: 0
  Prefer software device: 0
  Shader/pipeline cache collection: 1
2026-07-14 19:19:31.281 DEBUG qt.rhi.general: Created OpenGL context QSurfaceFormat(version 4.6, options QFlags<QSurfaceFormat::FormatOption>(DeprecatedFunctions|ResetNotification), depthBufferSize 24, redBufferSize 8, greenBufferSize 8, blueBufferSize 8, alphaBufferSize 8, stencilBufferSize 8, samples 0, swapBehavior QSurfaceFormat::DefaultSwapBehavior, swapInterval 1, colorSpace QColorSpace(), profile  QSurfaceFormat::CompatibilityProfile)
2026-07-14 19:19:31.282 DEBUG qt.rhi.general: OpenGL VENDOR: AMD RENDERER: AMD Radeon RX 6700 XT (radeonsi, navi22, ACO, DRM 3.64, 7.1.3-2-cachyos) VERSION: 4.6 (Compatibility Profile) Mesa 26.1.4-arch1.1
2026-07-14 19:19:31.283 DEBUG qt.scenegraph.general: Created QRhi 0x7f02fcc0c008 for window 0x7f030130be40
2026-07-14 19:19:31.283 DEBUG qt.scenegraph.general: Attempting to seed pipeline cache for QRhi 0x7f02fcc0c008 from '/home/alarisco/.cache/quickshell/qtpipelinecache-x86_64-little_endian-lp64/qqpc_opengl'
2026-07-14 19:19:31.283 DEBUG qt.rhi.general: Seeded pipeline cache with 11 program binaries
2026-07-14 19:19:31.283 DEBUG qt.scenegraph.general: MSAA sample count for the swapchain is 1. Alpha channel requested = yes.
2026-07-14 19:19:31.283 DEBUG qt.scenegraph.time.renderloop: [window 0x7f030130be40][render thread 0x7f0301180040] syncAndRender: start, elapsed since last call: 4 ms
2026-07-14 19:19:31.283 DEBUG qt.scenegraph.time.renderloop: [window 0x7f030130be40][render thread 0x7f0301180040] syncAndRender: frame rendered in 0ms, sync=0, render=0, swap=0
2026-07-14 19:19:31.283 DEBUG qt.scenegraph.general: rhi texture atlas dimensions: 4096x2048
2026-07-14 19:19:31.283 DEBUG qt.scenegraph.time.renderloop: [window 0x7f030130be40][render thread 0x7f0301180040] syncAndRender: start, elapsed since last call: 0 ms
2026-07-14 19:19:31.292 DEBUG qt.scenegraph.time.glyph: distancefield: 2 glyphs prepared in 0ms, rendering=0, upload=0
2026-07-14 19:19:31.292 DEBUG qt.scenegraph.time.glyph: distancefield: 1 glyphs prepared in 0ms, rendering=0, upload=0
2026-07-14 19:19:31.292 DEBUG qt.scenegraph.time.glyph: distancefield: 12 glyphs prepared in 0ms, rendering=0, upload=0
2026-07-14 19:19:31.293 DEBUG qt.scenegraph.time.glyph: distancefield: 19 glyphs prepared in 0ms, rendering=0, upload=0
2026-07-14 19:19:31.293 DEBUG qt.scenegraph.time.glyph: distancefield: 1 glyphs prepared in 0ms, rendering=0, upload=0
2026-07-14 19:19:31.293 DEBUG qt.scenegraph.time.glyph: distancefield: 1 glyphs prepared in 0ms, rendering=0, upload=0
2026-07-14 19:19:31.294 DEBUG qt.scenegraph.time.renderer: time in renderer: total=0ms, preprocess=0, updates=0, rendering=0
2026-07-14 19:19:31.295 DEBUG qt.scenegraph.time.renderer: time in renderer: total=2ms, preprocess=0, updates=0, rendering=1
2026-07-14 19:19:31.302 DEBUG qt.scenegraph.time.renderloop: [window 0x7f030130be40][render thread 0x7f0301180040] syncAndRender: frame rendered in 19ms, sync=8, render=4, swap=6
2026-07-14 19:19:31.302 DEBUG qt.scenegraph.time.renderloop: [window 0x7f030130be40][gui thread] Frame prepared, polish=0 ms, lock=0 ms, blockedForSync=23 ms, animations=0 ms
2026-07-14 19:19:31.375 DEBUG qt.scenegraph.time.renderloop: [window 0x7f030130be40][gui thread] polishAndSync: start, elapsed since last call: 96 ms
2026-07-14 19:19:31.376 DEBUG qt.scenegraph.time.renderloop: [window 0x7f030130be40][render thread 0x7f0301180040] syncAndRender: start, elapsed since last call: 93 ms
2026-07-14 19:19:31.378 DEBUG qt.scenegraph.time.glyph: distancefield: 1 glyphs prepared in 0ms, rendering=0, upload=0
2026-07-14 19:19:31.378 DEBUG qt.scenegraph.time.glyph: distancefield: 1 glyphs prepared in 0ms, rendering=0, upload=0
2026-07-14 19:19:31.378 DEBUG qt.scenegraph.time.glyph: distancefield: 2 glyphs prepared in 0ms, rendering=0, upload=0
2026-07-14 19:19:31.378 DEBUG qt.scenegraph.time.renderloop: [window 0x7f030130be40][gui thread] Frame prepared, polish=0 ms, lock=0 ms, blockedForSync=1 ms, animations=0 ms
2026-07-14 19:19:31.378 DEBUG qt.scenegraph.time.texture: atlastexture upload enqueued in: -9223357827737ms (18x18)
2026-07-14 19:19:31.378 DEBUG qt.scenegraph.time.texture: atlastexture upload enqueued in: -9223357827737ms (48x48)
2026-07-14 19:19:31.379 DEBUG qt.scenegraph.time.texture: atlastexture upload enqueued in: -9223357827737ms (656x192)
2026-07-14 19:19:31.379 DEBUG qt.scenegraph.time.texture: atlastexture upload enqueued in: -9223357827737ms (549x230)
2026-07-14 19:19:31.379 DEBUG qt.scenegraph.time.texture: atlastexture upload enqueued in: -9223357827736ms (605x231)
2026-07-14 19:19:31.379 DEBUG qt.scenegraph.time.texture: atlastexture upload enqueued in: -9223357827736ms (80x24)
2026-07-14 19:19:31.379 DEBUG qt.scenegraph.time.texture: atlastexture upload enqueued in: -9223357827736ms (16x14)
2026-07-14 19:19:31.379 DEBUG qt.scenegraph.time.texture: atlastexture upload enqueued in: -9223357827736ms (6x8)
2026-07-14 19:19:31.379 DEBUG qt.scenegraph.time.texture: atlastexture upload enqueued in: -9223357827736ms (36x14)
2026-07-14 19:19:31.379 DEBUG qt.scenegraph.time.texture: atlastexture upload enqueued in: -9223357827736ms (16x16)
2026-07-14 19:19:31.379 DEBUG qt.scenegraph.time.texture: atlastexture upload enqueued in: -9223357827736ms (16x16)
2026-07-14 19:19:31.379 DEBUG qt.scenegraph.time.texture: atlastexture upload enqueued in: -9223357827736ms (36x14)
2026-07-14 19:19:31.379 DEBUG qt.scenegraph.time.texture: atlastexture upload enqueued in: -9223357827736ms (22x14)
2026-07-14 19:19:31.379 DEBUG qt.scenegraph.time.texture: atlastexture upload enqueued in: -9223357827736ms (36x14)
2026-07-14 19:19:31.379 DEBUG qt.scenegraph.time.renderer: time in renderer: total=1ms, preprocess=0, updates=0, rendering=1
2026-07-14 19:19:31.382 DEBUG qt.scenegraph.time.renderloop: [window 0x7f030130be40][render thread 0x7f0301180040] syncAndRender: frame rendered in 6ms, sync=1, render=1, swap=3
2026-07-14 19:19:31.391 DEBUG qt.scenegraph.time.renderloop: [window 0x7f030130be40][gui thread] polishAndSync: start, elapsed since last call: 15 ms
2026-07-14 19:19:31.391 DEBUG qt.scenegraph.time.renderloop: [window 0x7f030130be40][render thread 0x7f0301180040] syncAndRender: start, elapsed since last call: 14 ms
2026-07-14 19:19:31.392 DEBUG qt.scenegraph.time.glyph: distancefield: 1 glyphs prepared in 0ms, rendering=0, upload=0
2026-07-14 19:19:31.392 DEBUG qt.scenegraph.time.texture: atlastexture upload enqueued in: -9223357827724ms (36x14)
2026-07-14 19:19:31.392 DEBUG qt.scenegraph.time.renderer: time in renderer: total=0ms, preprocess=0, updates=0, rendering=0
2026-07-14 19:19:31.393 DEBUG qt.scenegraph.time.renderloop: [window 0x7f030130be40][render thread 0x7f0301180040] syncAndRender: frame rendered in 2ms, sync=0, render=0, swap=1
2026-07-14 19:19:31.397 DEBUG qt.scenegraph.time.renderloop: [window 0x7f030130be40][gui thread] Frame prepared, polish=0 ms, lock=0 ms, blockedForSync=0 ms, animations=5 ms
2026-07-14 19:19:31.398 DEBUG qt.scenegraph.time.renderloop: [window 0x7f030130be40][gui thread] polishAndSync: start, elapsed since last call: 7 ms
2026-07-14 19:19:31.402 DEBUG qt.scenegraph.time.renderloop: [window 0x7f030130be40][render thread 0x7f0301180040] syncAndRender: start, elapsed since last call: 11 ms
2026-07-14 19:19:31.403 DEBUG qt.scenegraph.general: animation driver switched to timer mode
2026-07-14 19:19:31.403 DEBUG qt.scenegraph.time.renderer: time in renderer: total=0ms, preprocess=0, updates=0, rendering=0
2026-07-14 19:19:31.404 DEBUG qt.scenegraph.time.renderloop: [window 0x7f030130be40][render thread 0x7f0301180040] syncAndRender: frame rendered in 1ms, sync=0, render=0, swap=0
2026-07-14 19:19:31.409 DEBUG qt.scenegraph.time.renderloop: [window 0x7f030130be40][gui thread] Frame prepared, polish=4 ms, lock=0 ms, blockedForSync=0 ms, animations=5 ms
2026-07-14 19:19:31.412 DEBUG qt.scenegraph.time.renderloop: [window 0x7f030130be40][gui thread] polishAndSync: start, elapsed since last call: 13 ms
2026-07-14 19:19:31.414 DEBUG qt.scenegraph.time.renderloop: [window 0x7f030130be40][render thread 0x7f0301180040] syncAndRender: start, elapsed since last call: 11 ms
2026-07-14 19:19:31.415 DEBUG qt.scenegraph.time.renderer: time in renderer: total=0ms, preprocess=0, updates=0, rendering=0
2026-07-14 19:19:31.416 DEBUG qt.scenegraph.time.renderloop: [window 0x7f030130be40][render thread 0x7f0301180040] syncAndRender: frame rendered in 1ms, sync=0, render=0, swap=1
2026-07-14 19:19:31.420 DEBUG qt.scenegraph.time.renderloop: [window 0x7f030130be40][gui thread] Frame prepared, polish=2 ms, lock=0 ms, blockedForSync=0 ms, animations=5 ms
2026-07-14 19:19:31.420 DEBUG qt.scenegraph.time.renderloop: [window 0x7f030130be40][gui thread] polishAndSync: start, elapsed since last call: 8 ms
2026-07-14 19:19:31.423 DEBUG qt.scenegraph.time.renderloop: [window 0x7f030130be40][render thread 0x7f0301180040] syncAndRender: start, elapsed since last call: 8 ms
2026-07-14 19:19:31.423 DEBUG qt.scenegraph.time.renderer: time in renderer: total=0ms, preprocess=0, updates=0, rendering=0
2026-07-14 19:19:31.424 DEBUG qt.scenegraph.time.renderloop: [window 0x7f030130be40][render thread 0x7f0301180040] syncAndRender: frame rendered in 1ms, sync=0, render=0, swap=0
2026-07-14 19:19:31.429 DEBUG qt.scenegraph.time.renderloop: [window 0x7f030130be40][gui thread] Frame prepared, polish=2 ms, lock=0 ms, blockedForSync=0 ms, animations=6 ms
2026-07-14 19:19:31.429 DEBUG qt.scenegraph.time.renderloop: [window 0x7f030130be40][gui thread] polishAndSync: start, elapsed since last call: 8 ms
2026-07-14 19:19:31.432 DEBUG qt.scenegraph.time.renderloop: [window 0x7f030130be40][render thread 0x7f0301180040] syncAndRender: start, elapsed since last call: 9 ms
2026-07-14 19:19:31.432 DEBUG qt.scenegraph.time.renderer: time in renderer: total=0ms, preprocess=0, updates=0, rendering=0
2026-07-14 19:19:31.432 DEBUG qt.scenegraph.time.renderer: time in renderer: total=0ms, preprocess=0, updates=0, rendering=0
2026-07-14 19:19:31.433 DEBUG qt.scenegraph.time.renderer: time in renderer: total=0ms, preprocess=0, updates=0, rendering=0
2026-07-14 19:19:31.433 DEBUG qt.scenegraph.time.renderloop: [window 0x7f030130be40][render thread 0x7f0301180040] syncAndRender: frame rendered in 1ms, sync=0, render=0, swap=0
2026-07-14 19:19:31.439 DEBUG qt.scenegraph.time.renderloop: [window 0x7f030130be40][gui thread] Frame prepared, polish=2 ms, lock=0 ms, blockedForSync=0 ms, animations=7 ms
2026-07-14 19:19:31.440 DEBUG qt.scenegraph.time.renderloop: [window 0x7f030130be40][gui thread] polishAndSync: start, elapsed since last call: 10 ms
2026-07-14 19:19:31.443 DEBUG qt.scenegraph.time.renderloop: [window 0x7f030130be40][render thread 0x7f0301180040] syncAndRender: start, elapsed since last call: 10 ms
2026-07-14 19:19:31.443 DEBUG qt.scenegraph.time.renderer: time in renderer: total=0ms, preprocess=0, updates=0, rendering=0
2026-07-14 19:19:31.443 DEBUG qt.scenegraph.time.renderloop: [window 0x7f030130be40][render thread 0x7f0301180040] syncAndRender: frame rendered in 0ms, sync=0, render=0, swap=0
2026-07-14 19:19:31.450 DEBUG qt.scenegraph.time.renderloop: [window 0x7f030130be40][gui thread] Frame prepared, polish=2 ms, lock=0 ms, blockedForSync=0 ms, animations=7 ms
2026-07-14 19:19:31.450 DEBUG qt.scenegraph.time.renderloop: [window 0x7f030130be40][gui thread] polishAndSync: start, elapsed since last call: 10 ms
2026-07-14 19:19:31.454 DEBUG qt.scenegraph.time.renderloop: [window 0x7f030130be40][render thread 0x7f0301180040] syncAndRender: start, elapsed since last call: 11 ms
2026-07-14 19:19:31.454 DEBUG qt.scenegraph.time.renderer: time in renderer: total=0ms, preprocess=0, updates=0, rendering=0
2026-07-14 19:19:31.454 DEBUG qt.scenegraph.time.renderloop: [window 0x7f030130be40][render thread 0x7f0301180040] syncAndRender: frame rendered in 0ms, sync=0, render=0, swap=0
2026-07-14 19:19:31.463 DEBUG qt.scenegraph.time.renderloop: [window 0x7f030130be40][gui thread] Frame prepared, polish=3 ms, lock=0 ms, blockedForSync=0 ms, animations=9 ms
2026-07-14 19:19:31.464 DEBUG qt.scenegraph.time.renderloop: [window 0x7f030130be40][gui thread] polishAndSync: start, elapsed since last call: 13 ms
2026-07-14 19:19:31.466 DEBUG qt.scenegraph.time.renderloop: [window 0x7f030130be40][render thread 0x7f0301180040] syncAndRender: start, elapsed since last call: 12 ms
2026-07-14 19:19:31.467 DEBUG qt.scenegraph.time.renderer: time in renderer: total=0ms, preprocess=0, updates=0, rendering=0
2026-07-14 19:19:31.467 DEBUG qt.scenegraph.time.renderloop: [window 0x7f030130be40][render thread 0x7f0301180040] syncAndRender: frame rendered in 1ms, sync=0, render=0, swap=0
2026-07-14 19:19:31.474 DEBUG qt.scenegraph.time.renderloop: [window 0x7f030130be40][gui thread] Frame prepared, polish=2 ms, lock=0 ms, blockedForSync=0 ms, animations=7 ms
2026-07-14 19:19:31.474 DEBUG qt.scenegraph.time.renderloop: [window 0x7f030130be40][gui thread] polishAndSync: start, elapsed since last call: 10 ms
2026-07-14 19:19:31.477 DEBUG qt.scenegraph.time.renderloop: [window 0x7f030130be40][render thread 0x7f0301180040] syncAndRender: start, elapsed since last call: 10 ms
2026-07-14 19:19:31.478 DEBUG qt.scenegraph.time.renderer: time in renderer: total=0ms, preprocess=0, updates=0, rendering=0
2026-07-14 19:19:31.478 DEBUG qt.scenegraph.time.renderloop: [window 0x7f030130be40][render thread 0x7f0301180040] syncAndRender: frame rendered in 0ms, sync=0, render=0, swap=0
2026-07-14 19:19:31.485 DEBUG qt.scenegraph.time.renderloop: [window 0x7f030130be40][gui thread] Frame prepared, polish=2 ms, lock=0 ms, blockedForSync=0 ms, animations=7 ms
2026-07-14 19:19:31.486 DEBUG qt.scenegraph.time.renderloop: [window 0x7f030130be40][gui thread] polishAndSync: start, elapsed since last call: 11 ms
2026-07-14 19:19:31.489 DEBUG qt.scenegraph.time.renderloop: [window 0x7f030130be40][render thread 0x7f0301180040] syncAndRender: start, elapsed since last call: 11 ms
2026-07-14 19:19:31.489 DEBUG qt.scenegraph.time.renderer: time in renderer: total=0ms, preprocess=0, updates=0, rendering=0
2026-07-14 19:19:31.490 DEBUG qt.scenegraph.time.renderloop: [window 0x7f030130be40][render thread 0x7f0301180040] syncAndRender: frame rendered in 1ms, sync=0, render=0, swap=0
2026-07-14 19:19:31.496 DEBUG qt.scenegraph.time.renderloop: [window 0x7f030130be40][gui thread] Frame prepared, polish=2 ms, lock=0 ms, blockedForSync=0 ms, animations=7 ms
2026-07-14 19:19:31.498 DEBUG qt.scenegraph.time.renderloop: [window 0x7f030130be40][gui thread] polishAndSync: start, elapsed since last call: 12 ms
2026-07-14 19:19:31.501 DEBUG qt.scenegraph.time.renderloop: [window 0x7f030130be40][render thread 0x7f0301180040] syncAndRender: start, elapsed since last call: 12 ms
2026-07-14 19:19:31.502 DEBUG qt.scenegraph.time.renderer: time in renderer: total=0ms, preprocess=0, updates=0, rendering=0
2026-07-14 19:19:31.502 DEBUG qt.scenegraph.time.renderloop: [window 0x7f030130be40][render thread 0x7f0301180040] syncAndRender: frame rendered in 0ms, sync=0, render=0, swap=0
2026-07-14 19:19:31.508 DEBUG qt.scenegraph.time.renderloop: [window 0x7f030130be40][gui thread] Frame prepared, polish=2 ms, lock=0 ms, blockedForSync=0 ms, animations=6 ms
2026-07-14 19:19:31.509 DEBUG qt.scenegraph.time.renderloop: [window 0x7f030130be40][gui thread] polishAndSync: start, elapsed since last call: 10 ms
2026-07-14 19:19:31.512 DEBUG qt.scenegraph.time.renderloop: [window 0x7f030130be40][render thread 0x7f0301180040] syncAndRender: start, elapsed since last call: 10 ms
2026-07-14 19:19:31.512 DEBUG qt.scenegraph.time.renderer: time in renderer: total=0ms, preprocess=0, updates=0, rendering=0
2026-07-14 19:19:31.512 DEBUG qt.scenegraph.time.renderloop: [window 0x7f030130be40][render thread 0x7f0301180040] syncAndRender: frame rendered in 0ms, sync=0, render=0, swap=0
2026-07-14 19:19:31.519 DEBUG qt.scenegraph.time.renderloop: [window 0x7f030130be40][gui thread] Frame prepared, polish=2 ms, lock=0 ms, blockedForSync=0 ms, animations=7 ms
2026-07-14 19:19:31.519 DEBUG qt.scenegraph.time.renderloop: [window 0x7f030130be40][gui thread] polishAndSync: start, elapsed since last call: 10 ms
2026-07-14 19:19:31.522 DEBUG qt.scenegraph.time.renderloop: [window 0x7f030130be40][render thread 0x7f0301180040] syncAndRender: start, elapsed since last call: 10 ms
2026-07-14 19:19:31.522 DEBUG qt.scenegraph.time.renderer: time in renderer: total=0ms, preprocess=0, updates=0, rendering=0
2026-07-14 19:19:31.523 DEBUG qt.scenegraph.time.renderloop: [window 0x7f030130be40][render thread 0x7f0301180040] syncAndRender: frame rendered in 0ms, sync=0, render=0, swap=0
2026-07-14 19:19:31.529 DEBUG qt.scenegraph.time.renderloop: [window 0x7f030130be40][gui thread] Frame prepared, polish=2 ms, lock=0 ms, blockedForSync=0 ms, animations=7 ms
2026-07-14 19:19:31.530 DEBUG qt.scenegraph.time.renderloop: [window 0x7f030130be40][gui thread] polishAndSync: start, elapsed since last call: 10 ms
2026-07-14 19:19:31.532 DEBUG qt.scenegraph.time.renderloop: [window 0x7f030130be40][render thread 0x7f0301180040] syncAndRender: start, elapsed since last call: 10 ms
2026-07-14 19:19:31.533 DEBUG qt.scenegraph.time.renderer: time in renderer: total=0ms, preprocess=0, updates=0, rendering=0
2026-07-14 19:19:31.533 DEBUG qt.scenegraph.time.renderloop: [window 0x7f030130be40][render thread 0x7f0301180040] syncAndRender: frame rendered in 0ms, sync=0, render=0, swap=0
2026-07-14 19:19:31.539 DEBUG qt.scenegraph.time.renderloop: [window 0x7f030130be40][gui thread] Frame prepared, polish=2 ms, lock=0 ms, blockedForSync=0 ms, animations=6 ms
2026-07-14 19:19:31.540 DEBUG qt.scenegraph.time.renderloop: [window 0x7f030130be40][gui thread] polishAndSync: start, elapsed since last call: 10 ms
2026-07-14 19:19:31.543 DEBUG qt.scenegraph.time.renderloop: [window 0x7f030130be40][render thread 0x7f0301180040] syncAndRender: start, elapsed since last call: 10 ms
2026-07-14 19:19:31.543 DEBUG qt.scenegraph.time.renderer: time in renderer: total=0ms, preprocess=0, updates=0, rendering=0
2026-07-14 19:19:31.543 DEBUG qt.scenegraph.time.renderloop: [window 0x7f030130be40][render thread 0x7f0301180040] syncAndRender: frame rendered in 0ms, sync=0, render=0, swap=0
2026-07-14 19:19:31.549 DEBUG qt.scenegraph.time.renderloop: [window 0x7f030130be40][gui thread] Frame prepared, polish=2 ms, lock=0 ms, blockedForSync=0 ms, animations=6 ms
2026-07-14 19:19:31.550 DEBUG qt.scenegraph.time.renderloop: [window 0x7f030130be40][gui thread] polishAndSync: start, elapsed since last call: 9 ms
2026-07-14 19:19:31.552 DEBUG qt.scenegraph.time.renderloop: [window 0x7f030130be40][render thread 0x7f0301180040] syncAndRender: start, elapsed since last call: 9 ms
2026-07-14 19:19:31.553 DEBUG qt.scenegraph.time.renderer: time in renderer: total=0ms, preprocess=0, updates=0, rendering=0
2026-07-14 19:19:31.553 DEBUG qt.scenegraph.time.renderloop: [window 0x7f030130be40][render thread 0x7f0301180040] syncAndRender: frame rendered in 0ms, sync=0, render=0, swap=0
2026-07-14 19:19:31.561 DEBUG qt.scenegraph.time.renderloop: [window 0x7f030130be40][gui thread] Frame prepared, polish=2 ms, lock=0 ms, blockedForSync=0 ms, animations=8 ms
2026-07-14 19:19:31.562 DEBUG qt.scenegraph.time.renderloop: [window 0x7f030130be40][gui thread] polishAndSync: start, elapsed since last call: 11 ms
2026-07-14 19:19:31.564 DEBUG qt.scenegraph.time.renderloop: [window 0x7f030130be40][render thread 0x7f0301180040] syncAndRender: start, elapsed since last call: 12 ms
2026-07-14 19:19:31.565 DEBUG qt.scenegraph.time.renderer: time in renderer: total=0ms, preprocess=0, updates=0, rendering=0
2026-07-14 19:19:31.565 DEBUG qt.scenegraph.time.renderloop: [window 0x7f030130be40][render thread 0x7f0301180040] syncAndRender: frame rendered in 0ms, sync=0, render=0, swap=0
2026-07-14 19:19:31.572 DEBUG qt.scenegraph.time.renderloop: [window 0x7f030130be40][gui thread] Frame prepared, polish=2 ms, lock=0 ms, blockedForSync=0 ms, animations=7 ms
2026-07-14 19:19:31.572 DEBUG qt.scenegraph.time.renderloop: [window 0x7f030130be40][gui thread] polishAndSync: start, elapsed since last call: 10 ms
2026-07-14 19:19:31.577 DEBUG qt.scenegraph.time.renderloop: [window 0x7f030130be40][render thread 0x7f0301180040] syncAndRender: start, elapsed since last call: 12 ms
2026-07-14 19:19:31.577 DEBUG qt.scenegraph.time.renderer: time in renderer: total=0ms, preprocess=0, updates=0, rendering=0
2026-07-14 19:19:31.577 DEBUG qt.scenegraph.time.renderloop: [window 0x7f030130be40][render thread 0x7f0301180040] syncAndRender: frame rendered in 0ms, sync=0, render=0, swap=0
2026-07-14 19:19:31.584 DEBUG qt.scenegraph.time.renderloop: [window 0x7f030130be40][gui thread] Frame prepared, polish=4 ms, lock=0 ms, blockedForSync=0 ms, animations=7 ms
2026-07-14 19:19:31.585 DEBUG qt.scenegraph.time.renderloop: [window 0x7f030130be40][gui thread] polishAndSync: start, elapsed since last call: 12 ms
2026-07-14 19:19:31.588 DEBUG qt.scenegraph.time.renderloop: [window 0x7f030130be40][render thread 0x7f0301180040] syncAndRender: start, elapsed since last call: 10 ms
2026-07-14 19:19:31.588 DEBUG qt.scenegraph.time.renderer: time in renderer: total=0ms, preprocess=0, updates=0, rendering=0
2026-07-14 19:19:31.588 DEBUG qt.scenegraph.time.renderloop: [window 0x7f030130be40][render thread 0x7f0301180040] syncAndRender: frame rendered in 0ms, sync=0, render=0, swap=0
2026-07-14 19:19:31.595 DEBUG qt.scenegraph.time.renderloop: [window 0x7f030130be40][gui thread] Frame prepared, polish=2 ms, lock=0 ms, blockedForSync=0 ms, animations=7 ms
2026-07-14 19:19:31.595 DEBUG qt.scenegraph.time.renderloop: [window 0x7f030130be40][gui thread] polishAndSync: start, elapsed since last call: 10 ms
2026-07-14 19:19:31.598 DEBUG qt.scenegraph.time.renderloop: [window 0x7f030130be40][render thread 0x7f0301180040] syncAndRender: start, elapsed since last call: 10 ms
2026-07-14 19:19:31.598 DEBUG qt.scenegraph.time.renderer: time in renderer: total=0ms, preprocess=0, updates=0, rendering=0
2026-07-14 19:19:31.599 DEBUG qt.scenegraph.time.renderloop: [window 0x7f030130be40][render thread 0x7f0301180040] syncAndRender: frame rendered in 0ms, sync=0, render=0, swap=0
2026-07-14 19:19:31.606 DEBUG qt.scenegraph.time.renderloop: [window 0x7f030130be40][gui thread] Frame prepared, polish=2 ms, lock=0 ms, blockedForSync=0 ms, animations=7 ms
2026-07-14 19:19:31.606 DEBUG qt.scenegraph.time.renderloop: [window 0x7f030130be40][gui thread] polishAndSync: start, elapsed since last call: 10 ms
2026-07-14 19:19:31.609 DEBUG qt.scenegraph.time.renderloop: [window 0x7f030130be40][render thread 0x7f0301180040] syncAndRender: start, elapsed since last call: 10 ms
2026-07-14 19:19:31.609 DEBUG qt.scenegraph.time.renderer: time in renderer: total=0ms, preprocess=0, updates=0, rendering=0
2026-07-14 19:19:31.610 DEBUG qt.scenegraph.time.renderloop: [window 0x7f030130be40][render thread 0x7f0301180040] syncAndRender: frame rendered in 0ms, sync=0, render=0, swap=0
2026-07-14 19:19:31.611 DEBUG qt.scenegraph.time.renderloop: [window 0x7f030130be40][gui thread] Frame prepared, polish=2 ms, lock=0 ms, blockedForSync=0 ms, animations=1 ms
2026-07-14 19:19:31.615 DEBUG qt.scenegraph.time.renderloop: [window 0x7f030130be40][gui thread] polishAndSync: start, elapsed since last call: 9 ms
2026-07-14 19:19:31.617 DEBUG qt.scenegraph.time.renderloop: [window 0x7f030130be40][render thread 0x7f0301180040] syncAndRender: start, elapsed since last call: 8 ms
2026-07-14 19:19:31.617 DEBUG qt.scenegraph.time.glyph: distancefield: 1 glyphs prepared in 0ms, rendering=0, upload=0
2026-07-14 19:19:31.618 DEBUG qt.scenegraph.time.renderer: time in renderer: total=0ms, preprocess=0, updates=0, rendering=0
2026-07-14 19:19:31.618 DEBUG qt.scenegraph.time.renderloop: [window 0x7f030130be40][render thread 0x7f0301180040] syncAndRender: frame rendered in 1ms, sync=0, render=0, swap=0
2026-07-14 19:19:31.618 DEBUG qt.scenegraph.time.renderloop: [window 0x7f030130be40][gui thread] Frame prepared, polish=1 ms, lock=0 ms, blockedForSync=0 ms, animations=0 ms
2026-07-14 19:19:31.620 DEBUG qt.scenegraph.time.renderloop: [window 0x7f030130be40][gui thread] polishAndSync: start, elapsed since last call: 4 ms
2026-07-14 19:19:31.622 DEBUG qt.scenegraph.time.renderloop: [window 0x7f030130be40][render thread 0x7f0301180040] syncAndRender: start, elapsed since last call: 4 ms
2026-07-14 19:19:31.622 DEBUG qt.scenegraph.time.renderer: time in renderer: total=0ms, preprocess=0, updates=0, rendering=0
2026-07-14 19:19:31.622 DEBUG qt.scenegraph.time.renderloop: [window 0x7f030130be40][render thread 0x7f0301180040] syncAndRender: frame rendered in 0ms, sync=0, render=0, swap=0
2026-07-14 19:19:31.623 DEBUG qt.scenegraph.time.renderloop: [window 0x7f030130be40][gui thread] Frame prepared, polish=1 ms, lock=0 ms, blockedForSync=0 ms, animations=0 ms
2026-07-14 19:19:31.623 DEBUG qt.scenegraph.time.renderloop: [window 0x7f030130be40][gui thread] polishAndSync: start, elapsed since last call: 3 ms
2026-07-14 19:19:31.624 DEBUG qt.scenegraph.time.renderloop: [window 0x7f030130be40][render thread 0x7f0301180040] syncAndRender: start, elapsed since last call: 2 ms
2026-07-14 19:19:31.625 DEBUG qt.scenegraph.time.renderer: time in renderer: total=0ms, preprocess=0, updates=0, rendering=0
2026-07-14 19:19:31.625 DEBUG qt.scenegraph.time.renderloop: [window 0x7f030130be40][gui thread] Frame prepared, polish=1 ms, lock=0 ms, blockedForSync=0 ms, animations=0 ms
2026-07-14 19:19:31.627 DEBUG qt.scenegraph.time.renderloop: [window 0x7f030130be40][gui thread] polishAndSync: start, elapsed since last call: 3 ms
2026-07-14 19:19:31.627 DEBUG qt.scenegraph.time.renderloop: [window 0x7f030130be40][render thread 0x7f0301180040] syncAndRender: frame rendered in 2ms, sync=0, render=0, swap=1
2026-07-14 19:19:31.629 DEBUG qt.scenegraph.time.renderloop: [window 0x7f030130be40][render thread 0x7f0301180040] syncAndRender: start, elapsed since last call: 4 ms
2026-07-14 19:19:31.629 DEBUG qt.scenegraph.time.renderer: time in renderer: total=0ms, preprocess=0, updates=0, rendering=0
2026-07-14 19:19:31.630 DEBUG qt.scenegraph.time.renderloop: [window 0x7f030130be40][gui thread] Frame prepared, polish=1 ms, lock=0 ms, blockedForSync=0 ms, animations=0 ms
2026-07-14 19:19:31.634 DEBUG qt.scenegraph.time.renderloop: [window 0x7f030130be40][gui thread] polishAndSync: start, elapsed since last call: 6 ms
2026-07-14 19:19:31.634 DEBUG qt.scenegraph.time.renderloop: [window 0x7f030130be40][render thread 0x7f0301180040] syncAndRender: frame rendered in 4ms, sync=0, render=0, swap=4
2026-07-14 19:19:31.636 DEBUG qt.scenegraph.time.renderloop: [window 0x7f030130be40][render thread 0x7f0301180040] syncAndRender: start, elapsed since last call: 7 ms
2026-07-14 19:19:31.636 DEBUG qt.scenegraph.time.renderer: time in renderer: total=0ms, preprocess=0, updates=0, rendering=0
2026-07-14 19:19:31.637 DEBUG qt.scenegraph.time.renderloop: [window 0x7f030130be40][gui thread] Frame prepared, polish=2 ms, lock=0 ms, blockedForSync=0 ms, animations=0 ms
2026-07-14 19:19:31.641 DEBUG qt.scenegraph.time.renderloop: [window 0x7f030130be40][render thread 0x7f0301180040] syncAndRender: frame rendered in 4ms, sync=0, render=0, swap=4
2026-07-14 19:19:31.641 DEBUG qt.scenegraph.time.renderloop: [window 0x7f030130be40][gui thread] polishAndSync: start, elapsed since last call: 7 ms
2026-07-14 19:19:31.643 DEBUG qt.scenegraph.time.renderloop: [window 0x7f030130be40][render thread 0x7f0301180040] syncAndRender: start, elapsed since last call: 6 ms
2026-07-14 19:19:31.643 DEBUG qt.scenegraph.time.renderer: time in renderer: total=0ms, preprocess=0, updates=0, rendering=0
2026-07-14 19:19:31.644 DEBUG qt.scenegraph.time.renderloop: [window 0x7f030130be40][gui thread] Frame prepared, polish=1 ms, lock=0 ms, blockedForSync=0 ms, animations=0 ms
2026-07-14 19:19:31.647 DEBUG qt.scenegraph.time.renderloop: [window 0x7f030130be40][gui thread] polishAndSync: start, elapsed since last call: 6 ms
2026-07-14 19:19:31.647 DEBUG qt.scenegraph.time.renderloop: [window 0x7f030130be40][render thread 0x7f0301180040] syncAndRender: frame rendered in 4ms, sync=0, render=0, swap=4
2026-07-14 19:19:31.649 DEBUG qt.scenegraph.time.renderloop: [window 0x7f030130be40][render thread 0x7f0301180040] syncAndRender: start, elapsed since last call: 6 ms
2026-07-14 19:19:31.649 DEBUG qt.scenegraph.time.renderer: time in renderer: total=0ms, preprocess=0, updates=0, rendering=0
2026-07-14 19:19:31.650 DEBUG qt.scenegraph.time.renderloop: [window 0x7f030130be40][gui thread] Frame prepared, polish=1 ms, lock=0 ms, blockedForSync=0 ms, animations=0 ms
2026-07-14 19:19:31.654 DEBUG qt.scenegraph.time.renderloop: [window 0x7f030130be40][gui thread] polishAndSync: start, elapsed since last call: 6 ms
2026-07-14 19:19:31.654 DEBUG qt.scenegraph.time.renderloop: [window 0x7f030130be40][render thread 0x7f0301180040] syncAndRender: frame rendered in 5ms, sync=0, render=0, swap=5
2026-07-14 19:19:31.657 DEBUG qt.scenegraph.time.renderloop: [window 0x7f030130be40][render thread 0x7f0301180040] syncAndRender: start, elapsed since last call: 7 ms
2026-07-14 19:19:31.657 DEBUG qt.scenegraph.time.renderer: time in renderer: total=0ms, preprocess=0, updates=0, rendering=0
2026-07-14 19:19:31.658 DEBUG qt.scenegraph.time.renderloop: [window 0x7f030130be40][gui thread] Frame prepared, polish=2 ms, lock=0 ms, blockedForSync=0 ms, animations=0 ms
2026-07-14 19:19:31.661 DEBUG qt.scenegraph.time.renderloop: [window 0x7f030130be40][gui thread] polishAndSync: start, elapsed since last call: 7 ms
2026-07-14 19:19:31.661 DEBUG qt.scenegraph.time.renderloop: [window 0x7f030130be40][render thread 0x7f0301180040] syncAndRender: frame rendered in 4ms, sync=0, render=0, swap=4
2026-07-14 19:19:31.663 DEBUG qt.scenegraph.time.renderloop: [window 0x7f030130be40][render thread 0x7f0301180040] syncAndRender: start, elapsed since last call: 6 ms
2026-07-14 19:19:31.663 DEBUG qt.scenegraph.time.renderer: time in renderer: total=0ms, preprocess=0, updates=0, rendering=0
2026-07-14 19:19:31.664 DEBUG qt.scenegraph.time.renderloop: [window 0x7f030130be40][gui thread] Frame prepared, polish=1 ms, lock=0 ms, blockedForSync=0 ms, animations=0 ms
2026-07-14 19:19:31.668 DEBUG qt.scenegraph.time.renderloop: [window 0x7f030130be40][gui thread] polishAndSync: start, elapsed since last call: 6 ms
2026-07-14 19:19:31.668 DEBUG qt.scenegraph.time.renderloop: [window 0x7f030130be40][render thread 0x7f0301180040] syncAndRender: frame rendered in 5ms, sync=0, render=0, swap=4
2026-07-14 19:19:31.670 DEBUG qt.scenegraph.time.renderloop: [window 0x7f030130be40][render thread 0x7f0301180040] syncAndRender: start, elapsed since last call: 6 ms
2026-07-14 19:19:31.670 DEBUG qt.scenegraph.time.renderer: time in renderer: total=0ms, preprocess=0, updates=0, rendering=0
2026-07-14 19:19:31.671 DEBUG qt.scenegraph.time.renderloop: [window 0x7f030130be40][gui thread] Frame prepared, polish=1 ms, lock=0 ms, blockedForSync=0 ms, animations=0 ms
2026-07-14 19:19:31.675 DEBUG qt.scenegraph.time.renderloop: [window 0x7f030130be40][gui thread] polishAndSync: start, elapsed since last call: 6 ms
2026-07-14 19:19:31.675 DEBUG qt.scenegraph.time.renderloop: [window 0x7f030130be40][render thread 0x7f0301180040] syncAndRender: frame rendered in 5ms, sync=0, render=0, swap=5
2026-07-14 19:19:31.677 DEBUG qt.scenegraph.time.renderloop: [window 0x7f030130be40][render thread 0x7f0301180040] syncAndRender: start, elapsed since last call: 7 ms
2026-07-14 19:19:31.678 DEBUG qt.scenegraph.general: animation driver switched to vsync mode
2026-07-14 19:19:31.678 DEBUG qt.scenegraph.time.renderer: time in renderer: total=0ms, preprocess=0, updates=0, rendering=0
2026-07-14 19:19:31.679 DEBUG qt.scenegraph.time.renderloop: [window 0x7f030130be40][gui thread] Frame prepared, polish=2 ms, lock=0 ms, blockedForSync=0 ms, animations=0 ms
2026-07-14 19:19:31.682 DEBUG qt.scenegraph.time.renderloop: [window 0x7f030130be40][gui thread] polishAndSync: start, elapsed since last call: 6 ms
2026-07-14 19:19:31.682 DEBUG qt.scenegraph.time.renderloop: [window 0x7f030130be40][render thread 0x7f0301180040] syncAndRender: frame rendered in 4ms, sync=0, render=0, swap=4
2026-07-14 19:19:31.684 DEBUG qt.scenegraph.time.renderloop: [window 0x7f030130be40][render thread 0x7f0301180040] syncAndRender: start, elapsed since last call: 6 ms
2026-07-14 19:19:31.685 DEBUG qt.scenegraph.time.renderer: time in renderer: total=0ms, preprocess=0, updates=0, rendering=0
2026-07-14 19:19:31.686 DEBUG qt.scenegraph.time.renderloop: [window 0x7f030130be40][gui thread] Frame prepared, polish=2 ms, lock=0 ms, blockedForSync=0 ms, animations=1 ms
2026-07-14 19:19:31.689 DEBUG qt.scenegraph.time.renderloop: [window 0x7f030130be40][gui thread] polishAndSync: start, elapsed since last call: 6 ms
2026-07-14 19:19:31.689 DEBUG qt.scenegraph.time.renderloop: [window 0x7f030130be40][render thread 0x7f0301180040] syncAndRender: frame rendered in 4ms, sync=0, render=0, swap=4
2026-07-14 19:19:31.691 DEBUG qt.scenegraph.time.renderloop: [window 0x7f030130be40][render thread 0x7f0301180040] syncAndRender: start, elapsed since last call: 6 ms
2026-07-14 19:19:31.691 DEBUG qt.scenegraph.time.renderer: time in renderer: total=0ms, preprocess=0, updates=0, rendering=0
2026-07-14 19:19:31.693 DEBUG qt.scenegraph.time.renderloop: [window 0x7f030130be40][gui thread] Frame prepared, polish=1 ms, lock=0 ms, blockedForSync=0 ms, animations=1 ms
2026-07-14 19:19:31.696 DEBUG qt.scenegraph.time.renderloop: [window 0x7f030130be40][gui thread] polishAndSync: start, elapsed since last call: 6 ms
2026-07-14 19:19:31.696 DEBUG qt.scenegraph.time.renderloop: [window 0x7f030130be40][render thread 0x7f0301180040] syncAndRender: frame rendered in 5ms, sync=0, render=0, swap=5
2026-07-14 19:19:31.699 DEBUG qt.scenegraph.time.renderloop: [window 0x7f030130be40][render thread 0x7f0301180040] syncAndRender: start, elapsed since last call: 7 ms
2026-07-14 19:19:31.699 DEBUG qt.scenegraph.time.renderer: time in renderer: total=0ms, preprocess=0, updates=0, rendering=0
2026-07-14 19:19:31.701 DEBUG qt.scenegraph.time.renderloop: [window 0x7f030130be40][gui thread] Frame prepared, polish=2 ms, lock=0 ms, blockedForSync=0 ms, animations=2 ms
2026-07-14 19:19:31.703 DEBUG qt.scenegraph.time.renderloop: [window 0x7f030130be40][gui thread] polishAndSync: start, elapsed since last call: 7 ms
2026-07-14 19:19:31.703 DEBUG qt.scenegraph.time.renderloop: [window 0x7f030130be40][render thread 0x7f0301180040] syncAndRender: frame rendered in 4ms, sync=0, render=0, swap=4
2026-07-14 19:19:31.705 DEBUG qt.scenegraph.time.renderloop: [window 0x7f030130be40][render thread 0x7f0301180040] syncAndRender: start, elapsed since last call: 6 ms
2026-07-14 19:19:31.706 DEBUG qt.scenegraph.time.renderer: time in renderer: total=0ms, preprocess=0, updates=0, rendering=0
2026-07-14 19:19:31.707 DEBUG qt.scenegraph.time.renderloop: [window 0x7f030130be40][gui thread] Frame prepared, polish=2 ms, lock=0 ms, blockedForSync=0 ms, animations=1 ms
2026-07-14 19:19:31.710 DEBUG qt.scenegraph.time.renderloop: [window 0x7f030130be40][gui thread] polishAndSync: start, elapsed since last call: 6 ms
2026-07-14 19:19:31.710 DEBUG qt.scenegraph.time.renderloop: [window 0x7f030130be40][render thread 0x7f0301180040] syncAndRender: frame rendered in 4ms, sync=0, render=0, swap=4
2026-07-14 19:19:31.711 DEBUG qt.scenegraph.time.renderloop: [window 0x7f030130be40][render thread 0x7f0301180040] syncAndRender: start, elapsed since last call: 5 ms
2026-07-14 19:19:31.712 DEBUG qt.scenegraph.time.renderer: time in renderer: total=0ms, preprocess=0, updates=0, rendering=0
2026-07-14 19:19:31.713 DEBUG qt.scenegraph.time.renderloop: [window 0x7f030130be40][gui thread] Frame prepared, polish=1 ms, lock=0 ms, blockedForSync=0 ms, animations=1 ms
2026-07-14 19:19:31.717 DEBUG qt.scenegraph.time.renderloop: [window 0x7f030130be40][gui thread] polishAndSync: start, elapsed since last call: 6 ms
2026-07-14 19:19:31.717 DEBUG qt.scenegraph.time.renderloop: [window 0x7f030130be40][render thread 0x7f0301180040] syncAndRender: frame rendered in 5ms, sync=0, render=0, swap=5
2026-07-14 19:19:31.720 DEBUG qt.scenegraph.time.renderloop: [window 0x7f030130be40][render thread 0x7f0301180040] syncAndRender: start, elapsed since last call: 8 ms
2026-07-14 19:19:31.720 DEBUG qt.scenegraph.time.renderer: time in renderer: total=0ms, preprocess=0, updates=0, rendering=0
2026-07-14 19:19:31.721 DEBUG qt.scenegraph.time.renderloop: [window 0x7f030130be40][gui thread] Frame prepared, polish=2 ms, lock=0 ms, blockedForSync=0 ms, animations=0 ms
2026-07-14 19:19:31.724 DEBUG qt.scenegraph.time.renderloop: [window 0x7f030130be40][render thread 0x7f0301180040] syncAndRender: frame rendered in 4ms, sync=0, render=0, swap=4
2026-07-14 19:19:31.724 DEBUG qt.scenegraph.time.renderloop: [window 0x7f030130be40][gui thread] polishAndSync: start, elapsed since last call: 6 ms
2026-07-14 19:19:31.726 DEBUG qt.scenegraph.time.renderloop: [window 0x7f030130be40][render thread 0x7f0301180040] syncAndRender: start, elapsed since last call: 6 ms
2026-07-14 19:19:31.726 DEBUG qt.scenegraph.time.renderer: time in renderer: total=0ms, preprocess=0, updates=0, rendering=0
2026-07-14 19:19:31.728 DEBUG qt.scenegraph.time.renderloop: [window 0x7f030130be40][gui thread] Frame prepared, polish=2 ms, lock=0 ms, blockedForSync=0 ms, animations=1 ms
2026-07-14 19:19:31.731 DEBUG qt.scenegraph.time.renderloop: [window 0x7f030130be40][gui thread] polishAndSync: start, elapsed since last call: 6 ms
2026-07-14 19:19:31.731 DEBUG qt.scenegraph.time.renderloop: [window 0x7f030130be40][render thread 0x7f0301180040] syncAndRender: frame rendered in 4ms, sync=0, render=0, swap=4
2026-07-14 19:19:31.734 DEBUG qt.scenegraph.time.renderloop: [window 0x7f030130be40][render thread 0x7f0301180040] syncAndRender: start, elapsed since last call: 7 ms
2026-07-14 19:19:31.734 DEBUG qt.scenegraph.time.renderer: time in renderer: total=0ms, preprocess=0, updates=0, rendering=0
2026-07-14 19:19:31.736 DEBUG qt.scenegraph.time.renderloop: [window 0x7f030130be40][gui thread] Frame prepared, polish=2 ms, lock=0 ms, blockedForSync=0 ms, animations=1 ms
2026-07-14 19:19:31.738 DEBUG qt.scenegraph.time.renderloop: [window 0x7f030130be40][gui thread] polishAndSync: start, elapsed since last call: 6 ms
2026-07-14 19:19:31.738 DEBUG qt.scenegraph.time.renderloop: [window 0x7f030130be40][render thread 0x7f0301180040] syncAndRender: frame rendered in 4ms, sync=0, render=0, swap=3
2026-07-14 19:19:31.740 DEBUG qt.scenegraph.time.renderloop: [window 0x7f030130be40][render thread 0x7f0301180040] syncAndRender: start, elapsed since last call: 6 ms
2026-07-14 19:19:31.740 DEBUG qt.scenegraph.time.renderer: time in renderer: total=0ms, preprocess=0, updates=0, rendering=0
2026-07-14 19:19:31.744 DEBUG qt.scenegraph.time.renderloop: [window 0x7f030130be40][gui thread] Frame prepared, polish=2 ms, lock=0 ms, blockedForSync=0 ms, animations=3 ms
2026-07-14 19:19:31.745 DEBUG qt.scenegraph.time.renderloop: [window 0x7f030130be40][render thread 0x7f0301180040] syncAndRender: frame rendered in 4ms, sync=0, render=0, swap=4
2026-07-14 19:19:31.746 DEBUG qt.scenegraph.time.renderloop: [window 0x7f030130be40][gui thread] polishAndSync: start, elapsed since last call: 8 ms
2026-07-14 19:19:31.749 DEBUG qt.scenegraph.time.renderloop: [window 0x7f030130be40][render thread 0x7f0301180040] syncAndRender: start, elapsed since last call: 8 ms
2026-07-14 19:19:31.749 DEBUG qt.scenegraph.time.renderer: time in renderer: total=0ms, preprocess=0, updates=0, rendering=0
2026-07-14 19:19:31.751 DEBUG qt.scenegraph.time.renderloop: [window 0x7f030130be40][gui thread] Frame prepared, polish=2 ms, lock=0 ms, blockedForSync=0 ms, animations=1 ms
2026-07-14 19:19:31.752 DEBUG qt.scenegraph.time.renderloop: [window 0x7f030130be40][gui thread] polishAndSync: start, elapsed since last call: 5 ms
2026-07-14 19:19:31.752 DEBUG qt.scenegraph.time.renderloop: [window 0x7f030130be40][render thread 0x7f0301180040] syncAndRender: frame rendered in 2ms, sync=0, render=0, swap=2
2026-07-14 19:19:31.754 DEBUG qt.scenegraph.time.renderloop: [window 0x7f030130be40][render thread 0x7f0301180040] syncAndRender: start, elapsed since last call: 5 ms
2026-07-14 19:19:31.754 DEBUG qt.scenegraph.time.renderer: time in renderer: total=0ms, preprocess=0, updates=0, rendering=0
2026-07-14 19:19:31.755 DEBUG qt.scenegraph.time.renderloop: [window 0x7f030130be40][gui thread] Frame prepared, polish=2 ms, lock=0 ms, blockedForSync=0 ms, animations=0 ms
2026-07-14 19:19:31.759 DEBUG qt.scenegraph.time.renderloop: [window 0x7f030130be40][gui thread] polishAndSync: start, elapsed since last call: 6 ms
2026-07-14 19:19:31.759 DEBUG qt.scenegraph.time.renderloop: [window 0x7f030130be40][render thread 0x7f0301180040] syncAndRender: frame rendered in 4ms, sync=0, render=0, swap=4
2026-07-14 19:19:31.761 DEBUG qt.scenegraph.time.renderloop: [window 0x7f030130be40][render thread 0x7f0301180040] syncAndRender: start, elapsed since last call: 6 ms
2026-07-14 19:19:31.761 DEBUG qt.scenegraph.time.renderer: time in renderer: total=0ms, preprocess=0, updates=0, rendering=0
2026-07-14 19:19:31.762 DEBUG qt.scenegraph.time.renderloop: [window 0x7f030130be40][gui thread] Frame prepared, polish=2 ms, lock=0 ms, blockedForSync=0 ms, animations=0 ms
2026-07-14 19:19:31.766 DEBUG qt.scenegraph.time.renderloop: [window 0x7f030130be40][gui thread] polishAndSync: start, elapsed since last call: 6 ms
2026-07-14 19:19:31.766 DEBUG qt.scenegraph.time.renderloop: [window 0x7f030130be40][render thread 0x7f0301180040] syncAndRender: frame rendered in 4ms, sync=0, render=0, swap=4
2026-07-14 19:19:31.766 DEBUG qt.scenegraph.time.renderloop: [window 0x7f030130be40][render thread 0x7f0301180040] syncAndRender: start, elapsed since last call: 5 ms
2026-07-14 19:19:31.767 DEBUG qt.scenegraph.time.renderer: time in renderer: total=0ms, preprocess=0, updates=0, rendering=0
2026-07-14 19:19:31.767 DEBUG qt.scenegraph.time.renderloop: [window 0x7f030130be40][gui thread] Frame prepared, polish=0 ms, lock=0 ms, blockedForSync=0 ms, animations=0 ms
2026-07-14 19:19:31.773 DEBUG qt.scenegraph.time.renderloop: [window 0x7f030130be40][gui thread] polishAndSync: start, elapsed since last call: 7 ms
2026-07-14 19:19:31.773 DEBUG qt.scenegraph.time.renderloop: [window 0x7f030130be40][render thread 0x7f0301180040] syncAndRender: frame rendered in 6ms, sync=0, render=0, swap=6
2026-07-14 19:19:31.774 DEBUG qt.scenegraph.time.renderloop: [window 0x7f030130be40][render thread 0x7f0301180040] syncAndRender: start, elapsed since last call: 7 ms
2026-07-14 19:19:31.774 DEBUG qt.scenegraph.time.renderer: time in renderer: total=0ms, preprocess=0, updates=0, rendering=0
2026-07-14 19:19:31.775 DEBUG qt.scenegraph.time.renderloop: [window 0x7f030130be40][gui thread] Frame prepared, polish=1 ms, lock=0 ms, blockedForSync=0 ms, animations=0 ms
2026-07-14 19:19:31.779 DEBUG qt.scenegraph.time.renderloop: [window 0x7f030130be40][gui thread] polishAndSync: start, elapsed since last call: 6 ms
2026-07-14 19:19:31.779 DEBUG qt.scenegraph.time.renderloop: [window 0x7f030130be40][render thread 0x7f0301180040] syncAndRender: frame rendered in 5ms, sync=0, render=0, swap=5
2026-07-14 19:19:31.780 DEBUG qt.scenegraph.time.renderloop: [window 0x7f030130be40][render thread 0x7f0301180040] syncAndRender: start, elapsed since last call: 6 ms
2026-07-14 19:19:31.781 DEBUG qt.scenegraph.time.renderer: time in renderer: total=0ms, preprocess=0, updates=0, rendering=0
2026-07-14 19:19:31.781 DEBUG qt.scenegraph.time.renderloop: [window 0x7f030130be40][gui thread] Frame prepared, polish=0 ms, lock=0 ms, blockedForSync=0 ms, animations=0 ms
2026-07-14 19:19:31.786 DEBUG qt.scenegraph.time.renderloop: [window 0x7f030130be40][gui thread] polishAndSync: start, elapsed since last call: 6 ms
2026-07-14 19:19:31.786 DEBUG qt.scenegraph.time.renderloop: [window 0x7f030130be40][render thread 0x7f0301180040] syncAndRender: frame rendered in 6ms, sync=0, render=0, swap=5
2026-07-14 19:19:31.787 DEBUG qt.scenegraph.time.renderloop: [window 0x7f030130be40][render thread 0x7f0301180040] syncAndRender: start, elapsed since last call: 7 ms
2026-07-14 19:19:31.788 DEBUG qt.scenegraph.time.renderer: time in renderer: total=0ms, preprocess=0, updates=0, rendering=0
2026-07-14 19:19:31.788 DEBUG qt.scenegraph.time.renderloop: [window 0x7f030130be40][gui thread] Frame prepared, polish=0 ms, lock=0 ms, blockedForSync=0 ms, animations=0 ms
2026-07-14 19:19:31.794 DEBUG qt.scenegraph.time.renderloop: [window 0x7f030130be40][render thread 0x7f0301180040] syncAndRender: frame rendered in 6ms, sync=0, render=0, swap=5
2026-07-14 19:19:31.794 DEBUG qt.scenegraph.time.renderloop: [window 0x7f030130be40][gui thread] polishAndSync: start, elapsed since last call: 7 ms
2026-07-14 19:19:31.795 DEBUG qt.scenegraph.time.renderloop: [window 0x7f030130be40][render thread 0x7f0301180040] syncAndRender: start, elapsed since last call: 7 ms
2026-07-14 19:19:31.795 DEBUG qt.scenegraph.time.renderer: time in renderer: total=0ms, preprocess=0, updates=0, rendering=0
2026-07-14 19:19:31.796 DEBUG qt.scenegraph.time.renderloop: [window 0x7f030130be40][gui thread] Frame prepared, polish=1 ms, lock=0 ms, blockedForSync=0 ms, animations=0 ms
2026-07-14 19:19:31.800 DEBUG qt.scenegraph.time.renderloop: [window 0x7f030130be40][gui thread] polishAndSync: start, elapsed since last call: 6 ms
2026-07-14 19:19:31.800 DEBUG qt.scenegraph.time.renderloop: [window 0x7f030130be40][render thread 0x7f0301180040] syncAndRender: frame rendered in 5ms, sync=0, render=0, swap=5
2026-07-14 19:19:31.801 DEBUG qt.scenegraph.time.renderloop: [window 0x7f030130be40][render thread 0x7f0301180040] syncAndRender: start, elapsed since last call: 6 ms
2026-07-14 19:19:31.802 DEBUG qt.scenegraph.time.renderloop: [window 0x7f030130be40][gui thread] Frame prepared, polish=1 ms, lock=0 ms, blockedForSync=0 ms, animations=0 ms
2026-07-14 19:19:31.802 DEBUG qt.scenegraph.time.renderer: time in renderer: total=0ms, preprocess=0, updates=0, rendering=0
2026-07-14 19:19:31.807 DEBUG qt.scenegraph.time.renderloop: [window 0x7f030130be40][gui thread] polishAndSync: start, elapsed since last call: 7 ms
2026-07-14 19:19:31.807 DEBUG qt.scenegraph.time.renderloop: [window 0x7f030130be40][render thread 0x7f0301180040] syncAndRender: frame rendered in 5ms, sync=0, render=0, swap=5
2026-07-14 19:19:31.808 DEBUG qt.scenegraph.time.renderloop: [window 0x7f030130be40][render thread 0x7f0301180040] syncAndRender: start, elapsed since last call: 6 ms
2026-07-14 19:19:31.809 DEBUG qt.scenegraph.time.renderer: time in renderer: total=0ms, preprocess=0, updates=0, rendering=0
2026-07-14 19:19:31.809 DEBUG qt.scenegraph.time.renderloop: [window 0x7f030130be40][gui thread] Frame prepared, polish=1 ms, lock=0 ms, blockedForSync=0 ms, animations=0 ms
2026-07-14 19:19:31.814 DEBUG qt.scenegraph.time.renderloop: [window 0x7f030130be40][gui thread] polishAndSync: start, elapsed since last call: 6 ms
2026-07-14 19:19:31.814 DEBUG qt.scenegraph.time.renderloop: [window 0x7f030130be40][render thread 0x7f0301180040] syncAndRender: frame rendered in 5ms, sync=0, render=0, swap=5
2026-07-14 19:19:31.815 DEBUG qt.scenegraph.time.renderloop: [window 0x7f030130be40][render thread 0x7f0301180040] syncAndRender: start, elapsed since last call: 6 ms
2026-07-14 19:19:31.815 DEBUG qt.scenegraph.time.renderer: time in renderer: total=0ms, preprocess=0, updates=0, rendering=0
2026-07-14 19:19:31.816 DEBUG qt.scenegraph.time.renderloop: [window 0x7f030130be40][gui thread] Frame prepared, polish=0 ms, lock=0 ms, blockedForSync=0 ms, animations=0 ms
2026-07-14 19:19:31.821 DEBUG qt.scenegraph.time.renderloop: [window 0x7f030130be40][gui thread] polishAndSync: start, elapsed since last call: 6 ms
2026-07-14 19:19:31.821 DEBUG qt.scenegraph.time.renderloop: [window 0x7f030130be40][render thread 0x7f0301180040] syncAndRender: frame rendered in 6ms, sync=0, render=0, swap=5
2026-07-14 19:19:31.822 DEBUG qt.scenegraph.time.renderloop: [window 0x7f030130be40][render thread 0x7f0301180040] syncAndRender: start, elapsed since last call: 6 ms
2026-07-14 19:19:31.822 DEBUG qt.scenegraph.time.renderer: time in renderer: total=0ms, preprocess=0, updates=0, rendering=0
2026-07-14 19:19:31.823 DEBUG qt.scenegraph.time.renderloop: [window 0x7f030130be40][gui thread] Frame prepared, polish=0 ms, lock=0 ms, blockedForSync=0 ms, animations=0 ms
2026-07-14 19:19:31.828 DEBUG qt.scenegraph.time.renderloop: [window 0x7f030130be40][gui thread] polishAndSync: start, elapsed since last call: 7 ms
2026-07-14 19:19:31.828 DEBUG qt.scenegraph.time.renderloop: [window 0x7f030130be40][render thread 0x7f0301180040] syncAndRender: frame rendered in 6ms, sync=0, render=0, swap=5
2026-07-14 19:19:31.829 DEBUG qt.scenegraph.time.renderloop: [window 0x7f030130be40][render thread 0x7f0301180040] syncAndRender: start, elapsed since last call: 7 ms
2026-07-14 19:19:31.830 DEBUG qt.scenegraph.time.renderer: time in renderer: total=0ms, preprocess=0, updates=0, rendering=0
2026-07-14 19:19:31.831 DEBUG qt.scenegraph.time.renderloop: [window 0x7f030130be40][gui thread] Frame prepared, polish=1 ms, lock=0 ms, blockedForSync=0 ms, animations=0 ms
2026-07-14 19:19:31.835 DEBUG qt.scenegraph.time.renderloop: [window 0x7f030130be40][gui thread] polishAndSync: start, elapsed since last call: 6 ms
2026-07-14 19:19:31.835 DEBUG qt.scenegraph.time.renderloop: [window 0x7f030130be40][render thread 0x7f0301180040] syncAndRender: frame rendered in 5ms, sync=0, render=0, swap=5
2026-07-14 19:19:31.836 DEBUG qt.scenegraph.time.renderloop: [window 0x7f030130be40][render thread 0x7f0301180040] syncAndRender: start, elapsed since last call: 6 ms
2026-07-14 19:19:31.836 DEBUG qt.scenegraph.time.renderer: time in renderer: total=0ms, preprocess=0, updates=0, rendering=0
2026-07-14 19:19:31.837 DEBUG qt.scenegraph.time.renderloop: [window 0x7f030130be40][gui thread] Frame prepared, polish=0 ms, lock=0 ms, blockedForSync=0 ms, animations=0 ms
2026-07-14 19:19:31.842 DEBUG qt.scenegraph.time.renderloop: [window 0x7f030130be40][gui thread] polishAndSync: start, elapsed since last call: 6 ms
2026-07-14 19:19:31.842 DEBUG qt.scenegraph.time.renderloop: [window 0x7f030130be40][render thread 0x7f0301180040] syncAndRender: frame rendered in 6ms, sync=0, render=0, swap=5
2026-07-14 19:19:31.843 DEBUG qt.scenegraph.time.renderloop: [window 0x7f030130be40][render thread 0x7f0301180040] syncAndRender: start, elapsed since last call: 6 ms
2026-07-14 19:19:31.843 DEBUG qt.scenegraph.time.renderer: time in renderer: total=0ms, preprocess=0, updates=0, rendering=0
2026-07-14 19:19:31.844 DEBUG qt.scenegraph.time.renderloop: [window 0x7f030130be40][gui thread] Frame prepared, polish=0 ms, lock=0 ms, blockedForSync=0 ms, animations=0 ms
2026-07-14 19:19:31.849 DEBUG qt.scenegraph.time.renderloop: [window 0x7f030130be40][gui thread] polishAndSync: start, elapsed since last call: 6 ms
2026-07-14 19:19:31.849 DEBUG qt.scenegraph.time.renderloop: [window 0x7f030130be40][render thread 0x7f0301180040] syncAndRender: frame rendered in 5ms, sync=0, render=0, swap=5
2026-07-14 19:19:31.850 DEBUG qt.scenegraph.time.renderloop: [window 0x7f030130be40][render thread 0x7f0301180040] syncAndRender: start, elapsed since last call: 6 ms
2026-07-14 19:19:31.850 DEBUG qt.scenegraph.time.renderer: time in renderer: total=0ms, preprocess=0, updates=0, rendering=0
2026-07-14 19:19:31.851 DEBUG qt.scenegraph.time.renderloop: [window 0x7f030130be40][gui thread] Frame prepared, polish=0 ms, lock=0 ms, blockedForSync=0 ms, animations=1 ms
2026-07-14 19:19:31.856 DEBUG qt.scenegraph.time.renderloop: [window 0x7f030130be40][gui thread] polishAndSync: start, elapsed since last call: 6 ms
2026-07-14 19:19:31.856 DEBUG qt.scenegraph.time.renderloop: [window 0x7f030130be40][render thread 0x7f0301180040] syncAndRender: frame rendered in 6ms, sync=0, render=0, swap=5
2026-07-14 19:19:31.857 DEBUG qt.scenegraph.time.renderloop: [window 0x7f030130be40][render thread 0x7f0301180040] syncAndRender: start, elapsed since last call: 7 ms
2026-07-14 19:19:31.857 DEBUG qt.scenegraph.time.renderer: time in renderer: total=0ms, preprocess=0, updates=0, rendering=0
2026-07-14 19:19:31.858 DEBUG qt.scenegraph.time.renderloop: [window 0x7f030130be40][gui thread] Frame prepared, polish=1 ms, lock=0 ms, blockedForSync=0 ms, animations=1 ms
2026-07-14 19:19:31.863 DEBUG qt.scenegraph.time.renderloop: [window 0x7f030130be40][gui thread] polishAndSync: start, elapsed since last call: 7 ms
2026-07-14 19:19:31.863 DEBUG qt.scenegraph.time.renderloop: [window 0x7f030130be40][render thread 0x7f0301180040] syncAndRender: frame rendered in 5ms, sync=0, render=0, swap=5
2026-07-14 19:19:31.864 DEBUG qt.scenegraph.time.renderloop: [window 0x7f030130be40][render thread 0x7f0301180040] syncAndRender: start, elapsed since last call: 7 ms
2026-07-14 19:19:31.864 DEBUG qt.scenegraph.time.renderer: time in renderer: total=0ms, preprocess=0, updates=0, rendering=0
2026-07-14 19:19:31.866 DEBUG qt.scenegraph.time.renderloop: [window 0x7f030130be40][gui thread] Frame prepared, polish=1 ms, lock=0 ms, blockedForSync=0 ms, animations=1 ms
2026-07-14 19:19:31.870 DEBUG qt.scenegraph.time.renderloop: [window 0x7f030130be40][gui thread] polishAndSync: start, elapsed since last call: 7 ms
2026-07-14 19:19:31.870 DEBUG qt.scenegraph.time.renderloop: [window 0x7f030130be40][render thread 0x7f0301180040] syncAndRender: frame rendered in 5ms, sync=0, render=0, swap=5
2026-07-14 19:19:31.871 DEBUG qt.scenegraph.time.renderloop: [window 0x7f030130be40][render thread 0x7f0301180040] syncAndRender: start, elapsed since last call: 6 ms
2026-07-14 19:19:31.871 DEBUG qt.scenegraph.time.renderer: time in renderer: total=0ms, preprocess=0, updates=0, rendering=0
2026-07-14 19:19:31.872 DEBUG qt.scenegraph.time.renderloop: [window 0x7f030130be40][gui thread] Frame prepared, polish=1 ms, lock=0 ms, blockedForSync=0 ms, animations=0 ms
2026-07-14 19:19:31.877 DEBUG qt.scenegraph.time.renderloop: [window 0x7f030130be40][gui thread] polishAndSync: start, elapsed since last call: 6 ms
2026-07-14 19:19:31.877 DEBUG qt.scenegraph.time.renderloop: [window 0x7f030130be40][render thread 0x7f0301180040] syncAndRender: frame rendered in 5ms, sync=0, render=0, swap=5
2026-07-14 19:19:31.878 DEBUG qt.scenegraph.time.renderloop: [window 0x7f030130be40][render thread 0x7f0301180040] syncAndRender: start, elapsed since last call: 6 ms
2026-07-14 19:19:31.878 DEBUG qt.scenegraph.time.renderer: time in renderer: total=0ms, preprocess=0, updates=0, rendering=0
2026-07-14 19:19:31.879 DEBUG qt.scenegraph.time.renderloop: [window 0x7f030130be40][gui thread] Frame prepared, polish=0 ms, lock=0 ms, blockedForSync=0 ms, animations=0 ms
2026-07-14 19:19:31.884 DEBUG qt.scenegraph.time.renderloop: [window 0x7f030130be40][gui thread] polishAndSync: start, elapsed since last call: 6 ms
2026-07-14 19:19:31.884 DEBUG qt.scenegraph.time.renderloop: [window 0x7f030130be40][render thread 0x7f0301180040] syncAndRender: frame rendered in 6ms, sync=0, render=0, swap=5
2026-07-14 19:19:31.885 DEBUG qt.scenegraph.time.renderloop: [window 0x7f030130be40][render thread 0x7f0301180040] syncAndRender: start, elapsed since last call: 6 ms
2026-07-14 19:19:31.885 DEBUG qt.scenegraph.time.renderer: time in renderer: total=0ms, preprocess=0, updates=0, rendering=0
2026-07-14 19:19:31.886 DEBUG qt.scenegraph.time.renderloop: [window 0x7f030130be40][gui thread] Frame prepared, polish=0 ms, lock=0 ms, blockedForSync=0 ms, animations=0 ms
2026-07-14 19:19:31.891 DEBUG qt.scenegraph.time.renderloop: [window 0x7f030130be40][gui thread] polishAndSync: start, elapsed since last call: 7 ms
2026-07-14 19:19:31.891 DEBUG qt.scenegraph.time.renderloop: [window 0x7f030130be40][render thread 0x7f0301180040] syncAndRender: frame rendered in 6ms, sync=0, render=0, swap=5
2026-07-14 19:19:31.892 DEBUG qt.scenegraph.time.renderloop: [window 0x7f030130be40][render thread 0x7f0301180040] syncAndRender: start, elapsed since last call: 7 ms
2026-07-14 19:19:31.892 DEBUG qt.scenegraph.time.renderer: time in renderer: total=0ms, preprocess=0, updates=0, rendering=0
2026-07-14 19:19:31.893 DEBUG qt.scenegraph.time.renderloop: [window 0x7f030130be40][gui thread] Frame prepared, polish=1 ms, lock=0 ms, blockedForSync=0 ms, animations=0 ms
2026-07-14 19:19:31.898 DEBUG qt.scenegraph.time.renderloop: [window 0x7f030130be40][gui thread] polishAndSync: start, elapsed since last call: 6 ms
2026-07-14 19:19:31.898 DEBUG qt.scenegraph.time.renderloop: [window 0x7f030130be40][render thread 0x7f0301180040] syncAndRender: frame rendered in 5ms, sync=0, render=0, swap=5
2026-07-14 19:19:31.899 DEBUG qt.scenegraph.time.renderloop: [window 0x7f030130be40][render thread 0x7f0301180040] syncAndRender: start, elapsed since last call: 6 ms
2026-07-14 19:19:31.899 DEBUG qt.scenegraph.time.renderer: time in renderer: total=0ms, preprocess=0, updates=0, rendering=0
2026-07-14 19:19:31.900 DEBUG qt.scenegraph.time.renderloop: [window 0x7f030130be40][gui thread] Frame prepared, polish=1 ms, lock=0 ms, blockedForSync=0 ms, animations=1 ms
2026-07-14 19:19:31.905 DEBUG qt.scenegraph.time.renderloop: [window 0x7f030130be40][gui thread] polishAndSync: start, elapsed since last call: 6 ms
2026-07-14 19:19:31.905 DEBUG qt.scenegraph.time.renderloop: [window 0x7f030130be40][render thread 0x7f0301180040] syncAndRender: frame rendered in 5ms, sync=0, render=0, swap=5
2026-07-14 19:19:31.905 DEBUG qt.scenegraph.time.renderloop: [window 0x7f030130be40][render thread 0x7f0301180040] syncAndRender: start, elapsed since last call: 6 ms
2026-07-14 19:19:31.906 DEBUG qt.scenegraph.time.renderer: time in renderer: total=0ms, preprocess=0, updates=0, rendering=0
2026-07-14 19:19:31.907 DEBUG qt.scenegraph.time.renderloop: [window 0x7f030130be40][gui thread] Frame prepared, polish=0 ms, lock=0 ms, blockedForSync=0 ms, animations=0 ms
2026-07-14 19:19:31.912 DEBUG qt.scenegraph.time.renderloop: [window 0x7f030130be40][gui thread] polishAndSync: start, elapsed since last call: 7 ms
2026-07-14 19:19:31.912 DEBUG qt.scenegraph.time.renderloop: [window 0x7f030130be40][render thread 0x7f0301180040] syncAndRender: frame rendered in 6ms, sync=0, render=0, swap=5
2026-07-14 19:19:31.912 DEBUG qt.scenegraph.time.renderloop: [window 0x7f030130be40][render thread 0x7f0301180040] syncAndRender: start, elapsed since last call: 7 ms
2026-07-14 19:19:31.913 DEBUG qt.scenegraph.time.renderer: time in renderer: total=0ms, preprocess=0, updates=0, rendering=0
2026-07-14 19:19:31.913 DEBUG qt.scenegraph.time.renderloop: [window 0x7f030130be40][gui thread] Frame prepared, polish=0 ms, lock=0 ms, blockedForSync=0 ms, animations=0 ms
2026-07-14 19:19:31.918 DEBUG qt.scenegraph.time.renderloop: [window 0x7f030130be40][gui thread] polishAndSync: start, elapsed since last call: 6 ms
2026-07-14 19:19:31.918 DEBUG qt.scenegraph.time.renderloop: [window 0x7f030130be40][render thread 0x7f0301180040] syncAndRender: frame rendered in 5ms, sync=0, render=0, swap=5
2026-07-14 19:19:31.918 DEBUG qt.scenegraph.time.renderloop: [window 0x7f030130be40][render thread 0x7f0301180040] syncAndRender: start, elapsed since last call: 5 ms
2026-07-14 19:19:31.919 DEBUG qt.scenegraph.time.renderer: time in renderer: total=0ms, preprocess=0, updates=0, rendering=0
2026-07-14 19:19:31.919 DEBUG qt.scenegraph.time.renderloop: [window 0x7f030130be40][gui thread] Frame prepared, polish=0 ms, lock=0 ms, blockedForSync=0 ms, animations=0 ms
2026-07-14 19:19:31.925 DEBUG qt.scenegraph.time.renderloop: [window 0x7f030130be40][gui thread] polishAndSync: start, elapsed since last call: 7 ms
2026-07-14 19:19:31.926 DEBUG qt.scenegraph.time.renderloop: [window 0x7f030130be40][render thread 0x7f0301180040] syncAndRender: frame rendered in 7ms, sync=0, render=0, swap=6
2026-07-14 19:19:31.926 DEBUG qt.scenegraph.time.renderloop: [window 0x7f030130be40][render thread 0x7f0301180040] syncAndRender: start, elapsed since last call: 7 ms
2026-07-14 19:19:31.926 DEBUG qt.scenegraph.time.renderer: time in renderer: total=0ms, preprocess=0, updates=0, rendering=0
2026-07-14 19:19:31.927 DEBUG qt.scenegraph.time.renderloop: [window 0x7f030130be40][gui thread] Frame prepared, polish=0 ms, lock=0 ms, blockedForSync=0 ms, animations=0 ms
2026-07-14 19:19:31.933 DEBUG qt.scenegraph.time.renderloop: [window 0x7f030130be40][render thread 0x7f0301180040] syncAndRender: frame rendered in 6ms, sync=0, render=0, swap=6
2026-07-14 19:19:31.933 DEBUG qt.scenegraph.time.renderloop: [window 0x7f030130be40][gui thread] polishAndSync: start, elapsed since last call: 7 ms
2026-07-14 19:19:31.933 DEBUG qt.scenegraph.time.renderloop: [window 0x7f030130be40][render thread 0x7f0301180040] syncAndRender: start, elapsed since last call: 6 ms
2026-07-14 19:19:31.933 DEBUG qt.scenegraph.time.renderloop: [window 0x7f030130be40][gui thread] Frame prepared, polish=0 ms, lock=0 ms, blockedForSync=0 ms, animations=0 ms
2026-07-14 19:19:31.933 DEBUG qt.scenegraph.time.renderer: time in renderer: total=0ms, preprocess=0, updates=0, rendering=0
2026-07-14 19:19:31.939 DEBUG qt.scenegraph.time.renderloop: [window 0x7f030130be40][render thread 0x7f0301180040] syncAndRender: frame rendered in 6ms, sync=0, render=0, swap=6
2026-07-14 19:19:31.950 DEBUG qt.scenegraph.time.renderloop: [window 0x7f030130be40][gui thread] polishAndSync: start, elapsed since last call: 17 ms
2026-07-14 19:19:31.953 DEBUG qt.scenegraph.time.renderloop: [window 0x7f030130be40][render thread 0x7f0301180040] syncAndRender: start, elapsed since last call: 20 ms
2026-07-14 19:19:31.953 DEBUG qt.scenegraph.time.renderloop: [window 0x7f030130be40][gui thread] Frame prepared, polish=2 ms, lock=0 ms, blockedForSync=0 ms, animations=0 ms
2026-07-14 19:19:31.953 DEBUG qt.scenegraph.time.renderer: time in renderer: total=0ms, preprocess=0, updates=0, rendering=0
2026-07-14 19:19:31.953 DEBUG qt.scenegraph.time.renderloop: [window 0x7f030130be40][render thread 0x7f0301180040] syncAndRender: frame rendered in 0ms, sync=0, render=0, swap=0
2026-07-14 19:19:31.960 DEBUG qt.scenegraph.time.renderloop: [window 0x7f030130be40][gui thread] polishAndSync: start, elapsed since last call: 9 ms
2026-07-14 19:19:31.960 DEBUG qt.scenegraph.time.renderloop: [window 0x7f030130be40][render thread 0x7f0301180040] syncAndRender: start, elapsed since last call: 7 ms
2026-07-14 19:19:31.960 DEBUG qt.scenegraph.time.renderloop: [window 0x7f030130be40][gui thread] Frame prepared, polish=0 ms, lock=0 ms, blockedForSync=0 ms, animations=0 ms
2026-07-14 19:19:31.961 DEBUG qt.scenegraph.time.renderer: time in renderer: total=1ms, preprocess=0, updates=0, rendering=1
2026-07-14 19:19:31.962 DEBUG qt.scenegraph.time.renderloop: [window 0x7f030130be40][render thread 0x7f0301180040] syncAndRender: frame rendered in 1ms, sync=0, render=1, swap=0
2026-07-14 19:19:31.970 DEBUG qt.scenegraph.time.renderloop: [window 0x7f030130be40][gui thread] polishAndSync: start, elapsed since last call: 10 ms
2026-07-14 19:19:31.971 DEBUG qt.scenegraph.time.renderloop: [window 0x7f030130be40][render thread 0x7f0301180040] syncAndRender: start, elapsed since last call: 10 ms
2026-07-14 19:19:31.971 DEBUG qt.scenegraph.time.renderloop: [window 0x7f030130be40][gui thread] Frame prepared, polish=0 ms, lock=0 ms, blockedForSync=0 ms, animations=0 ms
2026-07-14 19:19:31.971 DEBUG qt.scenegraph.time.renderer: time in renderer: total=0ms, preprocess=0, updates=0, rendering=0
2026-07-14 19:19:31.971 DEBUG qt.scenegraph.time.renderloop: [window 0x7f030130be40][render thread 0x7f0301180040] syncAndRender: frame rendered in 0ms, sync=0, render=0, swap=0
2026-07-14 19:19:31.974 DEBUG qt.scenegraph.time.renderloop: [window 0x7f030130be40][gui thread] polishAndSync: start, elapsed since last call: 3 ms
2026-07-14 19:19:31.974 DEBUG qt.scenegraph.time.renderloop: [window 0x7f030130be40][render thread 0x7f0301180040] syncAndRender: start, elapsed since last call: 3 ms
2026-07-14 19:19:31.974 DEBUG qt.scenegraph.time.renderloop: [window 0x7f030130be40][gui thread] Frame prepared, polish=0 ms, lock=0 ms, blockedForSync=0 ms, animations=0 ms
2026-07-14 19:19:31.974 DEBUG qt.scenegraph.time.renderer: time in renderer: total=0ms, preprocess=0, updates=0, rendering=0
2026-07-14 19:19:31.974 DEBUG qt.scenegraph.time.renderloop: [window 0x7f030130be40][render thread 0x7f0301180040] syncAndRender: frame rendered in 0ms, sync=0, render=0, swap=0
2026-07-14 19:19:32.003 DEBUG qt.scenegraph.time.renderloop: [window 0x7f030130be40][gui thread] polishAndSync: start, elapsed since last call: 29 ms
2026-07-14 19:19:32.004 DEBUG qt.scenegraph.time.renderloop: [window 0x7f030130be40][render thread 0x7f0301180040] syncAndRender: start, elapsed since last call: 29 ms
2026-07-14 19:19:32.004 DEBUG qt.scenegraph.time.renderloop: [window 0x7f030130be40][gui thread] Frame prepared, polish=0 ms, lock=0 ms, blockedForSync=0 ms, animations=0 ms
2026-07-14 19:19:32.004 DEBUG qt.scenegraph.time.renderer: time in renderer: total=0ms, preprocess=0, updates=0, rendering=0
2026-07-14 19:19:32.004 DEBUG qt.scenegraph.time.renderloop: [window 0x7f030130be40][render thread 0x7f0301180040] syncAndRender: frame rendered in 0ms, sync=0, render=0, swap=0
2026-07-14 19:19:32.009 DEBUG qt.scenegraph.time.renderloop: [window 0x7f030130be40][gui thread] polishAndSync: start, elapsed since last call: 5 ms
2026-07-14 19:19:32.009 DEBUG qt.scenegraph.time.renderloop: [window 0x7f030130be40][render thread 0x7f0301180040] syncAndRender: start, elapsed since last call: 5 ms
2026-07-14 19:19:32.009 DEBUG qt.scenegraph.time.renderloop: [window 0x7f030130be40][gui thread] Frame prepared, polish=0 ms, lock=0 ms, blockedForSync=0 ms, animations=0 ms
2026-07-14 19:19:32.009 DEBUG qt.scenegraph.time.renderer: time in renderer: total=0ms, preprocess=0, updates=0, rendering=0
2026-07-14 19:19:32.009 DEBUG qt.scenegraph.time.renderloop: [window 0x7f030130be40][render thread 0x7f0301180040] syncAndRender: frame rendered in 0ms, sync=0, render=0, swap=0
2026-07-14 19:19:32.036 DEBUG qt.scenegraph.time.renderloop: [window 0x7f030130be40][gui thread] polishAndSync: start, elapsed since last call: 27 ms
2026-07-14 19:19:32.036 DEBUG qt.scenegraph.time.renderloop: [window 0x7f030130be40][render thread 0x7f0301180040] syncAndRender: start, elapsed since last call: 27 ms
2026-07-14 19:19:32.036 DEBUG qt.scenegraph.time.renderloop: [window 0x7f030130be40][gui thread] Frame prepared, polish=0 ms, lock=0 ms, blockedForSync=0 ms, animations=0 ms
2026-07-14 19:19:32.037 DEBUG qt.scenegraph.time.renderer: time in renderer: total=0ms, preprocess=0, updates=0, rendering=0
2026-07-14 19:19:32.037 DEBUG qt.scenegraph.time.renderloop: [window 0x7f030130be40][render thread 0x7f0301180040] syncAndRender: frame rendered in 0ms, sync=0, render=0, swap=0
2026-07-14 19:19:32.044 DEBUG qt.scenegraph.time.renderloop: [window 0x7f030130be40][gui thread] polishAndSync: start, elapsed since last call: 7 ms
2026-07-14 19:19:32.044 DEBUG qt.scenegraph.time.renderloop: [window 0x7f030130be40][render thread 0x7f0301180040] syncAndRender: start, elapsed since last call: 7 ms
2026-07-14 19:19:32.044 DEBUG qt.scenegraph.time.renderloop: [window 0x7f030130be40][gui thread] Frame prepared, polish=0 ms, lock=0 ms, blockedForSync=0 ms, animations=0 ms
2026-07-14 19:19:32.044 DEBUG qt.scenegraph.time.renderer: time in renderer: total=0ms, preprocess=0, updates=0, rendering=0
2026-07-14 19:19:32.044 DEBUG qt.scenegraph.time.renderloop: [window 0x7f030130be40][render thread 0x7f0301180040] syncAndRender: frame rendered in 0ms, sync=0, render=0, swap=0
2026-07-14 19:19:32.070 DEBUG qt.scenegraph.time.renderloop: [window 0x7f030130be40][gui thread] polishAndSync: start, elapsed since last call: 26 ms
2026-07-14 19:19:32.070 DEBUG qt.scenegraph.time.renderloop: [window 0x7f030130be40][render thread 0x7f0301180040] syncAndRender: start, elapsed since last call: 26 ms
2026-07-14 19:19:32.070 DEBUG qt.scenegraph.time.renderloop: [window 0x7f030130be40][gui thread] Frame prepared, polish=0 ms, lock=0 ms, blockedForSync=0 ms, animations=0 ms
2026-07-14 19:19:32.070 DEBUG qt.scenegraph.time.renderer: time in renderer: total=0ms, preprocess=0, updates=0, rendering=0
2026-07-14 19:19:32.071 DEBUG qt.scenegraph.time.renderloop: [window 0x7f030130be40][render thread 0x7f0301180040] syncAndRender: frame rendered in 0ms, sync=0, render=0, swap=0
2026-07-14 19:19:32.071 DEBUG qt.scenegraph.time.renderloop: [window 0x7f030130be40][gui thread] polishAndSync: start, elapsed since last call: 1 ms
2026-07-14 19:19:32.071 DEBUG qt.scenegraph.time.renderloop: [window 0x7f030130be40][render thread 0x7f0301180040] syncAndRender: start, elapsed since last call: 1 ms
2026-07-14 19:19:32.071 DEBUG qt.scenegraph.time.renderloop: [window 0x7f030130be40][gui thread] Frame prepared, polish=0 ms, lock=0 ms, blockedForSync=0 ms, animations=0 ms
2026-07-14 19:19:32.072 DEBUG qt.scenegraph.time.renderer: time in renderer: total=0ms, preprocess=0, updates=0, rendering=0
2026-07-14 19:19:32.072 DEBUG qt.scenegraph.time.renderloop: [window 0x7f030130be40][render thread 0x7f0301180040] syncAndRender: frame rendered in 0ms, sync=0, render=0, swap=0
2026-07-14 19:19:32.102 DEBUG qt.scenegraph.time.renderloop: [window 0x7f030130be40][gui thread] polishAndSync: start, elapsed since last call: 31 ms
2026-07-14 19:19:32.103 DEBUG qt.scenegraph.time.renderloop: [window 0x7f030130be40][render thread 0x7f0301180040] syncAndRender: start, elapsed since last call: 31 ms
2026-07-14 19:19:32.103 DEBUG qt.scenegraph.time.renderloop: [window 0x7f030130be40][gui thread] Frame prepared, polish=0 ms, lock=0 ms, blockedForSync=0 ms, animations=0 ms
2026-07-14 19:19:32.103 DEBUG qt.scenegraph.time.renderer: time in renderer: total=0ms, preprocess=0, updates=0, rendering=0
2026-07-14 19:19:32.103 DEBUG qt.scenegraph.time.renderloop: [window 0x7f030130be40][render thread 0x7f0301180040] syncAndRender: frame rendered in 0ms, sync=0, render=0, swap=0
2026-07-14 19:19:32.106 DEBUG qt.scenegraph.time.renderloop: [window 0x7f030130be40][gui thread] polishAndSync: start, elapsed since last call: 3 ms
2026-07-14 19:19:32.106 DEBUG qt.scenegraph.time.renderloop: [window 0x7f030130be40][render thread 0x7f0301180040] syncAndRender: start, elapsed since last call: 3 ms
2026-07-14 19:19:32.106 DEBUG qt.scenegraph.time.renderloop: [window 0x7f030130be40][gui thread] Frame prepared, polish=0 ms, lock=0 ms, blockedForSync=0 ms, animations=0 ms
2026-07-14 19:19:32.106 DEBUG qt.scenegraph.time.renderer: time in renderer: total=0ms, preprocess=0, updates=0, rendering=0
2026-07-14 19:19:32.107 DEBUG qt.scenegraph.time.renderloop: [window 0x7f030130be40][render thread 0x7f0301180040] syncAndRender: frame rendered in 0ms, sync=0, render=0, swap=0
2026-07-14 19:19:32.135 DEBUG qt.scenegraph.time.renderloop: [window 0x7f030130be40][gui thread] polishAndSync: start, elapsed since last call: 29 ms
2026-07-14 19:19:32.136 DEBUG qt.scenegraph.time.renderloop: [window 0x7f030130be40][render thread 0x7f0301180040] syncAndRender: start, elapsed since last call: 29 ms
2026-07-14 19:19:32.136 DEBUG qt.scenegraph.time.renderloop: [window 0x7f030130be40][gui thread] Frame prepared, polish=0 ms, lock=0 ms, blockedForSync=0 ms, animations=0 ms
2026-07-14 19:19:32.136 DEBUG qt.scenegraph.time.renderer: time in renderer: total=0ms, preprocess=0, updates=0, rendering=0
2026-07-14 19:19:32.136 DEBUG qt.scenegraph.time.renderloop: [window 0x7f030130be40][render thread 0x7f0301180040] syncAndRender: frame rendered in 0ms, sync=0, render=0, swap=0
2026-07-14 19:19:32.141 DEBUG qt.scenegraph.time.renderloop: [window 0x7f030130be40][gui thread] polishAndSync: start, elapsed since last call: 5 ms
2026-07-14 19:19:32.141 DEBUG qt.scenegraph.time.renderloop: [window 0x7f030130be40][render thread 0x7f0301180040] syncAndRender: start, elapsed since last call: 5 ms
2026-07-14 19:19:32.141 DEBUG qt.scenegraph.time.renderloop: [window 0x7f030130be40][gui thread] Frame prepared, polish=0 ms, lock=0 ms, blockedForSync=0 ms, animations=0 ms
2026-07-14 19:19:32.141 DEBUG qt.scenegraph.time.renderer: time in renderer: total=0ms, preprocess=0, updates=0, rendering=0
2026-07-14 19:19:32.142 DEBUG qt.scenegraph.time.renderloop: [window 0x7f030130be40][render thread 0x7f0301180040] syncAndRender: frame rendered in 0ms, sync=0, render=0, swap=0
2026-07-14 19:19:32.168 DEBUG qt.scenegraph.time.renderloop: [window 0x7f030130be40][gui thread] polishAndSync: start, elapsed since last call: 27 ms
2026-07-14 19:19:32.168 DEBUG qt.scenegraph.time.renderloop: [window 0x7f030130be40][render thread 0x7f0301180040] syncAndRender: start, elapsed since last call: 27 ms
2026-07-14 19:19:32.168 DEBUG qt.scenegraph.time.renderloop: [window 0x7f030130be40][gui thread] Frame prepared, polish=0 ms, lock=0 ms, blockedForSync=0 ms, animations=0 ms
2026-07-14 19:19:32.168 DEBUG qt.scenegraph.time.renderer: time in renderer: total=0ms, preprocess=0, updates=0, rendering=0
2026-07-14 19:19:32.169 DEBUG qt.scenegraph.time.renderloop: [window 0x7f030130be40][render thread 0x7f0301180040] syncAndRender: frame rendered in 0ms, sync=0, render=0, swap=0
2026-07-14 19:19:32.176 DEBUG qt.scenegraph.time.renderloop: [window 0x7f030130be40][gui thread] polishAndSync: start, elapsed since last call: 7 ms
2026-07-14 19:19:32.176 DEBUG qt.scenegraph.time.renderloop: [window 0x7f030130be40][render thread 0x7f0301180040] syncAndRender: start, elapsed since last call: 7 ms
2026-07-14 19:19:32.176 DEBUG qt.scenegraph.time.renderloop: [window 0x7f030130be40][gui thread] Frame prepared, polish=0 ms, lock=0 ms, blockedForSync=0 ms, animations=0 ms
2026-07-14 19:19:32.176 DEBUG qt.scenegraph.time.renderer: time in renderer: total=0ms, preprocess=0, updates=0, rendering=0
2026-07-14 19:19:32.176 DEBUG qt.scenegraph.time.renderloop: [window 0x7f030130be40][render thread 0x7f0301180040] syncAndRender: frame rendered in 0ms, sync=0, render=0, swap=0
2026-07-14 19:19:32.202 DEBUG qt.scenegraph.time.renderloop: [window 0x7f030130be40][gui thread] polishAndSync: start, elapsed since last call: 26 ms
2026-07-14 19:19:32.202 DEBUG qt.scenegraph.time.renderloop: [window 0x7f030130be40][render thread 0x7f0301180040] syncAndRender: start, elapsed since last call: 26 ms
2026-07-14 19:19:32.202 DEBUG qt.scenegraph.time.renderloop: [window 0x7f030130be40][gui thread] Frame prepared, polish=0 ms, lock=0 ms, blockedForSync=0 ms, animations=0 ms
2026-07-14 19:19:32.202 DEBUG qt.scenegraph.time.renderer: time in renderer: total=0ms, preprocess=0, updates=0, rendering=0
2026-07-14 19:19:32.202 DEBUG qt.scenegraph.time.renderloop: [window 0x7f030130be40][render thread 0x7f0301180040] syncAndRender: frame rendered in 0ms, sync=0, render=0, swap=0
2026-07-14 19:19:32.203 DEBUG qt.scenegraph.time.renderloop: [window 0x7f030130be40][gui thread] polishAndSync: start, elapsed since last call: 1 ms
2026-07-14 19:19:32.203 DEBUG qt.scenegraph.time.renderloop: [window 0x7f030130be40][render thread 0x7f0301180040] syncAndRender: start, elapsed since last call: 1 ms
2026-07-14 19:19:32.203 DEBUG qt.scenegraph.time.renderloop: [window 0x7f030130be40][gui thread] Frame prepared, polish=0 ms, lock=0 ms, blockedForSync=0 ms, animations=0 ms
2026-07-14 19:19:32.203 DEBUG qt.scenegraph.time.renderer: time in renderer: total=0ms, preprocess=0, updates=0, rendering=0
2026-07-14 19:19:32.204 DEBUG qt.scenegraph.time.renderloop: [window 0x7f030130be40][render thread 0x7f0301180040] syncAndRender: frame rendered in 0ms, sync=0, render=0, swap=0
2026-07-14 19:19:32.235 DEBUG qt.scenegraph.time.renderloop: [window 0x7f030130be40][gui thread] polishAndSync: start, elapsed since last call: 31 ms
2026-07-14 19:19:32.235 DEBUG qt.scenegraph.time.renderloop: [window 0x7f030130be40][render thread 0x7f0301180040] syncAndRender: start, elapsed since last call: 31 ms
2026-07-14 19:19:32.235 DEBUG qt.scenegraph.time.renderloop: [window 0x7f030130be40][gui thread] Frame prepared, polish=0 ms, lock=0 ms, blockedForSync=0 ms, animations=0 ms
2026-07-14 19:19:32.235 DEBUG qt.scenegraph.time.renderer: time in renderer: total=0ms, preprocess=0, updates=0, rendering=0
2026-07-14 19:19:32.235 DEBUG qt.scenegraph.time.renderloop: [window 0x7f030130be40][render thread 0x7f0301180040] syncAndRender: frame rendered in 0ms, sync=0, render=0, swap=0
2026-07-14 19:19:32.238 DEBUG qt.scenegraph.time.renderloop: [window 0x7f030130be40][gui thread] polishAndSync: start, elapsed since last call: 3 ms
2026-07-14 19:19:32.238 DEBUG qt.scenegraph.time.renderloop: [window 0x7f030130be40][render thread 0x7f0301180040] syncAndRender: start, elapsed since last call: 3 ms
2026-07-14 19:19:32.238 DEBUG qt.scenegraph.time.renderloop: [window 0x7f030130be40][gui thread] Frame prepared, polish=0 ms, lock=0 ms, blockedForSync=0 ms, animations=0 ms
2026-07-14 19:19:32.238 DEBUG qt.scenegraph.time.renderer: time in renderer: total=0ms, preprocess=0, updates=0, rendering=0
2026-07-14 19:19:32.239 DEBUG qt.scenegraph.time.renderloop: [window 0x7f030130be40][render thread 0x7f0301180040] syncAndRender: frame rendered in 0ms, sync=0, render=0, swap=0
2026-07-14 19:19:32.267 DEBUG qt.scenegraph.time.renderloop: [window 0x7f030130be40][gui thread] polishAndSync: start, elapsed since last call: 29 ms
2026-07-14 19:19:32.268 DEBUG qt.scenegraph.time.renderloop: [window 0x7f030130be40][render thread 0x7f0301180040] syncAndRender: start, elapsed since last call: 29 ms
2026-07-14 19:19:32.268 DEBUG qt.scenegraph.time.renderloop: [window 0x7f030130be40][gui thread] Frame prepared, polish=0 ms, lock=0 ms, blockedForSync=0 ms, animations=0 ms
2026-07-14 19:19:32.268 DEBUG qt.scenegraph.time.renderer: time in renderer: total=0ms, preprocess=0, updates=0, rendering=0
2026-07-14 19:19:32.268 DEBUG qt.scenegraph.time.renderloop: [window 0x7f030130be40][render thread 0x7f0301180040] syncAndRender: frame rendered in 0ms, sync=0, render=0, swap=0
2026-07-14 19:19:32.273 DEBUG qt.scenegraph.time.renderloop: [window 0x7f030130be40][gui thread] polishAndSync: start, elapsed since last call: 5 ms
2026-07-14 19:19:32.273 DEBUG qt.scenegraph.time.renderloop: [window 0x7f030130be40][render thread 0x7f0301180040] syncAndRender: start, elapsed since last call: 5 ms
2026-07-14 19:19:32.273 DEBUG qt.scenegraph.time.renderloop: [window 0x7f030130be40][gui thread] Frame prepared, polish=0 ms, lock=0 ms, blockedForSync=0 ms, animations=0 ms
2026-07-14 19:19:32.273 DEBUG qt.scenegraph.time.renderer: time in renderer: total=0ms, preprocess=0, updates=0, rendering=0
2026-07-14 19:19:32.273 DEBUG qt.scenegraph.time.renderloop: [window 0x7f030130be40][render thread 0x7f0301180040] syncAndRender: frame rendered in 0ms, sync=0, render=0, swap=0
2026-07-14 19:19:32.300 DEBUG qt.scenegraph.time.renderloop: [window 0x7f030130be40][gui thread] polishAndSync: start, elapsed since last call: 27 ms
2026-07-14 19:19:32.300 DEBUG qt.scenegraph.time.renderloop: [window 0x7f030130be40][render thread 0x7f0301180040] syncAndRender: start, elapsed since last call: 27 ms
2026-07-14 19:19:32.300 DEBUG qt.scenegraph.time.renderloop: [window 0x7f030130be40][gui thread] Frame prepared, polish=0 ms, lock=0 ms, blockedForSync=0 ms, animations=0 ms
2026-07-14 19:19:32.300 DEBUG qt.scenegraph.time.renderer: time in renderer: total=0ms, preprocess=0, updates=0, rendering=0
2026-07-14 19:19:32.301 DEBUG qt.scenegraph.time.renderloop: [window 0x7f030130be40][render thread 0x7f0301180040] syncAndRender: frame rendered in 0ms, sync=0, render=0, swap=0
2026-07-14 19:19:32.308 DEBUG qt.scenegraph.time.renderloop: [window 0x7f030130be40][gui thread] polishAndSync: start, elapsed since last call: 7 ms
2026-07-14 19:19:32.308 DEBUG qt.scenegraph.time.renderloop: [window 0x7f030130be40][render thread 0x7f0301180040] syncAndRender: start, elapsed since last call: 7 ms
2026-07-14 19:19:32.308 DEBUG qt.scenegraph.time.renderloop: [window 0x7f030130be40][gui thread] Frame prepared, polish=0 ms, lock=0 ms, blockedForSync=0 ms, animations=0 ms
2026-07-14 19:19:32.308 DEBUG qt.scenegraph.time.renderer: time in renderer: total=0ms, preprocess=0, updates=0, rendering=0
2026-07-14 19:19:32.308 DEBUG qt.scenegraph.time.renderloop: [window 0x7f030130be40][render thread 0x7f0301180040] syncAndRender: frame rendered in 0ms, sync=0, render=0, swap=0
2026-07-14 19:19:32.334 DEBUG qt.scenegraph.time.renderloop: [window 0x7f030130be40][gui thread] polishAndSync: start, elapsed since last call: 26 ms
2026-07-14 19:19:32.334 DEBUG qt.scenegraph.time.renderloop: [window 0x7f030130be40][render thread 0x7f0301180040] syncAndRender: start, elapsed since last call: 26 ms
2026-07-14 19:19:32.334 DEBUG qt.scenegraph.time.renderloop: [window 0x7f030130be40][gui thread] Frame prepared, polish=0 ms, lock=0 ms, blockedForSync=0 ms, animations=0 ms
2026-07-14 19:19:32.334 DEBUG qt.scenegraph.time.renderer: time in renderer: total=0ms, preprocess=0, updates=0, rendering=0
2026-07-14 19:19:32.335 DEBUG qt.scenegraph.time.renderloop: [window 0x7f030130be40][render thread 0x7f0301180040] syncAndRender: frame rendered in 0ms, sync=0, render=0, swap=0
2026-07-14 19:19:32.336 DEBUG qt.scenegraph.time.renderloop: [window 0x7f030130be40][gui thread] polishAndSync: start, elapsed since last call: 1 ms
2026-07-14 19:19:32.336 DEBUG qt.scenegraph.time.renderloop: [window 0x7f030130be40][render thread 0x7f0301180040] syncAndRender: start, elapsed since last call: 1 ms
2026-07-14 19:19:32.336 DEBUG qt.scenegraph.time.renderloop: [window 0x7f030130be40][gui thread] Frame prepared, polish=0 ms, lock=0 ms, blockedForSync=0 ms, animations=0 ms
2026-07-14 19:19:32.336 DEBUG qt.scenegraph.time.renderer: time in renderer: total=0ms, preprocess=0, updates=0, rendering=0
2026-07-14 19:19:32.336 DEBUG qt.scenegraph.time.renderloop: [window 0x7f030130be40][render thread 0x7f0301180040] syncAndRender: frame rendered in 0ms, sync=0, render=0, swap=0
2026-07-14 19:19:32.367 DEBUG qt.scenegraph.time.renderloop: [window 0x7f030130be40][gui thread] polishAndSync: start, elapsed since last call: 31 ms
2026-07-14 19:19:32.367 DEBUG qt.scenegraph.time.renderloop: [window 0x7f030130be40][render thread 0x7f0301180040] syncAndRender: start, elapsed since last call: 31 ms
2026-07-14 19:19:32.367 DEBUG qt.scenegraph.time.renderloop: [window 0x7f030130be40][gui thread] Frame prepared, polish=0 ms, lock=0 ms, blockedForSync=0 ms, animations=0 ms
2026-07-14 19:19:32.367 DEBUG qt.scenegraph.time.renderer: time in renderer: total=0ms, preprocess=0, updates=0, rendering=0
2026-07-14 19:19:32.367 DEBUG qt.scenegraph.time.renderloop: [window 0x7f030130be40][render thread 0x7f0301180040] syncAndRender: frame rendered in 0ms, sync=0, render=0, swap=0
2026-07-14 19:19:32.370 DEBUG qt.scenegraph.time.renderloop: [window 0x7f030130be40][gui thread] polishAndSync: start, elapsed since last call: 3 ms
2026-07-14 19:19:32.370 DEBUG qt.scenegraph.time.renderloop: [window 0x7f030130be40][render thread 0x7f0301180040] syncAndRender: start, elapsed since last call: 3 ms
2026-07-14 19:19:32.370 DEBUG qt.scenegraph.time.renderloop: [window 0x7f030130be40][gui thread] Frame prepared, polish=0 ms, lock=0 ms, blockedForSync=0 ms, animations=0 ms
2026-07-14 19:19:32.370 DEBUG qt.scenegraph.time.renderer: time in renderer: total=0ms, preprocess=0, updates=0, rendering=0
2026-07-14 19:19:32.370 DEBUG qt.scenegraph.time.renderloop: [window 0x7f030130be40][render thread 0x7f0301180040] syncAndRender: frame rendered in 0ms, sync=0, render=0, swap=0
2026-07-14 19:19:32.399 DEBUG qt.scenegraph.time.renderloop: [window 0x7f030130be40][gui thread] polishAndSync: start, elapsed since last call: 29 ms
2026-07-14 19:19:32.400 DEBUG qt.scenegraph.time.renderloop: [window 0x7f030130be40][render thread 0x7f0301180040] syncAndRender: start, elapsed since last call: 29 ms
2026-07-14 19:19:32.400 DEBUG qt.scenegraph.time.renderloop: [window 0x7f030130be40][gui thread] Frame prepared, polish=0 ms, lock=0 ms, blockedForSync=0 ms, animations=0 ms
2026-07-14 19:19:32.400 DEBUG qt.scenegraph.time.renderer: time in renderer: total=0ms, preprocess=0, updates=0, rendering=0
2026-07-14 19:19:32.400 DEBUG qt.scenegraph.time.renderloop: [window 0x7f030130be40][render thread 0x7f0301180040] syncAndRender: frame rendered in 0ms, sync=0, render=0, swap=0
2026-07-14 19:19:32.405 DEBUG qt.scenegraph.time.renderloop: [window 0x7f030130be40][gui thread] polishAndSync: start, elapsed since last call: 5 ms
2026-07-14 19:19:32.405 DEBUG qt.scenegraph.time.renderloop: [window 0x7f030130be40][render thread 0x7f0301180040] syncAndRender: start, elapsed since last call: 5 ms
2026-07-14 19:19:32.405 DEBUG qt.scenegraph.time.renderloop: [window 0x7f030130be40][gui thread] Frame prepared, polish=0 ms, lock=0 ms, blockedForSync=0 ms, animations=0 ms
2026-07-14 19:19:32.405 DEBUG qt.scenegraph.time.renderer: time in renderer: total=0ms, preprocess=0, updates=0, rendering=0
2026-07-14 19:19:32.405 DEBUG qt.scenegraph.time.renderloop: [window 0x7f030130be40][render thread 0x7f0301180040] syncAndRender: frame rendered in 0ms, sync=0, render=0, swap=0
2026-07-14 19:19:32.432 DEBUG qt.scenegraph.time.renderloop: [window 0x7f030130be40][gui thread] polishAndSync: start, elapsed since last call: 26 ms
2026-07-14 19:19:32.432 DEBUG qt.scenegraph.time.renderloop: [window 0x7f030130be40][render thread 0x7f0301180040] syncAndRender: start, elapsed since last call: 27 ms
2026-07-14 19:19:32.432 DEBUG qt.scenegraph.time.renderloop: [window 0x7f030130be40][gui thread] Frame prepared, polish=0 ms, lock=0 ms, blockedForSync=0 ms, animations=0 ms
2026-07-14 19:19:32.432 DEBUG qt.scenegraph.time.renderer: time in renderer: total=0ms, preprocess=0, updates=0, rendering=0
2026-07-14 19:19:32.433 DEBUG qt.scenegraph.time.renderloop: [window 0x7f030130be40][render thread 0x7f0301180040] syncAndRender: frame rendered in 0ms, sync=0, render=0, swap=0
2026-07-14 19:19:32.440 DEBUG qt.scenegraph.time.renderloop: [window 0x7f030130be40][gui thread] polishAndSync: start, elapsed since last call: 7 ms
2026-07-14 19:19:32.440 DEBUG qt.scenegraph.time.renderloop: [window 0x7f030130be40][render thread 0x7f0301180040] syncAndRender: start, elapsed since last call: 7 ms
2026-07-14 19:19:32.440 DEBUG qt.scenegraph.time.renderloop: [window 0x7f030130be40][gui thread] Frame prepared, polish=0 ms, lock=0 ms, blockedForSync=0 ms, animations=0 ms
2026-07-14 19:19:32.440 DEBUG qt.scenegraph.time.renderer: time in renderer: total=0ms, preprocess=0, updates=0, rendering=0
2026-07-14 19:19:32.440 DEBUG qt.scenegraph.time.renderloop: [window 0x7f030130be40][render thread 0x7f0301180040] syncAndRender: frame rendered in 0ms, sync=0, render=0, swap=0
2026-07-14 19:19:32.466 DEBUG qt.scenegraph.time.renderloop: [window 0x7f030130be40][gui thread] polishAndSync: start, elapsed since last call: 26 ms
2026-07-14 19:19:32.466 DEBUG qt.scenegraph.time.renderloop: [window 0x7f030130be40][render thread 0x7f0301180040] syncAndRender: start, elapsed since last call: 26 ms
2026-07-14 19:19:32.466 DEBUG qt.scenegraph.time.renderloop: [window 0x7f030130be40][gui thread] Frame prepared, polish=0 ms, lock=0 ms, blockedForSync=0 ms, animations=0 ms
2026-07-14 19:19:32.466 DEBUG qt.scenegraph.time.renderer: time in renderer: total=0ms, preprocess=0, updates=0, rendering=0
2026-07-14 19:19:32.466 DEBUG qt.scenegraph.time.renderloop: [window 0x7f030130be40][render thread 0x7f0301180040] syncAndRender: frame rendered in 0ms, sync=0, render=0, swap=0
2026-07-14 19:19:32.467 DEBUG qt.scenegraph.time.renderloop: [window 0x7f030130be40][gui thread] polishAndSync: start, elapsed since last call: 1 ms
2026-07-14 19:19:32.467 DEBUG qt.scenegraph.time.renderloop: [window 0x7f030130be40][render thread 0x7f0301180040] syncAndRender: start, elapsed since last call: 1 ms
2026-07-14 19:19:32.467 DEBUG qt.scenegraph.time.renderloop: [window 0x7f030130be40][gui thread] Frame prepared, polish=0 ms, lock=0 ms, blockedForSync=0 ms, animations=0 ms
2026-07-14 19:19:32.467 DEBUG qt.scenegraph.time.renderer: time in renderer: total=0ms, preprocess=0, updates=0, rendering=0
2026-07-14 19:19:32.468 DEBUG qt.scenegraph.time.renderloop: [window 0x7f030130be40][render thread 0x7f0301180040] syncAndRender: frame rendered in 0ms, sync=0, render=0, swap=0
2026-07-14 19:19:32.499 DEBUG qt.scenegraph.time.renderloop: [window 0x7f030130be40][gui thread] polishAndSync: start, elapsed since last call: 31 ms
2026-07-14 19:19:32.499 DEBUG qt.scenegraph.time.renderloop: [window 0x7f030130be40][render thread 0x7f0301180040] syncAndRender: start, elapsed since last call: 31 ms
2026-07-14 19:19:32.499 DEBUG qt.scenegraph.time.renderloop: [window 0x7f030130be40][gui thread] Frame prepared, polish=0 ms, lock=0 ms, blockedForSync=0 ms, animations=0 ms
2026-07-14 19:19:32.499 DEBUG qt.scenegraph.time.renderer: time in renderer: total=0ms, preprocess=0, updates=0, rendering=0
2026-07-14 19:19:32.499 DEBUG qt.scenegraph.time.renderloop: [window 0x7f030130be40][render thread 0x7f0301180040] syncAndRender: frame rendered in 0ms, sync=0, render=0, swap=0
2026-07-14 19:19:32.502 DEBUG qt.scenegraph.time.renderloop: [window 0x7f030130be40][gui thread] polishAndSync: start, elapsed since last call: 3 ms
2026-07-14 19:19:32.502 DEBUG qt.scenegraph.time.renderloop: [window 0x7f030130be40][render thread 0x7f0301180040] syncAndRender: start, elapsed since last call: 3 ms
2026-07-14 19:19:32.502 DEBUG qt.scenegraph.time.renderloop: [window 0x7f030130be40][gui thread] Frame prepared, polish=0 ms, lock=0 ms, blockedForSync=0 ms, animations=0 ms
2026-07-14 19:19:32.502 DEBUG qt.scenegraph.time.renderer: time in renderer: total=0ms, preprocess=0, updates=0, rendering=0
2026-07-14 19:19:32.502 DEBUG qt.scenegraph.time.renderloop: [window 0x7f030130be40][render thread 0x7f0301180040] syncAndRender: frame rendered in 0ms, sync=0, render=0, swap=0
2026-07-14 19:19:32.531 DEBUG qt.scenegraph.time.renderloop: [window 0x7f030130be40][gui thread] polishAndSync: start, elapsed since last call: 29 ms
2026-07-14 19:19:32.532 DEBUG qt.scenegraph.time.renderloop: [window 0x7f030130be40][render thread 0x7f0301180040] syncAndRender: start, elapsed since last call: 29 ms
2026-07-14 19:19:32.532 DEBUG qt.scenegraph.time.renderloop: [window 0x7f030130be40][gui thread] Frame prepared, polish=0 ms, lock=0 ms, blockedForSync=0 ms, animations=0 ms
2026-07-14 19:19:32.532 DEBUG qt.scenegraph.time.renderer: time in renderer: total=0ms, preprocess=0, updates=0, rendering=0
2026-07-14 19:19:32.532 DEBUG qt.scenegraph.time.renderloop: [window 0x7f030130be40][render thread 0x7f0301180040] syncAndRender: frame rendered in 0ms, sync=0, render=0, swap=0
2026-07-14 19:19:32.533 DEBUG qt.scenegraph.time.renderloop: [window 0x7f030130be40][gui thread] polishAndSync: start, elapsed since last call: 1 ms
2026-07-14 19:19:32.533 DEBUG qt.scenegraph.time.renderloop: [window 0x7f030130be40][render thread 0x7f0301180040] syncAndRender: start, elapsed since last call: 0 ms
2026-07-14 19:19:32.533 DEBUG qt.scenegraph.time.renderloop: [window 0x7f030130be40][gui thread] Frame prepared, polish=0 ms, lock=0 ms, blockedForSync=0 ms, animations=0 ms
2026-07-14 19:19:32.533 DEBUG qt.scenegraph.time.renderer: time in renderer: total=0ms, preprocess=0, updates=0, rendering=0
2026-07-14 19:19:32.533 DEBUG qt.scenegraph.time.renderloop: [window 0x7f030130be40][render thread 0x7f0301180040] syncAndRender: frame rendered in 0ms, sync=0, render=0, swap=0
2026-07-14 19:19:32.564 DEBUG qt.scenegraph.time.renderloop: [window 0x7f030130be40][gui thread] polishAndSync: start, elapsed since last call: 31 ms
2026-07-14 19:19:32.565 DEBUG qt.scenegraph.time.renderloop: [window 0x7f030130be40][render thread 0x7f0301180040] syncAndRender: start, elapsed since last call: 32 ms
2026-07-14 19:19:32.565 DEBUG qt.scenegraph.time.renderloop: [window 0x7f030130be40][gui thread] Frame prepared, polish=0 ms, lock=0 ms, blockedForSync=0 ms, animations=0 ms
2026-07-14 19:19:32.565 DEBUG qt.scenegraph.time.renderer: time in renderer: total=0ms, preprocess=0, updates=0, rendering=0
2026-07-14 19:19:32.565 DEBUG qt.scenegraph.time.renderloop: [window 0x7f030130be40][render thread 0x7f0301180040] syncAndRender: frame rendered in 0ms, sync=0, render=0, swap=0
2026-07-14 19:19:32.565 DEBUG qt.scenegraph.time.renderloop: [window 0x7f030130be40][gui thread] polishAndSync: start, elapsed since last call: 1 ms
2026-07-14 19:19:32.565 DEBUG qt.scenegraph.time.renderloop: [window 0x7f030130be40][render thread 0x7f0301180040] syncAndRender: start, elapsed since last call: 0 ms
2026-07-14 19:19:32.565 DEBUG qt.scenegraph.time.renderloop: [window 0x7f030130be40][gui thread] Frame prepared, polish=0 ms, lock=0 ms, blockedForSync=0 ms, animations=0 ms
2026-07-14 19:19:32.565 DEBUG qt.scenegraph.time.renderer: time in renderer: total=0ms, preprocess=0, updates=0, rendering=0
2026-07-14 19:19:32.566 DEBUG qt.scenegraph.time.renderloop: [window 0x7f030130be40][render thread 0x7f0301180040] syncAndRender: frame rendered in 0ms, sync=0, render=0, swap=0
2026-07-14 19:19:32.597 DEBUG qt.scenegraph.time.renderloop: [window 0x7f030130be40][gui thread] polishAndSync: start, elapsed since last call: 31 ms
2026-07-14 19:19:32.597 DEBUG qt.scenegraph.time.renderloop: [window 0x7f030130be40][render thread 0x7f0301180040] syncAndRender: start, elapsed since last call: 31 ms
2026-07-14 19:19:32.597 DEBUG qt.scenegraph.time.renderloop: [window 0x7f030130be40][gui thread] Frame prepared, polish=0 ms, lock=0 ms, blockedForSync=0 ms, animations=0 ms
2026-07-14 19:19:32.597 DEBUG qt.scenegraph.time.renderer: time in renderer: total=0ms, preprocess=0, updates=0, rendering=0
2026-07-14 19:19:32.598 DEBUG qt.scenegraph.time.renderloop: [window 0x7f030130be40][render thread 0x7f0301180040] syncAndRender: frame rendered in 0ms, sync=0, render=0, swap=0
2026-07-14 19:19:32.599 DEBUG qt.scenegraph.time.renderloop: [window 0x7f030130be40][gui thread] polishAndSync: start, elapsed since last call: 2 ms
2026-07-14 19:19:32.599 DEBUG qt.scenegraph.time.renderloop: [window 0x7f030130be40][render thread 0x7f0301180040] syncAndRender: start, elapsed since last call: 2 ms
2026-07-14 19:19:32.599 DEBUG qt.scenegraph.time.renderloop: [window 0x7f030130be40][gui thread] Frame prepared, polish=0 ms, lock=0 ms, blockedForSync=0 ms, animations=0 ms
2026-07-14 19:19:32.600 DEBUG qt.scenegraph.time.renderer: time in renderer: total=0ms, preprocess=0, updates=0, rendering=0
2026-07-14 19:19:32.600 DEBUG qt.scenegraph.time.renderloop: [window 0x7f030130be40][render thread 0x7f0301180040] syncAndRender: frame rendered in 0ms, sync=0, render=0, swap=0
2026-07-14 19:19:32.631 DEBUG qt.scenegraph.time.renderloop: [window 0x7f030130be40][gui thread] polishAndSync: start, elapsed since last call: 31 ms
2026-07-14 19:19:32.631 DEBUG qt.scenegraph.time.renderloop: [window 0x7f030130be40][render thread 0x7f0301180040] syncAndRender: start, elapsed since last call: 31 ms
2026-07-14 19:19:32.631 DEBUG qt.scenegraph.time.renderloop: [window 0x7f030130be40][gui thread] Frame prepared, polish=0 ms, lock=0 ms, blockedForSync=0 ms, animations=0 ms
2026-07-14 19:19:32.631 DEBUG qt.scenegraph.time.renderer: time in renderer: total=0ms, preprocess=0, updates=0, rendering=0
2026-07-14 19:19:32.631 DEBUG qt.scenegraph.time.renderloop: [window 0x7f030130be40][render thread 0x7f0301180040] syncAndRender: frame rendered in 0ms, sync=0, render=0, swap=0
2026-07-14 19:19:32.634 DEBUG qt.scenegraph.time.renderloop: [window 0x7f030130be40][gui thread] polishAndSync: start, elapsed since last call: 3 ms
2026-07-14 19:19:32.634 DEBUG qt.scenegraph.time.renderloop: [window 0x7f030130be40][render thread 0x7f0301180040] syncAndRender: start, elapsed since last call: 3 ms
2026-07-14 19:19:32.634 DEBUG qt.scenegraph.time.renderloop: [window 0x7f030130be40][gui thread] Frame prepared, polish=0 ms, lock=0 ms, blockedForSync=0 ms, animations=0 ms
2026-07-14 19:19:32.634 DEBUG qt.scenegraph.time.renderer: time in renderer: total=0ms, preprocess=0, updates=0, rendering=0
2026-07-14 19:19:32.634 DEBUG qt.scenegraph.time.renderloop: [window 0x7f030130be40][render thread 0x7f0301180040] syncAndRender: frame rendered in 0ms, sync=0, render=0, swap=0
2026-07-14 19:19:32.663 DEBUG qt.scenegraph.time.renderloop: [window 0x7f030130be40][gui thread] polishAndSync: start, elapsed since last call: 29 ms
2026-07-14 19:19:32.664 DEBUG qt.scenegraph.time.renderloop: [window 0x7f030130be40][render thread 0x7f0301180040] syncAndRender: start, elapsed since last call: 29 ms
2026-07-14 19:19:32.664 DEBUG qt.scenegraph.time.renderloop: [window 0x7f030130be40][gui thread] Frame prepared, polish=0 ms, lock=0 ms, blockedForSync=0 ms, animations=0 ms
2026-07-14 19:19:32.664 DEBUG qt.scenegraph.time.renderer: time in renderer: total=0ms, preprocess=0, updates=0, rendering=0
2026-07-14 19:19:32.664 DEBUG qt.scenegraph.time.renderloop: [window 0x7f030130be40][render thread 0x7f0301180040] syncAndRender: frame rendered in 0ms, sync=0, render=0, swap=0
2026-07-14 19:19:32.664 DEBUG qt.scenegraph.time.renderloop: [window 0x7f030130be40][gui thread] polishAndSync: start, elapsed since last call: 1 ms
2026-07-14 19:19:32.664 DEBUG qt.scenegraph.time.renderloop: [window 0x7f030130be40][render thread 0x7f0301180040] syncAndRender: start, elapsed since last call: 0 ms
2026-07-14 19:19:32.664 DEBUG qt.scenegraph.time.renderloop: [window 0x7f030130be40][gui thread] Frame prepared, polish=0 ms, lock=0 ms, blockedForSync=0 ms, animations=0 ms
2026-07-14 19:19:32.664 DEBUG qt.scenegraph.time.renderer: time in renderer: total=0ms, preprocess=0, updates=0, rendering=0
2026-07-14 19:19:32.665 DEBUG qt.scenegraph.time.renderloop: [window 0x7f030130be40][render thread 0x7f0301180040] syncAndRender: frame rendered in 0ms, sync=0, render=0, swap=0
2026-07-14 19:19:32.696 DEBUG qt.scenegraph.time.renderloop: [window 0x7f030130be40][gui thread] polishAndSync: start, elapsed since last call: 31 ms
2026-07-14 19:19:32.697 DEBUG qt.scenegraph.time.renderloop: [window 0x7f030130be40][render thread 0x7f0301180040] syncAndRender: start, elapsed since last call: 32 ms
2026-07-14 19:19:32.697 DEBUG qt.scenegraph.time.renderloop: [window 0x7f030130be40][gui thread] Frame prepared, polish=0 ms, lock=0 ms, blockedForSync=0 ms, animations=0 ms
2026-07-14 19:19:32.697 DEBUG qt.scenegraph.time.renderer: time in renderer: total=0ms, preprocess=0, updates=0, rendering=0
2026-07-14 19:19:32.697 DEBUG qt.scenegraph.time.renderloop: [window 0x7f030130be40][render thread 0x7f0301180040] syncAndRender: frame rendered in 0ms, sync=0, render=0, swap=0
2026-07-14 19:19:32.704 DEBUG qt.scenegraph.time.renderloop: [window 0x7f030130be40][gui thread] polishAndSync: start, elapsed since last call: 7 ms
2026-07-14 19:19:32.704 DEBUG qt.scenegraph.time.renderloop: [window 0x7f030130be40][render thread 0x7f0301180040] syncAndRender: start, elapsed since last call: 7 ms
2026-07-14 19:19:32.704 DEBUG qt.scenegraph.time.renderloop: [window 0x7f030130be40][gui thread] Frame prepared, polish=0 ms, lock=0 ms, blockedForSync=0 ms, animations=0 ms
2026-07-14 19:19:32.704 DEBUG qt.scenegraph.time.renderer: time in renderer: total=0ms, preprocess=0, updates=0, rendering=0
2026-07-14 19:19:32.704 DEBUG qt.scenegraph.time.renderloop: [window 0x7f030130be40][render thread 0x7f0301180040] syncAndRender: frame rendered in 0ms, sync=0, render=0, swap=0
2026-07-14 19:19:32.729 DEBUG qt.scenegraph.time.renderloop: [window 0x7f030130be40][gui thread] polishAndSync: start, elapsed since last call: 24 ms
2026-07-14 19:19:32.729 DEBUG qt.scenegraph.time.renderloop: [window 0x7f030130be40][render thread 0x7f0301180040] syncAndRender: start, elapsed since last call: 25 ms
2026-07-14 19:19:32.729 DEBUG qt.scenegraph.time.renderloop: [window 0x7f030130be40][gui thread] Frame prepared, polish=0 ms, lock=0 ms, blockedForSync=0 ms, animations=0 ms
2026-07-14 19:19:32.729 DEBUG qt.scenegraph.time.renderer: time in renderer: total=0ms, preprocess=0, updates=0, rendering=0
2026-07-14 19:19:32.730 DEBUG qt.scenegraph.time.renderloop: [window 0x7f030130be40][render thread 0x7f0301180040] syncAndRender: frame rendered in 0ms, sync=0, render=0, swap=0
2026-07-14 19:19:32.731 DEBUG qt.scenegraph.time.renderloop: [window 0x7f030130be40][gui thread] polishAndSync: start, elapsed since last call: 2 ms
2026-07-14 19:19:32.731 DEBUG qt.scenegraph.time.renderloop: [window 0x7f030130be40][render thread 0x7f0301180040] syncAndRender: start, elapsed since last call: 2 ms
2026-07-14 19:19:32.732 DEBUG qt.scenegraph.time.renderloop: [window 0x7f030130be40][gui thread] Frame prepared, polish=0 ms, lock=0 ms, blockedForSync=0 ms, animations=0 ms
2026-07-14 19:19:32.732 DEBUG qt.scenegraph.time.renderer: time in renderer: total=0ms, preprocess=0, updates=0, rendering=0
2026-07-14 19:19:32.732 DEBUG qt.scenegraph.time.renderloop: [window 0x7f030130be40][render thread 0x7f0301180040] syncAndRender: frame rendered in 0ms, sync=0, render=0, swap=0
2026-07-14 19:19:32.763 DEBUG qt.scenegraph.time.renderloop: [window 0x7f030130be40][gui thread] polishAndSync: start, elapsed since last call: 31 ms
2026-07-14 19:19:32.763 DEBUG qt.scenegraph.time.renderloop: [window 0x7f030130be40][render thread 0x7f0301180040] syncAndRender: start, elapsed since last call: 31 ms
2026-07-14 19:19:32.763 DEBUG qt.scenegraph.time.renderloop: [window 0x7f030130be40][gui thread] Frame prepared, polish=0 ms, lock=0 ms, blockedForSync=0 ms, animations=0 ms
2026-07-14 19:19:32.763 DEBUG qt.scenegraph.time.renderer: time in renderer: total=0ms, preprocess=0, updates=0, rendering=0
2026-07-14 19:19:32.764 DEBUG qt.scenegraph.time.renderloop: [window 0x7f030130be40][render thread 0x7f0301180040] syncAndRender: frame rendered in 0ms, sync=0, render=0, swap=0
2026-07-14 19:19:32.766 DEBUG qt.scenegraph.time.renderloop: [window 0x7f030130be40][gui thread] polishAndSync: start, elapsed since last call: 3 ms
2026-07-14 19:19:32.766 DEBUG qt.scenegraph.time.renderloop: [window 0x7f030130be40][render thread 0x7f0301180040] syncAndRender: start, elapsed since last call: 3 ms
2026-07-14 19:19:32.766 DEBUG qt.scenegraph.time.renderloop: [window 0x7f030130be40][gui thread] Frame prepared, polish=0 ms, lock=0 ms, blockedForSync=0 ms, animations=0 ms
2026-07-14 19:19:32.766 DEBUG qt.scenegraph.time.renderer: time in renderer: total=0ms, preprocess=0, updates=0, rendering=0
2026-07-14 19:19:32.767 DEBUG qt.scenegraph.time.renderloop: [window 0x7f030130be40][render thread 0x7f0301180040] syncAndRender: frame rendered in 0ms, sync=0, render=0, swap=0
2026-07-14 19:19:32.796 DEBUG qt.scenegraph.time.renderloop: [window 0x7f030130be40][gui thread] polishAndSync: start, elapsed since last call: 29 ms
2026-07-14 19:19:32.796 DEBUG qt.scenegraph.time.renderloop: [window 0x7f030130be40][render thread 0x7f0301180040] syncAndRender: start, elapsed since last call: 29 ms
2026-07-14 19:19:32.796 DEBUG qt.scenegraph.time.renderloop: [window 0x7f030130be40][gui thread] Frame prepared, polish=0 ms, lock=0 ms, blockedForSync=0 ms, animations=0 ms
2026-07-14 19:19:32.796 DEBUG qt.scenegraph.time.renderer: time in renderer: total=0ms, preprocess=0, updates=0, rendering=0
2026-07-14 19:19:32.796 DEBUG qt.scenegraph.time.renderloop: [window 0x7f030130be40][render thread 0x7f0301180040] syncAndRender: frame rendered in 0ms, sync=0, render=0, swap=0
2026-07-14 19:19:32.797 DEBUG qt.scenegraph.time.renderloop: [window 0x7f030130be40][gui thread] polishAndSync: start, elapsed since last call: 1 ms
2026-07-14 19:19:32.797 DEBUG qt.scenegraph.time.renderloop: [window 0x7f030130be40][render thread 0x7f0301180040] syncAndRender: start, elapsed since last call: 0 ms
2026-07-14 19:19:32.797 DEBUG qt.scenegraph.time.renderloop: [window 0x7f030130be40][gui thread] Frame prepared, polish=0 ms, lock=0 ms, blockedForSync=0 ms, animations=0 ms
2026-07-14 19:19:32.797 DEBUG qt.scenegraph.time.renderer: time in renderer: total=0ms, preprocess=0, updates=0, rendering=0
2026-07-14 19:19:32.797 DEBUG qt.scenegraph.time.renderloop: [window 0x7f030130be40][render thread 0x7f0301180040] syncAndRender: frame rendered in 0ms, sync=0, render=0, swap=0
2026-07-14 19:19:32.828 DEBUG qt.scenegraph.time.renderloop: [window 0x7f030130be40][gui thread] polishAndSync: start, elapsed since last call: 31 ms
2026-07-14 19:19:32.829 DEBUG qt.scenegraph.time.renderloop: [window 0x7f030130be40][render thread 0x7f0301180040] syncAndRender: start, elapsed since last call: 31 ms
2026-07-14 19:19:32.829 DEBUG qt.scenegraph.time.renderloop: [window 0x7f030130be40][gui thread] Frame prepared, polish=0 ms, lock=0 ms, blockedForSync=0 ms, animations=0 ms
2026-07-14 19:19:32.829 DEBUG qt.scenegraph.time.renderer: time in renderer: total=0ms, preprocess=0, updates=0, rendering=0
2026-07-14 19:19:32.829 DEBUG qt.scenegraph.time.renderloop: [window 0x7f030130be40][render thread 0x7f0301180040] syncAndRender: frame rendered in 0ms, sync=0, render=0, swap=0
2026-07-14 19:19:32.829 DEBUG qt.scenegraph.time.renderloop: [window 0x7f030130be40][gui thread] polishAndSync: start, elapsed since last call: 1 ms
2026-07-14 19:19:32.829 DEBUG qt.scenegraph.time.renderloop: [window 0x7f030130be40][render thread 0x7f0301180040] syncAndRender: start, elapsed since last call: 0 ms
2026-07-14 19:19:32.829 DEBUG qt.scenegraph.time.renderloop: [window 0x7f030130be40][gui thread] Frame prepared, polish=0 ms, lock=0 ms, blockedForSync=0 ms, animations=0 ms
2026-07-14 19:19:32.830 DEBUG qt.scenegraph.time.renderer: time in renderer: total=0ms, preprocess=0, updates=0, rendering=0
2026-07-14 19:19:32.830 DEBUG qt.scenegraph.time.renderloop: [window 0x7f030130be40][render thread 0x7f0301180040] syncAndRender: frame rendered in 0ms, sync=0, render=0, swap=0
2026-07-14 19:19:32.861 DEBUG qt.scenegraph.time.renderloop: [window 0x7f030130be40][gui thread] polishAndSync: start, elapsed since last call: 31 ms
2026-07-14 19:19:32.861 DEBUG qt.scenegraph.time.renderloop: [window 0x7f030130be40][render thread 0x7f0301180040] syncAndRender: start, elapsed since last call: 31 ms
2026-07-14 19:19:32.861 DEBUG qt.scenegraph.time.renderloop: [window 0x7f030130be40][gui thread] Frame prepared, polish=0 ms, lock=0 ms, blockedForSync=0 ms, animations=0 ms
2026-07-14 19:19:32.861 DEBUG qt.scenegraph.time.renderer: time in renderer: total=0ms, preprocess=0, updates=0, rendering=0
2026-07-14 19:19:32.862 DEBUG qt.scenegraph.time.renderloop: [window 0x7f030130be40][render thread 0x7f0301180040] syncAndRender: frame rendered in 0ms, sync=0, render=0, swap=0
2026-07-14 19:19:32.864 DEBUG qt.scenegraph.time.renderloop: [window 0x7f030130be40][gui thread] polishAndSync: start, elapsed since last call: 2 ms
2026-07-14 19:19:32.864 DEBUG qt.scenegraph.time.renderloop: [window 0x7f030130be40][render thread 0x7f0301180040] syncAndRender: start, elapsed since last call: 2 ms
2026-07-14 19:19:32.864 DEBUG qt.scenegraph.time.renderloop: [window 0x7f030130be40][gui thread] Frame prepared, polish=0 ms, lock=0 ms, blockedForSync=0 ms, animations=0 ms
2026-07-14 19:19:32.864 DEBUG qt.scenegraph.time.renderer: time in renderer: total=0ms, preprocess=0, updates=0, rendering=0
2026-07-14 19:19:32.864 DEBUG qt.scenegraph.time.renderloop: [window 0x7f030130be40][render thread 0x7f0301180040] syncAndRender: frame rendered in 0ms, sync=0, render=0, swap=0
2026-07-14 19:19:32.895 DEBUG qt.scenegraph.time.renderloop: [window 0x7f030130be40][gui thread] polishAndSync: start, elapsed since last call: 31 ms
2026-07-14 19:19:32.895 DEBUG qt.scenegraph.time.renderloop: [window 0x7f030130be40][render thread 0x7f0301180040] syncAndRender: start, elapsed since last call: 31 ms
2026-07-14 19:19:32.895 DEBUG qt.scenegraph.time.renderloop: [window 0x7f030130be40][gui thread] Frame prepared, polish=0 ms, lock=0 ms, blockedForSync=0 ms, animations=0 ms
2026-07-14 19:19:32.895 DEBUG qt.scenegraph.time.renderer: time in renderer: total=0ms, preprocess=0, updates=0, rendering=0
2026-07-14 19:19:32.895 DEBUG qt.scenegraph.time.renderloop: [window 0x7f030130be40][render thread 0x7f0301180040] syncAndRender: frame rendered in 0ms, sync=0, render=0, swap=0
2026-07-14 19:19:32.896 DEBUG qt.scenegraph.time.renderloop: [window 0x7f030130be40][gui thread] polishAndSync: start, elapsed since last call: 1 ms
2026-07-14 19:19:32.896 DEBUG qt.scenegraph.time.renderloop: [window 0x7f030130be40][render thread 0x7f0301180040] syncAndRender: start, elapsed since last call: 0 ms
2026-07-14 19:19:32.896 DEBUG qt.scenegraph.time.renderloop: [window 0x7f030130be40][gui thread] Frame prepared, polish=0 ms, lock=0 ms, blockedForSync=0 ms, animations=0 ms
2026-07-14 19:19:32.896 DEBUG qt.scenegraph.time.renderer: time in renderer: total=0ms, preprocess=0, updates=0, rendering=0
2026-07-14 19:19:32.896 DEBUG qt.scenegraph.time.renderloop: [window 0x7f030130be40][render thread 0x7f0301180040] syncAndRender: frame rendered in 0ms, sync=0, render=0, swap=0
2026-07-14 19:19:32.927 DEBUG qt.scenegraph.time.renderloop: [window 0x7f030130be40][gui thread] polishAndSync: start, elapsed since last call: 31 ms
2026-07-14 19:19:32.928 DEBUG qt.scenegraph.time.renderloop: [window 0x7f030130be40][render thread 0x7f0301180040] syncAndRender: start, elapsed since last call: 32 ms
2026-07-14 19:19:32.928 DEBUG qt.scenegraph.time.renderloop: [window 0x7f030130be40][gui thread] Frame prepared, polish=0 ms, lock=0 ms, blockedForSync=0 ms, animations=0 ms
2026-07-14 19:19:32.928 DEBUG qt.scenegraph.time.renderer: time in renderer: total=0ms, preprocess=0, updates=0, rendering=0
2026-07-14 19:19:32.928 DEBUG qt.scenegraph.time.renderloop: [window 0x7f030130be40][render thread 0x7f0301180040] syncAndRender: frame rendered in 0ms, sync=0, render=0, swap=0
2026-07-14 19:19:32.929 DEBUG qt.scenegraph.time.renderloop: [window 0x7f030130be40][gui thread] polishAndSync: start, elapsed since last call: 1 ms
2026-07-14 19:19:32.929 DEBUG qt.scenegraph.time.renderloop: [window 0x7f030130be40][render thread 0x7f0301180040] syncAndRender: start, elapsed since last call: 0 ms
2026-07-14 19:19:32.929 DEBUG qt.scenegraph.time.renderloop: [window 0x7f030130be40][gui thread] Frame prepared, polish=0 ms, lock=0 ms, blockedForSync=0 ms, animations=0 ms
2026-07-14 19:19:32.929 DEBUG qt.scenegraph.time.renderer: time in renderer: total=0ms, preprocess=0, updates=0, rendering=0
2026-07-14 19:19:32.929 DEBUG qt.scenegraph.time.renderloop: [window 0x7f030130be40][render thread 0x7f0301180040] syncAndRender: frame rendered in 0ms, sync=0, render=0, swap=0
2026-07-14 19:19:32.960 DEBUG qt.scenegraph.time.renderloop: [window 0x7f030130be40][gui thread] polishAndSync: start, elapsed since last call: 31 ms
2026-07-14 19:19:32.961 DEBUG qt.scenegraph.time.renderloop: [window 0x7f030130be40][render thread 0x7f0301180040] syncAndRender: start, elapsed since last call: 32 ms
2026-07-14 19:19:32.961 DEBUG qt.scenegraph.time.renderloop: [window 0x7f030130be40][gui thread] Frame prepared, polish=0 ms, lock=0 ms, blockedForSync=0 ms, animations=0 ms
2026-07-14 19:19:32.961 DEBUG qt.scenegraph.time.renderer: time in renderer: total=0ms, preprocess=0, updates=0, rendering=0
2026-07-14 19:19:32.961 DEBUG qt.scenegraph.time.renderloop: [window 0x7f030130be40][render thread 0x7f0301180040] syncAndRender: frame rendered in 0ms, sync=0, render=0, swap=0
2026-07-14 19:19:32.961 DEBUG qt.scenegraph.time.renderloop: [window 0x7f030130be40][gui thread] polishAndSync: start, elapsed since last call: 1 ms
2026-07-14 19:19:32.961 DEBUG qt.scenegraph.time.renderloop: [window 0x7f030130be40][render thread 0x7f0301180040] syncAndRender: start, elapsed since last call: 0 ms
2026-07-14 19:19:32.961 DEBUG qt.scenegraph.time.renderloop: [window 0x7f030130be40][gui thread] Frame prepared, polish=0 ms, lock=0 ms, blockedForSync=0 ms, animations=0 ms
2026-07-14 19:19:32.962 DEBUG qt.scenegraph.time.renderer: time in renderer: total=0ms, preprocess=0, updates=0, rendering=0
2026-07-14 19:19:32.962 DEBUG qt.scenegraph.time.renderloop: [window 0x7f030130be40][render thread 0x7f0301180040] syncAndRender: frame rendered in 0ms, sync=0, render=0, swap=0
2026-07-14 19:19:32.993 DEBUG qt.scenegraph.time.renderloop: [window 0x7f030130be40][gui thread] polishAndSync: start, elapsed since last call: 31 ms
2026-07-14 19:19:32.993 DEBUG qt.scenegraph.time.renderloop: [window 0x7f030130be40][render thread 0x7f0301180040] syncAndRender: start, elapsed since last call: 31 ms
2026-07-14 19:19:32.993 DEBUG qt.scenegraph.time.renderloop: [window 0x7f030130be40][gui thread] Frame prepared, polish=0 ms, lock=0 ms, blockedForSync=0 ms, animations=0 ms
2026-07-14 19:19:32.993 DEBUG qt.scenegraph.time.renderer: time in renderer: total=0ms, preprocess=0, updates=0, rendering=0
2026-07-14 19:19:32.993 DEBUG qt.scenegraph.time.renderloop: [window 0x7f030130be40][render thread 0x7f0301180040] syncAndRender: frame rendered in 0ms, sync=0, render=0, swap=0
2026-07-14 19:19:32.994 DEBUG qt.scenegraph.time.renderloop: [window 0x7f030130be40][gui thread] polishAndSync: start, elapsed since last call: 1 ms
2026-07-14 19:19:32.994 DEBUG qt.scenegraph.time.renderloop: [window 0x7f030130be40][render thread 0x7f0301180040] syncAndRender: start, elapsed since last call: 0 ms
2026-07-14 19:19:32.994 DEBUG qt.scenegraph.time.renderloop: [window 0x7f030130be40][gui thread] Frame prepared, polish=0 ms, lock=0 ms, blockedForSync=0 ms, animations=0 ms
2026-07-14 19:19:32.994 DEBUG qt.scenegraph.time.renderer: time in renderer: total=0ms, preprocess=0, updates=0, rendering=0
2026-07-14 19:19:32.994 DEBUG qt.scenegraph.time.renderloop: [window 0x7f030130be40][render thread 0x7f0301180040] syncAndRender: frame rendered in 0ms, sync=0, render=0, swap=0
2026-07-14 19:19:33.027 DEBUG qt.scenegraph.time.renderloop: [window 0x7f030130be40][gui thread] polishAndSync: start, elapsed since last call: 32 ms
2026-07-14 19:19:33.027 DEBUG qt.scenegraph.time.renderloop: [window 0x7f030130be40][render thread 0x7f0301180040] syncAndRender: start, elapsed since last call: 33 ms
2026-07-14 19:19:33.027 DEBUG qt.scenegraph.time.renderloop: [window 0x7f030130be40][gui thread] Frame prepared, polish=0 ms, lock=0 ms, blockedForSync=0 ms, animations=0 ms
2026-07-14 19:19:33.027 DEBUG qt.scenegraph.time.renderer: time in renderer: total=0ms, preprocess=0, updates=0, rendering=0
2026-07-14 19:19:33.028 DEBUG qt.scenegraph.time.renderloop: [window 0x7f030130be40][render thread 0x7f0301180040] syncAndRender: frame rendered in 0ms, sync=0, render=0, swap=0
2026-07-14 19:19:33.028 DEBUG qt.scenegraph.time.renderloop: [window 0x7f030130be40][gui thread] polishAndSync: start, elapsed since last call: 1 ms
2026-07-14 19:19:33.028 DEBUG qt.scenegraph.time.renderloop: [window 0x7f030130be40][render thread 0x7f0301180040] syncAndRender: start, elapsed since last call: 0 ms
2026-07-14 19:19:33.028 DEBUG qt.scenegraph.time.renderloop: [window 0x7f030130be40][gui thread] Frame prepared, polish=0 ms, lock=0 ms, blockedForSync=0 ms, animations=0 ms
2026-07-14 19:19:33.028 DEBUG qt.scenegraph.time.renderer: time in renderer: total=0ms, preprocess=0, updates=0, rendering=0
2026-07-14 19:19:33.028 DEBUG qt.scenegraph.time.renderloop: [window 0x7f030130be40][render thread 0x7f0301180040] syncAndRender: frame rendered in 0ms, sync=0, render=0, swap=0
2026-07-14 19:19:33.060 DEBUG qt.scenegraph.time.renderloop: [window 0x7f030130be40][gui thread] polishAndSync: start, elapsed since last call: 31 ms
2026-07-14 19:19:33.060 DEBUG qt.scenegraph.time.renderloop: [window 0x7f030130be40][render thread 0x7f0301180040] syncAndRender: start, elapsed since last call: 31 ms
2026-07-14 19:19:33.060 DEBUG qt.scenegraph.time.renderloop: [window 0x7f030130be40][gui thread] Frame prepared, polish=0 ms, lock=0 ms, blockedForSync=0 ms, animations=0 ms
2026-07-14 19:19:33.060 DEBUG qt.scenegraph.time.renderer: time in renderer: total=0ms, preprocess=0, updates=0, rendering=0
2026-07-14 19:19:33.060 DEBUG qt.scenegraph.time.renderloop: [window 0x7f030130be40][render thread 0x7f0301180040] syncAndRender: frame rendered in 0ms, sync=0, render=0, swap=0
2026-07-14 19:19:33.061 DEBUG qt.scenegraph.time.renderloop: [window 0x7f030130be40][gui thread] polishAndSync: start, elapsed since last call: 1 ms
2026-07-14 19:19:33.061 DEBUG qt.scenegraph.time.renderloop: [window 0x7f030130be40][render thread 0x7f0301180040] syncAndRender: start, elapsed since last call: 0 ms
2026-07-14 19:19:33.061 DEBUG qt.scenegraph.time.renderloop: [window 0x7f030130be40][gui thread] Frame prepared, polish=0 ms, lock=0 ms, blockedForSync=0 ms, animations=0 ms
2026-07-14 19:19:33.061 DEBUG qt.scenegraph.time.renderer: time in renderer: total=0ms, preprocess=0, updates=0, rendering=0
2026-07-14 19:19:33.061 DEBUG qt.scenegraph.time.renderloop: [window 0x7f030130be40][render thread 0x7f0301180040] syncAndRender: frame rendered in 0ms, sync=0, render=0, swap=0
2026-07-14 19:19:33.092 DEBUG qt.scenegraph.time.renderloop: [window 0x7f030130be40][gui thread] polishAndSync: start, elapsed since last call: 31 ms
2026-07-14 19:19:33.093 DEBUG qt.scenegraph.time.renderloop: [window 0x7f030130be40][render thread 0x7f0301180040] syncAndRender: start, elapsed since last call: 31 ms
2026-07-14 19:19:33.093 DEBUG qt.scenegraph.time.renderloop: [window 0x7f030130be40][gui thread] Frame prepared, polish=0 ms, lock=0 ms, blockedForSync=0 ms, animations=0 ms
2026-07-14 19:19:33.093 DEBUG qt.scenegraph.time.renderer: time in renderer: total=0ms, preprocess=0, updates=0, rendering=0
2026-07-14 19:19:33.093 DEBUG qt.scenegraph.time.renderloop: [window 0x7f030130be40][render thread 0x7f0301180040] syncAndRender: frame rendered in 0ms, sync=0, render=0, swap=0
2026-07-14 19:19:33.093 DEBUG qt.scenegraph.time.renderloop: [window 0x7f030130be40][gui thread] polishAndSync: start, elapsed since last call: 1 ms
2026-07-14 19:19:33.093 DEBUG qt.scenegraph.time.renderloop: [window 0x7f030130be40][render thread 0x7f0301180040] syncAndRender: start, elapsed since last call: 0 ms
2026-07-14 19:19:33.093 DEBUG qt.scenegraph.time.renderloop: [window 0x7f030130be40][gui thread] Frame prepared, polish=0 ms, lock=0 ms, blockedForSync=0 ms, animations=0 ms
2026-07-14 19:19:33.094 DEBUG qt.scenegraph.time.renderer: time in renderer: total=0ms, preprocess=0, updates=0, rendering=0
2026-07-14 19:19:33.094 DEBUG qt.scenegraph.time.renderloop: [window 0x7f030130be40][render thread 0x7f0301180040] syncAndRender: frame rendered in 0ms, sync=0, render=0, swap=0
2026-07-14 19:19:33.125 DEBUG qt.scenegraph.time.renderloop: [window 0x7f030130be40][gui thread] polishAndSync: start, elapsed since last call: 31 ms
2026-07-14 19:19:33.125 DEBUG qt.scenegraph.time.renderloop: [window 0x7f030130be40][render thread 0x7f0301180040] syncAndRender: start, elapsed since last call: 31 ms
2026-07-14 19:19:33.125 DEBUG qt.scenegraph.time.renderloop: [window 0x7f030130be40][gui thread] Frame prepared, polish=0 ms, lock=0 ms, blockedForSync=0 ms, animations=0 ms
2026-07-14 19:19:33.125 DEBUG qt.scenegraph.time.renderer: time in renderer: total=0ms, preprocess=0, updates=0, rendering=0
2026-07-14 19:19:33.126 DEBUG qt.scenegraph.time.renderloop: [window 0x7f030130be40][render thread 0x7f0301180040] syncAndRender: frame rendered in 0ms, sync=0, render=0, swap=0
2026-07-14 19:19:33.126 DEBUG qt.scenegraph.time.renderloop: [window 0x7f030130be40][gui thread] polishAndSync: start, elapsed since last call: 1 ms
2026-07-14 19:19:33.126 DEBUG qt.scenegraph.time.renderloop: [window 0x7f030130be40][render thread 0x7f0301180040] syncAndRender: start, elapsed since last call: 0 ms
2026-07-14 19:19:33.126 DEBUG qt.scenegraph.time.renderloop: [window 0x7f030130be40][gui thread] Frame prepared, polish=0 ms, lock=0 ms, blockedForSync=0 ms, animations=0 ms
2026-07-14 19:19:33.126 DEBUG qt.scenegraph.time.renderer: time in renderer: total=0ms, preprocess=0, updates=0, rendering=0
2026-07-14 19:19:33.126 DEBUG qt.scenegraph.time.renderloop: [window 0x7f030130be40][render thread 0x7f0301180040] syncAndRender: frame rendered in 0ms, sync=0, render=0, swap=0
2026-07-14 19:19:33.159 DEBUG qt.scenegraph.time.renderloop: [window 0x7f030130be40][gui thread] polishAndSync: start, elapsed since last call: 32 ms
2026-07-14 19:19:33.159 DEBUG qt.scenegraph.time.renderloop: [window 0x7f030130be40][render thread 0x7f0301180040] syncAndRender: start, elapsed since last call: 33 ms
2026-07-14 19:19:33.159 DEBUG qt.scenegraph.time.renderloop: [window 0x7f030130be40][gui thread] Frame prepared, polish=0 ms, lock=0 ms, blockedForSync=0 ms, animations=0 ms
2026-07-14 19:19:33.159 DEBUG qt.scenegraph.time.renderer: time in renderer: total=0ms, preprocess=0, updates=0, rendering=0
2026-07-14 19:19:33.160 DEBUG qt.scenegraph.time.renderloop: [window 0x7f030130be40][render thread 0x7f0301180040] syncAndRender: frame rendered in 0ms, sync=0, render=0, swap=0
2026-07-14 19:19:33.160 DEBUG qt.scenegraph.time.renderloop: [window 0x7f030130be40][gui thread] polishAndSync: start, elapsed since last call: 1 ms
2026-07-14 19:19:33.160 DEBUG qt.scenegraph.time.renderloop: [window 0x7f030130be40][render thread 0x7f0301180040] syncAndRender: start, elapsed since last call: 0 ms
2026-07-14 19:19:33.160 DEBUG qt.scenegraph.time.renderloop: [window 0x7f030130be40][gui thread] Frame prepared, polish=0 ms, lock=0 ms, blockedForSync=0 ms, animations=0 ms
2026-07-14 19:19:33.160 DEBUG qt.scenegraph.time.renderer: time in renderer: total=0ms, preprocess=0, updates=0, rendering=0
2026-07-14 19:19:33.160 DEBUG qt.scenegraph.time.renderloop: [window 0x7f030130be40][render thread 0x7f0301180040] syncAndRender: frame rendered in 0ms, sync=0, render=0, swap=0
2026-07-14 19:19:33.192 DEBUG qt.scenegraph.time.renderloop: [window 0x7f030130be40][gui thread] polishAndSync: start, elapsed since last call: 31 ms
2026-07-14 19:19:33.192 DEBUG qt.scenegraph.time.renderloop: [window 0x7f030130be40][render thread 0x7f0301180040] syncAndRender: start, elapsed since last call: 31 ms
2026-07-14 19:19:33.192 DEBUG qt.scenegraph.time.renderloop: [window 0x7f030130be40][gui thread] Frame prepared, polish=0 ms, lock=0 ms, blockedForSync=0 ms, animations=0 ms
2026-07-14 19:19:33.192 DEBUG qt.scenegraph.time.renderer: time in renderer: total=0ms, preprocess=0, updates=0, rendering=0
2026-07-14 19:19:33.192 DEBUG qt.scenegraph.time.renderloop: [window 0x7f030130be40][render thread 0x7f0301180040] syncAndRender: frame rendered in 0ms, sync=0, render=0, swap=0
2026-07-14 19:19:33.193 DEBUG qt.scenegraph.time.renderloop: [window 0x7f030130be40][gui thread] polishAndSync: start, elapsed since last call: 1 ms
2026-07-14 19:19:33.193 DEBUG qt.scenegraph.time.renderloop: [window 0x7f030130be40][render thread 0x7f0301180040] syncAndRender: start, elapsed since last call: 0 ms
2026-07-14 19:19:33.193 DEBUG qt.scenegraph.time.renderloop: [window 0x7f030130be40][gui thread] Frame prepared, polish=0 ms, lock=0 ms, blockedForSync=0 ms, animations=0 ms
2026-07-14 19:19:33.193 DEBUG qt.scenegraph.time.renderer: time in renderer: total=0ms, preprocess=0, updates=0, rendering=0
2026-07-14 19:19:33.193 DEBUG qt.scenegraph.time.renderloop: [window 0x7f030130be40][render thread 0x7f0301180040] syncAndRender: frame rendered in 0ms, sync=0, render=0, swap=0
2026-07-14 19:19:33.224 DEBUG qt.scenegraph.time.renderloop: [window 0x7f030130be40][gui thread] polishAndSync: start, elapsed since last call: 31 ms
2026-07-14 19:19:33.227 DEBUG qt.scenegraph.time.renderloop: [window 0x7f030130be40][render thread 0x7f0301180040] syncAndRender: start, elapsed since last call: 33 ms
2026-07-14 19:19:33.227 DEBUG qt.scenegraph.time.renderloop: [window 0x7f030130be40][gui thread] Frame prepared, polish=2 ms, lock=0 ms, blockedForSync=0 ms, animations=0 ms
2026-07-14 19:19:33.227 DEBUG qt.scenegraph.time.renderer: time in renderer: total=0ms, preprocess=0, updates=0, rendering=0
2026-07-14 19:19:33.227 DEBUG qt.scenegraph.time.renderloop: [window 0x7f030130be40][render thread 0x7f0301180040] syncAndRender: frame rendered in 0ms, sync=0, render=0, swap=0
2026-07-14 19:19:33.228 DEBUG qt.scenegraph.time.renderloop: [window 0x7f030130be40][gui thread] polishAndSync: start, elapsed since last call: 3 ms
2026-07-14 19:19:33.228 DEBUG qt.scenegraph.time.renderloop: [window 0x7f030130be40][render thread 0x7f0301180040] syncAndRender: start, elapsed since last call: 1 ms
2026-07-14 19:19:33.228 DEBUG qt.scenegraph.time.renderloop: [window 0x7f030130be40][gui thread] Frame prepared, polish=0 ms, lock=0 ms, blockedForSync=0 ms, animations=0 ms
2026-07-14 19:19:33.228 DEBUG qt.scenegraph.time.renderer: time in renderer: total=0ms, preprocess=0, updates=0, rendering=0
2026-07-14 19:19:33.228 DEBUG qt.scenegraph.time.renderloop: [window 0x7f030130be40][render thread 0x7f0301180040] syncAndRender: frame rendered in 0ms, sync=0, render=0, swap=0
2026-07-14 19:19:33.257 DEBUG qt.scenegraph.time.renderloop: [window 0x7f030130be40][gui thread] polishAndSync: start, elapsed since last call: 29 ms
2026-07-14 19:19:33.258 DEBUG qt.scenegraph.time.renderloop: [window 0x7f030130be40][render thread 0x7f0301180040] syncAndRender: start, elapsed since last call: 29 ms
2026-07-14 19:19:33.258 DEBUG qt.scenegraph.time.renderloop: [window 0x7f030130be40][gui thread] Frame prepared, polish=0 ms, lock=0 ms, blockedForSync=0 ms, animations=0 ms
2026-07-14 19:19:33.258 DEBUG qt.scenegraph.time.renderer: time in renderer: total=0ms, preprocess=0, updates=0, rendering=0
2026-07-14 19:19:33.258 DEBUG qt.scenegraph.time.renderloop: [window 0x7f030130be40][render thread 0x7f0301180040] syncAndRender: frame rendered in 0ms, sync=0, render=0, swap=0
2026-07-14 19:19:33.259 DEBUG qt.scenegraph.time.renderloop: [window 0x7f030130be40][gui thread] polishAndSync: start, elapsed since last call: 1 ms
2026-07-14 19:19:33.259 DEBUG qt.scenegraph.time.renderloop: [window 0x7f030130be40][render thread 0x7f0301180040] syncAndRender: start, elapsed since last call: 0 ms
2026-07-14 19:19:33.259 DEBUG qt.scenegraph.time.renderloop: [window 0x7f030130be40][gui thread] Frame prepared, polish=0 ms, lock=0 ms, blockedForSync=0 ms, animations=0 ms
2026-07-14 19:19:33.259 DEBUG qt.scenegraph.time.renderer: time in renderer: total=0ms, preprocess=0, updates=0, rendering=0
2026-07-14 19:19:33.259 DEBUG qt.scenegraph.time.renderloop: [window 0x7f030130be40][render thread 0x7f0301180040] syncAndRender: frame rendered in 0ms, sync=0, render=0, swap=0
2026-07-14 19:19:33.290 DEBUG qt.scenegraph.time.renderloop: [window 0x7f030130be40][gui thread] polishAndSync: start, elapsed since last call: 31 ms
2026-07-14 19:19:33.290 DEBUG qt.scenegraph.time.renderloop: [window 0x7f030130be40][render thread 0x7f0301180040] syncAndRender: start, elapsed since last call: 31 ms
2026-07-14 19:19:33.290 DEBUG qt.scenegraph.time.renderloop: [window 0x7f030130be40][gui thread] Frame prepared, polish=0 ms, lock=0 ms, blockedForSync=0 ms, animations=0 ms
2026-07-14 19:19:33.290 DEBUG qt.scenegraph.time.renderer: time in renderer: total=0ms, preprocess=0, updates=0, rendering=0
2026-07-14 19:19:33.291 DEBUG qt.scenegraph.time.renderloop: [window 0x7f030130be40][render thread 0x7f0301180040] syncAndRender: frame rendered in 0ms, sync=0, render=0, swap=0
2026-07-14 19:19:33.291 DEBUG qt.scenegraph.time.renderloop: [window 0x7f030130be40][gui thread] polishAndSync: start, elapsed since last call: 1 ms
2026-07-14 19:19:33.291 DEBUG qt.scenegraph.time.renderloop: [window 0x7f030130be40][render thread 0x7f0301180040] syncAndRender: start, elapsed since last call: 1 ms
2026-07-14 19:19:33.291 DEBUG qt.scenegraph.time.renderloop: [window 0x7f030130be40][gui thread] Frame prepared, polish=0 ms, lock=0 ms, blockedForSync=0 ms, animations=0 ms
2026-07-14 19:19:33.291 DEBUG qt.scenegraph.time.renderer: time in renderer: total=0ms, preprocess=0, updates=0, rendering=0
2026-07-14 19:19:33.292 DEBUG qt.scenegraph.time.renderloop: [window 0x7f030130be40][render thread 0x7f0301180040] syncAndRender: frame rendered in 0ms, sync=0, render=0, swap=0
2026-07-14 19:19:33.305 DEBUG qt.scenegraph.time.renderloop: [window 0x7f030130be40][gui thread] polishAndSync: start, elapsed since last call: 14 ms
2026-07-14 19:19:33.306 DEBUG qt.scenegraph.time.renderloop: [window 0x7f030130be40][render thread 0x7f0301180040] syncAndRender: start, elapsed since last call: 14 ms
2026-07-14 19:19:33.306 DEBUG qt.scenegraph.time.renderloop: [window 0x7f030130be40][gui thread] Frame prepared, polish=0 ms, lock=0 ms, blockedForSync=0 ms, animations=0 ms
2026-07-14 19:19:33.306 DEBUG qt.scenegraph.time.renderloop: [window 0x7f030130be40][gui thread] polishAndSync: start, elapsed since last call: 0 ms
2026-07-14 19:19:33.306 DEBUG qt.scenegraph.time.texture: atlastexture upload enqueued in: -9223357825810ms (16x16)
2026-07-14 19:19:33.306 DEBUG qt.scenegraph.time.texture: atlastexture upload enqueued in: -9223357825810ms (36x14)
2026-07-14 19:19:33.306 DEBUG qt.scenegraph.time.renderer: time in renderer: total=0ms, preprocess=0, updates=0, rendering=0
2026-07-14 19:19:33.306 DEBUG qt.scenegraph.time.renderloop: [window 0x7f030130be40][render thread 0x7f0301180040] syncAndRender: frame rendered in 0ms, sync=0, render=0, swap=0
2026-07-14 19:19:33.306 DEBUG qt.scenegraph.time.renderloop: [window 0x7f030130be40][render thread 0x7f0301180040] syncAndRender: start, elapsed since last call: 0 ms
2026-07-14 19:19:33.306 DEBUG qt.scenegraph.time.renderloop: [window 0x7f030130be40][gui thread] Frame prepared, polish=0 ms, lock=0 ms, blockedForSync=0 ms, animations=0 ms
2026-07-14 19:19:33.306 DEBUG qt.scenegraph.time.renderer: time in renderer: total=0ms, preprocess=0, updates=0, rendering=0
2026-07-14 19:19:33.307 DEBUG qt.scenegraph.time.renderloop: [window 0x7f030130be40][gui thread] polishAndSync: start, elapsed since last call: 1 ms
2026-07-14 19:19:33.307 DEBUG qt.scenegraph.time.renderloop: [window 0x7f030130be40][render thread 0x7f0301180040] syncAndRender: frame rendered in 0ms, sync=0, render=0, swap=0
2026-07-14 19:19:33.307 DEBUG qt.scenegraph.time.renderloop: [window 0x7f030130be40][render thread 0x7f0301180040] syncAndRender: start, elapsed since last call: 0 ms
2026-07-14 19:19:33.307 DEBUG qt.scenegraph.time.renderloop: [window 0x7f030130be40][gui thread] Frame prepared, polish=0 ms, lock=0 ms, blockedForSync=0 ms, animations=0 ms
2026-07-14 19:19:33.307 DEBUG qt.scenegraph.time.renderer: time in renderer: total=0ms, preprocess=0, updates=0, rendering=0
2026-07-14 19:19:33.308 DEBUG qt.scenegraph.time.renderloop: [window 0x7f030130be40][render thread 0x7f0301180040] syncAndRender: frame rendered in 1ms, sync=0, render=0, swap=1
2026-07-14 19:19:33.308 DEBUG qt.scenegraph.time.renderloop: [window 0x7f030130be40][gui thread] polishAndSync: start, elapsed since last call: 1 ms
2026-07-14 19:19:33.308 DEBUG qt.scenegraph.time.renderloop: [window 0x7f030130be40][render thread 0x7f0301180040] syncAndRender: start, elapsed since last call: 1 ms
2026-07-14 19:19:33.308 DEBUG qt.scenegraph.time.renderer: time in renderer: total=0ms, preprocess=0, updates=0, rendering=0
2026-07-14 19:19:33.308 DEBUG qt.scenegraph.time.renderloop: [window 0x7f030130be40][gui thread] Frame prepared, polish=0 ms, lock=0 ms, blockedForSync=0 ms, animations=0 ms
2026-07-14 19:19:33.315 DEBUG qt.scenegraph.time.renderloop: [window 0x7f030130be40][gui thread] polishAndSync: start, elapsed since last call: 6 ms
2026-07-14 19:19:33.315 DEBUG qt.scenegraph.time.renderloop: [window 0x7f030130be40][render thread 0x7f0301180040] syncAndRender: frame rendered in 6ms, sync=0, render=0, swap=6
2026-07-14 19:19:33.316 DEBUG qt.scenegraph.time.renderloop: [window 0x7f030130be40][render thread 0x7f0301180040] syncAndRender: start, elapsed since last call: 7 ms
2026-07-14 19:19:33.316 DEBUG qt.scenegraph.time.renderloop: [window 0x7f030130be40][gui thread] Frame prepared, polish=0 ms, lock=0 ms, blockedForSync=0 ms, animations=0 ms
2026-07-14 19:19:33.316 DEBUG qt.scenegraph.time.texture: atlastexture upload enqueued in: -9223357825799ms (36x14)
2026-07-14 19:19:33.316 DEBUG qt.scenegraph.time.renderer: time in renderer: total=0ms, preprocess=0, updates=0, rendering=0
2026-07-14 19:19:33.322 DEBUG qt.scenegraph.time.renderloop: [window 0x7f030130be40][gui thread] polishAndSync: start, elapsed since last call: 7 ms
2026-07-14 19:19:33.322 DEBUG qt.scenegraph.time.renderloop: [window 0x7f030130be40][render thread 0x7f0301180040] syncAndRender: frame rendered in 6ms, sync=0, render=0, swap=6
2026-07-14 19:19:33.322 DEBUG qt.scenegraph.time.renderloop: [window 0x7f030130be40][render thread 0x7f0301180040] syncAndRender: start, elapsed since last call: 6 ms
2026-07-14 19:19:33.322 DEBUG qt.scenegraph.time.renderloop: [window 0x7f030130be40][gui thread] Frame prepared, polish=0 ms, lock=0 ms, blockedForSync=0 ms, animations=0 ms
2026-07-14 19:19:33.322 DEBUG qt.scenegraph.time.renderer: time in renderer: total=0ms, preprocess=0, updates=0, rendering=0
2026-07-14 19:19:33.329 DEBUG qt.scenegraph.time.renderloop: [window 0x7f030130be40][gui thread] polishAndSync: start, elapsed since last call: 6 ms
2026-07-14 19:19:33.329 DEBUG qt.scenegraph.time.renderloop: [window 0x7f030130be40][render thread 0x7f0301180040] syncAndRender: frame rendered in 6ms, sync=0, render=0, swap=6
2026-07-14 19:19:33.329 DEBUG qt.scenegraph.time.renderloop: [window 0x7f030130be40][render thread 0x7f0301180040] syncAndRender: start, elapsed since last call: 6 ms
2026-07-14 19:19:33.329 DEBUG qt.scenegraph.time.renderloop: [window 0x7f030130be40][gui thread] Frame prepared, polish=0 ms, lock=0 ms, blockedForSync=0 ms, animations=0 ms
2026-07-14 19:19:33.329 DEBUG qt.scenegraph.time.renderer: time in renderer: total=0ms, preprocess=0, updates=0, rendering=0
2026-07-14 19:19:33.336 DEBUG qt.scenegraph.time.renderloop: [window 0x7f030130be40][gui thread] polishAndSync: start, elapsed since last call: 6 ms
2026-07-14 19:19:33.336 DEBUG qt.scenegraph.time.renderloop: [window 0x7f030130be40][render thread 0x7f0301180040] syncAndRender: frame rendered in 6ms, sync=0, render=0, swap=6
2026-07-14 19:19:33.336 DEBUG qt.scenegraph.time.renderloop: [window 0x7f030130be40][render thread 0x7f0301180040] syncAndRender: start, elapsed since last call: 6 ms
2026-07-14 19:19:33.336 DEBUG qt.scenegraph.time.renderloop: [window 0x7f030130be40][gui thread] Frame prepared, polish=0 ms, lock=0 ms, blockedForSync=0 ms, animations=0 ms
2026-07-14 19:19:33.336 DEBUG qt.scenegraph.time.renderer: time in renderer: total=0ms, preprocess=0, updates=0, rendering=0
2026-07-14 19:19:33.343 DEBUG qt.scenegraph.time.renderloop: [window 0x7f030130be40][gui thread] polishAndSync: start, elapsed since last call: 6 ms
2026-07-14 19:19:33.343 DEBUG qt.scenegraph.time.renderloop: [window 0x7f030130be40][render thread 0x7f0301180040] syncAndRender: frame rendered in 6ms, sync=0, render=0, swap=6
2026-07-14 19:19:33.343 DEBUG qt.scenegraph.time.renderloop: [window 0x7f030130be40][render thread 0x7f0301180040] syncAndRender: start, elapsed since last call: 6 ms
2026-07-14 19:19:33.343 DEBUG qt.scenegraph.time.renderloop: [window 0x7f030130be40][gui thread] Frame prepared, polish=0 ms, lock=0 ms, blockedForSync=0 ms, animations=0 ms
2026-07-14 19:19:33.343 DEBUG qt.scenegraph.time.renderer: time in renderer: total=0ms, preprocess=0, updates=0, rendering=0
2026-07-14 19:19:33.350 DEBUG qt.scenegraph.time.renderloop: [window 0x7f030130be40][gui thread] polishAndSync: start, elapsed since last call: 7 ms
2026-07-14 19:19:33.350 DEBUG qt.scenegraph.time.renderloop: [window 0x7f030130be40][render thread 0x7f0301180040] syncAndRender: frame rendered in 7ms, sync=0, render=0, swap=7
2026-07-14 19:19:33.350 DEBUG qt.scenegraph.time.renderloop: [window 0x7f030130be40][render thread 0x7f0301180040] syncAndRender: start, elapsed since last call: 7 ms
2026-07-14 19:19:33.350 DEBUG qt.scenegraph.time.renderloop: [window 0x7f030130be40][gui thread] Frame prepared, polish=0 ms, lock=0 ms, blockedForSync=0 ms, animations=0 ms
2026-07-14 19:19:33.350 DEBUG qt.scenegraph.time.renderer: time in renderer: total=0ms, preprocess=0, updates=0, rendering=0
2026-07-14 19:19:33.357 DEBUG qt.scenegraph.time.renderloop: [window 0x7f030130be40][gui thread] polishAndSync: start, elapsed since last call: 7 ms
2026-07-14 19:19:33.357 DEBUG qt.scenegraph.time.renderloop: [window 0x7f030130be40][render thread 0x7f0301180040] syncAndRender: frame rendered in 6ms, sync=0, render=0, swap=6
2026-07-14 19:19:33.357 DEBUG qt.scenegraph.time.renderloop: [window 0x7f030130be40][render thread 0x7f0301180040] syncAndRender: start, elapsed since last call: 6 ms
2026-07-14 19:19:33.357 DEBUG qt.scenegraph.time.renderloop: [window 0x7f030130be40][gui thread] Frame prepared, polish=0 ms, lock=0 ms, blockedForSync=0 ms, animations=0 ms
2026-07-14 19:19:33.357 DEBUG qt.scenegraph.time.renderer: time in renderer: total=0ms, preprocess=0, updates=0, rendering=0
2026-07-14 19:19:33.364 DEBUG qt.scenegraph.time.renderloop: [window 0x7f030130be40][gui thread] polishAndSync: start, elapsed since last call: 6 ms
2026-07-14 19:19:33.364 DEBUG qt.scenegraph.time.renderloop: [window 0x7f030130be40][render thread 0x7f0301180040] syncAndRender: frame rendered in 6ms, sync=0, render=0, swap=6
2026-07-14 19:19:33.364 DEBUG qt.scenegraph.time.renderloop: [window 0x7f030130be40][render thread 0x7f0301180040] syncAndRender: start, elapsed since last call: 6 ms
2026-07-14 19:19:33.364 DEBUG qt.scenegraph.time.renderloop: [window 0x7f030130be40][gui thread] Frame prepared, polish=0 ms, lock=0 ms, blockedForSync=0 ms, animations=0 ms
2026-07-14 19:19:33.364 DEBUG qt.scenegraph.time.renderer: time in renderer: total=0ms, preprocess=0, updates=0, rendering=0
2026-07-14 19:19:33.371 DEBUG qt.scenegraph.time.renderloop: [window 0x7f030130be40][gui thread] polishAndSync: start, elapsed since last call: 7 ms
2026-07-14 19:19:33.371 DEBUG qt.scenegraph.time.renderloop: [window 0x7f030130be40][render thread 0x7f0301180040] syncAndRender: frame rendered in 7ms, sync=0, render=0, swap=6
2026-07-14 19:19:33.371 DEBUG qt.scenegraph.time.renderloop: [window 0x7f030130be40][render thread 0x7f0301180040] syncAndRender: start, elapsed since last call: 7 ms
2026-07-14 19:19:33.371 DEBUG qt.scenegraph.time.renderloop: [window 0x7f030130be40][gui thread] Frame prepared, polish=0 ms, lock=0 ms, blockedForSync=0 ms, animations=0 ms
2026-07-14 19:19:33.371 DEBUG qt.scenegraph.time.renderer: time in renderer: total=0ms, preprocess=0, updates=0, rendering=0
2026-07-14 19:19:33.378 DEBUG qt.scenegraph.time.renderloop: [window 0x7f030130be40][gui thread] polishAndSync: start, elapsed since last call: 6 ms
2026-07-14 19:19:33.378 DEBUG qt.scenegraph.time.renderloop: [window 0x7f030130be40][render thread 0x7f0301180040] syncAndRender: frame rendered in 6ms, sync=0, render=0, swap=6
2026-07-14 19:19:33.378 DEBUG qt.scenegraph.time.renderloop: [window 0x7f030130be40][render thread 0x7f0301180040] syncAndRender: start, elapsed since last call: 7 ms
2026-07-14 19:19:33.378 DEBUG qt.scenegraph.time.renderloop: [window 0x7f030130be40][gui thread] Frame prepared, polish=0 ms, lock=0 ms, blockedForSync=0 ms, animations=0 ms
2026-07-14 19:19:33.378 DEBUG qt.scenegraph.time.renderer: time in renderer: total=0ms, preprocess=0, updates=0, rendering=0
2026-07-14 19:19:33.385 DEBUG qt.scenegraph.time.renderloop: [window 0x7f030130be40][gui thread] polishAndSync: start, elapsed since last call: 6 ms
2026-07-14 19:19:33.385 DEBUG qt.scenegraph.time.renderloop: [window 0x7f030130be40][render thread 0x7f0301180040] syncAndRender: frame rendered in 6ms, sync=0, render=0, swap=6
2026-07-14 19:19:33.385 DEBUG qt.scenegraph.time.renderloop: [window 0x7f030130be40][render thread 0x7f0301180040] syncAndRender: start, elapsed since last call: 6 ms
2026-07-14 19:19:33.385 DEBUG qt.scenegraph.time.renderloop: [window 0x7f030130be40][gui thread] Frame prepared, polish=0 ms, lock=0 ms, blockedForSync=0 ms, animations=0 ms
2026-07-14 19:19:33.385 DEBUG qt.scenegraph.time.renderer: time in renderer: total=0ms, preprocess=0, updates=0, rendering=0
2026-07-14 19:19:33.392 DEBUG qt.scenegraph.time.renderloop: [window 0x7f030130be40][gui thread] polishAndSync: start, elapsed since last call: 6 ms
2026-07-14 19:19:33.392 DEBUG qt.scenegraph.time.renderloop: [window 0x7f030130be40][render thread 0x7f0301180040] syncAndRender: frame rendered in 6ms, sync=0, render=0, swap=6
2026-07-14 19:19:33.392 DEBUG qt.scenegraph.time.renderloop: [window 0x7f030130be40][render thread 0x7f0301180040] syncAndRender: start, elapsed since last call: 6 ms
2026-07-14 19:19:33.392 DEBUG qt.scenegraph.time.renderloop: [window 0x7f030130be40][gui thread] Frame prepared, polish=0 ms, lock=0 ms, blockedForSync=0 ms, animations=0 ms
2026-07-14 19:19:33.392 DEBUG qt.scenegraph.time.renderer: time in renderer: total=0ms, preprocess=0, updates=0, rendering=0
2026-07-14 19:19:33.399 DEBUG qt.scenegraph.time.renderloop: [window 0x7f030130be40][gui thread] polishAndSync: start, elapsed since last call: 6 ms
2026-07-14 19:19:33.399 DEBUG qt.scenegraph.time.renderloop: [window 0x7f030130be40][render thread 0x7f0301180040] syncAndRender: frame rendered in 6ms, sync=0, render=0, swap=6
2026-07-14 19:19:33.399 DEBUG qt.scenegraph.time.renderloop: [window 0x7f030130be40][render thread 0x7f0301180040] syncAndRender: start, elapsed since last call: 6 ms
2026-07-14 19:19:33.399 DEBUG qt.scenegraph.time.renderloop: [window 0x7f030130be40][gui thread] Frame prepared, polish=0 ms, lock=0 ms, blockedForSync=0 ms, animations=0 ms
2026-07-14 19:19:33.399 DEBUG qt.scenegraph.time.renderer: time in renderer: total=0ms, preprocess=0, updates=0, rendering=0
2026-07-14 19:19:33.406 DEBUG qt.scenegraph.time.renderloop: [window 0x7f030130be40][gui thread] polishAndSync: start, elapsed since last call: 6 ms
2026-07-14 19:19:33.406 DEBUG qt.scenegraph.time.renderloop: [window 0x7f030130be40][render thread 0x7f0301180040] syncAndRender: frame rendered in 6ms, sync=0, render=0, swap=6
2026-07-14 19:19:33.406 DEBUG qt.scenegraph.time.renderloop: [window 0x7f030130be40][render thread 0x7f0301180040] syncAndRender: start, elapsed since last call: 6 ms
2026-07-14 19:19:33.406 DEBUG qt.scenegraph.time.renderloop: [window 0x7f030130be40][gui thread] Frame prepared, polish=0 ms, lock=0 ms, blockedForSync=0 ms, animations=0 ms
2026-07-14 19:19:33.406 DEBUG qt.scenegraph.time.renderer: time in renderer: total=0ms, preprocess=0, updates=0, rendering=0
2026-07-14 19:19:33.412 DEBUG qt.scenegraph.time.renderloop: [window 0x7f030130be40][gui thread] polishAndSync: start, elapsed since last call: 6 ms
2026-07-14 19:19:33.412 DEBUG qt.scenegraph.time.renderloop: [window 0x7f030130be40][render thread 0x7f0301180040] syncAndRender: frame rendered in 6ms, sync=0, render=0, swap=6
2026-07-14 19:19:33.413 DEBUG qt.scenegraph.time.renderloop: [window 0x7f030130be40][render thread 0x7f0301180040] syncAndRender: start, elapsed since last call: 7 ms
2026-07-14 19:19:33.413 DEBUG qt.scenegraph.time.renderloop: [window 0x7f030130be40][gui thread] Frame prepared, polish=0 ms, lock=0 ms, blockedForSync=0 ms, animations=0 ms
2026-07-14 19:19:33.413 DEBUG qt.scenegraph.time.renderer: time in renderer: total=0ms, preprocess=0, updates=0, rendering=0
2026-07-14 19:19:33.419 DEBUG qt.scenegraph.time.renderloop: [window 0x7f030130be40][gui thread] polishAndSync: start, elapsed since last call: 6 ms
2026-07-14 19:19:33.419 DEBUG qt.scenegraph.time.renderloop: [window 0x7f030130be40][render thread 0x7f0301180040] syncAndRender: frame rendered in 6ms, sync=0, render=0, swap=6
2026-07-14 19:19:33.419 DEBUG qt.scenegraph.time.renderloop: [window 0x7f030130be40][render thread 0x7f0301180040] syncAndRender: start, elapsed since last call: 6 ms
2026-07-14 19:19:33.419 DEBUG qt.scenegraph.time.renderloop: [window 0x7f030130be40][gui thread] Frame prepared, polish=0 ms, lock=0 ms, blockedForSync=0 ms, animations=0 ms
2026-07-14 19:19:33.420 DEBUG qt.scenegraph.time.renderer: time in renderer: total=0ms, preprocess=0, updates=0, rendering=0
2026-07-14 19:19:33.426 DEBUG qt.scenegraph.time.renderloop: [window 0x7f030130be40][gui thread] polishAndSync: start, elapsed since last call: 6 ms
2026-07-14 19:19:33.426 DEBUG qt.scenegraph.time.renderloop: [window 0x7f030130be40][render thread 0x7f0301180040] syncAndRender: frame rendered in 6ms, sync=0, render=0, swap=6
2026-07-14 19:19:33.426 DEBUG qt.scenegraph.time.renderloop: [window 0x7f030130be40][render thread 0x7f0301180040] syncAndRender: start, elapsed since last call: 6 ms
2026-07-14 19:19:33.426 DEBUG qt.scenegraph.time.renderloop: [window 0x7f030130be40][gui thread] Frame prepared, polish=0 ms, lock=0 ms, blockedForSync=0 ms, animations=0 ms
2026-07-14 19:19:33.426 DEBUG qt.scenegraph.time.renderer: time in renderer: total=0ms, preprocess=0, updates=0, rendering=0
2026-07-14 19:19:33.433 DEBUG qt.scenegraph.time.renderloop: [window 0x7f030130be40][gui thread] polishAndSync: start, elapsed since last call: 7 ms
2026-07-14 19:19:33.433 DEBUG qt.scenegraph.time.renderloop: [window 0x7f030130be40][render thread 0x7f0301180040] syncAndRender: frame rendered in 6ms, sync=0, render=0, swap=6
2026-07-14 19:19:33.433 DEBUG qt.scenegraph.time.renderloop: [window 0x7f030130be40][render thread 0x7f0301180040] syncAndRender: start, elapsed since last call: 6 ms
2026-07-14 19:19:33.433 DEBUG qt.scenegraph.time.renderloop: [window 0x7f030130be40][gui thread] Frame prepared, polish=0 ms, lock=0 ms, blockedForSync=0 ms, animations=0 ms
2026-07-14 19:19:33.433 DEBUG qt.scenegraph.time.renderer: time in renderer: total=0ms, preprocess=0, updates=0, rendering=0
2026-07-14 19:19:33.440 DEBUG qt.scenegraph.time.renderloop: [window 0x7f030130be40][gui thread] polishAndSync: start, elapsed since last call: 6 ms
2026-07-14 19:19:33.440 DEBUG qt.scenegraph.time.renderloop: [window 0x7f030130be40][render thread 0x7f0301180040] syncAndRender: frame rendered in 6ms, sync=0, render=0, swap=6
2026-07-14 19:19:33.440 DEBUG qt.scenegraph.time.renderloop: [window 0x7f030130be40][render thread 0x7f0301180040] syncAndRender: start, elapsed since last call: 6 ms
2026-07-14 19:19:33.440 DEBUG qt.scenegraph.time.renderloop: [window 0x7f030130be40][gui thread] Frame prepared, polish=0 ms, lock=0 ms, blockedForSync=0 ms, animations=0 ms
2026-07-14 19:19:33.440 DEBUG qt.scenegraph.time.renderer: time in renderer: total=0ms, preprocess=0, updates=0, rendering=0
2026-07-14 19:19:33.447 DEBUG qt.scenegraph.time.renderloop: [window 0x7f030130be40][gui thread] polishAndSync: start, elapsed since last call: 6 ms
2026-07-14 19:19:33.447 DEBUG qt.scenegraph.time.renderloop: [window 0x7f030130be40][render thread 0x7f0301180040] syncAndRender: frame rendered in 6ms, sync=0, render=0, swap=6
2026-07-14 19:19:33.448 DEBUG qt.scenegraph.time.renderloop: [window 0x7f030130be40][render thread 0x7f0301180040] syncAndRender: start, elapsed since last call: 7 ms
2026-07-14 19:19:33.448 DEBUG qt.scenegraph.time.renderloop: [window 0x7f030130be40][gui thread] Frame prepared, polish=0 ms, lock=0 ms, blockedForSync=0 ms, animations=0 ms
2026-07-14 19:19:33.448 DEBUG qt.scenegraph.time.renderer: time in renderer: total=0ms, preprocess=0, updates=0, rendering=0
2026-07-14 19:19:33.454 DEBUG qt.scenegraph.time.renderloop: [window 0x7f030130be40][gui thread] polishAndSync: start, elapsed since last call: 6 ms
2026-07-14 19:19:33.454 DEBUG qt.scenegraph.time.renderloop: [window 0x7f030130be40][render thread 0x7f0301180040] syncAndRender: frame rendered in 6ms, sync=0, render=0, swap=6
2026-07-14 19:19:33.454 DEBUG qt.scenegraph.time.renderloop: [window 0x7f030130be40][render thread 0x7f0301180040] syncAndRender: start, elapsed since last call: 6 ms
2026-07-14 19:19:33.454 DEBUG qt.scenegraph.time.renderloop: [window 0x7f030130be40][gui thread] Frame prepared, polish=0 ms, lock=0 ms, blockedForSync=0 ms, animations=0 ms
2026-07-14 19:19:33.454 DEBUG qt.scenegraph.time.renderer: time in renderer: total=0ms, preprocess=0, updates=0, rendering=0
2026-07-14 19:19:33.461 DEBUG qt.scenegraph.time.renderloop: [window 0x7f030130be40][gui thread] polishAndSync: start, elapsed since last call: 6 ms
2026-07-14 19:19:33.461 DEBUG qt.scenegraph.time.renderloop: [window 0x7f030130be40][render thread 0x7f0301180040] syncAndRender: frame rendered in 6ms, sync=0, render=0, swap=6
2026-07-14 19:19:33.461 DEBUG qt.scenegraph.time.renderloop: [window 0x7f030130be40][render thread 0x7f0301180040] syncAndRender: start, elapsed since last call: 6 ms
2026-07-14 19:19:33.461 DEBUG qt.scenegraph.time.renderloop: [window 0x7f030130be40][gui thread] Frame prepared, polish=0 ms, lock=0 ms, blockedForSync=0 ms, animations=0 ms
2026-07-14 19:19:33.461 DEBUG qt.scenegraph.time.renderer: time in renderer: total=0ms, preprocess=0, updates=0, rendering=0
2026-07-14 19:19:33.468 DEBUG qt.scenegraph.time.renderloop: [window 0x7f030130be40][gui thread] polishAndSync: start, elapsed since last call: 6 ms
2026-07-14 19:19:33.468 DEBUG qt.scenegraph.time.renderloop: [window 0x7f030130be40][render thread 0x7f0301180040] syncAndRender: frame rendered in 6ms, sync=0, render=0, swap=6
2026-07-14 19:19:33.468 DEBUG qt.scenegraph.time.renderloop: [window 0x7f030130be40][render thread 0x7f0301180040] syncAndRender: start, elapsed since last call: 6 ms
2026-07-14 19:19:33.468 DEBUG qt.scenegraph.time.renderloop: [window 0x7f030130be40][gui thread] Frame prepared, polish=0 ms, lock=0 ms, blockedForSync=0 ms, animations=0 ms
2026-07-14 19:19:33.468 DEBUG qt.scenegraph.time.renderer: time in renderer: total=0ms, preprocess=0, updates=0, rendering=0
2026-07-14 19:19:33.475 DEBUG qt.scenegraph.time.renderloop: [window 0x7f030130be40][render thread 0x7f0301180040] syncAndRender: frame rendered in 7ms, sync=0, render=0, swap=6
2026-07-14 19:19:33.475 DEBUG qt.scenegraph.time.renderloop: [window 0x7f030130be40][gui thread] polishAndSync: start, elapsed since last call: 7 ms
2026-07-14 19:19:33.475 DEBUG qt.scenegraph.time.renderloop: [window 0x7f030130be40][render thread 0x7f0301180040] syncAndRender: start, elapsed since last call: 7 ms
2026-07-14 19:19:33.475 DEBUG qt.scenegraph.time.renderloop: [window 0x7f030130be40][gui thread] Frame prepared, polish=0 ms, lock=0 ms, blockedForSync=0 ms, animations=0 ms
2026-07-14 19:19:33.475 DEBUG qt.scenegraph.time.renderer: time in renderer: total=0ms, preprocess=0, updates=0, rendering=0
2026-07-14 19:19:33.482 DEBUG qt.scenegraph.time.renderloop: [window 0x7f030130be40][gui thread] polishAndSync: start, elapsed since last call: 6 ms
2026-07-14 19:19:33.482 DEBUG qt.scenegraph.time.renderloop: [window 0x7f030130be40][render thread 0x7f0301180040] syncAndRender: frame rendered in 6ms, sync=0, render=0, swap=6
2026-07-14 19:19:33.482 DEBUG qt.scenegraph.time.renderloop: [window 0x7f030130be40][render thread 0x7f0301180040] syncAndRender: start, elapsed since last call: 7 ms
2026-07-14 19:19:33.482 DEBUG qt.scenegraph.time.renderloop: [window 0x7f030130be40][gui thread] Frame prepared, polish=0 ms, lock=0 ms, blockedForSync=0 ms, animations=0 ms
2026-07-14 19:19:33.482 DEBUG qt.scenegraph.time.renderer: time in renderer: total=0ms, preprocess=0, updates=0, rendering=0
2026-07-14 19:19:33.489 DEBUG qt.scenegraph.time.renderloop: [window 0x7f030130be40][gui thread] polishAndSync: start, elapsed since last call: 6 ms
2026-07-14 19:19:33.489 DEBUG qt.scenegraph.time.renderloop: [window 0x7f030130be40][render thread 0x7f0301180040] syncAndRender: frame rendered in 6ms, sync=0, render=0, swap=6
2026-07-14 19:19:33.489 DEBUG qt.scenegraph.time.renderloop: [window 0x7f030130be40][render thread 0x7f0301180040] syncAndRender: start, elapsed since last call: 6 ms
2026-07-14 19:19:33.489 DEBUG qt.scenegraph.time.renderloop: [window 0x7f030130be40][gui thread] Frame prepared, polish=0 ms, lock=0 ms, blockedForSync=0 ms, animations=0 ms
2026-07-14 19:19:33.489 DEBUG qt.scenegraph.time.renderer: time in renderer: total=0ms, preprocess=0, updates=0, rendering=0
2026-07-14 19:19:33.496 DEBUG qt.scenegraph.time.renderloop: [window 0x7f030130be40][gui thread] polishAndSync: start, elapsed since last call: 6 ms
2026-07-14 19:19:33.496 DEBUG qt.scenegraph.time.renderloop: [window 0x7f030130be40][render thread 0x7f0301180040] syncAndRender: frame rendered in 6ms, sync=0, render=0, swap=6
2026-07-14 19:19:33.496 DEBUG qt.scenegraph.time.renderloop: [window 0x7f030130be40][render thread 0x7f0301180040] syncAndRender: start, elapsed since last call: 6 ms
2026-07-14 19:19:33.496 DEBUG qt.scenegraph.time.renderloop: [window 0x7f030130be40][gui thread] Frame prepared, polish=0 ms, lock=0 ms, blockedForSync=0 ms, animations=0 ms
2026-07-14 19:19:33.496 DEBUG qt.scenegraph.time.renderer: time in renderer: total=0ms, preprocess=0, updates=0, rendering=0
2026-07-14 19:19:33.503 DEBUG qt.scenegraph.time.renderloop: [window 0x7f030130be40][gui thread] polishAndSync: start, elapsed since last call: 6 ms
2026-07-14 19:19:33.503 DEBUG qt.scenegraph.time.renderloop: [window 0x7f030130be40][render thread 0x7f0301180040] syncAndRender: frame rendered in 6ms, sync=0, render=0, swap=6
2026-07-14 19:19:33.503 DEBUG qt.scenegraph.time.renderloop: [window 0x7f030130be40][render thread 0x7f0301180040] syncAndRender: start, elapsed since last call: 6 ms
2026-07-14 19:19:33.503 DEBUG qt.scenegraph.time.renderloop: [window 0x7f030130be40][gui thread] Frame prepared, polish=0 ms, lock=0 ms, blockedForSync=0 ms, animations=0 ms
2026-07-14 19:19:33.503 DEBUG qt.scenegraph.time.renderer: time in renderer: total=0ms, preprocess=0, updates=0, rendering=0
2026-07-14 19:19:33.510 DEBUG qt.scenegraph.time.renderloop: [window 0x7f030130be40][gui thread] polishAndSync: start, elapsed since last call: 7 ms
2026-07-14 19:19:33.510 DEBUG qt.scenegraph.time.renderloop: [window 0x7f030130be40][render thread 0x7f0301180040] syncAndRender: frame rendered in 7ms, sync=0, render=0, swap=7
2026-07-14 19:19:33.510 DEBUG qt.scenegraph.time.renderloop: [window 0x7f030130be40][render thread 0x7f0301180040] syncAndRender: start, elapsed since last call: 7 ms
2026-07-14 19:19:33.510 DEBUG qt.scenegraph.time.renderloop: [window 0x7f030130be40][gui thread] Frame prepared, polish=0 ms, lock=0 ms, blockedForSync=0 ms, animations=0 ms
2026-07-14 19:19:33.510 DEBUG qt.scenegraph.time.renderer: time in renderer: total=0ms, preprocess=0, updates=0, rendering=0
2026-07-14 19:19:33.517 DEBUG qt.scenegraph.time.renderloop: [window 0x7f030130be40][gui thread] polishAndSync: start, elapsed since last call: 6 ms
2026-07-14 19:19:33.517 DEBUG qt.scenegraph.time.renderloop: [window 0x7f030130be40][render thread 0x7f0301180040] syncAndRender: frame rendered in 6ms, sync=0, render=0, swap=6
2026-07-14 19:19:33.517 DEBUG qt.scenegraph.time.renderloop: [window 0x7f030130be40][render thread 0x7f0301180040] syncAndRender: start, elapsed since last call: 6 ms
2026-07-14 19:19:33.517 DEBUG qt.scenegraph.time.renderloop: [window 0x7f030130be40][gui thread] Frame prepared, polish=0 ms, lock=0 ms, blockedForSync=0 ms, animations=0 ms
2026-07-14 19:19:33.517 DEBUG qt.scenegraph.time.renderer: time in renderer: total=0ms, preprocess=0, updates=0, rendering=0
2026-07-14 19:19:33.524 DEBUG qt.scenegraph.time.renderloop: [window 0x7f030130be40][gui thread] polishAndSync: start, elapsed since last call: 6 ms
2026-07-14 19:19:33.524 DEBUG qt.scenegraph.time.renderloop: [window 0x7f030130be40][render thread 0x7f0301180040] syncAndRender: frame rendered in 6ms, sync=0, render=0, swap=6
2026-07-14 19:19:33.524 DEBUG qt.scenegraph.time.renderloop: [window 0x7f030130be40][render thread 0x7f0301180040] syncAndRender: start, elapsed since last call: 6 ms
2026-07-14 19:19:33.524 DEBUG qt.scenegraph.time.renderloop: [window 0x7f030130be40][gui thread] Frame prepared, polish=0 ms, lock=0 ms, blockedForSync=0 ms, animations=0 ms
2026-07-14 19:19:33.524 DEBUG qt.scenegraph.time.renderer: time in renderer: total=0ms, preprocess=0, updates=0, rendering=0
2026-07-14 19:19:33.531 DEBUG qt.scenegraph.time.renderloop: [window 0x7f030130be40][gui thread] polishAndSync: start, elapsed since last call: 6 ms
2026-07-14 19:19:33.531 DEBUG qt.scenegraph.time.renderloop: [window 0x7f030130be40][render thread 0x7f0301180040] syncAndRender: frame rendered in 6ms, sync=0, render=0, swap=6
2026-07-14 19:19:33.531 DEBUG qt.scenegraph.time.renderloop: [window 0x7f030130be40][render thread 0x7f0301180040] syncAndRender: start, elapsed since last call: 6 ms
2026-07-14 19:19:33.531 DEBUG qt.scenegraph.time.renderloop: [window 0x7f030130be40][gui thread] Frame prepared, polish=0 ms, lock=0 ms, blockedForSync=0 ms, animations=0 ms
2026-07-14 19:19:33.531 DEBUG qt.scenegraph.time.renderer: time in renderer: total=0ms, preprocess=0, updates=0, rendering=0
2026-07-14 19:19:33.538 DEBUG qt.scenegraph.time.renderloop: [window 0x7f030130be40][gui thread] polishAndSync: start, elapsed since last call: 6 ms
2026-07-14 19:19:33.538 DEBUG qt.scenegraph.time.renderloop: [window 0x7f030130be40][render thread 0x7f0301180040] syncAndRender: frame rendered in 6ms, sync=0, render=0, swap=6
2026-07-14 19:19:33.538 DEBUG qt.scenegraph.time.renderloop: [window 0x7f030130be40][render thread 0x7f0301180040] syncAndRender: start, elapsed since last call: 6 ms
2026-07-14 19:19:33.538 DEBUG qt.scenegraph.time.renderloop: [window 0x7f030130be40][gui thread] Frame prepared, polish=0 ms, lock=0 ms, blockedForSync=0 ms, animations=0 ms
2026-07-14 19:19:33.538 DEBUG qt.scenegraph.time.renderer: time in renderer: total=0ms, preprocess=0, updates=0, rendering=0
2026-07-14 19:19:33.545 DEBUG qt.scenegraph.time.renderloop: [window 0x7f030130be40][gui thread] polishAndSync: start, elapsed since last call: 6 ms
2026-07-14 19:19:33.545 DEBUG qt.scenegraph.time.renderloop: [window 0x7f030130be40][render thread 0x7f0301180040] syncAndRender: frame rendered in 7ms, sync=0, render=0, swap=6
2026-07-14 19:19:33.545 DEBUG qt.scenegraph.time.renderloop: [window 0x7f030130be40][render thread 0x7f0301180040] syncAndRender: start, elapsed since last call: 7 ms
2026-07-14 19:19:33.545 DEBUG qt.scenegraph.time.renderloop: [window 0x7f030130be40][gui thread] Frame prepared, polish=0 ms, lock=0 ms, blockedForSync=0 ms, animations=0 ms
2026-07-14 19:19:33.545 DEBUG qt.scenegraph.time.renderer: time in renderer: total=0ms, preprocess=0, updates=0, rendering=0
2026-07-14 19:19:33.551 DEBUG qt.scenegraph.time.renderloop: [window 0x7f030130be40][gui thread] polishAndSync: start, elapsed since last call: 6 ms
2026-07-14 19:19:33.551 DEBUG qt.scenegraph.time.renderloop: [window 0x7f030130be40][render thread 0x7f0301180040] syncAndRender: frame rendered in 6ms, sync=0, render=0, swap=6
2026-07-14 19:19:33.551 DEBUG qt.scenegraph.time.renderloop: [window 0x7f030130be40][render thread 0x7f0301180040] syncAndRender: start, elapsed since last call: 6 ms
2026-07-14 19:19:33.552 DEBUG qt.scenegraph.time.renderloop: [window 0x7f030130be40][gui thread] Frame prepared, polish=0 ms, lock=0 ms, blockedForSync=0 ms, animations=0 ms
2026-07-14 19:19:33.552 DEBUG qt.scenegraph.time.renderer: time in renderer: total=0ms, preprocess=0, updates=0, rendering=0
2026-07-14 19:19:33.558 DEBUG qt.scenegraph.time.renderloop: [window 0x7f030130be40][gui thread] polishAndSync: start, elapsed since last call: 6 ms
2026-07-14 19:19:33.558 DEBUG qt.scenegraph.time.renderloop: [window 0x7f030130be40][render thread 0x7f0301180040] syncAndRender: frame rendered in 6ms, sync=0, render=0, swap=6
2026-07-14 19:19:33.558 DEBUG qt.scenegraph.time.renderloop: [window 0x7f030130be40][render thread 0x7f0301180040] syncAndRender: start, elapsed since last call: 6 ms
2026-07-14 19:19:33.559 DEBUG qt.scenegraph.time.renderloop: [window 0x7f030130be40][gui thread] Frame prepared, polish=0 ms, lock=0 ms, blockedForSync=0 ms, animations=0 ms
2026-07-14 19:19:33.559 DEBUG qt.scenegraph.time.renderer: time in renderer: total=0ms, preprocess=0, updates=0, rendering=0
2026-07-14 19:19:33.565 DEBUG qt.scenegraph.time.renderloop: [window 0x7f030130be40][gui thread] polishAndSync: start, elapsed since last call: 6 ms
2026-07-14 19:19:33.565 DEBUG qt.scenegraph.time.renderloop: [window 0x7f030130be40][render thread 0x7f0301180040] syncAndRender: frame rendered in 6ms, sync=0, render=0, swap=6
2026-07-14 19:19:33.565 DEBUG qt.scenegraph.time.renderloop: [window 0x7f030130be40][render thread 0x7f0301180040] syncAndRender: start, elapsed since last call: 6 ms
2026-07-14 19:19:33.565 DEBUG qt.scenegraph.time.renderloop: [window 0x7f030130be40][gui thread] Frame prepared, polish=0 ms, lock=0 ms, blockedForSync=0 ms, animations=0 ms
2026-07-14 19:19:33.565 DEBUG qt.scenegraph.time.renderer: time in renderer: total=0ms, preprocess=0, updates=0, rendering=0
2026-07-14 19:19:33.572 DEBUG qt.scenegraph.time.renderloop: [window 0x7f030130be40][gui thread] polishAndSync: start, elapsed since last call: 6 ms
2026-07-14 19:19:33.572 DEBUG qt.scenegraph.time.renderloop: [window 0x7f030130be40][render thread 0x7f0301180040] syncAndRender: frame rendered in 6ms, sync=0, render=0, swap=6
2026-07-14 19:19:33.572 DEBUG qt.scenegraph.time.renderloop: [window 0x7f030130be40][render thread 0x7f0301180040] syncAndRender: start, elapsed since last call: 6 ms
2026-07-14 19:19:33.572 DEBUG qt.scenegraph.time.renderloop: [window 0x7f030130be40][gui thread] Frame prepared, polish=0 ms, lock=0 ms, blockedForSync=0 ms, animations=0 ms
2026-07-14 19:19:33.572 DEBUG qt.scenegraph.time.renderer: time in renderer: total=0ms, preprocess=0, updates=0, rendering=0
2026-07-14 19:19:33.579 DEBUG qt.scenegraph.time.renderloop: [window 0x7f030130be40][gui thread] polishAndSync: start, elapsed since last call: 7 ms
2026-07-14 19:19:33.579 DEBUG qt.scenegraph.time.renderloop: [window 0x7f030130be40][render thread 0x7f0301180040] syncAndRender: frame rendered in 7ms, sync=0, render=0, swap=7
2026-07-14 19:19:33.580 DEBUG qt.scenegraph.time.renderloop: [window 0x7f030130be40][render thread 0x7f0301180040] syncAndRender: start, elapsed since last call: 7 ms
2026-07-14 19:19:33.580 DEBUG qt.scenegraph.time.renderloop: [window 0x7f030130be40][gui thread] Frame prepared, polish=0 ms, lock=0 ms, blockedForSync=0 ms, animations=0 ms
2026-07-14 19:19:33.580 DEBUG qt.scenegraph.time.renderer: time in renderer: total=0ms, preprocess=0, updates=0, rendering=0
2026-07-14 19:19:33.586 DEBUG qt.scenegraph.time.renderloop: [window 0x7f030130be40][gui thread] polishAndSync: start, elapsed since last call: 6 ms
2026-07-14 19:19:33.586 DEBUG qt.scenegraph.time.renderloop: [window 0x7f030130be40][render thread 0x7f0301180040] syncAndRender: frame rendered in 6ms, sync=0, render=0, swap=6
2026-07-14 19:19:33.586 DEBUG qt.scenegraph.time.renderloop: [window 0x7f030130be40][render thread 0x7f0301180040] syncAndRender: start, elapsed since last call: 6 ms
2026-07-14 19:19:33.586 DEBUG qt.scenegraph.time.renderloop: [window 0x7f030130be40][gui thread] Frame prepared, polish=0 ms, lock=0 ms, blockedForSync=0 ms, animations=0 ms
2026-07-14 19:19:33.586 DEBUG qt.scenegraph.time.renderer: time in renderer: total=0ms, preprocess=0, updates=0, rendering=0
2026-07-14 19:19:33.593 DEBUG qt.scenegraph.time.renderloop: [window 0x7f030130be40][gui thread] polishAndSync: start, elapsed since last call: 6 ms
2026-07-14 19:19:33.593 DEBUG qt.scenegraph.time.renderloop: [window 0x7f030130be40][render thread 0x7f0301180040] syncAndRender: frame rendered in 6ms, sync=0, render=0, swap=6
2026-07-14 19:19:33.593 DEBUG qt.scenegraph.time.renderloop: [window 0x7f030130be40][render thread 0x7f0301180040] syncAndRender: start, elapsed since last call: 6 ms
2026-07-14 19:19:33.593 DEBUG qt.scenegraph.time.renderloop: [window 0x7f030130be40][gui thread] Frame prepared, polish=0 ms, lock=0 ms, blockedForSync=0 ms, animations=0 ms
2026-07-14 19:19:33.593 DEBUG qt.scenegraph.time.renderer: time in renderer: total=0ms, preprocess=0, updates=0, rendering=0
2026-07-14 19:19:33.600 DEBUG qt.scenegraph.time.renderloop: [window 0x7f030130be40][gui thread] polishAndSync: start, elapsed since last call: 6 ms
2026-07-14 19:19:33.600 DEBUG qt.scenegraph.time.renderloop: [window 0x7f030130be40][render thread 0x7f0301180040] syncAndRender: frame rendered in 6ms, sync=0, render=0, swap=6
2026-07-14 19:19:33.600 DEBUG qt.scenegraph.time.renderloop: [window 0x7f030130be40][render thread 0x7f0301180040] syncAndRender: start, elapsed since last call: 6 ms
2026-07-14 19:19:33.600 DEBUG qt.scenegraph.time.renderloop: [window 0x7f030130be40][gui thread] Frame prepared, polish=0 ms, lock=0 ms, blockedForSync=0 ms, animations=0 ms
2026-07-14 19:19:33.600 DEBUG qt.scenegraph.time.renderer: time in renderer: total=0ms, preprocess=0, updates=0, rendering=0
2026-07-14 19:19:33.607 DEBUG qt.scenegraph.time.renderloop: [window 0x7f030130be40][render thread 0x7f0301180040] syncAndRender: frame rendered in 6ms, sync=0, render=0, swap=6
2026-07-14 19:19:33.614 DEBUG qt.scenegraph.time.renderloop: [window 0x7f030130be40][gui thread] polishAndSync: start, elapsed since last call: 14 ms
2026-07-14 19:19:33.614 DEBUG qt.scenegraph.time.renderloop: [window 0x7f030130be40][render thread 0x7f0301180040] syncAndRender: start, elapsed since last call: 14 ms
2026-07-14 19:19:33.615 DEBUG qt.scenegraph.time.renderloop: [window 0x7f030130be40][gui thread] Frame prepared, polish=0 ms, lock=0 ms, blockedForSync=0 ms, animations=0 ms
2026-07-14 19:19:33.615 DEBUG qt.scenegraph.time.renderer: time in renderer: total=0ms, preprocess=0, updates=0, rendering=0
2026-07-14 19:19:33.615 DEBUG qt.scenegraph.time.renderloop: [window 0x7f030130be40][render thread 0x7f0301180040] syncAndRender: frame rendered in 0ms, sync=0, render=0, swap=0
2026-07-14 19:19:33.621 DEBUG qt.scenegraph.time.renderloop: [window 0x7f030130be40][gui thread] polishAndSync: start, elapsed since last call: 6 ms
2026-07-14 19:19:33.621 DEBUG qt.scenegraph.time.renderloop: [window 0x7f030130be40][render thread 0x7f0301180040] syncAndRender: start, elapsed since last call: 6 ms
2026-07-14 19:19:33.621 DEBUG qt.scenegraph.time.renderloop: [window 0x7f030130be40][gui thread] Frame prepared, polish=0 ms, lock=0 ms, blockedForSync=0 ms, animations=0 ms
2026-07-14 19:19:33.621 DEBUG qt.scenegraph.time.renderer: time in renderer: total=0ms, preprocess=0, updates=0, rendering=0
2026-07-14 19:19:33.621 DEBUG qt.scenegraph.time.renderloop: [window 0x7f030130be40][render thread 0x7f0301180040] syncAndRender: frame rendered in 0ms, sync=0, render=0, swap=0
2026-07-14 19:19:33.645 DEBUG qt.scenegraph.time.renderloop: [window 0x7f030130be40][gui thread] polishAndSync: start, elapsed since last call: 24 ms
2026-07-14 19:19:33.645 DEBUG qt.scenegraph.time.renderloop: [window 0x7f030130be40][render thread 0x7f0301180040] syncAndRender: start, elapsed since last call: 24 ms
2026-07-14 19:19:33.645 DEBUG qt.scenegraph.time.renderloop: [window 0x7f030130be40][gui thread] Frame prepared, polish=0 ms, lock=0 ms, blockedForSync=0 ms, animations=0 ms
2026-07-14 19:19:33.645 DEBUG qt.scenegraph.time.renderer: time in renderer: total=0ms, preprocess=0, updates=0, rendering=0
2026-07-14 19:19:33.646 DEBUG qt.scenegraph.time.renderloop: [window 0x7f030130be40][render thread 0x7f0301180040] syncAndRender: frame rendered in 0ms, sync=0, render=0, swap=0
2026-07-14 19:19:33.646 DEBUG qt.scenegraph.time.renderloop: [window 0x7f030130be40][gui thread] polishAndSync: start, elapsed since last call: 0 ms
2026-07-14 19:19:33.646 DEBUG qt.scenegraph.time.renderloop: [window 0x7f030130be40][render thread 0x7f0301180040] syncAndRender: start, elapsed since last call: 0 ms
2026-07-14 19:19:33.646 DEBUG qt.scenegraph.time.renderloop: [window 0x7f030130be40][gui thread] Frame prepared, polish=0 ms, lock=0 ms, blockedForSync=0 ms, animations=0 ms
2026-07-14 19:19:33.646 DEBUG qt.scenegraph.time.renderer: time in renderer: total=0ms, preprocess=0, updates=0, rendering=0
2026-07-14 19:19:33.646 DEBUG qt.scenegraph.time.renderloop: [window 0x7f030130be40][render thread 0x7f0301180040] syncAndRender: frame rendered in 0ms, sync=0, render=0, swap=0
2026-07-14 19:19:33.678 DEBUG qt.scenegraph.time.renderloop: [window 0x7f030130be40][gui thread] polishAndSync: start, elapsed since last call: 31 ms
2026-07-14 19:19:33.678 DEBUG qt.scenegraph.time.renderloop: [window 0x7f030130be40][render thread 0x7f0301180040] syncAndRender: start, elapsed since last call: 32 ms
2026-07-14 19:19:33.678 DEBUG qt.scenegraph.time.renderloop: [window 0x7f030130be40][gui thread] Frame prepared, polish=0 ms, lock=0 ms, blockedForSync=0 ms, animations=0 ms
2026-07-14 19:19:33.678 DEBUG qt.scenegraph.time.renderer: time in renderer: total=0ms, preprocess=0, updates=0, rendering=0
2026-07-14 19:19:33.679 DEBUG qt.scenegraph.time.renderloop: [window 0x7f030130be40][render thread 0x7f0301180040] syncAndRender: frame rendered in 0ms, sync=0, render=0, swap=0
2026-07-14 19:19:33.679 DEBUG qt.scenegraph.time.renderloop: [window 0x7f030130be40][gui thread] polishAndSync: start, elapsed since last call: 0 ms
2026-07-14 19:19:33.679 DEBUG qt.scenegraph.time.renderloop: [window 0x7f030130be40][render thread 0x7f0301180040] syncAndRender: start, elapsed since last call: 0 ms
2026-07-14 19:19:33.679 DEBUG qt.scenegraph.time.renderloop: [window 0x7f030130be40][gui thread] Frame prepared, polish=0 ms, lock=0 ms, blockedForSync=0 ms, animations=0 ms
2026-07-14 19:19:33.679 DEBUG qt.scenegraph.time.renderer: time in renderer: total=0ms, preprocess=0, updates=0, rendering=0
2026-07-14 19:19:33.679 DEBUG qt.scenegraph.time.renderloop: [window 0x7f030130be40][render thread 0x7f0301180040] syncAndRender: frame rendered in 0ms, sync=0, render=0, swap=0
2026-07-14 19:19:33.712 DEBUG qt.scenegraph.time.renderloop: [window 0x7f030130be40][gui thread] polishAndSync: start, elapsed since last call: 32 ms
2026-07-14 19:19:33.712 DEBUG qt.scenegraph.time.renderloop: [window 0x7f030130be40][render thread 0x7f0301180040] syncAndRender: start, elapsed since last call: 33 ms
2026-07-14 19:19:33.712 DEBUG qt.scenegraph.time.renderloop: [window 0x7f030130be40][gui thread] Frame prepared, polish=0 ms, lock=0 ms, blockedForSync=0 ms, animations=0 ms
2026-07-14 19:19:33.712 DEBUG qt.scenegraph.time.renderer: time in renderer: total=0ms, preprocess=0, updates=0, rendering=0
2026-07-14 19:19:33.712 DEBUG qt.scenegraph.time.renderloop: [window 0x7f030130be40][render thread 0x7f0301180040] syncAndRender: frame rendered in 0ms, sync=0, render=0, swap=0
2026-07-14 19:19:33.713 DEBUG qt.scenegraph.time.renderloop: [window 0x7f030130be40][gui thread] polishAndSync: start, elapsed since last call: 1 ms
2026-07-14 19:19:33.713 DEBUG qt.scenegraph.time.renderloop: [window 0x7f030130be40][render thread 0x7f0301180040] syncAndRender: start, elapsed since last call: 0 ms
2026-07-14 19:19:33.713 DEBUG qt.scenegraph.time.renderloop: [window 0x7f030130be40][gui thread] Frame prepared, polish=0 ms, lock=0 ms, blockedForSync=0 ms, animations=0 ms
2026-07-14 19:19:33.713 DEBUG qt.scenegraph.time.renderer: time in renderer: total=0ms, preprocess=0, updates=0, rendering=0
2026-07-14 19:19:33.713 DEBUG qt.scenegraph.time.renderloop: [window 0x7f030130be40][render thread 0x7f0301180040] syncAndRender: frame rendered in 0ms, sync=0, render=0, swap=0
2026-07-14 19:19:33.744 DEBUG qt.scenegraph.time.renderloop: [window 0x7f030130be40][gui thread] polishAndSync: start, elapsed since last call: 31 ms
2026-07-14 19:19:33.745 DEBUG qt.scenegraph.time.renderloop: [window 0x7f030130be40][render thread 0x7f0301180040] syncAndRender: start, elapsed since last call: 32 ms
2026-07-14 19:19:33.745 DEBUG qt.scenegraph.time.renderloop: [window 0x7f030130be40][gui thread] Frame prepared, polish=0 ms, lock=0 ms, blockedForSync=0 ms, animations=0 ms
2026-07-14 19:19:33.745 DEBUG qt.scenegraph.time.renderer: time in renderer: total=0ms, preprocess=0, updates=0, rendering=0
2026-07-14 19:19:33.745 DEBUG qt.scenegraph.time.renderloop: [window 0x7f030130be40][render thread 0x7f0301180040] syncAndRender: frame rendered in 0ms, sync=0, render=0, swap=0
2026-07-14 19:19:33.745 DEBUG qt.scenegraph.time.renderloop: [window 0x7f030130be40][gui thread] polishAndSync: start, elapsed since last call: 1 ms
2026-07-14 19:19:33.746 DEBUG qt.scenegraph.time.renderloop: [window 0x7f030130be40][render thread 0x7f0301180040] syncAndRender: start, elapsed since last call: 0 ms
2026-07-14 19:19:33.746 DEBUG qt.scenegraph.time.renderloop: [window 0x7f030130be40][gui thread] Frame prepared, polish=0 ms, lock=0 ms, blockedForSync=0 ms, animations=0 ms
2026-07-14 19:19:33.746 DEBUG qt.scenegraph.time.renderer: time in renderer: total=0ms, preprocess=0, updates=0, rendering=0
2026-07-14 19:19:33.746 DEBUG qt.scenegraph.time.renderloop: [window 0x7f030130be40][render thread 0x7f0301180040] syncAndRender: frame rendered in 0ms, sync=0, render=0, swap=0
2026-07-14 19:19:33.777 DEBUG qt.scenegraph.time.renderloop: [window 0x7f030130be40][gui thread] polishAndSync: start, elapsed since last call: 31 ms
2026-07-14 19:19:33.778 DEBUG qt.scenegraph.time.renderloop: [window 0x7f030130be40][render thread 0x7f0301180040] syncAndRender: start, elapsed since last call: 32 ms
2026-07-14 19:19:33.778 DEBUG qt.scenegraph.time.renderloop: [window 0x7f030130be40][gui thread] Frame prepared, polish=0 ms, lock=0 ms, blockedForSync=0 ms, animations=0 ms
2026-07-14 19:19:33.778 DEBUG qt.scenegraph.time.renderer: time in renderer: total=0ms, preprocess=0, updates=0, rendering=0
2026-07-14 19:19:33.778 DEBUG qt.scenegraph.time.renderloop: [window 0x7f030130be40][render thread 0x7f0301180040] syncAndRender: frame rendered in 0ms, sync=0, render=0, swap=0
2026-07-14 19:19:33.778 DEBUG qt.scenegraph.time.renderloop: [window 0x7f030130be40][gui thread] polishAndSync: start, elapsed since last call: 1 ms
2026-07-14 19:19:33.778 DEBUG qt.scenegraph.time.renderloop: [window 0x7f030130be40][render thread 0x7f0301180040] syncAndRender: start, elapsed since last call: 0 ms
2026-07-14 19:19:33.778 DEBUG qt.scenegraph.time.renderloop: [window 0x7f030130be40][gui thread] Frame prepared, polish=0 ms, lock=0 ms, blockedForSync=0 ms, animations=0 ms
2026-07-14 19:19:33.778 DEBUG qt.scenegraph.time.renderer: time in renderer: total=0ms, preprocess=0, updates=0, rendering=0
2026-07-14 19:19:33.779 DEBUG qt.scenegraph.time.renderloop: [window 0x7f030130be40][render thread 0x7f0301180040] syncAndRender: frame rendered in 0ms, sync=0, render=0, swap=0
2026-07-14 19:19:33.810 DEBUG qt.scenegraph.time.renderloop: [window 0x7f030130be40][gui thread] polishAndSync: start, elapsed since last call: 31 ms
2026-07-14 19:19:33.810 DEBUG qt.scenegraph.time.renderloop: [window 0x7f030130be40][render thread 0x7f0301180040] syncAndRender: start, elapsed since last call: 31 ms
2026-07-14 19:19:33.810 DEBUG qt.scenegraph.time.renderloop: [window 0x7f030130be40][gui thread] Frame prepared, polish=0 ms, lock=0 ms, blockedForSync=0 ms, animations=0 ms
2026-07-14 19:19:33.810 DEBUG qt.scenegraph.time.renderer: time in renderer: total=0ms, preprocess=0, updates=0, rendering=0
2026-07-14 19:19:33.811 DEBUG qt.scenegraph.time.renderloop: [window 0x7f030130be40][render thread 0x7f0301180040] syncAndRender: frame rendered in 0ms, sync=0, render=0, swap=0
2026-07-14 19:19:33.811 DEBUG qt.scenegraph.time.renderloop: [window 0x7f030130be40][gui thread] polishAndSync: start, elapsed since last call: 1 ms
2026-07-14 19:19:33.811 DEBUG qt.scenegraph.time.renderloop: [window 0x7f030130be40][render thread 0x7f0301180040] syncAndRender: start, elapsed since last call: 0 ms
2026-07-14 19:19:33.811 DEBUG qt.scenegraph.time.renderloop: [window 0x7f030130be40][gui thread] Frame prepared, polish=0 ms, lock=0 ms, blockedForSync=0 ms, animations=0 ms
2026-07-14 19:19:33.811 DEBUG qt.scenegraph.time.renderer: time in renderer: total=0ms, preprocess=0, updates=0, rendering=0
2026-07-14 19:19:33.811 DEBUG qt.scenegraph.time.renderloop: [window 0x7f030130be40][render thread 0x7f0301180040] syncAndRender: frame rendered in 0ms, sync=0, render=0, swap=0
2026-07-14 19:19:33.844 DEBUG qt.scenegraph.time.renderloop: [window 0x7f030130be40][gui thread] polishAndSync: start, elapsed since last call: 32 ms
2026-07-14 19:19:33.844 DEBUG qt.scenegraph.time.renderloop: [window 0x7f030130be40][render thread 0x7f0301180040] syncAndRender: start, elapsed since last call: 33 ms
2026-07-14 19:19:33.844 DEBUG qt.scenegraph.time.renderloop: [window 0x7f030130be40][gui thread] Frame prepared, polish=0 ms, lock=0 ms, blockedForSync=0 ms, animations=0 ms
2026-07-14 19:19:33.844 DEBUG qt.scenegraph.time.renderer: time in renderer: total=0ms, preprocess=0, updates=0, rendering=0
2026-07-14 19:19:33.845 DEBUG qt.scenegraph.time.renderloop: [window 0x7f030130be40][render thread 0x7f0301180040] syncAndRender: frame rendered in 0ms, sync=0, render=0, swap=0
2026-07-14 19:19:33.845 DEBUG qt.scenegraph.time.renderloop: [window 0x7f030130be40][gui thread] polishAndSync: start, elapsed since last call: 1 ms
2026-07-14 19:19:33.845 DEBUG qt.scenegraph.time.renderloop: [window 0x7f030130be40][render thread 0x7f0301180040] syncAndRender: start, elapsed since last call: 0 ms
2026-07-14 19:19:33.845 DEBUG qt.scenegraph.time.renderloop: [window 0x7f030130be40][gui thread] Frame prepared, polish=0 ms, lock=0 ms, blockedForSync=0 ms, animations=0 ms
2026-07-14 19:19:33.845 DEBUG qt.scenegraph.time.renderer: time in renderer: total=0ms, preprocess=0, updates=0, rendering=0
2026-07-14 19:19:33.845 DEBUG qt.scenegraph.time.renderloop: [window 0x7f030130be40][render thread 0x7f0301180040] syncAndRender: frame rendered in 0ms, sync=0, render=0, swap=0
2026-07-14 19:19:33.877 DEBUG qt.scenegraph.time.renderloop: [window 0x7f030130be40][gui thread] polishAndSync: start, elapsed since last call: 31 ms
2026-07-14 19:19:33.877 DEBUG qt.scenegraph.time.renderloop: [window 0x7f030130be40][render thread 0x7f0301180040] syncAndRender: start, elapsed since last call: 31 ms
2026-07-14 19:19:33.877 DEBUG qt.scenegraph.time.renderloop: [window 0x7f030130be40][gui thread] Frame prepared, polish=0 ms, lock=0 ms, blockedForSync=0 ms, animations=0 ms
2026-07-14 19:19:33.877 DEBUG qt.scenegraph.time.renderer: time in renderer: total=0ms, preprocess=0, updates=0, rendering=0
2026-07-14 19:19:33.877 DEBUG qt.scenegraph.time.renderloop: [window 0x7f030130be40][render thread 0x7f0301180040] syncAndRender: frame rendered in 0ms, sync=0, render=0, swap=0
2026-07-14 19:19:33.878 DEBUG qt.scenegraph.time.renderloop: [window 0x7f030130be40][gui thread] polishAndSync: start, elapsed since last call: 0 ms
2026-07-14 19:19:33.878 DEBUG qt.scenegraph.time.renderloop: [window 0x7f030130be40][render thread 0x7f0301180040] syncAndRender: start, elapsed since last call: 0 ms
2026-07-14 19:19:33.878 DEBUG qt.scenegraph.time.renderloop: [window 0x7f030130be40][gui thread] Frame prepared, polish=0 ms, lock=0 ms, blockedForSync=0 ms, animations=0 ms
2026-07-14 19:19:33.878 DEBUG qt.scenegraph.time.renderer: time in renderer: total=0ms, preprocess=0, updates=0, rendering=0
2026-07-14 19:19:33.878 DEBUG qt.scenegraph.time.renderloop: [window 0x7f030130be40][render thread 0x7f0301180040] syncAndRender: frame rendered in 0ms, sync=0, render=0, swap=0
2026-07-14 19:19:33.909 DEBUG qt.scenegraph.time.renderloop: [window 0x7f030130be40][gui thread] polishAndSync: start, elapsed since last call: 31 ms
2026-07-14 19:19:33.910 DEBUG qt.scenegraph.time.renderloop: [window 0x7f030130be40][render thread 0x7f0301180040] syncAndRender: start, elapsed since last call: 32 ms
2026-07-14 19:19:33.910 DEBUG qt.scenegraph.time.renderloop: [window 0x7f030130be40][gui thread] Frame prepared, polish=0 ms, lock=0 ms, blockedForSync=0 ms, animations=0 ms
2026-07-14 19:19:33.910 DEBUG qt.scenegraph.time.renderer: time in renderer: total=0ms, preprocess=0, updates=0, rendering=0
2026-07-14 19:19:33.910 DEBUG qt.scenegraph.time.renderloop: [window 0x7f030130be40][render thread 0x7f0301180040] syncAndRender: frame rendered in 0ms, sync=0, render=0, swap=0
2026-07-14 19:19:33.911 DEBUG qt.scenegraph.time.renderloop: [window 0x7f030130be40][gui thread] polishAndSync: start, elapsed since last call: 1 ms
2026-07-14 19:19:33.911 DEBUG qt.scenegraph.time.renderloop: [window 0x7f030130be40][render thread 0x7f0301180040] syncAndRender: start, elapsed since last call: 0 ms
2026-07-14 19:19:33.911 DEBUG qt.scenegraph.time.renderloop: [window 0x7f030130be40][gui thread] Frame prepared, polish=0 ms, lock=0 ms, blockedForSync=0 ms, animations=0 ms
2026-07-14 19:19:33.911 DEBUG qt.scenegraph.time.renderer: time in renderer: total=0ms, preprocess=0, updates=0, rendering=0
2026-07-14 19:19:33.911 DEBUG qt.scenegraph.time.renderloop: [window 0x7f030130be40][render thread 0x7f0301180040] syncAndRender: frame rendered in 0ms, sync=0, render=0, swap=0
2026-07-14 19:19:33.942 DEBUG qt.scenegraph.time.renderloop: [window 0x7f030130be40][gui thread] polishAndSync: start, elapsed since last call: 31 ms
2026-07-14 19:19:33.942 DEBUG qt.scenegraph.time.renderloop: [window 0x7f030130be40][render thread 0x7f0301180040] syncAndRender: start, elapsed since last call: 31 ms
2026-07-14 19:19:33.943 DEBUG qt.scenegraph.time.renderloop: [window 0x7f030130be40][gui thread] Frame prepared, polish=0 ms, lock=0 ms, blockedForSync=0 ms, animations=0 ms
2026-07-14 19:19:33.943 DEBUG qt.scenegraph.time.renderer: time in renderer: total=0ms, preprocess=0, updates=0, rendering=0
2026-07-14 19:19:33.943 DEBUG qt.scenegraph.time.renderloop: [window 0x7f030130be40][render thread 0x7f0301180040] syncAndRender: frame rendered in 0ms, sync=0, render=0, swap=0
2026-07-14 19:19:33.943 DEBUG qt.scenegraph.time.renderloop: [window 0x7f030130be40][gui thread] polishAndSync: start, elapsed since last call: 1 ms
2026-07-14 19:19:33.943 DEBUG qt.scenegraph.time.renderloop: [window 0x7f030130be40][render thread 0x7f0301180040] syncAndRender: start, elapsed since last call: 0 ms
2026-07-14 19:19:33.943 DEBUG qt.scenegraph.time.renderloop: [window 0x7f030130be40][gui thread] Frame prepared, polish=0 ms, lock=0 ms, blockedForSync=0 ms, animations=0 ms
2026-07-14 19:19:33.943 DEBUG qt.scenegraph.time.renderer: time in renderer: total=0ms, preprocess=0, updates=0, rendering=0
2026-07-14 19:19:33.944 DEBUG qt.scenegraph.time.renderloop: [window 0x7f030130be40][render thread 0x7f0301180040] syncAndRender: frame rendered in 0ms, sync=0, render=0, swap=0
2026-07-14 19:19:33.975 DEBUG qt.scenegraph.time.renderloop: [window 0x7f030130be40][gui thread] polishAndSync: start, elapsed since last call: 31 ms
2026-07-14 19:19:33.975 DEBUG qt.scenegraph.time.renderloop: [window 0x7f030130be40][render thread 0x7f0301180040] syncAndRender: start, elapsed since last call: 31 ms
2026-07-14 19:19:33.975 DEBUG qt.scenegraph.time.renderloop: [window 0x7f030130be40][gui thread] Frame prepared, polish=0 ms, lock=0 ms, blockedForSync=0 ms, animations=0 ms
2026-07-14 19:19:33.975 DEBUG qt.scenegraph.time.renderer: time in renderer: total=0ms, preprocess=0, updates=0, rendering=0
2026-07-14 19:19:33.976 DEBUG qt.scenegraph.time.renderloop: [window 0x7f030130be40][render thread 0x7f0301180040] syncAndRender: frame rendered in 0ms, sync=0, render=0, swap=0
2026-07-14 19:19:33.976 DEBUG qt.scenegraph.time.renderloop: [window 0x7f030130be40][gui thread] polishAndSync: start, elapsed since last call: 1 ms
2026-07-14 19:19:33.976 DEBUG qt.scenegraph.time.renderloop: [window 0x7f030130be40][render thread 0x7f0301180040] syncAndRender: start, elapsed since last call: 0 ms
2026-07-14 19:19:33.976 DEBUG qt.scenegraph.time.renderloop: [window 0x7f030130be40][gui thread] Frame prepared, polish=0 ms, lock=0 ms, blockedForSync=0 ms, animations=0 ms
2026-07-14 19:19:33.976 DEBUG qt.scenegraph.time.renderer: time in renderer: total=0ms, preprocess=0, updates=0, rendering=0
2026-07-14 19:19:33.976 DEBUG qt.scenegraph.time.renderloop: [window 0x7f030130be40][render thread 0x7f0301180040] syncAndRender: frame rendered in 0ms, sync=0, render=0, swap=0
2026-07-14 19:19:34.009 DEBUG qt.scenegraph.time.renderloop: [window 0x7f030130be40][gui thread] polishAndSync: start, elapsed since last call: 32 ms
2026-07-14 19:19:34.009 DEBUG qt.scenegraph.time.renderloop: [window 0x7f030130be40][render thread 0x7f0301180040] syncAndRender: start, elapsed since last call: 32 ms
2026-07-14 19:19:34.009 DEBUG qt.scenegraph.time.renderloop: [window 0x7f030130be40][gui thread] Frame prepared, polish=0 ms, lock=0 ms, blockedForSync=0 ms, animations=0 ms
2026-07-14 19:19:34.009 DEBUG qt.scenegraph.time.renderer: time in renderer: total=0ms, preprocess=0, updates=0, rendering=0
2026-07-14 19:19:34.009 DEBUG qt.scenegraph.time.renderloop: [window 0x7f030130be40][render thread 0x7f0301180040] syncAndRender: frame rendered in 0ms, sync=0, render=0, swap=0
2026-07-14 19:19:34.010 DEBUG qt.scenegraph.time.renderloop: [window 0x7f030130be40][gui thread] polishAndSync: start, elapsed since last call: 1 ms
2026-07-14 19:19:34.010 DEBUG qt.scenegraph.time.renderloop: [window 0x7f030130be40][render thread 0x7f0301180040] syncAndRender: start, elapsed since last call: 0 ms
2026-07-14 19:19:34.010 DEBUG qt.scenegraph.time.renderloop: [window 0x7f030130be40][gui thread] Frame prepared, polish=0 ms, lock=0 ms, blockedForSync=0 ms, animations=0 ms
2026-07-14 19:19:34.010 DEBUG qt.scenegraph.time.renderer: time in renderer: total=0ms, preprocess=0, updates=0, rendering=0
2026-07-14 19:19:34.010 DEBUG qt.scenegraph.time.renderloop: [window 0x7f030130be40][render thread 0x7f0301180040] syncAndRender: frame rendered in 0ms, sync=0, render=0, swap=0
2026-07-14 19:19:34.041 DEBUG qt.scenegraph.time.renderloop: [window 0x7f030130be40][gui thread] polishAndSync: start, elapsed since last call: 31 ms
2026-07-14 19:19:34.042 DEBUG qt.scenegraph.time.renderloop: [window 0x7f030130be40][render thread 0x7f0301180040] syncAndRender: start, elapsed since last call: 31 ms
2026-07-14 19:19:34.042 DEBUG qt.scenegraph.time.renderloop: [window 0x7f030130be40][gui thread] Frame prepared, polish=0 ms, lock=0 ms, blockedForSync=0 ms, animations=0 ms
2026-07-14 19:19:34.042 DEBUG qt.scenegraph.time.renderer: time in renderer: total=0ms, preprocess=0, updates=0, rendering=0
2026-07-14 19:19:34.042 DEBUG qt.scenegraph.time.renderloop: [window 0x7f030130be40][render thread 0x7f0301180040] syncAndRender: frame rendered in 0ms, sync=0, render=0, swap=0
2026-07-14 19:19:34.043 DEBUG qt.scenegraph.time.renderloop: [window 0x7f030130be40][gui thread] polishAndSync: start, elapsed since last call: 1 ms
2026-07-14 19:19:34.043 DEBUG qt.scenegraph.time.renderloop: [window 0x7f030130be40][render thread 0x7f0301180040] syncAndRender: start, elapsed since last call: 0 ms
2026-07-14 19:19:34.043 DEBUG qt.scenegraph.time.renderloop: [window 0x7f030130be40][gui thread] Frame prepared, polish=0 ms, lock=0 ms, blockedForSync=0 ms, animations=0 ms
2026-07-14 19:19:34.043 DEBUG qt.scenegraph.time.renderer: time in renderer: total=0ms, preprocess=0, updates=0, rendering=0
2026-07-14 19:19:34.043 DEBUG qt.scenegraph.time.renderloop: [window 0x7f030130be40][render thread 0x7f0301180040] syncAndRender: frame rendered in 0ms, sync=0, render=0, swap=0
2026-07-14 19:19:34.074 DEBUG qt.scenegraph.time.renderloop: [window 0x7f030130be40][gui thread] polishAndSync: start, elapsed since last call: 31 ms
2026-07-14 19:19:34.074 DEBUG qt.scenegraph.time.renderloop: [window 0x7f030130be40][render thread 0x7f0301180040] syncAndRender: start, elapsed since last call: 31 ms
2026-07-14 19:19:34.075 DEBUG qt.scenegraph.time.renderloop: [window 0x7f030130be40][gui thread] Frame prepared, polish=0 ms, lock=0 ms, blockedForSync=0 ms, animations=0 ms
2026-07-14 19:19:34.075 DEBUG qt.scenegraph.time.renderer: time in renderer: total=0ms, preprocess=0, updates=0, rendering=0
2026-07-14 19:19:34.075 DEBUG qt.scenegraph.time.renderloop: [window 0x7f030130be40][render thread 0x7f0301180040] syncAndRender: frame rendered in 0ms, sync=0, render=0, swap=0
2026-07-14 19:19:34.075 DEBUG qt.scenegraph.time.renderloop: [window 0x7f030130be40][gui thread] polishAndSync: start, elapsed since last call: 1 ms
2026-07-14 19:19:34.075 DEBUG qt.scenegraph.time.renderloop: [window 0x7f030130be40][render thread 0x7f0301180040] syncAndRender: start, elapsed since last call: 0 ms
2026-07-14 19:19:34.075 DEBUG qt.scenegraph.time.renderloop: [window 0x7f030130be40][gui thread] Frame prepared, polish=0 ms, lock=0 ms, blockedForSync=0 ms, animations=0 ms
2026-07-14 19:19:34.075 DEBUG qt.scenegraph.time.renderer: time in renderer: total=0ms, preprocess=0, updates=0, rendering=0
2026-07-14 19:19:34.076 DEBUG qt.scenegraph.time.renderloop: [window 0x7f030130be40][render thread 0x7f0301180040] syncAndRender: frame rendered in 0ms, sync=0, render=0, swap=0
2026-07-14 19:19:34.107 DEBUG qt.scenegraph.time.renderloop: [window 0x7f030130be40][gui thread] polishAndSync: start, elapsed since last call: 31 ms
2026-07-14 19:19:34.107 DEBUG qt.scenegraph.time.renderloop: [window 0x7f030130be40][render thread 0x7f0301180040] syncAndRender: start, elapsed since last call: 31 ms
2026-07-14 19:19:34.107 DEBUG qt.scenegraph.time.renderloop: [window 0x7f030130be40][gui thread] Frame prepared, polish=0 ms, lock=0 ms, blockedForSync=0 ms, animations=0 ms
2026-07-14 19:19:34.107 DEBUG qt.scenegraph.time.renderer: time in renderer: total=0ms, preprocess=0, updates=0, rendering=0
2026-07-14 19:19:34.108 DEBUG qt.scenegraph.time.renderloop: [window 0x7f030130be40][render thread 0x7f0301180040] syncAndRender: frame rendered in 0ms, sync=0, render=0, swap=0
2026-07-14 19:19:34.108 DEBUG qt.scenegraph.time.renderloop: [window 0x7f030130be40][gui thread] polishAndSync: start, elapsed since last call: 1 ms
2026-07-14 19:19:34.108 DEBUG qt.scenegraph.time.renderloop: [window 0x7f030130be40][render thread 0x7f0301180040] syncAndRender: start, elapsed since last call: 0 ms
2026-07-14 19:19:34.108 DEBUG qt.scenegraph.time.renderloop: [window 0x7f030130be40][gui thread] Frame prepared, polish=0 ms, lock=0 ms, blockedForSync=0 ms, animations=0 ms
2026-07-14 19:19:34.108 DEBUG qt.scenegraph.time.renderer: time in renderer: total=0ms, preprocess=0, updates=0, rendering=0
2026-07-14 19:19:34.108 DEBUG qt.scenegraph.time.renderloop: [window 0x7f030130be40][render thread 0x7f0301180040] syncAndRender: frame rendered in 0ms, sync=0, render=0, swap=0
2026-07-14 19:19:34.141 DEBUG qt.scenegraph.time.renderloop: [window 0x7f030130be40][gui thread] polishAndSync: start, elapsed since last call: 32 ms
2026-07-14 19:19:34.141 DEBUG qt.scenegraph.time.renderloop: [window 0x7f030130be40][render thread 0x7f0301180040] syncAndRender: start, elapsed since last call: 32 ms
2026-07-14 19:19:34.141 DEBUG qt.scenegraph.time.renderloop: [window 0x7f030130be40][gui thread] Frame prepared, polish=0 ms, lock=0 ms, blockedForSync=0 ms, animations=0 ms
2026-07-14 19:19:34.141 DEBUG qt.scenegraph.time.renderer: time in renderer: total=0ms, preprocess=0, updates=0, rendering=0
2026-07-14 19:19:34.142 DEBUG qt.scenegraph.time.renderloop: [window 0x7f030130be40][render thread 0x7f0301180040] syncAndRender: frame rendered in 0ms, sync=0, render=0, swap=0
2026-07-14 19:19:34.142 DEBUG qt.scenegraph.time.renderloop: [window 0x7f030130be40][gui thread] polishAndSync: start, elapsed since last call: 1 ms
2026-07-14 19:19:34.142 DEBUG qt.scenegraph.time.renderloop: [window 0x7f030130be40][render thread 0x7f0301180040] syncAndRender: start, elapsed since last call: 1 ms
2026-07-14 19:19:34.142 DEBUG qt.scenegraph.time.renderloop: [window 0x7f030130be40][gui thread] Frame prepared, polish=0 ms, lock=0 ms, blockedForSync=0 ms, animations=0 ms
2026-07-14 19:19:34.142 DEBUG qt.scenegraph.time.renderer: time in renderer: total=0ms, preprocess=0, updates=0, rendering=0
2026-07-14 19:19:34.142 DEBUG qt.scenegraph.time.renderloop: [window 0x7f030130be40][render thread 0x7f0301180040] syncAndRender: frame rendered in 0ms, sync=0, render=0, swap=0
2026-07-14 19:19:34.173 DEBUG qt.scenegraph.time.renderloop: [window 0x7f030130be40][gui thread] polishAndSync: start, elapsed since last call: 31 ms
2026-07-14 19:19:34.174 DEBUG qt.scenegraph.time.renderloop: [window 0x7f030130be40][render thread 0x7f0301180040] syncAndRender: start, elapsed since last call: 31 ms
2026-07-14 19:19:34.174 DEBUG qt.scenegraph.time.renderloop: [window 0x7f030130be40][gui thread] Frame prepared, polish=0 ms, lock=0 ms, blockedForSync=0 ms, animations=0 ms
2026-07-14 19:19:34.174 DEBUG qt.scenegraph.time.renderer: time in renderer: total=0ms, preprocess=0, updates=0, rendering=0
2026-07-14 19:19:34.174 DEBUG qt.scenegraph.time.renderloop: [window 0x7f030130be40][render thread 0x7f0301180040] syncAndRender: frame rendered in 0ms, sync=0, render=0, swap=0
2026-07-14 19:19:34.174 DEBUG qt.scenegraph.time.renderloop: [window 0x7f030130be40][gui thread] polishAndSync: start, elapsed since last call: 1 ms
2026-07-14 19:19:34.174 DEBUG qt.scenegraph.time.renderloop: [window 0x7f030130be40][render thread 0x7f0301180040] syncAndRender: start, elapsed since last call: 0 ms
2026-07-14 19:19:34.174 DEBUG qt.scenegraph.time.renderloop: [window 0x7f030130be40][gui thread] Frame prepared, polish=0 ms, lock=0 ms, blockedForSync=0 ms, animations=0 ms
2026-07-14 19:19:34.174 DEBUG qt.scenegraph.time.renderer: time in renderer: total=0ms, preprocess=0, updates=0, rendering=0
2026-07-14 19:19:34.175 DEBUG qt.scenegraph.time.renderloop: [window 0x7f030130be40][render thread 0x7f0301180040] syncAndRender: frame rendered in 0ms, sync=0, render=0, swap=0
2026-07-14 19:19:34.206 DEBUG qt.scenegraph.time.renderloop: [window 0x7f030130be40][gui thread] polishAndSync: start, elapsed since last call: 31 ms
2026-07-14 19:19:34.207 DEBUG qt.scenegraph.time.renderloop: [window 0x7f030130be40][render thread 0x7f0301180040] syncAndRender: start, elapsed since last call: 32 ms
2026-07-14 19:19:34.207 DEBUG qt.scenegraph.time.renderloop: [window 0x7f030130be40][gui thread] Frame prepared, polish=0 ms, lock=0 ms, blockedForSync=0 ms, animations=0 ms
2026-07-14 19:19:34.207 DEBUG qt.scenegraph.time.renderer: time in renderer: total=0ms, preprocess=0, updates=0, rendering=0
2026-07-14 19:19:34.207 DEBUG qt.scenegraph.time.renderloop: [window 0x7f030130be40][render thread 0x7f0301180040] syncAndRender: frame rendered in 0ms, sync=0, render=0, swap=0
2026-07-14 19:19:34.207 DEBUG qt.scenegraph.time.renderloop: [window 0x7f030130be40][gui thread] polishAndSync: start, elapsed since last call: 1 ms
2026-07-14 19:19:34.207 DEBUG qt.scenegraph.time.renderloop: [window 0x7f030130be40][render thread 0x7f0301180040] syncAndRender: start, elapsed since last call: 0 ms
2026-07-14 19:19:34.207 DEBUG qt.scenegraph.time.renderloop: [window 0x7f030130be40][gui thread] Frame prepared, polish=0 ms, lock=0 ms, blockedForSync=0 ms, animations=0 ms
2026-07-14 19:19:34.207 DEBUG qt.scenegraph.time.renderer: time in renderer: total=0ms, preprocess=0, updates=0, rendering=0
2026-07-14 19:19:34.208 DEBUG qt.scenegraph.time.renderloop: [window 0x7f030130be40][render thread 0x7f0301180040] syncAndRender: frame rendered in 0ms, sync=0, render=0, swap=0
2026-07-14 19:19:34.239 DEBUG qt.scenegraph.time.renderloop: [window 0x7f030130be40][gui thread] polishAndSync: start, elapsed since last call: 31 ms
2026-07-14 19:19:34.239 DEBUG qt.scenegraph.time.renderloop: [window 0x7f030130be40][render thread 0x7f0301180040] syncAndRender: start, elapsed since last call: 31 ms
2026-07-14 19:19:34.239 DEBUG qt.scenegraph.time.renderloop: [window 0x7f030130be40][gui thread] Frame prepared, polish=0 ms, lock=0 ms, blockedForSync=0 ms, animations=0 ms
2026-07-14 19:19:34.239 DEBUG qt.scenegraph.time.renderer: time in renderer: total=0ms, preprocess=0, updates=0, rendering=0
2026-07-14 19:19:34.239 DEBUG qt.scenegraph.time.renderloop: [window 0x7f030130be40][render thread 0x7f0301180040] syncAndRender: frame rendered in 0ms, sync=0, render=0, swap=0
2026-07-14 19:19:34.240 DEBUG qt.scenegraph.time.renderloop: [window 0x7f030130be40][gui thread] polishAndSync: start, elapsed since last call: 0 ms
2026-07-14 19:19:34.240 DEBUG qt.scenegraph.time.renderloop: [window 0x7f030130be40][render thread 0x7f0301180040] syncAndRender: start, elapsed since last call: 0 ms
2026-07-14 19:19:34.240 DEBUG qt.scenegraph.time.renderloop: [window 0x7f030130be40][gui thread] Frame prepared, polish=0 ms, lock=0 ms, blockedForSync=0 ms, animations=0 ms
2026-07-14 19:19:34.240 DEBUG qt.scenegraph.time.renderer: time in renderer: total=0ms, preprocess=0, updates=0, rendering=0
2026-07-14 19:19:34.240 DEBUG qt.scenegraph.time.renderloop: [window 0x7f030130be40][render thread 0x7f0301180040] syncAndRender: frame rendered in 0ms, sync=0, render=0, swap=0
2026-07-14 19:19:34.273 DEBUG qt.scenegraph.time.renderloop: [window 0x7f030130be40][gui thread] polishAndSync: start, elapsed since last call: 32 ms
2026-07-14 19:19:34.273 DEBUG qt.scenegraph.time.renderloop: [window 0x7f030130be40][render thread 0x7f0301180040] syncAndRender: start, elapsed since last call: 33 ms
2026-07-14 19:19:34.273 DEBUG qt.scenegraph.time.renderloop: [window 0x7f030130be40][gui thread] Frame prepared, polish=0 ms, lock=0 ms, blockedForSync=0 ms, animations=0 ms
2026-07-14 19:19:34.273 DEBUG qt.scenegraph.time.renderer: time in renderer: total=0ms, preprocess=0, updates=0, rendering=0
2026-07-14 19:19:34.274 DEBUG qt.scenegraph.time.renderloop: [window 0x7f030130be40][render thread 0x7f0301180040] syncAndRender: frame rendered in 0ms, sync=0, render=0, swap=0
2026-07-14 19:19:34.274 DEBUG qt.scenegraph.time.renderloop: [window 0x7f030130be40][gui thread] polishAndSync: start, elapsed since last call: 1 ms
2026-07-14 19:19:34.274 DEBUG qt.scenegraph.time.renderloop: [window 0x7f030130be40][render thread 0x7f0301180040] syncAndRender: start, elapsed since last call: 1 ms
2026-07-14 19:19:34.274 DEBUG qt.scenegraph.time.renderloop: [window 0x7f030130be40][gui thread] Frame prepared, polish=0 ms, lock=0 ms, blockedForSync=0 ms, animations=0 ms
2026-07-14 19:19:34.274 DEBUG qt.scenegraph.time.renderer: time in renderer: total=0ms, preprocess=0, updates=0, rendering=0
2026-07-14 19:19:34.275 DEBUG qt.scenegraph.time.renderloop: [window 0x7f030130be40][render thread 0x7f0301180040] syncAndRender: frame rendered in 0ms, sync=0, render=0, swap=0
2026-07-14 19:19:34.305 DEBUG qt.scenegraph.time.renderloop: [window 0x7f030130be40][gui thread] polishAndSync: start, elapsed since last call: 30 ms
2026-07-14 19:19:34.305 DEBUG qt.scenegraph.time.renderloop: [window 0x7f030130be40][render thread 0x7f0301180040] syncAndRender: start, elapsed since last call: 31 ms
2026-07-14 19:19:34.305 DEBUG qt.scenegraph.time.renderloop: [window 0x7f030130be40][gui thread] Frame prepared, polish=0 ms, lock=0 ms, blockedForSync=0 ms, animations=0 ms
2026-07-14 19:19:34.305 DEBUG qt.scenegraph.time.renderer: time in renderer: total=0ms, preprocess=0, updates=0, rendering=0
2026-07-14 19:19:34.306 DEBUG qt.scenegraph.time.renderloop: [window 0x7f030130be40][render thread 0x7f0301180040] syncAndRender: frame rendered in 0ms, sync=0, render=0, swap=0
2026-07-14 19:19:34.309 DEBUG qt.scenegraph.time.renderloop: [window 0x7f030130be40][gui thread] polishAndSync: start, elapsed since last call: 3 ms
2026-07-14 19:19:34.309 DEBUG qt.scenegraph.time.renderloop: [window 0x7f030130be40][render thread 0x7f0301180040] syncAndRender: start, elapsed since last call: 3 ms
2026-07-14 19:19:34.309 DEBUG qt.scenegraph.time.renderloop: [window 0x7f030130be40][gui thread] Frame prepared, polish=0 ms, lock=0 ms, blockedForSync=0 ms, animations=0 ms
2026-07-14 19:19:34.309 DEBUG qt.scenegraph.time.renderer: time in renderer: total=0ms, preprocess=0, updates=0, rendering=0
2026-07-14 19:19:34.309 DEBUG qt.scenegraph.time.renderloop: [window 0x7f030130be40][render thread 0x7f0301180040] syncAndRender: frame rendered in 0ms, sync=0, render=0, swap=0
2026-07-14 19:19:34.339 DEBUG qt.scenegraph.time.renderloop: [window 0x7f030130be40][gui thread] polishAndSync: start, elapsed since last call: 30 ms
2026-07-14 19:19:34.339 DEBUG qt.scenegraph.time.renderloop: [window 0x7f030130be40][render thread 0x7f0301180040] syncAndRender: start, elapsed since last call: 30 ms
2026-07-14 19:19:34.339 DEBUG qt.scenegraph.time.renderloop: [window 0x7f030130be40][gui thread] Frame prepared, polish=0 ms, lock=0 ms, blockedForSync=0 ms, animations=0 ms
2026-07-14 19:19:34.340 DEBUG qt.scenegraph.time.renderer: time in renderer: total=0ms, preprocess=0, updates=0, rendering=0
2026-07-14 19:19:34.340 DEBUG qt.scenegraph.time.renderloop: [window 0x7f030130be40][render thread 0x7f0301180040] syncAndRender: frame rendered in 0ms, sync=0, render=0, swap=0
2026-07-14 19:19:34.344 DEBUG qt.scenegraph.time.renderloop: [window 0x7f030130be40][gui thread] polishAndSync: start, elapsed since last call: 4 ms
2026-07-14 19:19:34.344 DEBUG qt.scenegraph.time.renderloop: [window 0x7f030130be40][render thread 0x7f0301180040] syncAndRender: start, elapsed since last call: 4 ms
2026-07-14 19:19:34.344 DEBUG qt.scenegraph.time.renderloop: [window 0x7f030130be40][gui thread] Frame prepared, polish=0 ms, lock=0 ms, blockedForSync=0 ms, animations=0 ms
2026-07-14 19:19:34.344 DEBUG qt.scenegraph.time.renderer: time in renderer: total=0ms, preprocess=0, updates=0, rendering=0
2026-07-14 19:19:34.344 DEBUG qt.scenegraph.time.renderloop: [window 0x7f030130be40][render thread 0x7f0301180040] syncAndRender: frame rendered in 0ms, sync=0, render=0, swap=0
2026-07-14 19:19:34.372 DEBUG qt.scenegraph.time.renderloop: [window 0x7f030130be40][gui thread] polishAndSync: start, elapsed since last call: 28 ms
2026-07-14 19:19:34.372 DEBUG qt.scenegraph.time.renderloop: [window 0x7f030130be40][render thread 0x7f0301180040] syncAndRender: start, elapsed since last call: 28 ms
2026-07-14 19:19:34.372 DEBUG qt.scenegraph.time.renderloop: [window 0x7f030130be40][gui thread] Frame prepared, polish=0 ms, lock=0 ms, blockedForSync=0 ms, animations=0 ms
2026-07-14 19:19:34.372 DEBUG qt.scenegraph.time.renderer: time in renderer: total=0ms, preprocess=0, updates=0, rendering=0
2026-07-14 19:19:34.373 DEBUG qt.scenegraph.time.renderloop: [window 0x7f030130be40][render thread 0x7f0301180040] syncAndRender: frame rendered in 0ms, sync=0, render=0, swap=0
2026-07-14 19:19:34.378 DEBUG qt.scenegraph.time.renderloop: [window 0x7f030130be40][gui thread] polishAndSync: start, elapsed since last call: 6 ms
2026-07-14 19:19:34.378 DEBUG qt.scenegraph.time.renderloop: [window 0x7f030130be40][render thread 0x7f0301180040] syncAndRender: start, elapsed since last call: 6 ms
2026-07-14 19:19:34.379 DEBUG qt.scenegraph.time.renderloop: [window 0x7f030130be40][gui thread] Frame prepared, polish=0 ms, lock=0 ms, blockedForSync=0 ms, animations=0 ms
2026-07-14 19:19:34.379 DEBUG qt.scenegraph.time.renderer: time in renderer: total=0ms, preprocess=0, updates=0, rendering=0
2026-07-14 19:19:34.379 DEBUG qt.scenegraph.time.renderloop: [window 0x7f030130be40][render thread 0x7f0301180040] syncAndRender: frame rendered in 0ms, sync=0, render=0, swap=0
2026-07-14 19:19:34.405 DEBUG qt.scenegraph.time.renderloop: [window 0x7f030130be40][gui thread] polishAndSync: start, elapsed since last call: 26 ms
2026-07-14 19:19:34.405 DEBUG qt.scenegraph.time.renderloop: [window 0x7f030130be40][render thread 0x7f0301180040] syncAndRender: start, elapsed since last call: 26 ms
2026-07-14 19:19:34.405 DEBUG qt.scenegraph.time.renderloop: [window 0x7f030130be40][gui thread] Frame prepared, polish=0 ms, lock=0 ms, blockedForSync=0 ms, animations=0 ms
2026-07-14 19:19:34.405 DEBUG qt.scenegraph.time.renderer: time in renderer: total=0ms, preprocess=0, updates=0, rendering=0
2026-07-14 19:19:34.405 DEBUG qt.scenegraph.time.renderloop: [window 0x7f030130be40][render thread 0x7f0301180040] syncAndRender: frame rendered in 0ms, sync=0, render=0, swap=0
2026-07-14 19:19:34.406 DEBUG qt.scenegraph.time.renderloop: [window 0x7f030130be40][gui thread] polishAndSync: start, elapsed since last call: 1 ms
2026-07-14 19:19:34.406 DEBUG qt.scenegraph.time.renderloop: [window 0x7f030130be40][render thread 0x7f0301180040] syncAndRender: start, elapsed since last call: 1 ms
2026-07-14 19:19:34.406 DEBUG qt.scenegraph.time.renderloop: [window 0x7f030130be40][gui thread] Frame prepared, polish=0 ms, lock=0 ms, blockedForSync=0 ms, animations=0 ms
2026-07-14 19:19:34.407 DEBUG qt.scenegraph.time.renderer: time in renderer: total=0ms, preprocess=0, updates=0, rendering=0
2026-07-14 19:19:34.407 DEBUG qt.scenegraph.time.renderloop: [window 0x7f030130be40][render thread 0x7f0301180040] syncAndRender: frame rendered in 0ms, sync=0, render=0, swap=0
2026-07-14 19:19:34.437 DEBUG qt.scenegraph.time.renderloop: [window 0x7f030130be40][gui thread] polishAndSync: start, elapsed since last call: 30 ms
2026-07-14 19:19:34.438 DEBUG qt.scenegraph.time.renderloop: [window 0x7f030130be40][render thread 0x7f0301180040] syncAndRender: start, elapsed since last call: 31 ms
2026-07-14 19:19:34.438 DEBUG qt.scenegraph.time.renderloop: [window 0x7f030130be40][gui thread] Frame prepared, polish=0 ms, lock=0 ms, blockedForSync=0 ms, animations=0 ms
2026-07-14 19:19:34.438 DEBUG qt.scenegraph.time.renderer: time in renderer: total=0ms, preprocess=0, updates=0, rendering=0
2026-07-14 19:19:34.438 DEBUG qt.scenegraph.time.renderloop: [window 0x7f030130be40][render thread 0x7f0301180040] syncAndRender: frame rendered in 0ms, sync=0, render=0, swap=0
2026-07-14 19:19:34.441 DEBUG qt.scenegraph.time.renderloop: [window 0x7f030130be40][gui thread] polishAndSync: start, elapsed since last call: 3 ms
2026-07-14 19:19:34.441 DEBUG qt.scenegraph.time.renderloop: [window 0x7f030130be40][render thread 0x7f0301180040] syncAndRender: start, elapsed since last call: 3 ms
2026-07-14 19:19:34.441 DEBUG qt.scenegraph.time.renderloop: [window 0x7f030130be40][gui thread] Frame prepared, polish=0 ms, lock=0 ms, blockedForSync=0 ms, animations=0 ms
2026-07-14 19:19:34.441 DEBUG qt.scenegraph.time.renderer: time in renderer: total=0ms, preprocess=0, updates=0, rendering=0
2026-07-14 19:19:34.441 DEBUG qt.scenegraph.time.renderloop: [window 0x7f030130be40][render thread 0x7f0301180040] syncAndRender: frame rendered in 0ms, sync=0, render=0, swap=0
2026-07-14 19:19:34.470 DEBUG qt.scenegraph.time.renderloop: [window 0x7f030130be40][gui thread] polishAndSync: start, elapsed since last call: 29 ms
2026-07-14 19:19:34.471 DEBUG qt.scenegraph.time.renderloop: [window 0x7f030130be40][render thread 0x7f0301180040] syncAndRender: start, elapsed since last call: 29 ms
2026-07-14 19:19:34.471 DEBUG qt.scenegraph.time.renderloop: [window 0x7f030130be40][gui thread] Frame prepared, polish=0 ms, lock=0 ms, blockedForSync=0 ms, animations=0 ms
2026-07-14 19:19:34.471 DEBUG qt.scenegraph.time.renderer: time in renderer: total=0ms, preprocess=0, updates=0, rendering=0
2026-07-14 19:19:34.471 DEBUG qt.scenegraph.time.renderloop: [window 0x7f030130be40][render thread 0x7f0301180040] syncAndRender: frame rendered in 0ms, sync=0, render=0, swap=0
2026-07-14 19:19:34.476 DEBUG qt.scenegraph.time.renderloop: [window 0x7f030130be40][gui thread] polishAndSync: start, elapsed since last call: 5 ms
2026-07-14 19:19:34.476 DEBUG qt.scenegraph.time.renderloop: [window 0x7f030130be40][render thread 0x7f0301180040] syncAndRender: start, elapsed since last call: 5 ms
2026-07-14 19:19:34.476 DEBUG qt.scenegraph.time.renderloop: [window 0x7f030130be40][gui thread] Frame prepared, polish=0 ms, lock=0 ms, blockedForSync=0 ms, animations=0 ms
2026-07-14 19:19:34.476 DEBUG qt.scenegraph.time.renderer: time in renderer: total=0ms, preprocess=0, updates=0, rendering=0
2026-07-14 19:19:34.476 DEBUG qt.scenegraph.time.renderloop: [window 0x7f030130be40][render thread 0x7f0301180040] syncAndRender: frame rendered in 0ms, sync=0, render=0, swap=0
2026-07-14 19:19:34.503 DEBUG qt.scenegraph.time.renderloop: [window 0x7f030130be40][gui thread] polishAndSync: start, elapsed since last call: 27 ms
2026-07-14 19:19:34.505 DEBUG qt.scenegraph.time.renderloop: [window 0x7f030130be40][render thread 0x7f0301180040] syncAndRender: start, elapsed since last call: 29 ms
2026-07-14 19:19:34.505 DEBUG qt.scenegraph.time.renderloop: [window 0x7f030130be40][gui thread] Frame prepared, polish=2 ms, lock=0 ms, blockedForSync=0 ms, animations=0 ms
2026-07-14 19:19:34.505 DEBUG qt.scenegraph.time.renderer: time in renderer: total=0ms, preprocess=0, updates=0, rendering=0
2026-07-14 19:19:34.505 DEBUG qt.scenegraph.time.renderloop: [window 0x7f030130be40][render thread 0x7f0301180040] syncAndRender: frame rendered in 0ms, sync=0, render=0, swap=0
2026-07-14 19:19:34.510 DEBUG qt.scenegraph.time.renderloop: [window 0x7f030130be40][gui thread] polishAndSync: start, elapsed since last call: 7 ms
2026-07-14 19:19:34.511 DEBUG qt.scenegraph.time.renderloop: [window 0x7f030130be40][render thread 0x7f0301180040] syncAndRender: start, elapsed since last call: 5 ms
2026-07-14 19:19:34.511 DEBUG qt.scenegraph.time.renderloop: [window 0x7f030130be40][gui thread] Frame prepared, polish=0 ms, lock=0 ms, blockedForSync=0 ms, animations=0 ms
2026-07-14 19:19:34.511 DEBUG qt.scenegraph.time.renderer: time in renderer: total=0ms, preprocess=0, updates=0, rendering=0
2026-07-14 19:19:34.511 DEBUG qt.scenegraph.time.renderloop: [window 0x7f030130be40][render thread 0x7f0301180040] syncAndRender: frame rendered in 0ms, sync=0, render=0, swap=0
2026-07-14 19:19:34.537 DEBUG qt.scenegraph.time.renderloop: [window 0x7f030130be40][gui thread] polishAndSync: start, elapsed since last call: 26 ms
2026-07-14 19:19:34.537 DEBUG qt.scenegraph.time.renderloop: [window 0x7f030130be40][render thread 0x7f0301180040] syncAndRender: start, elapsed since last call: 26 ms
2026-07-14 19:19:34.537 DEBUG qt.scenegraph.time.renderloop: [window 0x7f030130be40][gui thread] Frame prepared, polish=0 ms, lock=0 ms, blockedForSync=0 ms, animations=0 ms
2026-07-14 19:19:34.537 DEBUG qt.scenegraph.time.renderer: time in renderer: total=0ms, preprocess=0, updates=0, rendering=0
2026-07-14 19:19:34.537 DEBUG qt.scenegraph.time.renderloop: [window 0x7f030130be40][render thread 0x7f0301180040] syncAndRender: frame rendered in 0ms, sync=0, render=0, swap=0
2026-07-14 19:19:34.538 DEBUG qt.scenegraph.time.renderloop: [window 0x7f030130be40][gui thread] polishAndSync: start, elapsed since last call: 1 ms
2026-07-14 19:19:34.538 DEBUG qt.scenegraph.time.renderloop: [window 0x7f030130be40][render thread 0x7f0301180040] syncAndRender: start, elapsed since last call: 1 ms
2026-07-14 19:19:34.538 DEBUG qt.scenegraph.time.renderloop: [window 0x7f030130be40][gui thread] Frame prepared, polish=0 ms, lock=0 ms, blockedForSync=0 ms, animations=0 ms
2026-07-14 19:19:34.538 DEBUG qt.scenegraph.time.renderer: time in renderer: total=0ms, preprocess=0, updates=0, rendering=0
2026-07-14 19:19:34.539 DEBUG qt.scenegraph.time.renderloop: [window 0x7f030130be40][render thread 0x7f0301180040] syncAndRender: frame rendered in 0ms, sync=0, render=0, swap=0
2026-07-14 19:19:34.570 DEBUG qt.scenegraph.time.renderloop: [window 0x7f030130be40][gui thread] polishAndSync: start, elapsed since last call: 31 ms
2026-07-14 19:19:34.570 DEBUG qt.scenegraph.time.renderloop: [window 0x7f030130be40][render thread 0x7f0301180040] syncAndRender: start, elapsed since last call: 31 ms
2026-07-14 19:19:34.570 DEBUG qt.scenegraph.time.renderloop: [window 0x7f030130be40][gui thread] Frame prepared, polish=0 ms, lock=0 ms, blockedForSync=0 ms, animations=0 ms
2026-07-14 19:19:34.570 DEBUG qt.scenegraph.time.renderer: time in renderer: total=0ms, preprocess=0, updates=0, rendering=0
2026-07-14 19:19:34.570 DEBUG qt.scenegraph.time.renderloop: [window 0x7f030130be40][render thread 0x7f0301180040] syncAndRender: frame rendered in 0ms, sync=0, render=0, swap=0
2026-07-14 19:19:34.573 DEBUG qt.scenegraph.time.renderloop: [window 0x7f030130be40][gui thread] polishAndSync: start, elapsed since last call: 3 ms
2026-07-14 19:19:34.573 DEBUG qt.scenegraph.time.renderloop: [window 0x7f030130be40][render thread 0x7f0301180040] syncAndRender: start, elapsed since last call: 3 ms
2026-07-14 19:19:34.573 DEBUG qt.scenegraph.time.renderloop: [window 0x7f030130be40][gui thread] Frame prepared, polish=0 ms, lock=0 ms, blockedForSync=0 ms, animations=0 ms
2026-07-14 19:19:34.573 DEBUG qt.scenegraph.time.renderer: time in renderer: total=0ms, preprocess=0, updates=0, rendering=0
2026-07-14 19:19:34.573 DEBUG qt.scenegraph.time.renderloop: [window 0x7f030130be40][render thread 0x7f0301180040] syncAndRender: frame rendered in 0ms, sync=0, render=0, swap=0
2026-07-14 19:19:34.602 DEBUG qt.scenegraph.time.renderloop: [window 0x7f030130be40][gui thread] polishAndSync: start, elapsed since last call: 29 ms
2026-07-14 19:19:34.603 DEBUG qt.scenegraph.time.renderloop: [window 0x7f030130be40][render thread 0x7f0301180040] syncAndRender: start, elapsed since last call: 29 ms
2026-07-14 19:19:34.603 DEBUG qt.scenegraph.time.renderloop: [window 0x7f030130be40][gui thread] Frame prepared, polish=0 ms, lock=0 ms, blockedForSync=0 ms, animations=0 ms
2026-07-14 19:19:34.603 DEBUG qt.scenegraph.time.renderer: time in renderer: total=0ms, preprocess=0, updates=0, rendering=0
2026-07-14 19:19:34.603 DEBUG qt.scenegraph.time.renderloop: [window 0x7f030130be40][render thread 0x7f0301180040] syncAndRender: frame rendered in 0ms, sync=0, render=0, swap=0
2026-07-14 19:19:34.608 DEBUG qt.scenegraph.time.renderloop: [window 0x7f030130be40][gui thread] polishAndSync: start, elapsed since last call: 5 ms
2026-07-14 19:19:34.608 DEBUG qt.scenegraph.time.renderloop: [window 0x7f030130be40][render thread 0x7f0301180040] syncAndRender: start, elapsed since last call: 5 ms
2026-07-14 19:19:34.608 DEBUG qt.scenegraph.time.renderloop: [window 0x7f030130be40][gui thread] Frame prepared, polish=0 ms, lock=0 ms, blockedForSync=0 ms, animations=0 ms
2026-07-14 19:19:34.608 DEBUG qt.scenegraph.time.renderer: time in renderer: total=0ms, preprocess=0, updates=0, rendering=0
2026-07-14 19:19:34.608 DEBUG qt.scenegraph.time.renderloop: [window 0x7f030130be40][render thread 0x7f0301180040] syncAndRender: frame rendered in 0ms, sync=0, render=0, swap=0
2026-07-14 19:19:34.635 DEBUG qt.scenegraph.time.renderloop: [window 0x7f030130be40][gui thread] polishAndSync: start, elapsed since last call: 27 ms
2026-07-14 19:19:34.635 DEBUG qt.scenegraph.time.renderloop: [window 0x7f030130be40][render thread 0x7f0301180040] syncAndRender: start, elapsed since last call: 27 ms
2026-07-14 19:19:34.635 DEBUG qt.scenegraph.time.renderloop: [window 0x7f030130be40][gui thread] Frame prepared, polish=0 ms, lock=0 ms, blockedForSync=0 ms, animations=0 ms
2026-07-14 19:19:34.635 DEBUG qt.scenegraph.time.renderer: time in renderer: total=0ms, preprocess=0, updates=0, rendering=0
2026-07-14 19:19:34.635 DEBUG qt.scenegraph.time.renderloop: [window 0x7f030130be40][render thread 0x7f0301180040] syncAndRender: frame rendered in 0ms, sync=0, render=0, swap=0
2026-07-14 19:19:34.642 DEBUG qt.scenegraph.time.renderloop: [window 0x7f030130be40][gui thread] polishAndSync: start, elapsed since last call: 7 ms
2026-07-14 19:19:34.643 DEBUG qt.scenegraph.time.renderloop: [window 0x7f030130be40][render thread 0x7f0301180040] syncAndRender: start, elapsed since last call: 7 ms
2026-07-14 19:19:34.643 DEBUG qt.scenegraph.time.renderloop: [window 0x7f030130be40][gui thread] Frame prepared, polish=0 ms, lock=0 ms, blockedForSync=0 ms, animations=0 ms
2026-07-14 19:19:34.643 DEBUG qt.scenegraph.time.renderer: time in renderer: total=0ms, preprocess=0, updates=0, rendering=0
2026-07-14 19:19:34.643 DEBUG qt.scenegraph.time.renderloop: [window 0x7f030130be40][render thread 0x7f0301180040] syncAndRender: frame rendered in 0ms, sync=0, render=0, swap=0
2026-07-14 19:19:34.669 DEBUG qt.scenegraph.time.renderloop: [window 0x7f030130be40][gui thread] polishAndSync: start, elapsed since last call: 26 ms
2026-07-14 19:19:34.669 DEBUG qt.scenegraph.time.renderloop: [window 0x7f030130be40][render thread 0x7f0301180040] syncAndRender: start, elapsed since last call: 26 ms
2026-07-14 19:19:34.669 DEBUG qt.scenegraph.time.renderloop: [window 0x7f030130be40][gui thread] Frame prepared, polish=0 ms, lock=0 ms, blockedForSync=0 ms, animations=0 ms
2026-07-14 19:19:34.669 DEBUG qt.scenegraph.time.renderer: time in renderer: total=0ms, preprocess=0, updates=0, rendering=0
2026-07-14 19:19:34.669 DEBUG qt.scenegraph.time.renderloop: [window 0x7f030130be40][render thread 0x7f0301180040] syncAndRender: frame rendered in 0ms, sync=0, render=0, swap=0
2026-07-14 19:19:34.670 DEBUG qt.scenegraph.time.renderloop: [window 0x7f030130be40][gui thread] polishAndSync: start, elapsed since last call: 1 ms
2026-07-14 19:19:34.670 DEBUG qt.scenegraph.time.renderloop: [window 0x7f030130be40][render thread 0x7f0301180040] syncAndRender: start, elapsed since last call: 1 ms
2026-07-14 19:19:34.670 DEBUG qt.scenegraph.time.renderloop: [window 0x7f030130be40][gui thread] Frame prepared, polish=0 ms, lock=0 ms, blockedForSync=0 ms, animations=0 ms
2026-07-14 19:19:34.670 DEBUG qt.scenegraph.time.renderer: time in renderer: total=0ms, preprocess=0, updates=0, rendering=0
2026-07-14 19:19:34.671 DEBUG qt.scenegraph.time.renderloop: [window 0x7f030130be40][render thread 0x7f0301180040] syncAndRender: frame rendered in 0ms, sync=0, render=0, swap=0
2026-07-14 19:19:34.702 DEBUG qt.scenegraph.time.renderloop: [window 0x7f030130be40][gui thread] polishAndSync: start, elapsed since last call: 31 ms
2026-07-14 19:19:34.702 DEBUG qt.scenegraph.time.renderloop: [window 0x7f030130be40][render thread 0x7f0301180040] syncAndRender: start, elapsed since last call: 31 ms
2026-07-14 19:19:34.702 DEBUG qt.scenegraph.time.renderloop: [window 0x7f030130be40][gui thread] Frame prepared, polish=0 ms, lock=0 ms, blockedForSync=0 ms, animations=0 ms
2026-07-14 19:19:34.702 DEBUG qt.scenegraph.time.renderer: time in renderer: total=0ms, preprocess=0, updates=0, rendering=0
2026-07-14 19:19:34.702 DEBUG qt.scenegraph.time.renderloop: [window 0x7f030130be40][render thread 0x7f0301180040] syncAndRender: frame rendered in 0ms, sync=0, render=0, swap=0
2026-07-14 19:19:34.703 DEBUG qt.scenegraph.time.renderloop: [window 0x7f030130be40][gui thread] polishAndSync: start, elapsed since last call: 1 ms
2026-07-14 19:19:34.703 DEBUG qt.scenegraph.time.renderloop: [window 0x7f030130be40][render thread 0x7f0301180040] syncAndRender: start, elapsed since last call: 0 ms
2026-07-14 19:19:34.703 DEBUG qt.scenegraph.time.renderloop: [window 0x7f030130be40][gui thread] Frame prepared, polish=0 ms, lock=0 ms, blockedForSync=0 ms, animations=0 ms
2026-07-14 19:19:34.703 DEBUG qt.scenegraph.time.renderer: time in renderer: total=0ms, preprocess=0, updates=0, rendering=0
2026-07-14 19:19:34.703 DEBUG qt.scenegraph.time.renderloop: [window 0x7f030130be40][render thread 0x7f0301180040] syncAndRender: frame rendered in 0ms, sync=0, render=0, swap=0
2026-07-14 19:19:34.734 DEBUG qt.scenegraph.time.renderloop: [window 0x7f030130be40][gui thread] polishAndSync: start, elapsed since last call: 31 ms
2026-07-14 19:19:34.735 DEBUG qt.scenegraph.time.renderloop: [window 0x7f030130be40][render thread 0x7f0301180040] syncAndRender: start, elapsed since last call: 31 ms
2026-07-14 19:19:34.735 DEBUG qt.scenegraph.time.renderloop: [window 0x7f030130be40][gui thread] Frame prepared, polish=0 ms, lock=0 ms, blockedForSync=0 ms, animations=0 ms
2026-07-14 19:19:34.735 DEBUG qt.scenegraph.time.renderer: time in renderer: total=0ms, preprocess=0, updates=0, rendering=0
2026-07-14 19:19:34.735 DEBUG qt.scenegraph.time.renderloop: [window 0x7f030130be40][render thread 0x7f0301180040] syncAndRender: frame rendered in 0ms, sync=0, render=0, swap=0
2026-07-14 19:19:34.735 DEBUG qt.scenegraph.time.renderloop: [window 0x7f030130be40][gui thread] polishAndSync: start, elapsed since last call: 1 ms
2026-07-14 19:19:34.735 DEBUG qt.scenegraph.time.renderloop: [window 0x7f030130be40][render thread 0x7f0301180040] syncAndRender: start, elapsed since last call: 0 ms
2026-07-14 19:19:34.735 DEBUG qt.scenegraph.time.renderloop: [window 0x7f030130be40][gui thread] Frame prepared, polish=0 ms, lock=0 ms, blockedForSync=0 ms, animations=0 ms
2026-07-14 19:19:34.735 DEBUG qt.scenegraph.time.renderer: time in renderer: total=0ms, preprocess=0, updates=0, rendering=0
2026-07-14 19:19:34.736 DEBUG qt.scenegraph.time.renderloop: [window 0x7f030130be40][render thread 0x7f0301180040] syncAndRender: frame rendered in 0ms, sync=0, render=0, swap=0
2026-07-14 19:19:34.767 DEBUG qt.scenegraph.time.renderloop: [window 0x7f030130be40][gui thread] polishAndSync: start, elapsed since last call: 31 ms
2026-07-14 19:19:34.767 DEBUG qt.scenegraph.time.renderloop: [window 0x7f030130be40][render thread 0x7f0301180040] syncAndRender: start, elapsed since last call: 32 ms
2026-07-14 19:19:34.767 DEBUG qt.scenegraph.time.renderloop: [window 0x7f030130be40][gui thread] Frame prepared, polish=0 ms, lock=0 ms, blockedForSync=0 ms, animations=0 ms
2026-07-14 19:19:34.767 DEBUG qt.scenegraph.time.renderer: time in renderer: total=0ms, preprocess=0, updates=0, rendering=0
2026-07-14 19:19:34.768 DEBUG qt.scenegraph.time.renderloop: [window 0x7f030130be40][render thread 0x7f0301180040] syncAndRender: frame rendered in 0ms, sync=0, render=0, swap=0
2026-07-14 19:19:34.768 DEBUG qt.scenegraph.time.renderloop: [window 0x7f030130be40][gui thread] polishAndSync: start, elapsed since last call: 1 ms
2026-07-14 19:19:34.768 DEBUG qt.scenegraph.time.renderloop: [window 0x7f030130be40][render thread 0x7f0301180040] syncAndRender: start, elapsed since last call: 0 ms
2026-07-14 19:19:34.768 DEBUG qt.scenegraph.time.renderloop: [window 0x7f030130be40][gui thread] Frame prepared, polish=0 ms, lock=0 ms, blockedForSync=0 ms, animations=0 ms
2026-07-14 19:19:34.768 DEBUG qt.scenegraph.time.renderer: time in renderer: total=0ms, preprocess=0, updates=0, rendering=0
2026-07-14 19:19:34.768 DEBUG qt.scenegraph.time.renderloop: [window 0x7f030130be40][render thread 0x7f0301180040] syncAndRender: frame rendered in 0ms, sync=0, render=0, swap=0
2026-07-14 19:19:34.801 DEBUG qt.scenegraph.time.renderloop: [window 0x7f030130be40][gui thread] polishAndSync: start, elapsed since last call: 32 ms
2026-07-14 19:19:34.801 DEBUG qt.scenegraph.time.renderloop: [window 0x7f030130be40][render thread 0x7f0301180040] syncAndRender: start, elapsed since last call: 33 ms
2026-07-14 19:19:34.801 DEBUG qt.scenegraph.time.renderloop: [window 0x7f030130be40][gui thread] Frame prepared, polish=0 ms, lock=0 ms, blockedForSync=0 ms, animations=0 ms
2026-07-14 19:19:34.801 DEBUG qt.scenegraph.time.renderer: time in renderer: total=0ms, preprocess=0, updates=0, rendering=0
2026-07-14 19:19:34.802 DEBUG qt.scenegraph.time.renderloop: [window 0x7f030130be40][render thread 0x7f0301180040] syncAndRender: frame rendered in 0ms, sync=0, render=0, swap=0
2026-07-14 19:19:34.802 DEBUG qt.scenegraph.time.renderloop: [window 0x7f030130be40][gui thread] polishAndSync: start, elapsed since last call: 1 ms
2026-07-14 19:19:34.802 DEBUG qt.scenegraph.time.renderloop: [window 0x7f030130be40][render thread 0x7f0301180040] syncAndRender: start, elapsed since last call: 0 ms
2026-07-14 19:19:34.802 DEBUG qt.scenegraph.time.renderloop: [window 0x7f030130be40][gui thread] Frame prepared, polish=0 ms, lock=0 ms, blockedForSync=0 ms, animations=0 ms
2026-07-14 19:19:34.802 DEBUG qt.scenegraph.time.renderer: time in renderer: total=0ms, preprocess=0, updates=0, rendering=0
2026-07-14 19:19:34.803 DEBUG qt.scenegraph.time.renderloop: [window 0x7f030130be40][render thread 0x7f0301180040] syncAndRender: frame rendered in 0ms, sync=0, render=0, swap=0
2026-07-14 19:19:34.834 DEBUG qt.scenegraph.time.renderloop: [window 0x7f030130be40][gui thread] polishAndSync: start, elapsed since last call: 31 ms
2026-07-14 19:19:34.834 DEBUG qt.scenegraph.time.renderloop: [window 0x7f030130be40][render thread 0x7f0301180040] syncAndRender: start, elapsed since last call: 31 ms
2026-07-14 19:19:34.834 DEBUG qt.scenegraph.time.renderloop: [window 0x7f030130be40][gui thread] Frame prepared, polish=0 ms, lock=0 ms, blockedForSync=0 ms, animations=0 ms
2026-07-14 19:19:34.834 DEBUG qt.scenegraph.time.renderer: time in renderer: total=0ms, preprocess=0, updates=0, rendering=0
2026-07-14 19:19:34.834 DEBUG qt.scenegraph.time.renderloop: [window 0x7f030130be40][render thread 0x7f0301180040] syncAndRender: frame rendered in 0ms, sync=0, render=0, swap=0
2026-07-14 19:19:34.835 DEBUG qt.scenegraph.time.renderloop: [window 0x7f030130be40][gui thread] polishAndSync: start, elapsed since last call: 1 ms
2026-07-14 19:19:34.835 DEBUG qt.scenegraph.time.renderloop: [window 0x7f030130be40][render thread 0x7f0301180040] syncAndRender: start, elapsed since last call: 0 ms
2026-07-14 19:19:34.835 DEBUG qt.scenegraph.time.renderloop: [window 0x7f030130be40][gui thread] Frame prepared, polish=0 ms, lock=0 ms, blockedForSync=0 ms, animations=0 ms
2026-07-14 19:19:34.835 DEBUG qt.scenegraph.time.renderer: time in renderer: total=0ms, preprocess=0, updates=0, rendering=0
2026-07-14 19:19:34.835 DEBUG qt.scenegraph.time.renderloop: [window 0x7f030130be40][render thread 0x7f0301180040] syncAndRender: frame rendered in 0ms, sync=0, render=0, swap=0
2026-07-14 19:19:34.866 DEBUG qt.scenegraph.time.renderloop: [window 0x7f030130be40][gui thread] polishAndSync: start, elapsed since last call: 31 ms
2026-07-14 19:19:34.867 DEBUG qt.scenegraph.time.renderloop: [window 0x7f030130be40][render thread 0x7f0301180040] syncAndRender: start, elapsed since last call: 32 ms
2026-07-14 19:19:34.867 DEBUG qt.scenegraph.time.renderloop: [window 0x7f030130be40][gui thread] Frame prepared, polish=0 ms, lock=0 ms, blockedForSync=0 ms, animations=0 ms
2026-07-14 19:19:34.867 DEBUG qt.scenegraph.time.renderer: time in renderer: total=0ms, preprocess=0, updates=0, rendering=0
2026-07-14 19:19:34.867 DEBUG qt.scenegraph.time.renderloop: [window 0x7f030130be40][render thread 0x7f0301180040] syncAndRender: frame rendered in 0ms, sync=0, render=0, swap=0
2026-07-14 19:19:34.872 DEBUG qt.scenegraph.time.renderloop: [window 0x7f030130be40][gui thread] polishAndSync: start, elapsed since last call: 5 ms
2026-07-14 19:19:34.872 DEBUG qt.scenegraph.time.renderloop: [window 0x7f030130be40][render thread 0x7f0301180040] syncAndRender: start, elapsed since last call: 5 ms
2026-07-14 19:19:34.872 DEBUG qt.scenegraph.time.renderloop: [window 0x7f030130be40][gui thread] Frame prepared, polish=0 ms, lock=0 ms, blockedForSync=0 ms, animations=0 ms
2026-07-14 19:19:34.872 DEBUG qt.scenegraph.time.renderer: time in renderer: total=0ms, preprocess=0, updates=0, rendering=0
2026-07-14 19:19:34.872 DEBUG qt.scenegraph.time.renderloop: [window 0x7f030130be40][render thread 0x7f0301180040] syncAndRender: frame rendered in 0ms, sync=0, render=0, swap=0
2026-07-14 19:19:34.899 DEBUG qt.scenegraph.time.renderloop: [window 0x7f030130be40][gui thread] polishAndSync: start, elapsed since last call: 27 ms
2026-07-14 19:19:34.899 DEBUG qt.scenegraph.time.renderloop: [window 0x7f030130be40][render thread 0x7f0301180040] syncAndRender: start, elapsed since last call: 27 ms
2026-07-14 19:19:34.899 DEBUG qt.scenegraph.time.renderloop: [window 0x7f030130be40][gui thread] Frame prepared, polish=0 ms, lock=0 ms, blockedForSync=0 ms, animations=0 ms
2026-07-14 19:19:34.899 DEBUG qt.scenegraph.time.renderer: time in renderer: total=0ms, preprocess=0, updates=0, rendering=0
2026-07-14 19:19:34.900 DEBUG qt.scenegraph.time.renderloop: [window 0x7f030130be40][render thread 0x7f0301180040] syncAndRender: frame rendered in 0ms, sync=0, render=0, swap=0
2026-07-14 19:19:34.907 DEBUG qt.scenegraph.time.renderloop: [window 0x7f030130be40][gui thread] polishAndSync: start, elapsed since last call: 7 ms
2026-07-14 19:19:34.907 DEBUG qt.scenegraph.time.renderloop: [window 0x7f030130be40][render thread 0x7f0301180040] syncAndRender: start, elapsed since last call: 7 ms
2026-07-14 19:19:34.907 DEBUG qt.scenegraph.time.renderloop: [window 0x7f030130be40][gui thread] Frame prepared, polish=0 ms, lock=0 ms, blockedForSync=0 ms, animations=0 ms
2026-07-14 19:19:34.907 DEBUG qt.scenegraph.time.renderer: time in renderer: total=0ms, preprocess=0, updates=0, rendering=0
2026-07-14 19:19:34.907 DEBUG qt.scenegraph.time.renderloop: [window 0x7f030130be40][render thread 0x7f0301180040] syncAndRender: frame rendered in 0ms, sync=0, render=0, swap=0
2026-07-14 19:19:34.933 DEBUG qt.scenegraph.time.renderloop: [window 0x7f030130be40][gui thread] polishAndSync: start, elapsed since last call: 26 ms
2026-07-14 19:19:34.933 DEBUG qt.scenegraph.time.renderloop: [window 0x7f030130be40][render thread 0x7f0301180040] syncAndRender: start, elapsed since last call: 26 ms
2026-07-14 19:19:34.933 DEBUG qt.scenegraph.time.renderloop: [window 0x7f030130be40][gui thread] Frame prepared, polish=0 ms, lock=0 ms, blockedForSync=0 ms, animations=0 ms
2026-07-14 19:19:34.933 DEBUG qt.scenegraph.time.renderer: time in renderer: total=0ms, preprocess=0, updates=0, rendering=0
2026-07-14 19:19:34.933 DEBUG qt.scenegraph.time.renderloop: [window 0x7f030130be40][render thread 0x7f0301180040] syncAndRender: frame rendered in 0ms, sync=0, render=0, swap=0
2026-07-14 19:19:34.934 DEBUG qt.scenegraph.time.renderloop: [window 0x7f030130be40][gui thread] polishAndSync: start, elapsed since last call: 1 ms
2026-07-14 19:19:34.934 DEBUG qt.scenegraph.time.renderloop: [window 0x7f030130be40][render thread 0x7f0301180040] syncAndRender: start, elapsed since last call: 1 ms
2026-07-14 19:19:34.934 DEBUG qt.scenegraph.time.renderloop: [window 0x7f030130be40][gui thread] Frame prepared, polish=0 ms, lock=0 ms, blockedForSync=0 ms, animations=0 ms
2026-07-14 19:19:34.934 DEBUG qt.scenegraph.time.renderer: time in renderer: total=0ms, preprocess=0, updates=0, rendering=0
2026-07-14 19:19:34.935 DEBUG qt.scenegraph.time.renderloop: [window 0x7f030130be40][render thread 0x7f0301180040] syncAndRender: frame rendered in 0ms, sync=0, render=0, swap=0
2026-07-14 19:19:34.965 DEBUG qt.scenegraph.time.renderloop: [window 0x7f030130be40][gui thread] polishAndSync: start, elapsed since last call: 31 ms
2026-07-14 19:19:34.966 DEBUG qt.scenegraph.time.renderloop: [window 0x7f030130be40][render thread 0x7f0301180040] syncAndRender: start, elapsed since last call: 31 ms
2026-07-14 19:19:34.966 DEBUG qt.scenegraph.time.renderloop: [window 0x7f030130be40][gui thread] Frame prepared, polish=0 ms, lock=0 ms, blockedForSync=0 ms, animations=0 ms
2026-07-14 19:19:34.966 DEBUG qt.scenegraph.time.renderer: time in renderer: total=0ms, preprocess=0, updates=0, rendering=0
2026-07-14 19:19:34.966 DEBUG qt.scenegraph.time.renderloop: [window 0x7f030130be40][render thread 0x7f0301180040] syncAndRender: frame rendered in 0ms, sync=0, render=0, swap=0
2026-07-14 19:19:34.969 DEBUG qt.scenegraph.time.renderloop: [window 0x7f030130be40][gui thread] polishAndSync: start, elapsed since last call: 3 ms
2026-07-14 19:19:34.969 DEBUG qt.scenegraph.time.renderloop: [window 0x7f030130be40][render thread 0x7f0301180040] syncAndRender: start, elapsed since last call: 3 ms
2026-07-14 19:19:34.969 DEBUG qt.scenegraph.time.renderloop: [window 0x7f030130be40][gui thread] Frame prepared, polish=0 ms, lock=0 ms, blockedForSync=0 ms, animations=0 ms
2026-07-14 19:19:34.969 DEBUG qt.scenegraph.time.renderer: time in renderer: total=0ms, preprocess=0, updates=0, rendering=0
2026-07-14 19:19:34.970 DEBUG qt.scenegraph.time.renderloop: [window 0x7f030130be40][render thread 0x7f0301180040] syncAndRender: frame rendered in 0ms, sync=0, render=0, swap=0
2026-07-14 19:19:34.998 DEBUG qt.scenegraph.time.renderloop: [window 0x7f030130be40][gui thread] polishAndSync: start, elapsed since last call: 28 ms
2026-07-14 19:19:34.998 DEBUG qt.scenegraph.time.renderloop: [window 0x7f030130be40][render thread 0x7f0301180040] syncAndRender: start, elapsed since last call: 29 ms
2026-07-14 19:19:34.999 DEBUG qt.scenegraph.time.renderloop: [window 0x7f030130be40][gui thread] Frame prepared, polish=0 ms, lock=0 ms, blockedForSync=0 ms, animations=0 ms
2026-07-14 19:19:34.999 DEBUG qt.scenegraph.time.renderer: time in renderer: total=0ms, preprocess=0, updates=0, rendering=0
2026-07-14 19:19:34.999 DEBUG qt.scenegraph.time.renderloop: [window 0x7f030130be40][render thread 0x7f0301180040] syncAndRender: frame rendered in 0ms, sync=0, render=0, swap=0
2026-07-14 19:19:34.999 DEBUG qt.scenegraph.time.renderloop: [window 0x7f030130be40][gui thread] polishAndSync: start, elapsed since last call: 1 ms
2026-07-14 19:19:34.999 DEBUG qt.scenegraph.time.renderloop: [window 0x7f030130be40][render thread 0x7f0301180040] syncAndRender: start, elapsed since last call: 0 ms
2026-07-14 19:19:34.999 DEBUG qt.scenegraph.time.renderloop: [window 0x7f030130be40][gui thread] Frame prepared, polish=0 ms, lock=0 ms, blockedForSync=0 ms, animations=0 ms
2026-07-14 19:19:34.999 DEBUG qt.scenegraph.time.renderer: time in renderer: total=0ms, preprocess=0, updates=0, rendering=0
2026-07-14 19:19:35.000 DEBUG qt.scenegraph.time.renderloop: [window 0x7f030130be40][render thread 0x7f0301180040] syncAndRender: frame rendered in 0ms, sync=0, render=0, swap=0
2026-07-14 19:19:35.031 DEBUG qt.scenegraph.time.renderloop: [window 0x7f030130be40][gui thread] polishAndSync: start, elapsed since last call: 31 ms
2026-07-14 19:19:35.031 DEBUG qt.scenegraph.time.renderloop: [window 0x7f030130be40][render thread 0x7f0301180040] syncAndRender: start, elapsed since last call: 32 ms
2026-07-14 19:19:35.031 DEBUG qt.scenegraph.time.renderloop: [window 0x7f030130be40][gui thread] Frame prepared, polish=0 ms, lock=0 ms, blockedForSync=0 ms, animations=0 ms
2026-07-14 19:19:35.031 DEBUG qt.scenegraph.time.renderer: time in renderer: total=0ms, preprocess=0, updates=0, rendering=0
2026-07-14 19:19:35.032 DEBUG qt.scenegraph.time.renderloop: [window 0x7f030130be40][render thread 0x7f0301180040] syncAndRender: frame rendered in 0ms, sync=0, render=0, swap=0
2026-07-14 19:19:35.032 DEBUG qt.scenegraph.time.renderloop: [window 0x7f030130be40][gui thread] polishAndSync: start, elapsed since last call: 0 ms
2026-07-14 19:19:35.032 DEBUG qt.scenegraph.time.renderloop: [window 0x7f030130be40][render thread 0x7f0301180040] syncAndRender: start, elapsed since last call: 0 ms
2026-07-14 19:19:35.032 DEBUG qt.scenegraph.time.renderloop: [window 0x7f030130be40][gui thread] Frame prepared, polish=0 ms, lock=0 ms, blockedForSync=0 ms, animations=0 ms
2026-07-14 19:19:35.032 DEBUG qt.scenegraph.time.renderer: time in renderer: total=0ms, preprocess=0, updates=0, rendering=0
2026-07-14 19:19:35.032 DEBUG qt.scenegraph.time.renderloop: [window 0x7f030130be40][render thread 0x7f0301180040] syncAndRender: frame rendered in 0ms, sync=0, render=0, swap=0
2026-07-14 19:19:35.064 DEBUG qt.scenegraph.time.renderloop: [window 0x7f030130be40][gui thread] polishAndSync: start, elapsed since last call: 31 ms
2026-07-14 19:19:35.064 DEBUG qt.scenegraph.time.renderloop: [window 0x7f030130be40][render thread 0x7f0301180040] syncAndRender: start, elapsed since last call: 32 ms
2026-07-14 19:19:35.064 DEBUG qt.scenegraph.time.renderloop: [window 0x7f030130be40][gui thread] Frame prepared, polish=0 ms, lock=0 ms, blockedForSync=0 ms, animations=0 ms
2026-07-14 19:19:35.064 DEBUG qt.scenegraph.time.renderer: time in renderer: total=0ms, preprocess=0, updates=0, rendering=0
2026-07-14 19:19:35.064 DEBUG qt.scenegraph.time.renderloop: [window 0x7f030130be40][render thread 0x7f0301180040] syncAndRender: frame rendered in 0ms, sync=0, render=0, swap=0
2026-07-14 19:19:35.066 DEBUG qt.scenegraph.time.renderloop: [window 0x7f030130be40][gui thread] polishAndSync: start, elapsed since last call: 2 ms
2026-07-14 19:19:35.066 DEBUG qt.scenegraph.time.renderloop: [window 0x7f030130be40][render thread 0x7f0301180040] syncAndRender: start, elapsed since last call: 2 ms
2026-07-14 19:19:35.066 DEBUG qt.scenegraph.time.renderloop: [window 0x7f030130be40][gui thread] Frame prepared, polish=0 ms, lock=0 ms, blockedForSync=0 ms, animations=0 ms
2026-07-14 19:19:35.066 DEBUG qt.scenegraph.time.renderer: time in renderer: total=0ms, preprocess=0, updates=0, rendering=0
2026-07-14 19:19:35.067 DEBUG qt.scenegraph.time.renderloop: [window 0x7f030130be40][render thread 0x7f0301180040] syncAndRender: frame rendered in 0ms, sync=0, render=0, swap=0
2026-07-14 19:19:35.097 DEBUG qt.scenegraph.time.renderloop: [window 0x7f030130be40][gui thread] polishAndSync: start, elapsed since last call: 31 ms
2026-07-14 19:19:35.098 DEBUG qt.scenegraph.time.renderloop: [window 0x7f030130be40][render thread 0x7f0301180040] syncAndRender: start, elapsed since last call: 31 ms
2026-07-14 19:19:35.098 DEBUG qt.scenegraph.time.renderloop: [window 0x7f030130be40][gui thread] Frame prepared, polish=0 ms, lock=0 ms, blockedForSync=0 ms, animations=0 ms
2026-07-14 19:19:35.098 DEBUG qt.scenegraph.time.renderer: time in renderer: total=0ms, preprocess=0, updates=0, rendering=0
2026-07-14 19:19:35.098 DEBUG qt.scenegraph.time.renderloop: [window 0x7f030130be40][render thread 0x7f0301180040] syncAndRender: frame rendered in 0ms, sync=0, render=0, swap=0
2026-07-14 19:19:35.101 DEBUG qt.scenegraph.time.renderloop: [window 0x7f030130be40][gui thread] polishAndSync: start, elapsed since last call: 3 ms
2026-07-14 19:19:35.101 DEBUG qt.scenegraph.time.renderloop: [window 0x7f030130be40][render thread 0x7f0301180040] syncAndRender: start, elapsed since last call: 3 ms
2026-07-14 19:19:35.101 DEBUG qt.scenegraph.time.renderloop: [window 0x7f030130be40][gui thread] Frame prepared, polish=0 ms, lock=0 ms, blockedForSync=0 ms, animations=0 ms
2026-07-14 19:19:35.101 DEBUG qt.scenegraph.time.renderer: time in renderer: total=0ms, preprocess=0, updates=0, rendering=0
2026-07-14 19:19:35.101 DEBUG qt.scenegraph.time.renderloop: [window 0x7f030130be40][render thread 0x7f0301180040] syncAndRender: frame rendered in 0ms, sync=0, render=0, swap=0
2026-07-14 19:19:35.130 DEBUG qt.scenegraph.time.renderloop: [window 0x7f030130be40][gui thread] polishAndSync: start, elapsed since last call: 29 ms
2026-07-14 19:19:35.131 DEBUG qt.scenegraph.time.renderloop: [window 0x7f030130be40][render thread 0x7f0301180040] syncAndRender: start, elapsed since last call: 29 ms
2026-07-14 19:19:35.131 DEBUG qt.scenegraph.time.renderloop: [window 0x7f030130be40][gui thread] Frame prepared, polish=0 ms, lock=0 ms, blockedForSync=0 ms, animations=0 ms
2026-07-14 19:19:35.131 DEBUG qt.scenegraph.time.renderer: time in renderer: total=0ms, preprocess=0, updates=0, rendering=0
2026-07-14 19:19:35.131 DEBUG qt.scenegraph.time.renderloop: [window 0x7f030130be40][render thread 0x7f0301180040] syncAndRender: frame rendered in 0ms, sync=0, render=0, swap=0
2026-07-14 19:19:35.131 DEBUG qt.scenegraph.time.renderloop: [window 0x7f030130be40][gui thread] polishAndSync: start, elapsed since last call: 1 ms
2026-07-14 19:19:35.131 DEBUG qt.scenegraph.time.renderloop: [window 0x7f030130be40][render thread 0x7f0301180040] syncAndRender: start, elapsed since last call: 0 ms
2026-07-14 19:19:35.131 DEBUG qt.scenegraph.time.renderloop: [window 0x7f030130be40][gui thread] Frame prepared, polish=0 ms, lock=0 ms, blockedForSync=0 ms, animations=0 ms
2026-07-14 19:19:35.131 DEBUG qt.scenegraph.time.renderer: time in renderer: total=0ms, preprocess=0, updates=0, rendering=0
2026-07-14 19:19:35.132 DEBUG qt.scenegraph.time.renderloop: [window 0x7f030130be40][render thread 0x7f0301180040] syncAndRender: frame rendered in 0ms, sync=0, render=0, swap=0
2026-07-14 19:19:35.163 DEBUG qt.scenegraph.time.renderloop: [window 0x7f030130be40][gui thread] polishAndSync: start, elapsed since last call: 31 ms
2026-07-14 19:19:35.164 DEBUG qt.scenegraph.time.renderloop: [window 0x7f030130be40][render thread 0x7f0301180040] syncAndRender: start, elapsed since last call: 32 ms
2026-07-14 19:19:35.164 DEBUG qt.scenegraph.time.renderloop: [window 0x7f030130be40][gui thread] Frame prepared, polish=0 ms, lock=0 ms, blockedForSync=0 ms, animations=0 ms
2026-07-14 19:19:35.164 DEBUG qt.scenegraph.time.renderer: time in renderer: total=0ms, preprocess=0, updates=0, rendering=0
2026-07-14 19:19:35.164 DEBUG qt.scenegraph.time.renderloop: [window 0x7f030130be40][render thread 0x7f0301180040] syncAndRender: frame rendered in 0ms, sync=0, render=0, swap=0
2026-07-14 19:19:35.164 DEBUG qt.scenegraph.time.renderloop: [window 0x7f030130be40][gui thread] polishAndSync: start, elapsed since last call: 1 ms
2026-07-14 19:19:35.164 DEBUG qt.scenegraph.time.renderloop: [window 0x7f030130be40][render thread 0x7f0301180040] syncAndRender: start, elapsed since last call: 0 ms
2026-07-14 19:19:35.164 DEBUG qt.scenegraph.time.renderloop: [window 0x7f030130be40][gui thread] Frame prepared, polish=0 ms, lock=0 ms, blockedForSync=0 ms, animations=0 ms
2026-07-14 19:19:35.164 DEBUG qt.scenegraph.time.renderer: time in renderer: total=0ms, preprocess=0, updates=0, rendering=0
2026-07-14 19:19:35.165 DEBUG qt.scenegraph.time.renderloop: [window 0x7f030130be40][render thread 0x7f0301180040] syncAndRender: frame rendered in 0ms, sync=0, render=0, swap=0
2026-07-14 19:19:35.196 DEBUG qt.scenegraph.time.renderloop: [window 0x7f030130be40][gui thread] polishAndSync: start, elapsed since last call: 31 ms
2026-07-14 19:19:35.196 DEBUG qt.scenegraph.time.renderloop: [window 0x7f030130be40][render thread 0x7f0301180040] syncAndRender: start, elapsed since last call: 31 ms
2026-07-14 19:19:35.196 DEBUG qt.scenegraph.time.renderloop: [window 0x7f030130be40][gui thread] Frame prepared, polish=0 ms, lock=0 ms, blockedForSync=0 ms, animations=0 ms
2026-07-14 19:19:35.196 DEBUG qt.scenegraph.time.renderer: time in renderer: total=0ms, preprocess=0, updates=0, rendering=0
2026-07-14 19:19:35.197 DEBUG qt.scenegraph.time.renderloop: [window 0x7f030130be40][render thread 0x7f0301180040] syncAndRender: frame rendered in 0ms, sync=0, render=0, swap=0
2026-07-14 19:19:35.197 DEBUG qt.scenegraph.time.renderloop: [window 0x7f030130be40][gui thread] polishAndSync: start, elapsed since last call: 1 ms
2026-07-14 19:19:35.197 DEBUG qt.scenegraph.time.renderloop: [window 0x7f030130be40][render thread 0x7f0301180040] syncAndRender: start, elapsed since last call: 0 ms
2026-07-14 19:19:35.197 DEBUG qt.scenegraph.time.renderloop: [window 0x7f030130be40][gui thread] Frame prepared, polish=0 ms, lock=0 ms, blockedForSync=0 ms, animations=0 ms
2026-07-14 19:19:35.197 DEBUG qt.scenegraph.time.renderer: time in renderer: total=0ms, preprocess=0, updates=0, rendering=0
2026-07-14 19:19:35.197 DEBUG qt.scenegraph.time.renderloop: [window 0x7f030130be40][render thread 0x7f0301180040] syncAndRender: frame rendered in 0ms, sync=0, render=0, swap=0
2026-07-14 19:19:35.230 DEBUG qt.scenegraph.time.renderloop: [window 0x7f030130be40][gui thread] polishAndSync: start, elapsed since last call: 32 ms
2026-07-14 19:19:35.230 DEBUG qt.scenegraph.time.renderloop: [window 0x7f030130be40][render thread 0x7f0301180040] syncAndRender: start, elapsed since last call: 33 ms
2026-07-14 19:19:35.230 DEBUG qt.scenegraph.time.renderloop: [window 0x7f030130be40][gui thread] Frame prepared, polish=0 ms, lock=0 ms, blockedForSync=0 ms, animations=0 ms
2026-07-14 19:19:35.230 DEBUG qt.scenegraph.time.renderer: time in renderer: total=0ms, preprocess=0, updates=0, rendering=0
2026-07-14 19:19:35.231 DEBUG qt.scenegraph.time.renderloop: [window 0x7f030130be40][render thread 0x7f0301180040] syncAndRender: frame rendered in 0ms, sync=0, render=0, swap=0
2026-07-14 19:19:35.231 DEBUG qt.scenegraph.time.renderloop: [window 0x7f030130be40][gui thread] polishAndSync: start, elapsed since last call: 1 ms
2026-07-14 19:19:35.231 DEBUG qt.scenegraph.time.renderloop: [window 0x7f030130be40][render thread 0x7f0301180040] syncAndRender: start, elapsed since last call: 0 ms
2026-07-14 19:19:35.231 DEBUG qt.scenegraph.time.renderloop: [window 0x7f030130be40][gui thread] Frame prepared, polish=0 ms, lock=0 ms, blockedForSync=0 ms, animations=0 ms
2026-07-14 19:19:35.231 DEBUG qt.scenegraph.time.renderer: time in renderer: total=0ms, preprocess=0, updates=0, rendering=0
2026-07-14 19:19:35.231 DEBUG qt.scenegraph.time.renderloop: [window 0x7f030130be40][render thread 0x7f0301180040] syncAndRender: frame rendered in 0ms, sync=0, render=0, swap=0
2026-07-14 19:19:35.262 DEBUG qt.scenegraph.time.renderloop: [window 0x7f030130be40][gui thread] polishAndSync: start, elapsed since last call: 31 ms
2026-07-14 19:19:35.263 DEBUG qt.scenegraph.time.renderloop: [window 0x7f030130be40][render thread 0x7f0301180040] syncAndRender: start, elapsed since last call: 31 ms
2026-07-14 19:19:35.263 DEBUG qt.scenegraph.time.renderloop: [window 0x7f030130be40][gui thread] Frame prepared, polish=0 ms, lock=0 ms, blockedForSync=0 ms, animations=0 ms
2026-07-14 19:19:35.263 DEBUG qt.scenegraph.time.renderer: time in renderer: total=0ms, preprocess=0, updates=0, rendering=0
2026-07-14 19:19:35.263 DEBUG qt.scenegraph.time.renderloop: [window 0x7f030130be40][render thread 0x7f0301180040] syncAndRender: frame rendered in 0ms, sync=0, render=0, swap=0
2026-07-14 19:19:35.268 DEBUG qt.scenegraph.time.renderloop: [window 0x7f030130be40][gui thread] polishAndSync: start, elapsed since last call: 5 ms
2026-07-14 19:19:35.268 DEBUG qt.scenegraph.time.renderloop: [window 0x7f030130be40][render thread 0x7f0301180040] syncAndRender: start, elapsed since last call: 5 ms
2026-07-14 19:19:35.268 DEBUG qt.scenegraph.time.renderloop: [window 0x7f030130be40][gui thread] Frame prepared, polish=0 ms, lock=0 ms, blockedForSync=0 ms, animations=0 ms
2026-07-14 19:19:35.268 DEBUG qt.scenegraph.time.renderer: time in renderer: total=0ms, preprocess=0, updates=0, rendering=0
2026-07-14 19:19:35.268 DEBUG qt.scenegraph.time.renderloop: [window 0x7f030130be40][render thread 0x7f0301180040] syncAndRender: frame rendered in 0ms, sync=0, render=0, swap=0
2026-07-14 19:19:35.296 DEBUG qt.scenegraph.time.renderloop: [window 0x7f030130be40][gui thread] polishAndSync: start, elapsed since last call: 27 ms
2026-07-14 19:19:35.296 DEBUG qt.scenegraph.time.renderloop: [window 0x7f030130be40][render thread 0x7f0301180040] syncAndRender: start, elapsed since last call: 27 ms
2026-07-14 19:19:35.296 DEBUG qt.scenegraph.time.renderloop: [window 0x7f030130be40][gui thread] Frame prepared, polish=0 ms, lock=0 ms, blockedForSync=0 ms, animations=0 ms
2026-07-14 19:19:35.296 DEBUG qt.scenegraph.time.renderer: time in renderer: total=0ms, preprocess=0, updates=0, rendering=0
2026-07-14 19:19:35.296 DEBUG qt.scenegraph.time.renderloop: [window 0x7f030130be40][render thread 0x7f0301180040] syncAndRender: frame rendered in 0ms, sync=0, render=0, swap=0
2026-07-14 19:19:35.303 DEBUG qt.scenegraph.time.renderloop: [window 0x7f030130be40][gui thread] polishAndSync: start, elapsed since last call: 7 ms
2026-07-14 19:19:35.303 DEBUG qt.scenegraph.time.renderloop: [window 0x7f030130be40][render thread 0x7f0301180040] syncAndRender: start, elapsed since last call: 7 ms
2026-07-14 19:19:35.303 DEBUG qt.scenegraph.time.renderloop: [window 0x7f030130be40][gui thread] Frame prepared, polish=0 ms, lock=0 ms, blockedForSync=0 ms, animations=0 ms
2026-07-14 19:19:35.303 DEBUG qt.scenegraph.time.renderloop: [window 0x7f030130be40][gui thread] polishAndSync: start, elapsed since last call: 0 ms
2026-07-14 19:19:35.303 DEBUG qt.scenegraph.time.texture: atlastexture upload enqueued in: -9223357823812ms (16x16)
2026-07-14 19:19:35.303 DEBUG qt.scenegraph.time.texture: atlastexture upload enqueued in: -9223357823812ms (36x14)
2026-07-14 19:19:35.303 DEBUG qt.scenegraph.time.renderer: time in renderer: total=0ms, preprocess=0, updates=0, rendering=0
2026-07-14 19:19:35.304 DEBUG qt.scenegraph.time.renderloop: [window 0x7f030130be40][render thread 0x7f0301180040] syncAndRender: frame rendered in 0ms, sync=0, render=0, swap=0
2026-07-14 19:19:35.304 DEBUG qt.scenegraph.time.renderloop: [window 0x7f030130be40][render thread 0x7f0301180040] syncAndRender: start, elapsed since last call: 0 ms
2026-07-14 19:19:35.304 DEBUG qt.scenegraph.time.renderloop: [window 0x7f030130be40][gui thread] Frame prepared, polish=0 ms, lock=0 ms, blockedForSync=0 ms, animations=0 ms
2026-07-14 19:19:35.304 DEBUG qt.scenegraph.time.renderer: time in renderer: total=0ms, preprocess=0, updates=0, rendering=0
2026-07-14 19:19:35.310 DEBUG qt.scenegraph.time.renderloop: [window 0x7f030130be40][gui thread] polishAndSync: start, elapsed since last call: 6 ms
2026-07-14 19:19:35.310 DEBUG qt.scenegraph.time.renderloop: [window 0x7f030130be40][render thread 0x7f0301180040] syncAndRender: frame rendered in 5ms, sync=0, render=0, swap=5
2026-07-14 19:19:35.310 DEBUG qt.scenegraph.time.renderloop: [window 0x7f030130be40][render thread 0x7f0301180040] syncAndRender: start, elapsed since last call: 6 ms
2026-07-14 19:19:35.310 DEBUG qt.scenegraph.time.renderloop: [window 0x7f030130be40][gui thread] Frame prepared, polish=0 ms, lock=0 ms, blockedForSync=0 ms, animations=0 ms
2026-07-14 19:19:35.310 DEBUG qt.scenegraph.time.texture: atlastexture upload enqueued in: -9223357823805ms (36x14)
2026-07-14 19:19:35.310 DEBUG qt.scenegraph.time.renderer: time in renderer: total=0ms, preprocess=0, updates=0, rendering=0
2026-07-14 19:19:35.317 DEBUG qt.scenegraph.time.renderloop: [window 0x7f030130be40][gui thread] polishAndSync: start, elapsed since last call: 6 ms
2026-07-14 19:19:35.317 DEBUG qt.scenegraph.time.renderloop: [window 0x7f030130be40][render thread 0x7f0301180040] syncAndRender: frame rendered in 6ms, sync=0, render=0, swap=6
2026-07-14 19:19:35.317 DEBUG qt.scenegraph.time.renderloop: [window 0x7f030130be40][render thread 0x7f0301180040] syncAndRender: start, elapsed since last call: 6 ms
2026-07-14 19:19:35.317 DEBUG qt.scenegraph.time.renderloop: [window 0x7f030130be40][gui thread] Frame prepared, polish=0 ms, lock=0 ms, blockedForSync=0 ms, animations=0 ms
2026-07-14 19:19:35.317 DEBUG qt.scenegraph.time.renderer: time in renderer: total=0ms, preprocess=0, updates=0, rendering=0
2026-07-14 19:19:35.323 DEBUG qt.scenegraph.time.renderloop: [window 0x7f030130be40][gui thread] polishAndSync: start, elapsed since last call: 6 ms
2026-07-14 19:19:35.323 DEBUG qt.scenegraph.time.renderloop: [window 0x7f030130be40][render thread 0x7f0301180040] syncAndRender: frame rendered in 6ms, sync=0, render=0, swap=6
2026-07-14 19:19:35.324 DEBUG qt.scenegraph.time.renderloop: [window 0x7f030130be40][render thread 0x7f0301180040] syncAndRender: start, elapsed since last call: 6 ms
2026-07-14 19:19:35.324 DEBUG qt.scenegraph.time.renderloop: [window 0x7f030130be40][gui thread] Frame prepared, polish=0 ms, lock=0 ms, blockedForSync=0 ms, animations=0 ms
2026-07-14 19:19:35.324 DEBUG qt.scenegraph.time.renderer: time in renderer: total=0ms, preprocess=0, updates=0, rendering=0
2026-07-14 19:19:35.330 DEBUG qt.scenegraph.time.renderloop: [window 0x7f030130be40][gui thread] polishAndSync: start, elapsed since last call: 6 ms
2026-07-14 19:19:35.330 DEBUG qt.scenegraph.time.renderloop: [window 0x7f030130be40][render thread 0x7f0301180040] syncAndRender: frame rendered in 6ms, sync=0, render=0, swap=6
2026-07-14 19:19:35.331 DEBUG qt.scenegraph.time.renderloop: [window 0x7f030130be40][render thread 0x7f0301180040] syncAndRender: start, elapsed since last call: 7 ms
2026-07-14 19:19:35.331 DEBUG qt.scenegraph.time.renderloop: [window 0x7f030130be40][gui thread] Frame prepared, polish=0 ms, lock=0 ms, blockedForSync=0 ms, animations=0 ms
2026-07-14 19:19:35.331 DEBUG qt.scenegraph.time.renderer: time in renderer: total=0ms, preprocess=0, updates=0, rendering=0
2026-07-14 19:19:35.337 DEBUG qt.scenegraph.time.renderloop: [window 0x7f030130be40][gui thread] polishAndSync: start, elapsed since last call: 6 ms
2026-07-14 19:19:35.337 DEBUG qt.scenegraph.time.renderloop: [window 0x7f030130be40][render thread 0x7f0301180040] syncAndRender: frame rendered in 6ms, sync=0, render=0, swap=6
2026-07-14 19:19:35.337 DEBUG qt.scenegraph.time.renderloop: [window 0x7f030130be40][render thread 0x7f0301180040] syncAndRender: start, elapsed since last call: 6 ms
2026-07-14 19:19:35.337 DEBUG qt.scenegraph.time.renderloop: [window 0x7f030130be40][gui thread] Frame prepared, polish=0 ms, lock=0 ms, blockedForSync=0 ms, animations=0 ms
2026-07-14 19:19:35.338 DEBUG qt.scenegraph.time.renderer: time in renderer: total=0ms, preprocess=0, updates=0, rendering=0
2026-07-14 19:19:35.344 DEBUG qt.scenegraph.time.renderloop: [window 0x7f030130be40][gui thread] polishAndSync: start, elapsed since last call: 6 ms
2026-07-14 19:19:35.344 DEBUG qt.scenegraph.time.renderloop: [window 0x7f030130be40][render thread 0x7f0301180040] syncAndRender: frame rendered in 6ms, sync=0, render=0, swap=6
2026-07-14 19:19:35.344 DEBUG qt.scenegraph.time.renderloop: [window 0x7f030130be40][render thread 0x7f0301180040] syncAndRender: start, elapsed since last call: 6 ms
2026-07-14 19:19:35.344 DEBUG qt.scenegraph.time.renderloop: [window 0x7f030130be40][gui thread] Frame prepared, polish=0 ms, lock=0 ms, blockedForSync=0 ms, animations=0 ms
2026-07-14 19:19:35.344 DEBUG qt.scenegraph.time.renderer: time in renderer: total=0ms, preprocess=0, updates=0, rendering=0
2026-07-14 19:19:35.351 DEBUG qt.scenegraph.time.renderloop: [window 0x7f030130be40][gui thread] polishAndSync: start, elapsed since last call: 6 ms
2026-07-14 19:19:35.351 DEBUG qt.scenegraph.time.renderloop: [window 0x7f030130be40][render thread 0x7f0301180040] syncAndRender: frame rendered in 7ms, sync=0, render=0, swap=6
2026-07-14 19:19:35.351 DEBUG qt.scenegraph.time.renderloop: [window 0x7f030130be40][render thread 0x7f0301180040] syncAndRender: start, elapsed since last call: 7 ms
2026-07-14 19:19:35.351 DEBUG qt.scenegraph.time.renderloop: [window 0x7f030130be40][gui thread] Frame prepared, polish=0 ms, lock=0 ms, blockedForSync=0 ms, animations=0 ms
2026-07-14 19:19:35.351 DEBUG qt.scenegraph.time.renderer: time in renderer: total=0ms, preprocess=0, updates=0, rendering=0
2026-07-14 19:19:35.358 DEBUG qt.scenegraph.time.renderloop: [window 0x7f030130be40][gui thread] polishAndSync: start, elapsed since last call: 6 ms
2026-07-14 19:19:35.358 DEBUG qt.scenegraph.time.renderloop: [window 0x7f030130be40][render thread 0x7f0301180040] syncAndRender: frame rendered in 6ms, sync=0, render=0, swap=6
2026-07-14 19:19:35.358 DEBUG qt.scenegraph.time.renderloop: [window 0x7f030130be40][render thread 0x7f0301180040] syncAndRender: start, elapsed since last call: 6 ms
2026-07-14 19:19:35.358 DEBUG qt.scenegraph.time.renderloop: [window 0x7f030130be40][gui thread] Frame prepared, polish=0 ms, lock=0 ms, blockedForSync=0 ms, animations=0 ms
2026-07-14 19:19:35.358 DEBUG qt.scenegraph.time.renderer: time in renderer: total=0ms, preprocess=0, updates=0, rendering=0
2026-07-14 19:19:35.365 DEBUG qt.scenegraph.time.renderloop: [window 0x7f030130be40][gui thread] polishAndSync: start, elapsed since last call: 6 ms
2026-07-14 19:19:35.365 DEBUG qt.scenegraph.time.renderloop: [window 0x7f030130be40][render thread 0x7f0301180040] syncAndRender: frame rendered in 6ms, sync=0, render=0, swap=6
2026-07-14 19:19:35.366 DEBUG qt.scenegraph.time.renderloop: [window 0x7f030130be40][render thread 0x7f0301180040] syncAndRender: start, elapsed since last call: 7 ms
2026-07-14 19:19:35.366 DEBUG qt.scenegraph.time.renderloop: [window 0x7f030130be40][gui thread] Frame prepared, polish=0 ms, lock=0 ms, blockedForSync=0 ms, animations=0 ms
2026-07-14 19:19:35.366 DEBUG qt.scenegraph.time.renderer: time in renderer: total=0ms, preprocess=0, updates=0, rendering=0
2026-07-14 19:19:35.372 DEBUG qt.scenegraph.time.renderloop: [window 0x7f030130be40][gui thread] polishAndSync: start, elapsed since last call: 7 ms
2026-07-14 19:19:35.372 DEBUG qt.scenegraph.time.renderloop: [window 0x7f030130be40][render thread 0x7f0301180040] syncAndRender: frame rendered in 6ms, sync=0, render=0, swap=6
2026-07-14 19:19:35.372 DEBUG qt.scenegraph.time.renderloop: [window 0x7f030130be40][render thread 0x7f0301180040] syncAndRender: start, elapsed since last call: 6 ms
2026-07-14 19:19:35.372 DEBUG qt.scenegraph.time.renderloop: [window 0x7f030130be40][gui thread] Frame prepared, polish=0 ms, lock=0 ms, blockedForSync=0 ms, animations=0 ms
2026-07-14 19:19:35.372 DEBUG qt.scenegraph.time.renderer: time in renderer: total=0ms, preprocess=0, updates=0, rendering=0
2026-07-14 19:19:35.379 DEBUG qt.scenegraph.time.renderloop: [window 0x7f030130be40][gui thread] polishAndSync: start, elapsed since last call: 6 ms
2026-07-14 19:19:35.379 DEBUG qt.scenegraph.time.renderloop: [window 0x7f030130be40][render thread 0x7f0301180040] syncAndRender: frame rendered in 6ms, sync=0, render=0, swap=6
2026-07-14 19:19:35.379 DEBUG qt.scenegraph.time.renderloop: [window 0x7f030130be40][render thread 0x7f0301180040] syncAndRender: start, elapsed since last call: 6 ms
2026-07-14 19:19:35.379 DEBUG qt.scenegraph.time.renderloop: [window 0x7f030130be40][gui thread] Frame prepared, polish=0 ms, lock=0 ms, blockedForSync=0 ms, animations=0 ms
2026-07-14 19:19:35.379 DEBUG qt.scenegraph.time.renderer: time in renderer: total=0ms, preprocess=0, updates=0, rendering=0
2026-07-14 19:19:35.386 DEBUG qt.scenegraph.time.renderloop: [window 0x7f030130be40][gui thread] polishAndSync: start, elapsed since last call: 7 ms
2026-07-14 19:19:35.386 DEBUG qt.scenegraph.time.renderloop: [window 0x7f030130be40][render thread 0x7f0301180040] syncAndRender: frame rendered in 7ms, sync=0, render=0, swap=7
2026-07-14 19:19:35.386 DEBUG qt.scenegraph.time.renderloop: [window 0x7f030130be40][render thread 0x7f0301180040] syncAndRender: start, elapsed since last call: 7 ms
2026-07-14 19:19:35.386 DEBUG qt.scenegraph.time.renderloop: [window 0x7f030130be40][gui thread] Frame prepared, polish=0 ms, lock=0 ms, blockedForSync=0 ms, animations=0 ms
2026-07-14 19:19:35.386 DEBUG qt.scenegraph.time.renderer: time in renderer: total=0ms, preprocess=0, updates=0, rendering=0
2026-07-14 19:19:35.393 DEBUG qt.scenegraph.time.renderloop: [window 0x7f030130be40][gui thread] polishAndSync: start, elapsed since last call: 6 ms
2026-07-14 19:19:35.393 DEBUG qt.scenegraph.time.renderloop: [window 0x7f030130be40][render thread 0x7f0301180040] syncAndRender: frame rendered in 6ms, sync=0, render=0, swap=6
2026-07-14 19:19:35.393 DEBUG qt.scenegraph.time.renderloop: [window 0x7f030130be40][render thread 0x7f0301180040] syncAndRender: start, elapsed since last call: 7 ms
2026-07-14 19:19:35.393 DEBUG qt.scenegraph.time.renderloop: [window 0x7f030130be40][gui thread] Frame prepared, polish=0 ms, lock=0 ms, blockedForSync=0 ms, animations=0 ms
2026-07-14 19:19:35.393 DEBUG qt.scenegraph.time.renderer: time in renderer: total=0ms, preprocess=0, updates=0, rendering=0
2026-07-14 19:19:35.400 DEBUG qt.scenegraph.time.renderloop: [window 0x7f030130be40][gui thread] polishAndSync: start, elapsed since last call: 6 ms
2026-07-14 19:19:35.400 DEBUG qt.scenegraph.time.renderloop: [window 0x7f030130be40][render thread 0x7f0301180040] syncAndRender: frame rendered in 6ms, sync=0, render=0, swap=6
2026-07-14 19:19:35.400 DEBUG qt.scenegraph.time.renderloop: [window 0x7f030130be40][render thread 0x7f0301180040] syncAndRender: start, elapsed since last call: 6 ms
2026-07-14 19:19:35.400 DEBUG qt.scenegraph.time.renderloop: [window 0x7f030130be40][gui thread] Frame prepared, polish=0 ms, lock=0 ms, blockedForSync=0 ms, animations=0 ms
2026-07-14 19:19:35.400 DEBUG qt.scenegraph.time.renderer: time in renderer: total=0ms, preprocess=0, updates=0, rendering=0
2026-07-14 19:19:35.407 DEBUG qt.scenegraph.time.renderloop: [window 0x7f030130be40][gui thread] polishAndSync: start, elapsed since last call: 6 ms
2026-07-14 19:19:35.407 DEBUG qt.scenegraph.time.renderloop: [window 0x7f030130be40][render thread 0x7f0301180040] syncAndRender: frame rendered in 6ms, sync=0, render=0, swap=6
2026-07-14 19:19:35.407 DEBUG qt.scenegraph.time.renderloop: [window 0x7f030130be40][render thread 0x7f0301180040] syncAndRender: start, elapsed since last call: 6 ms
2026-07-14 19:19:35.407 DEBUG qt.scenegraph.time.renderloop: [window 0x7f030130be40][gui thread] Frame prepared, polish=0 ms, lock=0 ms, blockedForSync=0 ms, animations=0 ms
2026-07-14 19:19:35.407 DEBUG qt.scenegraph.time.renderer: time in renderer: total=0ms, preprocess=0, updates=0, rendering=0
2026-07-14 19:19:35.414 DEBUG qt.scenegraph.time.renderloop: [window 0x7f030130be40][gui thread] polishAndSync: start, elapsed since last call: 6 ms
2026-07-14 19:19:35.414 DEBUG qt.scenegraph.time.renderloop: [window 0x7f030130be40][render thread 0x7f0301180040] syncAndRender: frame rendered in 6ms, sync=0, render=0, swap=6
2026-07-14 19:19:35.414 DEBUG qt.scenegraph.time.renderloop: [window 0x7f030130be40][render thread 0x7f0301180040] syncAndRender: start, elapsed since last call: 6 ms
2026-07-14 19:19:35.414 DEBUG qt.scenegraph.time.renderloop: [window 0x7f030130be40][gui thread] Frame prepared, polish=0 ms, lock=0 ms, blockedForSync=0 ms, animations=0 ms
2026-07-14 19:19:35.414 DEBUG qt.scenegraph.time.renderer: time in renderer: total=0ms, preprocess=0, updates=0, rendering=0
2026-07-14 19:19:35.421 DEBUG qt.scenegraph.time.renderloop: [window 0x7f030130be40][gui thread] polishAndSync: start, elapsed since last call: 7 ms
2026-07-14 19:19:35.421 DEBUG qt.scenegraph.time.renderloop: [window 0x7f030130be40][render thread 0x7f0301180040] syncAndRender: frame rendered in 7ms, sync=0, render=0, swap=6
2026-07-14 19:19:35.421 DEBUG qt.scenegraph.time.renderloop: [window 0x7f030130be40][render thread 0x7f0301180040] syncAndRender: start, elapsed since last call: 7 ms
2026-07-14 19:19:35.421 DEBUG qt.scenegraph.time.renderloop: [window 0x7f030130be40][gui thread] Frame prepared, polish=0 ms, lock=0 ms, blockedForSync=0 ms, animations=0 ms
2026-07-14 19:19:35.421 DEBUG qt.scenegraph.time.renderer: time in renderer: total=0ms, preprocess=0, updates=0, rendering=0
2026-07-14 19:19:35.428 DEBUG qt.scenegraph.time.renderloop: [window 0x7f030130be40][gui thread] polishAndSync: start, elapsed since last call: 6 ms
2026-07-14 19:19:35.428 DEBUG qt.scenegraph.time.renderloop: [window 0x7f030130be40][render thread 0x7f0301180040] syncAndRender: frame rendered in 6ms, sync=0, render=0, swap=6
2026-07-14 19:19:35.428 DEBUG qt.scenegraph.time.renderloop: [window 0x7f030130be40][render thread 0x7f0301180040] syncAndRender: start, elapsed since last call: 7 ms
2026-07-14 19:19:35.428 DEBUG qt.scenegraph.time.renderloop: [window 0x7f030130be40][gui thread] Frame prepared, polish=0 ms, lock=0 ms, blockedForSync=0 ms, animations=0 ms
2026-07-14 19:19:35.428 DEBUG qt.scenegraph.time.renderer: time in renderer: total=0ms, preprocess=0, updates=0, rendering=0
2026-07-14 19:19:35.435 DEBUG qt.scenegraph.time.renderloop: [window 0x7f030130be40][gui thread] polishAndSync: start, elapsed since last call: 6 ms
2026-07-14 19:19:35.435 DEBUG qt.scenegraph.time.renderloop: [window 0x7f030130be40][render thread 0x7f0301180040] syncAndRender: frame rendered in 6ms, sync=0, render=0, swap=6
2026-07-14 19:19:35.435 DEBUG qt.scenegraph.time.renderloop: [window 0x7f030130be40][render thread 0x7f0301180040] syncAndRender: start, elapsed since last call: 6 ms
2026-07-14 19:19:35.435 DEBUG qt.scenegraph.time.renderloop: [window 0x7f030130be40][gui thread] Frame prepared, polish=0 ms, lock=0 ms, blockedForSync=0 ms, animations=0 ms
2026-07-14 19:19:35.435 DEBUG qt.scenegraph.time.renderer: time in renderer: total=0ms, preprocess=0, updates=0, rendering=0
2026-07-14 19:19:35.442 DEBUG qt.scenegraph.time.renderloop: [window 0x7f030130be40][gui thread] polishAndSync: start, elapsed since last call: 6 ms
2026-07-14 19:19:35.442 DEBUG qt.scenegraph.time.renderloop: [window 0x7f030130be40][render thread 0x7f0301180040] syncAndRender: frame rendered in 6ms, sync=0, render=0, swap=6
2026-07-14 19:19:35.442 DEBUG qt.scenegraph.time.renderloop: [window 0x7f030130be40][render thread 0x7f0301180040] syncAndRender: start, elapsed since last call: 6 ms
2026-07-14 19:19:35.442 DEBUG qt.scenegraph.time.renderloop: [window 0x7f030130be40][gui thread] Frame prepared, polish=0 ms, lock=0 ms, blockedForSync=0 ms, animations=0 ms
2026-07-14 19:19:35.442 DEBUG qt.scenegraph.time.renderer: time in renderer: total=0ms, preprocess=0, updates=0, rendering=0
2026-07-14 19:19:35.449 DEBUG qt.scenegraph.time.renderloop: [window 0x7f030130be40][gui thread] polishAndSync: start, elapsed since last call: 6 ms
2026-07-14 19:19:35.449 DEBUG qt.scenegraph.time.renderloop: [window 0x7f030130be40][render thread 0x7f0301180040] syncAndRender: frame rendered in 6ms, sync=0, render=0, swap=6
2026-07-14 19:19:35.449 DEBUG qt.scenegraph.time.renderloop: [window 0x7f030130be40][render thread 0x7f0301180040] syncAndRender: start, elapsed since last call: 6 ms
2026-07-14 19:19:35.449 DEBUG qt.scenegraph.time.renderloop: [window 0x7f030130be40][gui thread] Frame prepared, polish=0 ms, lock=0 ms, blockedForSync=0 ms, animations=0 ms
2026-07-14 19:19:35.449 DEBUG qt.scenegraph.time.renderer: time in renderer: total=0ms, preprocess=0, updates=0, rendering=0
2026-07-14 19:19:35.456 DEBUG qt.scenegraph.time.renderloop: [window 0x7f030130be40][gui thread] polishAndSync: start, elapsed since last call: 6 ms
2026-07-14 19:19:35.456 DEBUG qt.scenegraph.time.renderloop: [window 0x7f030130be40][render thread 0x7f0301180040] syncAndRender: frame rendered in 6ms, sync=0, render=0, swap=6
2026-07-14 19:19:35.456 DEBUG qt.scenegraph.time.renderloop: [window 0x7f030130be40][render thread 0x7f0301180040] syncAndRender: start, elapsed since last call: 6 ms
2026-07-14 19:19:35.456 DEBUG qt.scenegraph.time.renderloop: [window 0x7f030130be40][gui thread] Frame prepared, polish=0 ms, lock=0 ms, blockedForSync=0 ms, animations=0 ms
2026-07-14 19:19:35.456 DEBUG qt.scenegraph.time.renderer: time in renderer: total=0ms, preprocess=0, updates=0, rendering=0
2026-07-14 19:19:35.462 DEBUG qt.scenegraph.time.renderloop: [window 0x7f030130be40][gui thread] polishAndSync: start, elapsed since last call: 6 ms
2026-07-14 19:19:35.462 DEBUG qt.scenegraph.time.renderloop: [window 0x7f030130be40][render thread 0x7f0301180040] syncAndRender: frame rendered in 6ms, sync=0, render=0, swap=6
2026-07-14 19:19:35.463 DEBUG qt.scenegraph.time.renderloop: [window 0x7f030130be40][render thread 0x7f0301180040] syncAndRender: start, elapsed since last call: 7 ms
2026-07-14 19:19:35.463 DEBUG qt.scenegraph.time.renderloop: [window 0x7f030130be40][gui thread] Frame prepared, polish=0 ms, lock=0 ms, blockedForSync=0 ms, animations=0 ms
2026-07-14 19:19:35.463 DEBUG qt.scenegraph.time.renderer: time in renderer: total=0ms, preprocess=0, updates=0, rendering=0
2026-07-14 19:19:35.469 DEBUG qt.scenegraph.time.renderloop: [window 0x7f030130be40][gui thread] polishAndSync: start, elapsed since last call: 6 ms
2026-07-14 19:19:35.469 DEBUG qt.scenegraph.time.renderloop: [window 0x7f030130be40][render thread 0x7f0301180040] syncAndRender: frame rendered in 6ms, sync=0, render=0, swap=6
2026-07-14 19:19:35.469 DEBUG qt.scenegraph.time.renderloop: [window 0x7f030130be40][render thread 0x7f0301180040] syncAndRender: start, elapsed since last call: 6 ms
2026-07-14 19:19:35.469 DEBUG qt.scenegraph.time.renderloop: [window 0x7f030130be40][gui thread] Frame prepared, polish=0 ms, lock=0 ms, blockedForSync=0 ms, animations=0 ms
2026-07-14 19:19:35.469 DEBUG qt.scenegraph.time.renderer: time in renderer: total=0ms, preprocess=0, updates=0, rendering=0
2026-07-14 19:19:35.476 DEBUG qt.scenegraph.time.renderloop: [window 0x7f030130be40][gui thread] polishAndSync: start, elapsed since last call: 6 ms
2026-07-14 19:19:35.476 DEBUG qt.scenegraph.time.renderloop: [window 0x7f030130be40][render thread 0x7f0301180040] syncAndRender: frame rendered in 6ms, sync=0, render=0, swap=6
2026-07-14 19:19:35.476 DEBUG qt.scenegraph.time.renderloop: [window 0x7f030130be40][render thread 0x7f0301180040] syncAndRender: start, elapsed since last call: 7 ms
2026-07-14 19:19:35.476 DEBUG qt.scenegraph.time.renderloop: [window 0x7f030130be40][gui thread] Frame prepared, polish=0 ms, lock=0 ms, blockedForSync=0 ms, animations=0 ms
2026-07-14 19:19:35.476 DEBUG qt.scenegraph.time.renderer: time in renderer: total=0ms, preprocess=0, updates=0, rendering=0
2026-07-14 19:19:35.483 DEBUG qt.scenegraph.time.renderloop: [window 0x7f030130be40][gui thread] polishAndSync: start, elapsed since last call: 6 ms
2026-07-14 19:19:35.483 DEBUG qt.scenegraph.time.renderloop: [window 0x7f030130be40][render thread 0x7f0301180040] syncAndRender: frame rendered in 6ms, sync=0, render=0, swap=6
2026-07-14 19:19:35.483 DEBUG qt.scenegraph.time.renderloop: [window 0x7f030130be40][render thread 0x7f0301180040] syncAndRender: start, elapsed since last call: 6 ms
2026-07-14 19:19:35.483 DEBUG qt.scenegraph.time.renderer: time in renderer: total=0ms, preprocess=0, updates=0, rendering=0
2026-07-14 19:19:35.483 DEBUG qt.scenegraph.time.renderloop: [window 0x7f030130be40][gui thread] Frame prepared, polish=0 ms, lock=0 ms, blockedForSync=0 ms, animations=0 ms
2026-07-14 19:19:35.490 DEBUG qt.scenegraph.time.renderloop: [window 0x7f030130be40][gui thread] polishAndSync: start, elapsed since last call: 6 ms
2026-07-14 19:19:35.490 DEBUG qt.scenegraph.time.renderloop: [window 0x7f030130be40][render thread 0x7f0301180040] syncAndRender: frame rendered in 6ms, sync=0, render=0, swap=6
2026-07-14 19:19:35.490 DEBUG qt.scenegraph.time.renderloop: [window 0x7f030130be40][render thread 0x7f0301180040] syncAndRender: start, elapsed since last call: 6 ms
2026-07-14 19:19:35.490 DEBUG qt.scenegraph.time.renderloop: [window 0x7f030130be40][gui thread] Frame prepared, polish=0 ms, lock=0 ms, blockedForSync=0 ms, animations=0 ms
2026-07-14 19:19:35.490 DEBUG qt.scenegraph.time.renderer: time in renderer: total=0ms, preprocess=0, updates=0, rendering=0
2026-07-14 19:19:35.497 DEBUG qt.scenegraph.time.renderloop: [window 0x7f030130be40][gui thread] polishAndSync: start, elapsed since last call: 6 ms
2026-07-14 19:19:35.497 DEBUG qt.scenegraph.time.renderloop: [window 0x7f030130be40][render thread 0x7f0301180040] syncAndRender: frame rendered in 6ms, sync=0, render=0, swap=6
2026-07-14 19:19:35.498 DEBUG qt.scenegraph.time.renderloop: [window 0x7f030130be40][render thread 0x7f0301180040] syncAndRender: start, elapsed since last call: 7 ms
2026-07-14 19:19:35.498 DEBUG qt.scenegraph.time.renderloop: [window 0x7f030130be40][gui thread] Frame prepared, polish=0 ms, lock=0 ms, blockedForSync=0 ms, animations=0 ms
2026-07-14 19:19:35.498 DEBUG qt.scenegraph.time.renderer: time in renderer: total=0ms, preprocess=0, updates=0, rendering=0
2026-07-14 19:19:35.504 DEBUG qt.scenegraph.time.renderloop: [window 0x7f030130be40][gui thread] polishAndSync: start, elapsed since last call: 6 ms
2026-07-14 19:19:35.504 DEBUG qt.scenegraph.time.renderloop: [window 0x7f030130be40][render thread 0x7f0301180040] syncAndRender: frame rendered in 6ms, sync=0, render=0, swap=6
2026-07-14 19:19:35.504 DEBUG qt.scenegraph.time.renderloop: [window 0x7f030130be40][render thread 0x7f0301180040] syncAndRender: start, elapsed since last call: 6 ms
2026-07-14 19:19:35.504 DEBUG qt.scenegraph.time.renderloop: [window 0x7f030130be40][gui thread] Frame prepared, polish=0 ms, lock=0 ms, blockedForSync=0 ms, animations=0 ms
2026-07-14 19:19:35.504 DEBUG qt.scenegraph.time.renderer: time in renderer: total=0ms, preprocess=0, updates=0, rendering=0
2026-07-14 19:19:35.511 DEBUG qt.scenegraph.time.renderloop: [window 0x7f030130be40][gui thread] polishAndSync: start, elapsed since last call: 6 ms
2026-07-14 19:19:35.511 DEBUG qt.scenegraph.time.renderloop: [window 0x7f030130be40][render thread 0x7f0301180040] syncAndRender: frame rendered in 6ms, sync=0, render=0, swap=6
2026-07-14 19:19:35.511 DEBUG qt.scenegraph.time.renderloop: [window 0x7f030130be40][render thread 0x7f0301180040] syncAndRender: start, elapsed since last call: 6 ms
2026-07-14 19:19:35.511 DEBUG qt.scenegraph.time.renderloop: [window 0x7f030130be40][gui thread] Frame prepared, polish=0 ms, lock=0 ms, blockedForSync=0 ms, animations=0 ms
2026-07-14 19:19:35.511 DEBUG qt.scenegraph.time.renderer: time in renderer: total=0ms, preprocess=0, updates=0, rendering=0
2026-07-14 19:19:35.518 DEBUG qt.scenegraph.time.renderloop: [window 0x7f030130be40][gui thread] polishAndSync: start, elapsed since last call: 6 ms
2026-07-14 19:19:35.518 DEBUG qt.scenegraph.time.renderloop: [window 0x7f030130be40][render thread 0x7f0301180040] syncAndRender: frame rendered in 6ms, sync=0, render=0, swap=6
2026-07-14 19:19:35.518 DEBUG qt.scenegraph.time.renderloop: [window 0x7f030130be40][render thread 0x7f0301180040] syncAndRender: start, elapsed since last call: 6 ms
2026-07-14 19:19:35.518 DEBUG qt.scenegraph.time.renderloop: [window 0x7f030130be40][gui thread] Frame prepared, polish=0 ms, lock=0 ms, blockedForSync=0 ms, animations=0 ms
2026-07-14 19:19:35.518 DEBUG qt.scenegraph.time.renderer: time in renderer: total=0ms, preprocess=0, updates=0, rendering=0
2026-07-14 19:19:35.525 DEBUG qt.scenegraph.time.renderloop: [window 0x7f030130be40][gui thread] polishAndSync: start, elapsed since last call: 6 ms
2026-07-14 19:19:35.525 DEBUG qt.scenegraph.time.renderloop: [window 0x7f030130be40][render thread 0x7f0301180040] syncAndRender: frame rendered in 6ms, sync=0, render=0, swap=6
2026-07-14 19:19:35.525 DEBUG qt.scenegraph.time.renderloop: [window 0x7f030130be40][render thread 0x7f0301180040] syncAndRender: start, elapsed since last call: 7 ms
2026-07-14 19:19:35.525 DEBUG qt.scenegraph.time.renderloop: [window 0x7f030130be40][gui thread] Frame prepared, polish=0 ms, lock=0 ms, blockedForSync=0 ms, animations=0 ms
2026-07-14 19:19:35.525 DEBUG qt.scenegraph.time.renderer: time in renderer: total=0ms, preprocess=0, updates=0, rendering=0
2026-07-14 19:19:35.532 DEBUG qt.scenegraph.time.renderloop: [window 0x7f030130be40][gui thread] polishAndSync: start, elapsed since last call: 6 ms
2026-07-14 19:19:35.532 DEBUG qt.scenegraph.time.renderloop: [window 0x7f030130be40][render thread 0x7f0301180040] syncAndRender: frame rendered in 6ms, sync=0, render=0, swap=6
2026-07-14 19:19:35.532 DEBUG qt.scenegraph.time.renderloop: [window 0x7f030130be40][render thread 0x7f0301180040] syncAndRender: start, elapsed since last call: 6 ms
2026-07-14 19:19:35.532 DEBUG qt.scenegraph.time.renderloop: [window 0x7f030130be40][gui thread] Frame prepared, polish=0 ms, lock=0 ms, blockedForSync=0 ms, animations=0 ms
2026-07-14 19:19:35.532 DEBUG qt.scenegraph.time.renderer: time in renderer: total=0ms, preprocess=0, updates=0, rendering=0
2026-07-14 19:19:35.539 DEBUG qt.scenegraph.time.renderloop: [window 0x7f030130be40][gui thread] polishAndSync: start, elapsed since last call: 6 ms
2026-07-14 19:19:35.539 DEBUG qt.scenegraph.time.renderloop: [window 0x7f030130be40][render thread 0x7f0301180040] syncAndRender: frame rendered in 6ms, sync=0, render=0, swap=6
2026-07-14 19:19:35.539 DEBUG qt.scenegraph.time.renderloop: [window 0x7f030130be40][render thread 0x7f0301180040] syncAndRender: start, elapsed since last call: 6 ms
2026-07-14 19:19:35.539 DEBUG qt.scenegraph.time.renderloop: [window 0x7f030130be40][gui thread] Frame prepared, polish=0 ms, lock=0 ms, blockedForSync=0 ms, animations=0 ms
2026-07-14 19:19:35.539 DEBUG qt.scenegraph.time.renderer: time in renderer: total=0ms, preprocess=0, updates=0, rendering=0
2026-07-14 19:19:35.546 DEBUG qt.scenegraph.time.renderloop: [window 0x7f030130be40][gui thread] polishAndSync: start, elapsed since last call: 6 ms
2026-07-14 19:19:35.546 DEBUG qt.scenegraph.time.renderloop: [window 0x7f030130be40][render thread 0x7f0301180040] syncAndRender: frame rendered in 6ms, sync=0, render=0, swap=6
2026-07-14 19:19:35.546 DEBUG qt.scenegraph.time.renderloop: [window 0x7f030130be40][render thread 0x7f0301180040] syncAndRender: start, elapsed since last call: 6 ms
2026-07-14 19:19:35.546 DEBUG qt.scenegraph.time.renderloop: [window 0x7f030130be40][gui thread] Frame prepared, polish=0 ms, lock=0 ms, blockedForSync=0 ms, animations=0 ms
2026-07-14 19:19:35.546 DEBUG qt.scenegraph.time.renderer: time in renderer: total=0ms, preprocess=0, updates=0, rendering=0
2026-07-14 19:19:35.553 DEBUG qt.scenegraph.time.renderloop: [window 0x7f030130be40][gui thread] polishAndSync: start, elapsed since last call: 7 ms
2026-07-14 19:19:35.553 DEBUG qt.scenegraph.time.renderloop: [window 0x7f030130be40][render thread 0x7f0301180040] syncAndRender: frame rendered in 6ms, sync=0, render=0, swap=6
2026-07-14 19:19:35.553 DEBUG qt.scenegraph.time.renderloop: [window 0x7f030130be40][render thread 0x7f0301180040] syncAndRender: start, elapsed since last call: 7 ms
2026-07-14 19:19:35.553 DEBUG qt.scenegraph.time.renderloop: [window 0x7f030130be40][gui thread] Frame prepared, polish=0 ms, lock=0 ms, blockedForSync=0 ms, animations=0 ms
2026-07-14 19:19:35.553 DEBUG qt.scenegraph.time.renderer: time in renderer: total=0ms, preprocess=0, updates=0, rendering=0
2026-07-14 19:19:35.560 DEBUG qt.scenegraph.time.renderloop: [window 0x7f030130be40][gui thread] polishAndSync: start, elapsed since last call: 6 ms
2026-07-14 19:19:35.560 DEBUG qt.scenegraph.time.renderloop: [window 0x7f030130be40][render thread 0x7f0301180040] syncAndRender: frame rendered in 6ms, sync=0, render=0, swap=6
2026-07-14 19:19:35.560 DEBUG qt.scenegraph.time.renderloop: [window 0x7f030130be40][render thread 0x7f0301180040] syncAndRender: start, elapsed since last call: 7 ms
2026-07-14 19:19:35.560 DEBUG qt.scenegraph.time.renderloop: [window 0x7f030130be40][gui thread] Frame prepared, polish=0 ms, lock=0 ms, blockedForSync=0 ms, animations=0 ms
2026-07-14 19:19:35.560 DEBUG qt.scenegraph.time.renderer: time in renderer: total=0ms, preprocess=0, updates=0, rendering=0
2026-07-14 19:19:35.567 DEBUG qt.scenegraph.time.renderloop: [window 0x7f030130be40][gui thread] polishAndSync: start, elapsed since last call: 6 ms
2026-07-14 19:19:35.567 DEBUG qt.scenegraph.time.renderloop: [window 0x7f030130be40][render thread 0x7f0301180040] syncAndRender: frame rendered in 6ms, sync=0, render=0, swap=6
2026-07-14 19:19:35.567 DEBUG qt.scenegraph.time.renderloop: [window 0x7f030130be40][render thread 0x7f0301180040] syncAndRender: start, elapsed since last call: 6 ms
2026-07-14 19:19:35.567 DEBUG qt.scenegraph.time.renderloop: [window 0x7f030130be40][gui thread] Frame prepared, polish=0 ms, lock=0 ms, blockedForSync=0 ms, animations=0 ms
2026-07-14 19:19:35.567 DEBUG qt.scenegraph.time.renderer: time in renderer: total=0ms, preprocess=0, updates=0, rendering=0
2026-07-14 19:19:35.574 DEBUG qt.scenegraph.time.renderloop: [window 0x7f030130be40][gui thread] polishAndSync: start, elapsed since last call: 6 ms
2026-07-14 19:19:35.574 DEBUG qt.scenegraph.time.renderloop: [window 0x7f030130be40][render thread 0x7f0301180040] syncAndRender: frame rendered in 6ms, sync=0, render=0, swap=6
2026-07-14 19:19:35.574 DEBUG qt.scenegraph.time.renderloop: [window 0x7f030130be40][render thread 0x7f0301180040] syncAndRender: start, elapsed since last call: 6 ms
2026-07-14 19:19:35.574 DEBUG qt.scenegraph.time.renderloop: [window 0x7f030130be40][gui thread] Frame prepared, polish=0 ms, lock=0 ms, blockedForSync=0 ms, animations=0 ms
2026-07-14 19:19:35.574 DEBUG qt.scenegraph.time.renderer: time in renderer: total=0ms, preprocess=0, updates=0, rendering=0
2026-07-14 19:19:35.581 DEBUG qt.scenegraph.time.renderloop: [window 0x7f030130be40][gui thread] polishAndSync: start, elapsed since last call: 6 ms
2026-07-14 19:19:35.581 DEBUG qt.scenegraph.time.renderloop: [window 0x7f030130be40][render thread 0x7f0301180040] syncAndRender: frame rendered in 6ms, sync=0, render=0, swap=6
2026-07-14 19:19:35.581 DEBUG qt.scenegraph.time.renderloop: [window 0x7f030130be40][render thread 0x7f0301180040] syncAndRender: start, elapsed since last call: 6 ms
2026-07-14 19:19:35.581 DEBUG qt.scenegraph.time.renderloop: [window 0x7f030130be40][gui thread] Frame prepared, polish=0 ms, lock=0 ms, blockedForSync=0 ms, animations=0 ms
2026-07-14 19:19:35.581 DEBUG qt.scenegraph.time.renderer: time in renderer: total=0ms, preprocess=0, updates=0, rendering=0
2026-07-14 19:19:35.588 DEBUG qt.scenegraph.time.renderloop: [window 0x7f030130be40][render thread 0x7f0301180040] syncAndRender: frame rendered in 6ms, sync=0, render=0, swap=6
2026-07-14 19:19:35.588 DEBUG qt.scenegraph.time.renderloop: [window 0x7f030130be40][gui thread] polishAndSync: start, elapsed since last call: 6 ms
2026-07-14 19:19:35.588 DEBUG qt.scenegraph.time.renderloop: [window 0x7f030130be40][render thread 0x7f0301180040] syncAndRender: start, elapsed since last call: 6 ms
2026-07-14 19:19:35.588 DEBUG qt.scenegraph.time.renderloop: [window 0x7f030130be40][gui thread] Frame prepared, polish=0 ms, lock=0 ms, blockedForSync=0 ms, animations=0 ms
2026-07-14 19:19:35.588 DEBUG qt.scenegraph.time.renderer: time in renderer: total=0ms, preprocess=0, updates=0, rendering=0
2026-07-14 19:19:35.594 DEBUG qt.scenegraph.time.renderloop: [window 0x7f030130be40][gui thread] polishAndSync: start, elapsed since last call: 6 ms
2026-07-14 19:19:35.595 DEBUG qt.scenegraph.time.renderloop: [window 0x7f030130be40][render thread 0x7f0301180040] syncAndRender: frame rendered in 6ms, sync=0, render=0, swap=6
2026-07-14 19:19:35.595 DEBUG qt.scenegraph.time.renderloop: [window 0x7f030130be40][render thread 0x7f0301180040] syncAndRender: start, elapsed since last call: 7 ms
2026-07-14 19:19:35.595 DEBUG qt.scenegraph.time.renderloop: [window 0x7f030130be40][gui thread] Frame prepared, polish=0 ms, lock=0 ms, blockedForSync=0 ms, animations=0 ms
2026-07-14 19:19:35.595 DEBUG qt.scenegraph.time.renderer: time in renderer: total=0ms, preprocess=0, updates=0, rendering=0
2026-07-14 19:19:35.601 DEBUG qt.scenegraph.time.renderloop: [window 0x7f030130be40][render thread 0x7f0301180040] syncAndRender: frame rendered in 6ms, sync=0, render=0, swap=6
2026-07-14 19:19:35.602 DEBUG qt.scenegraph.time.renderloop: [window 0x7f030130be40][gui thread] polishAndSync: start, elapsed since last call: 7 ms
2026-07-14 19:19:35.602 DEBUG qt.scenegraph.time.renderloop: [window 0x7f030130be40][render thread 0x7f0301180040] syncAndRender: start, elapsed since last call: 6 ms
2026-07-14 19:19:35.602 DEBUG qt.scenegraph.time.renderloop: [window 0x7f030130be40][gui thread] Frame prepared, polish=0 ms, lock=0 ms, blockedForSync=0 ms, animations=0 ms
2026-07-14 19:19:35.602 DEBUG qt.scenegraph.time.renderer: time in renderer: total=0ms, preprocess=0, updates=0, rendering=0
2026-07-14 19:19:35.608 DEBUG qt.scenegraph.time.renderloop: [window 0x7f030130be40][render thread 0x7f0301180040] syncAndRender: frame rendered in 6ms, sync=0, render=0, swap=6
2026-07-14 19:19:35.625 DEBUG qt.scenegraph.time.renderloop: [window 0x7f030130be40][gui thread] polishAndSync: start, elapsed since last call: 23 ms
2026-07-14 19:19:35.625 DEBUG qt.scenegraph.time.renderloop: [window 0x7f030130be40][render thread 0x7f0301180040] syncAndRender: start, elapsed since last call: 23 ms
2026-07-14 19:19:35.625 DEBUG qt.scenegraph.time.renderloop: [window 0x7f030130be40][gui thread] Frame prepared, polish=0 ms, lock=0 ms, blockedForSync=0 ms, animations=0 ms
2026-07-14 19:19:35.625 DEBUG qt.scenegraph.time.renderer: time in renderer: total=0ms, preprocess=0, updates=0, rendering=0
2026-07-14 19:19:35.625 DEBUG qt.scenegraph.time.renderloop: [window 0x7f030130be40][render thread 0x7f0301180040] syncAndRender: frame rendered in 0ms, sync=0, render=0, swap=0
2026-07-14 19:19:35.629 DEBUG qt.scenegraph.time.renderloop: [window 0x7f030130be40][gui thread] polishAndSync: start, elapsed since last call: 4 ms
2026-07-14 19:19:35.629 DEBUG qt.scenegraph.time.renderloop: [window 0x7f030130be40][render thread 0x7f0301180040] syncAndRender: start, elapsed since last call: 4 ms
2026-07-14 19:19:35.629 DEBUG qt.scenegraph.time.renderloop: [window 0x7f030130be40][gui thread] Frame prepared, polish=0 ms, lock=0 ms, blockedForSync=0 ms, animations=0 ms
2026-07-14 19:19:35.629 DEBUG qt.scenegraph.time.renderer: time in renderer: total=0ms, preprocess=0, updates=0, rendering=0
2026-07-14 19:19:35.630 DEBUG qt.scenegraph.time.renderloop: [window 0x7f030130be40][render thread 0x7f0301180040] syncAndRender: frame rendered in 0ms, sync=0, render=0, swap=0
2026-07-14 19:19:35.658 DEBUG qt.scenegraph.time.renderloop: [window 0x7f030130be40][gui thread] polishAndSync: start, elapsed since last call: 29 ms
2026-07-14 19:19:35.659 DEBUG qt.scenegraph.time.renderloop: [window 0x7f030130be40][render thread 0x7f0301180040] syncAndRender: start, elapsed since last call: 29 ms
2026-07-14 19:19:35.659 DEBUG qt.scenegraph.time.renderloop: [window 0x7f030130be40][gui thread] Frame prepared, polish=0 ms, lock=0 ms, blockedForSync=0 ms, animations=0 ms
2026-07-14 19:19:35.659 DEBUG qt.scenegraph.time.renderer: time in renderer: total=0ms, preprocess=0, updates=0, rendering=0
2026-07-14 19:19:35.659 DEBUG qt.scenegraph.time.renderloop: [window 0x7f030130be40][render thread 0x7f0301180040] syncAndRender: frame rendered in 0ms, sync=0, render=0, swap=0
2026-07-14 19:19:35.664 DEBUG qt.scenegraph.time.renderloop: [window 0x7f030130be40][gui thread] polishAndSync: start, elapsed since last call: 5 ms
2026-07-14 19:19:35.664 DEBUG qt.scenegraph.time.renderloop: [window 0x7f030130be40][render thread 0x7f0301180040] syncAndRender: start, elapsed since last call: 5 ms
2026-07-14 19:19:35.664 DEBUG qt.scenegraph.time.renderloop: [window 0x7f030130be40][gui thread] Frame prepared, polish=0 ms, lock=0 ms, blockedForSync=0 ms, animations=0 ms
2026-07-14 19:19:35.664 DEBUG qt.scenegraph.time.renderer: time in renderer: total=0ms, preprocess=0, updates=0, rendering=0
2026-07-14 19:19:35.664 DEBUG qt.scenegraph.time.renderloop: [window 0x7f030130be40][render thread 0x7f0301180040] syncAndRender: frame rendered in 0ms, sync=0, render=0, swap=0
2026-07-14 19:19:35.691 DEBUG qt.scenegraph.time.renderloop: [window 0x7f030130be40][gui thread] polishAndSync: start, elapsed since last call: 27 ms
2026-07-14 19:19:35.692 DEBUG qt.scenegraph.time.renderloop: [window 0x7f030130be40][render thread 0x7f0301180040] syncAndRender: start, elapsed since last call: 27 ms
2026-07-14 19:19:35.692 DEBUG qt.scenegraph.time.renderloop: [window 0x7f030130be40][gui thread] Frame prepared, polish=0 ms, lock=0 ms, blockedForSync=0 ms, animations=0 ms
2026-07-14 19:19:35.692 DEBUG qt.scenegraph.time.renderer: time in renderer: total=0ms, preprocess=0, updates=0, rendering=0
2026-07-14 19:19:35.692 DEBUG qt.scenegraph.time.renderloop: [window 0x7f030130be40][render thread 0x7f0301180040] syncAndRender: frame rendered in 0ms, sync=0, render=0, swap=0
2026-07-14 19:19:35.699 DEBUG qt.scenegraph.time.renderloop: [window 0x7f030130be40][gui thread] polishAndSync: start, elapsed since last call: 7 ms
2026-07-14 19:19:35.699 DEBUG qt.scenegraph.time.renderloop: [window 0x7f030130be40][render thread 0x7f0301180040] syncAndRender: start, elapsed since last call: 7 ms
2026-07-14 19:19:35.699 DEBUG qt.scenegraph.time.renderloop: [window 0x7f030130be40][gui thread] Frame prepared, polish=0 ms, lock=0 ms, blockedForSync=0 ms, animations=0 ms
2026-07-14 19:19:35.699 DEBUG qt.scenegraph.time.renderer: time in renderer: total=0ms, preprocess=0, updates=0, rendering=0
2026-07-14 19:19:35.699 DEBUG qt.scenegraph.time.renderloop: [window 0x7f030130be40][render thread 0x7f0301180040] syncAndRender: frame rendered in 0ms, sync=0, render=0, swap=0
2026-07-14 19:19:35.724 DEBUG qt.scenegraph.time.renderloop: [window 0x7f030130be40][gui thread] polishAndSync: start, elapsed since last call: 25 ms
2026-07-14 19:19:35.724 DEBUG qt.scenegraph.time.renderloop: [window 0x7f030130be40][render thread 0x7f0301180040] syncAndRender: start, elapsed since last call: 25 ms
2026-07-14 19:19:35.724 DEBUG qt.scenegraph.time.renderloop: [window 0x7f030130be40][gui thread] Frame prepared, polish=0 ms, lock=0 ms, blockedForSync=0 ms, animations=0 ms
2026-07-14 19:19:35.725 DEBUG qt.scenegraph.time.renderer: time in renderer: total=0ms, preprocess=0, updates=0, rendering=0
2026-07-14 19:19:35.725 DEBUG qt.scenegraph.time.renderloop: [window 0x7f030130be40][render thread 0x7f0301180040] syncAndRender: frame rendered in 0ms, sync=0, render=0, swap=0
2026-07-14 19:19:35.727 DEBUG qt.scenegraph.time.renderloop: [window 0x7f030130be40][gui thread] polishAndSync: start, elapsed since last call: 2 ms
2026-07-14 19:19:35.727 DEBUG qt.scenegraph.time.renderloop: [window 0x7f030130be40][render thread 0x7f0301180040] syncAndRender: start, elapsed since last call: 2 ms
2026-07-14 19:19:35.727 DEBUG qt.scenegraph.time.renderloop: [window 0x7f030130be40][gui thread] Frame prepared, polish=0 ms, lock=0 ms, blockedForSync=0 ms, animations=0 ms
2026-07-14 19:19:35.727 DEBUG qt.scenegraph.time.renderer: time in renderer: total=0ms, preprocess=0, updates=0, rendering=0
2026-07-14 19:19:35.727 DEBUG qt.scenegraph.time.renderloop: [window 0x7f030130be40][render thread 0x7f0301180040] syncAndRender: frame rendered in 0ms, sync=0, render=0, swap=0
2026-07-14 19:19:35.758 DEBUG qt.scenegraph.time.renderloop: [window 0x7f030130be40][gui thread] polishAndSync: start, elapsed since last call: 31 ms
2026-07-14 19:19:35.758 DEBUG qt.scenegraph.time.renderloop: [window 0x7f030130be40][render thread 0x7f0301180040] syncAndRender: start, elapsed since last call: 31 ms
2026-07-14 19:19:35.758 DEBUG qt.scenegraph.time.renderloop: [window 0x7f030130be40][gui thread] Frame prepared, polish=0 ms, lock=0 ms, blockedForSync=0 ms, animations=0 ms
2026-07-14 19:19:35.758 DEBUG qt.scenegraph.time.renderer: time in renderer: total=0ms, preprocess=0, updates=0, rendering=0
2026-07-14 19:19:35.758 DEBUG qt.scenegraph.time.renderloop: [window 0x7f030130be40][render thread 0x7f0301180040] syncAndRender: frame rendered in 0ms, sync=0, render=0, swap=0
2026-07-14 19:19:35.761 DEBUG qt.scenegraph.time.renderloop: [window 0x7f030130be40][gui thread] polishAndSync: start, elapsed since last call: 3 ms
2026-07-14 19:19:35.761 DEBUG qt.scenegraph.time.renderloop: [window 0x7f030130be40][render thread 0x7f0301180040] syncAndRender: start, elapsed since last call: 3 ms
2026-07-14 19:19:35.761 DEBUG qt.scenegraph.time.renderloop: [window 0x7f030130be40][gui thread] Frame prepared, polish=0 ms, lock=0 ms, blockedForSync=0 ms, animations=0 ms
2026-07-14 19:19:35.761 DEBUG qt.scenegraph.time.renderer: time in renderer: total=0ms, preprocess=0, updates=0, rendering=0
2026-07-14 19:19:35.762 DEBUG qt.scenegraph.time.renderloop: [window 0x7f030130be40][render thread 0x7f0301180040] syncAndRender: frame rendered in 0ms, sync=0, render=0, swap=0
2026-07-14 19:19:35.790 DEBUG qt.scenegraph.time.renderloop: [window 0x7f030130be40][gui thread] polishAndSync: start, elapsed since last call: 29 ms
2026-07-14 19:19:35.793 DEBUG qt.scenegraph.time.renderloop: [window 0x7f030130be40][render thread 0x7f0301180040] syncAndRender: start, elapsed since last call: 31 ms
2026-07-14 19:19:35.793 DEBUG qt.scenegraph.time.renderloop: [window 0x7f030130be40][gui thread] Frame prepared, polish=2 ms, lock=0 ms, blockedForSync=0 ms, animations=0 ms
2026-07-14 19:19:35.793 DEBUG qt.scenegraph.time.renderer: time in renderer: total=0ms, preprocess=0, updates=0, rendering=0
2026-07-14 19:19:35.793 DEBUG qt.scenegraph.time.renderloop: [window 0x7f030130be40][render thread 0x7f0301180040] syncAndRender: frame rendered in 0ms, sync=0, render=0, swap=0
2026-07-14 19:19:35.796 DEBUG qt.scenegraph.time.renderloop: [window 0x7f030130be40][gui thread] polishAndSync: start, elapsed since last call: 6 ms
2026-07-14 19:19:35.796 DEBUG qt.scenegraph.time.renderloop: [window 0x7f030130be40][render thread 0x7f0301180040] syncAndRender: start, elapsed since last call: 3 ms
2026-07-14 19:19:35.797 DEBUG qt.scenegraph.time.renderloop: [window 0x7f030130be40][gui thread] Frame prepared, polish=0 ms, lock=0 ms, blockedForSync=0 ms, animations=0 ms
2026-07-14 19:19:35.797 DEBUG qt.scenegraph.time.renderer: time in renderer: total=0ms, preprocess=0, updates=0, rendering=0
2026-07-14 19:19:35.797 DEBUG qt.scenegraph.time.renderloop: [window 0x7f030130be40][render thread 0x7f0301180040] syncAndRender: frame rendered in 0ms, sync=0, render=0, swap=0
2026-07-14 19:19:35.823 DEBUG qt.scenegraph.time.renderloop: [window 0x7f030130be40][gui thread] polishAndSync: start, elapsed since last call: 26 ms
2026-07-14 19:19:35.824 DEBUG qt.scenegraph.time.renderloop: [window 0x7f030130be40][render thread 0x7f0301180040] syncAndRender: start, elapsed since last call: 27 ms
2026-07-14 19:19:35.824 DEBUG qt.scenegraph.time.renderloop: [window 0x7f030130be40][gui thread] Frame prepared, polish=0 ms, lock=0 ms, blockedForSync=0 ms, animations=0 ms
2026-07-14 19:19:35.824 DEBUG qt.scenegraph.time.renderer: time in renderer: total=0ms, preprocess=0, updates=0, rendering=0
2026-07-14 19:19:35.824 DEBUG qt.scenegraph.time.renderloop: [window 0x7f030130be40][render thread 0x7f0301180040] syncAndRender: frame rendered in 0ms, sync=0, render=0, swap=0
2026-07-14 19:19:35.824 DEBUG qt.scenegraph.time.renderloop: [window 0x7f030130be40][gui thread] polishAndSync: start, elapsed since last call: 1 ms
2026-07-14 19:19:35.824 DEBUG qt.scenegraph.time.renderloop: [window 0x7f030130be40][render thread 0x7f0301180040] syncAndRender: start, elapsed since last call: 0 ms
2026-07-14 19:19:35.824 DEBUG qt.scenegraph.time.renderloop: [window 0x7f030130be40][gui thread] Frame prepared, polish=0 ms, lock=0 ms, blockedForSync=0 ms, animations=0 ms
2026-07-14 19:19:35.825 DEBUG qt.scenegraph.time.renderer: time in renderer: total=0ms, preprocess=0, updates=0, rendering=0
2026-07-14 19:19:35.825 DEBUG qt.scenegraph.time.renderloop: [window 0x7f030130be40][render thread 0x7f0301180040] syncAndRender: frame rendered in 0ms, sync=0, render=0, swap=0
2026-07-14 19:19:35.856 DEBUG qt.scenegraph.time.renderloop: [window 0x7f030130be40][gui thread] polishAndSync: start, elapsed since last call: 31 ms
2026-07-14 19:19:35.856 DEBUG qt.scenegraph.time.renderloop: [window 0x7f030130be40][render thread 0x7f0301180040] syncAndRender: start, elapsed since last call: 31 ms
2026-07-14 19:19:35.856 DEBUG qt.scenegraph.time.renderloop: [window 0x7f030130be40][gui thread] Frame prepared, polish=0 ms, lock=0 ms, blockedForSync=0 ms, animations=0 ms
2026-07-14 19:19:35.856 DEBUG qt.scenegraph.time.renderer: time in renderer: total=0ms, preprocess=0, updates=0, rendering=0
2026-07-14 19:19:35.857 DEBUG qt.scenegraph.time.renderloop: [window 0x7f030130be40][render thread 0x7f0301180040] syncAndRender: frame rendered in 0ms, sync=0, render=0, swap=0
2026-07-14 19:19:35.859 DEBUG qt.scenegraph.time.renderloop: [window 0x7f030130be40][gui thread] polishAndSync: start, elapsed since last call: 2 ms
2026-07-14 19:19:35.859 DEBUG qt.scenegraph.time.renderloop: [window 0x7f030130be40][render thread 0x7f0301180040] syncAndRender: start, elapsed since last call: 2 ms
2026-07-14 19:19:35.859 DEBUG qt.scenegraph.time.renderloop: [window 0x7f030130be40][gui thread] Frame prepared, polish=0 ms, lock=0 ms, blockedForSync=0 ms, animations=0 ms
2026-07-14 19:19:35.859 DEBUG qt.scenegraph.time.renderer: time in renderer: total=0ms, preprocess=0, updates=0, rendering=0
2026-07-14 19:19:35.859 DEBUG qt.scenegraph.time.renderloop: [window 0x7f030130be40][render thread 0x7f0301180040] syncAndRender: frame rendered in 0ms, sync=0, render=0, swap=0
2026-07-14 19:19:35.890 DEBUG qt.scenegraph.time.renderloop: [window 0x7f030130be40][gui thread] polishAndSync: start, elapsed since last call: 31 ms
2026-07-14 19:19:35.890 DEBUG qt.scenegraph.time.renderloop: [window 0x7f030130be40][render thread 0x7f0301180040] syncAndRender: start, elapsed since last call: 31 ms
2026-07-14 19:19:35.890 DEBUG qt.scenegraph.time.renderloop: [window 0x7f030130be40][gui thread] Frame prepared, polish=0 ms, lock=0 ms, blockedForSync=0 ms, animations=0 ms
2026-07-14 19:19:35.890 DEBUG qt.scenegraph.time.renderer: time in renderer: total=0ms, preprocess=0, updates=0, rendering=0
2026-07-14 19:19:35.890 DEBUG qt.scenegraph.time.renderloop: [window 0x7f030130be40][render thread 0x7f0301180040] syncAndRender: frame rendered in 0ms, sync=0, render=0, swap=0
2026-07-14 19:19:35.893 DEBUG qt.scenegraph.time.renderloop: [window 0x7f030130be40][gui thread] polishAndSync: start, elapsed since last call: 3 ms
2026-07-14 19:19:35.893 DEBUG qt.scenegraph.time.renderloop: [window 0x7f030130be40][render thread 0x7f0301180040] syncAndRender: start, elapsed since last call: 3 ms
2026-07-14 19:19:35.893 DEBUG qt.scenegraph.time.renderloop: [window 0x7f030130be40][gui thread] Frame prepared, polish=0 ms, lock=0 ms, blockedForSync=0 ms, animations=0 ms
2026-07-14 19:19:35.894 DEBUG qt.scenegraph.time.renderer: time in renderer: total=0ms, preprocess=0, updates=0, rendering=0
2026-07-14 19:19:35.894 DEBUG qt.scenegraph.time.renderloop: [window 0x7f030130be40][render thread 0x7f0301180040] syncAndRender: frame rendered in 0ms, sync=0, render=0, swap=0
2026-07-14 19:19:35.923 DEBUG qt.scenegraph.time.renderloop: [window 0x7f030130be40][gui thread] polishAndSync: start, elapsed since last call: 29 ms
2026-07-14 19:19:35.923 DEBUG qt.scenegraph.time.renderloop: [window 0x7f030130be40][render thread 0x7f0301180040] syncAndRender: start, elapsed since last call: 29 ms
2026-07-14 19:19:35.923 DEBUG qt.scenegraph.time.renderloop: [window 0x7f030130be40][gui thread] Frame prepared, polish=0 ms, lock=0 ms, blockedForSync=0 ms, animations=0 ms
2026-07-14 19:19:35.923 DEBUG qt.scenegraph.time.renderer: time in renderer: total=0ms, preprocess=0, updates=0, rendering=0
2026-07-14 19:19:35.923 DEBUG qt.scenegraph.time.renderloop: [window 0x7f030130be40][render thread 0x7f0301180040] syncAndRender: frame rendered in 0ms, sync=0, render=0, swap=0
2026-07-14 19:19:35.928 DEBUG qt.scenegraph.time.renderloop: [window 0x7f030130be40][gui thread] polishAndSync: start, elapsed since last call: 5 ms
2026-07-14 19:19:35.928 DEBUG qt.scenegraph.time.renderloop: [window 0x7f030130be40][render thread 0x7f0301180040] syncAndRender: start, elapsed since last call: 5 ms
2026-07-14 19:19:35.928 DEBUG qt.scenegraph.time.renderloop: [window 0x7f030130be40][gui thread] Frame prepared, polish=0 ms, lock=0 ms, blockedForSync=0 ms, animations=0 ms
2026-07-14 19:19:35.928 DEBUG qt.scenegraph.time.renderer: time in renderer: total=0ms, preprocess=0, updates=0, rendering=0
2026-07-14 19:19:35.929 DEBUG qt.scenegraph.time.renderloop: [window 0x7f030130be40][render thread 0x7f0301180040] syncAndRender: frame rendered in 0ms, sync=0, render=0, swap=0
2026-07-14 19:19:35.955 DEBUG qt.scenegraph.time.renderloop: [window 0x7f030130be40][gui thread] polishAndSync: start, elapsed since last call: 26 ms
2026-07-14 19:19:35.956 DEBUG qt.scenegraph.time.renderloop: [window 0x7f030130be40][render thread 0x7f0301180040] syncAndRender: start, elapsed since last call: 27 ms
2026-07-14 19:19:35.956 DEBUG qt.scenegraph.time.renderloop: [window 0x7f030130be40][gui thread] Frame prepared, polish=0 ms, lock=0 ms, blockedForSync=0 ms, animations=0 ms
2026-07-14 19:19:35.956 DEBUG qt.scenegraph.time.renderer: time in renderer: total=0ms, preprocess=0, updates=0, rendering=0
2026-07-14 19:19:35.956 DEBUG qt.scenegraph.time.renderloop: [window 0x7f030130be40][render thread 0x7f0301180040] syncAndRender: frame rendered in 0ms, sync=0, render=0, swap=0
2026-07-14 19:19:35.963 DEBUG qt.scenegraph.time.renderloop: [window 0x7f030130be40][gui thread] polishAndSync: start, elapsed since last call: 7 ms
2026-07-14 19:19:35.963 DEBUG qt.scenegraph.time.renderloop: [window 0x7f030130be40][render thread 0x7f0301180040] syncAndRender: start, elapsed since last call: 7 ms
2026-07-14 19:19:35.963 DEBUG qt.scenegraph.time.renderloop: [window 0x7f030130be40][gui thread] Frame prepared, polish=0 ms, lock=0 ms, blockedForSync=0 ms, animations=0 ms
2026-07-14 19:19:35.963 DEBUG qt.scenegraph.time.renderer: time in renderer: total=0ms, preprocess=0, updates=0, rendering=0
2026-07-14 19:19:35.963 DEBUG qt.scenegraph.time.renderloop: [window 0x7f030130be40][render thread 0x7f0301180040] syncAndRender: frame rendered in 0ms, sync=0, render=0, swap=0
2026-07-14 19:19:35.988 DEBUG qt.scenegraph.time.renderloop: [window 0x7f030130be40][gui thread] polishAndSync: start, elapsed since last call: 25 ms
2026-07-14 19:19:35.988 DEBUG qt.scenegraph.time.renderloop: [window 0x7f030130be40][render thread 0x7f0301180040] syncAndRender: start, elapsed since last call: 25 ms
2026-07-14 19:19:35.988 DEBUG qt.scenegraph.time.renderloop: [window 0x7f030130be40][gui thread] Frame prepared, polish=0 ms, lock=0 ms, blockedForSync=0 ms, animations=0 ms
2026-07-14 19:19:35.988 DEBUG qt.scenegraph.time.renderer: time in renderer: total=0ms, preprocess=0, updates=0, rendering=0
2026-07-14 19:19:35.989 DEBUG qt.scenegraph.time.renderloop: [window 0x7f030130be40][render thread 0x7f0301180040] syncAndRender: frame rendered in 0ms, sync=0, render=0, swap=0
2026-07-14 19:19:35.991 DEBUG qt.scenegraph.time.renderloop: [window 0x7f030130be40][gui thread] polishAndSync: start, elapsed since last call: 2 ms
2026-07-14 19:19:35.991 DEBUG qt.scenegraph.time.renderloop: [window 0x7f030130be40][render thread 0x7f0301180040] syncAndRender: start, elapsed since last call: 2 ms
2026-07-14 19:19:35.991 DEBUG qt.scenegraph.time.renderloop: [window 0x7f030130be40][gui thread] Frame prepared, polish=0 ms, lock=0 ms, blockedForSync=0 ms, animations=0 ms
2026-07-14 19:19:35.991 DEBUG qt.scenegraph.time.renderer: time in renderer: total=0ms, preprocess=0, updates=0, rendering=0
2026-07-14 19:19:35.991 DEBUG qt.scenegraph.time.renderloop: [window 0x7f030130be40][render thread 0x7f0301180040] syncAndRender: frame rendered in 0ms, sync=0, render=0, swap=0
2026-07-14 19:19:36.022 DEBUG qt.scenegraph.time.renderloop: [window 0x7f030130be40][gui thread] polishAndSync: start, elapsed since last call: 30 ms
2026-07-14 19:19:36.022 DEBUG qt.scenegraph.time.renderloop: [window 0x7f030130be40][render thread 0x7f0301180040] syncAndRender: start, elapsed since last call: 31 ms
2026-07-14 19:19:36.022 DEBUG qt.scenegraph.time.renderloop: [window 0x7f030130be40][gui thread] Frame prepared, polish=0 ms, lock=0 ms, blockedForSync=0 ms, animations=0 ms
2026-07-14 19:19:36.022 DEBUG qt.scenegraph.time.renderer: time in renderer: total=0ms, preprocess=0, updates=0, rendering=0
2026-07-14 19:19:36.023 DEBUG qt.scenegraph.time.renderloop: [window 0x7f030130be40][render thread 0x7f0301180040] syncAndRender: frame rendered in 0ms, sync=0, render=0, swap=0
2026-07-14 19:19:36.023 DEBUG qt.scenegraph.time.renderloop: [window 0x7f030130be40][gui thread] polishAndSync: start, elapsed since last call: 1 ms
2026-07-14 19:19:36.023 DEBUG qt.scenegraph.time.renderloop: [window 0x7f030130be40][render thread 0x7f0301180040] syncAndRender: start, elapsed since last call: 0 ms
2026-07-14 19:19:36.023 DEBUG qt.scenegraph.time.renderloop: [window 0x7f030130be40][gui thread] Frame prepared, polish=0 ms, lock=0 ms, blockedForSync=0 ms, animations=0 ms
2026-07-14 19:19:36.023 DEBUG qt.scenegraph.time.renderer: time in renderer: total=0ms, preprocess=0, updates=0, rendering=0
2026-07-14 19:19:36.023 DEBUG qt.scenegraph.time.renderloop: [window 0x7f030130be40][render thread 0x7f0301180040] syncAndRender: frame rendered in 0ms, sync=0, render=0, swap=0
2026-07-14 19:19:36.055 DEBUG qt.scenegraph.time.renderloop: [window 0x7f030130be40][gui thread] polishAndSync: start, elapsed since last call: 31 ms
2026-07-14 19:19:36.055 DEBUG qt.scenegraph.time.renderloop: [window 0x7f030130be40][render thread 0x7f0301180040] syncAndRender: start, elapsed since last call: 31 ms
2026-07-14 19:19:36.055 DEBUG qt.scenegraph.time.renderloop: [window 0x7f030130be40][gui thread] Frame prepared, polish=0 ms, lock=0 ms, blockedForSync=0 ms, animations=0 ms
2026-07-14 19:19:36.055 DEBUG qt.scenegraph.time.renderer: time in renderer: total=0ms, preprocess=0, updates=0, rendering=0
2026-07-14 19:19:36.055 DEBUG qt.scenegraph.time.renderloop: [window 0x7f030130be40][render thread 0x7f0301180040] syncAndRender: frame rendered in 0ms, sync=0, render=0, swap=0
2026-07-14 19:19:36.056 DEBUG qt.scenegraph.time.renderloop: [window 0x7f030130be40][gui thread] polishAndSync: start, elapsed since last call: 1 ms
2026-07-14 19:19:36.056 DEBUG qt.scenegraph.time.renderloop: [window 0x7f030130be40][render thread 0x7f0301180040] syncAndRender: start, elapsed since last call: 0 ms
2026-07-14 19:19:36.056 DEBUG qt.scenegraph.time.renderloop: [window 0x7f030130be40][gui thread] Frame prepared, polish=0 ms, lock=0 ms, blockedForSync=0 ms, animations=0 ms
2026-07-14 19:19:36.056 DEBUG qt.scenegraph.time.renderer: time in renderer: total=0ms, preprocess=0, updates=0, rendering=0
2026-07-14 19:19:36.056 DEBUG qt.scenegraph.time.renderloop: [window 0x7f030130be40][render thread 0x7f0301180040] syncAndRender: frame rendered in 0ms, sync=0, render=0, swap=0
2026-07-14 19:19:36.087 DEBUG qt.scenegraph.time.renderloop: [window 0x7f030130be40][gui thread] polishAndSync: start, elapsed since last call: 31 ms
2026-07-14 19:19:36.088 DEBUG qt.scenegraph.time.renderloop: [window 0x7f030130be40][render thread 0x7f0301180040] syncAndRender: start, elapsed since last call: 31 ms
2026-07-14 19:19:36.088 DEBUG qt.scenegraph.time.renderloop: [window 0x7f030130be40][gui thread] Frame prepared, polish=0 ms, lock=0 ms, blockedForSync=0 ms, animations=0 ms
2026-07-14 19:19:36.088 DEBUG qt.scenegraph.time.renderer: time in renderer: total=0ms, preprocess=0, updates=0, rendering=0
2026-07-14 19:19:36.088 DEBUG qt.scenegraph.time.renderloop: [window 0x7f030130be40][render thread 0x7f0301180040] syncAndRender: frame rendered in 0ms, sync=0, render=0, swap=0
2026-07-14 19:19:36.088 DEBUG qt.scenegraph.time.renderloop: [window 0x7f030130be40][gui thread] polishAndSync: start, elapsed since last call: 1 ms
2026-07-14 19:19:36.089 DEBUG qt.scenegraph.time.renderloop: [window 0x7f030130be40][render thread 0x7f0301180040] syncAndRender: start, elapsed since last call: 0 ms
2026-07-14 19:19:36.089 DEBUG qt.scenegraph.time.renderloop: [window 0x7f030130be40][gui thread] Frame prepared, polish=0 ms, lock=0 ms, blockedForSync=0 ms, animations=0 ms
2026-07-14 19:19:36.089 DEBUG qt.scenegraph.time.renderer: time in renderer: total=0ms, preprocess=0, updates=0, rendering=0
2026-07-14 19:19:36.089 DEBUG qt.scenegraph.time.renderloop: [window 0x7f030130be40][render thread 0x7f0301180040] syncAndRender: frame rendered in 0ms, sync=0, render=0, swap=0
2026-07-14 19:19:36.120 DEBUG qt.scenegraph.time.renderloop: [window 0x7f030130be40][gui thread] polishAndSync: start, elapsed since last call: 31 ms
2026-07-14 19:19:36.120 DEBUG qt.scenegraph.time.renderloop: [window 0x7f030130be40][render thread 0x7f0301180040] syncAndRender: start, elapsed since last call: 31 ms
2026-07-14 19:19:36.121 DEBUG qt.scenegraph.time.renderloop: [window 0x7f030130be40][gui thread] Frame prepared, polish=0 ms, lock=0 ms, blockedForSync=0 ms, animations=0 ms
2026-07-14 19:19:36.121 DEBUG qt.scenegraph.time.renderer: time in renderer: total=0ms, preprocess=0, updates=0, rendering=0
2026-07-14 19:19:36.121 DEBUG qt.scenegraph.time.renderloop: [window 0x7f030130be40][render thread 0x7f0301180040] syncAndRender: frame rendered in 0ms, sync=0, render=0, swap=0
2026-07-14 19:19:36.123 DEBUG qt.scenegraph.time.renderloop: [window 0x7f030130be40][gui thread] polishAndSync: start, elapsed since last call: 2 ms
2026-07-14 19:19:36.123 DEBUG qt.scenegraph.time.renderloop: [window 0x7f030130be40][render thread 0x7f0301180040] syncAndRender: start, elapsed since last call: 2 ms
2026-07-14 19:19:36.123 DEBUG qt.scenegraph.time.renderloop: [window 0x7f030130be40][gui thread] Frame prepared, polish=0 ms, lock=0 ms, blockedForSync=0 ms, animations=0 ms
2026-07-14 19:19:36.123 DEBUG qt.scenegraph.time.renderer: time in renderer: total=0ms, preprocess=0, updates=0, rendering=0
2026-07-14 19:19:36.123 DEBUG qt.scenegraph.time.renderloop: [window 0x7f030130be40][render thread 0x7f0301180040] syncAndRender: frame rendered in 0ms, sync=0, render=0, swap=0
2026-07-14 19:19:36.153 DEBUG qt.scenegraph.time.renderloop: [window 0x7f030130be40][gui thread] polishAndSync: start, elapsed since last call: 30 ms
2026-07-14 19:19:36.153 DEBUG qt.scenegraph.time.renderloop: [window 0x7f030130be40][render thread 0x7f0301180040] syncAndRender: start, elapsed since last call: 30 ms
2026-07-14 19:19:36.153 DEBUG qt.scenegraph.time.renderloop: [window 0x7f030130be40][gui thread] Frame prepared, polish=0 ms, lock=0 ms, blockedForSync=0 ms, animations=0 ms
2026-07-14 19:19:36.153 DEBUG qt.scenegraph.time.renderer: time in renderer: total=0ms, preprocess=0, updates=0, rendering=0
2026-07-14 19:19:36.154 DEBUG qt.scenegraph.time.renderloop: [window 0x7f030130be40][render thread 0x7f0301180040] syncAndRender: frame rendered in 0ms, sync=0, render=0, swap=0
2026-07-14 19:19:36.157 DEBUG qt.scenegraph.time.renderloop: [window 0x7f030130be40][gui thread] polishAndSync: start, elapsed since last call: 4 ms
2026-07-14 19:19:36.157 DEBUG qt.scenegraph.time.renderloop: [window 0x7f030130be40][render thread 0x7f0301180040] syncAndRender: start, elapsed since last call: 4 ms
2026-07-14 19:19:36.157 DEBUG qt.scenegraph.time.renderloop: [window 0x7f030130be40][gui thread] Frame prepared, polish=0 ms, lock=0 ms, blockedForSync=0 ms, animations=0 ms
2026-07-14 19:19:36.158 DEBUG qt.scenegraph.time.renderer: time in renderer: total=0ms, preprocess=0, updates=0, rendering=0
2026-07-14 19:19:36.158 DEBUG qt.scenegraph.time.renderloop: [window 0x7f030130be40][render thread 0x7f0301180040] syncAndRender: frame rendered in 0ms, sync=0, render=0, swap=0
2026-07-14 19:19:36.187 DEBUG qt.scenegraph.time.renderloop: [window 0x7f030130be40][gui thread] polishAndSync: start, elapsed since last call: 29 ms
2026-07-14 19:19:36.187 DEBUG qt.scenegraph.time.renderloop: [window 0x7f030130be40][render thread 0x7f0301180040] syncAndRender: start, elapsed since last call: 29 ms
2026-07-14 19:19:36.187 DEBUG qt.scenegraph.time.renderloop: [window 0x7f030130be40][gui thread] Frame prepared, polish=0 ms, lock=0 ms, blockedForSync=0 ms, animations=0 ms
2026-07-14 19:19:36.187 DEBUG qt.scenegraph.time.renderer: time in renderer: total=0ms, preprocess=0, updates=0, rendering=0
2026-07-14 19:19:36.187 DEBUG qt.scenegraph.time.renderloop: [window 0x7f030130be40][render thread 0x7f0301180040] syncAndRender: frame rendered in 0ms, sync=0, render=0, swap=0
2026-07-14 19:19:36.192 DEBUG qt.scenegraph.time.renderloop: [window 0x7f030130be40][gui thread] polishAndSync: start, elapsed since last call: 5 ms
2026-07-14 19:19:36.192 DEBUG qt.scenegraph.time.renderloop: [window 0x7f030130be40][render thread 0x7f0301180040] syncAndRender: start, elapsed since last call: 5 ms
2026-07-14 19:19:36.192 DEBUG qt.scenegraph.time.renderloop: [window 0x7f030130be40][gui thread] Frame prepared, polish=0 ms, lock=0 ms, blockedForSync=0 ms, animations=0 ms
2026-07-14 19:19:36.192 DEBUG qt.scenegraph.time.renderer: time in renderer: total=0ms, preprocess=0, updates=0, rendering=0
2026-07-14 19:19:36.193 DEBUG qt.scenegraph.time.renderloop: [window 0x7f030130be40][render thread 0x7f0301180040] syncAndRender: frame rendered in 0ms, sync=0, render=0, swap=0
2026-07-14 19:19:36.219 DEBUG qt.scenegraph.time.renderloop: [window 0x7f030130be40][gui thread] polishAndSync: start, elapsed since last call: 27 ms
2026-07-14 19:19:36.220 DEBUG qt.scenegraph.time.renderloop: [window 0x7f030130be40][render thread 0x7f0301180040] syncAndRender: start, elapsed since last call: 27 ms
2026-07-14 19:19:36.220 DEBUG qt.scenegraph.time.renderloop: [window 0x7f030130be40][gui thread] Frame prepared, polish=0 ms, lock=0 ms, blockedForSync=0 ms, animations=0 ms
2026-07-14 19:19:36.220 DEBUG qt.scenegraph.time.renderer: time in renderer: total=0ms, preprocess=0, updates=0, rendering=0
2026-07-14 19:19:36.220 DEBUG qt.scenegraph.time.renderloop: [window 0x7f030130be40][render thread 0x7f0301180040] syncAndRender: frame rendered in 0ms, sync=0, render=0, swap=0
2026-07-14 19:19:36.227 DEBUG qt.scenegraph.time.renderloop: [window 0x7f030130be40][gui thread] polishAndSync: start, elapsed since last call: 7 ms
2026-07-14 19:19:36.227 DEBUG qt.scenegraph.time.renderloop: [window 0x7f030130be40][render thread 0x7f0301180040] syncAndRender: start, elapsed since last call: 7 ms
2026-07-14 19:19:36.227 DEBUG qt.scenegraph.time.renderloop: [window 0x7f030130be40][gui thread] Frame prepared, polish=0 ms, lock=0 ms, blockedForSync=0 ms, animations=0 ms
2026-07-14 19:19:36.227 DEBUG qt.scenegraph.time.renderer: time in renderer: total=0ms, preprocess=0, updates=0, rendering=0
2026-07-14 19:19:36.227 DEBUG qt.scenegraph.time.renderloop: [window 0x7f030130be40][render thread 0x7f0301180040] syncAndRender: frame rendered in 0ms, sync=0, render=0, swap=0
2026-07-14 19:19:36.252 DEBUG qt.scenegraph.time.renderloop: [window 0x7f030130be40][gui thread] polishAndSync: start, elapsed since last call: 25 ms
2026-07-14 19:19:36.252 DEBUG qt.scenegraph.time.renderloop: [window 0x7f030130be40][render thread 0x7f0301180040] syncAndRender: start, elapsed since last call: 25 ms
2026-07-14 19:19:36.252 DEBUG qt.scenegraph.time.renderloop: [window 0x7f030130be40][gui thread] Frame prepared, polish=0 ms, lock=0 ms, blockedForSync=0 ms, animations=0 ms
2026-07-14 19:19:36.252 DEBUG qt.scenegraph.time.renderer: time in renderer: total=0ms, preprocess=0, updates=0, rendering=0
2026-07-14 19:19:36.253 DEBUG qt.scenegraph.time.renderloop: [window 0x7f030130be40][render thread 0x7f0301180040] syncAndRender: frame rendered in 0ms, sync=0, render=0, swap=0
2026-07-14 19:19:36.255 DEBUG qt.scenegraph.time.renderloop: [window 0x7f030130be40][gui thread] polishAndSync: start, elapsed since last call: 2 ms
2026-07-14 19:19:36.255 DEBUG qt.scenegraph.time.renderloop: [window 0x7f030130be40][render thread 0x7f0301180040] syncAndRender: start, elapsed since last call: 2 ms
2026-07-14 19:19:36.255 DEBUG qt.scenegraph.time.renderloop: [window 0x7f030130be40][gui thread] Frame prepared, polish=0 ms, lock=0 ms, blockedForSync=0 ms, animations=0 ms
2026-07-14 19:19:36.255 DEBUG qt.scenegraph.time.renderer: time in renderer: total=0ms, preprocess=0, updates=0, rendering=0
2026-07-14 19:19:36.255 DEBUG qt.scenegraph.time.renderloop: [window 0x7f030130be40][render thread 0x7f0301180040] syncAndRender: frame rendered in 0ms, sync=0, render=0, swap=0
2026-07-14 19:19:36.286 DEBUG qt.scenegraph.time.renderloop: [window 0x7f030130be40][gui thread] polishAndSync: start, elapsed since last call: 31 ms
2026-07-14 19:19:36.286 DEBUG qt.scenegraph.time.renderloop: [window 0x7f030130be40][render thread 0x7f0301180040] syncAndRender: start, elapsed since last call: 31 ms
2026-07-14 19:19:36.286 DEBUG qt.scenegraph.time.renderloop: [window 0x7f030130be40][gui thread] Frame prepared, polish=0 ms, lock=0 ms, blockedForSync=0 ms, animations=0 ms
2026-07-14 19:19:36.286 DEBUG qt.scenegraph.time.renderer: time in renderer: total=0ms, preprocess=0, updates=0, rendering=0
2026-07-14 19:19:36.287 DEBUG qt.scenegraph.time.renderloop: [window 0x7f030130be40][render thread 0x7f0301180040] syncAndRender: frame rendered in 0ms, sync=0, render=0, swap=0
2026-07-14 19:19:36.289 DEBUG qt.scenegraph.time.renderloop: [window 0x7f030130be40][gui thread] polishAndSync: start, elapsed since last call: 3 ms
2026-07-14 19:19:36.290 DEBUG qt.scenegraph.time.renderloop: [window 0x7f030130be40][render thread 0x7f0301180040] syncAndRender: start, elapsed since last call: 3 ms
2026-07-14 19:19:36.290 DEBUG qt.scenegraph.time.renderloop: [window 0x7f030130be40][gui thread] Frame prepared, polish=0 ms, lock=0 ms, blockedForSync=0 ms, animations=0 ms
2026-07-14 19:19:36.290 DEBUG qt.scenegraph.time.renderer: time in renderer: total=0ms, preprocess=0, updates=0, rendering=0
2026-07-14 19:19:36.290 DEBUG qt.scenegraph.time.renderloop: [window 0x7f030130be40][render thread 0x7f0301180040] syncAndRender: frame rendered in 0ms, sync=0, render=0, swap=0
2026-07-14 19:19:36.318 DEBUG qt.scenegraph.time.renderloop: [window 0x7f030130be40][gui thread] polishAndSync: start, elapsed since last call: 28 ms
2026-07-14 19:19:36.319 DEBUG qt.scenegraph.time.renderloop: [window 0x7f030130be40][render thread 0x7f0301180040] syncAndRender: start, elapsed since last call: 29 ms
2026-07-14 19:19:36.319 DEBUG qt.scenegraph.time.renderloop: [window 0x7f030130be40][gui thread] Frame prepared, polish=0 ms, lock=0 ms, blockedForSync=0 ms, animations=0 ms
2026-07-14 19:19:36.319 DEBUG qt.scenegraph.time.renderer: time in renderer: total=0ms, preprocess=0, updates=0, rendering=0
2026-07-14 19:19:36.319 DEBUG qt.scenegraph.time.renderloop: [window 0x7f030130be40][render thread 0x7f0301180040] syncAndRender: frame rendered in 0ms, sync=0, render=0, swap=0
2026-07-14 19:19:36.324 DEBUG qt.scenegraph.time.renderloop: [window 0x7f030130be40][gui thread] polishAndSync: start, elapsed since last call: 5 ms
2026-07-14 19:19:36.324 DEBUG qt.scenegraph.time.renderloop: [window 0x7f030130be40][render thread 0x7f0301180040] syncAndRender: start, elapsed since last call: 5 ms
2026-07-14 19:19:36.324 DEBUG qt.scenegraph.time.renderloop: [window 0x7f030130be40][gui thread] Frame prepared, polish=0 ms, lock=0 ms, blockedForSync=0 ms, animations=0 ms
2026-07-14 19:19:36.324 DEBUG qt.scenegraph.time.renderer: time in renderer: total=0ms, preprocess=0, updates=0, rendering=0
2026-07-14 19:19:36.325 DEBUG qt.scenegraph.time.renderloop: [window 0x7f030130be40][render thread 0x7f0301180040] syncAndRender: frame rendered in 0ms, sync=0, render=0, swap=0
2026-07-14 19:19:36.351 DEBUG qt.scenegraph.time.renderloop: [window 0x7f030130be40][gui thread] polishAndSync: start, elapsed since last call: 27 ms
2026-07-14 19:19:36.352 DEBUG qt.scenegraph.time.renderloop: [window 0x7f030130be40][render thread 0x7f0301180040] syncAndRender: start, elapsed since last call: 27 ms
2026-07-14 19:19:36.352 DEBUG qt.scenegraph.time.renderloop: [window 0x7f030130be40][gui thread] Frame prepared, polish=0 ms, lock=0 ms, blockedForSync=0 ms, animations=0 ms
2026-07-14 19:19:36.352 DEBUG qt.scenegraph.time.renderer: time in renderer: total=0ms, preprocess=0, updates=0, rendering=0
2026-07-14 19:19:36.352 DEBUG qt.scenegraph.time.renderloop: [window 0x7f030130be40][render thread 0x7f0301180040] syncAndRender: frame rendered in 0ms, sync=0, render=0, swap=0
2026-07-14 19:19:36.359 DEBUG qt.scenegraph.time.renderloop: [window 0x7f030130be40][gui thread] polishAndSync: start, elapsed since last call: 7 ms
2026-07-14 19:19:36.359 DEBUG qt.scenegraph.time.renderloop: [window 0x7f030130be40][render thread 0x7f0301180040] syncAndRender: start, elapsed since last call: 7 ms
2026-07-14 19:19:36.359 DEBUG qt.scenegraph.time.renderloop: [window 0x7f030130be40][gui thread] Frame prepared, polish=0 ms, lock=0 ms, blockedForSync=0 ms, animations=0 ms
2026-07-14 19:19:36.359 DEBUG qt.scenegraph.time.renderer: time in renderer: total=0ms, preprocess=0, updates=0, rendering=0
2026-07-14 19:19:36.359 DEBUG qt.scenegraph.time.renderloop: [window 0x7f030130be40][render thread 0x7f0301180040] syncAndRender: frame rendered in 0ms, sync=0, render=0, swap=0
2026-07-14 19:19:36.384 DEBUG qt.scenegraph.time.renderloop: [window 0x7f030130be40][gui thread] polishAndSync: start, elapsed since last call: 25 ms
2026-07-14 19:19:36.384 DEBUG qt.scenegraph.time.renderloop: [window 0x7f030130be40][render thread 0x7f0301180040] syncAndRender: start, elapsed since last call: 25 ms
2026-07-14 19:19:36.384 DEBUG qt.scenegraph.time.renderloop: [window 0x7f030130be40][gui thread] Frame prepared, polish=0 ms, lock=0 ms, blockedForSync=0 ms, animations=0 ms
2026-07-14 19:19:36.384 DEBUG qt.scenegraph.time.renderer: time in renderer: total=0ms, preprocess=0, updates=0, rendering=0
2026-07-14 19:19:36.385 DEBUG qt.scenegraph.time.renderloop: [window 0x7f030130be40][render thread 0x7f0301180040] syncAndRender: frame rendered in 0ms, sync=0, render=0, swap=0
2026-07-14 19:19:36.387 DEBUG qt.scenegraph.time.renderloop: [window 0x7f030130be40][gui thread] polishAndSync: start, elapsed since last call: 2 ms
2026-07-14 19:19:36.387 DEBUG qt.scenegraph.time.renderloop: [window 0x7f030130be40][render thread 0x7f0301180040] syncAndRender: start, elapsed since last call: 2 ms
2026-07-14 19:19:36.387 DEBUG qt.scenegraph.time.renderloop: [window 0x7f030130be40][gui thread] Frame prepared, polish=0 ms, lock=0 ms, blockedForSync=0 ms, animations=0 ms
2026-07-14 19:19:36.387 DEBUG qt.scenegraph.time.renderer: time in renderer: total=0ms, preprocess=0, updates=0, rendering=0
2026-07-14 19:19:36.387 DEBUG qt.scenegraph.time.renderloop: [window 0x7f030130be40][render thread 0x7f0301180040] syncAndRender: frame rendered in 0ms, sync=0, render=0, swap=0
2026-07-14 19:19:36.417 DEBUG qt.scenegraph.time.renderloop: [window 0x7f030130be40][gui thread] polishAndSync: start, elapsed since last call: 30 ms
2026-07-14 19:19:36.417 DEBUG qt.scenegraph.time.renderloop: [window 0x7f030130be40][render thread 0x7f0301180040] syncAndRender: start, elapsed since last call: 30 ms
2026-07-14 19:19:36.417 DEBUG qt.scenegraph.time.renderloop: [window 0x7f030130be40][gui thread] Frame prepared, polish=0 ms, lock=0 ms, blockedForSync=0 ms, animations=0 ms
2026-07-14 19:19:36.417 DEBUG qt.scenegraph.time.renderer: time in renderer: total=0ms, preprocess=0, updates=0, rendering=0
2026-07-14 19:19:36.417 DEBUG qt.scenegraph.time.renderloop: [window 0x7f030130be40][render thread 0x7f0301180040] syncAndRender: frame rendered in 0ms, sync=0, render=0, swap=0
2026-07-14 19:19:36.421 DEBUG qt.scenegraph.time.renderloop: [window 0x7f030130be40][gui thread] polishAndSync: start, elapsed since last call: 4 ms
2026-07-14 19:19:36.421 DEBUG qt.scenegraph.time.renderloop: [window 0x7f030130be40][render thread 0x7f0301180040] syncAndRender: start, elapsed since last call: 4 ms
2026-07-14 19:19:36.421 DEBUG qt.scenegraph.time.renderloop: [window 0x7f030130be40][gui thread] Frame prepared, polish=0 ms, lock=0 ms, blockedForSync=0 ms, animations=0 ms
2026-07-14 19:19:36.422 DEBUG qt.scenegraph.time.renderer: time in renderer: total=0ms, preprocess=0, updates=0, rendering=0
2026-07-14 19:19:36.422 DEBUG qt.scenegraph.time.renderloop: [window 0x7f030130be40][render thread 0x7f0301180040] syncAndRender: frame rendered in 0ms, sync=0, render=0, swap=0
2026-07-14 19:19:36.451 DEBUG qt.scenegraph.time.renderloop: [window 0x7f030130be40][gui thread] polishAndSync: start, elapsed since last call: 29 ms
2026-07-14 19:19:36.451 DEBUG qt.scenegraph.time.renderloop: [window 0x7f030130be40][render thread 0x7f0301180040] syncAndRender: start, elapsed since last call: 29 ms
2026-07-14 19:19:36.451 DEBUG qt.scenegraph.time.renderloop: [window 0x7f030130be40][gui thread] Frame prepared, polish=0 ms, lock=0 ms, blockedForSync=0 ms, animations=0 ms
2026-07-14 19:19:36.451 DEBUG qt.scenegraph.time.renderer: time in renderer: total=0ms, preprocess=0, updates=0, rendering=0
2026-07-14 19:19:36.451 DEBUG qt.scenegraph.time.renderloop: [window 0x7f030130be40][render thread 0x7f0301180040] syncAndRender: frame rendered in 0ms, sync=0, render=0, swap=0
2026-07-14 19:19:36.456 DEBUG qt.scenegraph.time.renderloop: [window 0x7f030130be40][gui thread] polishAndSync: start, elapsed since last call: 5 ms
2026-07-14 19:19:36.456 DEBUG qt.scenegraph.time.renderloop: [window 0x7f030130be40][render thread 0x7f0301180040] syncAndRender: start, elapsed since last call: 5 ms
2026-07-14 19:19:36.456 DEBUG qt.scenegraph.time.renderloop: [window 0x7f030130be40][gui thread] Frame prepared, polish=0 ms, lock=0 ms, blockedForSync=0 ms, animations=0 ms
2026-07-14 19:19:36.456 DEBUG qt.scenegraph.time.renderer: time in renderer: total=0ms, preprocess=0, updates=0, rendering=0
2026-07-14 19:19:36.456 DEBUG qt.scenegraph.time.renderloop: [window 0x7f030130be40][render thread 0x7f0301180040] syncAndRender: frame rendered in 0ms, sync=0, render=0, swap=0
2026-07-14 19:19:36.483 DEBUG qt.scenegraph.time.renderloop: [window 0x7f030130be40][gui thread] polishAndSync: start, elapsed since last call: 27 ms
2026-07-14 19:19:36.484 DEBUG qt.scenegraph.time.renderloop: [window 0x7f030130be40][render thread 0x7f0301180040] syncAndRender: start, elapsed since last call: 27 ms
2026-07-14 19:19:36.484 DEBUG qt.scenegraph.time.renderloop: [window 0x7f030130be40][gui thread] Frame prepared, polish=0 ms, lock=0 ms, blockedForSync=0 ms, animations=0 ms
2026-07-14 19:19:36.484 DEBUG qt.scenegraph.time.renderer: time in renderer: total=0ms, preprocess=0, updates=0, rendering=0
2026-07-14 19:19:36.484 DEBUG qt.scenegraph.time.renderloop: [window 0x7f030130be40][render thread 0x7f0301180040] syncAndRender: frame rendered in 0ms, sync=0, render=0, swap=0
2026-07-14 19:19:36.491 DEBUG qt.scenegraph.time.renderloop: [window 0x7f030130be40][gui thread] polishAndSync: start, elapsed since last call: 7 ms
2026-07-14 19:19:36.491 DEBUG qt.scenegraph.time.renderloop: [window 0x7f030130be40][render thread 0x7f0301180040] syncAndRender: start, elapsed since last call: 7 ms
2026-07-14 19:19:36.491 DEBUG qt.scenegraph.time.renderloop: [window 0x7f030130be40][gui thread] Frame prepared, polish=0 ms, lock=0 ms, blockedForSync=0 ms, animations=0 ms
2026-07-14 19:19:36.491 DEBUG qt.scenegraph.time.renderer: time in renderer: total=0ms, preprocess=0, updates=0, rendering=0
2026-07-14 19:19:36.491 DEBUG qt.scenegraph.time.renderloop: [window 0x7f030130be40][render thread 0x7f0301180040] syncAndRender: frame rendered in 0ms, sync=0, render=0, swap=0
2026-07-14 19:19:36.516 DEBUG qt.scenegraph.time.renderloop: [window 0x7f030130be40][gui thread] polishAndSync: start, elapsed since last call: 25 ms
2026-07-14 19:19:36.517 DEBUG qt.scenegraph.time.renderloop: [window 0x7f030130be40][render thread 0x7f0301180040] syncAndRender: start, elapsed since last call: 25 ms
2026-07-14 19:19:36.517 DEBUG qt.scenegraph.time.renderloop: [window 0x7f030130be40][gui thread] Frame prepared, polish=0 ms, lock=0 ms, blockedForSync=0 ms, animations=0 ms
2026-07-14 19:19:36.517 DEBUG qt.scenegraph.time.renderer: time in renderer: total=0ms, preprocess=0, updates=0, rendering=0
2026-07-14 19:19:36.517 DEBUG qt.scenegraph.time.renderloop: [window 0x7f030130be40][render thread 0x7f0301180040] syncAndRender: frame rendered in 0ms, sync=0, render=0, swap=0
2026-07-14 19:19:36.519 DEBUG qt.scenegraph.time.renderloop: [window 0x7f030130be40][gui thread] polishAndSync: start, elapsed since last call: 2 ms
2026-07-14 19:19:36.519 DEBUG qt.scenegraph.time.renderloop: [window 0x7f030130be40][render thread 0x7f0301180040] syncAndRender: start, elapsed since last call: 2 ms
2026-07-14 19:19:36.519 DEBUG qt.scenegraph.time.renderloop: [window 0x7f030130be40][gui thread] Frame prepared, polish=0 ms, lock=0 ms, blockedForSync=0 ms, animations=0 ms
2026-07-14 19:19:36.519 DEBUG qt.scenegraph.time.renderer: time in renderer: total=0ms, preprocess=0, updates=0, rendering=0
2026-07-14 19:19:36.520 DEBUG qt.scenegraph.time.renderloop: [window 0x7f030130be40][render thread 0x7f0301180040] syncAndRender: frame rendered in 0ms, sync=0, render=0, swap=0
2026-07-14 19:19:36.549 DEBUG qt.scenegraph.time.renderloop: [window 0x7f030130be40][gui thread] polishAndSync: start, elapsed since last call: 30 ms
2026-07-14 19:19:36.550 DEBUG qt.scenegraph.time.renderloop: [window 0x7f030130be40][render thread 0x7f0301180040] syncAndRender: start, elapsed since last call: 30 ms
2026-07-14 19:19:36.550 DEBUG qt.scenegraph.time.renderloop: [window 0x7f030130be40][gui thread] Frame prepared, polish=0 ms, lock=0 ms, blockedForSync=0 ms, animations=0 ms
2026-07-14 19:19:36.550 DEBUG qt.scenegraph.time.renderer: time in renderer: total=0ms, preprocess=0, updates=0, rendering=0
2026-07-14 19:19:36.550 DEBUG qt.scenegraph.time.renderloop: [window 0x7f030130be40][render thread 0x7f0301180040] syncAndRender: frame rendered in 0ms, sync=0, render=0, swap=0
2026-07-14 19:19:36.554 DEBUG qt.scenegraph.time.renderloop: [window 0x7f030130be40][gui thread] polishAndSync: start, elapsed since last call: 4 ms
2026-07-14 19:19:36.554 DEBUG qt.scenegraph.time.renderloop: [window 0x7f030130be40][render thread 0x7f0301180040] syncAndRender: start, elapsed since last call: 4 ms
2026-07-14 19:19:36.554 DEBUG qt.scenegraph.time.renderloop: [window 0x7f030130be40][gui thread] Frame prepared, polish=0 ms, lock=0 ms, blockedForSync=0 ms, animations=0 ms
2026-07-14 19:19:36.554 DEBUG qt.scenegraph.time.renderer: time in renderer: total=0ms, preprocess=0, updates=0, rendering=0
2026-07-14 19:19:36.554 DEBUG qt.scenegraph.time.renderloop: [window 0x7f030130be40][render thread 0x7f0301180040] syncAndRender: frame rendered in 0ms, sync=0, render=0, swap=0
2026-07-14 19:19:36.582 DEBUG qt.scenegraph.time.renderloop: [window 0x7f030130be40][gui thread] polishAndSync: start, elapsed since last call: 28 ms
2026-07-14 19:19:36.582 DEBUG qt.scenegraph.time.renderloop: [window 0x7f030130be40][render thread 0x7f0301180040] syncAndRender: start, elapsed since last call: 28 ms
2026-07-14 19:19:36.582 DEBUG qt.scenegraph.time.renderloop: [window 0x7f030130be40][gui thread] Frame prepared, polish=0 ms, lock=0 ms, blockedForSync=0 ms, animations=0 ms
2026-07-14 19:19:36.582 DEBUG qt.scenegraph.time.renderer: time in renderer: total=0ms, preprocess=0, updates=0, rendering=0
2026-07-14 19:19:36.582 DEBUG qt.scenegraph.time.renderloop: [window 0x7f030130be40][render thread 0x7f0301180040] syncAndRender: frame rendered in 0ms, sync=0, render=0, swap=0
2026-07-14 19:19:36.588 DEBUG qt.scenegraph.time.renderloop: [window 0x7f030130be40][gui thread] polishAndSync: start, elapsed since last call: 6 ms
2026-07-14 19:19:36.588 DEBUG qt.scenegraph.time.renderloop: [window 0x7f030130be40][render thread 0x7f0301180040] syncAndRender: start, elapsed since last call: 6 ms
2026-07-14 19:19:36.589 DEBUG qt.scenegraph.time.renderloop: [window 0x7f030130be40][gui thread] Frame prepared, polish=0 ms, lock=0 ms, blockedForSync=0 ms, animations=0 ms
2026-07-14 19:19:36.589 DEBUG qt.scenegraph.time.renderer: time in renderer: total=0ms, preprocess=0, updates=0, rendering=0
2026-07-14 19:19:36.589 DEBUG qt.scenegraph.time.renderloop: [window 0x7f030130be40][render thread 0x7f0301180040] syncAndRender: frame rendered in 0ms, sync=0, render=0, swap=0
2026-07-14 19:19:36.616 DEBUG qt.scenegraph.time.renderloop: [window 0x7f030130be40][gui thread] polishAndSync: start, elapsed since last call: 27 ms
2026-07-14 19:19:36.616 DEBUG qt.scenegraph.time.renderloop: [window 0x7f030130be40][render thread 0x7f0301180040] syncAndRender: start, elapsed since last call: 27 ms
2026-07-14 19:19:36.616 DEBUG qt.scenegraph.time.renderloop: [window 0x7f030130be40][gui thread] Frame prepared, polish=0 ms, lock=0 ms, blockedForSync=0 ms, animations=0 ms
2026-07-14 19:19:36.616 DEBUG qt.scenegraph.time.renderer: time in renderer: total=0ms, preprocess=0, updates=0, rendering=0
2026-07-14 19:19:36.616 DEBUG qt.scenegraph.time.renderloop: [window 0x7f030130be40][render thread 0x7f0301180040] syncAndRender: frame rendered in 0ms, sync=0, render=0, swap=0
2026-07-14 19:19:36.623 DEBUG qt.scenegraph.time.renderloop: [window 0x7f030130be40][gui thread] polishAndSync: start, elapsed since last call: 7 ms
2026-07-14 19:19:36.623 DEBUG qt.scenegraph.time.renderloop: [window 0x7f030130be40][render thread 0x7f0301180040] syncAndRender: start, elapsed since last call: 7 ms
2026-07-14 19:19:36.623 DEBUG qt.scenegraph.time.renderloop: [window 0x7f030130be40][gui thread] Frame prepared, polish=0 ms, lock=0 ms, blockedForSync=0 ms, animations=0 ms
2026-07-14 19:19:36.623 DEBUG qt.scenegraph.time.renderer: time in renderer: total=0ms, preprocess=0, updates=0, rendering=0
2026-07-14 19:19:36.623 DEBUG qt.scenegraph.time.renderloop: [window 0x7f030130be40][render thread 0x7f0301180040] syncAndRender: frame rendered in 0ms, sync=0, render=0, swap=0
2026-07-14 19:19:36.648 DEBUG qt.scenegraph.time.renderloop: [window 0x7f030130be40][gui thread] polishAndSync: start, elapsed since last call: 25 ms
2026-07-14 19:19:36.649 DEBUG qt.scenegraph.time.renderloop: [window 0x7f030130be40][render thread 0x7f0301180040] syncAndRender: start, elapsed since last call: 25 ms
2026-07-14 19:19:36.649 DEBUG qt.scenegraph.time.renderloop: [window 0x7f030130be40][gui thread] Frame prepared, polish=0 ms, lock=0 ms, blockedForSync=0 ms, animations=0 ms
2026-07-14 19:19:36.649 DEBUG qt.scenegraph.time.renderer: time in renderer: total=0ms, preprocess=0, updates=0, rendering=0
2026-07-14 19:19:36.649 DEBUG qt.scenegraph.time.renderloop: [window 0x7f030130be40][render thread 0x7f0301180040] syncAndRender: frame rendered in 0ms, sync=0, render=0, swap=0
2026-07-14 19:19:36.651 DEBUG qt.scenegraph.time.renderloop: [window 0x7f030130be40][gui thread] polishAndSync: start, elapsed since last call: 2 ms
2026-07-14 19:19:36.651 DEBUG qt.scenegraph.time.renderloop: [window 0x7f030130be40][render thread 0x7f0301180040] syncAndRender: start, elapsed since last call: 2 ms
2026-07-14 19:19:36.651 DEBUG qt.scenegraph.time.renderloop: [window 0x7f030130be40][gui thread] Frame prepared, polish=0 ms, lock=0 ms, blockedForSync=0 ms, animations=0 ms
2026-07-14 19:19:36.651 DEBUG qt.scenegraph.time.renderer: time in renderer: total=0ms, preprocess=0, updates=0, rendering=0
2026-07-14 19:19:36.651 DEBUG qt.scenegraph.time.renderloop: [window 0x7f030130be40][render thread 0x7f0301180040] syncAndRender: frame rendered in 0ms, sync=0, render=0, swap=0
2026-07-14 19:19:36.681 DEBUG qt.scenegraph.time.renderloop: [window 0x7f030130be40][gui thread] polishAndSync: start, elapsed since last call: 30 ms
2026-07-14 19:19:36.681 DEBUG qt.scenegraph.time.renderloop: [window 0x7f030130be40][render thread 0x7f0301180040] syncAndRender: start, elapsed since last call: 30 ms
2026-07-14 19:19:36.681 DEBUG qt.scenegraph.time.renderloop: [window 0x7f030130be40][gui thread] Frame prepared, polish=0 ms, lock=0 ms, blockedForSync=0 ms, animations=0 ms
2026-07-14 19:19:36.681 DEBUG qt.scenegraph.time.renderer: time in renderer: total=0ms, preprocess=0, updates=0, rendering=0
2026-07-14 19:19:36.681 DEBUG qt.scenegraph.time.renderloop: [window 0x7f030130be40][render thread 0x7f0301180040] syncAndRender: frame rendered in 0ms, sync=0, render=0, swap=0
2026-07-14 19:19:36.686 DEBUG qt.scenegraph.time.renderloop: [window 0x7f030130be40][gui thread] polishAndSync: start, elapsed since last call: 4 ms
2026-07-14 19:19:36.686 DEBUG qt.scenegraph.time.renderloop: [window 0x7f030130be40][render thread 0x7f0301180040] syncAndRender: start, elapsed since last call: 4 ms
2026-07-14 19:19:36.686 DEBUG qt.scenegraph.time.renderloop: [window 0x7f030130be40][gui thread] Frame prepared, polish=0 ms, lock=0 ms, blockedForSync=0 ms, animations=0 ms
2026-07-14 19:19:36.686 DEBUG qt.scenegraph.time.renderer: time in renderer: total=0ms, preprocess=0, updates=0, rendering=0
2026-07-14 19:19:36.686 DEBUG qt.scenegraph.time.renderloop: [window 0x7f030130be40][render thread 0x7f0301180040] syncAndRender: frame rendered in 0ms, sync=0, render=0, swap=0
2026-07-14 19:19:36.715 DEBUG qt.scenegraph.time.renderloop: [window 0x7f030130be40][gui thread] polishAndSync: start, elapsed since last call: 29 ms
2026-07-14 19:19:36.715 DEBUG qt.scenegraph.time.renderloop: [window 0x7f030130be40][render thread 0x7f0301180040] syncAndRender: start, elapsed since last call: 29 ms
2026-07-14 19:19:36.715 DEBUG qt.scenegraph.time.renderloop: [window 0x7f030130be40][gui thread] Frame prepared, polish=0 ms, lock=0 ms, blockedForSync=0 ms, animations=0 ms
2026-07-14 19:19:36.715 DEBUG qt.scenegraph.time.renderer: time in renderer: total=0ms, preprocess=0, updates=0, rendering=0
2026-07-14 19:19:36.715 DEBUG qt.scenegraph.time.renderloop: [window 0x7f030130be40][render thread 0x7f0301180040] syncAndRender: frame rendered in 0ms, sync=0, render=0, swap=0
2026-07-14 19:19:36.720 DEBUG qt.scenegraph.time.renderloop: [window 0x7f030130be40][gui thread] polishAndSync: start, elapsed since last call: 5 ms
2026-07-14 19:19:36.720 DEBUG qt.scenegraph.time.renderloop: [window 0x7f030130be40][render thread 0x7f0301180040] syncAndRender: start, elapsed since last call: 5 ms
2026-07-14 19:19:36.720 DEBUG qt.scenegraph.time.renderloop: [window 0x7f030130be40][gui thread] Frame prepared, polish=0 ms, lock=0 ms, blockedForSync=0 ms, animations=0 ms
2026-07-14 19:19:36.720 DEBUG qt.scenegraph.time.renderer: time in renderer: total=0ms, preprocess=0, updates=0, rendering=0
2026-07-14 19:19:36.721 DEBUG qt.scenegraph.time.renderloop: [window 0x7f030130be40][render thread 0x7f0301180040] syncAndRender: frame rendered in 0ms, sync=0, render=0, swap=0
2026-07-14 19:19:36.747 DEBUG qt.scenegraph.time.renderloop: [window 0x7f030130be40][gui thread] polishAndSync: start, elapsed since last call: 27 ms
2026-07-14 19:19:36.748 DEBUG qt.scenegraph.time.renderloop: [window 0x7f030130be40][render thread 0x7f0301180040] syncAndRender: start, elapsed since last call: 27 ms
2026-07-14 19:19:36.748 DEBUG qt.scenegraph.time.renderloop: [window 0x7f030130be40][gui thread] Frame prepared, polish=0 ms, lock=0 ms, blockedForSync=0 ms, animations=0 ms
2026-07-14 19:19:36.748 DEBUG qt.scenegraph.time.renderer: time in renderer: total=0ms, preprocess=0, updates=0, rendering=0
2026-07-14 19:19:36.748 DEBUG qt.scenegraph.time.renderloop: [window 0x7f030130be40][render thread 0x7f0301180040] syncAndRender: frame rendered in 0ms, sync=0, render=0, swap=0
2026-07-14 19:19:36.755 DEBUG qt.scenegraph.time.renderloop: [window 0x7f030130be40][gui thread] polishAndSync: start, elapsed since last call: 7 ms
2026-07-14 19:19:36.755 DEBUG qt.scenegraph.time.renderloop: [window 0x7f030130be40][render thread 0x7f0301180040] syncAndRender: start, elapsed since last call: 7 ms
2026-07-14 19:19:36.755 DEBUG qt.scenegraph.time.renderloop: [window 0x7f030130be40][gui thread] Frame prepared, polish=0 ms, lock=0 ms, blockedForSync=0 ms, animations=0 ms
2026-07-14 19:19:36.755 DEBUG qt.scenegraph.time.renderer: time in renderer: total=0ms, preprocess=0, updates=0, rendering=0
2026-07-14 19:19:36.755 DEBUG qt.scenegraph.time.renderloop: [window 0x7f030130be40][render thread 0x7f0301180040] syncAndRender: frame rendered in 0ms, sync=0, render=0, swap=0
2026-07-14 19:19:36.780 DEBUG qt.scenegraph.time.renderloop: [window 0x7f030130be40][gui thread] polishAndSync: start, elapsed since last call: 25 ms
2026-07-14 19:19:36.781 DEBUG qt.scenegraph.time.renderloop: [window 0x7f030130be40][render thread 0x7f0301180040] syncAndRender: start, elapsed since last call: 25 ms
2026-07-14 19:19:36.781 DEBUG qt.scenegraph.time.renderloop: [window 0x7f030130be40][gui thread] Frame prepared, polish=0 ms, lock=0 ms, blockedForSync=0 ms, animations=0 ms
2026-07-14 19:19:36.781 DEBUG qt.scenegraph.time.renderer: time in renderer: total=0ms, preprocess=0, updates=0, rendering=0
2026-07-14 19:19:36.781 DEBUG qt.scenegraph.time.renderloop: [window 0x7f030130be40][render thread 0x7f0301180040] syncAndRender: frame rendered in 0ms, sync=0, render=0, swap=0
2026-07-14 19:19:36.783 DEBUG qt.scenegraph.time.renderloop: [window 0x7f030130be40][gui thread] polishAndSync: start, elapsed since last call: 2 ms
2026-07-14 19:19:36.783 DEBUG qt.scenegraph.time.renderloop: [window 0x7f030130be40][render thread 0x7f0301180040] syncAndRender: start, elapsed since last call: 2 ms
2026-07-14 19:19:36.783 DEBUG qt.scenegraph.time.renderloop: [window 0x7f030130be40][gui thread] Frame prepared, polish=0 ms, lock=0 ms, blockedForSync=0 ms, animations=0 ms
2026-07-14 19:19:36.783 DEBUG qt.scenegraph.time.renderer: time in renderer: total=0ms, preprocess=0, updates=0, rendering=0
2026-07-14 19:19:36.783 DEBUG qt.scenegraph.time.renderloop: [window 0x7f030130be40][render thread 0x7f0301180040] syncAndRender: frame rendered in 0ms, sync=0, render=0, swap=0
2026-07-14 19:19:36.813 DEBUG qt.scenegraph.time.renderloop: [window 0x7f030130be40][gui thread] polishAndSync: start, elapsed since last call: 30 ms
2026-07-14 19:19:36.813 DEBUG qt.scenegraph.time.renderloop: [window 0x7f030130be40][render thread 0x7f0301180040] syncAndRender: start, elapsed since last call: 30 ms
2026-07-14 19:19:36.813 DEBUG qt.scenegraph.time.renderloop: [window 0x7f030130be40][gui thread] Frame prepared, polish=0 ms, lock=0 ms, blockedForSync=0 ms, animations=0 ms
2026-07-14 19:19:36.814 DEBUG qt.scenegraph.time.renderer: time in renderer: total=0ms, preprocess=0, updates=0, rendering=0
2026-07-14 19:19:36.814 DEBUG qt.scenegraph.time.renderloop: [window 0x7f030130be40][render thread 0x7f0301180040] syncAndRender: frame rendered in 0ms, sync=0, render=0, swap=0
2026-07-14 19:19:36.818 DEBUG qt.scenegraph.time.renderloop: [window 0x7f030130be40][gui thread] polishAndSync: start, elapsed since last call: 4 ms
2026-07-14 19:19:36.818 DEBUG qt.scenegraph.time.renderloop: [window 0x7f030130be40][render thread 0x7f0301180040] syncAndRender: start, elapsed since last call: 4 ms
2026-07-14 19:19:36.818 DEBUG qt.scenegraph.time.renderloop: [window 0x7f030130be40][gui thread] Frame prepared, polish=0 ms, lock=0 ms, blockedForSync=0 ms, animations=0 ms
2026-07-14 19:19:36.818 DEBUG qt.scenegraph.time.renderer: time in renderer: total=0ms, preprocess=0, updates=0, rendering=0
2026-07-14 19:19:36.818 DEBUG qt.scenegraph.time.renderloop: [window 0x7f030130be40][render thread 0x7f0301180040] syncAndRender: frame rendered in 0ms, sync=0, render=0, swap=0
2026-07-14 19:19:36.846 DEBUG qt.scenegraph.time.renderloop: [window 0x7f030130be40][gui thread] polishAndSync: start, elapsed since last call: 28 ms
2026-07-14 19:19:36.846 DEBUG qt.scenegraph.time.renderloop: [window 0x7f030130be40][render thread 0x7f0301180040] syncAndRender: start, elapsed since last call: 28 ms
2026-07-14 19:19:36.846 DEBUG qt.scenegraph.time.renderloop: [window 0x7f030130be40][gui thread] Frame prepared, polish=0 ms, lock=0 ms, blockedForSync=0 ms, animations=0 ms
2026-07-14 19:19:36.846 DEBUG qt.scenegraph.time.renderer: time in renderer: total=0ms, preprocess=0, updates=0, rendering=0
2026-07-14 19:19:36.846 DEBUG qt.scenegraph.time.renderloop: [window 0x7f030130be40][render thread 0x7f0301180040] syncAndRender: frame rendered in 0ms, sync=0, render=0, swap=0
2026-07-14 19:19:36.852 DEBUG qt.scenegraph.time.renderloop: [window 0x7f030130be40][gui thread] polishAndSync: start, elapsed since last call: 6 ms
2026-07-14 19:19:36.853 DEBUG qt.scenegraph.time.renderloop: [window 0x7f030130be40][render thread 0x7f0301180040] syncAndRender: start, elapsed since last call: 6 ms
2026-07-14 19:19:36.853 DEBUG qt.scenegraph.time.renderloop: [window 0x7f030130be40][gui thread] Frame prepared, polish=0 ms, lock=0 ms, blockedForSync=0 ms, animations=0 ms
2026-07-14 19:19:36.853 DEBUG qt.scenegraph.time.renderer: time in renderer: total=0ms, preprocess=0, updates=0, rendering=0
2026-07-14 19:19:36.853 DEBUG qt.scenegraph.time.renderloop: [window 0x7f030130be40][render thread 0x7f0301180040] syncAndRender: frame rendered in 0ms, sync=0, render=0, swap=0
2026-07-14 19:19:36.880 DEBUG qt.scenegraph.time.renderloop: [window 0x7f030130be40][gui thread] polishAndSync: start, elapsed since last call: 27 ms
2026-07-14 19:19:36.880 DEBUG qt.scenegraph.time.renderloop: [window 0x7f030130be40][render thread 0x7f0301180040] syncAndRender: start, elapsed since last call: 27 ms
2026-07-14 19:19:36.880 DEBUG qt.scenegraph.time.renderloop: [window 0x7f030130be40][gui thread] Frame prepared, polish=0 ms, lock=0 ms, blockedForSync=0 ms, animations=0 ms
2026-07-14 19:19:36.880 DEBUG qt.scenegraph.time.renderer: time in renderer: total=0ms, preprocess=0, updates=0, rendering=0
2026-07-14 19:19:36.880 DEBUG qt.scenegraph.time.renderloop: [window 0x7f030130be40][render thread 0x7f0301180040] syncAndRender: frame rendered in 0ms, sync=0, render=0, swap=0
2026-07-14 19:19:36.887 DEBUG qt.scenegraph.time.renderloop: [window 0x7f030130be40][gui thread] polishAndSync: start, elapsed since last call: 7 ms
2026-07-14 19:19:36.887 DEBUG qt.scenegraph.time.renderloop: [window 0x7f030130be40][render thread 0x7f0301180040] syncAndRender: start, elapsed since last call: 7 ms
2026-07-14 19:19:36.887 DEBUG qt.scenegraph.time.renderloop: [window 0x7f030130be40][gui thread] Frame prepared, polish=0 ms, lock=0 ms, blockedForSync=0 ms, animations=0 ms
2026-07-14 19:19:36.887 DEBUG qt.scenegraph.time.renderer: time in renderer: total=0ms, preprocess=0, updates=0, rendering=0
2026-07-14 19:19:36.887 DEBUG qt.scenegraph.time.renderloop: [window 0x7f030130be40][render thread 0x7f0301180040] syncAndRender: frame rendered in 0ms, sync=0, render=0, swap=0
2026-07-14 19:19:36.912 DEBUG qt.scenegraph.time.renderloop: [window 0x7f030130be40][gui thread] polishAndSync: start, elapsed since last call: 25 ms
2026-07-14 19:19:36.913 DEBUG qt.scenegraph.time.renderloop: [window 0x7f030130be40][render thread 0x7f0301180040] syncAndRender: start, elapsed since last call: 25 ms
2026-07-14 19:19:36.913 DEBUG qt.scenegraph.time.renderloop: [window 0x7f030130be40][gui thread] Frame prepared, polish=0 ms, lock=0 ms, blockedForSync=0 ms, animations=0 ms
2026-07-14 19:19:36.913 DEBUG qt.scenegraph.time.renderer: time in renderer: total=0ms, preprocess=0, updates=0, rendering=0
2026-07-14 19:19:36.913 DEBUG qt.scenegraph.time.renderloop: [window 0x7f030130be40][render thread 0x7f0301180040] syncAndRender: frame rendered in 0ms, sync=0, render=0, swap=0
2026-07-14 19:19:36.915 DEBUG qt.scenegraph.time.renderloop: [window 0x7f030130be40][gui thread] polishAndSync: start, elapsed since last call: 2 ms
2026-07-14 19:19:36.915 DEBUG qt.scenegraph.time.renderloop: [window 0x7f030130be40][render thread 0x7f0301180040] syncAndRender: start, elapsed since last call: 2 ms
2026-07-14 19:19:36.915 DEBUG qt.scenegraph.time.renderloop: [window 0x7f030130be40][gui thread] Frame prepared, polish=0 ms, lock=0 ms, blockedForSync=0 ms, animations=0 ms
2026-07-14 19:19:36.915 DEBUG qt.scenegraph.time.renderer: time in renderer: total=0ms, preprocess=0, updates=0, rendering=0
2026-07-14 19:19:36.915 DEBUG qt.scenegraph.time.renderloop: [window 0x7f030130be40][render thread 0x7f0301180040] syncAndRender: frame rendered in 0ms, sync=0, render=0, swap=0
2026-07-14 19:19:36.945 DEBUG qt.scenegraph.time.renderloop: [window 0x7f030130be40][gui thread] polishAndSync: start, elapsed since last call: 30 ms
2026-07-14 19:19:36.945 DEBUG qt.scenegraph.time.renderloop: [window 0x7f030130be40][render thread 0x7f0301180040] syncAndRender: start, elapsed since last call: 30 ms
2026-07-14 19:19:36.945 DEBUG qt.scenegraph.time.renderloop: [window 0x7f030130be40][gui thread] Frame prepared, polish=0 ms, lock=0 ms, blockedForSync=0 ms, animations=0 ms
2026-07-14 19:19:36.946 DEBUG qt.scenegraph.time.renderer: time in renderer: total=0ms, preprocess=0, updates=0, rendering=0
2026-07-14 19:19:36.946 DEBUG qt.scenegraph.time.renderloop: [window 0x7f030130be40][render thread 0x7f0301180040] syncAndRender: frame rendered in 0ms, sync=0, render=0, swap=0
2026-07-14 19:19:36.950 DEBUG qt.scenegraph.time.renderloop: [window 0x7f030130be40][gui thread] polishAndSync: start, elapsed since last call: 4 ms
2026-07-14 19:19:36.950 DEBUG qt.scenegraph.time.renderloop: [window 0x7f030130be40][render thread 0x7f0301180040] syncAndRender: start, elapsed since last call: 4 ms
2026-07-14 19:19:36.950 DEBUG qt.scenegraph.time.renderloop: [window 0x7f030130be40][gui thread] Frame prepared, polish=0 ms, lock=0 ms, blockedForSync=0 ms, animations=0 ms
2026-07-14 19:19:36.950 DEBUG qt.scenegraph.time.renderer: time in renderer: total=0ms, preprocess=0, updates=0, rendering=0
2026-07-14 19:19:36.950 DEBUG qt.scenegraph.time.renderloop: [window 0x7f030130be40][render thread 0x7f0301180040] syncAndRender: frame rendered in 0ms, sync=0, render=0, swap=0
2026-07-14 19:19:36.978 DEBUG qt.scenegraph.time.renderloop: [window 0x7f030130be40][gui thread] polishAndSync: start, elapsed since last call: 27 ms
2026-07-14 19:19:36.978 DEBUG qt.scenegraph.time.renderloop: [window 0x7f030130be40][render thread 0x7f0301180040] syncAndRender: start, elapsed since last call: 28 ms
2026-07-14 19:19:36.978 DEBUG qt.scenegraph.time.renderloop: [window 0x7f030130be40][gui thread] Frame prepared, polish=0 ms, lock=0 ms, blockedForSync=0 ms, animations=0 ms
2026-07-14 19:19:36.978 DEBUG qt.scenegraph.time.renderer: time in renderer: total=0ms, preprocess=0, updates=0, rendering=0
2026-07-14 19:19:36.978 DEBUG qt.scenegraph.time.renderloop: [window 0x7f030130be40][render thread 0x7f0301180040] syncAndRender: frame rendered in 0ms, sync=0, render=0, swap=0
2026-07-14 19:19:36.985 DEBUG qt.scenegraph.time.renderloop: [window 0x7f030130be40][gui thread] polishAndSync: start, elapsed since last call: 6 ms
2026-07-14 19:19:36.985 DEBUG qt.scenegraph.time.renderloop: [window 0x7f030130be40][render thread 0x7f0301180040] syncAndRender: start, elapsed since last call: 6 ms
2026-07-14 19:19:36.985 DEBUG qt.scenegraph.time.renderloop: [window 0x7f030130be40][gui thread] Frame prepared, polish=0 ms, lock=0 ms, blockedForSync=0 ms, animations=0 ms
2026-07-14 19:19:36.985 DEBUG qt.scenegraph.time.renderer: time in renderer: total=0ms, preprocess=0, updates=0, rendering=0
2026-07-14 19:19:36.985 DEBUG qt.scenegraph.time.renderloop: [window 0x7f030130be40][render thread 0x7f0301180040] syncAndRender: frame rendered in 0ms, sync=0, render=0, swap=0
2026-07-14 19:19:37.012 DEBUG qt.scenegraph.time.renderloop: [window 0x7f030130be40][gui thread] polishAndSync: start, elapsed since last call: 27 ms
2026-07-14 19:19:37.012 DEBUG qt.scenegraph.time.renderloop: [window 0x7f030130be40][render thread 0x7f0301180040] syncAndRender: start, elapsed since last call: 27 ms
2026-07-14 19:19:37.012 DEBUG qt.scenegraph.time.renderloop: [window 0x7f030130be40][gui thread] Frame prepared, polish=0 ms, lock=0 ms, blockedForSync=0 ms, animations=0 ms
2026-07-14 19:19:37.012 DEBUG qt.scenegraph.time.renderer: time in renderer: total=0ms, preprocess=0, updates=0, rendering=0
2026-07-14 19:19:37.012 DEBUG qt.scenegraph.time.renderloop: [window 0x7f030130be40][render thread 0x7f0301180040] syncAndRender: frame rendered in 0ms, sync=0, render=0, swap=0
2026-07-14 19:19:37.019 DEBUG qt.scenegraph.time.renderloop: [window 0x7f030130be40][gui thread] polishAndSync: start, elapsed since last call: 7 ms
2026-07-14 19:19:37.019 DEBUG qt.scenegraph.time.renderloop: [window 0x7f030130be40][render thread 0x7f0301180040] syncAndRender: start, elapsed since last call: 7 ms
2026-07-14 19:19:37.019 DEBUG qt.scenegraph.time.renderloop: [window 0x7f030130be40][gui thread] Frame prepared, polish=0 ms, lock=0 ms, blockedForSync=0 ms, animations=0 ms
2026-07-14 19:19:37.019 DEBUG qt.scenegraph.time.renderer: time in renderer: total=0ms, preprocess=0, updates=0, rendering=0
2026-07-14 19:19:37.019 DEBUG qt.scenegraph.time.renderloop: [window 0x7f030130be40][render thread 0x7f0301180040] syncAndRender: frame rendered in 0ms, sync=0, render=0, swap=0
2026-07-14 19:19:37.044 DEBUG qt.scenegraph.time.renderloop: [window 0x7f030130be40][gui thread] polishAndSync: start, elapsed since last call: 25 ms
2026-07-14 19:19:37.045 DEBUG qt.scenegraph.time.renderloop: [window 0x7f030130be40][render thread 0x7f0301180040] syncAndRender: start, elapsed since last call: 25 ms
2026-07-14 19:19:37.045 DEBUG qt.scenegraph.time.renderloop: [window 0x7f030130be40][gui thread] Frame prepared, polish=0 ms, lock=0 ms, blockedForSync=0 ms, animations=0 ms
2026-07-14 19:19:37.045 DEBUG qt.scenegraph.time.renderer: time in renderer: total=0ms, preprocess=0, updates=0, rendering=0
2026-07-14 19:19:37.045 DEBUG qt.scenegraph.time.renderloop: [window 0x7f030130be40][render thread 0x7f0301180040] syncAndRender: frame rendered in 0ms, sync=0, render=0, swap=0
2026-07-14 19:19:37.047 DEBUG qt.scenegraph.time.renderloop: [window 0x7f030130be40][gui thread] polishAndSync: start, elapsed since last call: 2 ms
2026-07-14 19:19:37.047 DEBUG qt.scenegraph.time.renderloop: [window 0x7f030130be40][render thread 0x7f0301180040] syncAndRender: start, elapsed since last call: 2 ms
2026-07-14 19:19:37.047 DEBUG qt.scenegraph.time.renderloop: [window 0x7f030130be40][gui thread] Frame prepared, polish=0 ms, lock=0 ms, blockedForSync=0 ms, animations=0 ms
2026-07-14 19:19:37.047 DEBUG qt.scenegraph.time.renderer: time in renderer: total=0ms, preprocess=0, updates=0, rendering=0
2026-07-14 19:19:37.047 DEBUG qt.scenegraph.time.renderloop: [window 0x7f030130be40][render thread 0x7f0301180040] syncAndRender: frame rendered in 0ms, sync=0, render=0, swap=0
2026-07-14 19:19:37.077 DEBUG qt.scenegraph.time.renderloop: [window 0x7f030130be40][gui thread] polishAndSync: start, elapsed since last call: 30 ms
2026-07-14 19:19:37.079 DEBUG qt.scenegraph.time.renderloop: [window 0x7f030130be40][render thread 0x7f0301180040] syncAndRender: start, elapsed since last call: 32 ms
2026-07-14 19:19:37.079 DEBUG qt.scenegraph.time.renderloop: [window 0x7f030130be40][gui thread] Frame prepared, polish=2 ms, lock=0 ms, blockedForSync=0 ms, animations=0 ms
2026-07-14 19:19:37.079 DEBUG qt.scenegraph.time.renderer: time in renderer: total=0ms, preprocess=0, updates=0, rendering=0
2026-07-14 19:19:37.080 DEBUG qt.scenegraph.time.renderloop: [window 0x7f030130be40][render thread 0x7f0301180040] syncAndRender: frame rendered in 0ms, sync=0, render=0, swap=0
2026-07-14 19:19:37.082 DEBUG qt.scenegraph.time.renderloop: [window 0x7f030130be40][gui thread] polishAndSync: start, elapsed since last call: 4 ms
2026-07-14 19:19:37.082 DEBUG qt.scenegraph.time.renderloop: [window 0x7f030130be40][render thread 0x7f0301180040] syncAndRender: start, elapsed since last call: 2 ms
2026-07-14 19:19:37.082 DEBUG qt.scenegraph.time.renderloop: [window 0x7f030130be40][gui thread] Frame prepared, polish=0 ms, lock=0 ms, blockedForSync=0 ms, animations=0 ms
2026-07-14 19:19:37.082 DEBUG qt.scenegraph.time.renderer: time in renderer: total=0ms, preprocess=0, updates=0, rendering=0
2026-07-14 19:19:37.082 DEBUG qt.scenegraph.time.renderloop: [window 0x7f030130be40][render thread 0x7f0301180040] syncAndRender: frame rendered in 0ms, sync=0, render=0, swap=0
2026-07-14 19:19:37.110 DEBUG qt.scenegraph.time.renderloop: [window 0x7f030130be40][gui thread] polishAndSync: start, elapsed since last call: 28 ms
2026-07-14 19:19:37.110 DEBUG qt.scenegraph.time.renderloop: [window 0x7f030130be40][render thread 0x7f0301180040] syncAndRender: start, elapsed since last call: 28 ms
2026-07-14 19:19:37.110 DEBUG qt.scenegraph.time.renderloop: [window 0x7f030130be40][gui thread] Frame prepared, polish=0 ms, lock=0 ms, blockedForSync=0 ms, animations=0 ms
2026-07-14 19:19:37.110 DEBUG qt.scenegraph.time.renderer: time in renderer: total=0ms, preprocess=0, updates=0, rendering=0
2026-07-14 19:19:37.111 DEBUG qt.scenegraph.time.renderloop: [window 0x7f030130be40][render thread 0x7f0301180040] syncAndRender: frame rendered in 0ms, sync=0, render=0, swap=0
2026-07-14 19:19:37.116 DEBUG qt.scenegraph.time.renderloop: [window 0x7f030130be40][gui thread] polishAndSync: start, elapsed since last call: 6 ms
2026-07-14 19:19:37.116 DEBUG qt.scenegraph.time.renderloop: [window 0x7f030130be40][render thread 0x7f0301180040] syncAndRender: start, elapsed since last call: 6 ms
2026-07-14 19:19:37.116 DEBUG qt.scenegraph.time.renderloop: [window 0x7f030130be40][gui thread] Frame prepared, polish=0 ms, lock=0 ms, blockedForSync=0 ms, animations=0 ms
2026-07-14 19:19:37.117 DEBUG qt.scenegraph.time.renderer: time in renderer: total=0ms, preprocess=0, updates=0, rendering=0
2026-07-14 19:19:37.117 DEBUG qt.scenegraph.time.renderloop: [window 0x7f030130be40][render thread 0x7f0301180040] syncAndRender: frame rendered in 0ms, sync=0, render=0, swap=0
2026-07-14 19:19:37.144 DEBUG qt.scenegraph.time.renderloop: [window 0x7f030130be40][gui thread] polishAndSync: start, elapsed since last call: 27 ms
2026-07-14 19:19:37.144 DEBUG qt.scenegraph.time.renderloop: [window 0x7f030130be40][render thread 0x7f0301180040] syncAndRender: start, elapsed since last call: 27 ms
2026-07-14 19:19:37.144 DEBUG qt.scenegraph.time.renderloop: [window 0x7f030130be40][gui thread] Frame prepared, polish=0 ms, lock=0 ms, blockedForSync=0 ms, animations=0 ms
2026-07-14 19:19:37.144 DEBUG qt.scenegraph.time.renderer: time in renderer: total=0ms, preprocess=0, updates=0, rendering=0
2026-07-14 19:19:37.144 DEBUG qt.scenegraph.time.renderloop: [window 0x7f030130be40][render thread 0x7f0301180040] syncAndRender: frame rendered in 0ms, sync=0, render=0, swap=0
2026-07-14 19:19:37.151 DEBUG qt.scenegraph.time.renderloop: [window 0x7f030130be40][gui thread] polishAndSync: start, elapsed since last call: 7 ms
2026-07-14 19:19:37.151 DEBUG qt.scenegraph.time.renderloop: [window 0x7f030130be40][render thread 0x7f0301180040] syncAndRender: start, elapsed since last call: 7 ms
2026-07-14 19:19:37.151 DEBUG qt.scenegraph.time.renderloop: [window 0x7f030130be40][gui thread] Frame prepared, polish=0 ms, lock=0 ms, blockedForSync=0 ms, animations=0 ms
2026-07-14 19:19:37.151 DEBUG qt.scenegraph.time.renderer: time in renderer: total=0ms, preprocess=0, updates=0, rendering=0
2026-07-14 19:19:37.151 DEBUG qt.scenegraph.time.renderloop: [window 0x7f030130be40][render thread 0x7f0301180040] syncAndRender: frame rendered in 0ms, sync=0, render=0, swap=0
2026-07-14 19:19:37.176 DEBUG qt.scenegraph.time.renderloop: [window 0x7f030130be40][gui thread] polishAndSync: start, elapsed since last call: 25 ms
2026-07-14 19:19:37.177 DEBUG qt.scenegraph.time.renderloop: [window 0x7f030130be40][render thread 0x7f0301180040] syncAndRender: start, elapsed since last call: 25 ms
2026-07-14 19:19:37.177 DEBUG qt.scenegraph.time.renderloop: [window 0x7f030130be40][gui thread] Frame prepared, polish=0 ms, lock=0 ms, blockedForSync=0 ms, animations=0 ms
2026-07-14 19:19:37.177 DEBUG qt.scenegraph.time.renderer: time in renderer: total=0ms, preprocess=0, updates=0, rendering=0
2026-07-14 19:19:37.177 DEBUG qt.scenegraph.time.renderloop: [window 0x7f030130be40][render thread 0x7f0301180040] syncAndRender: frame rendered in 0ms, sync=0, render=0, swap=0
2026-07-14 19:19:37.179 DEBUG qt.scenegraph.time.renderloop: [window 0x7f030130be40][gui thread] polishAndSync: start, elapsed since last call: 2 ms
2026-07-14 19:19:37.179 DEBUG qt.scenegraph.time.renderloop: [window 0x7f030130be40][render thread 0x7f0301180040] syncAndRender: start, elapsed since last call: 2 ms
2026-07-14 19:19:37.179 DEBUG qt.scenegraph.time.renderloop: [window 0x7f030130be40][gui thread] Frame prepared, polish=0 ms, lock=0 ms, blockedForSync=0 ms, animations=0 ms
2026-07-14 19:19:37.179 DEBUG qt.scenegraph.time.renderer: time in renderer: total=0ms, preprocess=0, updates=0, rendering=0
2026-07-14 19:19:37.179 DEBUG qt.scenegraph.time.renderloop: [window 0x7f030130be40][render thread 0x7f0301180040] syncAndRender: frame rendered in 0ms, sync=0, render=0, swap=0
2026-07-14 19:19:37.209 DEBUG qt.scenegraph.time.renderloop: [window 0x7f030130be40][gui thread] polishAndSync: start, elapsed since last call: 30 ms
2026-07-14 19:19:37.210 DEBUG qt.scenegraph.time.renderloop: [window 0x7f030130be40][render thread 0x7f0301180040] syncAndRender: start, elapsed since last call: 30 ms
2026-07-14 19:19:37.210 DEBUG qt.scenegraph.time.renderloop: [window 0x7f030130be40][gui thread] Frame prepared, polish=0 ms, lock=0 ms, blockedForSync=0 ms, animations=0 ms
2026-07-14 19:19:37.210 DEBUG qt.scenegraph.time.renderer: time in renderer: total=0ms, preprocess=0, updates=0, rendering=0
2026-07-14 19:19:37.210 DEBUG qt.scenegraph.time.renderloop: [window 0x7f030130be40][render thread 0x7f0301180040] syncAndRender: frame rendered in 0ms, sync=0, render=0, swap=0
2026-07-14 19:19:37.214 DEBUG qt.scenegraph.time.renderloop: [window 0x7f030130be40][gui thread] polishAndSync: start, elapsed since last call: 4 ms
2026-07-14 19:19:37.214 DEBUG qt.scenegraph.time.renderloop: [window 0x7f030130be40][render thread 0x7f0301180040] syncAndRender: start, elapsed since last call: 4 ms
2026-07-14 19:19:37.214 DEBUG qt.scenegraph.time.renderloop: [window 0x7f030130be40][gui thread] Frame prepared, polish=0 ms, lock=0 ms, blockedForSync=0 ms, animations=0 ms
2026-07-14 19:19:37.214 DEBUG qt.scenegraph.time.renderer: time in renderer: total=0ms, preprocess=0, updates=0, rendering=0
2026-07-14 19:19:37.214 DEBUG qt.scenegraph.time.renderloop: [window 0x7f030130be40][render thread 0x7f0301180040] syncAndRender: frame rendered in 0ms, sync=0, render=0, swap=0
2026-07-14 19:19:37.242 DEBUG qt.scenegraph.time.renderloop: [window 0x7f030130be40][gui thread] polishAndSync: start, elapsed since last call: 28 ms
2026-07-14 19:19:37.242 DEBUG qt.scenegraph.time.renderloop: [window 0x7f030130be40][render thread 0x7f0301180040] syncAndRender: start, elapsed since last call: 28 ms
2026-07-14 19:19:37.242 DEBUG qt.scenegraph.time.renderloop: [window 0x7f030130be40][gui thread] Frame prepared, polish=0 ms, lock=0 ms, blockedForSync=0 ms, animations=0 ms
2026-07-14 19:19:37.242 DEBUG qt.scenegraph.time.renderer: time in renderer: total=0ms, preprocess=0, updates=0, rendering=0
2026-07-14 19:19:37.243 DEBUG qt.scenegraph.time.renderloop: [window 0x7f030130be40][render thread 0x7f0301180040] syncAndRender: frame rendered in 0ms, sync=0, render=0, swap=0
2026-07-14 19:19:37.249 DEBUG qt.scenegraph.time.renderloop: [window 0x7f030130be40][gui thread] polishAndSync: start, elapsed since last call: 6 ms
2026-07-14 19:19:37.249 DEBUG qt.scenegraph.time.renderloop: [window 0x7f030130be40][render thread 0x7f0301180040] syncAndRender: start, elapsed since last call: 6 ms
2026-07-14 19:19:37.249 DEBUG qt.scenegraph.time.renderloop: [window 0x7f030130be40][gui thread] Frame prepared, polish=0 ms, lock=0 ms, blockedForSync=0 ms, animations=0 ms
2026-07-14 19:19:37.249 DEBUG qt.scenegraph.time.renderer: time in renderer: total=0ms, preprocess=0, updates=0, rendering=0
2026-07-14 19:19:37.249 DEBUG qt.scenegraph.time.renderloop: [window 0x7f030130be40][render thread 0x7f0301180040] syncAndRender: frame rendered in 0ms, sync=0, render=0, swap=0
2026-07-14 19:19:37.276 DEBUG qt.scenegraph.time.renderloop: [window 0x7f030130be40][gui thread] polishAndSync: start, elapsed since last call: 27 ms
2026-07-14 19:19:37.276 DEBUG qt.scenegraph.time.renderloop: [window 0x7f030130be40][render thread 0x7f0301180040] syncAndRender: start, elapsed since last call: 27 ms
2026-07-14 19:19:37.276 DEBUG qt.scenegraph.time.renderloop: [window 0x7f030130be40][gui thread] Frame prepared, polish=0 ms, lock=0 ms, blockedForSync=0 ms, animations=0 ms
2026-07-14 19:19:37.276 DEBUG qt.scenegraph.time.renderer: time in renderer: total=0ms, preprocess=0, updates=0, rendering=0
2026-07-14 19:19:37.277 DEBUG qt.scenegraph.time.renderloop: [window 0x7f030130be40][render thread 0x7f0301180040] syncAndRender: frame rendered in 0ms, sync=0, render=0, swap=0
2026-07-14 19:19:37.283 DEBUG qt.scenegraph.time.renderloop: [window 0x7f030130be40][gui thread] polishAndSync: start, elapsed since last call: 7 ms
2026-07-14 19:19:37.283 DEBUG qt.scenegraph.time.renderloop: [window 0x7f030130be40][render thread 0x7f0301180040] syncAndRender: start, elapsed since last call: 7 ms
2026-07-14 19:19:37.283 DEBUG qt.scenegraph.time.renderloop: [window 0x7f030130be40][gui thread] Frame prepared, polish=0 ms, lock=0 ms, blockedForSync=0 ms, animations=0 ms
2026-07-14 19:19:37.283 DEBUG qt.scenegraph.time.renderer: time in renderer: total=0ms, preprocess=0, updates=0, rendering=0
2026-07-14 19:19:37.284 DEBUG qt.scenegraph.time.renderloop: [window 0x7f030130be40][render thread 0x7f0301180040] syncAndRender: frame rendered in 0ms, sync=0, render=0, swap=0
2026-07-14 19:19:37.298 DEBUG qt.scenegraph.time.renderloop: [window 0x7f030130be40][gui thread] polishAndSync: start, elapsed since last call: 14 ms
2026-07-14 19:19:37.298 DEBUG qt.scenegraph.time.renderloop: [window 0x7f030130be40][render thread 0x7f0301180040] syncAndRender: start, elapsed since last call: 14 ms
2026-07-14 19:19:37.298 DEBUG qt.scenegraph.time.renderloop: [window 0x7f030130be40][gui thread] Frame prepared, polish=0 ms, lock=0 ms, blockedForSync=0 ms, animations=0 ms
2026-07-14 19:19:37.298 DEBUG qt.scenegraph.time.renderloop: [window 0x7f030130be40][gui thread] polishAndSync: start, elapsed since last call: 0 ms
2026-07-14 19:19:37.298 DEBUG qt.scenegraph.time.texture: atlastexture upload enqueued in: -9223357821817ms (16x16)
2026-07-14 19:19:37.298 DEBUG qt.scenegraph.time.texture: atlastexture upload enqueued in: -9223357821817ms (36x14)
2026-07-14 19:19:37.298 DEBUG qt.scenegraph.time.renderer: time in renderer: total=0ms, preprocess=0, updates=0, rendering=0
2026-07-14 19:19:37.299 DEBUG qt.scenegraph.time.renderloop: [window 0x7f030130be40][render thread 0x7f0301180040] syncAndRender: frame rendered in 1ms, sync=0, render=0, swap=0
2026-07-14 19:19:37.299 DEBUG qt.scenegraph.time.renderloop: [window 0x7f030130be40][render thread 0x7f0301180040] syncAndRender: start, elapsed since last call: 1 ms
2026-07-14 19:19:37.299 DEBUG qt.scenegraph.time.renderloop: [window 0x7f030130be40][gui thread] Frame prepared, polish=0 ms, lock=0 ms, blockedForSync=1 ms, animations=0 ms
2026-07-14 19:19:37.299 DEBUG qt.scenegraph.time.renderer: time in renderer: total=0ms, preprocess=0, updates=0, rendering=0
2026-07-14 19:19:37.304 DEBUG qt.scenegraph.time.renderloop: [window 0x7f030130be40][gui thread] polishAndSync: start, elapsed since last call: 6 ms
2026-07-14 19:19:37.304 DEBUG qt.scenegraph.time.renderloop: [window 0x7f030130be40][render thread 0x7f0301180040] syncAndRender: frame rendered in 5ms, sync=0, render=0, swap=5
2026-07-14 19:19:37.304 DEBUG qt.scenegraph.time.renderloop: [window 0x7f030130be40][render thread 0x7f0301180040] syncAndRender: start, elapsed since last call: 5 ms
2026-07-14 19:19:37.304 DEBUG qt.scenegraph.time.renderloop: [window 0x7f030130be40][gui thread] Frame prepared, polish=0 ms, lock=0 ms, blockedForSync=0 ms, animations=0 ms
2026-07-14 19:19:37.304 DEBUG qt.scenegraph.time.renderer: time in renderer: total=0ms, preprocess=0, updates=0, rendering=0
2026-07-14 19:19:37.311 DEBUG qt.scenegraph.time.renderloop: [window 0x7f030130be40][gui thread] polishAndSync: start, elapsed since last call: 6 ms
2026-07-14 19:19:37.311 DEBUG qt.scenegraph.time.renderloop: [window 0x7f030130be40][render thread 0x7f0301180040] syncAndRender: frame rendered in 6ms, sync=0, render=0, swap=6
2026-07-14 19:19:37.312 DEBUG qt.scenegraph.time.renderloop: [window 0x7f030130be40][render thread 0x7f0301180040] syncAndRender: start, elapsed since last call: 7 ms
2026-07-14 19:19:37.312 DEBUG qt.scenegraph.time.renderloop: [window 0x7f030130be40][gui thread] Frame prepared, polish=0 ms, lock=0 ms, blockedForSync=0 ms, animations=0 ms
2026-07-14 19:19:37.312 DEBUG qt.scenegraph.time.texture: atlastexture upload enqueued in: -9223357821804ms (36x14)
2026-07-14 19:19:37.312 DEBUG qt.scenegraph.time.renderer: time in renderer: total=0ms, preprocess=0, updates=0, rendering=0
2026-07-14 19:19:37.318 DEBUG qt.scenegraph.time.renderloop: [window 0x7f030130be40][gui thread] polishAndSync: start, elapsed since last call: 7 ms
2026-07-14 19:19:37.318 DEBUG qt.scenegraph.time.renderloop: [window 0x7f030130be40][render thread 0x7f0301180040] syncAndRender: frame rendered in 6ms, sync=0, render=0, swap=6
2026-07-14 19:19:37.318 DEBUG qt.scenegraph.time.renderloop: [window 0x7f030130be40][render thread 0x7f0301180040] syncAndRender: start, elapsed since last call: 6 ms
2026-07-14 19:19:37.318 DEBUG qt.scenegraph.time.renderloop: [window 0x7f030130be40][gui thread] Frame prepared, polish=0 ms, lock=0 ms, blockedForSync=0 ms, animations=0 ms
2026-07-14 19:19:37.318 DEBUG qt.scenegraph.time.renderer: time in renderer: total=0ms, preprocess=0, updates=0, rendering=0
2026-07-14 19:19:37.325 DEBUG qt.scenegraph.time.renderloop: [window 0x7f030130be40][gui thread] polishAndSync: start, elapsed since last call: 6 ms
2026-07-14 19:19:37.325 DEBUG qt.scenegraph.time.renderloop: [window 0x7f030130be40][render thread 0x7f0301180040] syncAndRender: frame rendered in 6ms, sync=0, render=0, swap=6
2026-07-14 19:19:37.325 DEBUG qt.scenegraph.time.renderloop: [window 0x7f030130be40][render thread 0x7f0301180040] syncAndRender: start, elapsed since last call: 6 ms
2026-07-14 19:19:37.325 DEBUG qt.scenegraph.time.renderloop: [window 0x7f030130be40][gui thread] Frame prepared, polish=0 ms, lock=0 ms, blockedForSync=0 ms, animations=0 ms
2026-07-14 19:19:37.325 DEBUG qt.scenegraph.time.renderer: time in renderer: total=0ms, preprocess=0, updates=0, rendering=0
2026-07-14 19:19:37.332 DEBUG qt.scenegraph.time.renderloop: [window 0x7f030130be40][gui thread] polishAndSync: start, elapsed since last call: 6 ms
2026-07-14 19:19:37.332 DEBUG qt.scenegraph.time.renderloop: [window 0x7f030130be40][render thread 0x7f0301180040] syncAndRender: frame rendered in 6ms, sync=0, render=0, swap=6
2026-07-14 19:19:37.332 DEBUG qt.scenegraph.time.renderloop: [window 0x7f030130be40][render thread 0x7f0301180040] syncAndRender: start, elapsed since last call: 6 ms
2026-07-14 19:19:37.332 DEBUG qt.scenegraph.time.renderloop: [window 0x7f030130be40][gui thread] Frame prepared, polish=0 ms, lock=0 ms, blockedForSync=0 ms, animations=0 ms
2026-07-14 19:19:37.332 DEBUG qt.scenegraph.time.renderer: time in renderer: total=0ms, preprocess=0, updates=0, rendering=0
2026-07-14 19:19:37.339 DEBUG qt.scenegraph.time.renderloop: [window 0x7f030130be40][gui thread] polishAndSync: start, elapsed since last call: 6 ms
2026-07-14 19:19:37.339 DEBUG qt.scenegraph.time.renderloop: [window 0x7f030130be40][render thread 0x7f0301180040] syncAndRender: frame rendered in 6ms, sync=0, render=0, swap=6
2026-07-14 19:19:37.339 DEBUG qt.scenegraph.time.renderloop: [window 0x7f030130be40][render thread 0x7f0301180040] syncAndRender: start, elapsed since last call: 7 ms
2026-07-14 19:19:37.339 DEBUG qt.scenegraph.time.renderloop: [window 0x7f030130be40][gui thread] Frame prepared, polish=0 ms, lock=0 ms, blockedForSync=0 ms, animations=0 ms
2026-07-14 19:19:37.339 DEBUG qt.scenegraph.time.renderer: time in renderer: total=0ms, preprocess=0, updates=0, rendering=0
2026-07-14 19:19:37.346 DEBUG qt.scenegraph.time.renderloop: [window 0x7f030130be40][gui thread] polishAndSync: start, elapsed since last call: 6 ms
2026-07-14 19:19:37.346 DEBUG qt.scenegraph.time.renderloop: [window 0x7f030130be40][render thread 0x7f0301180040] syncAndRender: frame rendered in 6ms, sync=0, render=0, swap=6
2026-07-14 19:19:37.346 DEBUG qt.scenegraph.time.renderloop: [window 0x7f030130be40][render thread 0x7f0301180040] syncAndRender: start, elapsed since last call: 7 ms
2026-07-14 19:19:37.346 DEBUG qt.scenegraph.time.renderloop: [window 0x7f030130be40][gui thread] Frame prepared, polish=0 ms, lock=0 ms, blockedForSync=0 ms, animations=0 ms
2026-07-14 19:19:37.346 DEBUG qt.scenegraph.time.renderer: time in renderer: total=0ms, preprocess=0, updates=0, rendering=0
2026-07-14 19:19:37.353 DEBUG qt.scenegraph.time.renderloop: [window 0x7f030130be40][gui thread] polishAndSync: start, elapsed since last call: 6 ms
2026-07-14 19:19:37.353 DEBUG qt.scenegraph.time.renderloop: [window 0x7f030130be40][render thread 0x7f0301180040] syncAndRender: frame rendered in 6ms, sync=0, render=0, swap=6
2026-07-14 19:19:37.353 DEBUG qt.scenegraph.time.renderloop: [window 0x7f030130be40][render thread 0x7f0301180040] syncAndRender: start, elapsed since last call: 6 ms
2026-07-14 19:19:37.353 DEBUG qt.scenegraph.time.renderloop: [window 0x7f030130be40][gui thread] Frame prepared, polish=0 ms, lock=0 ms, blockedForSync=0 ms, animations=0 ms
2026-07-14 19:19:37.353 DEBUG qt.scenegraph.time.renderer: time in renderer: total=0ms, preprocess=0, updates=0, rendering=0
2026-07-14 19:19:37.360 DEBUG qt.scenegraph.time.renderloop: [window 0x7f030130be40][gui thread] polishAndSync: start, elapsed since last call: 6 ms
2026-07-14 19:19:37.360 DEBUG qt.scenegraph.time.renderloop: [window 0x7f030130be40][render thread 0x7f0301180040] syncAndRender: frame rendered in 6ms, sync=0, render=0, swap=6
2026-07-14 19:19:37.360 DEBUG qt.scenegraph.time.renderloop: [window 0x7f030130be40][render thread 0x7f0301180040] syncAndRender: start, elapsed since last call: 6 ms
2026-07-14 19:19:37.360 DEBUG qt.scenegraph.time.renderloop: [window 0x7f030130be40][gui thread] Frame prepared, polish=0 ms, lock=0 ms, blockedForSync=0 ms, animations=0 ms
2026-07-14 19:19:37.360 DEBUG qt.scenegraph.time.renderer: time in renderer: total=0ms, preprocess=0, updates=0, rendering=0
2026-07-14 19:19:37.367 DEBUG qt.scenegraph.time.renderloop: [window 0x7f030130be40][gui thread] polishAndSync: start, elapsed since last call: 6 ms
2026-07-14 19:19:37.367 DEBUG qt.scenegraph.time.renderloop: [window 0x7f030130be40][render thread 0x7f0301180040] syncAndRender: frame rendered in 6ms, sync=0, render=0, swap=6
2026-07-14 19:19:37.367 DEBUG qt.scenegraph.time.renderloop: [window 0x7f030130be40][render thread 0x7f0301180040] syncAndRender: start, elapsed since last call: 6 ms
2026-07-14 19:19:37.367 DEBUG qt.scenegraph.time.renderloop: [window 0x7f030130be40][gui thread] Frame prepared, polish=0 ms, lock=0 ms, blockedForSync=0 ms, animations=0 ms
2026-07-14 19:19:37.367 DEBUG qt.scenegraph.time.renderer: time in renderer: total=0ms, preprocess=0, updates=0, rendering=0
2026-07-14 19:19:37.373 DEBUG qt.scenegraph.time.renderloop: [window 0x7f030130be40][gui thread] polishAndSync: start, elapsed since last call: 6 ms
2026-07-14 19:19:37.373 DEBUG qt.scenegraph.time.renderloop: [window 0x7f030130be40][render thread 0x7f0301180040] syncAndRender: frame rendered in 6ms, sync=0, render=0, swap=6
2026-07-14 19:19:37.374 DEBUG qt.scenegraph.time.renderloop: [window 0x7f030130be40][render thread 0x7f0301180040] syncAndRender: start, elapsed since last call: 7 ms
2026-07-14 19:19:37.374 DEBUG qt.scenegraph.time.renderloop: [window 0x7f030130be40][gui thread] Frame prepared, polish=0 ms, lock=0 ms, blockedForSync=0 ms, animations=0 ms
2026-07-14 19:19:37.374 DEBUG qt.scenegraph.time.renderer: time in renderer: total=0ms, preprocess=0, updates=0, rendering=0
2026-07-14 19:19:37.380 DEBUG qt.scenegraph.time.renderloop: [window 0x7f030130be40][gui thread] polishAndSync: start, elapsed since last call: 6 ms
2026-07-14 19:19:37.380 DEBUG qt.scenegraph.time.renderloop: [window 0x7f030130be40][render thread 0x7f0301180040] syncAndRender: frame rendered in 6ms, sync=0, render=0, swap=6
2026-07-14 19:19:37.381 DEBUG qt.scenegraph.time.renderloop: [window 0x7f030130be40][render thread 0x7f0301180040] syncAndRender: start, elapsed since last call: 6 ms
2026-07-14 19:19:37.381 DEBUG qt.scenegraph.time.renderloop: [window 0x7f030130be40][gui thread] Frame prepared, polish=0 ms, lock=0 ms, blockedForSync=0 ms, animations=0 ms
2026-07-14 19:19:37.381 DEBUG qt.scenegraph.time.renderer: time in renderer: total=0ms, preprocess=0, updates=0, rendering=0
2026-07-14 19:19:37.387 DEBUG qt.scenegraph.time.renderloop: [window 0x7f030130be40][render thread 0x7f0301180040] syncAndRender: frame rendered in 6ms, sync=0, render=0, swap=6
2026-07-14 19:19:37.387 DEBUG qt.scenegraph.time.renderloop: [window 0x7f030130be40][gui thread] polishAndSync: start, elapsed since last call: 6 ms
2026-07-14 19:19:37.387 DEBUG qt.scenegraph.time.renderloop: [window 0x7f030130be40][render thread 0x7f0301180040] syncAndRender: start, elapsed since last call: 6 ms
2026-07-14 19:19:37.388 DEBUG qt.scenegraph.time.renderloop: [window 0x7f030130be40][gui thread] Frame prepared, polish=0 ms, lock=0 ms, blockedForSync=0 ms, animations=0 ms
2026-07-14 19:19:37.388 DEBUG qt.scenegraph.time.renderer: time in renderer: total=0ms, preprocess=0, updates=0, rendering=0
2026-07-14 19:19:37.394 DEBUG qt.scenegraph.time.renderloop: [window 0x7f030130be40][gui thread] polishAndSync: start, elapsed since last call: 6 ms
2026-07-14 19:19:37.394 DEBUG qt.scenegraph.time.renderloop: [window 0x7f030130be40][render thread 0x7f0301180040] syncAndRender: frame rendered in 6ms, sync=0, render=0, swap=6
2026-07-14 19:19:37.394 DEBUG qt.scenegraph.time.renderloop: [window 0x7f030130be40][render thread 0x7f0301180040] syncAndRender: start, elapsed since last call: 6 ms
2026-07-14 19:19:37.394 DEBUG qt.scenegraph.time.renderloop: [window 0x7f030130be40][gui thread] Frame prepared, polish=0 ms, lock=0 ms, blockedForSync=0 ms, animations=0 ms
2026-07-14 19:19:37.394 DEBUG qt.scenegraph.time.renderer: time in renderer: total=0ms, preprocess=0, updates=0, rendering=0
2026-07-14 19:19:37.401 DEBUG qt.scenegraph.time.renderloop: [window 0x7f030130be40][gui thread] polishAndSync: start, elapsed since last call: 6 ms
2026-07-14 19:19:37.401 DEBUG qt.scenegraph.time.renderloop: [window 0x7f030130be40][render thread 0x7f0301180040] syncAndRender: frame rendered in 6ms, sync=0, render=0, swap=6
2026-07-14 19:19:37.401 DEBUG qt.scenegraph.time.renderloop: [window 0x7f030130be40][render thread 0x7f0301180040] syncAndRender: start, elapsed since last call: 6 ms
2026-07-14 19:19:37.401 DEBUG qt.scenegraph.time.renderloop: [window 0x7f030130be40][gui thread] Frame prepared, polish=0 ms, lock=0 ms, blockedForSync=0 ms, animations=0 ms
2026-07-14 19:19:37.401 DEBUG qt.scenegraph.time.renderer: time in renderer: total=0ms, preprocess=0, updates=0, rendering=0
2026-07-14 19:19:37.408 DEBUG qt.scenegraph.time.renderloop: [window 0x7f030130be40][render thread 0x7f0301180040] syncAndRender: frame rendered in 6ms, sync=0, render=0, swap=6
2026-07-14 19:19:37.408 DEBUG qt.scenegraph.time.renderloop: [window 0x7f030130be40][gui thread] polishAndSync: start, elapsed since last call: 6 ms
2026-07-14 19:19:37.409 DEBUG qt.scenegraph.time.renderloop: [window 0x7f030130be40][render thread 0x7f0301180040] syncAndRender: start, elapsed since last call: 7 ms
2026-07-14 19:19:37.409 DEBUG qt.scenegraph.time.renderloop: [window 0x7f030130be40][gui thread] Frame prepared, polish=0 ms, lock=0 ms, blockedForSync=0 ms, animations=0 ms
2026-07-14 19:19:37.409 DEBUG qt.scenegraph.time.renderer: time in renderer: total=0ms, preprocess=0, updates=0, rendering=0
2026-07-14 19:19:37.415 DEBUG qt.scenegraph.time.renderloop: [window 0x7f030130be40][gui thread] polishAndSync: start, elapsed since last call: 6 ms
2026-07-14 19:19:37.415 DEBUG qt.scenegraph.time.renderloop: [window 0x7f030130be40][render thread 0x7f0301180040] syncAndRender: frame rendered in 6ms, sync=0, render=0, swap=6
2026-07-14 19:19:37.415 DEBUG qt.scenegraph.time.renderloop: [window 0x7f030130be40][render thread 0x7f0301180040] syncAndRender: start, elapsed since last call: 6 ms
2026-07-14 19:19:37.415 DEBUG qt.scenegraph.time.renderloop: [window 0x7f030130be40][gui thread] Frame prepared, polish=0 ms, lock=0 ms, blockedForSync=0 ms, animations=0 ms
2026-07-14 19:19:37.415 DEBUG qt.scenegraph.time.renderer: time in renderer: total=0ms, preprocess=0, updates=0, rendering=0
2026-07-14 19:19:37.422 DEBUG qt.scenegraph.time.renderloop: [window 0x7f030130be40][gui thread] polishAndSync: start, elapsed since last call: 6 ms
2026-07-14 19:19:37.422 DEBUG qt.scenegraph.time.renderloop: [window 0x7f030130be40][render thread 0x7f0301180040] syncAndRender: frame rendered in 6ms, sync=0, render=0, swap=6
2026-07-14 19:19:37.422 DEBUG qt.scenegraph.time.renderloop: [window 0x7f030130be40][render thread 0x7f0301180040] syncAndRender: start, elapsed since last call: 7 ms
2026-07-14 19:19:37.422 DEBUG qt.scenegraph.time.renderloop: [window 0x7f030130be40][gui thread] Frame prepared, polish=0 ms, lock=0 ms, blockedForSync=0 ms, animations=0 ms
2026-07-14 19:19:37.422 DEBUG qt.scenegraph.time.renderer: time in renderer: total=0ms, preprocess=0, updates=0, rendering=0
2026-07-14 19:19:37.429 DEBUG qt.scenegraph.time.renderloop: [window 0x7f030130be40][gui thread] polishAndSync: start, elapsed since last call: 6 ms
2026-07-14 19:19:37.429 DEBUG qt.scenegraph.time.renderloop: [window 0x7f030130be40][render thread 0x7f0301180040] syncAndRender: frame rendered in 6ms, sync=0, render=0, swap=6
2026-07-14 19:19:37.429 DEBUG qt.scenegraph.time.renderloop: [window 0x7f030130be40][render thread 0x7f0301180040] syncAndRender: start, elapsed since last call: 6 ms
2026-07-14 19:19:37.429 DEBUG qt.scenegraph.time.renderloop: [window 0x7f030130be40][gui thread] Frame prepared, polish=0 ms, lock=0 ms, blockedForSync=0 ms, animations=0 ms
2026-07-14 19:19:37.429 DEBUG qt.scenegraph.time.renderer: time in renderer: total=0ms, preprocess=0, updates=0, rendering=0
2026-07-14 19:19:37.436 DEBUG qt.scenegraph.time.renderloop: [window 0x7f030130be40][gui thread] polishAndSync: start, elapsed since last call: 6 ms
2026-07-14 19:19:37.436 DEBUG qt.scenegraph.time.renderloop: [window 0x7f030130be40][render thread 0x7f0301180040] syncAndRender: frame rendered in 6ms, sync=0, render=0, swap=6
2026-07-14 19:19:37.436 DEBUG qt.scenegraph.time.renderloop: [window 0x7f030130be40][render thread 0x7f0301180040] syncAndRender: start, elapsed since last call: 6 ms
2026-07-14 19:19:37.436 DEBUG qt.scenegraph.time.renderloop: [window 0x7f030130be40][gui thread] Frame prepared, polish=0 ms, lock=0 ms, blockedForSync=0 ms, animations=0 ms
2026-07-14 19:19:37.436 DEBUG qt.scenegraph.time.renderer: time in renderer: total=0ms, preprocess=0, updates=0, rendering=0
2026-07-14 19:19:37.443 DEBUG qt.scenegraph.time.renderloop: [window 0x7f030130be40][render thread 0x7f0301180040] syncAndRender: frame rendered in 6ms, sync=0, render=0, swap=6
2026-07-14 19:19:37.443 DEBUG qt.scenegraph.time.renderloop: [window 0x7f030130be40][gui thread] polishAndSync: start, elapsed since last call: 7 ms
2026-07-14 19:19:37.444 DEBUG qt.scenegraph.time.renderloop: [window 0x7f030130be40][render thread 0x7f0301180040] syncAndRender: start, elapsed since last call: 7 ms
2026-07-14 19:19:37.444 DEBUG qt.scenegraph.time.renderloop: [window 0x7f030130be40][gui thread] Frame prepared, polish=0 ms, lock=0 ms, blockedForSync=0 ms, animations=0 ms
2026-07-14 19:19:37.444 DEBUG qt.scenegraph.time.renderer: time in renderer: total=0ms, preprocess=0, updates=0, rendering=0
2026-07-14 19:19:37.450 DEBUG qt.scenegraph.time.renderloop: [window 0x7f030130be40][gui thread] polishAndSync: start, elapsed since last call: 6 ms
2026-07-14 19:19:37.450 DEBUG qt.scenegraph.time.renderloop: [window 0x7f030130be40][render thread 0x7f0301180040] syncAndRender: frame rendered in 6ms, sync=0, render=0, swap=6
2026-07-14 19:19:37.450 DEBUG qt.scenegraph.time.renderloop: [window 0x7f030130be40][render thread 0x7f0301180040] syncAndRender: start, elapsed since last call: 6 ms
2026-07-14 19:19:37.450 DEBUG qt.scenegraph.time.renderloop: [window 0x7f030130be40][gui thread] Frame prepared, polish=0 ms, lock=0 ms, blockedForSync=0 ms, animations=0 ms
2026-07-14 19:19:37.450 DEBUG qt.scenegraph.time.renderer: time in renderer: total=0ms, preprocess=0, updates=0, rendering=0
2026-07-14 19:19:37.457 DEBUG qt.scenegraph.time.renderloop: [window 0x7f030130be40][render thread 0x7f0301180040] syncAndRender: frame rendered in 7ms, sync=0, render=0, swap=6
2026-07-14 19:19:37.457 DEBUG qt.scenegraph.time.renderloop: [window 0x7f030130be40][gui thread] polishAndSync: start, elapsed since last call: 7 ms
2026-07-14 19:19:37.457 DEBUG qt.scenegraph.time.renderloop: [window 0x7f030130be40][render thread 0x7f0301180040] syncAndRender: start, elapsed since last call: 7 ms
2026-07-14 19:19:37.457 DEBUG qt.scenegraph.time.renderloop: [window 0x7f030130be40][gui thread] Frame prepared, polish=0 ms, lock=0 ms, blockedForSync=0 ms, animations=0 ms
2026-07-14 19:19:37.457 DEBUG qt.scenegraph.time.renderer: time in renderer: total=0ms, preprocess=0, updates=0, rendering=0
2026-07-14 19:19:37.464 DEBUG qt.scenegraph.time.renderloop: [window 0x7f030130be40][gui thread] polishAndSync: start, elapsed since last call: 6 ms
2026-07-14 19:19:37.464 DEBUG qt.scenegraph.time.renderloop: [window 0x7f030130be40][render thread 0x7f0301180040] syncAndRender: frame rendered in 6ms, sync=0, render=0, swap=6
2026-07-14 19:19:37.464 DEBUG qt.scenegraph.time.renderloop: [window 0x7f030130be40][render thread 0x7f0301180040] syncAndRender: start, elapsed since last call: 6 ms
2026-07-14 19:19:37.464 DEBUG qt.scenegraph.time.renderloop: [window 0x7f030130be40][gui thread] Frame prepared, polish=0 ms, lock=0 ms, blockedForSync=0 ms, animations=0 ms
2026-07-14 19:19:37.464 DEBUG qt.scenegraph.time.renderer: time in renderer: total=0ms, preprocess=0, updates=0, rendering=0
2026-07-14 19:19:37.471 DEBUG qt.scenegraph.time.renderloop: [window 0x7f030130be40][gui thread] polishAndSync: start, elapsed since last call: 7 ms
2026-07-14 19:19:37.471 DEBUG qt.scenegraph.time.renderloop: [window 0x7f030130be40][render thread 0x7f0301180040] syncAndRender: frame rendered in 7ms, sync=0, render=0, swap=7
2026-07-14 19:19:37.471 DEBUG qt.scenegraph.time.renderloop: [window 0x7f030130be40][render thread 0x7f0301180040] syncAndRender: start, elapsed since last call: 7 ms
2026-07-14 19:19:37.471 DEBUG qt.scenegraph.time.renderloop: [window 0x7f030130be40][gui thread] Frame prepared, polish=0 ms, lock=0 ms, blockedForSync=0 ms, animations=0 ms
2026-07-14 19:19:37.471 DEBUG qt.scenegraph.time.renderer: time in renderer: total=0ms, preprocess=0, updates=0, rendering=0
2026-07-14 19:19:37.478 DEBUG qt.scenegraph.time.renderloop: [window 0x7f030130be40][gui thread] polishAndSync: start, elapsed since last call: 6 ms
2026-07-14 19:19:37.478 DEBUG qt.scenegraph.time.renderloop: [window 0x7f030130be40][render thread 0x7f0301180040] syncAndRender: frame rendered in 6ms, sync=0, render=0, swap=6
2026-07-14 19:19:37.478 DEBUG qt.scenegraph.time.renderloop: [window 0x7f030130be40][render thread 0x7f0301180040] syncAndRender: start, elapsed since last call: 7 ms
2026-07-14 19:19:37.478 DEBUG qt.scenegraph.time.renderer: time in renderer: total=0ms, preprocess=0, updates=0, rendering=0
2026-07-14 19:19:37.478 DEBUG qt.scenegraph.time.renderloop: [window 0x7f030130be40][gui thread] Frame prepared, polish=0 ms, lock=0 ms, blockedForSync=0 ms, animations=0 ms
2026-07-14 19:19:37.485 DEBUG qt.scenegraph.time.renderloop: [window 0x7f030130be40][gui thread] polishAndSync: start, elapsed since last call: 6 ms
2026-07-14 19:19:37.485 DEBUG qt.scenegraph.time.renderloop: [window 0x7f030130be40][render thread 0x7f0301180040] syncAndRender: frame rendered in 6ms, sync=0, render=0, swap=6
2026-07-14 19:19:37.485 DEBUG qt.scenegraph.time.renderloop: [window 0x7f030130be40][render thread 0x7f0301180040] syncAndRender: start, elapsed since last call: 6 ms
2026-07-14 19:19:37.485 DEBUG qt.scenegraph.time.renderloop: [window 0x7f030130be40][gui thread] Frame prepared, polish=0 ms, lock=0 ms, blockedForSync=0 ms, animations=0 ms
2026-07-14 19:19:37.485 DEBUG qt.scenegraph.time.renderer: time in renderer: total=0ms, preprocess=0, updates=0, rendering=0
2026-07-14 19:19:37.492 DEBUG qt.scenegraph.time.renderloop: [window 0x7f030130be40][gui thread] polishAndSync: start, elapsed since last call: 6 ms
2026-07-14 19:19:37.492 DEBUG qt.scenegraph.time.renderloop: [window 0x7f030130be40][render thread 0x7f0301180040] syncAndRender: frame rendered in 6ms, sync=0, render=0, swap=6
2026-07-14 19:19:37.492 DEBUG qt.scenegraph.time.renderloop: [window 0x7f030130be40][render thread 0x7f0301180040] syncAndRender: start, elapsed since last call: 6 ms
2026-07-14 19:19:37.492 DEBUG qt.scenegraph.time.renderloop: [window 0x7f030130be40][gui thread] Frame prepared, polish=0 ms, lock=0 ms, blockedForSync=0 ms, animations=0 ms
2026-07-14 19:19:37.492 DEBUG qt.scenegraph.time.renderer: time in renderer: total=0ms, preprocess=0, updates=0, rendering=0
2026-07-14 19:19:37.499 DEBUG qt.scenegraph.time.renderloop: [window 0x7f030130be40][gui thread] polishAndSync: start, elapsed since last call: 6 ms
2026-07-14 19:19:37.499 DEBUG qt.scenegraph.time.renderloop: [window 0x7f030130be40][render thread 0x7f0301180040] syncAndRender: frame rendered in 6ms, sync=0, render=0, swap=6
2026-07-14 19:19:37.499 DEBUG qt.scenegraph.time.renderloop: [window 0x7f030130be40][render thread 0x7f0301180040] syncAndRender: start, elapsed since last call: 7 ms
2026-07-14 19:19:37.499 DEBUG qt.scenegraph.time.renderloop: [window 0x7f030130be40][gui thread] Frame prepared, polish=0 ms, lock=0 ms, blockedForSync=0 ms, animations=0 ms
2026-07-14 19:19:37.499 DEBUG qt.scenegraph.time.renderer: time in renderer: total=0ms, preprocess=0, updates=0, rendering=0
2026-07-14 19:19:37.506 DEBUG qt.scenegraph.time.renderloop: [window 0x7f030130be40][gui thread] polishAndSync: start, elapsed since last call: 6 ms
2026-07-14 19:19:37.506 DEBUG qt.scenegraph.time.renderloop: [window 0x7f030130be40][render thread 0x7f0301180040] syncAndRender: frame rendered in 6ms, sync=0, render=0, swap=6
2026-07-14 19:19:37.506 DEBUG qt.scenegraph.time.renderloop: [window 0x7f030130be40][render thread 0x7f0301180040] syncAndRender: start, elapsed since last call: 7 ms
2026-07-14 19:19:37.506 DEBUG qt.scenegraph.time.renderloop: [window 0x7f030130be40][gui thread] Frame prepared, polish=0 ms, lock=0 ms, blockedForSync=0 ms, animations=0 ms
2026-07-14 19:19:37.506 DEBUG qt.scenegraph.time.renderer: time in renderer: total=0ms, preprocess=0, updates=0, rendering=0
2026-07-14 19:19:37.512 DEBUG qt.scenegraph.time.renderloop: [window 0x7f030130be40][gui thread] polishAndSync: start, elapsed since last call: 6 ms
2026-07-14 19:19:37.512 DEBUG qt.scenegraph.time.renderloop: [window 0x7f030130be40][render thread 0x7f0301180040] syncAndRender: frame rendered in 6ms, sync=0, render=0, swap=6
2026-07-14 19:19:37.513 DEBUG qt.scenegraph.time.renderloop: [window 0x7f030130be40][render thread 0x7f0301180040] syncAndRender: start, elapsed since last call: 6 ms
2026-07-14 19:19:37.513 DEBUG qt.scenegraph.time.renderloop: [window 0x7f030130be40][gui thread] Frame prepared, polish=0 ms, lock=0 ms, blockedForSync=0 ms, animations=0 ms
2026-07-14 19:19:37.513 DEBUG qt.scenegraph.time.renderer: time in renderer: total=0ms, preprocess=0, updates=0, rendering=0
2026-07-14 19:19:37.519 DEBUG qt.scenegraph.time.renderloop: [window 0x7f030130be40][gui thread] polishAndSync: start, elapsed since last call: 6 ms
2026-07-14 19:19:37.519 DEBUG qt.scenegraph.time.renderloop: [window 0x7f030130be40][render thread 0x7f0301180040] syncAndRender: frame rendered in 6ms, sync=0, render=0, swap=6
2026-07-14 19:19:37.519 DEBUG qt.scenegraph.time.renderloop: [window 0x7f030130be40][render thread 0x7f0301180040] syncAndRender: start, elapsed since last call: 6 ms
2026-07-14 19:19:37.519 DEBUG qt.scenegraph.time.renderloop: [window 0x7f030130be40][gui thread] Frame prepared, polish=0 ms, lock=0 ms, blockedForSync=0 ms, animations=0 ms
2026-07-14 19:19:37.519 DEBUG qt.scenegraph.time.renderer: time in renderer: total=0ms, preprocess=0, updates=0, rendering=0
2026-07-14 19:19:37.526 DEBUG qt.scenegraph.time.renderloop: [window 0x7f030130be40][gui thread] polishAndSync: start, elapsed since last call: 6 ms
2026-07-14 19:19:37.526 DEBUG qt.scenegraph.time.renderloop: [window 0x7f030130be40][render thread 0x7f0301180040] syncAndRender: frame rendered in 6ms, sync=0, render=0, swap=6
2026-07-14 19:19:37.526 DEBUG qt.scenegraph.time.renderloop: [window 0x7f030130be40][render thread 0x7f0301180040] syncAndRender: start, elapsed since last call: 6 ms
2026-07-14 19:19:37.526 DEBUG qt.scenegraph.time.renderloop: [window 0x7f030130be40][gui thread] Frame prepared, polish=0 ms, lock=0 ms, blockedForSync=0 ms, animations=0 ms
2026-07-14 19:19:37.527 DEBUG qt.scenegraph.time.renderer: time in renderer: total=0ms, preprocess=0, updates=0, rendering=0
2026-07-14 19:19:37.533 DEBUG qt.scenegraph.time.renderloop: [window 0x7f030130be40][gui thread] polishAndSync: start, elapsed since last call: 6 ms
2026-07-14 19:19:37.533 DEBUG qt.scenegraph.time.renderloop: [window 0x7f030130be40][render thread 0x7f0301180040] syncAndRender: frame rendered in 6ms, sync=0, render=0, swap=6
2026-07-14 19:19:37.533 DEBUG qt.scenegraph.time.renderloop: [window 0x7f030130be40][render thread 0x7f0301180040] syncAndRender: start, elapsed since last call: 6 ms
2026-07-14 19:19:37.533 DEBUG qt.scenegraph.time.renderloop: [window 0x7f030130be40][gui thread] Frame prepared, polish=0 ms, lock=0 ms, blockedForSync=0 ms, animations=0 ms
2026-07-14 19:19:37.533 DEBUG qt.scenegraph.time.renderer: time in renderer: total=0ms, preprocess=0, updates=0, rendering=0
2026-07-14 19:19:37.540 DEBUG qt.scenegraph.time.renderloop: [window 0x7f030130be40][gui thread] polishAndSync: start, elapsed since last call: 6 ms
2026-07-14 19:19:37.540 DEBUG qt.scenegraph.time.renderloop: [window 0x7f030130be40][render thread 0x7f0301180040] syncAndRender: frame rendered in 6ms, sync=0, render=0, swap=6
2026-07-14 19:19:37.541 DEBUG qt.scenegraph.time.renderloop: [window 0x7f030130be40][render thread 0x7f0301180040] syncAndRender: start, elapsed since last call: 7 ms
2026-07-14 19:19:37.541 DEBUG qt.scenegraph.time.renderloop: [window 0x7f030130be40][gui thread] Frame prepared, polish=0 ms, lock=0 ms, blockedForSync=0 ms, animations=0 ms
2026-07-14 19:19:37.541 DEBUG qt.scenegraph.time.renderer: time in renderer: total=0ms, preprocess=0, updates=0, rendering=0
2026-07-14 19:19:37.547 DEBUG qt.scenegraph.time.renderloop: [window 0x7f030130be40][gui thread] polishAndSync: start, elapsed since last call: 6 ms
2026-07-14 19:19:37.547 DEBUG qt.scenegraph.time.renderloop: [window 0x7f030130be40][render thread 0x7f0301180040] syncAndRender: frame rendered in 6ms, sync=0, render=0, swap=6
2026-07-14 19:19:37.547 DEBUG qt.scenegraph.time.renderloop: [window 0x7f030130be40][render thread 0x7f0301180040] syncAndRender: start, elapsed since last call: 6 ms
2026-07-14 19:19:37.547 DEBUG qt.scenegraph.time.renderloop: [window 0x7f030130be40][gui thread] Frame prepared, polish=0 ms, lock=0 ms, blockedForSync=0 ms, animations=0 ms
2026-07-14 19:19:37.547 DEBUG qt.scenegraph.time.renderer: time in renderer: total=0ms, preprocess=0, updates=0, rendering=0
2026-07-14 19:19:37.554 DEBUG qt.scenegraph.time.renderloop: [window 0x7f030130be40][gui thread] polishAndSync: start, elapsed since last call: 6 ms
2026-07-14 19:19:37.554 DEBUG qt.scenegraph.time.renderloop: [window 0x7f030130be40][render thread 0x7f0301180040] syncAndRender: frame rendered in 6ms, sync=0, render=0, swap=6
2026-07-14 19:19:37.554 DEBUG qt.scenegraph.time.renderloop: [window 0x7f030130be40][render thread 0x7f0301180040] syncAndRender: start, elapsed since last call: 6 ms
2026-07-14 19:19:37.554 DEBUG qt.scenegraph.time.renderloop: [window 0x7f030130be40][gui thread] Frame prepared, polish=0 ms, lock=0 ms, blockedForSync=0 ms, animations=0 ms
2026-07-14 19:19:37.554 DEBUG qt.scenegraph.time.renderer: time in renderer: total=0ms, preprocess=0, updates=0, rendering=0
2026-07-14 19:19:37.561 DEBUG qt.scenegraph.time.renderloop: [window 0x7f030130be40][gui thread] polishAndSync: start, elapsed since last call: 6 ms
2026-07-14 19:19:37.561 DEBUG qt.scenegraph.time.renderloop: [window 0x7f030130be40][render thread 0x7f0301180040] syncAndRender: frame rendered in 6ms, sync=0, render=0, swap=6
2026-07-14 19:19:37.561 DEBUG qt.scenegraph.time.renderloop: [window 0x7f030130be40][render thread 0x7f0301180040] syncAndRender: start, elapsed since last call: 6 ms
2026-07-14 19:19:37.561 DEBUG qt.scenegraph.time.renderloop: [window 0x7f030130be40][gui thread] Frame prepared, polish=0 ms, lock=0 ms, blockedForSync=0 ms, animations=0 ms
2026-07-14 19:19:37.561 DEBUG qt.scenegraph.time.renderer: time in renderer: total=0ms, preprocess=0, updates=0, rendering=0
2026-07-14 19:19:37.568 DEBUG qt.scenegraph.time.renderloop: [window 0x7f030130be40][gui thread] polishAndSync: start, elapsed since last call: 6 ms
2026-07-14 19:19:37.568 DEBUG qt.scenegraph.time.renderloop: [window 0x7f030130be40][render thread 0x7f0301180040] syncAndRender: frame rendered in 6ms, sync=0, render=0, swap=6
2026-07-14 19:19:37.568 DEBUG qt.scenegraph.time.renderloop: [window 0x7f030130be40][render thread 0x7f0301180040] syncAndRender: start, elapsed since last call: 6 ms
2026-07-14 19:19:37.568 DEBUG qt.scenegraph.time.renderloop: [window 0x7f030130be40][gui thread] Frame prepared, polish=0 ms, lock=0 ms, blockedForSync=0 ms, animations=0 ms
2026-07-14 19:19:37.568 DEBUG qt.scenegraph.time.renderer: time in renderer: total=0ms, preprocess=0, updates=0, rendering=0
2026-07-14 19:19:37.575 DEBUG qt.scenegraph.time.renderloop: [window 0x7f030130be40][gui thread] polishAndSync: start, elapsed since last call: 6 ms
2026-07-14 19:19:37.575 DEBUG qt.scenegraph.time.renderloop: [window 0x7f030130be40][render thread 0x7f0301180040] syncAndRender: frame rendered in 6ms, sync=0, render=0, swap=6
2026-07-14 19:19:37.575 DEBUG qt.scenegraph.time.renderloop: [window 0x7f030130be40][render thread 0x7f0301180040] syncAndRender: start, elapsed since last call: 7 ms
2026-07-14 19:19:37.575 DEBUG qt.scenegraph.time.renderloop: [window 0x7f030130be40][gui thread] Frame prepared, polish=0 ms, lock=0 ms, blockedForSync=0 ms, animations=0 ms
2026-07-14 19:19:37.575 DEBUG qt.scenegraph.time.renderer: time in renderer: total=0ms, preprocess=0, updates=0, rendering=0
2026-07-14 19:19:37.582 DEBUG qt.scenegraph.time.renderloop: [window 0x7f030130be40][gui thread] polishAndSync: start, elapsed since last call: 6 ms
2026-07-14 19:19:37.582 DEBUG qt.scenegraph.time.renderloop: [window 0x7f030130be40][render thread 0x7f0301180040] syncAndRender: frame rendered in 6ms, sync=0, render=0, swap=6
2026-07-14 19:19:37.582 DEBUG qt.scenegraph.time.renderloop: [window 0x7f030130be40][render thread 0x7f0301180040] syncAndRender: start, elapsed since last call: 6 ms
2026-07-14 19:19:37.582 DEBUG qt.scenegraph.time.renderloop: [window 0x7f030130be40][gui thread] Frame prepared, polish=0 ms, lock=0 ms, blockedForSync=0 ms, animations=0 ms
2026-07-14 19:19:37.582 DEBUG qt.scenegraph.time.renderer: time in renderer: total=0ms, preprocess=0, updates=0, rendering=0
2026-07-14 19:19:37.589 DEBUG qt.scenegraph.time.renderloop: [window 0x7f030130be40][gui thread] polishAndSync: start, elapsed since last call: 6 ms
2026-07-14 19:19:37.589 DEBUG qt.scenegraph.time.renderloop: [window 0x7f030130be40][render thread 0x7f0301180040] syncAndRender: frame rendered in 6ms, sync=0, render=0, swap=6
2026-07-14 19:19:37.589 DEBUG qt.scenegraph.time.renderloop: [window 0x7f030130be40][render thread 0x7f0301180040] syncAndRender: start, elapsed since last call: 6 ms
2026-07-14 19:19:37.589 DEBUG qt.scenegraph.time.renderloop: [window 0x7f030130be40][gui thread] Frame prepared, polish=0 ms, lock=0 ms, blockedForSync=0 ms, animations=0 ms
2026-07-14 19:19:37.589 DEBUG qt.scenegraph.time.renderer: time in renderer: total=0ms, preprocess=0, updates=0, rendering=0
2026-07-14 19:19:37.596 DEBUG qt.scenegraph.time.renderloop: [window 0x7f030130be40][gui thread] polishAndSync: start, elapsed since last call: 6 ms
2026-07-14 19:19:37.596 DEBUG qt.scenegraph.time.renderloop: [window 0x7f030130be40][render thread 0x7f0301180040] syncAndRender: frame rendered in 6ms, sync=0, render=0, swap=6
2026-07-14 19:19:37.596 DEBUG qt.scenegraph.time.renderloop: [window 0x7f030130be40][render thread 0x7f0301180040] syncAndRender: start, elapsed since last call: 6 ms
2026-07-14 19:19:37.596 DEBUG qt.scenegraph.time.renderloop: [window 0x7f030130be40][gui thread] Frame prepared, polish=0 ms, lock=0 ms, blockedForSync=0 ms, animations=0 ms
2026-07-14 19:19:37.596 DEBUG qt.scenegraph.time.renderer: time in renderer: total=0ms, preprocess=0, updates=0, rendering=0
2026-07-14 19:19:37.603 DEBUG qt.scenegraph.time.renderloop: [window 0x7f030130be40][gui thread] polishAndSync: start, elapsed since last call: 6 ms
2026-07-14 19:19:37.603 DEBUG qt.scenegraph.time.renderloop: [window 0x7f030130be40][render thread 0x7f0301180040] syncAndRender: frame rendered in 6ms, sync=0, render=0, swap=6
2026-07-14 19:19:37.603 DEBUG qt.scenegraph.time.renderloop: [window 0x7f030130be40][render thread 0x7f0301180040] syncAndRender: start, elapsed since last call: 7 ms
2026-07-14 19:19:37.603 DEBUG qt.scenegraph.time.renderloop: [window 0x7f030130be40][gui thread] Frame prepared, polish=0 ms, lock=0 ms, blockedForSync=0 ms, animations=0 ms
2026-07-14 19:19:37.603 DEBUG qt.scenegraph.time.renderer: time in renderer: total=0ms, preprocess=0, updates=0, rendering=0
2026-07-14 19:19:37.610 DEBUG qt.scenegraph.time.renderloop: [window 0x7f030130be40][gui thread] polishAndSync: start, elapsed since last call: 6 ms
2026-07-14 19:19:37.610 DEBUG qt.scenegraph.time.renderloop: [window 0x7f030130be40][render thread 0x7f0301180040] syncAndRender: frame rendered in 6ms, sync=0, render=0, swap=6
2026-07-14 19:19:37.610 DEBUG qt.scenegraph.time.renderloop: [window 0x7f030130be40][render thread 0x7f0301180040] syncAndRender: start, elapsed since last call: 6 ms
2026-07-14 19:19:37.610 DEBUG qt.scenegraph.time.renderloop: [window 0x7f030130be40][gui thread] Frame prepared, polish=0 ms, lock=0 ms, blockedForSync=0 ms, animations=0 ms
2026-07-14 19:19:37.610 DEBUG qt.scenegraph.time.renderer: time in renderer: total=0ms, preprocess=0, updates=0, rendering=0
2026-07-14 19:19:37.617 DEBUG qt.scenegraph.time.renderloop: [window 0x7f030130be40][render thread 0x7f0301180040] syncAndRender: frame rendered in 7ms, sync=0, render=0, swap=6
2026-07-14 19:19:37.632 DEBUG qt.scenegraph.time.renderloop: [window 0x7f030130be40][gui thread] polishAndSync: start, elapsed since last call: 22 ms
2026-07-14 19:19:37.632 DEBUG qt.scenegraph.time.renderloop: [window 0x7f030130be40][render thread 0x7f0301180040] syncAndRender: start, elapsed since last call: 22 ms
2026-07-14 19:19:37.632 DEBUG qt.scenegraph.time.renderloop: [window 0x7f030130be40][gui thread] Frame prepared, polish=0 ms, lock=0 ms, blockedForSync=0 ms, animations=0 ms
2026-07-14 19:19:37.632 DEBUG qt.scenegraph.time.renderer: time in renderer: total=0ms, preprocess=0, updates=0, rendering=0
2026-07-14 19:19:37.633 DEBUG qt.scenegraph.time.renderloop: [window 0x7f030130be40][render thread 0x7f0301180040] syncAndRender: frame rendered in 0ms, sync=0, render=0, swap=0
2026-07-14 19:19:37.638 DEBUG qt.scenegraph.time.renderloop: [window 0x7f030130be40][gui thread] polishAndSync: start, elapsed since last call: 5 ms
2026-07-14 19:19:37.638 DEBUG qt.scenegraph.time.renderloop: [window 0x7f030130be40][render thread 0x7f0301180040] syncAndRender: start, elapsed since last call: 5 ms
2026-07-14 19:19:37.638 DEBUG qt.scenegraph.time.renderloop: [window 0x7f030130be40][gui thread] Frame prepared, polish=0 ms, lock=0 ms, blockedForSync=0 ms, animations=0 ms
2026-07-14 19:19:37.638 DEBUG qt.scenegraph.time.renderer: time in renderer: total=0ms, preprocess=0, updates=0, rendering=0
2026-07-14 19:19:37.638 DEBUG qt.scenegraph.time.renderloop: [window 0x7f030130be40][render thread 0x7f0301180040] syncAndRender: frame rendered in 0ms, sync=0, render=0, swap=0
2026-07-14 19:19:37.666 DEBUG qt.scenegraph.time.renderloop: [window 0x7f030130be40][gui thread] polishAndSync: start, elapsed since last call: 28 ms
2026-07-14 19:19:37.666 DEBUG qt.scenegraph.time.renderloop: [window 0x7f030130be40][render thread 0x7f0301180040] syncAndRender: start, elapsed since last call: 28 ms
2026-07-14 19:19:37.666 DEBUG qt.scenegraph.time.renderloop: [window 0x7f030130be40][gui thread] Frame prepared, polish=0 ms, lock=0 ms, blockedForSync=0 ms, animations=0 ms
2026-07-14 19:19:37.666 DEBUG qt.scenegraph.time.renderer: time in renderer: total=0ms, preprocess=0, updates=0, rendering=0
2026-07-14 19:19:37.666 DEBUG qt.scenegraph.time.renderloop: [window 0x7f030130be40][render thread 0x7f0301180040] syncAndRender: frame rendered in 0ms, sync=0, render=0, swap=0
2026-07-14 19:19:37.672 DEBUG qt.scenegraph.time.renderloop: [window 0x7f030130be40][gui thread] polishAndSync: start, elapsed since last call: 6 ms
2026-07-14 19:19:37.672 DEBUG qt.scenegraph.time.renderloop: [window 0x7f030130be40][render thread 0x7f0301180040] syncAndRender: start, elapsed since last call: 6 ms
2026-07-14 19:19:37.672 DEBUG qt.scenegraph.time.renderloop: [window 0x7f030130be40][gui thread] Frame prepared, polish=0 ms, lock=0 ms, blockedForSync=0 ms, animations=0 ms
2026-07-14 19:19:37.673 DEBUG qt.scenegraph.time.renderer: time in renderer: total=0ms, preprocess=0, updates=0, rendering=0
2026-07-14 19:19:37.673 DEBUG qt.scenegraph.time.renderloop: [window 0x7f030130be40][render thread 0x7f0301180040] syncAndRender: frame rendered in 0ms, sync=0, render=0, swap=0
2026-07-14 19:19:37.698 DEBUG qt.scenegraph.time.renderloop: [window 0x7f030130be40][gui thread] polishAndSync: start, elapsed since last call: 25 ms
2026-07-14 19:19:37.699 DEBUG qt.scenegraph.time.renderloop: [window 0x7f030130be40][render thread 0x7f0301180040] syncAndRender: start, elapsed since last call: 26 ms
2026-07-14 19:19:37.699 DEBUG qt.scenegraph.time.renderloop: [window 0x7f030130be40][gui thread] Frame prepared, polish=0 ms, lock=0 ms, blockedForSync=0 ms, animations=0 ms
2026-07-14 19:19:37.699 DEBUG qt.scenegraph.time.renderer: time in renderer: total=0ms, preprocess=0, updates=0, rendering=0
2026-07-14 19:19:37.699 DEBUG qt.scenegraph.time.renderloop: [window 0x7f030130be40][render thread 0x7f0301180040] syncAndRender: frame rendered in 0ms, sync=0, render=0, swap=0
2026-07-14 19:19:37.700 DEBUG qt.scenegraph.time.renderloop: [window 0x7f030130be40][gui thread] polishAndSync: start, elapsed since last call: 1 ms
2026-07-14 19:19:37.700 DEBUG qt.scenegraph.time.renderloop: [window 0x7f030130be40][render thread 0x7f0301180040] syncAndRender: start, elapsed since last call: 1 ms
2026-07-14 19:19:37.700 DEBUG qt.scenegraph.time.renderloop: [window 0x7f030130be40][gui thread] Frame prepared, polish=0 ms, lock=0 ms, blockedForSync=0 ms, animations=0 ms
2026-07-14 19:19:37.700 DEBUG qt.scenegraph.time.renderer: time in renderer: total=0ms, preprocess=0, updates=0, rendering=0
2026-07-14 19:19:37.700 DEBUG qt.scenegraph.time.renderloop: [window 0x7f030130be40][render thread 0x7f0301180040] syncAndRender: frame rendered in 0ms, sync=0, render=0, swap=0
2026-07-14 19:19:37.731 DEBUG qt.scenegraph.time.renderloop: [window 0x7f030130be40][gui thread] polishAndSync: start, elapsed since last call: 31 ms
2026-07-14 19:19:37.732 DEBUG qt.scenegraph.time.renderloop: [window 0x7f030130be40][render thread 0x7f0301180040] syncAndRender: start, elapsed since last call: 31 ms
2026-07-14 19:19:37.732 DEBUG qt.scenegraph.time.renderloop: [window 0x7f030130be40][gui thread] Frame prepared, polish=0 ms, lock=0 ms, blockedForSync=0 ms, animations=0 ms
2026-07-14 19:19:37.732 DEBUG qt.scenegraph.time.renderer: time in renderer: total=0ms, preprocess=0, updates=0, rendering=0
2026-07-14 19:19:37.732 DEBUG qt.scenegraph.time.renderloop: [window 0x7f030130be40][render thread 0x7f0301180040] syncAndRender: frame rendered in 0ms, sync=0, render=0, swap=0
2026-07-14 19:19:37.735 DEBUG qt.scenegraph.time.renderloop: [window 0x7f030130be40][gui thread] polishAndSync: start, elapsed since last call: 3 ms
2026-07-14 19:19:37.735 DEBUG qt.scenegraph.time.renderloop: [window 0x7f030130be40][render thread 0x7f0301180040] syncAndRender: start, elapsed since last call: 3 ms
2026-07-14 19:19:37.735 DEBUG qt.scenegraph.time.renderloop: [window 0x7f030130be40][gui thread] Frame prepared, polish=0 ms, lock=0 ms, blockedForSync=0 ms, animations=0 ms
2026-07-14 19:19:37.735 DEBUG qt.scenegraph.time.renderer: time in renderer: total=0ms, preprocess=0, updates=0, rendering=0
2026-07-14 19:19:37.735 DEBUG qt.scenegraph.time.renderloop: [window 0x7f030130be40][render thread 0x7f0301180040] syncAndRender: frame rendered in 0ms, sync=0, render=0, swap=0
2026-07-14 19:19:37.764 DEBUG qt.scenegraph.time.renderloop: [window 0x7f030130be40][gui thread] polishAndSync: start, elapsed since last call: 29 ms
2026-07-14 19:19:37.764 DEBUG qt.scenegraph.time.renderloop: [window 0x7f030130be40][render thread 0x7f0301180040] syncAndRender: start, elapsed since last call: 29 ms
2026-07-14 19:19:37.764 DEBUG qt.scenegraph.time.renderloop: [window 0x7f030130be40][gui thread] Frame prepared, polish=0 ms, lock=0 ms, blockedForSync=0 ms, animations=0 ms
2026-07-14 19:19:37.765 DEBUG qt.scenegraph.time.renderer: time in renderer: total=0ms, preprocess=0, updates=0, rendering=0
2026-07-14 19:19:37.765 DEBUG qt.scenegraph.time.renderloop: [window 0x7f030130be40][render thread 0x7f0301180040] syncAndRender: frame rendered in 0ms, sync=0, render=0, swap=0
2026-07-14 19:19:37.770 DEBUG qt.scenegraph.time.renderloop: [window 0x7f030130be40][gui thread] polishAndSync: start, elapsed since last call: 5 ms
2026-07-14 19:19:37.770 DEBUG qt.scenegraph.time.renderloop: [window 0x7f030130be40][render thread 0x7f0301180040] syncAndRender: start, elapsed since last call: 5 ms
2026-07-14 19:19:37.770 DEBUG qt.scenegraph.time.renderloop: [window 0x7f030130be40][gui thread] Frame prepared, polish=0 ms, lock=0 ms, blockedForSync=0 ms, animations=0 ms
2026-07-14 19:19:37.770 DEBUG qt.scenegraph.time.renderer: time in renderer: total=0ms, preprocess=0, updates=0, rendering=0
2026-07-14 19:19:37.770 DEBUG qt.scenegraph.time.renderloop: [window 0x7f030130be40][render thread 0x7f0301180040] syncAndRender: frame rendered in 0ms, sync=0, render=0, swap=0
2026-07-14 19:19:37.797 DEBUG qt.scenegraph.time.renderloop: [window 0x7f030130be40][gui thread] polishAndSync: start, elapsed since last call: 27 ms
2026-07-14 19:19:37.797 DEBUG qt.scenegraph.time.renderloop: [window 0x7f030130be40][render thread 0x7f0301180040] syncAndRender: start, elapsed since last call: 27 ms
2026-07-14 19:19:37.798 DEBUG qt.scenegraph.time.renderloop: [window 0x7f030130be40][gui thread] Frame prepared, polish=0 ms, lock=0 ms, blockedForSync=0 ms, animations=0 ms
2026-07-14 19:19:37.798 DEBUG qt.scenegraph.time.renderer: time in renderer: total=0ms, preprocess=0, updates=0, rendering=0
2026-07-14 19:19:37.798 DEBUG qt.scenegraph.time.renderloop: [window 0x7f030130be40][render thread 0x7f0301180040] syncAndRender: frame rendered in 0ms, sync=0, render=0, swap=0
2026-07-14 19:19:37.805 DEBUG qt.scenegraph.time.renderloop: [window 0x7f030130be40][gui thread] polishAndSync: start, elapsed since last call: 7 ms
2026-07-14 19:19:37.805 DEBUG qt.scenegraph.time.renderloop: [window 0x7f030130be40][render thread 0x7f0301180040] syncAndRender: start, elapsed since last call: 7 ms
2026-07-14 19:19:37.805 DEBUG qt.scenegraph.time.renderloop: [window 0x7f030130be40][gui thread] Frame prepared, polish=0 ms, lock=0 ms, blockedForSync=0 ms, animations=0 ms
2026-07-14 19:19:37.805 DEBUG qt.scenegraph.time.renderer: time in renderer: total=0ms, preprocess=0, updates=0, rendering=0
2026-07-14 19:19:37.805 DEBUG qt.scenegraph.time.renderloop: [window 0x7f030130be40][render thread 0x7f0301180040] syncAndRender: frame rendered in 0ms, sync=0, render=0, swap=0
2026-07-14 19:19:37.831 DEBUG qt.scenegraph.time.renderloop: [window 0x7f030130be40][gui thread] polishAndSync: start, elapsed since last call: 26 ms
2026-07-14 19:19:37.831 DEBUG qt.scenegraph.time.renderloop: [window 0x7f030130be40][render thread 0x7f0301180040] syncAndRender: start, elapsed since last call: 26 ms
2026-07-14 19:19:37.831 DEBUG qt.scenegraph.time.renderloop: [window 0x7f030130be40][gui thread] Frame prepared, polish=0 ms, lock=0 ms, blockedForSync=0 ms, animations=0 ms
2026-07-14 19:19:37.831 DEBUG qt.scenegraph.time.renderer: time in renderer: total=0ms, preprocess=0, updates=0, rendering=0
2026-07-14 19:19:37.832 DEBUG qt.scenegraph.time.renderloop: [window 0x7f030130be40][render thread 0x7f0301180040] syncAndRender: frame rendered in 0ms, sync=0, render=0, swap=0
2026-07-14 19:19:37.832 DEBUG qt.scenegraph.time.renderloop: [window 0x7f030130be40][gui thread] polishAndSync: start, elapsed since last call: 1 ms
2026-07-14 19:19:37.832 DEBUG qt.scenegraph.time.renderloop: [window 0x7f030130be40][render thread 0x7f0301180040] syncAndRender: start, elapsed since last call: 1 ms
2026-07-14 19:19:37.833 DEBUG qt.scenegraph.time.renderloop: [window 0x7f030130be40][gui thread] Frame prepared, polish=0 ms, lock=0 ms, blockedForSync=0 ms, animations=0 ms
2026-07-14 19:19:37.833 DEBUG qt.scenegraph.time.renderer: time in renderer: total=0ms, preprocess=0, updates=0, rendering=0
2026-07-14 19:19:37.833 DEBUG qt.scenegraph.time.renderloop: [window 0x7f030130be40][render thread 0x7f0301180040] syncAndRender: frame rendered in 0ms, sync=0, render=0, swap=0
2026-07-14 19:19:37.864 DEBUG qt.scenegraph.time.renderloop: [window 0x7f030130be40][gui thread] polishAndSync: start, elapsed since last call: 31 ms
2026-07-14 19:19:37.864 DEBUG qt.scenegraph.time.renderloop: [window 0x7f030130be40][render thread 0x7f0301180040] syncAndRender: start, elapsed since last call: 31 ms
2026-07-14 19:19:37.864 DEBUG qt.scenegraph.time.renderloop: [window 0x7f030130be40][gui thread] Frame prepared, polish=0 ms, lock=0 ms, blockedForSync=0 ms, animations=0 ms
2026-07-14 19:19:37.864 DEBUG qt.scenegraph.time.renderer: time in renderer: total=0ms, preprocess=0, updates=0, rendering=0
2026-07-14 19:19:37.865 DEBUG qt.scenegraph.time.renderloop: [window 0x7f030130be40][render thread 0x7f0301180040] syncAndRender: frame rendered in 0ms, sync=0, render=0, swap=0
2026-07-14 19:19:37.865 DEBUG qt.scenegraph.time.renderloop: [window 0x7f030130be40][gui thread] polishAndSync: start, elapsed since last call: 1 ms
2026-07-14 19:19:37.865 DEBUG qt.scenegraph.time.renderloop: [window 0x7f030130be40][render thread 0x7f0301180040] syncAndRender: start, elapsed since last call: 0 ms
2026-07-14 19:19:37.865 DEBUG qt.scenegraph.time.renderloop: [window 0x7f030130be40][gui thread] Frame prepared, polish=0 ms, lock=0 ms, blockedForSync=0 ms, animations=0 ms
2026-07-14 19:19:37.865 DEBUG qt.scenegraph.time.renderer: time in renderer: total=0ms, preprocess=0, updates=0, rendering=0
2026-07-14 19:19:37.865 DEBUG qt.scenegraph.time.renderloop: [window 0x7f030130be40][render thread 0x7f0301180040] syncAndRender: frame rendered in 0ms, sync=0, render=0, swap=0
2026-07-14 19:19:37.896 DEBUG qt.scenegraph.time.renderloop: [window 0x7f030130be40][gui thread] polishAndSync: start, elapsed since last call: 30 ms
2026-07-14 19:19:37.896 DEBUG qt.scenegraph.time.renderloop: [window 0x7f030130be40][render thread 0x7f0301180040] syncAndRender: start, elapsed since last call: 31 ms
2026-07-14 19:19:37.896 DEBUG qt.scenegraph.time.renderloop: [window 0x7f030130be40][gui thread] Frame prepared, polish=0 ms, lock=0 ms, blockedForSync=0 ms, animations=0 ms
2026-07-14 19:19:37.896 DEBUG qt.scenegraph.time.renderer: time in renderer: total=0ms, preprocess=0, updates=0, rendering=0
2026-07-14 19:19:37.897 DEBUG qt.scenegraph.time.renderloop: [window 0x7f030130be40][render thread 0x7f0301180040] syncAndRender: frame rendered in 0ms, sync=0, render=0, swap=0
2026-07-14 19:19:37.902 DEBUG qt.scenegraph.time.renderloop: [window 0x7f030130be40][gui thread] polishAndSync: start, elapsed since last call: 5 ms
2026-07-14 19:19:37.902 DEBUG qt.scenegraph.time.renderloop: [window 0x7f030130be40][render thread 0x7f0301180040] syncAndRender: start, elapsed since last call: 5 ms
2026-07-14 19:19:37.902 DEBUG qt.scenegraph.time.renderloop: [window 0x7f030130be40][gui thread] Frame prepared, polish=0 ms, lock=0 ms, blockedForSync=0 ms, animations=0 ms
2026-07-14 19:19:37.902 DEBUG qt.scenegraph.time.renderer: time in renderer: total=0ms, preprocess=0, updates=0, rendering=0
2026-07-14 19:19:37.902 DEBUG qt.scenegraph.time.renderloop: [window 0x7f030130be40][render thread 0x7f0301180040] syncAndRender: frame rendered in 0ms, sync=0, render=0, swap=0
2026-07-14 19:19:37.929 DEBUG qt.scenegraph.time.renderloop: [window 0x7f030130be40][gui thread] polishAndSync: start, elapsed since last call: 27 ms
2026-07-14 19:19:37.929 DEBUG qt.scenegraph.time.renderloop: [window 0x7f030130be40][render thread 0x7f0301180040] syncAndRender: start, elapsed since last call: 27 ms
2026-07-14 19:19:37.929 DEBUG qt.scenegraph.time.renderloop: [window 0x7f030130be40][gui thread] Frame prepared, polish=0 ms, lock=0 ms, blockedForSync=0 ms, animations=0 ms
2026-07-14 19:19:37.929 DEBUG qt.scenegraph.time.renderer: time in renderer: total=0ms, preprocess=0, updates=0, rendering=0
2026-07-14 19:19:37.930 DEBUG qt.scenegraph.time.renderloop: [window 0x7f030130be40][render thread 0x7f0301180040] syncAndRender: frame rendered in 0ms, sync=0, render=0, swap=0
2026-07-14 19:19:37.937 DEBUG qt.scenegraph.time.renderloop: [window 0x7f030130be40][gui thread] polishAndSync: start, elapsed since last call: 7 ms
2026-07-14 19:19:37.937 DEBUG qt.scenegraph.time.renderloop: [window 0x7f030130be40][render thread 0x7f0301180040] syncAndRender: start, elapsed since last call: 7 ms
2026-07-14 19:19:37.937 DEBUG qt.scenegraph.time.renderloop: [window 0x7f030130be40][gui thread] Frame prepared, polish=0 ms, lock=0 ms, blockedForSync=0 ms, animations=0 ms
2026-07-14 19:19:37.937 DEBUG qt.scenegraph.time.renderer: time in renderer: total=0ms, preprocess=0, updates=0, rendering=0
2026-07-14 19:19:37.937 DEBUG qt.scenegraph.time.renderloop: [window 0x7f030130be40][render thread 0x7f0301180040] syncAndRender: frame rendered in 0ms, sync=0, render=0, swap=0
2026-07-14 19:19:37.963 DEBUG qt.scenegraph.time.renderloop: [window 0x7f030130be40][gui thread] polishAndSync: start, elapsed since last call: 26 ms
2026-07-14 19:19:37.963 DEBUG qt.scenegraph.time.renderloop: [window 0x7f030130be40][render thread 0x7f0301180040] syncAndRender: start, elapsed since last call: 26 ms
2026-07-14 19:19:37.963 DEBUG qt.scenegraph.time.renderloop: [window 0x7f030130be40][gui thread] Frame prepared, polish=0 ms, lock=0 ms, blockedForSync=0 ms, animations=0 ms
2026-07-14 19:19:37.963 DEBUG qt.scenegraph.time.renderer: time in renderer: total=0ms, preprocess=0, updates=0, rendering=0
2026-07-14 19:19:37.963 DEBUG qt.scenegraph.time.renderloop: [window 0x7f030130be40][render thread 0x7f0301180040] syncAndRender: frame rendered in 0ms, sync=0, render=0, swap=0
2026-07-14 19:19:37.964 DEBUG qt.scenegraph.time.renderloop: [window 0x7f030130be40][gui thread] polishAndSync: start, elapsed since last call: 1 ms
2026-07-14 19:19:37.964 DEBUG qt.scenegraph.time.renderloop: [window 0x7f030130be40][render thread 0x7f0301180040] syncAndRender: start, elapsed since last call: 1 ms
2026-07-14 19:19:37.964 DEBUG qt.scenegraph.time.renderloop: [window 0x7f030130be40][gui thread] Frame prepared, polish=0 ms, lock=0 ms, blockedForSync=0 ms, animations=0 ms
2026-07-14 19:19:37.964 DEBUG qt.scenegraph.time.renderer: time in renderer: total=0ms, preprocess=0, updates=0, rendering=0
2026-07-14 19:19:37.965 DEBUG qt.scenegraph.time.renderloop: [window 0x7f030130be40][render thread 0x7f0301180040] syncAndRender: frame rendered in 0ms, sync=0, render=0, swap=0
2026-07-14 19:19:37.995 DEBUG qt.scenegraph.time.renderloop: [window 0x7f030130be40][gui thread] polishAndSync: start, elapsed since last call: 31 ms
2026-07-14 19:19:37.996 DEBUG qt.scenegraph.time.renderloop: [window 0x7f030130be40][render thread 0x7f0301180040] syncAndRender: start, elapsed since last call: 31 ms
2026-07-14 19:19:37.996 DEBUG qt.scenegraph.time.renderloop: [window 0x7f030130be40][gui thread] Frame prepared, polish=0 ms, lock=0 ms, blockedForSync=0 ms, animations=0 ms
2026-07-14 19:19:37.996 DEBUG qt.scenegraph.time.renderer: time in renderer: total=0ms, preprocess=0, updates=0, rendering=0
2026-07-14 19:19:37.996 DEBUG qt.scenegraph.time.renderloop: [window 0x7f030130be40][render thread 0x7f0301180040] syncAndRender: frame rendered in 0ms, sync=0, render=0, swap=0
2026-07-14 19:19:37.999 DEBUG qt.scenegraph.time.renderloop: [window 0x7f030130be40][gui thread] polishAndSync: start, elapsed since last call: 3 ms
2026-07-14 19:19:37.999 DEBUG qt.scenegraph.time.renderloop: [window 0x7f030130be40][render thread 0x7f0301180040] syncAndRender: start, elapsed since last call: 3 ms
2026-07-14 19:19:37.999 DEBUG qt.scenegraph.time.renderloop: [window 0x7f030130be40][gui thread] Frame prepared, polish=0 ms, lock=0 ms, blockedForSync=0 ms, animations=0 ms
2026-07-14 19:19:37.999 DEBUG qt.scenegraph.time.renderer: time in renderer: total=0ms, preprocess=0, updates=0, rendering=0
2026-07-14 19:19:38.000 DEBUG qt.scenegraph.time.renderloop: [window 0x7f030130be40][render thread 0x7f0301180040] syncAndRender: frame rendered in 0ms, sync=0, render=0, swap=0
2026-07-14 19:19:38.028 DEBUG qt.scenegraph.time.renderloop: [window 0x7f030130be40][gui thread] polishAndSync: start, elapsed since last call: 29 ms
2026-07-14 19:19:38.028 DEBUG qt.scenegraph.time.renderloop: [window 0x7f030130be40][render thread 0x7f0301180040] syncAndRender: start, elapsed since last call: 29 ms
2026-07-14 19:19:38.028 DEBUG qt.scenegraph.time.renderloop: [window 0x7f030130be40][gui thread] Frame prepared, polish=0 ms, lock=0 ms, blockedForSync=0 ms, animations=0 ms
2026-07-14 19:19:38.029 DEBUG qt.scenegraph.time.renderer: time in renderer: total=0ms, preprocess=0, updates=0, rendering=0
2026-07-14 19:19:38.029 DEBUG qt.scenegraph.time.renderloop: [window 0x7f030130be40][render thread 0x7f0301180040] syncAndRender: frame rendered in 0ms, sync=0, render=0, swap=0
2026-07-14 19:19:38.034 DEBUG qt.scenegraph.time.renderloop: [window 0x7f030130be40][gui thread] polishAndSync: start, elapsed since last call: 5 ms
2026-07-14 19:19:38.034 DEBUG qt.scenegraph.time.renderloop: [window 0x7f030130be40][render thread 0x7f0301180040] syncAndRender: start, elapsed since last call: 5 ms
2026-07-14 19:19:38.034 DEBUG qt.scenegraph.time.renderloop: [window 0x7f030130be40][gui thread] Frame prepared, polish=0 ms, lock=0 ms, blockedForSync=0 ms, animations=0 ms
2026-07-14 19:19:38.034 DEBUG qt.scenegraph.time.renderer: time in renderer: total=0ms, preprocess=0, updates=0, rendering=0
2026-07-14 19:19:38.034 DEBUG qt.scenegraph.time.renderloop: [window 0x7f030130be40][render thread 0x7f0301180040] syncAndRender: frame rendered in 0ms, sync=0, render=0, swap=0
2026-07-14 19:19:38.061 DEBUG qt.scenegraph.time.renderloop: [window 0x7f030130be40][gui thread] polishAndSync: start, elapsed since last call: 27 ms
2026-07-14 19:19:38.061 DEBUG qt.scenegraph.time.renderloop: [window 0x7f030130be40][render thread 0x7f0301180040] syncAndRender: start, elapsed since last call: 27 ms
2026-07-14 19:19:38.061 DEBUG qt.scenegraph.time.renderloop: [window 0x7f030130be40][gui thread] Frame prepared, polish=0 ms, lock=0 ms, blockedForSync=0 ms, animations=0 ms
2026-07-14 19:19:38.061 DEBUG qt.scenegraph.time.renderer: time in renderer: total=0ms, preprocess=0, updates=0, rendering=0
2026-07-14 19:19:38.061 DEBUG qt.scenegraph.time.renderloop: [window 0x7f030130be40][render thread 0x7f0301180040] syncAndRender: frame rendered in 0ms, sync=0, render=0, swap=0
2026-07-14 19:19:38.068 DEBUG qt.scenegraph.time.renderloop: [window 0x7f030130be40][gui thread] polishAndSync: start, elapsed since last call: 7 ms
2026-07-14 19:19:38.068 DEBUG qt.scenegraph.time.renderloop: [window 0x7f030130be40][render thread 0x7f0301180040] syncAndRender: start, elapsed since last call: 7 ms
2026-07-14 19:19:38.068 DEBUG qt.scenegraph.time.renderloop: [window 0x7f030130be40][gui thread] Frame prepared, polish=0 ms, lock=0 ms, blockedForSync=0 ms, animations=0 ms
2026-07-14 19:19:38.068 DEBUG qt.scenegraph.time.renderer: time in renderer: total=0ms, preprocess=0, updates=0, rendering=0
2026-07-14 19:19:38.069 DEBUG qt.scenegraph.time.renderloop: [window 0x7f030130be40][render thread 0x7f0301180040] syncAndRender: frame rendered in 0ms, sync=0, render=0, swap=0
2026-07-14 19:19:38.094 DEBUG qt.scenegraph.time.renderloop: [window 0x7f030130be40][gui thread] polishAndSync: start, elapsed since last call: 26 ms
2026-07-14 19:19:38.095 DEBUG qt.scenegraph.time.renderloop: [window 0x7f030130be40][render thread 0x7f0301180040] syncAndRender: start, elapsed since last call: 26 ms
2026-07-14 19:19:38.095 DEBUG qt.scenegraph.time.renderloop: [window 0x7f030130be40][gui thread] Frame prepared, polish=0 ms, lock=0 ms, blockedForSync=0 ms, animations=0 ms
2026-07-14 19:19:38.095 DEBUG qt.scenegraph.time.renderer: time in renderer: total=0ms, preprocess=0, updates=0, rendering=0
2026-07-14 19:19:38.095 DEBUG qt.scenegraph.time.renderloop: [window 0x7f030130be40][render thread 0x7f0301180040] syncAndRender: frame rendered in 0ms, sync=0, render=0, swap=0
2026-07-14 19:19:38.096 DEBUG qt.scenegraph.time.renderloop: [window 0x7f030130be40][gui thread] polishAndSync: start, elapsed since last call: 1 ms
2026-07-14 19:19:38.096 DEBUG qt.scenegraph.time.renderloop: [window 0x7f030130be40][render thread 0x7f0301180040] syncAndRender: start, elapsed since last call: 1 ms
2026-07-14 19:19:38.096 DEBUG qt.scenegraph.time.renderloop: [window 0x7f030130be40][gui thread] Frame prepared, polish=0 ms, lock=0 ms, blockedForSync=0 ms, animations=0 ms
2026-07-14 19:19:38.096 DEBUG qt.scenegraph.time.renderer: time in renderer: total=0ms, preprocess=0, updates=0, rendering=0
2026-07-14 19:19:38.096 DEBUG qt.scenegraph.time.renderloop: [window 0x7f030130be40][render thread 0x7f0301180040] syncAndRender: frame rendered in 0ms, sync=0, render=0, swap=0
2026-07-14 19:19:38.127 DEBUG qt.scenegraph.time.renderloop: [window 0x7f030130be40][gui thread] polishAndSync: start, elapsed since last call: 31 ms
2026-07-14 19:19:38.128 DEBUG qt.scenegraph.time.renderloop: [window 0x7f030130be40][render thread 0x7f0301180040] syncAndRender: start, elapsed since last call: 31 ms
2026-07-14 19:19:38.128 DEBUG qt.scenegraph.time.renderloop: [window 0x7f030130be40][gui thread] Frame prepared, polish=0 ms, lock=0 ms, blockedForSync=0 ms, animations=0 ms
2026-07-14 19:19:38.128 DEBUG qt.scenegraph.time.renderer: time in renderer: total=0ms, preprocess=0, updates=0, rendering=0
2026-07-14 19:19:38.128 DEBUG qt.scenegraph.time.renderloop: [window 0x7f030130be40][render thread 0x7f0301180040] syncAndRender: frame rendered in 0ms, sync=0, render=0, swap=0
2026-07-14 19:19:38.131 DEBUG qt.scenegraph.time.renderloop: [window 0x7f030130be40][gui thread] polishAndSync: start, elapsed since last call: 3 ms
2026-07-14 19:19:38.131 DEBUG qt.scenegraph.time.renderloop: [window 0x7f030130be40][render thread 0x7f0301180040] syncAndRender: start, elapsed since last call: 3 ms
2026-07-14 19:19:38.131 DEBUG qt.scenegraph.time.renderloop: [window 0x7f030130be40][gui thread] Frame prepared, polish=0 ms, lock=0 ms, blockedForSync=0 ms, animations=0 ms
2026-07-14 19:19:38.131 DEBUG qt.scenegraph.time.renderer: time in renderer: total=0ms, preprocess=0, updates=0, rendering=0
2026-07-14 19:19:38.131 DEBUG qt.scenegraph.time.renderloop: [window 0x7f030130be40][render thread 0x7f0301180040] syncAndRender: frame rendered in 0ms, sync=0, render=0, swap=0
2026-07-14 19:19:38.160 DEBUG qt.scenegraph.time.renderloop: [window 0x7f030130be40][gui thread] polishAndSync: start, elapsed since last call: 29 ms
2026-07-14 19:19:38.160 DEBUG qt.scenegraph.time.renderloop: [window 0x7f030130be40][render thread 0x7f0301180040] syncAndRender: start, elapsed since last call: 29 ms
2026-07-14 19:19:38.160 DEBUG qt.scenegraph.time.renderloop: [window 0x7f030130be40][gui thread] Frame prepared, polish=0 ms, lock=0 ms, blockedForSync=0 ms, animations=0 ms
2026-07-14 19:19:38.160 DEBUG qt.scenegraph.time.renderer: time in renderer: total=0ms, preprocess=0, updates=0, rendering=0
2026-07-14 19:19:38.161 DEBUG qt.scenegraph.time.renderloop: [window 0x7f030130be40][render thread 0x7f0301180040] syncAndRender: frame rendered in 0ms, sync=0, render=0, swap=0
2026-07-14 19:19:38.166 DEBUG qt.scenegraph.time.renderloop: [window 0x7f030130be40][gui thread] polishAndSync: start, elapsed since last call: 5 ms
2026-07-14 19:19:38.166 DEBUG qt.scenegraph.time.renderloop: [window 0x7f030130be40][render thread 0x7f0301180040] syncAndRender: start, elapsed since last call: 5 ms
2026-07-14 19:19:38.166 DEBUG qt.scenegraph.time.renderloop: [window 0x7f030130be40][gui thread] Frame prepared, polish=0 ms, lock=0 ms, blockedForSync=0 ms, animations=0 ms
2026-07-14 19:19:38.166 DEBUG qt.scenegraph.time.renderer: time in renderer: total=0ms, preprocess=0, updates=0, rendering=0
2026-07-14 19:19:38.166 DEBUG qt.scenegraph.time.renderloop: [window 0x7f030130be40][render thread 0x7f0301180040] syncAndRender: frame rendered in 0ms, sync=0, render=0, swap=0
2026-07-14 19:19:38.193 DEBUG qt.scenegraph.time.renderloop: [window 0x7f030130be40][gui thread] polishAndSync: start, elapsed since last call: 27 ms
2026-07-14 19:19:38.193 DEBUG qt.scenegraph.time.renderloop: [window 0x7f030130be40][render thread 0x7f0301180040] syncAndRender: start, elapsed since last call: 27 ms
2026-07-14 19:19:38.193 DEBUG qt.scenegraph.time.renderloop: [window 0x7f030130be40][gui thread] Frame prepared, polish=0 ms, lock=0 ms, blockedForSync=0 ms, animations=0 ms
2026-07-14 19:19:38.193 DEBUG qt.scenegraph.time.renderer: time in renderer: total=0ms, preprocess=0, updates=0, rendering=0
2026-07-14 19:19:38.193 DEBUG qt.scenegraph.time.renderloop: [window 0x7f030130be40][render thread 0x7f0301180040] syncAndRender: frame rendered in 0ms, sync=0, render=0, swap=0
2026-07-14 19:19:38.200 DEBUG qt.scenegraph.time.renderloop: [window 0x7f030130be40][gui thread] polishAndSync: start, elapsed since last call: 7 ms
2026-07-14 19:19:38.200 DEBUG qt.scenegraph.time.renderloop: [window 0x7f030130be40][render thread 0x7f0301180040] syncAndRender: start, elapsed since last call: 7 ms
2026-07-14 19:19:38.200 DEBUG qt.scenegraph.time.renderloop: [window 0x7f030130be40][gui thread] Frame prepared, polish=0 ms, lock=0 ms, blockedForSync=0 ms, animations=0 ms
2026-07-14 19:19:38.200 DEBUG qt.scenegraph.time.renderer: time in renderer: total=0ms, preprocess=0, updates=0, rendering=0
2026-07-14 19:19:38.201 DEBUG qt.scenegraph.time.renderloop: [window 0x7f030130be40][render thread 0x7f0301180040] syncAndRender: frame rendered in 0ms, sync=0, render=0, swap=0
2026-07-14 19:19:38.227 DEBUG qt.scenegraph.time.renderloop: [window 0x7f030130be40][gui thread] polishAndSync: start, elapsed since last call: 26 ms
2026-07-14 19:19:38.227 DEBUG qt.scenegraph.time.renderloop: [window 0x7f030130be40][render thread 0x7f0301180040] syncAndRender: start, elapsed since last call: 26 ms
2026-07-14 19:19:38.227 DEBUG qt.scenegraph.time.renderloop: [window 0x7f030130be40][gui thread] Frame prepared, polish=0 ms, lock=0 ms, blockedForSync=0 ms, animations=0 ms
2026-07-14 19:19:38.227 DEBUG qt.scenegraph.time.renderer: time in renderer: total=0ms, preprocess=0, updates=0, rendering=0
2026-07-14 19:19:38.227 DEBUG qt.scenegraph.time.renderloop: [window 0x7f030130be40][render thread 0x7f0301180040] syncAndRender: frame rendered in 0ms, sync=0, render=0, swap=0
2026-07-14 19:19:38.227 DEBUG qt.scenegraph.time.renderloop: [window 0x7f030130be40][gui thread] polishAndSync: start, elapsed since last call: 0 ms
2026-07-14 19:19:38.227 DEBUG qt.scenegraph.time.renderloop: [window 0x7f030130be40][render thread 0x7f0301180040] syncAndRender: start, elapsed since last call: 0 ms
2026-07-14 19:19:38.227 DEBUG qt.scenegraph.time.renderloop: [window 0x7f030130be40][gui thread] Frame prepared, polish=0 ms, lock=0 ms, blockedForSync=0 ms, animations=0 ms
2026-07-14 19:19:38.228 DEBUG qt.scenegraph.time.renderer: time in renderer: total=0ms, preprocess=0, updates=0, rendering=0
2026-07-14 19:19:38.228 DEBUG qt.scenegraph.time.renderloop: [window 0x7f030130be40][render thread 0x7f0301180040] syncAndRender: frame rendered in 0ms, sync=0, render=0, swap=0
2026-07-14 19:19:38.259 DEBUG qt.scenegraph.time.renderloop: [window 0x7f030130be40][gui thread] polishAndSync: start, elapsed since last call: 31 ms
2026-07-14 19:19:38.260 DEBUG qt.scenegraph.time.renderloop: [window 0x7f030130be40][render thread 0x7f0301180040] syncAndRender: start, elapsed since last call: 32 ms
2026-07-14 19:19:38.260 DEBUG qt.scenegraph.time.renderloop: [window 0x7f030130be40][gui thread] Frame prepared, polish=0 ms, lock=0 ms, blockedForSync=0 ms, animations=0 ms
2026-07-14 19:19:38.260 DEBUG qt.scenegraph.time.renderer: time in renderer: total=0ms, preprocess=0, updates=0, rendering=0
2026-07-14 19:19:38.260 DEBUG qt.scenegraph.time.renderloop: [window 0x7f030130be40][render thread 0x7f0301180040] syncAndRender: frame rendered in 0ms, sync=0, render=0, swap=0
2026-07-14 19:19:38.263 DEBUG qt.scenegraph.time.renderloop: [window 0x7f030130be40][gui thread] polishAndSync: start, elapsed since last call: 3 ms
2026-07-14 19:19:38.263 DEBUG qt.scenegraph.time.renderloop: [window 0x7f030130be40][render thread 0x7f0301180040] syncAndRender: start, elapsed since last call: 3 ms
2026-07-14 19:19:38.263 DEBUG qt.scenegraph.time.renderloop: [window 0x7f030130be40][gui thread] Frame prepared, polish=0 ms, lock=0 ms, blockedForSync=0 ms, animations=0 ms
2026-07-14 19:19:38.263 DEBUG qt.scenegraph.time.renderer: time in renderer: total=0ms, preprocess=0, updates=0, rendering=0
2026-07-14 19:19:38.263 DEBUG qt.scenegraph.time.renderloop: [window 0x7f030130be40][render thread 0x7f0301180040] syncAndRender: frame rendered in 0ms, sync=0, render=0, swap=0
2026-07-14 19:19:38.291 DEBUG qt.scenegraph.time.renderloop: [window 0x7f030130be40][gui thread] polishAndSync: start, elapsed since last call: 28 ms
2026-07-14 19:19:38.292 DEBUG qt.scenegraph.time.renderloop: [window 0x7f030130be40][render thread 0x7f0301180040] syncAndRender: start, elapsed since last call: 28 ms
2026-07-14 19:19:38.292 DEBUG qt.scenegraph.time.renderloop: [window 0x7f030130be40][gui thread] Frame prepared, polish=0 ms, lock=0 ms, blockedForSync=0 ms, animations=0 ms
2026-07-14 19:19:38.292 DEBUG qt.scenegraph.time.renderer: time in renderer: total=0ms, preprocess=0, updates=0, rendering=0
2026-07-14 19:19:38.292 DEBUG qt.scenegraph.time.renderloop: [window 0x7f030130be40][render thread 0x7f0301180040] syncAndRender: frame rendered in 0ms, sync=0, render=0, swap=0
2026-07-14 19:19:38.298 DEBUG qt.scenegraph.time.renderloop: [window 0x7f030130be40][gui thread] polishAndSync: start, elapsed since last call: 6 ms
2026-07-14 19:19:38.298 DEBUG qt.scenegraph.time.renderloop: [window 0x7f030130be40][render thread 0x7f0301180040] syncAndRender: start, elapsed since last call: 6 ms
2026-07-14 19:19:38.298 DEBUG qt.scenegraph.time.renderloop: [window 0x7f030130be40][gui thread] Frame prepared, polish=0 ms, lock=0 ms, blockedForSync=0 ms, animations=0 ms
2026-07-14 19:19:38.298 DEBUG qt.scenegraph.time.renderer: time in renderer: total=0ms, preprocess=0, updates=0, rendering=0
2026-07-14 19:19:38.298 DEBUG qt.scenegraph.time.renderloop: [window 0x7f030130be40][render thread 0x7f0301180040] syncAndRender: frame rendered in 0ms, sync=0, render=0, swap=0
2026-07-14 19:19:38.325 DEBUG qt.scenegraph.time.renderloop: [window 0x7f030130be40][gui thread] polishAndSync: start, elapsed since last call: 27 ms
2026-07-14 19:19:38.327 DEBUG qt.scenegraph.time.renderloop: [window 0x7f030130be40][render thread 0x7f0301180040] syncAndRender: start, elapsed since last call: 29 ms
2026-07-14 19:19:38.327 DEBUG qt.scenegraph.time.renderloop: [window 0x7f030130be40][gui thread] Frame prepared, polish=2 ms, lock=0 ms, blockedForSync=0 ms, animations=0 ms
2026-07-14 19:19:38.327 DEBUG qt.scenegraph.time.renderer: time in renderer: total=0ms, preprocess=0, updates=0, rendering=0
2026-07-14 19:19:38.328 DEBUG qt.scenegraph.time.renderloop: [window 0x7f030130be40][render thread 0x7f0301180040] syncAndRender: frame rendered in 0ms, sync=0, render=0, swap=0
2026-07-14 19:19:38.333 DEBUG qt.scenegraph.time.renderloop: [window 0x7f030130be40][gui thread] polishAndSync: start, elapsed since last call: 7 ms
2026-07-14 19:19:38.333 DEBUG qt.scenegraph.time.renderloop: [window 0x7f030130be40][render thread 0x7f0301180040] syncAndRender: start, elapsed since last call: 5 ms
2026-07-14 19:19:38.333 DEBUG qt.scenegraph.time.renderloop: [window 0x7f030130be40][gui thread] Frame prepared, polish=0 ms, lock=0 ms, blockedForSync=0 ms, animations=0 ms
2026-07-14 19:19:38.333 DEBUG qt.scenegraph.time.renderer: time in renderer: total=0ms, preprocess=0, updates=0, rendering=0
2026-07-14 19:19:38.333 DEBUG qt.scenegraph.time.renderloop: [window 0x7f030130be40][render thread 0x7f0301180040] syncAndRender: frame rendered in 0ms, sync=0, render=0, swap=0
2026-07-14 19:19:38.359 DEBUG qt.scenegraph.time.renderloop: [window 0x7f030130be40][gui thread] polishAndSync: start, elapsed since last call: 26 ms
2026-07-14 19:19:38.359 DEBUG qt.scenegraph.time.renderloop: [window 0x7f030130be40][render thread 0x7f0301180040] syncAndRender: start, elapsed since last call: 26 ms
2026-07-14 19:19:38.359 DEBUG qt.scenegraph.time.renderloop: [window 0x7f030130be40][gui thread] Frame prepared, polish=0 ms, lock=0 ms, blockedForSync=0 ms, animations=0 ms
2026-07-14 19:19:38.359 DEBUG qt.scenegraph.time.renderer: time in renderer: total=0ms, preprocess=0, updates=0, rendering=0
2026-07-14 19:19:38.359 DEBUG qt.scenegraph.time.renderloop: [window 0x7f030130be40][render thread 0x7f0301180040] syncAndRender: frame rendered in 0ms, sync=0, render=0, swap=0
2026-07-14 19:19:38.360 DEBUG qt.scenegraph.time.renderloop: [window 0x7f030130be40][gui thread] polishAndSync: start, elapsed since last call: 1 ms
2026-07-14 19:19:38.360 DEBUG qt.scenegraph.time.renderloop: [window 0x7f030130be40][render thread 0x7f0301180040] syncAndRender: start, elapsed since last call: 1 ms
2026-07-14 19:19:38.360 DEBUG qt.scenegraph.time.renderloop: [window 0x7f030130be40][gui thread] Frame prepared, polish=0 ms, lock=0 ms, blockedForSync=0 ms, animations=0 ms
2026-07-14 19:19:38.360 DEBUG qt.scenegraph.time.renderer: time in renderer: total=0ms, preprocess=0, updates=0, rendering=0
2026-07-14 19:19:38.361 DEBUG qt.scenegraph.time.renderloop: [window 0x7f030130be40][render thread 0x7f0301180040] syncAndRender: frame rendered in 0ms, sync=0, render=0, swap=0
2026-07-14 19:19:38.391 DEBUG qt.scenegraph.time.renderloop: [window 0x7f030130be40][gui thread] polishAndSync: start, elapsed since last call: 31 ms
2026-07-14 19:19:38.392 DEBUG qt.scenegraph.time.renderloop: [window 0x7f030130be40][render thread 0x7f0301180040] syncAndRender: start, elapsed since last call: 31 ms
2026-07-14 19:19:38.392 DEBUG qt.scenegraph.time.renderloop: [window 0x7f030130be40][gui thread] Frame prepared, polish=0 ms, lock=0 ms, blockedForSync=0 ms, animations=0 ms
2026-07-14 19:19:38.392 DEBUG qt.scenegraph.time.renderer: time in renderer: total=0ms, preprocess=0, updates=0, rendering=0
2026-07-14 19:19:38.392 DEBUG qt.scenegraph.time.renderloop: [window 0x7f030130be40][render thread 0x7f0301180040] syncAndRender: frame rendered in 0ms, sync=0, render=0, swap=0
2026-07-14 19:19:38.395 DEBUG qt.scenegraph.time.renderloop: [window 0x7f030130be40][gui thread] polishAndSync: start, elapsed since last call: 3 ms
2026-07-14 19:19:38.395 DEBUG qt.scenegraph.time.renderloop: [window 0x7f030130be40][render thread 0x7f0301180040] syncAndRender: start, elapsed since last call: 3 ms
2026-07-14 19:19:38.395 DEBUG qt.scenegraph.time.renderloop: [window 0x7f030130be40][gui thread] Frame prepared, polish=0 ms, lock=0 ms, blockedForSync=0 ms, animations=0 ms
2026-07-14 19:19:38.395 DEBUG qt.scenegraph.time.renderer: time in renderer: total=0ms, preprocess=0, updates=0, rendering=0
2026-07-14 19:19:38.396 DEBUG qt.scenegraph.time.renderloop: [window 0x7f030130be40][render thread 0x7f0301180040] syncAndRender: frame rendered in 0ms, sync=0, render=0, swap=0
2026-07-14 19:19:38.424 DEBUG qt.scenegraph.time.renderloop: [window 0x7f030130be40][gui thread] polishAndSync: start, elapsed since last call: 29 ms
2026-07-14 19:19:38.425 DEBUG qt.scenegraph.time.renderloop: [window 0x7f030130be40][render thread 0x7f0301180040] syncAndRender: start, elapsed since last call: 29 ms
2026-07-14 19:19:38.425 DEBUG qt.scenegraph.time.renderloop: [window 0x7f030130be40][gui thread] Frame prepared, polish=0 ms, lock=0 ms, blockedForSync=0 ms, animations=0 ms
2026-07-14 19:19:38.425 DEBUG qt.scenegraph.time.renderer: time in renderer: total=0ms, preprocess=0, updates=0, rendering=0
2026-07-14 19:19:38.425 DEBUG qt.scenegraph.time.renderloop: [window 0x7f030130be40][render thread 0x7f0301180040] syncAndRender: frame rendered in 0ms, sync=0, render=0, swap=0
2026-07-14 19:19:38.430 DEBUG qt.scenegraph.time.renderloop: [window 0x7f030130be40][gui thread] polishAndSync: start, elapsed since last call: 5 ms
2026-07-14 19:19:38.430 DEBUG qt.scenegraph.time.renderloop: [window 0x7f030130be40][render thread 0x7f0301180040] syncAndRender: start, elapsed since last call: 5 ms
2026-07-14 19:19:38.430 DEBUG qt.scenegraph.time.renderloop: [window 0x7f030130be40][gui thread] Frame prepared, polish=0 ms, lock=0 ms, blockedForSync=0 ms, animations=0 ms
2026-07-14 19:19:38.430 DEBUG qt.scenegraph.time.renderer: time in renderer: total=0ms, preprocess=0, updates=0, rendering=0
2026-07-14 19:19:38.430 DEBUG qt.scenegraph.time.renderloop: [window 0x7f030130be40][render thread 0x7f0301180040] syncAndRender: frame rendered in 0ms, sync=0, render=0, swap=0
2026-07-14 19:19:38.457 DEBUG qt.scenegraph.time.renderloop: [window 0x7f030130be40][gui thread] polishAndSync: start, elapsed since last call: 27 ms
2026-07-14 19:19:38.457 DEBUG qt.scenegraph.time.renderloop: [window 0x7f030130be40][render thread 0x7f0301180040] syncAndRender: start, elapsed since last call: 27 ms
2026-07-14 19:19:38.458 DEBUG qt.scenegraph.time.renderloop: [window 0x7f030130be40][gui thread] Frame prepared, polish=0 ms, lock=0 ms, blockedForSync=0 ms, animations=0 ms
2026-07-14 19:19:38.458 DEBUG qt.scenegraph.time.renderer: time in renderer: total=0ms, preprocess=0, updates=0, rendering=0
2026-07-14 19:19:38.458 DEBUG qt.scenegraph.time.renderloop: [window 0x7f030130be40][render thread 0x7f0301180040] syncAndRender: frame rendered in 0ms, sync=0, render=0, swap=0
2026-07-14 19:19:38.458 DEBUG qt.scenegraph.time.renderloop: [window 0x7f030130be40][gui thread] polishAndSync: start, elapsed since last call: 1 ms
2026-07-14 19:19:38.458 DEBUG qt.scenegraph.time.renderloop: [window 0x7f030130be40][render thread 0x7f0301180040] syncAndRender: start, elapsed since last call: 0 ms
2026-07-14 19:19:38.458 DEBUG qt.scenegraph.time.renderloop: [window 0x7f030130be40][gui thread] Frame prepared, polish=0 ms, lock=0 ms, blockedForSync=0 ms, animations=0 ms
2026-07-14 19:19:38.458 DEBUG qt.scenegraph.time.renderer: time in renderer: total=0ms, preprocess=0, updates=0, rendering=0
2026-07-14 19:19:38.459 DEBUG qt.scenegraph.time.renderloop: [window 0x7f030130be40][render thread 0x7f0301180040] syncAndRender: frame rendered in 0ms, sync=0, render=0, swap=0
2026-07-14 19:19:38.491 DEBUG qt.scenegraph.time.renderloop: [window 0x7f030130be40][gui thread] polishAndSync: start, elapsed since last call: 32 ms
2026-07-14 19:19:38.491 DEBUG qt.scenegraph.time.renderloop: [window 0x7f030130be40][render thread 0x7f0301180040] syncAndRender: start, elapsed since last call: 32 ms
2026-07-14 19:19:38.491 DEBUG qt.scenegraph.time.renderloop: [window 0x7f030130be40][gui thread] Frame prepared, polish=0 ms, lock=0 ms, blockedForSync=0 ms, animations=0 ms
2026-07-14 19:19:38.491 DEBUG qt.scenegraph.time.renderer: time in renderer: total=0ms, preprocess=0, updates=0, rendering=0
2026-07-14 19:19:38.491 DEBUG qt.scenegraph.time.renderloop: [window 0x7f030130be40][render thread 0x7f0301180040] syncAndRender: frame rendered in 0ms, sync=0, render=0, swap=0
2026-07-14 19:19:38.492 DEBUG qt.scenegraph.time.renderloop: [window 0x7f030130be40][gui thread] polishAndSync: start, elapsed since last call: 1 ms
2026-07-14 19:19:38.492 DEBUG qt.scenegraph.time.renderloop: [window 0x7f030130be40][render thread 0x7f0301180040] syncAndRender: start, elapsed since last call: 1 ms
2026-07-14 19:19:38.492 DEBUG qt.scenegraph.time.renderloop: [window 0x7f030130be40][gui thread] Frame prepared, polish=0 ms, lock=0 ms, blockedForSync=0 ms, animations=0 ms
2026-07-14 19:19:38.492 DEBUG qt.scenegraph.time.renderer: time in renderer: total=0ms, preprocess=0, updates=0, rendering=0
2026-07-14 19:19:38.493 DEBUG qt.scenegraph.time.renderloop: [window 0x7f030130be40][render thread 0x7f0301180040] syncAndRender: frame rendered in 0ms, sync=0, render=0, swap=0
2026-07-14 19:19:38.523 DEBUG qt.scenegraph.time.renderloop: [window 0x7f030130be40][gui thread] polishAndSync: start, elapsed since last call: 31 ms
2026-07-14 19:19:38.524 DEBUG qt.scenegraph.time.renderloop: [window 0x7f030130be40][render thread 0x7f0301180040] syncAndRender: start, elapsed since last call: 31 ms
2026-07-14 19:19:38.524 DEBUG qt.scenegraph.time.renderloop: [window 0x7f030130be40][gui thread] Frame prepared, polish=0 ms, lock=0 ms, blockedForSync=0 ms, animations=0 ms
2026-07-14 19:19:38.524 DEBUG qt.scenegraph.time.renderer: time in renderer: total=0ms, preprocess=0, updates=0, rendering=0
2026-07-14 19:19:38.524 DEBUG qt.scenegraph.time.renderloop: [window 0x7f030130be40][render thread 0x7f0301180040] syncAndRender: frame rendered in 0ms, sync=0, render=0, swap=0
2026-07-14 19:19:38.527 DEBUG qt.scenegraph.time.renderloop: [window 0x7f030130be40][gui thread] polishAndSync: start, elapsed since last call: 3 ms
2026-07-14 19:19:38.527 DEBUG qt.scenegraph.time.renderloop: [window 0x7f030130be40][render thread 0x7f0301180040] syncAndRender: start, elapsed since last call: 3 ms
2026-07-14 19:19:38.527 DEBUG qt.scenegraph.time.renderloop: [window 0x7f030130be40][gui thread] Frame prepared, polish=0 ms, lock=0 ms, blockedForSync=0 ms, animations=0 ms
2026-07-14 19:19:38.527 DEBUG qt.scenegraph.time.renderer: time in renderer: total=0ms, preprocess=0, updates=0, rendering=0
2026-07-14 19:19:38.527 DEBUG qt.scenegraph.time.renderloop: [window 0x7f030130be40][render thread 0x7f0301180040] syncAndRender: frame rendered in 0ms, sync=0, render=0, swap=0
2026-07-14 19:19:38.556 DEBUG qt.scenegraph.time.renderloop: [window 0x7f030130be40][gui thread] polishAndSync: start, elapsed since last call: 29 ms
2026-07-14 19:19:38.557 DEBUG qt.scenegraph.time.renderloop: [window 0x7f030130be40][render thread 0x7f0301180040] syncAndRender: start, elapsed since last call: 29 ms
2026-07-14 19:19:38.557 DEBUG qt.scenegraph.time.renderloop: [window 0x7f030130be40][gui thread] Frame prepared, polish=0 ms, lock=0 ms, blockedForSync=0 ms, animations=0 ms
2026-07-14 19:19:38.557 DEBUG qt.scenegraph.time.renderer: time in renderer: total=0ms, preprocess=0, updates=0, rendering=0
2026-07-14 19:19:38.557 DEBUG qt.scenegraph.time.renderloop: [window 0x7f030130be40][render thread 0x7f0301180040] syncAndRender: frame rendered in 0ms, sync=0, render=0, swap=0
2026-07-14 19:19:38.562 DEBUG qt.scenegraph.time.renderloop: [window 0x7f030130be40][gui thread] polishAndSync: start, elapsed since last call: 5 ms
2026-07-14 19:19:38.562 DEBUG qt.scenegraph.time.renderloop: [window 0x7f030130be40][render thread 0x7f0301180040] syncAndRender: start, elapsed since last call: 5 ms
2026-07-14 19:19:38.562 DEBUG qt.scenegraph.time.renderloop: [window 0x7f030130be40][gui thread] Frame prepared, polish=0 ms, lock=0 ms, blockedForSync=0 ms, animations=0 ms
2026-07-14 19:19:38.562 DEBUG qt.scenegraph.time.renderer: time in renderer: total=0ms, preprocess=0, updates=0, rendering=0
2026-07-14 19:19:38.562 DEBUG qt.scenegraph.time.renderloop: [window 0x7f030130be40][render thread 0x7f0301180040] syncAndRender: frame rendered in 0ms, sync=0, render=0, swap=0
2026-07-14 19:19:38.589 DEBUG qt.scenegraph.time.renderloop: [window 0x7f030130be40][gui thread] polishAndSync: start, elapsed since last call: 27 ms
2026-07-14 19:19:38.589 DEBUG qt.scenegraph.time.renderloop: [window 0x7f030130be40][render thread 0x7f0301180040] syncAndRender: start, elapsed since last call: 27 ms
2026-07-14 19:19:38.589 DEBUG qt.scenegraph.time.renderloop: [window 0x7f030130be40][gui thread] Frame prepared, polish=0 ms, lock=0 ms, blockedForSync=0 ms, animations=0 ms
2026-07-14 19:19:38.589 DEBUG qt.scenegraph.time.renderer: time in renderer: total=0ms, preprocess=0, updates=0, rendering=0
2026-07-14 19:19:38.590 DEBUG qt.scenegraph.time.renderloop: [window 0x7f030130be40][render thread 0x7f0301180040] syncAndRender: frame rendered in 0ms, sync=0, render=0, swap=0
2026-07-14 19:19:38.597 DEBUG qt.scenegraph.time.renderloop: [window 0x7f030130be40][gui thread] polishAndSync: start, elapsed since last call: 7 ms
2026-07-14 19:19:38.597 DEBUG qt.scenegraph.time.renderloop: [window 0x7f030130be40][render thread 0x7f0301180040] syncAndRender: start, elapsed since last call: 7 ms
2026-07-14 19:19:38.597 DEBUG qt.scenegraph.time.renderloop: [window 0x7f030130be40][gui thread] Frame prepared, polish=0 ms, lock=0 ms, blockedForSync=0 ms, animations=0 ms
2026-07-14 19:19:38.597 DEBUG qt.scenegraph.time.renderer: time in renderer: total=0ms, preprocess=0, updates=0, rendering=0
2026-07-14 19:19:38.597 DEBUG qt.scenegraph.time.renderloop: [window 0x7f030130be40][render thread 0x7f0301180040] syncAndRender: frame rendered in 0ms, sync=0, render=0, swap=0
2026-07-14 19:19:38.623 DEBUG qt.scenegraph.time.renderloop: [window 0x7f030130be40][gui thread] polishAndSync: start, elapsed since last call: 26 ms
2026-07-14 19:19:38.623 DEBUG qt.scenegraph.time.renderloop: [window 0x7f030130be40][render thread 0x7f0301180040] syncAndRender: start, elapsed since last call: 26 ms
2026-07-14 19:19:38.623 DEBUG qt.scenegraph.time.renderloop: [window 0x7f030130be40][gui thread] Frame prepared, polish=0 ms, lock=0 ms, blockedForSync=0 ms, animations=0 ms
2026-07-14 19:19:38.623 DEBUG qt.scenegraph.time.renderer: time in renderer: total=0ms, preprocess=0, updates=0, rendering=0
2026-07-14 19:19:38.623 DEBUG qt.scenegraph.time.renderloop: [window 0x7f030130be40][render thread 0x7f0301180040] syncAndRender: frame rendered in 0ms, sync=0, render=0, swap=0
2026-07-14 19:19:38.625 DEBUG qt.scenegraph.time.renderloop: [window 0x7f030130be40][gui thread] polishAndSync: start, elapsed since last call: 1 ms
2026-07-14 19:19:38.625 DEBUG qt.scenegraph.time.renderloop: [window 0x7f030130be40][render thread 0x7f0301180040] syncAndRender: start, elapsed since last call: 1 ms
2026-07-14 19:19:38.625 DEBUG qt.scenegraph.time.renderloop: [window 0x7f030130be40][gui thread] Frame prepared, polish=0 ms, lock=0 ms, blockedForSync=0 ms, animations=0 ms
2026-07-14 19:19:38.625 DEBUG qt.scenegraph.time.renderer: time in renderer: total=0ms, preprocess=0, updates=0, rendering=0
2026-07-14 19:19:38.625 DEBUG qt.scenegraph.time.renderloop: [window 0x7f030130be40][render thread 0x7f0301180040] syncAndRender: frame rendered in 0ms, sync=0, render=0, swap=0
2026-07-14 19:19:38.655 DEBUG qt.scenegraph.time.renderloop: [window 0x7f030130be40][gui thread] polishAndSync: start, elapsed since last call: 30 ms
2026-07-14 19:19:38.656 DEBUG qt.scenegraph.time.renderloop: [window 0x7f030130be40][render thread 0x7f0301180040] syncAndRender: start, elapsed since last call: 31 ms
2026-07-14 19:19:38.656 DEBUG qt.scenegraph.time.renderloop: [window 0x7f030130be40][gui thread] Frame prepared, polish=0 ms, lock=0 ms, blockedForSync=0 ms, animations=0 ms
2026-07-14 19:19:38.656 DEBUG qt.scenegraph.time.renderer: time in renderer: total=0ms, preprocess=0, updates=0, rendering=0
2026-07-14 19:19:38.656 DEBUG qt.scenegraph.time.renderloop: [window 0x7f030130be40][render thread 0x7f0301180040] syncAndRender: frame rendered in 0ms, sync=0, render=0, swap=0
2026-07-14 19:19:38.659 DEBUG qt.scenegraph.time.renderloop: [window 0x7f030130be40][gui thread] polishAndSync: start, elapsed since last call: 3 ms
2026-07-14 19:19:38.659 DEBUG qt.scenegraph.time.renderloop: [window 0x7f030130be40][render thread 0x7f0301180040] syncAndRender: start, elapsed since last call: 3 ms
2026-07-14 19:19:38.659 DEBUG qt.scenegraph.time.renderloop: [window 0x7f030130be40][gui thread] Frame prepared, polish=0 ms, lock=0 ms, blockedForSync=0 ms, animations=0 ms
2026-07-14 19:19:38.659 DEBUG qt.scenegraph.time.renderer: time in renderer: total=0ms, preprocess=0, updates=0, rendering=0
2026-07-14 19:19:38.660 DEBUG qt.scenegraph.time.renderloop: [window 0x7f030130be40][render thread 0x7f0301180040] syncAndRender: frame rendered in 0ms, sync=0, render=0, swap=0
2026-07-14 19:19:38.688 DEBUG qt.scenegraph.time.renderloop: [window 0x7f030130be40][gui thread] polishAndSync: start, elapsed since last call: 29 ms
2026-07-14 19:19:38.689 DEBUG qt.scenegraph.time.renderloop: [window 0x7f030130be40][render thread 0x7f0301180040] syncAndRender: start, elapsed since last call: 29 ms
2026-07-14 19:19:38.689 DEBUG qt.scenegraph.time.renderloop: [window 0x7f030130be40][gui thread] Frame prepared, polish=0 ms, lock=0 ms, blockedForSync=0 ms, animations=0 ms
2026-07-14 19:19:38.689 DEBUG qt.scenegraph.time.renderer: time in renderer: total=0ms, preprocess=0, updates=0, rendering=0
2026-07-14 19:19:38.689 DEBUG qt.scenegraph.time.renderloop: [window 0x7f030130be40][render thread 0x7f0301180040] syncAndRender: frame rendered in 0ms, sync=0, render=0, swap=0
2026-07-14 19:19:38.694 DEBUG qt.scenegraph.time.renderloop: [window 0x7f030130be40][gui thread] polishAndSync: start, elapsed since last call: 5 ms
2026-07-14 19:19:38.694 DEBUG qt.scenegraph.time.renderloop: [window 0x7f030130be40][render thread 0x7f0301180040] syncAndRender: start, elapsed since last call: 5 ms
2026-07-14 19:19:38.694 DEBUG qt.scenegraph.time.renderloop: [window 0x7f030130be40][gui thread] Frame prepared, polish=0 ms, lock=0 ms, blockedForSync=0 ms, animations=0 ms
2026-07-14 19:19:38.694 DEBUG qt.scenegraph.time.renderer: time in renderer: total=0ms, preprocess=0, updates=0, rendering=0
2026-07-14 19:19:38.694 DEBUG qt.scenegraph.time.renderloop: [window 0x7f030130be40][render thread 0x7f0301180040] syncAndRender: frame rendered in 0ms, sync=0, render=0, swap=0
2026-07-14 19:19:38.721 DEBUG qt.scenegraph.time.renderloop: [window 0x7f030130be40][gui thread] polishAndSync: start, elapsed since last call: 27 ms
2026-07-14 19:19:38.721 DEBUG qt.scenegraph.time.renderloop: [window 0x7f030130be40][render thread 0x7f0301180040] syncAndRender: start, elapsed since last call: 27 ms
2026-07-14 19:19:38.721 DEBUG qt.scenegraph.time.renderloop: [window 0x7f030130be40][gui thread] Frame prepared, polish=0 ms, lock=0 ms, blockedForSync=0 ms, animations=0 ms
2026-07-14 19:19:38.721 DEBUG qt.scenegraph.time.renderer: time in renderer: total=0ms, preprocess=0, updates=0, rendering=0
2026-07-14 19:19:38.722 DEBUG qt.scenegraph.time.renderloop: [window 0x7f030130be40][render thread 0x7f0301180040] syncAndRender: frame rendered in 0ms, sync=0, render=0, swap=0
2026-07-14 19:19:38.729 DEBUG qt.scenegraph.time.renderloop: [window 0x7f030130be40][gui thread] polishAndSync: start, elapsed since last call: 7 ms
2026-07-14 19:19:38.729 DEBUG qt.scenegraph.time.renderloop: [window 0x7f030130be40][render thread 0x7f0301180040] syncAndRender: start, elapsed since last call: 7 ms
2026-07-14 19:19:38.729 DEBUG qt.scenegraph.time.renderloop: [window 0x7f030130be40][gui thread] Frame prepared, polish=0 ms, lock=0 ms, blockedForSync=0 ms, animations=0 ms
2026-07-14 19:19:38.729 DEBUG qt.scenegraph.time.renderer: time in renderer: total=0ms, preprocess=0, updates=0, rendering=0
2026-07-14 19:19:38.729 DEBUG qt.scenegraph.time.renderloop: [window 0x7f030130be40][render thread 0x7f0301180040] syncAndRender: frame rendered in 0ms, sync=0, render=0, swap=0
2026-07-14 19:19:38.755 DEBUG qt.scenegraph.time.renderloop: [window 0x7f030130be40][gui thread] polishAndSync: start, elapsed since last call: 26 ms
2026-07-14 19:19:38.755 DEBUG qt.scenegraph.time.renderloop: [window 0x7f030130be40][render thread 0x7f0301180040] syncAndRender: start, elapsed since last call: 26 ms
2026-07-14 19:19:38.755 DEBUG qt.scenegraph.time.renderloop: [window 0x7f030130be40][gui thread] Frame prepared, polish=0 ms, lock=0 ms, blockedForSync=0 ms, animations=0 ms
2026-07-14 19:19:38.755 DEBUG qt.scenegraph.time.renderer: time in renderer: total=0ms, preprocess=0, updates=0, rendering=0
2026-07-14 19:19:38.756 DEBUG qt.scenegraph.time.renderloop: [window 0x7f030130be40][render thread 0x7f0301180040] syncAndRender: frame rendered in 0ms, sync=0, render=0, swap=0
2026-07-14 19:19:38.756 DEBUG qt.scenegraph.time.renderloop: [window 0x7f030130be40][gui thread] polishAndSync: start, elapsed since last call: 1 ms
2026-07-14 19:19:38.756 DEBUG qt.scenegraph.time.renderloop: [window 0x7f030130be40][render thread 0x7f0301180040] syncAndRender: start, elapsed since last call: 1 ms
2026-07-14 19:19:38.757 DEBUG qt.scenegraph.time.renderloop: [window 0x7f030130be40][gui thread] Frame prepared, polish=0 ms, lock=0 ms, blockedForSync=0 ms, animations=0 ms
2026-07-14 19:19:38.757 DEBUG qt.scenegraph.time.renderer: time in renderer: total=0ms, preprocess=0, updates=0, rendering=0
2026-07-14 19:19:38.757 DEBUG qt.scenegraph.time.renderloop: [window 0x7f030130be40][render thread 0x7f0301180040] syncAndRender: frame rendered in 0ms, sync=0, render=0, swap=0
2026-07-14 19:19:38.788 DEBUG qt.scenegraph.time.renderloop: [window 0x7f030130be40][gui thread] polishAndSync: start, elapsed since last call: 31 ms
2026-07-14 19:19:38.788 DEBUG qt.scenegraph.time.renderloop: [window 0x7f030130be40][render thread 0x7f0301180040] syncAndRender: start, elapsed since last call: 31 ms
2026-07-14 19:19:38.788 DEBUG qt.scenegraph.time.renderloop: [window 0x7f030130be40][gui thread] Frame prepared, polish=0 ms, lock=0 ms, blockedForSync=0 ms, animations=0 ms
2026-07-14 19:19:38.788 DEBUG qt.scenegraph.time.renderer: time in renderer: total=0ms, preprocess=0, updates=0, rendering=0
2026-07-14 19:19:38.788 DEBUG qt.scenegraph.time.renderloop: [window 0x7f030130be40][render thread 0x7f0301180040] syncAndRender: frame rendered in 0ms, sync=0, render=0, swap=0
2026-07-14 19:19:38.791 DEBUG qt.scenegraph.time.renderloop: [window 0x7f030130be40][gui thread] polishAndSync: start, elapsed since last call: 3 ms
2026-07-14 19:19:38.791 DEBUG qt.scenegraph.time.renderloop: [window 0x7f030130be40][render thread 0x7f0301180040] syncAndRender: start, elapsed since last call: 3 ms
2026-07-14 19:19:38.791 DEBUG qt.scenegraph.time.renderloop: [window 0x7f030130be40][gui thread] Frame prepared, polish=0 ms, lock=0 ms, blockedForSync=0 ms, animations=0 ms
2026-07-14 19:19:38.791 DEBUG qt.scenegraph.time.renderer: time in renderer: total=0ms, preprocess=0, updates=0, rendering=0
2026-07-14 19:19:38.792 DEBUG qt.scenegraph.time.renderloop: [window 0x7f030130be40][render thread 0x7f0301180040] syncAndRender: frame rendered in 0ms, sync=0, render=0, swap=0
2026-07-14 19:19:38.820 DEBUG qt.scenegraph.time.renderloop: [window 0x7f030130be40][gui thread] polishAndSync: start, elapsed since last call: 28 ms
2026-07-14 19:19:38.820 DEBUG qt.scenegraph.time.renderloop: [window 0x7f030130be40][render thread 0x7f0301180040] syncAndRender: start, elapsed since last call: 28 ms
2026-07-14 19:19:38.820 DEBUG qt.scenegraph.time.renderloop: [window 0x7f030130be40][gui thread] Frame prepared, polish=0 ms, lock=0 ms, blockedForSync=0 ms, animations=0 ms
2026-07-14 19:19:38.820 DEBUG qt.scenegraph.time.renderer: time in renderer: total=0ms, preprocess=0, updates=0, rendering=0
2026-07-14 19:19:38.820 DEBUG qt.scenegraph.time.renderloop: [window 0x7f030130be40][render thread 0x7f0301180040] syncAndRender: frame rendered in 0ms, sync=0, render=0, swap=0
2026-07-14 19:19:38.826 DEBUG qt.scenegraph.time.renderloop: [window 0x7f030130be40][gui thread] polishAndSync: start, elapsed since last call: 6 ms
2026-07-14 19:19:38.826 DEBUG qt.scenegraph.time.renderloop: [window 0x7f030130be40][render thread 0x7f0301180040] syncAndRender: start, elapsed since last call: 5 ms
2026-07-14 19:19:38.826 DEBUG qt.scenegraph.time.renderloop: [window 0x7f030130be40][gui thread] Frame prepared, polish=0 ms, lock=0 ms, blockedForSync=0 ms, animations=0 ms
2026-07-14 19:19:38.826 DEBUG qt.scenegraph.time.renderer: time in renderer: total=0ms, preprocess=0, updates=0, rendering=0
2026-07-14 19:19:38.826 DEBUG qt.scenegraph.time.renderloop: [window 0x7f030130be40][render thread 0x7f0301180040] syncAndRender: frame rendered in 0ms, sync=0, render=0, swap=0
2026-07-14 19:19:38.853 DEBUG qt.scenegraph.time.renderloop: [window 0x7f030130be40][gui thread] polishAndSync: start, elapsed since last call: 27 ms
2026-07-14 19:19:38.853 DEBUG qt.scenegraph.time.renderloop: [window 0x7f030130be40][render thread 0x7f0301180040] syncAndRender: start, elapsed since last call: 27 ms
2026-07-14 19:19:38.853 DEBUG qt.scenegraph.time.renderloop: [window 0x7f030130be40][gui thread] Frame prepared, polish=0 ms, lock=0 ms, blockedForSync=0 ms, animations=0 ms
2026-07-14 19:19:38.853 DEBUG qt.scenegraph.time.renderer: time in renderer: total=0ms, preprocess=0, updates=0, rendering=0
2026-07-14 19:19:38.854 DEBUG qt.scenegraph.time.renderloop: [window 0x7f030130be40][render thread 0x7f0301180040] syncAndRender: frame rendered in 0ms, sync=0, render=0, swap=0
2026-07-14 19:19:38.861 DEBUG qt.scenegraph.time.renderloop: [window 0x7f030130be40][gui thread] polishAndSync: start, elapsed since last call: 7 ms
2026-07-14 19:19:38.861 DEBUG qt.scenegraph.time.renderloop: [window 0x7f030130be40][render thread 0x7f0301180040] syncAndRender: start, elapsed since last call: 7 ms
2026-07-14 19:19:38.861 DEBUG qt.scenegraph.time.renderloop: [window 0x7f030130be40][gui thread] Frame prepared, polish=0 ms, lock=0 ms, blockedForSync=0 ms, animations=0 ms
2026-07-14 19:19:38.861 DEBUG qt.scenegraph.time.renderer: time in renderer: total=0ms, preprocess=0, updates=0, rendering=0
2026-07-14 19:19:38.861 DEBUG qt.scenegraph.time.renderloop: [window 0x7f030130be40][render thread 0x7f0301180040] syncAndRender: frame rendered in 0ms, sync=0, render=0, swap=0
2026-07-14 19:19:38.886 DEBUG qt.scenegraph.time.renderloop: [window 0x7f030130be40][gui thread] polishAndSync: start, elapsed since last call: 25 ms
2026-07-14 19:19:38.886 DEBUG qt.scenegraph.time.renderloop: [window 0x7f030130be40][render thread 0x7f0301180040] syncAndRender: start, elapsed since last call: 25 ms
2026-07-14 19:19:38.886 DEBUG qt.scenegraph.time.renderloop: [window 0x7f030130be40][gui thread] Frame prepared, polish=0 ms, lock=0 ms, blockedForSync=0 ms, animations=0 ms
2026-07-14 19:19:38.886 DEBUG qt.scenegraph.time.renderer: time in renderer: total=0ms, preprocess=0, updates=0, rendering=0
2026-07-14 19:19:38.886 DEBUG qt.scenegraph.time.renderloop: [window 0x7f030130be40][render thread 0x7f0301180040] syncAndRender: frame rendered in 0ms, sync=0, render=0, swap=0
2026-07-14 19:19:38.888 DEBUG qt.scenegraph.time.renderloop: [window 0x7f030130be40][gui thread] polishAndSync: start, elapsed since last call: 2 ms
2026-07-14 19:19:38.889 DEBUG qt.scenegraph.time.renderloop: [window 0x7f030130be40][render thread 0x7f0301180040] syncAndRender: start, elapsed since last call: 2 ms
2026-07-14 19:19:38.889 DEBUG qt.scenegraph.time.renderloop: [window 0x7f030130be40][gui thread] Frame prepared, polish=0 ms, lock=0 ms, blockedForSync=0 ms, animations=0 ms
2026-07-14 19:19:38.889 DEBUG qt.scenegraph.time.renderer: time in renderer: total=0ms, preprocess=0, updates=0, rendering=0
2026-07-14 19:19:38.889 DEBUG qt.scenegraph.time.renderloop: [window 0x7f030130be40][render thread 0x7f0301180040] syncAndRender: frame rendered in 0ms, sync=0, render=0, swap=0
2026-07-14 19:19:38.920 DEBUG qt.scenegraph.time.renderloop: [window 0x7f030130be40][gui thread] polishAndSync: start, elapsed since last call: 31 ms
2026-07-14 19:19:38.920 DEBUG qt.scenegraph.time.renderloop: [window 0x7f030130be40][render thread 0x7f0301180040] syncAndRender: start, elapsed since last call: 31 ms
2026-07-14 19:19:38.920 DEBUG qt.scenegraph.time.renderloop: [window 0x7f030130be40][gui thread] Frame prepared, polish=0 ms, lock=0 ms, blockedForSync=0 ms, animations=0 ms
2026-07-14 19:19:38.920 DEBUG qt.scenegraph.time.renderer: time in renderer: total=0ms, preprocess=0, updates=0, rendering=0
2026-07-14 19:19:38.920 DEBUG qt.scenegraph.time.renderloop: [window 0x7f030130be40][render thread 0x7f0301180040] syncAndRender: frame rendered in 0ms, sync=0, render=0, swap=0
2026-07-14 19:19:38.923 DEBUG qt.scenegraph.time.renderloop: [window 0x7f030130be40][gui thread] polishAndSync: start, elapsed since last call: 3 ms
2026-07-14 19:19:38.923 DEBUG qt.scenegraph.time.renderloop: [window 0x7f030130be40][render thread 0x7f0301180040] syncAndRender: start, elapsed since last call: 3 ms
2026-07-14 19:19:38.923 DEBUG qt.scenegraph.time.renderloop: [window 0x7f030130be40][gui thread] Frame prepared, polish=0 ms, lock=0 ms, blockedForSync=0 ms, animations=0 ms
2026-07-14 19:19:38.923 DEBUG qt.scenegraph.time.renderer: time in renderer: total=0ms, preprocess=0, updates=0, rendering=0
2026-07-14 19:19:38.924 DEBUG qt.scenegraph.time.renderloop: [window 0x7f030130be40][render thread 0x7f0301180040] syncAndRender: frame rendered in 0ms, sync=0, render=0, swap=0
2026-07-14 19:19:38.952 DEBUG qt.scenegraph.time.renderloop: [window 0x7f030130be40][gui thread] polishAndSync: start, elapsed since last call: 29 ms
2026-07-14 19:19:38.953 DEBUG qt.scenegraph.time.renderloop: [window 0x7f030130be40][render thread 0x7f0301180040] syncAndRender: start, elapsed since last call: 29 ms
2026-07-14 19:19:38.953 DEBUG qt.scenegraph.time.renderloop: [window 0x7f030130be40][gui thread] Frame prepared, polish=0 ms, lock=0 ms, blockedForSync=0 ms, animations=0 ms
2026-07-14 19:19:38.953 DEBUG qt.scenegraph.time.renderer: time in renderer: total=0ms, preprocess=0, updates=0, rendering=0
2026-07-14 19:19:38.953 DEBUG qt.scenegraph.time.renderloop: [window 0x7f030130be40][render thread 0x7f0301180040] syncAndRender: frame rendered in 0ms, sync=0, render=0, swap=0
2026-07-14 19:19:38.953 DEBUG qt.scenegraph.time.renderloop: [window 0x7f030130be40][gui thread] polishAndSync: start, elapsed since last call: 0 ms
2026-07-14 19:19:38.953 DEBUG qt.scenegraph.time.renderloop: [window 0x7f030130be40][render thread 0x7f0301180040] syncAndRender: start, elapsed since last call: 0 ms
2026-07-14 19:19:38.953 DEBUG qt.scenegraph.time.renderloop: [window 0x7f030130be40][gui thread] Frame prepared, polish=0 ms, lock=0 ms, blockedForSync=0 ms, animations=0 ms
2026-07-14 19:19:38.953 DEBUG qt.scenegraph.time.renderer: time in renderer: total=0ms, preprocess=0, updates=0, rendering=0
2026-07-14 19:19:38.954 DEBUG qt.scenegraph.time.renderloop: [window 0x7f030130be40][render thread 0x7f0301180040] syncAndRender: frame rendered in 0ms, sync=0, render=0, swap=0
2026-07-14 19:19:38.985 DEBUG qt.scenegraph.time.renderloop: [window 0x7f030130be40][gui thread] polishAndSync: start, elapsed since last call: 31 ms
2026-07-14 19:19:38.985 DEBUG qt.scenegraph.time.renderloop: [window 0x7f030130be40][render thread 0x7f0301180040] syncAndRender: start, elapsed since last call: 32 ms
2026-07-14 19:19:38.985 DEBUG qt.scenegraph.time.renderloop: [window 0x7f030130be40][gui thread] Frame prepared, polish=0 ms, lock=0 ms, blockedForSync=0 ms, animations=0 ms
2026-07-14 19:19:38.985 DEBUG qt.scenegraph.time.renderer: time in renderer: total=0ms, preprocess=0, updates=0, rendering=0
2026-07-14 19:19:38.986 DEBUG qt.scenegraph.time.renderloop: [window 0x7f030130be40][render thread 0x7f0301180040] syncAndRender: frame rendered in 0ms, sync=0, render=0, swap=0
2026-07-14 19:19:38.986 DEBUG qt.scenegraph.time.renderloop: [window 0x7f030130be40][gui thread] polishAndSync: start, elapsed since last call: 0 ms
2026-07-14 19:19:38.986 DEBUG qt.scenegraph.time.renderloop: [window 0x7f030130be40][render thread 0x7f0301180040] syncAndRender: start, elapsed since last call: 0 ms
2026-07-14 19:19:38.986 DEBUG qt.scenegraph.time.renderloop: [window 0x7f030130be40][gui thread] Frame prepared, polish=0 ms, lock=0 ms, blockedForSync=0 ms, animations=0 ms
2026-07-14 19:19:38.986 DEBUG qt.scenegraph.time.renderer: time in renderer: total=0ms, preprocess=0, updates=0, rendering=0
2026-07-14 19:19:38.986 DEBUG qt.scenegraph.time.renderloop: [window 0x7f030130be40][render thread 0x7f0301180040] syncAndRender: frame rendered in 0ms, sync=0, render=0, swap=0
2026-07-14 19:19:39.018 DEBUG qt.scenegraph.time.renderloop: [window 0x7f030130be40][gui thread] polishAndSync: start, elapsed since last call: 31 ms
2026-07-14 19:19:39.018 DEBUG qt.scenegraph.time.renderloop: [window 0x7f030130be40][render thread 0x7f0301180040] syncAndRender: start, elapsed since last call: 32 ms
2026-07-14 19:19:39.018 DEBUG qt.scenegraph.time.renderloop: [window 0x7f030130be40][gui thread] Frame prepared, polish=0 ms, lock=0 ms, blockedForSync=0 ms, animations=0 ms
2026-07-14 19:19:39.018 DEBUG qt.scenegraph.time.renderer: time in renderer: total=0ms, preprocess=0, updates=0, rendering=0
2026-07-14 19:19:39.018 DEBUG qt.scenegraph.time.renderloop: [window 0x7f030130be40][render thread 0x7f0301180040] syncAndRender: frame rendered in 0ms, sync=0, render=0, swap=0
2026-07-14 19:19:39.020 DEBUG qt.scenegraph.time.renderloop: [window 0x7f030130be40][gui thread] polishAndSync: start, elapsed since last call: 2 ms
2026-07-14 19:19:39.020 DEBUG qt.scenegraph.time.renderloop: [window 0x7f030130be40][render thread 0x7f0301180040] syncAndRender: start, elapsed since last call: 2 ms
2026-07-14 19:19:39.021 DEBUG qt.scenegraph.time.renderloop: [window 0x7f030130be40][gui thread] Frame prepared, polish=0 ms, lock=0 ms, blockedForSync=0 ms, animations=0 ms
2026-07-14 19:19:39.021 DEBUG qt.scenegraph.time.renderer: time in renderer: total=0ms, preprocess=0, updates=0, rendering=0
2026-07-14 19:19:39.021 DEBUG qt.scenegraph.time.renderloop: [window 0x7f030130be40][render thread 0x7f0301180040] syncAndRender: frame rendered in 0ms, sync=0, render=0, swap=0
2026-07-14 19:19:39.052 DEBUG qt.scenegraph.time.renderloop: [window 0x7f030130be40][gui thread] polishAndSync: start, elapsed since last call: 31 ms
2026-07-14 19:19:39.052 DEBUG qt.scenegraph.time.renderloop: [window 0x7f030130be40][render thread 0x7f0301180040] syncAndRender: start, elapsed since last call: 31 ms
2026-07-14 19:19:39.052 DEBUG qt.scenegraph.time.renderloop: [window 0x7f030130be40][gui thread] Frame prepared, polish=0 ms, lock=0 ms, blockedForSync=0 ms, animations=0 ms
2026-07-14 19:19:39.052 DEBUG qt.scenegraph.time.renderer: time in renderer: total=0ms, preprocess=0, updates=0, rendering=0
2026-07-14 19:19:39.052 DEBUG qt.scenegraph.time.renderloop: [window 0x7f030130be40][render thread 0x7f0301180040] syncAndRender: frame rendered in 0ms, sync=0, render=0, swap=0
2026-07-14 19:19:39.055 DEBUG qt.scenegraph.time.renderloop: [window 0x7f030130be40][gui thread] polishAndSync: start, elapsed since last call: 3 ms
2026-07-14 19:19:39.055 DEBUG qt.scenegraph.time.renderloop: [window 0x7f030130be40][render thread 0x7f0301180040] syncAndRender: start, elapsed since last call: 3 ms
2026-07-14 19:19:39.055 DEBUG qt.scenegraph.time.renderloop: [window 0x7f030130be40][gui thread] Frame prepared, polish=0 ms, lock=0 ms, blockedForSync=0 ms, animations=0 ms
2026-07-14 19:19:39.055 DEBUG qt.scenegraph.time.renderer: time in renderer: total=0ms, preprocess=0, updates=0, rendering=0
2026-07-14 19:19:39.055 DEBUG qt.scenegraph.time.renderloop: [window 0x7f030130be40][render thread 0x7f0301180040] syncAndRender: frame rendered in 0ms, sync=0, render=0, swap=0
2026-07-14 19:19:39.084 DEBUG qt.scenegraph.time.renderloop: [window 0x7f030130be40][gui thread] polishAndSync: start, elapsed since last call: 29 ms
2026-07-14 19:19:39.085 DEBUG qt.scenegraph.time.renderloop: [window 0x7f030130be40][render thread 0x7f0301180040] syncAndRender: start, elapsed since last call: 29 ms
2026-07-14 19:19:39.085 DEBUG qt.scenegraph.time.renderloop: [window 0x7f030130be40][gui thread] Frame prepared, polish=0 ms, lock=0 ms, blockedForSync=0 ms, animations=0 ms
2026-07-14 19:19:39.085 DEBUG qt.scenegraph.time.renderer: time in renderer: total=0ms, preprocess=0, updates=0, rendering=0
2026-07-14 19:19:39.085 DEBUG qt.scenegraph.time.renderloop: [window 0x7f030130be40][render thread 0x7f0301180040] syncAndRender: frame rendered in 0ms, sync=0, render=0, swap=0
2026-07-14 19:19:39.085 DEBUG qt.scenegraph.time.renderloop: [window 0x7f030130be40][gui thread] polishAndSync: start, elapsed since last call: 1 ms
2026-07-14 19:19:39.086 DEBUG qt.scenegraph.time.renderloop: [window 0x7f030130be40][render thread 0x7f0301180040] syncAndRender: start, elapsed since last call: 0 ms
2026-07-14 19:19:39.086 DEBUG qt.scenegraph.time.renderloop: [window 0x7f030130be40][gui thread] Frame prepared, polish=0 ms, lock=0 ms, blockedForSync=0 ms, animations=0 ms
2026-07-14 19:19:39.086 DEBUG qt.scenegraph.time.renderer: time in renderer: total=0ms, preprocess=0, updates=0, rendering=0
2026-07-14 19:19:39.086 DEBUG qt.scenegraph.time.renderloop: [window 0x7f030130be40][render thread 0x7f0301180040] syncAndRender: frame rendered in 0ms, sync=0, render=0, swap=0
2026-07-14 19:19:39.117 DEBUG qt.scenegraph.time.renderloop: [window 0x7f030130be40][gui thread] polishAndSync: start, elapsed since last call: 31 ms
2026-07-14 19:19:39.118 DEBUG qt.scenegraph.time.renderloop: [window 0x7f030130be40][render thread 0x7f0301180040] syncAndRender: start, elapsed since last call: 31 ms
2026-07-14 19:19:39.118 DEBUG qt.scenegraph.time.renderloop: [window 0x7f030130be40][gui thread] Frame prepared, polish=0 ms, lock=0 ms, blockedForSync=0 ms, animations=0 ms
2026-07-14 19:19:39.118 DEBUG qt.scenegraph.time.renderer: time in renderer: total=0ms, preprocess=0, updates=0, rendering=0
2026-07-14 19:19:39.118 DEBUG qt.scenegraph.time.renderloop: [window 0x7f030130be40][render thread 0x7f0301180040] syncAndRender: frame rendered in 0ms, sync=0, render=0, swap=0
2026-07-14 19:19:39.118 DEBUG qt.scenegraph.time.renderloop: [window 0x7f030130be40][gui thread] polishAndSync: start, elapsed since last call: 1 ms
2026-07-14 19:19:39.118 DEBUG qt.scenegraph.time.renderloop: [window 0x7f030130be40][render thread 0x7f0301180040] syncAndRender: start, elapsed since last call: 0 ms
2026-07-14 19:19:39.118 DEBUG qt.scenegraph.time.renderloop: [window 0x7f030130be40][gui thread] Frame prepared, polish=0 ms, lock=0 ms, blockedForSync=0 ms, animations=0 ms
2026-07-14 19:19:39.118 DEBUG qt.scenegraph.time.renderer: time in renderer: total=0ms, preprocess=0, updates=0, rendering=0
2026-07-14 19:19:39.119 DEBUG qt.scenegraph.time.renderloop: [window 0x7f030130be40][render thread 0x7f0301180040] syncAndRender: frame rendered in 0ms, sync=0, render=0, swap=0
2026-07-14 19:19:39.150 DEBUG qt.scenegraph.time.renderloop: [window 0x7f030130be40][gui thread] polishAndSync: start, elapsed since last call: 31 ms
2026-07-14 19:19:39.150 DEBUG qt.scenegraph.time.renderloop: [window 0x7f030130be40][render thread 0x7f0301180040] syncAndRender: start, elapsed since last call: 31 ms
2026-07-14 19:19:39.150 DEBUG qt.scenegraph.time.renderloop: [window 0x7f030130be40][gui thread] Frame prepared, polish=0 ms, lock=0 ms, blockedForSync=0 ms, animations=0 ms
2026-07-14 19:19:39.150 DEBUG qt.scenegraph.time.renderer: time in renderer: total=0ms, preprocess=0, updates=0, rendering=0
2026-07-14 19:19:39.151 DEBUG qt.scenegraph.time.renderloop: [window 0x7f030130be40][render thread 0x7f0301180040] syncAndRender: frame rendered in 0ms, sync=0, render=0, swap=0
2026-07-14 19:19:39.151 DEBUG qt.scenegraph.time.renderloop: [window 0x7f030130be40][gui thread] polishAndSync: start, elapsed since last call: 1 ms
2026-07-14 19:19:39.151 DEBUG qt.scenegraph.time.renderloop: [window 0x7f030130be40][render thread 0x7f0301180040] syncAndRender: start, elapsed since last call: 0 ms
2026-07-14 19:19:39.151 DEBUG qt.scenegraph.time.renderloop: [window 0x7f030130be40][gui thread] Frame prepared, polish=0 ms, lock=0 ms, blockedForSync=0 ms, animations=0 ms
2026-07-14 19:19:39.151 DEBUG qt.scenegraph.time.renderer: time in renderer: total=0ms, preprocess=0, updates=0, rendering=0
2026-07-14 19:19:39.151 DEBUG qt.scenegraph.time.renderloop: [window 0x7f030130be40][render thread 0x7f0301180040] syncAndRender: frame rendered in 0ms, sync=0, render=0, swap=0
2026-07-14 19:19:39.184 DEBUG qt.scenegraph.time.renderloop: [window 0x7f030130be40][gui thread] polishAndSync: start, elapsed since last call: 32 ms
2026-07-14 19:19:39.184 DEBUG qt.scenegraph.time.renderloop: [window 0x7f030130be40][render thread 0x7f0301180040] syncAndRender: start, elapsed since last call: 33 ms
2026-07-14 19:19:39.184 DEBUG qt.scenegraph.time.renderloop: [window 0x7f030130be40][gui thread] Frame prepared, polish=0 ms, lock=0 ms, blockedForSync=0 ms, animations=0 ms
2026-07-14 19:19:39.184 DEBUG qt.scenegraph.time.renderer: time in renderer: total=0ms, preprocess=0, updates=0, rendering=0
2026-07-14 19:19:39.184 DEBUG qt.scenegraph.time.renderloop: [window 0x7f030130be40][render thread 0x7f0301180040] syncAndRender: frame rendered in 0ms, sync=0, render=0, swap=0
2026-07-14 19:19:39.185 DEBUG qt.scenegraph.time.renderloop: [window 0x7f030130be40][gui thread] polishAndSync: start, elapsed since last call: 1 ms
2026-07-14 19:19:39.185 DEBUG qt.scenegraph.time.renderloop: [window 0x7f030130be40][render thread 0x7f0301180040] syncAndRender: start, elapsed since last call: 0 ms
2026-07-14 19:19:39.185 DEBUG qt.scenegraph.time.renderloop: [window 0x7f030130be40][gui thread] Frame prepared, polish=0 ms, lock=0 ms, blockedForSync=0 ms, animations=0 ms
2026-07-14 19:19:39.185 DEBUG qt.scenegraph.time.renderer: time in renderer: total=0ms, preprocess=0, updates=0, rendering=0
2026-07-14 19:19:39.185 DEBUG qt.scenegraph.time.renderloop: [window 0x7f030130be40][render thread 0x7f0301180040] syncAndRender: frame rendered in 0ms, sync=0, render=0, swap=0
2026-07-14 19:19:39.216 DEBUG qt.scenegraph.time.renderloop: [window 0x7f030130be40][gui thread] polishAndSync: start, elapsed since last call: 31 ms
2026-07-14 19:19:39.217 DEBUG qt.scenegraph.time.renderloop: [window 0x7f030130be40][render thread 0x7f0301180040] syncAndRender: start, elapsed since last call: 31 ms
2026-07-14 19:19:39.217 DEBUG qt.scenegraph.time.renderloop: [window 0x7f030130be40][gui thread] Frame prepared, polish=0 ms, lock=0 ms, blockedForSync=0 ms, animations=0 ms
2026-07-14 19:19:39.217 DEBUG qt.scenegraph.time.renderer: time in renderer: total=0ms, preprocess=0, updates=0, rendering=0
2026-07-14 19:19:39.217 DEBUG qt.scenegraph.time.renderloop: [window 0x7f030130be40][render thread 0x7f0301180040] syncAndRender: frame rendered in 0ms, sync=0, render=0, swap=0
2026-07-14 19:19:39.217 DEBUG qt.scenegraph.time.renderloop: [window 0x7f030130be40][gui thread] polishAndSync: start, elapsed since last call: 1 ms
2026-07-14 19:19:39.217 DEBUG qt.scenegraph.time.renderloop: [window 0x7f030130be40][render thread 0x7f0301180040] syncAndRender: start, elapsed since last call: 0 ms
2026-07-14 19:19:39.218 DEBUG qt.scenegraph.time.renderloop: [window 0x7f030130be40][gui thread] Frame prepared, polish=0 ms, lock=0 ms, blockedForSync=0 ms, animations=0 ms
2026-07-14 19:19:39.218 DEBUG qt.scenegraph.time.renderer: time in renderer: total=0ms, preprocess=0, updates=0, rendering=0
2026-07-14 19:19:39.218 DEBUG qt.scenegraph.time.renderloop: [window 0x7f030130be40][render thread 0x7f0301180040] syncAndRender: frame rendered in 0ms, sync=0, render=0, swap=0
2026-07-14 19:19:39.249 DEBUG qt.scenegraph.time.renderloop: [window 0x7f030130be40][gui thread] polishAndSync: start, elapsed since last call: 31 ms
2026-07-14 19:19:39.249 DEBUG qt.scenegraph.time.renderloop: [window 0x7f030130be40][render thread 0x7f0301180040] syncAndRender: start, elapsed since last call: 31 ms
2026-07-14 19:19:39.249 DEBUG qt.scenegraph.time.renderloop: [window 0x7f030130be40][gui thread] Frame prepared, polish=0 ms, lock=0 ms, blockedForSync=0 ms, animations=0 ms
2026-07-14 19:19:39.250 DEBUG qt.scenegraph.time.renderer: time in renderer: total=0ms, preprocess=0, updates=0, rendering=0
2026-07-14 19:19:39.250 DEBUG qt.scenegraph.time.renderloop: [window 0x7f030130be40][render thread 0x7f0301180040] syncAndRender: frame rendered in 0ms, sync=0, render=0, swap=0
2026-07-14 19:19:39.250 DEBUG qt.scenegraph.time.renderloop: [window 0x7f030130be40][gui thread] polishAndSync: start, elapsed since last call: 1 ms
2026-07-14 19:19:39.250 DEBUG qt.scenegraph.time.renderloop: [window 0x7f030130be40][render thread 0x7f0301180040] syncAndRender: start, elapsed since last call: 0 ms
2026-07-14 19:19:39.250 DEBUG qt.scenegraph.time.renderloop: [window 0x7f030130be40][gui thread] Frame prepared, polish=0 ms, lock=0 ms, blockedForSync=0 ms, animations=0 ms
2026-07-14 19:19:39.250 DEBUG qt.scenegraph.time.renderer: time in renderer: total=0ms, preprocess=0, updates=0, rendering=0
2026-07-14 19:19:39.251 DEBUG qt.scenegraph.time.renderloop: [window 0x7f030130be40][render thread 0x7f0301180040] syncAndRender: frame rendered in 0ms, sync=0, render=0, swap=0
2026-07-14 19:19:39.282 DEBUG qt.scenegraph.time.renderloop: [window 0x7f030130be40][gui thread] polishAndSync: start, elapsed since last call: 31 ms
2026-07-14 19:19:39.282 DEBUG qt.scenegraph.time.renderloop: [window 0x7f030130be40][render thread 0x7f0301180040] syncAndRender: start, elapsed since last call: 32 ms
2026-07-14 19:19:39.282 DEBUG qt.scenegraph.time.renderloop: [window 0x7f030130be40][gui thread] Frame prepared, polish=0 ms, lock=0 ms, blockedForSync=0 ms, animations=0 ms
2026-07-14 19:19:39.282 DEBUG qt.scenegraph.time.renderer: time in renderer: total=0ms, preprocess=0, updates=0, rendering=0
2026-07-14 19:19:39.283 DEBUG qt.scenegraph.time.renderloop: [window 0x7f030130be40][render thread 0x7f0301180040] syncAndRender: frame rendered in 0ms, sync=0, render=0, swap=0
2026-07-14 19:19:39.283 DEBUG qt.scenegraph.time.renderloop: [window 0x7f030130be40][gui thread] polishAndSync: start, elapsed since last call: 1 ms
2026-07-14 19:19:39.283 DEBUG qt.scenegraph.time.renderloop: [window 0x7f030130be40][render thread 0x7f0301180040] syncAndRender: start, elapsed since last call: 0 ms
2026-07-14 19:19:39.283 DEBUG qt.scenegraph.time.renderloop: [window 0x7f030130be40][gui thread] Frame prepared, polish=0 ms, lock=0 ms, blockedForSync=0 ms, animations=0 ms
2026-07-14 19:19:39.283 DEBUG qt.scenegraph.time.renderer: time in renderer: total=0ms, preprocess=0, updates=0, rendering=0
2026-07-14 19:19:39.283 DEBUG qt.scenegraph.time.renderloop: [window 0x7f030130be40][render thread 0x7f0301180040] syncAndRender: frame rendered in 0ms, sync=0, render=0, swap=0
2026-07-14 19:19:39.291 DEBUG qt.scenegraph.time.renderloop: [window 0x7f030130be40][gui thread] polishAndSync: start, elapsed since last call: 8 ms
2026-07-14 19:19:39.291 DEBUG qt.scenegraph.time.renderloop: [window 0x7f030130be40][render thread 0x7f0301180040] syncAndRender: start, elapsed since last call: 8 ms
2026-07-14 19:19:39.291 DEBUG qt.scenegraph.time.renderloop: [window 0x7f030130be40][gui thread] Frame prepared, polish=0 ms, lock=0 ms, blockedForSync=0 ms, animations=0 ms
2026-07-14 19:19:39.292 DEBUG qt.scenegraph.time.renderloop: [window 0x7f030130be40][gui thread] polishAndSync: start, elapsed since last call: 0 ms
2026-07-14 19:19:39.292 DEBUG qt.scenegraph.time.texture: atlastexture upload enqueued in: -9223357819824ms (16x16)
2026-07-14 19:19:39.292 DEBUG qt.scenegraph.time.texture: atlastexture upload enqueued in: -9223357819824ms (36x14)
2026-07-14 19:19:39.292 DEBUG qt.scenegraph.time.renderer: time in renderer: total=0ms, preprocess=0, updates=0, rendering=0
2026-07-14 19:19:39.292 DEBUG qt.scenegraph.time.renderloop: [window 0x7f030130be40][render thread 0x7f0301180040] syncAndRender: frame rendered in 0ms, sync=0, render=0, swap=0
2026-07-14 19:19:39.292 DEBUG qt.scenegraph.time.renderloop: [window 0x7f030130be40][render thread 0x7f0301180040] syncAndRender: start, elapsed since last call: 0 ms
2026-07-14 19:19:39.292 DEBUG qt.scenegraph.time.renderloop: [window 0x7f030130be40][gui thread] Frame prepared, polish=0 ms, lock=0 ms, blockedForSync=0 ms, animations=0 ms
2026-07-14 19:19:39.292 DEBUG qt.scenegraph.time.renderer: time in renderer: total=0ms, preprocess=0, updates=0, rendering=0
2026-07-14 19:19:39.293 DEBUG qt.scenegraph.time.renderloop: [window 0x7f030130be40][gui thread] polishAndSync: start, elapsed since last call: 1 ms
2026-07-14 19:19:39.293 DEBUG qt.scenegraph.time.renderloop: [window 0x7f030130be40][render thread 0x7f0301180040] syncAndRender: frame rendered in 0ms, sync=0, render=0, swap=0
2026-07-14 19:19:39.293 DEBUG qt.scenegraph.time.renderloop: [window 0x7f030130be40][render thread 0x7f0301180040] syncAndRender: start, elapsed since last call: 0 ms
2026-07-14 19:19:39.293 DEBUG qt.scenegraph.time.renderloop: [window 0x7f030130be40][gui thread] Frame prepared, polish=0 ms, lock=0 ms, blockedForSync=0 ms, animations=0 ms
2026-07-14 19:19:39.293 DEBUG qt.scenegraph.time.renderer: time in renderer: total=0ms, preprocess=0, updates=0, rendering=0
2026-07-14 19:19:39.298 DEBUG qt.scenegraph.time.renderloop: [window 0x7f030130be40][gui thread] polishAndSync: start, elapsed since last call: 5 ms
2026-07-14 19:19:39.298 DEBUG qt.scenegraph.time.renderloop: [window 0x7f030130be40][render thread 0x7f0301180040] syncAndRender: frame rendered in 5ms, sync=0, render=0, swap=5
2026-07-14 19:19:39.299 DEBUG qt.scenegraph.time.renderloop: [window 0x7f030130be40][render thread 0x7f0301180040] syncAndRender: start, elapsed since last call: 5 ms
2026-07-14 19:19:39.299 DEBUG qt.scenegraph.time.renderloop: [window 0x7f030130be40][gui thread] Frame prepared, polish=0 ms, lock=0 ms, blockedForSync=0 ms, animations=0 ms
2026-07-14 19:19:39.299 DEBUG qt.scenegraph.time.renderer: time in renderer: total=0ms, preprocess=0, updates=0, rendering=0
2026-07-14 19:19:39.305 DEBUG qt.scenegraph.time.renderloop: [window 0x7f030130be40][render thread 0x7f0301180040] syncAndRender: frame rendered in 6ms, sync=0, render=0, swap=6
2026-07-14 19:19:39.305 DEBUG qt.scenegraph.time.renderloop: [window 0x7f030130be40][gui thread] polishAndSync: start, elapsed since last call: 7 ms
2026-07-14 19:19:39.306 DEBUG qt.scenegraph.time.renderloop: [window 0x7f030130be40][render thread 0x7f0301180040] syncAndRender: start, elapsed since last call: 7 ms
2026-07-14 19:19:39.306 DEBUG qt.scenegraph.time.renderloop: [window 0x7f030130be40][gui thread] Frame prepared, polish=0 ms, lock=0 ms, blockedForSync=0 ms, animations=0 ms
2026-07-14 19:19:39.306 DEBUG qt.scenegraph.time.texture: atlastexture upload enqueued in: -9223357819810ms (36x14)
2026-07-14 19:19:39.306 DEBUG qt.scenegraph.time.renderer: time in renderer: total=0ms, preprocess=0, updates=0, rendering=0
2026-07-14 19:19:39.312 DEBUG qt.scenegraph.time.renderloop: [window 0x7f030130be40][gui thread] polishAndSync: start, elapsed since last call: 6 ms
2026-07-14 19:19:39.312 DEBUG qt.scenegraph.time.renderloop: [window 0x7f030130be40][render thread 0x7f0301180040] syncAndRender: frame rendered in 6ms, sync=0, render=0, swap=6
2026-07-14 19:19:39.313 DEBUG qt.scenegraph.time.renderloop: [window 0x7f030130be40][render thread 0x7f0301180040] syncAndRender: start, elapsed since last call: 6 ms
2026-07-14 19:19:39.313 DEBUG qt.scenegraph.time.renderloop: [window 0x7f030130be40][gui thread] Frame prepared, polish=0 ms, lock=0 ms, blockedForSync=0 ms, animations=0 ms
2026-07-14 19:19:39.313 DEBUG qt.scenegraph.time.renderer: time in renderer: total=0ms, preprocess=0, updates=0, rendering=0
2026-07-14 19:19:39.319 DEBUG qt.scenegraph.time.renderloop: [window 0x7f030130be40][gui thread] polishAndSync: start, elapsed since last call: 6 ms
2026-07-14 19:19:39.319 DEBUG qt.scenegraph.time.renderloop: [window 0x7f030130be40][render thread 0x7f0301180040] syncAndRender: frame rendered in 6ms, sync=0, render=0, swap=6
2026-07-14 19:19:39.319 DEBUG qt.scenegraph.time.renderloop: [window 0x7f030130be40][render thread 0x7f0301180040] syncAndRender: start, elapsed since last call: 6 ms
2026-07-14 19:19:39.319 DEBUG qt.scenegraph.time.renderloop: [window 0x7f030130be40][gui thread] Frame prepared, polish=0 ms, lock=0 ms, blockedForSync=0 ms, animations=0 ms
2026-07-14 19:19:39.320 DEBUG qt.scenegraph.time.renderer: time in renderer: total=0ms, preprocess=0, updates=0, rendering=0
2026-07-14 19:19:39.326 DEBUG qt.scenegraph.time.renderloop: [window 0x7f030130be40][gui thread] polishAndSync: start, elapsed since last call: 6 ms
2026-07-14 19:19:39.326 DEBUG qt.scenegraph.time.renderloop: [window 0x7f030130be40][render thread 0x7f0301180040] syncAndRender: frame rendered in 6ms, sync=0, render=0, swap=6
2026-07-14 19:19:39.326 DEBUG qt.scenegraph.time.renderloop: [window 0x7f030130be40][render thread 0x7f0301180040] syncAndRender: start, elapsed since last call: 6 ms
2026-07-14 19:19:39.326 DEBUG qt.scenegraph.time.renderloop: [window 0x7f030130be40][gui thread] Frame prepared, polish=0 ms, lock=0 ms, blockedForSync=0 ms, animations=0 ms
2026-07-14 19:19:39.326 DEBUG qt.scenegraph.time.renderer: time in renderer: total=0ms, preprocess=0, updates=0, rendering=0
2026-07-14 19:19:39.333 DEBUG qt.scenegraph.time.renderloop: [window 0x7f030130be40][gui thread] polishAndSync: start, elapsed since last call: 7 ms
2026-07-14 19:19:39.333 DEBUG qt.scenegraph.time.renderloop: [window 0x7f030130be40][render thread 0x7f0301180040] syncAndRender: frame rendered in 7ms, sync=0, render=0, swap=7
2026-07-14 19:19:39.333 DEBUG qt.scenegraph.time.renderloop: [window 0x7f030130be40][render thread 0x7f0301180040] syncAndRender: start, elapsed since last call: 7 ms
2026-07-14 19:19:39.333 DEBUG qt.scenegraph.time.renderloop: [window 0x7f030130be40][gui thread] Frame prepared, polish=0 ms, lock=0 ms, blockedForSync=0 ms, animations=0 ms
2026-07-14 19:19:39.333 DEBUG qt.scenegraph.time.renderer: time in renderer: total=0ms, preprocess=0, updates=0, rendering=0
2026-07-14 19:19:39.340 DEBUG qt.scenegraph.time.renderloop: [window 0x7f030130be40][gui thread] polishAndSync: start, elapsed since last call: 6 ms
2026-07-14 19:19:39.340 DEBUG qt.scenegraph.time.renderloop: [window 0x7f030130be40][render thread 0x7f0301180040] syncAndRender: frame rendered in 6ms, sync=0, render=0, swap=6
2026-07-14 19:19:39.340 DEBUG qt.scenegraph.time.renderloop: [window 0x7f030130be40][render thread 0x7f0301180040] syncAndRender: start, elapsed since last call: 6 ms
2026-07-14 19:19:39.340 DEBUG qt.scenegraph.time.renderloop: [window 0x7f030130be40][gui thread] Frame prepared, polish=0 ms, lock=0 ms, blockedForSync=0 ms, animations=0 ms
2026-07-14 19:19:39.340 DEBUG qt.scenegraph.time.renderer: time in renderer: total=0ms, preprocess=0, updates=0, rendering=0
2026-07-14 19:19:39.347 DEBUG qt.scenegraph.time.renderloop: [window 0x7f030130be40][gui thread] polishAndSync: start, elapsed since last call: 6 ms
2026-07-14 19:19:39.347 DEBUG qt.scenegraph.time.renderloop: [window 0x7f030130be40][render thread 0x7f0301180040] syncAndRender: frame rendered in 6ms, sync=0, render=0, swap=6
2026-07-14 19:19:39.347 DEBUG qt.scenegraph.time.renderloop: [window 0x7f030130be40][render thread 0x7f0301180040] syncAndRender: start, elapsed since last call: 7 ms
2026-07-14 19:19:39.347 DEBUG qt.scenegraph.time.renderloop: [window 0x7f030130be40][gui thread] Frame prepared, polish=0 ms, lock=0 ms, blockedForSync=0 ms, animations=0 ms
2026-07-14 19:19:39.347 DEBUG qt.scenegraph.time.renderer: time in renderer: total=0ms, preprocess=0, updates=0, rendering=0
2026-07-14 19:19:39.354 DEBUG qt.scenegraph.time.renderloop: [window 0x7f030130be40][gui thread] polishAndSync: start, elapsed since last call: 7 ms
2026-07-14 19:19:39.354 DEBUG qt.scenegraph.time.renderloop: [window 0x7f030130be40][render thread 0x7f0301180040] syncAndRender: frame rendered in 6ms, sync=0, render=0, swap=6
2026-07-14 19:19:39.354 DEBUG qt.scenegraph.time.renderloop: [window 0x7f030130be40][render thread 0x7f0301180040] syncAndRender: start, elapsed since last call: 6 ms
2026-07-14 19:19:39.354 DEBUG qt.scenegraph.time.renderloop: [window 0x7f030130be40][gui thread] Frame prepared, polish=0 ms, lock=0 ms, blockedForSync=0 ms, animations=0 ms
2026-07-14 19:19:39.354 DEBUG qt.scenegraph.time.renderer: time in renderer: total=0ms, preprocess=0, updates=0, rendering=0
2026-07-14 19:19:39.361 DEBUG qt.scenegraph.time.renderloop: [window 0x7f030130be40][gui thread] polishAndSync: start, elapsed since last call: 6 ms
2026-07-14 19:19:39.361 DEBUG qt.scenegraph.time.renderloop: [window 0x7f030130be40][render thread 0x7f0301180040] syncAndRender: frame rendered in 6ms, sync=0, render=0, swap=6
2026-07-14 19:19:39.361 DEBUG qt.scenegraph.time.renderloop: [window 0x7f030130be40][render thread 0x7f0301180040] syncAndRender: start, elapsed since last call: 6 ms
2026-07-14 19:19:39.361 DEBUG qt.scenegraph.time.renderloop: [window 0x7f030130be40][gui thread] Frame prepared, polish=0 ms, lock=0 ms, blockedForSync=0 ms, animations=0 ms
2026-07-14 19:19:39.361 DEBUG qt.scenegraph.time.renderer: time in renderer: total=0ms, preprocess=0, updates=0, rendering=0
2026-07-14 19:19:39.368 DEBUG qt.scenegraph.time.renderloop: [window 0x7f030130be40][gui thread] polishAndSync: start, elapsed since last call: 6 ms
2026-07-14 19:19:39.368 DEBUG qt.scenegraph.time.renderloop: [window 0x7f030130be40][render thread 0x7f0301180040] syncAndRender: frame rendered in 6ms, sync=0, render=0, swap=6
2026-07-14 19:19:39.368 DEBUG qt.scenegraph.time.renderloop: [window 0x7f030130be40][render thread 0x7f0301180040] syncAndRender: start, elapsed since last call: 6 ms
2026-07-14 19:19:39.368 DEBUG qt.scenegraph.time.renderloop: [window 0x7f030130be40][gui thread] Frame prepared, polish=0 ms, lock=0 ms, blockedForSync=0 ms, animations=0 ms
2026-07-14 19:19:39.368 DEBUG qt.scenegraph.time.renderer: time in renderer: total=0ms, preprocess=0, updates=0, rendering=0
2026-07-14 19:19:39.375 DEBUG qt.scenegraph.time.renderloop: [window 0x7f030130be40][gui thread] polishAndSync: start, elapsed since last call: 6 ms
2026-07-14 19:19:39.375 DEBUG qt.scenegraph.time.renderloop: [window 0x7f030130be40][render thread 0x7f0301180040] syncAndRender: frame rendered in 6ms, sync=0, render=0, swap=6
2026-07-14 19:19:39.375 DEBUG qt.scenegraph.time.renderloop: [window 0x7f030130be40][render thread 0x7f0301180040] syncAndRender: start, elapsed since last call: 7 ms
2026-07-14 19:19:39.375 DEBUG qt.scenegraph.time.renderloop: [window 0x7f030130be40][gui thread] Frame prepared, polish=0 ms, lock=0 ms, blockedForSync=0 ms, animations=0 ms
2026-07-14 19:19:39.375 DEBUG qt.scenegraph.time.renderer: time in renderer: total=0ms, preprocess=0, updates=0, rendering=0
2026-07-14 19:19:39.382 DEBUG qt.scenegraph.time.renderloop: [window 0x7f030130be40][gui thread] polishAndSync: start, elapsed since last call: 6 ms
2026-07-14 19:19:39.382 DEBUG qt.scenegraph.time.renderloop: [window 0x7f030130be40][render thread 0x7f0301180040] syncAndRender: frame rendered in 6ms, sync=0, render=0, swap=6
2026-07-14 19:19:39.382 DEBUG qt.scenegraph.time.renderloop: [window 0x7f030130be40][render thread 0x7f0301180040] syncAndRender: start, elapsed since last call: 6 ms
2026-07-14 19:19:39.382 DEBUG qt.scenegraph.time.renderloop: [window 0x7f030130be40][gui thread] Frame prepared, polish=0 ms, lock=0 ms, blockedForSync=0 ms, animations=0 ms
2026-07-14 19:19:39.382 DEBUG qt.scenegraph.time.renderer: time in renderer: total=0ms, preprocess=0, updates=0, rendering=0
2026-07-14 19:19:39.389 DEBUG qt.scenegraph.time.renderloop: [window 0x7f030130be40][gui thread] polishAndSync: start, elapsed since last call: 6 ms
2026-07-14 19:19:39.389 DEBUG qt.scenegraph.time.renderloop: [window 0x7f030130be40][render thread 0x7f0301180040] syncAndRender: frame rendered in 6ms, sync=0, render=0, swap=6
2026-07-14 19:19:39.389 DEBUG qt.scenegraph.time.renderloop: [window 0x7f030130be40][render thread 0x7f0301180040] syncAndRender: start, elapsed since last call: 6 ms
2026-07-14 19:19:39.389 DEBUG qt.scenegraph.time.renderloop: [window 0x7f030130be40][gui thread] Frame prepared, polish=0 ms, lock=0 ms, blockedForSync=0 ms, animations=0 ms
2026-07-14 19:19:39.389 DEBUG qt.scenegraph.time.renderer: time in renderer: total=0ms, preprocess=0, updates=0, rendering=0
2026-07-14 19:19:39.396 DEBUG qt.scenegraph.time.renderloop: [window 0x7f030130be40][gui thread] polishAndSync: start, elapsed since last call: 6 ms
2026-07-14 19:19:39.396 DEBUG qt.scenegraph.time.renderloop: [window 0x7f030130be40][render thread 0x7f0301180040] syncAndRender: frame rendered in 6ms, sync=0, render=0, swap=6
2026-07-14 19:19:39.396 DEBUG qt.scenegraph.time.renderloop: [window 0x7f030130be40][render thread 0x7f0301180040] syncAndRender: start, elapsed since last call: 6 ms
2026-07-14 19:19:39.396 DEBUG qt.scenegraph.time.renderloop: [window 0x7f030130be40][gui thread] Frame prepared, polish=0 ms, lock=0 ms, blockedForSync=0 ms, animations=0 ms
2026-07-14 19:19:39.396 DEBUG qt.scenegraph.time.renderer: time in renderer: total=0ms, preprocess=0, updates=0, rendering=0
2026-07-14 19:19:39.403 DEBUG qt.scenegraph.time.renderloop: [window 0x7f030130be40][render thread 0x7f0301180040] syncAndRender: frame rendered in 7ms, sync=0, render=0, swap=6
2026-07-14 19:19:39.403 DEBUG qt.scenegraph.time.renderloop: [window 0x7f030130be40][gui thread] polishAndSync: start, elapsed since last call: 7 ms
2026-07-14 19:19:39.403 DEBUG qt.scenegraph.time.renderloop: [window 0x7f030130be40][render thread 0x7f0301180040] syncAndRender: start, elapsed since last call: 7 ms
2026-07-14 19:19:39.403 DEBUG qt.scenegraph.time.renderloop: [window 0x7f030130be40][gui thread] Frame prepared, polish=0 ms, lock=0 ms, blockedForSync=0 ms, animations=0 ms
2026-07-14 19:19:39.403 DEBUG qt.scenegraph.time.renderer: time in renderer: total=0ms, preprocess=0, updates=0, rendering=0
2026-07-14 19:19:39.410 DEBUG qt.scenegraph.time.renderloop: [window 0x7f030130be40][gui thread] polishAndSync: start, elapsed since last call: 6 ms
2026-07-14 19:19:39.410 DEBUG qt.scenegraph.time.renderloop: [window 0x7f030130be40][render thread 0x7f0301180040] syncAndRender: frame rendered in 6ms, sync=0, render=0, swap=6
2026-07-14 19:19:39.410 DEBUG qt.scenegraph.time.renderloop: [window 0x7f030130be40][render thread 0x7f0301180040] syncAndRender: start, elapsed since last call: 7 ms
2026-07-14 19:19:39.410 DEBUG qt.scenegraph.time.renderloop: [window 0x7f030130be40][gui thread] Frame prepared, polish=0 ms, lock=0 ms, blockedForSync=0 ms, animations=0 ms
2026-07-14 19:19:39.410 DEBUG qt.scenegraph.time.renderer: time in renderer: total=0ms, preprocess=0, updates=0, rendering=0
2026-07-14 19:19:39.417 DEBUG qt.scenegraph.time.renderloop: [window 0x7f030130be40][gui thread] polishAndSync: start, elapsed since last call: 6 ms
2026-07-14 19:19:39.417 DEBUG qt.scenegraph.time.renderloop: [window 0x7f030130be40][render thread 0x7f0301180040] syncAndRender: frame rendered in 6ms, sync=0, render=0, swap=6
2026-07-14 19:19:39.417 DEBUG qt.scenegraph.time.renderloop: [window 0x7f030130be40][render thread 0x7f0301180040] syncAndRender: start, elapsed since last call: 6 ms
2026-07-14 19:19:39.417 DEBUG qt.scenegraph.time.renderloop: [window 0x7f030130be40][gui thread] Frame prepared, polish=0 ms, lock=0 ms, blockedForSync=0 ms, animations=0 ms
2026-07-14 19:19:39.417 DEBUG qt.scenegraph.time.renderer: time in renderer: total=0ms, preprocess=0, updates=0, rendering=0
2026-07-14 19:19:39.423 DEBUG qt.scenegraph.time.renderloop: [window 0x7f030130be40][gui thread] polishAndSync: start, elapsed since last call: 6 ms
2026-07-14 19:19:39.423 DEBUG qt.scenegraph.time.renderloop: [window 0x7f030130be40][render thread 0x7f0301180040] syncAndRender: frame rendered in 6ms, sync=0, render=0, swap=6
2026-07-14 19:19:39.424 DEBUG qt.scenegraph.time.renderloop: [window 0x7f030130be40][render thread 0x7f0301180040] syncAndRender: start, elapsed since last call: 6 ms
2026-07-14 19:19:39.424 DEBUG qt.scenegraph.time.renderloop: [window 0x7f030130be40][gui thread] Frame prepared, polish=0 ms, lock=0 ms, blockedForSync=0 ms, animations=0 ms
2026-07-14 19:19:39.424 DEBUG qt.scenegraph.time.renderer: time in renderer: total=0ms, preprocess=0, updates=0, rendering=0
2026-07-14 19:19:39.430 DEBUG qt.scenegraph.time.renderloop: [window 0x7f030130be40][gui thread] polishAndSync: start, elapsed since last call: 6 ms
2026-07-14 19:19:39.430 DEBUG qt.scenegraph.time.renderloop: [window 0x7f030130be40][render thread 0x7f0301180040] syncAndRender: frame rendered in 6ms, sync=0, render=0, swap=6
2026-07-14 19:19:39.430 DEBUG qt.scenegraph.time.renderloop: [window 0x7f030130be40][render thread 0x7f0301180040] syncAndRender: start, elapsed since last call: 6 ms
2026-07-14 19:19:39.430 DEBUG qt.scenegraph.time.renderloop: [window 0x7f030130be40][gui thread] Frame prepared, polish=0 ms, lock=0 ms, blockedForSync=0 ms, animations=0 ms
2026-07-14 19:19:39.430 DEBUG qt.scenegraph.time.renderer: time in renderer: total=0ms, preprocess=0, updates=0, rendering=0
2026-07-14 19:19:39.437 DEBUG qt.scenegraph.time.renderloop: [window 0x7f030130be40][gui thread] polishAndSync: start, elapsed since last call: 6 ms
2026-07-14 19:19:39.437 DEBUG qt.scenegraph.time.renderloop: [window 0x7f030130be40][render thread 0x7f0301180040] syncAndRender: frame rendered in 6ms, sync=0, render=0, swap=6
2026-07-14 19:19:39.437 DEBUG qt.scenegraph.time.renderloop: [window 0x7f030130be40][render thread 0x7f0301180040] syncAndRender: start, elapsed since last call: 6 ms
2026-07-14 19:19:39.437 DEBUG qt.scenegraph.time.renderloop: [window 0x7f030130be40][gui thread] Frame prepared, polish=0 ms, lock=0 ms, blockedForSync=0 ms, animations=0 ms
2026-07-14 19:19:39.437 DEBUG qt.scenegraph.time.renderer: time in renderer: total=0ms, preprocess=0, updates=0, rendering=0
2026-07-14 19:19:39.444 DEBUG qt.scenegraph.time.renderloop: [window 0x7f030130be40][render thread 0x7f0301180040] syncAndRender: frame rendered in 6ms, sync=0, render=0, swap=6
2026-07-14 19:19:39.444 DEBUG qt.scenegraph.time.renderloop: [window 0x7f030130be40][gui thread] polishAndSync: start, elapsed since last call: 6 ms
2026-07-14 19:19:39.445 DEBUG qt.scenegraph.time.renderloop: [window 0x7f030130be40][render thread 0x7f0301180040] syncAndRender: start, elapsed since last call: 7 ms
2026-07-14 19:19:39.445 DEBUG qt.scenegraph.time.renderloop: [window 0x7f030130be40][gui thread] Frame prepared, polish=0 ms, lock=0 ms, blockedForSync=0 ms, animations=0 ms
2026-07-14 19:19:39.445 DEBUG qt.scenegraph.time.renderer: time in renderer: total=0ms, preprocess=0, updates=0, rendering=0
2026-07-14 19:19:39.451 DEBUG qt.scenegraph.time.renderloop: [window 0x7f030130be40][gui thread] polishAndSync: start, elapsed since last call: 6 ms
2026-07-14 19:19:39.451 DEBUG qt.scenegraph.time.renderloop: [window 0x7f030130be40][render thread 0x7f0301180040] syncAndRender: frame rendered in 6ms, sync=0, render=0, swap=6
2026-07-14 19:19:39.451 DEBUG qt.scenegraph.time.renderloop: [window 0x7f030130be40][render thread 0x7f0301180040] syncAndRender: start, elapsed since last call: 6 ms
2026-07-14 19:19:39.451 DEBUG qt.scenegraph.time.renderloop: [window 0x7f030130be40][gui thread] Frame prepared, polish=0 ms, lock=0 ms, blockedForSync=0 ms, animations=0 ms
2026-07-14 19:19:39.451 DEBUG qt.scenegraph.time.renderer: time in renderer: total=0ms, preprocess=0, updates=0, rendering=0
2026-07-14 19:19:39.458 DEBUG qt.scenegraph.time.renderloop: [window 0x7f030130be40][gui thread] polishAndSync: start, elapsed since last call: 6 ms
2026-07-14 19:19:39.458 DEBUG qt.scenegraph.time.renderloop: [window 0x7f030130be40][render thread 0x7f0301180040] syncAndRender: frame rendered in 6ms, sync=0, render=0, swap=6
2026-07-14 19:19:39.458 DEBUG qt.scenegraph.time.renderloop: [window 0x7f030130be40][render thread 0x7f0301180040] syncAndRender: start, elapsed since last call: 6 ms
2026-07-14 19:19:39.458 DEBUG qt.scenegraph.time.renderloop: [window 0x7f030130be40][gui thread] Frame prepared, polish=0 ms, lock=0 ms, blockedForSync=0 ms, animations=0 ms
2026-07-14 19:19:39.458 DEBUG qt.scenegraph.time.renderer: time in renderer: total=0ms, preprocess=0, updates=0, rendering=0
2026-07-14 19:19:39.465 DEBUG qt.scenegraph.time.renderloop: [window 0x7f030130be40][gui thread] polishAndSync: start, elapsed since last call: 7 ms
2026-07-14 19:19:39.465 DEBUG qt.scenegraph.time.renderloop: [window 0x7f030130be40][render thread 0x7f0301180040] syncAndRender: frame rendered in 7ms, sync=0, render=0, swap=6
2026-07-14 19:19:39.465 DEBUG qt.scenegraph.time.renderloop: [window 0x7f030130be40][render thread 0x7f0301180040] syncAndRender: start, elapsed since last call: 7 ms
2026-07-14 19:19:39.465 DEBUG qt.scenegraph.time.renderloop: [window 0x7f030130be40][gui thread] Frame prepared, polish=0 ms, lock=0 ms, blockedForSync=0 ms, animations=0 ms
2026-07-14 19:19:39.465 DEBUG qt.scenegraph.time.renderer: time in renderer: total=0ms, preprocess=0, updates=0, rendering=0
2026-07-14 19:19:39.472 DEBUG qt.scenegraph.time.renderloop: [window 0x7f030130be40][gui thread] polishAndSync: start, elapsed since last call: 6 ms
2026-07-14 19:19:39.472 DEBUG qt.scenegraph.time.renderloop: [window 0x7f030130be40][render thread 0x7f0301180040] syncAndRender: frame rendered in 6ms, sync=0, render=0, swap=6
2026-07-14 19:19:39.472 DEBUG qt.scenegraph.time.renderloop: [window 0x7f030130be40][render thread 0x7f0301180040] syncAndRender: start, elapsed since last call: 6 ms
2026-07-14 19:19:39.472 DEBUG qt.scenegraph.time.renderloop: [window 0x7f030130be40][gui thread] Frame prepared, polish=0 ms, lock=0 ms, blockedForSync=0 ms, animations=0 ms
2026-07-14 19:19:39.472 DEBUG qt.scenegraph.time.renderer: time in renderer: total=0ms, preprocess=0, updates=0, rendering=0
2026-07-14 19:19:39.479 DEBUG qt.scenegraph.time.renderloop: [window 0x7f030130be40][render thread 0x7f0301180040] syncAndRender: frame rendered in 6ms, sync=0, render=0, swap=6
2026-07-14 19:19:39.479 DEBUG qt.scenegraph.time.renderloop: [window 0x7f030130be40][gui thread] polishAndSync: start, elapsed since last call: 6 ms
2026-07-14 19:19:39.479 DEBUG qt.scenegraph.time.renderloop: [window 0x7f030130be40][render thread 0x7f0301180040] syncAndRender: start, elapsed since last call: 7 ms
2026-07-14 19:19:39.479 DEBUG qt.scenegraph.time.renderloop: [window 0x7f030130be40][gui thread] Frame prepared, polish=0 ms, lock=0 ms, blockedForSync=0 ms, animations=0 ms
2026-07-14 19:19:39.479 DEBUG qt.scenegraph.time.renderer: time in renderer: total=0ms, preprocess=0, updates=0, rendering=0
2026-07-14 19:19:39.486 DEBUG qt.scenegraph.time.renderloop: [window 0x7f030130be40][gui thread] polishAndSync: start, elapsed since last call: 6 ms
2026-07-14 19:19:39.486 DEBUG qt.scenegraph.time.renderloop: [window 0x7f030130be40][render thread 0x7f0301180040] syncAndRender: frame rendered in 6ms, sync=0, render=0, swap=6
2026-07-14 19:19:39.486 DEBUG qt.scenegraph.time.renderloop: [window 0x7f030130be40][render thread 0x7f0301180040] syncAndRender: start, elapsed since last call: 6 ms
2026-07-14 19:19:39.486 DEBUG qt.scenegraph.time.renderloop: [window 0x7f030130be40][gui thread] Frame prepared, polish=0 ms, lock=0 ms, blockedForSync=0 ms, animations=0 ms
2026-07-14 19:19:39.486 DEBUG qt.scenegraph.time.renderer: time in renderer: total=0ms, preprocess=0, updates=0, rendering=0
2026-07-14 19:19:39.493 DEBUG qt.scenegraph.time.renderloop: [window 0x7f030130be40][gui thread] polishAndSync: start, elapsed since last call: 6 ms
2026-07-14 19:19:39.493 DEBUG qt.scenegraph.time.renderloop: [window 0x7f030130be40][render thread 0x7f0301180040] syncAndRender: frame rendered in 6ms, sync=0, render=0, swap=6
2026-07-14 19:19:39.493 DEBUG qt.scenegraph.time.renderloop: [window 0x7f030130be40][render thread 0x7f0301180040] syncAndRender: start, elapsed since last call: 7 ms
2026-07-14 19:19:39.493 DEBUG qt.scenegraph.time.renderloop: [window 0x7f030130be40][gui thread] Frame prepared, polish=0 ms, lock=0 ms, blockedForSync=0 ms, animations=0 ms
2026-07-14 19:19:39.493 DEBUG qt.scenegraph.time.renderer: time in renderer: total=0ms, preprocess=0, updates=0, rendering=0
2026-07-14 19:19:39.500 DEBUG qt.scenegraph.time.renderloop: [window 0x7f030130be40][gui thread] polishAndSync: start, elapsed since last call: 6 ms
2026-07-14 19:19:39.500 DEBUG qt.scenegraph.time.renderloop: [window 0x7f030130be40][render thread 0x7f0301180040] syncAndRender: frame rendered in 6ms, sync=0, render=0, swap=6
2026-07-14 19:19:39.500 DEBUG qt.scenegraph.time.renderloop: [window 0x7f030130be40][render thread 0x7f0301180040] syncAndRender: start, elapsed since last call: 6 ms
2026-07-14 19:19:39.500 DEBUG qt.scenegraph.time.renderloop: [window 0x7f030130be40][gui thread] Frame prepared, polish=0 ms, lock=0 ms, blockedForSync=0 ms, animations=0 ms
2026-07-14 19:19:39.500 DEBUG qt.scenegraph.time.renderer: time in renderer: total=0ms, preprocess=0, updates=0, rendering=0
2026-07-14 19:19:39.507 DEBUG qt.scenegraph.time.renderloop: [window 0x7f030130be40][render thread 0x7f0301180040] syncAndRender: frame rendered in 7ms, sync=0, render=0, swap=6
2026-07-14 19:19:39.507 DEBUG qt.scenegraph.time.renderloop: [window 0x7f030130be40][gui thread] polishAndSync: start, elapsed since last call: 7 ms
2026-07-14 19:19:39.507 DEBUG qt.scenegraph.time.renderloop: [window 0x7f030130be40][render thread 0x7f0301180040] syncAndRender: start, elapsed since last call: 7 ms
2026-07-14 19:19:39.507 DEBUG qt.scenegraph.time.renderloop: [window 0x7f030130be40][gui thread] Frame prepared, polish=0 ms, lock=0 ms, blockedForSync=0 ms, animations=0 ms
2026-07-14 19:19:39.507 DEBUG qt.scenegraph.time.renderer: time in renderer: total=0ms, preprocess=0, updates=0, rendering=0
2026-07-14 19:19:39.514 DEBUG qt.scenegraph.time.renderloop: [window 0x7f030130be40][gui thread] polishAndSync: start, elapsed since last call: 6 ms
2026-07-14 19:19:39.514 DEBUG qt.scenegraph.time.renderloop: [window 0x7f030130be40][render thread 0x7f0301180040] syncAndRender: frame rendered in 6ms, sync=0, render=0, swap=6
2026-07-14 19:19:39.514 DEBUG qt.scenegraph.time.renderloop: [window 0x7f030130be40][render thread 0x7f0301180040] syncAndRender: start, elapsed since last call: 6 ms
2026-07-14 19:19:39.514 DEBUG qt.scenegraph.time.renderloop: [window 0x7f030130be40][gui thread] Frame prepared, polish=0 ms, lock=0 ms, blockedForSync=0 ms, animations=0 ms
2026-07-14 19:19:39.514 DEBUG qt.scenegraph.time.renderer: time in renderer: total=0ms, preprocess=0, updates=0, rendering=0
2026-07-14 19:19:39.521 DEBUG qt.scenegraph.time.renderloop: [window 0x7f030130be40][gui thread] polishAndSync: start, elapsed since last call: 6 ms
2026-07-14 19:19:39.521 DEBUG qt.scenegraph.time.renderloop: [window 0x7f030130be40][render thread 0x7f0301180040] syncAndRender: frame rendered in 6ms, sync=0, render=0, swap=6
2026-07-14 19:19:39.521 DEBUG qt.scenegraph.time.renderloop: [window 0x7f030130be40][render thread 0x7f0301180040] syncAndRender: start, elapsed since last call: 7 ms
2026-07-14 19:19:39.521 DEBUG qt.scenegraph.time.renderloop: [window 0x7f030130be40][gui thread] Frame prepared, polish=0 ms, lock=0 ms, blockedForSync=0 ms, animations=0 ms
2026-07-14 19:19:39.521 DEBUG qt.scenegraph.time.renderer: time in renderer: total=0ms, preprocess=0, updates=0, rendering=0
2026-07-14 19:19:39.528 DEBUG qt.scenegraph.time.renderloop: [window 0x7f030130be40][gui thread] polishAndSync: start, elapsed since last call: 6 ms
2026-07-14 19:19:39.528 DEBUG qt.scenegraph.time.renderloop: [window 0x7f030130be40][render thread 0x7f0301180040] syncAndRender: frame rendered in 6ms, sync=0, render=0, swap=6
2026-07-14 19:19:39.528 DEBUG qt.scenegraph.time.renderloop: [window 0x7f030130be40][render thread 0x7f0301180040] syncAndRender: start, elapsed since last call: 6 ms
2026-07-14 19:19:39.528 DEBUG qt.scenegraph.time.renderloop: [window 0x7f030130be40][gui thread] Frame prepared, polish=0 ms, lock=0 ms, blockedForSync=0 ms, animations=0 ms
2026-07-14 19:19:39.528 DEBUG qt.scenegraph.time.renderer: time in renderer: total=0ms, preprocess=0, updates=0, rendering=0
2026-07-14 19:19:39.535 DEBUG qt.scenegraph.time.renderloop: [window 0x7f030130be40][gui thread] polishAndSync: start, elapsed since last call: 7 ms
2026-07-14 19:19:39.535 DEBUG qt.scenegraph.time.renderloop: [window 0x7f030130be40][render thread 0x7f0301180040] syncAndRender: frame rendered in 6ms, sync=0, render=0, swap=6
2026-07-14 19:19:39.535 DEBUG qt.scenegraph.time.renderloop: [window 0x7f030130be40][render thread 0x7f0301180040] syncAndRender: start, elapsed since last call: 6 ms
2026-07-14 19:19:39.535 DEBUG qt.scenegraph.time.renderloop: [window 0x7f030130be40][gui thread] Frame prepared, polish=0 ms, lock=0 ms, blockedForSync=0 ms, animations=0 ms
2026-07-14 19:19:39.535 DEBUG qt.scenegraph.time.renderer: time in renderer: total=0ms, preprocess=0, updates=0, rendering=0
2026-07-14 19:19:39.542 DEBUG qt.scenegraph.time.renderloop: [window 0x7f030130be40][gui thread] polishAndSync: start, elapsed since last call: 6 ms
2026-07-14 19:19:39.542 DEBUG qt.scenegraph.time.renderloop: [window 0x7f030130be40][render thread 0x7f0301180040] syncAndRender: frame rendered in 6ms, sync=0, render=0, swap=6
2026-07-14 19:19:39.542 DEBUG qt.scenegraph.time.renderloop: [window 0x7f030130be40][render thread 0x7f0301180040] syncAndRender: start, elapsed since last call: 7 ms
2026-07-14 19:19:39.542 DEBUG qt.scenegraph.time.renderloop: [window 0x7f030130be40][gui thread] Frame prepared, polish=0 ms, lock=0 ms, blockedForSync=0 ms, animations=0 ms
2026-07-14 19:19:39.542 DEBUG qt.scenegraph.time.renderer: time in renderer: total=0ms, preprocess=0, updates=0, rendering=0
2026-07-14 19:19:39.549 DEBUG qt.scenegraph.time.renderloop: [window 0x7f030130be40][gui thread] polishAndSync: start, elapsed since last call: 7 ms
2026-07-14 19:19:39.549 DEBUG qt.scenegraph.time.renderloop: [window 0x7f030130be40][render thread 0x7f0301180040] syncAndRender: frame rendered in 6ms, sync=0, render=0, swap=6
2026-07-14 19:19:39.549 DEBUG qt.scenegraph.time.renderloop: [window 0x7f030130be40][render thread 0x7f0301180040] syncAndRender: start, elapsed since last call: 6 ms
2026-07-14 19:19:39.549 DEBUG qt.scenegraph.time.renderloop: [window 0x7f030130be40][gui thread] Frame prepared, polish=0 ms, lock=0 ms, blockedForSync=0 ms, animations=0 ms
2026-07-14 19:19:39.549 DEBUG qt.scenegraph.time.renderer: time in renderer: total=0ms, preprocess=0, updates=0, rendering=0
2026-07-14 19:19:39.556 DEBUG qt.scenegraph.time.renderloop: [window 0x7f030130be40][gui thread] polishAndSync: start, elapsed since last call: 6 ms
2026-07-14 19:19:39.556 DEBUG qt.scenegraph.time.renderloop: [window 0x7f030130be40][render thread 0x7f0301180040] syncAndRender: frame rendered in 6ms, sync=0, render=0, swap=6
2026-07-14 19:19:39.556 DEBUG qt.scenegraph.time.renderloop: [window 0x7f030130be40][render thread 0x7f0301180040] syncAndRender: start, elapsed since last call: 6 ms
2026-07-14 19:19:39.556 DEBUG qt.scenegraph.time.renderloop: [window 0x7f030130be40][gui thread] Frame prepared, polish=0 ms, lock=0 ms, blockedForSync=0 ms, animations=0 ms
2026-07-14 19:19:39.556 DEBUG qt.scenegraph.time.renderer: time in renderer: total=0ms, preprocess=0, updates=0, rendering=0
2026-07-14 19:19:39.562 DEBUG qt.scenegraph.time.renderloop: [window 0x7f030130be40][gui thread] polishAndSync: start, elapsed since last call: 6 ms
2026-07-14 19:19:39.562 DEBUG qt.scenegraph.time.renderloop: [window 0x7f030130be40][render thread 0x7f0301180040] syncAndRender: frame rendered in 6ms, sync=0, render=0, swap=6
2026-07-14 19:19:39.563 DEBUG qt.scenegraph.time.renderloop: [window 0x7f030130be40][render thread 0x7f0301180040] syncAndRender: start, elapsed since last call: 7 ms
2026-07-14 19:19:39.563 DEBUG qt.scenegraph.time.renderloop: [window 0x7f030130be40][gui thread] Frame prepared, polish=0 ms, lock=0 ms, blockedForSync=0 ms, animations=0 ms
2026-07-14 19:19:39.563 DEBUG qt.scenegraph.time.renderer: time in renderer: total=0ms, preprocess=0, updates=0, rendering=0
2026-07-14 19:19:39.569 DEBUG qt.scenegraph.time.renderloop: [window 0x7f030130be40][gui thread] polishAndSync: start, elapsed since last call: 6 ms
2026-07-14 19:19:39.569 DEBUG qt.scenegraph.time.renderloop: [window 0x7f030130be40][render thread 0x7f0301180040] syncAndRender: frame rendered in 6ms, sync=0, render=0, swap=6
2026-07-14 19:19:39.569 DEBUG qt.scenegraph.time.renderloop: [window 0x7f030130be40][render thread 0x7f0301180040] syncAndRender: start, elapsed since last call: 6 ms
2026-07-14 19:19:39.569 DEBUG qt.scenegraph.time.renderloop: [window 0x7f030130be40][gui thread] Frame prepared, polish=0 ms, lock=0 ms, blockedForSync=0 ms, animations=0 ms
2026-07-14 19:19:39.569 DEBUG qt.scenegraph.time.renderer: time in renderer: total=0ms, preprocess=0, updates=0, rendering=0
2026-07-14 19:19:39.576 DEBUG qt.scenegraph.time.renderloop: [window 0x7f030130be40][gui thread] polishAndSync: start, elapsed since last call: 6 ms
2026-07-14 19:19:39.576 DEBUG qt.scenegraph.time.renderloop: [window 0x7f030130be40][render thread 0x7f0301180040] syncAndRender: frame rendered in 6ms, sync=0, render=0, swap=6
2026-07-14 19:19:39.578 DEBUG qt.scenegraph.time.renderloop: [window 0x7f030130be40][render thread 0x7f0301180040] syncAndRender: start, elapsed since last call: 9 ms
2026-07-14 19:19:39.579 DEBUG qt.scenegraph.time.renderloop: [window 0x7f030130be40][gui thread] Frame prepared, polish=2 ms, lock=0 ms, blockedForSync=0 ms, animations=0 ms
2026-07-14 19:19:39.579 DEBUG qt.scenegraph.time.renderer: time in renderer: total=0ms, preprocess=0, updates=0, rendering=0
2026-07-14 19:19:39.583 DEBUG qt.scenegraph.time.renderloop: [window 0x7f030130be40][gui thread] polishAndSync: start, elapsed since last call: 6 ms
2026-07-14 19:19:39.583 DEBUG qt.scenegraph.time.renderloop: [window 0x7f030130be40][render thread 0x7f0301180040] syncAndRender: frame rendered in 4ms, sync=0, render=0, swap=4
2026-07-14 19:19:39.583 DEBUG qt.scenegraph.time.renderloop: [window 0x7f030130be40][render thread 0x7f0301180040] syncAndRender: start, elapsed since last call: 4 ms
2026-07-14 19:19:39.583 DEBUG qt.scenegraph.time.renderloop: [window 0x7f030130be40][gui thread] Frame prepared, polish=0 ms, lock=0 ms, blockedForSync=0 ms, animations=0 ms
2026-07-14 19:19:39.583 DEBUG qt.scenegraph.time.renderer: time in renderer: total=0ms, preprocess=0, updates=0, rendering=0
2026-07-14 19:19:39.590 DEBUG qt.scenegraph.time.renderloop: [window 0x7f030130be40][gui thread] polishAndSync: start, elapsed since last call: 6 ms
2026-07-14 19:19:39.590 DEBUG qt.scenegraph.time.renderloop: [window 0x7f030130be40][render thread 0x7f0301180040] syncAndRender: frame rendered in 6ms, sync=0, render=0, swap=6
2026-07-14 19:19:39.590 DEBUG qt.scenegraph.time.renderloop: [window 0x7f030130be40][render thread 0x7f0301180040] syncAndRender: start, elapsed since last call: 6 ms
2026-07-14 19:19:39.590 DEBUG qt.scenegraph.time.renderloop: [window 0x7f030130be40][gui thread] Frame prepared, polish=0 ms, lock=0 ms, blockedForSync=0 ms, animations=0 ms
2026-07-14 19:19:39.590 DEBUG qt.scenegraph.time.renderer: time in renderer: total=0ms, preprocess=0, updates=0, rendering=0
2026-07-14 19:19:39.597 DEBUG qt.scenegraph.time.renderloop: [window 0x7f030130be40][render thread 0x7f0301180040] syncAndRender: frame rendered in 6ms, sync=0, render=0, swap=6
2026-07-14 19:19:39.612 DEBUG qt.scenegraph.time.renderloop: [window 0x7f030130be40][gui thread] polishAndSync: start, elapsed since last call: 22 ms
2026-07-14 19:19:39.613 DEBUG qt.scenegraph.time.renderloop: [window 0x7f030130be40][render thread 0x7f0301180040] syncAndRender: start, elapsed since last call: 22 ms
2026-07-14 19:19:39.613 DEBUG qt.scenegraph.time.renderloop: [window 0x7f030130be40][gui thread] Frame prepared, polish=0 ms, lock=0 ms, blockedForSync=0 ms, animations=0 ms
2026-07-14 19:19:39.613 DEBUG qt.scenegraph.time.renderer: time in renderer: total=0ms, preprocess=0, updates=0, rendering=0
2026-07-14 19:19:39.613 DEBUG qt.scenegraph.time.renderloop: [window 0x7f030130be40][render thread 0x7f0301180040] syncAndRender: frame rendered in 0ms, sync=0, render=0, swap=0
2026-07-14 19:19:39.618 DEBUG qt.scenegraph.time.renderloop: [window 0x7f030130be40][gui thread] polishAndSync: start, elapsed since last call: 5 ms
2026-07-14 19:19:39.618 DEBUG qt.scenegraph.time.renderloop: [window 0x7f030130be40][render thread 0x7f0301180040] syncAndRender: start, elapsed since last call: 5 ms
2026-07-14 19:19:39.618 DEBUG qt.scenegraph.time.renderloop: [window 0x7f030130be40][gui thread] Frame prepared, polish=0 ms, lock=0 ms, blockedForSync=0 ms, animations=0 ms
2026-07-14 19:19:39.618 DEBUG qt.scenegraph.time.renderer: time in renderer: total=0ms, preprocess=0, updates=0, rendering=0
2026-07-14 19:19:39.619 DEBUG qt.scenegraph.time.renderloop: [window 0x7f030130be40][render thread 0x7f0301180040] syncAndRender: frame rendered in 0ms, sync=0, render=0, swap=0
2026-07-14 19:19:39.645 DEBUG qt.scenegraph.time.renderloop: [window 0x7f030130be40][gui thread] polishAndSync: start, elapsed since last call: 27 ms
2026-07-14 19:19:39.646 DEBUG qt.scenegraph.time.renderloop: [window 0x7f030130be40][render thread 0x7f0301180040] syncAndRender: start, elapsed since last call: 27 ms
2026-07-14 19:19:39.646 DEBUG qt.scenegraph.time.renderloop: [window 0x7f030130be40][gui thread] Frame prepared, polish=0 ms, lock=0 ms, blockedForSync=0 ms, animations=0 ms
2026-07-14 19:19:39.646 DEBUG qt.scenegraph.time.renderer: time in renderer: total=0ms, preprocess=0, updates=0, rendering=0
2026-07-14 19:19:39.646 DEBUG qt.scenegraph.time.renderloop: [window 0x7f030130be40][render thread 0x7f0301180040] syncAndRender: frame rendered in 0ms, sync=0, render=0, swap=0
2026-07-14 19:19:39.653 DEBUG qt.scenegraph.time.renderloop: [window 0x7f030130be40][gui thread] polishAndSync: start, elapsed since last call: 7 ms
2026-07-14 19:19:39.653 DEBUG qt.scenegraph.time.renderloop: [window 0x7f030130be40][render thread 0x7f0301180040] syncAndRender: start, elapsed since last call: 7 ms
2026-07-14 19:19:39.653 DEBUG qt.scenegraph.time.renderloop: [window 0x7f030130be40][gui thread] Frame prepared, polish=0 ms, lock=0 ms, blockedForSync=0 ms, animations=0 ms
2026-07-14 19:19:39.653 DEBUG qt.scenegraph.time.renderer: time in renderer: total=0ms, preprocess=0, updates=0, rendering=0
2026-07-14 19:19:39.654 DEBUG qt.scenegraph.time.renderloop: [window 0x7f030130be40][render thread 0x7f0301180040] syncAndRender: frame rendered in 0ms, sync=0, render=0, swap=0
2026-07-14 19:19:39.678 DEBUG qt.scenegraph.time.renderloop: [window 0x7f030130be40][gui thread] polishAndSync: start, elapsed since last call: 25 ms
2026-07-14 19:19:39.678 DEBUG qt.scenegraph.time.renderloop: [window 0x7f030130be40][render thread 0x7f0301180040] syncAndRender: start, elapsed since last call: 25 ms
2026-07-14 19:19:39.679 DEBUG qt.scenegraph.time.renderloop: [window 0x7f030130be40][gui thread] Frame prepared, polish=0 ms, lock=0 ms, blockedForSync=0 ms, animations=0 ms
2026-07-14 19:19:39.679 DEBUG qt.scenegraph.time.renderer: time in renderer: total=0ms, preprocess=0, updates=0, rendering=0
2026-07-14 19:19:39.679 DEBUG qt.scenegraph.time.renderloop: [window 0x7f030130be40][render thread 0x7f0301180040] syncAndRender: frame rendered in 0ms, sync=0, render=0, swap=0
2026-07-14 19:19:39.681 DEBUG qt.scenegraph.time.renderloop: [window 0x7f030130be40][gui thread] polishAndSync: start, elapsed since last call: 2 ms
2026-07-14 19:19:39.681 DEBUG qt.scenegraph.time.renderloop: [window 0x7f030130be40][render thread 0x7f0301180040] syncAndRender: start, elapsed since last call: 2 ms
2026-07-14 19:19:39.681 DEBUG qt.scenegraph.time.renderloop: [window 0x7f030130be40][gui thread] Frame prepared, polish=0 ms, lock=0 ms, blockedForSync=0 ms, animations=0 ms
2026-07-14 19:19:39.681 DEBUG qt.scenegraph.time.renderer: time in renderer: total=0ms, preprocess=0, updates=0, rendering=0
2026-07-14 19:19:39.681 DEBUG qt.scenegraph.time.renderloop: [window 0x7f030130be40][render thread 0x7f0301180040] syncAndRender: frame rendered in 0ms, sync=0, render=0, swap=0
2026-07-14 19:19:39.711 DEBUG qt.scenegraph.time.renderloop: [window 0x7f030130be40][gui thread] polishAndSync: start, elapsed since last call: 30 ms
2026-07-14 19:19:39.711 DEBUG qt.scenegraph.time.renderloop: [window 0x7f030130be40][render thread 0x7f0301180040] syncAndRender: start, elapsed since last call: 30 ms
2026-07-14 19:19:39.711 DEBUG qt.scenegraph.time.renderloop: [window 0x7f030130be40][gui thread] Frame prepared, polish=0 ms, lock=0 ms, blockedForSync=0 ms, animations=0 ms
2026-07-14 19:19:39.711 DEBUG qt.scenegraph.time.renderer: time in renderer: total=0ms, preprocess=0, updates=0, rendering=0
2026-07-14 19:19:39.712 DEBUG qt.scenegraph.time.renderloop: [window 0x7f030130be40][render thread 0x7f0301180040] syncAndRender: frame rendered in 0ms, sync=0, render=0, swap=0
2026-07-14 19:19:39.716 DEBUG qt.scenegraph.time.renderloop: [window 0x7f030130be40][gui thread] polishAndSync: start, elapsed since last call: 4 ms
2026-07-14 19:19:39.716 DEBUG qt.scenegraph.time.renderloop: [window 0x7f030130be40][render thread 0x7f0301180040] syncAndRender: start, elapsed since last call: 4 ms
2026-07-14 19:19:39.716 DEBUG qt.scenegraph.time.renderloop: [window 0x7f030130be40][gui thread] Frame prepared, polish=0 ms, lock=0 ms, blockedForSync=0 ms, animations=0 ms
2026-07-14 19:19:39.716 DEBUG qt.scenegraph.time.renderer: time in renderer: total=0ms, preprocess=0, updates=0, rendering=0
2026-07-14 19:19:39.716 DEBUG qt.scenegraph.time.renderloop: [window 0x7f030130be40][render thread 0x7f0301180040] syncAndRender: frame rendered in 0ms, sync=0, render=0, swap=0
2026-07-14 19:19:39.745 DEBUG qt.scenegraph.time.renderloop: [window 0x7f030130be40][gui thread] polishAndSync: start, elapsed since last call: 29 ms
2026-07-14 19:19:39.745 DEBUG qt.scenegraph.time.renderloop: [window 0x7f030130be40][render thread 0x7f0301180040] syncAndRender: start, elapsed since last call: 29 ms
2026-07-14 19:19:39.745 DEBUG qt.scenegraph.time.renderloop: [window 0x7f030130be40][gui thread] Frame prepared, polish=0 ms, lock=0 ms, blockedForSync=0 ms, animations=0 ms
2026-07-14 19:19:39.745 DEBUG qt.scenegraph.time.renderer: time in renderer: total=0ms, preprocess=0, updates=0, rendering=0
2026-07-14 19:19:39.745 DEBUG qt.scenegraph.time.renderloop: [window 0x7f030130be40][render thread 0x7f0301180040] syncAndRender: frame rendered in 0ms, sync=0, render=0, swap=0
2026-07-14 19:19:39.750 DEBUG qt.scenegraph.time.renderloop: [window 0x7f030130be40][gui thread] polishAndSync: start, elapsed since last call: 5 ms
2026-07-14 19:19:39.750 DEBUG qt.scenegraph.time.renderloop: [window 0x7f030130be40][render thread 0x7f0301180040] syncAndRender: start, elapsed since last call: 5 ms
2026-07-14 19:19:39.750 DEBUG qt.scenegraph.time.renderloop: [window 0x7f030130be40][gui thread] Frame prepared, polish=0 ms, lock=0 ms, blockedForSync=0 ms, animations=0 ms
2026-07-14 19:19:39.750 DEBUG qt.scenegraph.time.renderer: time in renderer: total=0ms, preprocess=0, updates=0, rendering=0
2026-07-14 19:19:39.750 DEBUG qt.scenegraph.time.renderloop: [window 0x7f030130be40][render thread 0x7f0301180040] syncAndRender: frame rendered in 0ms, sync=0, render=0, swap=0
2026-07-14 19:19:39.777 DEBUG qt.scenegraph.time.renderloop: [window 0x7f030130be40][gui thread] polishAndSync: start, elapsed since last call: 27 ms
2026-07-14 19:19:39.778 DEBUG qt.scenegraph.time.renderloop: [window 0x7f030130be40][render thread 0x7f0301180040] syncAndRender: start, elapsed since last call: 27 ms
2026-07-14 19:19:39.778 DEBUG qt.scenegraph.time.renderloop: [window 0x7f030130be40][gui thread] Frame prepared, polish=0 ms, lock=0 ms, blockedForSync=0 ms, animations=0 ms
2026-07-14 19:19:39.778 DEBUG qt.scenegraph.time.renderer: time in renderer: total=0ms, preprocess=0, updates=0, rendering=0
2026-07-14 19:19:39.778 DEBUG qt.scenegraph.time.renderloop: [window 0x7f030130be40][render thread 0x7f0301180040] syncAndRender: frame rendered in 0ms, sync=0, render=0, swap=0
2026-07-14 19:19:39.785 DEBUG qt.scenegraph.time.renderloop: [window 0x7f030130be40][gui thread] polishAndSync: start, elapsed since last call: 7 ms
2026-07-14 19:19:39.785 DEBUG qt.scenegraph.time.renderloop: [window 0x7f030130be40][render thread 0x7f0301180040] syncAndRender: start, elapsed since last call: 7 ms
2026-07-14 19:19:39.785 DEBUG qt.scenegraph.time.renderloop: [window 0x7f030130be40][gui thread] Frame prepared, polish=0 ms, lock=0 ms, blockedForSync=0 ms, animations=0 ms
2026-07-14 19:19:39.785 DEBUG qt.scenegraph.time.renderer: time in renderer: total=0ms, preprocess=0, updates=0, rendering=0
2026-07-14 19:19:39.785 DEBUG qt.scenegraph.time.renderloop: [window 0x7f030130be40][render thread 0x7f0301180040] syncAndRender: frame rendered in 0ms, sync=0, render=0, swap=0
2026-07-14 19:19:39.810 DEBUG qt.scenegraph.time.renderloop: [window 0x7f030130be40][gui thread] polishAndSync: start, elapsed since last call: 25 ms
2026-07-14 19:19:39.811 DEBUG qt.scenegraph.time.renderloop: [window 0x7f030130be40][render thread 0x7f0301180040] syncAndRender: start, elapsed since last call: 25 ms
2026-07-14 19:19:39.811 DEBUG qt.scenegraph.time.renderloop: [window 0x7f030130be40][gui thread] Frame prepared, polish=0 ms, lock=0 ms, blockedForSync=0 ms, animations=0 ms
2026-07-14 19:19:39.811 DEBUG qt.scenegraph.time.renderer: time in renderer: total=0ms, preprocess=0, updates=0, rendering=0
2026-07-14 19:19:39.811 DEBUG qt.scenegraph.time.renderloop: [window 0x7f030130be40][render thread 0x7f0301180040] syncAndRender: frame rendered in 0ms, sync=0, render=0, swap=0
2026-07-14 19:19:39.813 DEBUG qt.scenegraph.time.renderloop: [window 0x7f030130be40][gui thread] polishAndSync: start, elapsed since last call: 2 ms
2026-07-14 19:19:39.813 DEBUG qt.scenegraph.time.renderloop: [window 0x7f030130be40][render thread 0x7f0301180040] syncAndRender: start, elapsed since last call: 2 ms
2026-07-14 19:19:39.813 DEBUG qt.scenegraph.time.renderloop: [window 0x7f030130be40][gui thread] Frame prepared, polish=0 ms, lock=0 ms, blockedForSync=0 ms, animations=0 ms
2026-07-14 19:19:39.813 DEBUG qt.scenegraph.time.renderer: time in renderer: total=0ms, preprocess=0, updates=0, rendering=0
2026-07-14 19:19:39.813 DEBUG qt.scenegraph.time.renderloop: [window 0x7f030130be40][render thread 0x7f0301180040] syncAndRender: frame rendered in 0ms, sync=0, render=0, swap=0
2026-07-14 19:19:39.844 DEBUG qt.scenegraph.time.renderloop: [window 0x7f030130be40][gui thread] polishAndSync: start, elapsed since last call: 30 ms
2026-07-14 19:19:39.844 DEBUG qt.scenegraph.time.renderloop: [window 0x7f030130be40][render thread 0x7f0301180040] syncAndRender: start, elapsed since last call: 31 ms
2026-07-14 19:19:39.844 DEBUG qt.scenegraph.time.renderloop: [window 0x7f030130be40][gui thread] Frame prepared, polish=0 ms, lock=0 ms, blockedForSync=0 ms, animations=0 ms
2026-07-14 19:19:39.844 DEBUG qt.scenegraph.time.renderer: time in renderer: total=0ms, preprocess=0, updates=0, rendering=0
2026-07-14 19:19:39.845 DEBUG qt.scenegraph.time.renderloop: [window 0x7f030130be40][render thread 0x7f0301180040] syncAndRender: frame rendered in 0ms, sync=0, render=0, swap=0
2026-07-14 19:19:39.847 DEBUG qt.scenegraph.time.renderloop: [window 0x7f030130be40][gui thread] polishAndSync: start, elapsed since last call: 3 ms
2026-07-14 19:19:39.847 DEBUG qt.scenegraph.time.renderloop: [window 0x7f030130be40][render thread 0x7f0301180040] syncAndRender: start, elapsed since last call: 3 ms
2026-07-14 19:19:39.848 DEBUG qt.scenegraph.time.renderloop: [window 0x7f030130be40][gui thread] Frame prepared, polish=0 ms, lock=0 ms, blockedForSync=0 ms, animations=0 ms
2026-07-14 19:19:39.848 DEBUG qt.scenegraph.time.renderer: time in renderer: total=0ms, preprocess=0, updates=0, rendering=0
2026-07-14 19:19:39.848 DEBUG qt.scenegraph.time.renderloop: [window 0x7f030130be40][render thread 0x7f0301180040] syncAndRender: frame rendered in 0ms, sync=0, render=0, swap=0
2026-07-14 19:19:39.877 DEBUG qt.scenegraph.time.renderloop: [window 0x7f030130be40][gui thread] polishAndSync: start, elapsed since last call: 29 ms
2026-07-14 19:19:39.877 DEBUG qt.scenegraph.time.renderloop: [window 0x7f030130be40][render thread 0x7f0301180040] syncAndRender: start, elapsed since last call: 29 ms
2026-07-14 19:19:39.877 DEBUG qt.scenegraph.time.renderloop: [window 0x7f030130be40][gui thread] Frame prepared, polish=0 ms, lock=0 ms, blockedForSync=0 ms, animations=0 ms
2026-07-14 19:19:39.877 DEBUG qt.scenegraph.time.renderer: time in renderer: total=0ms, preprocess=0, updates=0, rendering=0
2026-07-14 19:19:39.877 DEBUG qt.scenegraph.time.renderloop: [window 0x7f030130be40][render thread 0x7f0301180040] syncAndRender: frame rendered in 0ms, sync=0, render=0, swap=0
2026-07-14 19:19:39.882 DEBUG qt.scenegraph.time.renderloop: [window 0x7f030130be40][gui thread] polishAndSync: start, elapsed since last call: 5 ms
2026-07-14 19:19:39.882 DEBUG qt.scenegraph.time.renderloop: [window 0x7f030130be40][render thread 0x7f0301180040] syncAndRender: start, elapsed since last call: 5 ms
2026-07-14 19:19:39.882 DEBUG qt.scenegraph.time.renderloop: [window 0x7f030130be40][gui thread] Frame prepared, polish=0 ms, lock=0 ms, blockedForSync=0 ms, animations=0 ms
2026-07-14 19:19:39.882 DEBUG qt.scenegraph.time.renderer: time in renderer: total=0ms, preprocess=0, updates=0, rendering=0
2026-07-14 19:19:39.883 DEBUG qt.scenegraph.time.renderloop: [window 0x7f030130be40][render thread 0x7f0301180040] syncAndRender: frame rendered in 0ms, sync=0, render=0, swap=0
2026-07-14 19:19:39.909 DEBUG qt.scenegraph.time.renderloop: [window 0x7f030130be40][gui thread] polishAndSync: start, elapsed since last call: 27 ms
2026-07-14 19:19:39.910 DEBUG qt.scenegraph.time.renderloop: [window 0x7f030130be40][render thread 0x7f0301180040] syncAndRender: start, elapsed since last call: 27 ms
2026-07-14 19:19:39.910 DEBUG qt.scenegraph.time.renderloop: [window 0x7f030130be40][gui thread] Frame prepared, polish=0 ms, lock=0 ms, blockedForSync=0 ms, animations=0 ms
2026-07-14 19:19:39.910 DEBUG qt.scenegraph.time.renderer: time in renderer: total=0ms, preprocess=0, updates=0, rendering=0
2026-07-14 19:19:39.910 DEBUG qt.scenegraph.time.renderloop: [window 0x7f030130be40][render thread 0x7f0301180040] syncAndRender: frame rendered in 0ms, sync=0, render=0, swap=0
2026-07-14 19:19:39.917 DEBUG qt.scenegraph.time.renderloop: [window 0x7f030130be40][gui thread] polishAndSync: start, elapsed since last call: 7 ms
2026-07-14 19:19:39.917 DEBUG qt.scenegraph.time.renderloop: [window 0x7f030130be40][render thread 0x7f0301180040] syncAndRender: start, elapsed since last call: 7 ms
2026-07-14 19:19:39.917 DEBUG qt.scenegraph.time.renderloop: [window 0x7f030130be40][gui thread] Frame prepared, polish=0 ms, lock=0 ms, blockedForSync=0 ms, animations=0 ms
2026-07-14 19:19:39.917 DEBUG qt.scenegraph.time.renderer: time in renderer: total=0ms, preprocess=0, updates=0, rendering=0
2026-07-14 19:19:39.918 DEBUG qt.scenegraph.time.renderloop: [window 0x7f030130be40][render thread 0x7f0301180040] syncAndRender: frame rendered in 0ms, sync=0, render=0, swap=0
2026-07-14 19:19:39.942 DEBUG qt.scenegraph.time.renderloop: [window 0x7f030130be40][gui thread] polishAndSync: start, elapsed since last call: 24 ms
2026-07-14 19:19:39.942 DEBUG qt.scenegraph.time.renderloop: [window 0x7f030130be40][render thread 0x7f0301180040] syncAndRender: start, elapsed since last call: 25 ms
2026-07-14 19:19:39.942 DEBUG qt.scenegraph.time.renderloop: [window 0x7f030130be40][gui thread] Frame prepared, polish=0 ms, lock=0 ms, blockedForSync=0 ms, animations=0 ms
2026-07-14 19:19:39.942 DEBUG qt.scenegraph.time.renderer: time in renderer: total=0ms, preprocess=0, updates=0, rendering=0
2026-07-14 19:19:39.943 DEBUG qt.scenegraph.time.renderloop: [window 0x7f030130be40][render thread 0x7f0301180040] syncAndRender: frame rendered in 0ms, sync=0, render=0, swap=0
2026-07-14 19:19:39.945 DEBUG qt.scenegraph.time.renderloop: [window 0x7f030130be40][gui thread] polishAndSync: start, elapsed since last call: 2 ms
2026-07-14 19:19:39.945 DEBUG qt.scenegraph.time.renderloop: [window 0x7f030130be40][render thread 0x7f0301180040] syncAndRender: start, elapsed since last call: 2 ms
2026-07-14 19:19:39.945 DEBUG qt.scenegraph.time.renderloop: [window 0x7f030130be40][gui thread] Frame prepared, polish=0 ms, lock=0 ms, blockedForSync=0 ms, animations=0 ms
2026-07-14 19:19:39.945 DEBUG qt.scenegraph.time.renderer: time in renderer: total=0ms, preprocess=0, updates=0, rendering=0
2026-07-14 19:19:39.945 DEBUG qt.scenegraph.time.renderloop: [window 0x7f030130be40][render thread 0x7f0301180040] syncAndRender: frame rendered in 0ms, sync=0, render=0, swap=0
2026-07-14 19:19:39.976 DEBUG qt.scenegraph.time.renderloop: [window 0x7f030130be40][gui thread] polishAndSync: start, elapsed since last call: 31 ms
2026-07-14 19:19:39.976 DEBUG qt.scenegraph.time.renderloop: [window 0x7f030130be40][render thread 0x7f0301180040] syncAndRender: start, elapsed since last call: 31 ms
2026-07-14 19:19:39.976 DEBUG qt.scenegraph.time.renderloop: [window 0x7f030130be40][gui thread] Frame prepared, polish=0 ms, lock=0 ms, blockedForSync=0 ms, animations=0 ms
2026-07-14 19:19:39.976 DEBUG qt.scenegraph.time.renderer: time in renderer: total=0ms, preprocess=0, updates=0, rendering=0
2026-07-14 19:19:39.977 DEBUG qt.scenegraph.time.renderloop: [window 0x7f030130be40][render thread 0x7f0301180040] syncAndRender: frame rendered in 0ms, sync=0, render=0, swap=0
2026-07-14 19:19:39.979 DEBUG qt.scenegraph.time.renderloop: [window 0x7f030130be40][gui thread] polishAndSync: start, elapsed since last call: 3 ms
2026-07-14 19:19:39.979 DEBUG qt.scenegraph.time.renderloop: [window 0x7f030130be40][render thread 0x7f0301180040] syncAndRender: start, elapsed since last call: 3 ms
2026-07-14 19:19:39.980 DEBUG qt.scenegraph.time.renderloop: [window 0x7f030130be40][gui thread] Frame prepared, polish=0 ms, lock=0 ms, blockedForSync=0 ms, animations=0 ms
2026-07-14 19:19:39.980 DEBUG qt.scenegraph.time.renderer: time in renderer: total=0ms, preprocess=0, updates=0, rendering=0
2026-07-14 19:19:39.980 DEBUG qt.scenegraph.time.renderloop: [window 0x7f030130be40][render thread 0x7f0301180040] syncAndRender: frame rendered in 0ms, sync=0, render=0, swap=0
2026-07-14 19:19:40.009 DEBUG qt.scenegraph.time.renderloop: [window 0x7f030130be40][gui thread] polishAndSync: start, elapsed since last call: 29 ms
2026-07-14 19:19:40.009 DEBUG qt.scenegraph.time.renderloop: [window 0x7f030130be40][render thread 0x7f0301180040] syncAndRender: start, elapsed since last call: 29 ms
2026-07-14 19:19:40.009 DEBUG qt.scenegraph.time.renderloop: [window 0x7f030130be40][gui thread] Frame prepared, polish=0 ms, lock=0 ms, blockedForSync=0 ms, animations=0 ms
2026-07-14 19:19:40.009 DEBUG qt.scenegraph.time.renderer: time in renderer: total=0ms, preprocess=0, updates=0, rendering=0
2026-07-14 19:19:40.009 DEBUG qt.scenegraph.time.renderloop: [window 0x7f030130be40][render thread 0x7f0301180040] syncAndRender: frame rendered in 0ms, sync=0, render=0, swap=0
2026-07-14 19:19:40.014 DEBUG qt.scenegraph.time.renderloop: [window 0x7f030130be40][gui thread] polishAndSync: start, elapsed since last call: 5 ms
2026-07-14 19:19:40.014 DEBUG qt.scenegraph.time.renderloop: [window 0x7f030130be40][render thread 0x7f0301180040] syncAndRender: start, elapsed since last call: 5 ms
2026-07-14 19:19:40.014 DEBUG qt.scenegraph.time.renderloop: [window 0x7f030130be40][gui thread] Frame prepared, polish=0 ms, lock=0 ms, blockedForSync=0 ms, animations=0 ms
2026-07-14 19:19:40.014 DEBUG qt.scenegraph.time.renderer: time in renderer: total=0ms, preprocess=0, updates=0, rendering=0
2026-07-14 19:19:40.015 DEBUG qt.scenegraph.time.renderloop: [window 0x7f030130be40][render thread 0x7f0301180040] syncAndRender: frame rendered in 0ms, sync=0, render=0, swap=0
2026-07-14 19:19:40.041 DEBUG qt.scenegraph.time.renderloop: [window 0x7f030130be40][gui thread] polishAndSync: start, elapsed since last call: 27 ms
2026-07-14 19:19:40.042 DEBUG qt.scenegraph.time.renderloop: [window 0x7f030130be40][render thread 0x7f0301180040] syncAndRender: start, elapsed since last call: 27 ms
2026-07-14 19:19:40.042 DEBUG qt.scenegraph.time.renderloop: [window 0x7f030130be40][gui thread] Frame prepared, polish=0 ms, lock=0 ms, blockedForSync=0 ms, animations=0 ms
2026-07-14 19:19:40.042 DEBUG qt.scenegraph.time.renderer: time in renderer: total=0ms, preprocess=0, updates=0, rendering=0
2026-07-14 19:19:40.042 DEBUG qt.scenegraph.time.renderloop: [window 0x7f030130be40][render thread 0x7f0301180040] syncAndRender: frame rendered in 0ms, sync=0, render=0, swap=0
2026-07-14 19:19:40.049 DEBUG qt.scenegraph.time.renderloop: [window 0x7f030130be40][gui thread] polishAndSync: start, elapsed since last call: 7 ms
2026-07-14 19:19:40.049 DEBUG qt.scenegraph.time.renderloop: [window 0x7f030130be40][render thread 0x7f0301180040] syncAndRender: start, elapsed since last call: 7 ms
2026-07-14 19:19:40.049 DEBUG qt.scenegraph.time.renderloop: [window 0x7f030130be40][gui thread] Frame prepared, polish=0 ms, lock=0 ms, blockedForSync=0 ms, animations=0 ms
2026-07-14 19:19:40.049 DEBUG qt.scenegraph.time.renderer: time in renderer: total=0ms, preprocess=0, updates=0, rendering=0
2026-07-14 19:19:40.049 DEBUG qt.scenegraph.time.renderloop: [window 0x7f030130be40][render thread 0x7f0301180040] syncAndRender: frame rendered in 0ms, sync=0, render=0, swap=0
2026-07-14 19:19:40.074 DEBUG qt.scenegraph.time.renderloop: [window 0x7f030130be40][gui thread] polishAndSync: start, elapsed since last call: 25 ms
2026-07-14 19:19:40.074 DEBUG qt.scenegraph.time.renderloop: [window 0x7f030130be40][render thread 0x7f0301180040] syncAndRender: start, elapsed since last call: 25 ms
2026-07-14 19:19:40.074 DEBUG qt.scenegraph.time.renderloop: [window 0x7f030130be40][gui thread] Frame prepared, polish=0 ms, lock=0 ms, blockedForSync=0 ms, animations=0 ms
2026-07-14 19:19:40.074 DEBUG qt.scenegraph.time.renderer: time in renderer: total=0ms, preprocess=0, updates=0, rendering=0
2026-07-14 19:19:40.075 DEBUG qt.scenegraph.time.renderloop: [window 0x7f030130be40][render thread 0x7f0301180040] syncAndRender: frame rendered in 0ms, sync=0, render=0, swap=0
2026-07-14 19:19:40.077 DEBUG qt.scenegraph.time.renderloop: [window 0x7f030130be40][gui thread] polishAndSync: start, elapsed since last call: 2 ms
2026-07-14 19:19:40.077 DEBUG qt.scenegraph.time.renderloop: [window 0x7f030130be40][render thread 0x7f0301180040] syncAndRender: start, elapsed since last call: 2 ms
2026-07-14 19:19:40.077 DEBUG qt.scenegraph.time.renderloop: [window 0x7f030130be40][gui thread] Frame prepared, polish=0 ms, lock=0 ms, blockedForSync=0 ms, animations=0 ms
2026-07-14 19:19:40.077 DEBUG qt.scenegraph.time.renderer: time in renderer: total=0ms, preprocess=0, updates=0, rendering=0
2026-07-14 19:19:40.077 DEBUG qt.scenegraph.time.renderloop: [window 0x7f030130be40][render thread 0x7f0301180040] syncAndRender: frame rendered in 0ms, sync=0, render=0, swap=0
2026-07-14 19:19:40.107 DEBUG qt.scenegraph.time.renderloop: [window 0x7f030130be40][gui thread] polishAndSync: start, elapsed since last call: 30 ms
2026-07-14 19:19:40.107 DEBUG qt.scenegraph.time.renderloop: [window 0x7f030130be40][render thread 0x7f0301180040] syncAndRender: start, elapsed since last call: 30 ms
2026-07-14 19:19:40.107 DEBUG qt.scenegraph.time.renderloop: [window 0x7f030130be40][gui thread] Frame prepared, polish=0 ms, lock=0 ms, blockedForSync=0 ms, animations=0 ms
2026-07-14 19:19:40.107 DEBUG qt.scenegraph.time.renderer: time in renderer: total=0ms, preprocess=0, updates=0, rendering=0
2026-07-14 19:19:40.108 DEBUG qt.scenegraph.time.renderloop: [window 0x7f030130be40][render thread 0x7f0301180040] syncAndRender: frame rendered in 0ms, sync=0, render=0, swap=0
2026-07-14 19:19:40.111 DEBUG qt.scenegraph.time.renderloop: [window 0x7f030130be40][gui thread] polishAndSync: start, elapsed since last call: 4 ms
2026-07-14 19:19:40.111 DEBUG qt.scenegraph.time.renderloop: [window 0x7f030130be40][render thread 0x7f0301180040] syncAndRender: start, elapsed since last call: 4 ms
2026-07-14 19:19:40.112 DEBUG qt.scenegraph.time.renderloop: [window 0x7f030130be40][gui thread] Frame prepared, polish=0 ms, lock=0 ms, blockedForSync=0 ms, animations=0 ms
2026-07-14 19:19:40.112 DEBUG qt.scenegraph.time.renderer: time in renderer: total=0ms, preprocess=0, updates=0, rendering=0
2026-07-14 19:19:40.112 DEBUG qt.scenegraph.time.renderloop: [window 0x7f030130be40][render thread 0x7f0301180040] syncAndRender: frame rendered in 0ms, sync=0, render=0, swap=0
2026-07-14 19:19:40.141 DEBUG qt.scenegraph.time.renderloop: [window 0x7f030130be40][gui thread] polishAndSync: start, elapsed since last call: 29 ms
2026-07-14 19:19:40.141 DEBUG qt.scenegraph.time.renderloop: [window 0x7f030130be40][render thread 0x7f0301180040] syncAndRender: start, elapsed since last call: 29 ms
2026-07-14 19:19:40.141 DEBUG qt.scenegraph.time.renderloop: [window 0x7f030130be40][gui thread] Frame prepared, polish=0 ms, lock=0 ms, blockedForSync=0 ms, animations=0 ms
2026-07-14 19:19:40.141 DEBUG qt.scenegraph.time.renderer: time in renderer: total=0ms, preprocess=0, updates=0, rendering=0
2026-07-14 19:19:40.141 DEBUG qt.scenegraph.time.renderloop: [window 0x7f030130be40][render thread 0x7f0301180040] syncAndRender: frame rendered in 0ms, sync=0, render=0, swap=0
2026-07-14 19:19:40.146 DEBUG qt.scenegraph.time.renderloop: [window 0x7f030130be40][gui thread] polishAndSync: start, elapsed since last call: 5 ms
2026-07-14 19:19:40.146 DEBUG qt.scenegraph.time.renderloop: [window 0x7f030130be40][render thread 0x7f0301180040] syncAndRender: start, elapsed since last call: 5 ms
2026-07-14 19:19:40.146 DEBUG qt.scenegraph.time.renderloop: [window 0x7f030130be40][gui thread] Frame prepared, polish=0 ms, lock=0 ms, blockedForSync=0 ms, animations=0 ms
2026-07-14 19:19:40.146 DEBUG qt.scenegraph.time.renderer: time in renderer: total=0ms, preprocess=0, updates=0, rendering=0
2026-07-14 19:19:40.147 DEBUG qt.scenegraph.time.renderloop: [window 0x7f030130be40][render thread 0x7f0301180040] syncAndRender: frame rendered in 0ms, sync=0, render=0, swap=0
2026-07-14 19:19:40.174 DEBUG qt.scenegraph.time.renderloop: [window 0x7f030130be40][gui thread] polishAndSync: start, elapsed since last call: 27 ms
2026-07-14 19:19:40.174 DEBUG qt.scenegraph.time.renderloop: [window 0x7f030130be40][render thread 0x7f0301180040] syncAndRender: start, elapsed since last call: 27 ms
2026-07-14 19:19:40.174 DEBUG qt.scenegraph.time.renderloop: [window 0x7f030130be40][gui thread] Frame prepared, polish=0 ms, lock=0 ms, blockedForSync=0 ms, animations=0 ms
2026-07-14 19:19:40.174 DEBUG qt.scenegraph.time.renderer: time in renderer: total=0ms, preprocess=0, updates=0, rendering=0
2026-07-14 19:19:40.174 DEBUG qt.scenegraph.time.renderloop: [window 0x7f030130be40][render thread 0x7f0301180040] syncAndRender: frame rendered in 0ms, sync=0, render=0, swap=0
2026-07-14 19:19:40.181 DEBUG qt.scenegraph.time.renderloop: [window 0x7f030130be40][gui thread] polishAndSync: start, elapsed since last call: 7 ms
2026-07-14 19:19:40.181 DEBUG qt.scenegraph.time.renderloop: [window 0x7f030130be40][render thread 0x7f0301180040] syncAndRender: start, elapsed since last call: 7 ms
2026-07-14 19:19:40.181 DEBUG qt.scenegraph.time.renderloop: [window 0x7f030130be40][gui thread] Frame prepared, polish=0 ms, lock=0 ms, blockedForSync=0 ms, animations=0 ms
2026-07-14 19:19:40.181 DEBUG qt.scenegraph.time.renderer: time in renderer: total=0ms, preprocess=0, updates=0, rendering=0
2026-07-14 19:19:40.182 DEBUG qt.scenegraph.time.renderloop: [window 0x7f030130be40][render thread 0x7f0301180040] syncAndRender: frame rendered in 0ms, sync=0, render=0, swap=0
2026-07-14 19:19:40.206 DEBUG qt.scenegraph.time.renderloop: [window 0x7f030130be40][gui thread] polishAndSync: start, elapsed since last call: 24 ms
2026-07-14 19:19:40.207 DEBUG qt.scenegraph.time.renderloop: [window 0x7f030130be40][render thread 0x7f0301180040] syncAndRender: start, elapsed since last call: 25 ms
2026-07-14 19:19:40.207 DEBUG qt.scenegraph.time.renderloop: [window 0x7f030130be40][gui thread] Frame prepared, polish=0 ms, lock=0 ms, blockedForSync=0 ms, animations=0 ms
2026-07-14 19:19:40.207 DEBUG qt.scenegraph.time.renderer: time in renderer: total=0ms, preprocess=0, updates=0, rendering=0
2026-07-14 19:19:40.207 DEBUG qt.scenegraph.time.renderloop: [window 0x7f030130be40][render thread 0x7f0301180040] syncAndRender: frame rendered in 0ms, sync=0, render=0, swap=0
2026-07-14 19:19:40.209 DEBUG qt.scenegraph.time.renderloop: [window 0x7f030130be40][gui thread] polishAndSync: start, elapsed since last call: 2 ms
2026-07-14 19:19:40.209 DEBUG qt.scenegraph.time.renderloop: [window 0x7f030130be40][render thread 0x7f0301180040] syncAndRender: start, elapsed since last call: 2 ms
2026-07-14 19:19:40.209 DEBUG qt.scenegraph.time.renderloop: [window 0x7f030130be40][gui thread] Frame prepared, polish=0 ms, lock=0 ms, blockedForSync=0 ms, animations=0 ms
2026-07-14 19:19:40.209 DEBUG qt.scenegraph.time.renderer: time in renderer: total=0ms, preprocess=0, updates=0, rendering=0
2026-07-14 19:19:40.209 DEBUG qt.scenegraph.time.renderloop: [window 0x7f030130be40][render thread 0x7f0301180040] syncAndRender: frame rendered in 0ms, sync=0, render=0, swap=0
2026-07-14 19:19:40.239 DEBUG qt.scenegraph.time.renderloop: [window 0x7f030130be40][gui thread] polishAndSync: start, elapsed since last call: 30 ms
2026-07-14 19:19:40.239 DEBUG qt.scenegraph.time.renderloop: [window 0x7f030130be40][render thread 0x7f0301180040] syncAndRender: start, elapsed since last call: 30 ms
2026-07-14 19:19:40.239 DEBUG qt.scenegraph.time.renderloop: [window 0x7f030130be40][gui thread] Frame prepared, polish=0 ms, lock=0 ms, blockedForSync=0 ms, animations=0 ms
2026-07-14 19:19:40.239 DEBUG qt.scenegraph.time.renderer: time in renderer: total=0ms, preprocess=0, updates=0, rendering=0
2026-07-14 19:19:40.240 DEBUG qt.scenegraph.time.renderloop: [window 0x7f030130be40][render thread 0x7f0301180040] syncAndRender: frame rendered in 0ms, sync=0, render=0, swap=0
2026-07-14 19:19:40.243 DEBUG qt.scenegraph.time.renderloop: [window 0x7f030130be40][gui thread] polishAndSync: start, elapsed since last call: 4 ms
2026-07-14 19:19:40.244 DEBUG qt.scenegraph.time.renderloop: [window 0x7f030130be40][render thread 0x7f0301180040] syncAndRender: start, elapsed since last call: 4 ms
2026-07-14 19:19:40.244 DEBUG qt.scenegraph.time.renderloop: [window 0x7f030130be40][gui thread] Frame prepared, polish=0 ms, lock=0 ms, blockedForSync=0 ms, animations=0 ms
2026-07-14 19:19:40.244 DEBUG qt.scenegraph.time.renderer: time in renderer: total=0ms, preprocess=0, updates=0, rendering=0
2026-07-14 19:19:40.244 DEBUG qt.scenegraph.time.renderloop: [window 0x7f030130be40][render thread 0x7f0301180040] syncAndRender: frame rendered in 0ms, sync=0, render=0, swap=0
2026-07-14 19:19:40.273 DEBUG qt.scenegraph.time.renderloop: [window 0x7f030130be40][gui thread] polishAndSync: start, elapsed since last call: 29 ms
2026-07-14 19:19:40.273 DEBUG qt.scenegraph.time.renderloop: [window 0x7f030130be40][render thread 0x7f0301180040] syncAndRender: start, elapsed since last call: 29 ms
2026-07-14 19:19:40.273 DEBUG qt.scenegraph.time.renderloop: [window 0x7f030130be40][gui thread] Frame prepared, polish=0 ms, lock=0 ms, blockedForSync=0 ms, animations=0 ms
2026-07-14 19:19:40.273 DEBUG qt.scenegraph.time.renderer: time in renderer: total=0ms, preprocess=0, updates=0, rendering=0
2026-07-14 19:19:40.273 DEBUG qt.scenegraph.time.renderloop: [window 0x7f030130be40][render thread 0x7f0301180040] syncAndRender: frame rendered in 0ms, sync=0, render=0, swap=0
2026-07-14 19:19:40.274 DEBUG qt.scenegraph.time.renderloop: [window 0x7f030130be40][gui thread] polishAndSync: start, elapsed since last call: 1 ms
2026-07-14 19:19:40.274 DEBUG qt.scenegraph.time.renderloop: [window 0x7f030130be40][render thread 0x7f0301180040] syncAndRender: start, elapsed since last call: 0 ms
2026-07-14 19:19:40.274 DEBUG qt.scenegraph.time.renderloop: [window 0x7f030130be40][gui thread] Frame prepared, polish=0 ms, lock=0 ms, blockedForSync=0 ms, animations=0 ms
2026-07-14 19:19:40.274 DEBUG qt.scenegraph.time.renderer: time in renderer: total=0ms, preprocess=0, updates=0, rendering=0
2026-07-14 19:19:40.274 DEBUG qt.scenegraph.time.renderloop: [window 0x7f030130be40][render thread 0x7f0301180040] syncAndRender: frame rendered in 0ms, sync=0, render=0, swap=0
2026-07-14 19:19:40.305 DEBUG qt.scenegraph.time.renderloop: [window 0x7f030130be40][gui thread] polishAndSync: start, elapsed since last call: 31 ms
2026-07-14 19:19:40.305 DEBUG qt.scenegraph.time.renderloop: [window 0x7f030130be40][render thread 0x7f0301180040] syncAndRender: start, elapsed since last call: 31 ms
2026-07-14 19:19:40.305 DEBUG qt.scenegraph.time.renderloop: [window 0x7f030130be40][gui thread] Frame prepared, polish=0 ms, lock=0 ms, blockedForSync=0 ms, animations=0 ms
2026-07-14 19:19:40.305 DEBUG qt.scenegraph.time.renderer: time in renderer: total=0ms, preprocess=0, updates=0, rendering=0
2026-07-14 19:19:40.306 DEBUG qt.scenegraph.time.renderloop: [window 0x7f030130be40][render thread 0x7f0301180040] syncAndRender: frame rendered in 0ms, sync=0, render=0, swap=0
2026-07-14 19:19:40.306 DEBUG qt.scenegraph.time.renderloop: [window 0x7f030130be40][gui thread] polishAndSync: start, elapsed since last call: 1 ms
2026-07-14 19:19:40.306 DEBUG qt.scenegraph.time.renderloop: [window 0x7f030130be40][render thread 0x7f0301180040] syncAndRender: start, elapsed since last call: 0 ms
2026-07-14 19:19:40.306 DEBUG qt.scenegraph.time.renderloop: [window 0x7f030130be40][gui thread] Frame prepared, polish=0 ms, lock=0 ms, blockedForSync=0 ms, animations=0 ms
2026-07-14 19:19:40.306 DEBUG qt.scenegraph.time.renderer: time in renderer: total=0ms, preprocess=0, updates=0, rendering=0
2026-07-14 19:19:40.306 DEBUG qt.scenegraph.time.renderloop: [window 0x7f030130be40][render thread 0x7f0301180040] syncAndRender: frame rendered in 0ms, sync=0, render=0, swap=0
2026-07-14 19:19:40.338 DEBUG qt.scenegraph.time.renderloop: [window 0x7f030130be40][gui thread] polishAndSync: start, elapsed since last call: 31 ms
2026-07-14 19:19:40.338 DEBUG qt.scenegraph.time.renderloop: [window 0x7f030130be40][render thread 0x7f0301180040] syncAndRender: start, elapsed since last call: 32 ms
2026-07-14 19:19:40.338 DEBUG qt.scenegraph.time.renderloop: [window 0x7f030130be40][gui thread] Frame prepared, polish=0 ms, lock=0 ms, blockedForSync=0 ms, animations=0 ms
2026-07-14 19:19:40.339 DEBUG qt.scenegraph.time.renderer: time in renderer: total=0ms, preprocess=0, updates=0, rendering=0
2026-07-14 19:19:40.339 DEBUG qt.scenegraph.time.renderloop: [window 0x7f030130be40][render thread 0x7f0301180040] syncAndRender: frame rendered in 0ms, sync=0, render=0, swap=0
2026-07-14 19:19:40.341 DEBUG qt.scenegraph.time.renderloop: [window 0x7f030130be40][gui thread] polishAndSync: start, elapsed since last call: 2 ms
2026-07-14 19:19:40.341 DEBUG qt.scenegraph.time.renderloop: [window 0x7f030130be40][render thread 0x7f0301180040] syncAndRender: start, elapsed since last call: 2 ms
2026-07-14 19:19:40.341 DEBUG qt.scenegraph.time.renderloop: [window 0x7f030130be40][gui thread] Frame prepared, polish=0 ms, lock=0 ms, blockedForSync=0 ms, animations=0 ms
2026-07-14 19:19:40.341 DEBUG qt.scenegraph.time.renderer: time in renderer: total=0ms, preprocess=0, updates=0, rendering=0
2026-07-14 19:19:40.341 DEBUG qt.scenegraph.time.renderloop: [window 0x7f030130be40][render thread 0x7f0301180040] syncAndRender: frame rendered in 0ms, sync=0, render=0, swap=0
2026-07-14 19:19:40.371 DEBUG qt.scenegraph.time.renderloop: [window 0x7f030130be40][gui thread] polishAndSync: start, elapsed since last call: 30 ms
2026-07-14 19:19:40.371 DEBUG qt.scenegraph.time.renderloop: [window 0x7f030130be40][render thread 0x7f0301180040] syncAndRender: start, elapsed since last call: 30 ms
2026-07-14 19:19:40.372 DEBUG qt.scenegraph.time.renderloop: [window 0x7f030130be40][gui thread] Frame prepared, polish=0 ms, lock=0 ms, blockedForSync=0 ms, animations=0 ms
2026-07-14 19:19:40.372 DEBUG qt.scenegraph.time.renderer: time in renderer: total=0ms, preprocess=0, updates=0, rendering=0
2026-07-14 19:19:40.372 DEBUG qt.scenegraph.time.renderloop: [window 0x7f030130be40][render thread 0x7f0301180040] syncAndRender: frame rendered in 0ms, sync=0, render=0, swap=0
2026-07-14 19:19:40.376 DEBUG qt.scenegraph.time.renderloop: [window 0x7f030130be40][gui thread] polishAndSync: start, elapsed since last call: 4 ms
2026-07-14 19:19:40.376 DEBUG qt.scenegraph.time.renderloop: [window 0x7f030130be40][render thread 0x7f0301180040] syncAndRender: start, elapsed since last call: 4 ms
2026-07-14 19:19:40.376 DEBUG qt.scenegraph.time.renderloop: [window 0x7f030130be40][gui thread] Frame prepared, polish=0 ms, lock=0 ms, blockedForSync=0 ms, animations=0 ms
2026-07-14 19:19:40.376 DEBUG qt.scenegraph.time.renderer: time in renderer: total=0ms, preprocess=0, updates=0, rendering=0
2026-07-14 19:19:40.376 DEBUG qt.scenegraph.time.renderloop: [window 0x7f030130be40][render thread 0x7f0301180040] syncAndRender: frame rendered in 0ms, sync=0, render=0, swap=0
2026-07-14 19:19:40.404 DEBUG qt.scenegraph.time.renderloop: [window 0x7f030130be40][gui thread] polishAndSync: start, elapsed since last call: 28 ms
2026-07-14 19:19:40.404 DEBUG qt.scenegraph.time.renderloop: [window 0x7f030130be40][render thread 0x7f0301180040] syncAndRender: start, elapsed since last call: 28 ms
2026-07-14 19:19:40.404 DEBUG qt.scenegraph.time.renderloop: [window 0x7f030130be40][gui thread] Frame prepared, polish=0 ms, lock=0 ms, blockedForSync=0 ms, animations=0 ms
2026-07-14 19:19:40.404 DEBUG qt.scenegraph.time.renderer: time in renderer: total=0ms, preprocess=0, updates=0, rendering=0
2026-07-14 19:19:40.404 DEBUG qt.scenegraph.time.renderloop: [window 0x7f030130be40][render thread 0x7f0301180040] syncAndRender: frame rendered in 0ms, sync=0, render=0, swap=0
2026-07-14 19:19:40.410 DEBUG qt.scenegraph.time.renderloop: [window 0x7f030130be40][gui thread] polishAndSync: start, elapsed since last call: 6 ms
2026-07-14 19:19:40.410 DEBUG qt.scenegraph.time.renderloop: [window 0x7f030130be40][render thread 0x7f0301180040] syncAndRender: start, elapsed since last call: 6 ms
2026-07-14 19:19:40.410 DEBUG qt.scenegraph.time.renderloop: [window 0x7f030130be40][gui thread] Frame prepared, polish=0 ms, lock=0 ms, blockedForSync=0 ms, animations=0 ms
2026-07-14 19:19:40.410 DEBUG qt.scenegraph.time.renderer: time in renderer: total=0ms, preprocess=0, updates=0, rendering=0
2026-07-14 19:19:40.411 DEBUG qt.scenegraph.time.renderloop: [window 0x7f030130be40][render thread 0x7f0301180040] syncAndRender: frame rendered in 0ms, sync=0, render=0, swap=0
2026-07-14 19:19:40.437 DEBUG qt.scenegraph.time.renderloop: [window 0x7f030130be40][gui thread] polishAndSync: start, elapsed since last call: 27 ms
2026-07-14 19:19:40.438 DEBUG qt.scenegraph.time.renderloop: [window 0x7f030130be40][render thread 0x7f0301180040] syncAndRender: start, elapsed since last call: 27 ms
2026-07-14 19:19:40.438 DEBUG qt.scenegraph.time.renderloop: [window 0x7f030130be40][gui thread] Frame prepared, polish=0 ms, lock=0 ms, blockedForSync=0 ms, animations=0 ms
2026-07-14 19:19:40.438 DEBUG qt.scenegraph.time.renderer: time in renderer: total=0ms, preprocess=0, updates=0, rendering=0
2026-07-14 19:19:40.438 DEBUG qt.scenegraph.time.renderloop: [window 0x7f030130be40][render thread 0x7f0301180040] syncAndRender: frame rendered in 0ms, sync=0, render=0, swap=0
2026-07-14 19:19:40.445 DEBUG qt.scenegraph.time.renderloop: [window 0x7f030130be40][gui thread] polishAndSync: start, elapsed since last call: 7 ms
2026-07-14 19:19:40.445 DEBUG qt.scenegraph.time.renderloop: [window 0x7f030130be40][render thread 0x7f0301180040] syncAndRender: start, elapsed since last call: 7 ms
2026-07-14 19:19:40.445 DEBUG qt.scenegraph.time.renderloop: [window 0x7f030130be40][gui thread] Frame prepared, polish=0 ms, lock=0 ms, blockedForSync=0 ms, animations=0 ms
2026-07-14 19:19:40.445 DEBUG qt.scenegraph.time.renderer: time in renderer: total=0ms, preprocess=0, updates=0, rendering=0
2026-07-14 19:19:40.445 DEBUG qt.scenegraph.time.renderloop: [window 0x7f030130be40][render thread 0x7f0301180040] syncAndRender: frame rendered in 0ms, sync=0, render=0, swap=0
2026-07-14 19:19:40.470 DEBUG qt.scenegraph.time.renderloop: [window 0x7f030130be40][gui thread] polishAndSync: start, elapsed since last call: 25 ms
2026-07-14 19:19:40.470 DEBUG qt.scenegraph.time.renderloop: [window 0x7f030130be40][render thread 0x7f0301180040] syncAndRender: start, elapsed since last call: 25 ms
2026-07-14 19:19:40.471 DEBUG qt.scenegraph.time.renderloop: [window 0x7f030130be40][gui thread] Frame prepared, polish=0 ms, lock=0 ms, blockedForSync=0 ms, animations=0 ms
2026-07-14 19:19:40.471 DEBUG qt.scenegraph.time.renderer: time in renderer: total=0ms, preprocess=0, updates=0, rendering=0
2026-07-14 19:19:40.471 DEBUG qt.scenegraph.time.renderloop: [window 0x7f030130be40][render thread 0x7f0301180040] syncAndRender: frame rendered in 0ms, sync=0, render=0, swap=0
2026-07-14 19:19:40.473 DEBUG qt.scenegraph.time.renderloop: [window 0x7f030130be40][gui thread] polishAndSync: start, elapsed since last call: 2 ms
2026-07-14 19:19:40.473 DEBUG qt.scenegraph.time.renderloop: [window 0x7f030130be40][render thread 0x7f0301180040] syncAndRender: start, elapsed since last call: 2 ms
2026-07-14 19:19:40.473 DEBUG qt.scenegraph.time.renderloop: [window 0x7f030130be40][gui thread] Frame prepared, polish=0 ms, lock=0 ms, blockedForSync=0 ms, animations=0 ms
2026-07-14 19:19:40.473 DEBUG qt.scenegraph.time.renderer: time in renderer: total=0ms, preprocess=0, updates=0, rendering=0
2026-07-14 19:19:40.473 DEBUG qt.scenegraph.time.renderloop: [window 0x7f030130be40][render thread 0x7f0301180040] syncAndRender: frame rendered in 0ms, sync=0, render=0, swap=0
2026-07-14 19:19:40.503 DEBUG qt.scenegraph.time.renderloop: [window 0x7f030130be40][gui thread] polishAndSync: start, elapsed since last call: 30 ms
2026-07-14 19:19:40.503 DEBUG qt.scenegraph.time.renderloop: [window 0x7f030130be40][render thread 0x7f0301180040] syncAndRender: start, elapsed since last call: 30 ms
2026-07-14 19:19:40.503 DEBUG qt.scenegraph.time.renderloop: [window 0x7f030130be40][gui thread] Frame prepared, polish=0 ms, lock=0 ms, blockedForSync=0 ms, animations=0 ms
2026-07-14 19:19:40.503 DEBUG qt.scenegraph.time.renderer: time in renderer: total=0ms, preprocess=0, updates=0, rendering=0
2026-07-14 19:19:40.504 DEBUG qt.scenegraph.time.renderloop: [window 0x7f030130be40][render thread 0x7f0301180040] syncAndRender: frame rendered in 0ms, sync=0, render=0, swap=0
2026-07-14 19:19:40.508 DEBUG qt.scenegraph.time.renderloop: [window 0x7f030130be40][gui thread] polishAndSync: start, elapsed since last call: 4 ms
2026-07-14 19:19:40.508 DEBUG qt.scenegraph.time.renderloop: [window 0x7f030130be40][render thread 0x7f0301180040] syncAndRender: start, elapsed since last call: 4 ms
2026-07-14 19:19:40.508 DEBUG qt.scenegraph.time.renderloop: [window 0x7f030130be40][gui thread] Frame prepared, polish=0 ms, lock=0 ms, blockedForSync=0 ms, animations=0 ms
2026-07-14 19:19:40.508 DEBUG qt.scenegraph.time.renderer: time in renderer: total=0ms, preprocess=0, updates=0, rendering=0
2026-07-14 19:19:40.508 DEBUG qt.scenegraph.time.renderloop: [window 0x7f030130be40][render thread 0x7f0301180040] syncAndRender: frame rendered in 0ms, sync=0, render=0, swap=0
2026-07-14 19:19:40.537 DEBUG qt.scenegraph.time.renderloop: [window 0x7f030130be40][gui thread] polishAndSync: start, elapsed since last call: 28 ms
2026-07-14 19:19:40.537 DEBUG qt.scenegraph.time.renderloop: [window 0x7f030130be40][render thread 0x7f0301180040] syncAndRender: start, elapsed since last call: 29 ms
2026-07-14 19:19:40.537 DEBUG qt.scenegraph.time.renderloop: [window 0x7f030130be40][gui thread] Frame prepared, polish=0 ms, lock=0 ms, blockedForSync=0 ms, animations=0 ms
2026-07-14 19:19:40.537 DEBUG qt.scenegraph.time.renderer: time in renderer: total=0ms, preprocess=0, updates=0, rendering=0
2026-07-14 19:19:40.538 DEBUG qt.scenegraph.time.renderloop: [window 0x7f030130be40][render thread 0x7f0301180040] syncAndRender: frame rendered in 0ms, sync=0, render=0, swap=0
2026-07-14 19:19:40.542 DEBUG qt.scenegraph.time.renderloop: [window 0x7f030130be40][gui thread] polishAndSync: start, elapsed since last call: 5 ms
2026-07-14 19:19:40.542 DEBUG qt.scenegraph.time.renderloop: [window 0x7f030130be40][render thread 0x7f0301180040] syncAndRender: start, elapsed since last call: 5 ms
2026-07-14 19:19:40.543 DEBUG qt.scenegraph.time.renderloop: [window 0x7f030130be40][gui thread] Frame prepared, polish=0 ms, lock=0 ms, blockedForSync=0 ms, animations=0 ms
2026-07-14 19:19:40.543 DEBUG qt.scenegraph.time.renderer: time in renderer: total=0ms, preprocess=0, updates=0, rendering=0
2026-07-14 19:19:40.543 DEBUG qt.scenegraph.time.renderloop: [window 0x7f030130be40][render thread 0x7f0301180040] syncAndRender: frame rendered in 0ms, sync=0, render=0, swap=0
2026-07-14 19:19:40.569 DEBUG qt.scenegraph.time.renderloop: [window 0x7f030130be40][gui thread] polishAndSync: start, elapsed since last call: 27 ms
2026-07-14 19:19:40.570 DEBUG qt.scenegraph.time.renderloop: [window 0x7f030130be40][render thread 0x7f0301180040] syncAndRender: start, elapsed since last call: 27 ms
2026-07-14 19:19:40.570 DEBUG qt.scenegraph.time.renderloop: [window 0x7f030130be40][gui thread] Frame prepared, polish=0 ms, lock=0 ms, blockedForSync=0 ms, animations=0 ms
2026-07-14 19:19:40.570 DEBUG qt.scenegraph.time.renderer: time in renderer: total=0ms, preprocess=0, updates=0, rendering=0
2026-07-14 19:19:40.570 DEBUG qt.scenegraph.time.renderloop: [window 0x7f030130be40][render thread 0x7f0301180040] syncAndRender: frame rendered in 0ms, sync=0, render=0, swap=0
2026-07-14 19:19:40.577 DEBUG qt.scenegraph.time.renderloop: [window 0x7f030130be40][gui thread] polishAndSync: start, elapsed since last call: 7 ms
2026-07-14 19:19:40.577 DEBUG qt.scenegraph.time.renderloop: [window 0x7f030130be40][render thread 0x7f0301180040] syncAndRender: start, elapsed since last call: 7 ms
2026-07-14 19:19:40.577 DEBUG qt.scenegraph.time.renderloop: [window 0x7f030130be40][gui thread] Frame prepared, polish=0 ms, lock=0 ms, blockedForSync=0 ms, animations=0 ms
2026-07-14 19:19:40.577 DEBUG qt.scenegraph.time.renderer: time in renderer: total=0ms, preprocess=0, updates=0, rendering=0
2026-07-14 19:19:40.578 DEBUG qt.scenegraph.time.renderloop: [window 0x7f030130be40][render thread 0x7f0301180040] syncAndRender: frame rendered in 0ms, sync=0, render=0, swap=0
2026-07-14 19:19:40.602 DEBUG qt.scenegraph.time.renderloop: [window 0x7f030130be40][gui thread] polishAndSync: start, elapsed since last call: 24 ms
2026-07-14 19:19:40.603 DEBUG qt.scenegraph.time.renderloop: [window 0x7f030130be40][render thread 0x7f0301180040] syncAndRender: start, elapsed since last call: 25 ms
2026-07-14 19:19:40.603 DEBUG qt.scenegraph.time.renderloop: [window 0x7f030130be40][gui thread] Frame prepared, polish=0 ms, lock=0 ms, blockedForSync=0 ms, animations=0 ms
2026-07-14 19:19:40.603 DEBUG qt.scenegraph.time.renderer: time in renderer: total=0ms, preprocess=0, updates=0, rendering=0
2026-07-14 19:19:40.603 DEBUG qt.scenegraph.time.renderloop: [window 0x7f030130be40][render thread 0x7f0301180040] syncAndRender: frame rendered in 0ms, sync=0, render=0, swap=0
2026-07-14 19:19:40.605 DEBUG qt.scenegraph.time.renderloop: [window 0x7f030130be40][gui thread] polishAndSync: start, elapsed since last call: 2 ms
2026-07-14 19:19:40.605 DEBUG qt.scenegraph.time.renderloop: [window 0x7f030130be40][render thread 0x7f0301180040] syncAndRender: start, elapsed since last call: 2 ms
2026-07-14 19:19:40.605 DEBUG qt.scenegraph.time.renderloop: [window 0x7f030130be40][gui thread] Frame prepared, polish=0 ms, lock=0 ms, blockedForSync=0 ms, animations=0 ms
2026-07-14 19:19:40.605 DEBUG qt.scenegraph.time.renderer: time in renderer: total=0ms, preprocess=0, updates=0, rendering=0
2026-07-14 19:19:40.605 DEBUG qt.scenegraph.time.renderloop: [window 0x7f030130be40][render thread 0x7f0301180040] syncAndRender: frame rendered in 0ms, sync=0, render=0, swap=0
2026-07-14 19:19:40.635 DEBUG qt.scenegraph.time.renderloop: [window 0x7f030130be40][gui thread] polishAndSync: start, elapsed since last call: 30 ms
2026-07-14 19:19:40.636 DEBUG qt.scenegraph.time.renderloop: [window 0x7f030130be40][render thread 0x7f0301180040] syncAndRender: start, elapsed since last call: 30 ms
2026-07-14 19:19:40.636 DEBUG qt.scenegraph.time.renderloop: [window 0x7f030130be40][gui thread] Frame prepared, polish=0 ms, lock=0 ms, blockedForSync=0 ms, animations=0 ms
2026-07-14 19:19:40.636 DEBUG qt.scenegraph.time.renderer: time in renderer: total=0ms, preprocess=0, updates=0, rendering=0
2026-07-14 19:19:40.636 DEBUG qt.scenegraph.time.renderloop: [window 0x7f030130be40][render thread 0x7f0301180040] syncAndRender: frame rendered in 0ms, sync=0, render=0, swap=0
2026-07-14 19:19:40.636 DEBUG qt.scenegraph.time.renderloop: [window 0x7f030130be40][gui thread] polishAndSync: start, elapsed since last call: 1 ms
2026-07-14 19:19:40.636 DEBUG qt.scenegraph.time.renderloop: [window 0x7f030130be40][render thread 0x7f0301180040] syncAndRender: start, elapsed since last call: 0 ms
2026-07-14 19:19:40.636 DEBUG qt.scenegraph.time.renderloop: [window 0x7f030130be40][gui thread] Frame prepared, polish=0 ms, lock=0 ms, blockedForSync=0 ms, animations=0 ms
2026-07-14 19:19:40.636 DEBUG qt.scenegraph.time.renderer: time in renderer: total=0ms, preprocess=0, updates=0, rendering=0
2026-07-14 19:19:40.637 DEBUG qt.scenegraph.time.renderloop: [window 0x7f030130be40][render thread 0x7f0301180040] syncAndRender: frame rendered in 0ms, sync=0, render=0, swap=0
2026-07-14 19:19:40.668 DEBUG qt.scenegraph.time.renderloop: [window 0x7f030130be40][gui thread] polishAndSync: start, elapsed since last call: 31 ms
2026-07-14 19:19:40.669 DEBUG qt.scenegraph.time.renderloop: [window 0x7f030130be40][render thread 0x7f0301180040] syncAndRender: start, elapsed since last call: 32 ms
2026-07-14 19:19:40.669 DEBUG qt.scenegraph.time.renderloop: [window 0x7f030130be40][gui thread] Frame prepared, polish=0 ms, lock=0 ms, blockedForSync=0 ms, animations=0 ms
2026-07-14 19:19:40.669 DEBUG qt.scenegraph.time.renderer: time in renderer: total=0ms, preprocess=0, updates=0, rendering=0
2026-07-14 19:19:40.669 DEBUG qt.scenegraph.time.renderloop: [window 0x7f030130be40][render thread 0x7f0301180040] syncAndRender: frame rendered in 0ms, sync=0, render=0, swap=0
2026-07-14 19:19:40.669 DEBUG qt.scenegraph.time.renderloop: [window 0x7f030130be40][gui thread] polishAndSync: start, elapsed since last call: 1 ms
2026-07-14 19:19:40.669 DEBUG qt.scenegraph.time.renderloop: [window 0x7f030130be40][render thread 0x7f0301180040] syncAndRender: start, elapsed since last call: 0 ms
2026-07-14 19:19:40.669 DEBUG qt.scenegraph.time.renderloop: [window 0x7f030130be40][gui thread] Frame prepared, polish=0 ms, lock=0 ms, blockedForSync=0 ms, animations=0 ms
2026-07-14 19:19:40.669 DEBUG qt.scenegraph.time.renderer: time in renderer: total=0ms, preprocess=0, updates=0, rendering=0
2026-07-14 19:19:40.670 DEBUG qt.scenegraph.time.renderloop: [window 0x7f030130be40][render thread 0x7f0301180040] syncAndRender: frame rendered in 0ms, sync=0, render=0, swap=0
2026-07-14 19:19:40.701 DEBUG qt.scenegraph.time.renderloop: [window 0x7f030130be40][gui thread] polishAndSync: start, elapsed since last call: 31 ms
2026-07-14 19:19:40.701 DEBUG qt.scenegraph.time.renderloop: [window 0x7f030130be40][render thread 0x7f0301180040] syncAndRender: start, elapsed since last call: 31 ms
2026-07-14 19:19:40.701 DEBUG qt.scenegraph.time.renderloop: [window 0x7f030130be40][gui thread] Frame prepared, polish=0 ms, lock=0 ms, blockedForSync=0 ms, animations=0 ms
2026-07-14 19:19:40.701 DEBUG qt.scenegraph.time.renderer: time in renderer: total=0ms, preprocess=0, updates=0, rendering=0
2026-07-14 19:19:40.701 DEBUG qt.scenegraph.time.renderloop: [window 0x7f030130be40][render thread 0x7f0301180040] syncAndRender: frame rendered in 0ms, sync=0, render=0, swap=0
2026-07-14 19:19:40.702 DEBUG qt.scenegraph.time.renderloop: [window 0x7f030130be40][gui thread] polishAndSync: start, elapsed since last call: 1 ms
2026-07-14 19:19:40.702 DEBUG qt.scenegraph.time.renderloop: [window 0x7f030130be40][render thread 0x7f0301180040] syncAndRender: start, elapsed since last call: 1 ms
2026-07-14 19:19:40.702 DEBUG qt.scenegraph.time.renderloop: [window 0x7f030130be40][gui thread] Frame prepared, polish=0 ms, lock=0 ms, blockedForSync=0 ms, animations=0 ms
2026-07-14 19:19:40.702 DEBUG qt.scenegraph.time.renderer: time in renderer: total=0ms, preprocess=0, updates=0, rendering=0
2026-07-14 19:19:40.703 DEBUG qt.scenegraph.time.renderloop: [window 0x7f030130be40][render thread 0x7f0301180040] syncAndRender: frame rendered in 0ms, sync=0, render=0, swap=0
2026-07-14 19:19:40.734 DEBUG qt.scenegraph.time.renderloop: [window 0x7f030130be40][gui thread] polishAndSync: start, elapsed since last call: 32 ms
2026-07-14 19:19:40.735 DEBUG qt.scenegraph.time.renderloop: [window 0x7f030130be40][render thread 0x7f0301180040] syncAndRender: start, elapsed since last call: 32 ms
2026-07-14 19:19:40.735 DEBUG qt.scenegraph.time.renderloop: [window 0x7f030130be40][gui thread] Frame prepared, polish=0 ms, lock=0 ms, blockedForSync=0 ms, animations=0 ms
2026-07-14 19:19:40.735 DEBUG qt.scenegraph.time.renderer: time in renderer: total=0ms, preprocess=0, updates=0, rendering=0
2026-07-14 19:19:40.735 DEBUG qt.scenegraph.time.renderloop: [window 0x7f030130be40][render thread 0x7f0301180040] syncAndRender: frame rendered in 0ms, sync=0, render=0, swap=0
2026-07-14 19:19:40.737 DEBUG qt.scenegraph.time.renderloop: [window 0x7f030130be40][gui thread] polishAndSync: start, elapsed since last call: 2 ms
2026-07-14 19:19:40.737 DEBUG qt.scenegraph.time.renderloop: [window 0x7f030130be40][render thread 0x7f0301180040] syncAndRender: start, elapsed since last call: 2 ms
2026-07-14 19:19:40.737 DEBUG qt.scenegraph.time.renderloop: [window 0x7f030130be40][gui thread] Frame prepared, polish=0 ms, lock=0 ms, blockedForSync=0 ms, animations=0 ms
2026-07-14 19:19:40.737 DEBUG qt.scenegraph.time.renderer: time in renderer: total=0ms, preprocess=0, updates=0, rendering=0
2026-07-14 19:19:40.737 DEBUG qt.scenegraph.time.renderloop: [window 0x7f030130be40][render thread 0x7f0301180040] syncAndRender: frame rendered in 0ms, sync=0, render=0, swap=0
2026-07-14 19:19:40.767 DEBUG qt.scenegraph.time.renderloop: [window 0x7f030130be40][gui thread] polishAndSync: start, elapsed since last call: 30 ms
2026-07-14 19:19:40.768 DEBUG qt.scenegraph.time.renderloop: [window 0x7f030130be40][render thread 0x7f0301180040] syncAndRender: start, elapsed since last call: 30 ms
2026-07-14 19:19:40.768 DEBUG qt.scenegraph.time.renderloop: [window 0x7f030130be40][gui thread] Frame prepared, polish=0 ms, lock=0 ms, blockedForSync=0 ms, animations=0 ms
2026-07-14 19:19:40.768 DEBUG qt.scenegraph.time.renderer: time in renderer: total=0ms, preprocess=0, updates=0, rendering=0
2026-07-14 19:19:40.768 DEBUG qt.scenegraph.time.renderloop: [window 0x7f030130be40][render thread 0x7f0301180040] syncAndRender: frame rendered in 0ms, sync=0, render=0, swap=0
2026-07-14 19:19:40.772 DEBUG qt.scenegraph.time.renderloop: [window 0x7f030130be40][gui thread] polishAndSync: start, elapsed since last call: 4 ms
2026-07-14 19:19:40.772 DEBUG qt.scenegraph.time.renderloop: [window 0x7f030130be40][render thread 0x7f0301180040] syncAndRender: start, elapsed since last call: 4 ms
2026-07-14 19:19:40.772 DEBUG qt.scenegraph.time.renderloop: [window 0x7f030130be40][gui thread] Frame prepared, polish=0 ms, lock=0 ms, blockedForSync=0 ms, animations=0 ms
2026-07-14 19:19:40.772 DEBUG qt.scenegraph.time.renderer: time in renderer: total=0ms, preprocess=0, updates=0, rendering=0
2026-07-14 19:19:40.772 DEBUG qt.scenegraph.time.renderloop: [window 0x7f030130be40][render thread 0x7f0301180040] syncAndRender: frame rendered in 0ms, sync=0, render=0, swap=0
2026-07-14 19:19:40.800 DEBUG qt.scenegraph.time.renderloop: [window 0x7f030130be40][gui thread] polishAndSync: start, elapsed since last call: 28 ms
2026-07-14 19:19:40.800 DEBUG qt.scenegraph.time.renderloop: [window 0x7f030130be40][render thread 0x7f0301180040] syncAndRender: start, elapsed since last call: 28 ms
2026-07-14 19:19:40.800 DEBUG qt.scenegraph.time.renderloop: [window 0x7f030130be40][gui thread] Frame prepared, polish=0 ms, lock=0 ms, blockedForSync=0 ms, animations=0 ms
2026-07-14 19:19:40.800 DEBUG qt.scenegraph.time.renderer: time in renderer: total=0ms, preprocess=0, updates=0, rendering=0
2026-07-14 19:19:40.801 DEBUG qt.scenegraph.time.renderloop: [window 0x7f030130be40][render thread 0x7f0301180040] syncAndRender: frame rendered in 0ms, sync=0, render=0, swap=0
2026-07-14 19:19:40.806 DEBUG qt.scenegraph.time.renderloop: [window 0x7f030130be40][gui thread] polishAndSync: start, elapsed since last call: 6 ms
2026-07-14 19:19:40.806 DEBUG qt.scenegraph.time.renderloop: [window 0x7f030130be40][render thread 0x7f0301180040] syncAndRender: start, elapsed since last call: 6 ms
2026-07-14 19:19:40.806 DEBUG qt.scenegraph.time.renderloop: [window 0x7f030130be40][gui thread] Frame prepared, polish=0 ms, lock=0 ms, blockedForSync=0 ms, animations=0 ms
2026-07-14 19:19:40.807 DEBUG qt.scenegraph.time.renderer: time in renderer: total=0ms, preprocess=0, updates=0, rendering=0
2026-07-14 19:19:40.807 DEBUG qt.scenegraph.time.renderloop: [window 0x7f030130be40][render thread 0x7f0301180040] syncAndRender: frame rendered in 0ms, sync=0, render=0, swap=0
2026-07-14 19:19:40.834 DEBUG qt.scenegraph.time.renderloop: [window 0x7f030130be40][gui thread] polishAndSync: start, elapsed since last call: 27 ms
2026-07-14 19:19:40.836 DEBUG qt.scenegraph.time.renderloop: [window 0x7f030130be40][render thread 0x7f0301180040] syncAndRender: start, elapsed since last call: 29 ms
2026-07-14 19:19:40.836 DEBUG qt.scenegraph.time.renderloop: [window 0x7f030130be40][gui thread] Frame prepared, polish=2 ms, lock=0 ms, blockedForSync=0 ms, animations=0 ms
2026-07-14 19:19:40.836 DEBUG qt.scenegraph.time.renderer: time in renderer: total=0ms, preprocess=0, updates=0, rendering=0
2026-07-14 19:19:40.836 DEBUG qt.scenegraph.time.renderloop: [window 0x7f030130be40][render thread 0x7f0301180040] syncAndRender: frame rendered in 0ms, sync=0, render=0, swap=0
2026-07-14 19:19:40.837 DEBUG qt.scenegraph.time.renderloop: [window 0x7f030130be40][gui thread] polishAndSync: start, elapsed since last call: 3 ms
2026-07-14 19:19:40.837 DEBUG qt.scenegraph.time.renderloop: [window 0x7f030130be40][render thread 0x7f0301180040] syncAndRender: start, elapsed since last call: 1 ms
2026-07-14 19:19:40.837 DEBUG qt.scenegraph.time.renderloop: [window 0x7f030130be40][gui thread] Frame prepared, polish=0 ms, lock=0 ms, blockedForSync=0 ms, animations=0 ms
2026-07-14 19:19:40.837 DEBUG qt.scenegraph.time.renderer: time in renderer: total=0ms, preprocess=0, updates=0, rendering=0
2026-07-14 19:19:40.837 DEBUG qt.scenegraph.time.renderloop: [window 0x7f030130be40][render thread 0x7f0301180040] syncAndRender: frame rendered in 0ms, sync=0, render=0, swap=0
2026-07-14 19:19:40.866 DEBUG qt.scenegraph.time.renderloop: [window 0x7f030130be40][gui thread] polishAndSync: start, elapsed since last call: 29 ms
2026-07-14 19:19:40.867 DEBUG qt.scenegraph.time.renderloop: [window 0x7f030130be40][render thread 0x7f0301180040] syncAndRender: start, elapsed since last call: 30 ms
2026-07-14 19:19:40.867 DEBUG qt.scenegraph.time.renderloop: [window 0x7f030130be40][gui thread] Frame prepared, polish=0 ms, lock=0 ms, blockedForSync=0 ms, animations=0 ms
2026-07-14 19:19:40.867 DEBUG qt.scenegraph.time.renderer: time in renderer: total=0ms, preprocess=0, updates=0, rendering=0
2026-07-14 19:19:40.867 DEBUG qt.scenegraph.time.renderloop: [window 0x7f030130be40][render thread 0x7f0301180040] syncAndRender: frame rendered in 0ms, sync=0, render=0, swap=0
2026-07-14 19:19:40.868 DEBUG qt.scenegraph.time.renderloop: [window 0x7f030130be40][gui thread] polishAndSync: start, elapsed since last call: 1 ms
2026-07-14 19:19:40.868 DEBUG qt.scenegraph.time.renderloop: [window 0x7f030130be40][render thread 0x7f0301180040] syncAndRender: start, elapsed since last call: 1 ms
2026-07-14 19:19:40.868 DEBUG qt.scenegraph.time.renderloop: [window 0x7f030130be40][gui thread] Frame prepared, polish=0 ms, lock=0 ms, blockedForSync=0 ms, animations=0 ms
2026-07-14 19:19:40.868 DEBUG qt.scenegraph.time.renderer: time in renderer: total=0ms, preprocess=0, updates=0, rendering=0
2026-07-14 19:19:40.868 DEBUG qt.scenegraph.time.renderloop: [window 0x7f030130be40][render thread 0x7f0301180040] syncAndRender: frame rendered in 0ms, sync=0, render=0, swap=0
2026-07-14 19:19:40.899 DEBUG qt.scenegraph.time.renderloop: [window 0x7f030130be40][gui thread] polishAndSync: start, elapsed since last call: 31 ms
2026-07-14 19:19:40.900 DEBUG qt.scenegraph.time.renderloop: [window 0x7f030130be40][render thread 0x7f0301180040] syncAndRender: start, elapsed since last call: 31 ms
2026-07-14 19:19:40.900 DEBUG qt.scenegraph.time.renderloop: [window 0x7f030130be40][gui thread] Frame prepared, polish=0 ms, lock=0 ms, blockedForSync=0 ms, animations=0 ms
2026-07-14 19:19:40.900 DEBUG qt.scenegraph.time.renderer: time in renderer: total=0ms, preprocess=0, updates=0, rendering=0
2026-07-14 19:19:40.900 DEBUG qt.scenegraph.time.renderloop: [window 0x7f030130be40][render thread 0x7f0301180040] syncAndRender: frame rendered in 0ms, sync=0, render=0, swap=0
2026-07-14 19:19:40.901 DEBUG qt.scenegraph.time.renderloop: [window 0x7f030130be40][gui thread] polishAndSync: start, elapsed since last call: 1 ms
2026-07-14 19:19:40.901 DEBUG qt.scenegraph.time.renderloop: [window 0x7f030130be40][render thread 0x7f0301180040] syncAndRender: start, elapsed since last call: 1 ms
2026-07-14 19:19:40.901 DEBUG qt.scenegraph.time.renderloop: [window 0x7f030130be40][gui thread] Frame prepared, polish=0 ms, lock=0 ms, blockedForSync=0 ms, animations=0 ms
2026-07-14 19:19:40.901 DEBUG qt.scenegraph.time.renderer: time in renderer: total=0ms, preprocess=0, updates=0, rendering=0
2026-07-14 19:19:40.901 DEBUG qt.scenegraph.time.renderloop: [window 0x7f030130be40][render thread 0x7f0301180040] syncAndRender: frame rendered in 0ms, sync=0, render=0, swap=0
2026-07-14 19:19:40.932 DEBUG qt.scenegraph.time.renderloop: [window 0x7f030130be40][gui thread] polishAndSync: start, elapsed since last call: 31 ms
2026-07-14 19:19:40.932 DEBUG qt.scenegraph.time.renderloop: [window 0x7f030130be40][render thread 0x7f0301180040] syncAndRender: start, elapsed since last call: 31 ms
2026-07-14 19:19:40.933 DEBUG qt.scenegraph.time.renderloop: [window 0x7f030130be40][gui thread] Frame prepared, polish=0 ms, lock=0 ms, blockedForSync=0 ms, animations=0 ms
2026-07-14 19:19:40.933 DEBUG qt.scenegraph.time.renderer: time in renderer: total=0ms, preprocess=0, updates=0, rendering=0
2026-07-14 19:19:40.933 DEBUG qt.scenegraph.time.renderloop: [window 0x7f030130be40][render thread 0x7f0301180040] syncAndRender: frame rendered in 0ms, sync=0, render=0, swap=0
2026-07-14 19:19:40.938 DEBUG qt.scenegraph.time.renderloop: [window 0x7f030130be40][gui thread] polishAndSync: start, elapsed since last call: 6 ms
2026-07-14 19:19:40.938 DEBUG qt.scenegraph.time.renderloop: [window 0x7f030130be40][render thread 0x7f0301180040] syncAndRender: start, elapsed since last call: 5 ms
2026-07-14 19:19:40.938 DEBUG qt.scenegraph.time.renderloop: [window 0x7f030130be40][gui thread] Frame prepared, polish=0 ms, lock=0 ms, blockedForSync=0 ms, animations=0 ms
2026-07-14 19:19:40.939 DEBUG qt.scenegraph.time.renderer: time in renderer: total=0ms, preprocess=0, updates=0, rendering=0
2026-07-14 19:19:40.939 DEBUG qt.scenegraph.time.renderloop: [window 0x7f030130be40][render thread 0x7f0301180040] syncAndRender: frame rendered in 0ms, sync=0, render=0, swap=0
2026-07-14 19:19:40.965 DEBUG qt.scenegraph.time.renderloop: [window 0x7f030130be40][gui thread] polishAndSync: start, elapsed since last call: 26 ms
2026-07-14 19:19:40.965 DEBUG qt.scenegraph.time.renderloop: [window 0x7f030130be40][render thread 0x7f0301180040] syncAndRender: start, elapsed since last call: 26 ms
2026-07-14 19:19:40.965 DEBUG qt.scenegraph.time.renderloop: [window 0x7f030130be40][gui thread] Frame prepared, polish=0 ms, lock=0 ms, blockedForSync=0 ms, animations=0 ms
2026-07-14 19:19:40.965 DEBUG qt.scenegraph.time.renderer: time in renderer: total=0ms, preprocess=0, updates=0, rendering=0
2026-07-14 19:19:40.966 DEBUG qt.scenegraph.time.renderloop: [window 0x7f030130be40][render thread 0x7f0301180040] syncAndRender: frame rendered in 0ms, sync=0, render=0, swap=0
2026-07-14 19:19:40.966 DEBUG qt.scenegraph.time.renderloop: [window 0x7f030130be40][gui thread] polishAndSync: start, elapsed since last call: 1 ms
2026-07-14 19:19:40.966 DEBUG qt.scenegraph.time.renderloop: [window 0x7f030130be40][render thread 0x7f0301180040] syncAndRender: start, elapsed since last call: 1 ms
2026-07-14 19:19:40.966 DEBUG qt.scenegraph.time.renderloop: [window 0x7f030130be40][gui thread] Frame prepared, polish=0 ms, lock=0 ms, blockedForSync=0 ms, animations=0 ms
2026-07-14 19:19:40.966 DEBUG qt.scenegraph.time.renderer: time in renderer: total=0ms, preprocess=0, updates=0, rendering=0
2026-07-14 19:19:40.967 DEBUG qt.scenegraph.time.renderloop: [window 0x7f030130be40][render thread 0x7f0301180040] syncAndRender: frame rendered in 0ms, sync=0, render=0, swap=0
2026-07-14 19:19:40.998 DEBUG qt.scenegraph.time.renderloop: [window 0x7f030130be40][gui thread] polishAndSync: start, elapsed since last call: 32 ms
2026-07-14 19:19:40.999 DEBUG qt.scenegraph.time.renderloop: [window 0x7f030130be40][render thread 0x7f0301180040] syncAndRender: start, elapsed since last call: 32 ms
2026-07-14 19:19:40.999 DEBUG qt.scenegraph.time.renderloop: [window 0x7f030130be40][gui thread] Frame prepared, polish=0 ms, lock=0 ms, blockedForSync=0 ms, animations=0 ms
2026-07-14 19:19:40.999 DEBUG qt.scenegraph.time.renderer: time in renderer: total=0ms, preprocess=0, updates=0, rendering=0
2026-07-14 19:19:40.999 DEBUG qt.scenegraph.time.renderloop: [window 0x7f030130be40][render thread 0x7f0301180040] syncAndRender: frame rendered in 0ms, sync=0, render=0, swap=0
2026-07-14 19:19:41.000 DEBUG qt.scenegraph.time.renderloop: [window 0x7f030130be40][gui thread] polishAndSync: start, elapsed since last call: 1 ms
2026-07-14 19:19:41.000 DEBUG qt.scenegraph.time.renderloop: [window 0x7f030130be40][render thread 0x7f0301180040] syncAndRender: start, elapsed since last call: 0 ms
2026-07-14 19:19:41.000 DEBUG qt.scenegraph.time.renderloop: [window 0x7f030130be40][gui thread] Frame prepared, polish=0 ms, lock=0 ms, blockedForSync=0 ms, animations=0 ms
2026-07-14 19:19:41.000 DEBUG qt.scenegraph.time.renderer: time in renderer: total=0ms, preprocess=0, updates=0, rendering=0
2026-07-14 19:19:41.000 DEBUG qt.scenegraph.time.renderloop: [window 0x7f030130be40][render thread 0x7f0301180040] syncAndRender: frame rendered in 0ms, sync=0, render=0, swap=0
2026-07-14 19:19:41.031 DEBUG qt.scenegraph.time.renderloop: [window 0x7f030130be40][gui thread] polishAndSync: start, elapsed since last call: 31 ms
2026-07-14 19:19:41.032 DEBUG qt.scenegraph.time.renderloop: [window 0x7f030130be40][render thread 0x7f0301180040] syncAndRender: start, elapsed since last call: 31 ms
2026-07-14 19:19:41.032 DEBUG qt.scenegraph.time.renderloop: [window 0x7f030130be40][gui thread] Frame prepared, polish=0 ms, lock=0 ms, blockedForSync=0 ms, animations=0 ms
2026-07-14 19:19:41.032 DEBUG qt.scenegraph.time.renderer: time in renderer: total=0ms, preprocess=0, updates=0, rendering=0
2026-07-14 19:19:41.032 DEBUG qt.scenegraph.time.renderloop: [window 0x7f030130be40][render thread 0x7f0301180040] syncAndRender: frame rendered in 0ms, sync=0, render=0, swap=0
2026-07-14 19:19:41.032 DEBUG qt.scenegraph.time.renderloop: [window 0x7f030130be40][gui thread] polishAndSync: start, elapsed since last call: 1 ms
2026-07-14 19:19:41.032 DEBUG qt.scenegraph.time.renderloop: [window 0x7f030130be40][render thread 0x7f0301180040] syncAndRender: start, elapsed since last call: 0 ms
2026-07-14 19:19:41.032 DEBUG qt.scenegraph.time.renderloop: [window 0x7f030130be40][gui thread] Frame prepared, polish=0 ms, lock=0 ms, blockedForSync=0 ms, animations=0 ms
2026-07-14 19:19:41.033 DEBUG qt.scenegraph.time.renderer: time in renderer: total=0ms, preprocess=0, updates=0, rendering=0
2026-07-14 19:19:41.033 DEBUG qt.scenegraph.time.renderloop: [window 0x7f030130be40][render thread 0x7f0301180040] syncAndRender: frame rendered in 0ms, sync=0, render=0, swap=0
2026-07-14 19:19:41.064 DEBUG qt.scenegraph.time.renderloop: [window 0x7f030130be40][gui thread] polishAndSync: start, elapsed since last call: 31 ms
2026-07-14 19:19:41.064 DEBUG qt.scenegraph.time.renderloop: [window 0x7f030130be40][render thread 0x7f0301180040] syncAndRender: start, elapsed since last call: 31 ms
2026-07-14 19:19:41.064 DEBUG qt.scenegraph.time.renderloop: [window 0x7f030130be40][gui thread] Frame prepared, polish=0 ms, lock=0 ms, blockedForSync=0 ms, animations=0 ms
2026-07-14 19:19:41.064 DEBUG qt.scenegraph.time.renderer: time in renderer: total=0ms, preprocess=0, updates=0, rendering=0
2026-07-14 19:19:41.065 DEBUG qt.scenegraph.time.renderloop: [window 0x7f030130be40][render thread 0x7f0301180040] syncAndRender: frame rendered in 0ms, sync=0, render=0, swap=0
2026-07-14 19:19:41.065 DEBUG qt.scenegraph.time.renderloop: [window 0x7f030130be40][gui thread] polishAndSync: start, elapsed since last call: 1 ms
2026-07-14 19:19:41.065 DEBUG qt.scenegraph.time.renderloop: [window 0x7f030130be40][render thread 0x7f0301180040] syncAndRender: start, elapsed since last call: 0 ms
2026-07-14 19:19:41.065 DEBUG qt.scenegraph.time.renderloop: [window 0x7f030130be40][gui thread] Frame prepared, polish=0 ms, lock=0 ms, blockedForSync=0 ms, animations=0 ms
2026-07-14 19:19:41.065 DEBUG qt.scenegraph.time.renderer: time in renderer: total=0ms, preprocess=0, updates=0, rendering=0
2026-07-14 19:19:41.066 DEBUG qt.scenegraph.time.renderloop: [window 0x7f030130be40][render thread 0x7f0301180040] syncAndRender: frame rendered in 0ms, sync=0, render=0, swap=0
2026-07-14 19:19:41.098 DEBUG qt.scenegraph.time.renderloop: [window 0x7f030130be40][gui thread] polishAndSync: start, elapsed since last call: 32 ms
2026-07-14 19:19:41.098 DEBUG qt.scenegraph.time.renderloop: [window 0x7f030130be40][render thread 0x7f0301180040] syncAndRender: start, elapsed since last call: 32 ms
2026-07-14 19:19:41.098 DEBUG qt.scenegraph.time.renderloop: [window 0x7f030130be40][gui thread] Frame prepared, polish=0 ms, lock=0 ms, blockedForSync=0 ms, animations=0 ms
2026-07-14 19:19:41.098 DEBUG qt.scenegraph.time.renderer: time in renderer: total=0ms, preprocess=0, updates=0, rendering=0
2026-07-14 19:19:41.098 DEBUG qt.scenegraph.time.renderloop: [window 0x7f030130be40][render thread 0x7f0301180040] syncAndRender: frame rendered in 0ms, sync=0, render=0, swap=0
2026-07-14 19:19:41.105 DEBUG qt.scenegraph.time.renderloop: [window 0x7f030130be40][gui thread] polishAndSync: start, elapsed since last call: 7 ms
2026-07-14 19:19:41.105 DEBUG qt.scenegraph.time.renderloop: [window 0x7f030130be40][render thread 0x7f0301180040] syncAndRender: start, elapsed since last call: 7 ms
2026-07-14 19:19:41.105 DEBUG qt.scenegraph.time.renderloop: [window 0x7f030130be40][gui thread] Frame prepared, polish=0 ms, lock=0 ms, blockedForSync=0 ms, animations=0 ms
2026-07-14 19:19:41.105 DEBUG qt.scenegraph.time.renderer: time in renderer: total=0ms, preprocess=0, updates=0, rendering=0
2026-07-14 19:19:41.106 DEBUG qt.scenegraph.time.renderloop: [window 0x7f030130be40][render thread 0x7f0301180040] syncAndRender: frame rendered in 0ms, sync=0, render=0, swap=0
2026-07-14 19:19:41.130 DEBUG qt.scenegraph.time.renderloop: [window 0x7f030130be40][gui thread] polishAndSync: start, elapsed since last call: 24 ms
2026-07-14 19:19:41.131 DEBUG qt.scenegraph.time.renderloop: [window 0x7f030130be40][render thread 0x7f0301180040] syncAndRender: start, elapsed since last call: 25 ms
2026-07-14 19:19:41.131 DEBUG qt.scenegraph.time.renderloop: [window 0x7f030130be40][gui thread] Frame prepared, polish=0 ms, lock=0 ms, blockedForSync=0 ms, animations=0 ms
2026-07-14 19:19:41.131 DEBUG qt.scenegraph.time.renderer: time in renderer: total=0ms, preprocess=0, updates=0, rendering=0
2026-07-14 19:19:41.131 DEBUG qt.scenegraph.time.renderloop: [window 0x7f030130be40][render thread 0x7f0301180040] syncAndRender: frame rendered in 0ms, sync=0, render=0, swap=0
2026-07-14 19:19:41.133 DEBUG qt.scenegraph.time.renderloop: [window 0x7f030130be40][gui thread] polishAndSync: start, elapsed since last call: 2 ms
2026-07-14 19:19:41.133 DEBUG qt.scenegraph.time.renderloop: [window 0x7f030130be40][render thread 0x7f0301180040] syncAndRender: start, elapsed since last call: 2 ms
2026-07-14 19:19:41.133 DEBUG qt.scenegraph.time.renderloop: [window 0x7f030130be40][gui thread] Frame prepared, polish=0 ms, lock=0 ms, blockedForSync=0 ms, animations=0 ms
2026-07-14 19:19:41.133 DEBUG qt.scenegraph.time.renderer: time in renderer: total=0ms, preprocess=0, updates=0, rendering=0
2026-07-14 19:19:41.133 DEBUG qt.scenegraph.time.renderloop: [window 0x7f030130be40][render thread 0x7f0301180040] syncAndRender: frame rendered in 0ms, sync=0, render=0, swap=0
2026-07-14 19:19:41.162 DEBUG qt.scenegraph.time.renderloop: [window 0x7f030130be40][gui thread] polishAndSync: start, elapsed since last call: 29 ms
2026-07-14 19:19:41.163 DEBUG qt.scenegraph.time.renderloop: [window 0x7f030130be40][render thread 0x7f0301180040] syncAndRender: start, elapsed since last call: 29 ms
2026-07-14 19:19:41.163 DEBUG qt.scenegraph.time.renderloop: [window 0x7f030130be40][gui thread] Frame prepared, polish=0 ms, lock=0 ms, blockedForSync=0 ms, animations=0 ms
2026-07-14 19:19:41.163 DEBUG qt.scenegraph.time.renderer: time in renderer: total=0ms, preprocess=0, updates=0, rendering=0
2026-07-14 19:19:41.163 DEBUG qt.scenegraph.time.renderloop: [window 0x7f030130be40][render thread 0x7f0301180040] syncAndRender: frame rendered in 0ms, sync=0, render=0, swap=0
2026-07-14 19:19:41.163 DEBUG qt.scenegraph.time.renderloop: [window 0x7f030130be40][gui thread] polishAndSync: start, elapsed since last call: 1 ms
2026-07-14 19:19:41.163 DEBUG qt.scenegraph.time.renderloop: [window 0x7f030130be40][render thread 0x7f0301180040] syncAndRender: start, elapsed since last call: 0 ms
2026-07-14 19:19:41.164 DEBUG qt.scenegraph.time.renderloop: [window 0x7f030130be40][gui thread] Frame prepared, polish=0 ms, lock=0 ms, blockedForSync=0 ms, animations=0 ms
2026-07-14 19:19:41.164 DEBUG qt.scenegraph.time.renderer: time in renderer: total=0ms, preprocess=0, updates=0, rendering=0
2026-07-14 19:19:41.164 DEBUG qt.scenegraph.time.renderloop: [window 0x7f030130be40][render thread 0x7f0301180040] syncAndRender: frame rendered in 0ms, sync=0, render=0, swap=0
2026-07-14 19:19:41.196 DEBUG qt.scenegraph.time.renderloop: [window 0x7f030130be40][gui thread] polishAndSync: start, elapsed since last call: 32 ms
2026-07-14 19:19:41.196 DEBUG qt.scenegraph.time.renderloop: [window 0x7f030130be40][render thread 0x7f0301180040] syncAndRender: start, elapsed since last call: 32 ms
2026-07-14 19:19:41.196 DEBUG qt.scenegraph.time.renderloop: [window 0x7f030130be40][gui thread] Frame prepared, polish=0 ms, lock=0 ms, blockedForSync=0 ms, animations=0 ms
2026-07-14 19:19:41.196 DEBUG qt.scenegraph.time.renderer: time in renderer: total=0ms, preprocess=0, updates=0, rendering=0
2026-07-14 19:19:41.197 DEBUG qt.scenegraph.time.renderloop: [window 0x7f030130be40][render thread 0x7f0301180040] syncAndRender: frame rendered in 0ms, sync=0, render=0, swap=0
2026-07-14 19:19:41.197 DEBUG qt.scenegraph.time.renderloop: [window 0x7f030130be40][gui thread] polishAndSync: start, elapsed since last call: 1 ms
2026-07-14 19:19:41.197 DEBUG qt.scenegraph.time.renderloop: [window 0x7f030130be40][render thread 0x7f0301180040] syncAndRender: start, elapsed since last call: 0 ms
2026-07-14 19:19:41.197 DEBUG qt.scenegraph.time.renderloop: [window 0x7f030130be40][gui thread] Frame prepared, polish=0 ms, lock=0 ms, blockedForSync=0 ms, animations=0 ms
2026-07-14 19:19:41.197 DEBUG qt.scenegraph.time.renderer: time in renderer: total=0ms, preprocess=0, updates=0, rendering=0
2026-07-14 19:19:41.197 DEBUG qt.scenegraph.time.renderloop: [window 0x7f030130be40][render thread 0x7f0301180040] syncAndRender: frame rendered in 0ms, sync=0, render=0, swap=0
2026-07-14 19:19:41.230 DEBUG qt.scenegraph.time.renderloop: [window 0x7f030130be40][gui thread] polishAndSync: start, elapsed since last call: 32 ms
2026-07-14 19:19:41.230 DEBUG qt.scenegraph.time.renderloop: [window 0x7f030130be40][render thread 0x7f0301180040] syncAndRender: start, elapsed since last call: 32 ms
2026-07-14 19:19:41.230 DEBUG qt.scenegraph.time.renderloop: [window 0x7f030130be40][gui thread] Frame prepared, polish=0 ms, lock=0 ms, blockedForSync=0 ms, animations=0 ms
2026-07-14 19:19:41.230 DEBUG qt.scenegraph.time.renderer: time in renderer: total=0ms, preprocess=0, updates=0, rendering=0
2026-07-14 19:19:41.230 DEBUG qt.scenegraph.time.renderloop: [window 0x7f030130be40][render thread 0x7f0301180040] syncAndRender: frame rendered in 0ms, sync=0, render=0, swap=0
2026-07-14 19:19:41.231 DEBUG qt.scenegraph.time.renderloop: [window 0x7f030130be40][gui thread] polishAndSync: start, elapsed since last call: 1 ms
2026-07-14 19:19:41.231 DEBUG qt.scenegraph.time.renderloop: [window 0x7f030130be40][render thread 0x7f0301180040] syncAndRender: start, elapsed since last call: 0 ms
2026-07-14 19:19:41.231 DEBUG qt.scenegraph.time.renderloop: [window 0x7f030130be40][gui thread] Frame prepared, polish=0 ms, lock=0 ms, blockedForSync=0 ms, animations=0 ms
2026-07-14 19:19:41.231 DEBUG qt.scenegraph.time.renderer: time in renderer: total=0ms, preprocess=0, updates=0, rendering=0
2026-07-14 19:19:41.231 DEBUG qt.scenegraph.time.renderloop: [window 0x7f030130be40][render thread 0x7f0301180040] syncAndRender: frame rendered in 0ms, sync=0, render=0, swap=0
2026-07-14 19:19:41.262 DEBUG qt.scenegraph.time.renderloop: [window 0x7f030130be40][gui thread] polishAndSync: start, elapsed since last call: 31 ms
2026-07-14 19:19:41.263 DEBUG qt.scenegraph.time.renderloop: [window 0x7f030130be40][render thread 0x7f0301180040] syncAndRender: start, elapsed since last call: 32 ms
2026-07-14 19:19:41.263 DEBUG qt.scenegraph.time.renderloop: [window 0x7f030130be40][gui thread] Frame prepared, polish=0 ms, lock=0 ms, blockedForSync=0 ms, animations=0 ms
2026-07-14 19:19:41.263 DEBUG qt.scenegraph.time.renderer: time in renderer: total=0ms, preprocess=0, updates=0, rendering=0
2026-07-14 19:19:41.263 DEBUG qt.scenegraph.time.renderloop: [window 0x7f030130be40][render thread 0x7f0301180040] syncAndRender: frame rendered in 0ms, sync=0, render=0, swap=0
2026-07-14 19:19:41.264 DEBUG qt.scenegraph.time.renderloop: [window 0x7f030130be40][gui thread] polishAndSync: start, elapsed since last call: 1 ms
2026-07-14 19:19:41.264 DEBUG qt.scenegraph.time.renderloop: [window 0x7f030130be40][render thread 0x7f0301180040] syncAndRender: start, elapsed since last call: 0 ms
2026-07-14 19:19:41.264 DEBUG qt.scenegraph.time.renderloop: [window 0x7f030130be40][gui thread] Frame prepared, polish=0 ms, lock=0 ms, blockedForSync=0 ms, animations=0 ms
2026-07-14 19:19:41.264 DEBUG qt.scenegraph.time.renderer: time in renderer: total=0ms, preprocess=0, updates=0, rendering=0
2026-07-14 19:19:41.264 DEBUG qt.scenegraph.time.renderloop: [window 0x7f030130be40][render thread 0x7f0301180040] syncAndRender: frame rendered in 0ms, sync=0, render=0, swap=0
2026-07-14 19:19:41.291 DEBUG qt.scenegraph.time.renderloop: [window 0x7f030130be40][gui thread] polishAndSync: start, elapsed since last call: 27 ms
2026-07-14 19:19:41.291 DEBUG qt.scenegraph.time.renderloop: [window 0x7f030130be40][render thread 0x7f0301180040] syncAndRender: start, elapsed since last call: 27 ms
2026-07-14 19:19:41.292 DEBUG qt.scenegraph.time.renderloop: [window 0x7f030130be40][gui thread] Frame prepared, polish=0 ms, lock=0 ms, blockedForSync=0 ms, animations=0 ms
2026-07-14 19:19:41.292 DEBUG qt.scenegraph.time.renderloop: [window 0x7f030130be40][gui thread] polishAndSync: start, elapsed since last call: 0 ms
2026-07-14 19:19:41.292 DEBUG qt.scenegraph.time.texture: atlastexture upload enqueued in: -9223357817824ms (16x16)
2026-07-14 19:19:41.292 DEBUG qt.scenegraph.time.texture: atlastexture upload enqueued in: -9223357817824ms (36x14)
2026-07-14 19:19:41.292 DEBUG qt.scenegraph.time.renderer: time in renderer: total=0ms, preprocess=0, updates=0, rendering=0
2026-07-14 19:19:41.293 DEBUG qt.scenegraph.time.renderloop: [window 0x7f030130be40][render thread 0x7f0301180040] syncAndRender: frame rendered in 1ms, sync=0, render=0, swap=0
2026-07-14 19:19:41.293 DEBUG qt.scenegraph.time.renderloop: [window 0x7f030130be40][render thread 0x7f0301180040] syncAndRender: start, elapsed since last call: 1 ms
2026-07-14 19:19:41.293 DEBUG qt.scenegraph.time.renderloop: [window 0x7f030130be40][gui thread] Frame prepared, polish=0 ms, lock=0 ms, blockedForSync=0 ms, animations=0 ms
2026-07-14 19:19:41.293 DEBUG qt.scenegraph.time.renderer: time in renderer: total=0ms, preprocess=0, updates=0, rendering=0
2026-07-14 19:19:41.293 DEBUG qt.scenegraph.time.renderloop: [window 0x7f030130be40][gui thread] polishAndSync: start, elapsed since last call: 1 ms
2026-07-14 19:19:41.293 DEBUG qt.scenegraph.time.renderloop: [window 0x7f030130be40][render thread 0x7f0301180040] syncAndRender: frame rendered in 0ms, sync=0, render=0, swap=0
2026-07-14 19:19:41.293 DEBUG qt.scenegraph.time.renderloop: [window 0x7f030130be40][render thread 0x7f0301180040] syncAndRender: start, elapsed since last call: 0 ms
2026-07-14 19:19:41.293 DEBUG qt.scenegraph.time.renderloop: [window 0x7f030130be40][gui thread] Frame prepared, polish=0 ms, lock=0 ms, blockedForSync=0 ms, animations=0 ms
2026-07-14 19:19:41.293 DEBUG qt.scenegraph.time.renderer: time in renderer: total=0ms, preprocess=0, updates=0, rendering=0
2026-07-14 19:19:41.300 DEBUG qt.scenegraph.time.renderloop: [window 0x7f030130be40][gui thread] polishAndSync: start, elapsed since last call: 6 ms
2026-07-14 19:19:41.300 DEBUG qt.scenegraph.time.renderloop: [window 0x7f030130be40][render thread 0x7f0301180040] syncAndRender: frame rendered in 6ms, sync=0, render=0, swap=6
2026-07-14 19:19:41.300 DEBUG qt.scenegraph.time.renderloop: [window 0x7f030130be40][render thread 0x7f0301180040] syncAndRender: start, elapsed since last call: 6 ms
2026-07-14 19:19:41.300 DEBUG qt.scenegraph.time.renderloop: [window 0x7f030130be40][gui thread] Frame prepared, polish=0 ms, lock=0 ms, blockedForSync=0 ms, animations=0 ms
2026-07-14 19:19:41.300 DEBUG qt.scenegraph.time.texture: atlastexture upload enqueued in: -9223357817815ms (36x14)
2026-07-14 19:19:41.300 DEBUG qt.scenegraph.time.renderer: time in renderer: total=0ms, preprocess=0, updates=0, rendering=0
2026-07-14 19:19:41.307 DEBUG qt.scenegraph.time.renderloop: [window 0x7f030130be40][gui thread] polishAndSync: start, elapsed since last call: 6 ms
2026-07-14 19:19:41.307 DEBUG qt.scenegraph.time.renderloop: [window 0x7f030130be40][render thread 0x7f0301180040] syncAndRender: frame rendered in 6ms, sync=0, render=0, swap=6
2026-07-14 19:19:41.307 DEBUG qt.scenegraph.time.renderloop: [window 0x7f030130be40][render thread 0x7f0301180040] syncAndRender: start, elapsed since last call: 6 ms
2026-07-14 19:19:41.307 DEBUG qt.scenegraph.time.renderloop: [window 0x7f030130be40][gui thread] Frame prepared, polish=0 ms, lock=0 ms, blockedForSync=0 ms, animations=0 ms
2026-07-14 19:19:41.307 DEBUG qt.scenegraph.time.renderer: time in renderer: total=0ms, preprocess=0, updates=0, rendering=0
2026-07-14 19:19:41.314 DEBUG qt.scenegraph.time.renderloop: [window 0x7f030130be40][gui thread] polishAndSync: start, elapsed since last call: 7 ms
2026-07-14 19:19:41.314 DEBUG qt.scenegraph.time.renderloop: [window 0x7f030130be40][render thread 0x7f0301180040] syncAndRender: frame rendered in 7ms, sync=0, render=0, swap=6
2026-07-14 19:19:41.314 DEBUG qt.scenegraph.time.renderloop: [window 0x7f030130be40][render thread 0x7f0301180040] syncAndRender: start, elapsed since last call: 7 ms
2026-07-14 19:19:41.314 DEBUG qt.scenegraph.time.renderloop: [window 0x7f030130be40][gui thread] Frame prepared, polish=0 ms, lock=0 ms, blockedForSync=0 ms, animations=0 ms
2026-07-14 19:19:41.314 DEBUG qt.scenegraph.time.renderer: time in renderer: total=0ms, preprocess=0, updates=0, rendering=0
2026-07-14 19:19:41.321 DEBUG qt.scenegraph.time.renderloop: [window 0x7f030130be40][gui thread] polishAndSync: start, elapsed since last call: 6 ms
2026-07-14 19:19:41.321 DEBUG qt.scenegraph.time.renderloop: [window 0x7f030130be40][render thread 0x7f0301180040] syncAndRender: frame rendered in 6ms, sync=0, render=0, swap=6
2026-07-14 19:19:41.321 DEBUG qt.scenegraph.time.renderloop: [window 0x7f030130be40][render thread 0x7f0301180040] syncAndRender: start, elapsed since last call: 6 ms
2026-07-14 19:19:41.321 DEBUG qt.scenegraph.time.renderloop: [window 0x7f030130be40][gui thread] Frame prepared, polish=0 ms, lock=0 ms, blockedForSync=0 ms, animations=0 ms
2026-07-14 19:19:41.321 DEBUG qt.scenegraph.time.renderer: time in renderer: total=0ms, preprocess=0, updates=0, rendering=0
2026-07-14 19:19:41.328 DEBUG qt.scenegraph.time.renderloop: [window 0x7f030130be40][gui thread] polishAndSync: start, elapsed since last call: 7 ms
2026-07-14 19:19:41.328 DEBUG qt.scenegraph.time.renderloop: [window 0x7f030130be40][render thread 0x7f0301180040] syncAndRender: frame rendered in 7ms, sync=0, render=0, swap=6
2026-07-14 19:19:41.328 DEBUG qt.scenegraph.time.renderloop: [window 0x7f030130be40][render thread 0x7f0301180040] syncAndRender: start, elapsed since last call: 7 ms
2026-07-14 19:19:41.328 DEBUG qt.scenegraph.time.renderloop: [window 0x7f030130be40][gui thread] Frame prepared, polish=0 ms, lock=0 ms, blockedForSync=0 ms, animations=0 ms
2026-07-14 19:19:41.328 DEBUG qt.scenegraph.time.renderer: time in renderer: total=0ms, preprocess=0, updates=0, rendering=0
2026-07-14 19:19:41.335 DEBUG qt.scenegraph.time.renderloop: [window 0x7f030130be40][gui thread] polishAndSync: start, elapsed since last call: 6 ms
2026-07-14 19:19:41.335 DEBUG qt.scenegraph.time.renderloop: [window 0x7f030130be40][render thread 0x7f0301180040] syncAndRender: frame rendered in 6ms, sync=0, render=0, swap=6
2026-07-14 19:19:41.335 DEBUG qt.scenegraph.time.renderloop: [window 0x7f030130be40][render thread 0x7f0301180040] syncAndRender: start, elapsed since last call: 6 ms
2026-07-14 19:19:41.335 DEBUG qt.scenegraph.time.renderloop: [window 0x7f030130be40][gui thread] Frame prepared, polish=0 ms, lock=0 ms, blockedForSync=0 ms, animations=0 ms
2026-07-14 19:19:41.335 DEBUG qt.scenegraph.time.renderer: time in renderer: total=0ms, preprocess=0, updates=0, rendering=0
2026-07-14 19:19:41.341 DEBUG qt.scenegraph.time.renderloop: [window 0x7f030130be40][gui thread] polishAndSync: start, elapsed since last call: 6 ms
2026-07-14 19:19:41.341 DEBUG qt.scenegraph.time.renderloop: [window 0x7f030130be40][render thread 0x7f0301180040] syncAndRender: frame rendered in 6ms, sync=0, render=0, swap=6
2026-07-14 19:19:41.341 DEBUG qt.scenegraph.time.renderloop: [window 0x7f030130be40][render thread 0x7f0301180040] syncAndRender: start, elapsed since last call: 6 ms
2026-07-14 19:19:41.341 DEBUG qt.scenegraph.time.renderloop: [window 0x7f030130be40][gui thread] Frame prepared, polish=0 ms, lock=0 ms, blockedForSync=0 ms, animations=0 ms
2026-07-14 19:19:41.342 DEBUG qt.scenegraph.time.renderer: time in renderer: total=0ms, preprocess=0, updates=0, rendering=0
2026-07-14 19:19:41.348 DEBUG qt.scenegraph.time.renderloop: [window 0x7f030130be40][gui thread] polishAndSync: start, elapsed since last call: 6 ms
2026-07-14 19:19:41.348 DEBUG qt.scenegraph.time.renderloop: [window 0x7f030130be40][render thread 0x7f0301180040] syncAndRender: frame rendered in 6ms, sync=0, render=0, swap=6
2026-07-14 19:19:41.348 DEBUG qt.scenegraph.time.renderloop: [window 0x7f030130be40][render thread 0x7f0301180040] syncAndRender: start, elapsed since last call: 7 ms
2026-07-14 19:19:41.349 DEBUG qt.scenegraph.time.renderloop: [window 0x7f030130be40][gui thread] Frame prepared, polish=0 ms, lock=0 ms, blockedForSync=0 ms, animations=0 ms
2026-07-14 19:19:41.349 DEBUG qt.scenegraph.time.renderer: time in renderer: total=0ms, preprocess=0, updates=0, rendering=0
2026-07-14 19:19:41.355 DEBUG qt.scenegraph.time.renderloop: [window 0x7f030130be40][gui thread] polishAndSync: start, elapsed since last call: 6 ms
2026-07-14 19:19:41.355 DEBUG qt.scenegraph.time.renderloop: [window 0x7f030130be40][render thread 0x7f0301180040] syncAndRender: frame rendered in 6ms, sync=0, render=0, swap=6
2026-07-14 19:19:41.356 DEBUG qt.scenegraph.time.renderloop: [window 0x7f030130be40][render thread 0x7f0301180040] syncAndRender: start, elapsed since last call: 7 ms
2026-07-14 19:19:41.356 DEBUG qt.scenegraph.time.renderloop: [window 0x7f030130be40][gui thread] Frame prepared, polish=0 ms, lock=0 ms, blockedForSync=0 ms, animations=0 ms
2026-07-14 19:19:41.356 DEBUG qt.scenegraph.time.renderer: time in renderer: total=0ms, preprocess=0, updates=0, rendering=0
2026-07-14 19:19:41.362 DEBUG qt.scenegraph.time.renderloop: [window 0x7f030130be40][gui thread] polishAndSync: start, elapsed since last call: 6 ms
2026-07-14 19:19:41.362 DEBUG qt.scenegraph.time.renderloop: [window 0x7f030130be40][render thread 0x7f0301180040] syncAndRender: frame rendered in 6ms, sync=0, render=0, swap=6
2026-07-14 19:19:41.362 DEBUG qt.scenegraph.time.renderloop: [window 0x7f030130be40][render thread 0x7f0301180040] syncAndRender: start, elapsed since last call: 6 ms
2026-07-14 19:19:41.362 DEBUG qt.scenegraph.time.renderloop: [window 0x7f030130be40][gui thread] Frame prepared, polish=0 ms, lock=0 ms, blockedForSync=0 ms, animations=0 ms
2026-07-14 19:19:41.362 DEBUG qt.scenegraph.time.renderer: time in renderer: total=0ms, preprocess=0, updates=0, rendering=0
2026-07-14 19:19:41.369 DEBUG qt.scenegraph.time.renderloop: [window 0x7f030130be40][gui thread] polishAndSync: start, elapsed since last call: 6 ms
2026-07-14 19:19:41.369 DEBUG qt.scenegraph.time.renderloop: [window 0x7f030130be40][render thread 0x7f0301180040] syncAndRender: frame rendered in 6ms, sync=0, render=0, swap=6
2026-07-14 19:19:41.369 DEBUG qt.scenegraph.time.renderloop: [window 0x7f030130be40][render thread 0x7f0301180040] syncAndRender: start, elapsed since last call: 7 ms
2026-07-14 19:19:41.369 DEBUG qt.scenegraph.time.renderloop: [window 0x7f030130be40][gui thread] Frame prepared, polish=0 ms, lock=0 ms, blockedForSync=0 ms, animations=0 ms
2026-07-14 19:19:41.369 DEBUG qt.scenegraph.time.renderer: time in renderer: total=0ms, preprocess=0, updates=0, rendering=0
2026-07-14 19:19:41.376 DEBUG qt.scenegraph.time.renderloop: [window 0x7f030130be40][gui thread] polishAndSync: start, elapsed since last call: 7 ms
2026-07-14 19:19:41.376 DEBUG qt.scenegraph.time.renderloop: [window 0x7f030130be40][render thread 0x7f0301180040] syncAndRender: frame rendered in 6ms, sync=0, render=0, swap=6
2026-07-14 19:19:41.376 DEBUG qt.scenegraph.time.renderloop: [window 0x7f030130be40][render thread 0x7f0301180040] syncAndRender: start, elapsed since last call: 6 ms
2026-07-14 19:19:41.376 DEBUG qt.scenegraph.time.renderloop: [window 0x7f030130be40][gui thread] Frame prepared, polish=0 ms, lock=0 ms, blockedForSync=0 ms, animations=0 ms
2026-07-14 19:19:41.376 DEBUG qt.scenegraph.time.renderer: time in renderer: total=0ms, preprocess=0, updates=0, rendering=0
2026-07-14 19:19:41.383 DEBUG qt.scenegraph.time.renderloop: [window 0x7f030130be40][gui thread] polishAndSync: start, elapsed since last call: 6 ms
2026-07-14 19:19:41.383 DEBUG qt.scenegraph.time.renderloop: [window 0x7f030130be40][render thread 0x7f0301180040] syncAndRender: frame rendered in 6ms, sync=0, render=0, swap=6
2026-07-14 19:19:41.383 DEBUG qt.scenegraph.time.renderloop: [window 0x7f030130be40][render thread 0x7f0301180040] syncAndRender: start, elapsed since last call: 6 ms
2026-07-14 19:19:41.383 DEBUG qt.scenegraph.time.renderloop: [window 0x7f030130be40][gui thread] Frame prepared, polish=0 ms, lock=0 ms, blockedForSync=0 ms, animations=0 ms
2026-07-14 19:19:41.383 DEBUG qt.scenegraph.time.renderer: time in renderer: total=0ms, preprocess=0, updates=0, rendering=0
2026-07-14 19:19:41.390 DEBUG qt.scenegraph.time.renderloop: [window 0x7f030130be40][gui thread] polishAndSync: start, elapsed since last call: 7 ms
2026-07-14 19:19:41.390 DEBUG qt.scenegraph.time.renderloop: [window 0x7f030130be40][render thread 0x7f0301180040] syncAndRender: frame rendered in 7ms, sync=0, render=0, swap=7
2026-07-14 19:19:41.391 DEBUG qt.scenegraph.time.renderloop: [window 0x7f030130be40][render thread 0x7f0301180040] syncAndRender: start, elapsed since last call: 7 ms
2026-07-14 19:19:41.391 DEBUG qt.scenegraph.time.renderloop: [window 0x7f030130be40][gui thread] Frame prepared, polish=0 ms, lock=0 ms, blockedForSync=0 ms, animations=0 ms
2026-07-14 19:19:41.391 DEBUG qt.scenegraph.time.renderer: time in renderer: total=0ms, preprocess=0, updates=0, rendering=0
2026-07-14 19:19:41.397 DEBUG qt.scenegraph.time.renderloop: [window 0x7f030130be40][gui thread] polishAndSync: start, elapsed since last call: 6 ms
2026-07-14 19:19:41.397 DEBUG qt.scenegraph.time.renderloop: [window 0x7f030130be40][render thread 0x7f0301180040] syncAndRender: frame rendered in 6ms, sync=0, render=0, swap=6
2026-07-14 19:19:41.397 DEBUG qt.scenegraph.time.renderloop: [window 0x7f030130be40][render thread 0x7f0301180040] syncAndRender: start, elapsed since last call: 6 ms
2026-07-14 19:19:41.397 DEBUG qt.scenegraph.time.renderloop: [window 0x7f030130be40][gui thread] Frame prepared, polish=0 ms, lock=0 ms, blockedForSync=0 ms, animations=0 ms
2026-07-14 19:19:41.397 DEBUG qt.scenegraph.time.renderer: time in renderer: total=0ms, preprocess=0, updates=0, rendering=0
2026-07-14 19:19:41.404 DEBUG qt.scenegraph.time.renderloop: [window 0x7f030130be40][gui thread] polishAndSync: start, elapsed since last call: 6 ms
2026-07-14 19:19:41.404 DEBUG qt.scenegraph.time.renderloop: [window 0x7f030130be40][render thread 0x7f0301180040] syncAndRender: frame rendered in 6ms, sync=0, render=0, swap=6
2026-07-14 19:19:41.404 DEBUG qt.scenegraph.time.renderloop: [window 0x7f030130be40][render thread 0x7f0301180040] syncAndRender: start, elapsed since last call: 6 ms
2026-07-14 19:19:41.404 DEBUG qt.scenegraph.time.renderloop: [window 0x7f030130be40][gui thread] Frame prepared, polish=0 ms, lock=0 ms, blockedForSync=0 ms, animations=0 ms
2026-07-14 19:19:41.404 DEBUG qt.scenegraph.time.renderer: time in renderer: total=0ms, preprocess=0, updates=0, rendering=0
2026-07-14 19:19:41.411 DEBUG qt.scenegraph.time.renderloop: [window 0x7f030130be40][gui thread] polishAndSync: start, elapsed since last call: 6 ms
2026-07-14 19:19:41.411 DEBUG qt.scenegraph.time.renderloop: [window 0x7f030130be40][render thread 0x7f0301180040] syncAndRender: frame rendered in 6ms, sync=0, render=0, swap=6
2026-07-14 19:19:41.411 DEBUG qt.scenegraph.time.renderloop: [window 0x7f030130be40][render thread 0x7f0301180040] syncAndRender: start, elapsed since last call: 6 ms
2026-07-14 19:19:41.411 DEBUG qt.scenegraph.time.renderloop: [window 0x7f030130be40][gui thread] Frame prepared, polish=0 ms, lock=0 ms, blockedForSync=0 ms, animations=0 ms
2026-07-14 19:19:41.411 DEBUG qt.scenegraph.time.renderer: time in renderer: total=0ms, preprocess=0, updates=0, rendering=0
2026-07-14 19:19:41.418 DEBUG qt.scenegraph.time.renderloop: [window 0x7f030130be40][gui thread] polishAndSync: start, elapsed since last call: 6 ms
2026-07-14 19:19:41.418 DEBUG qt.scenegraph.time.renderloop: [window 0x7f030130be40][render thread 0x7f0301180040] syncAndRender: frame rendered in 6ms, sync=0, render=0, swap=6
2026-07-14 19:19:41.418 DEBUG qt.scenegraph.time.renderloop: [window 0x7f030130be40][render thread 0x7f0301180040] syncAndRender: start, elapsed since last call: 6 ms
2026-07-14 19:19:41.418 DEBUG qt.scenegraph.time.renderloop: [window 0x7f030130be40][gui thread] Frame prepared, polish=0 ms, lock=0 ms, blockedForSync=0 ms, animations=0 ms
2026-07-14 19:19:41.418 DEBUG qt.scenegraph.time.renderer: time in renderer: total=0ms, preprocess=0, updates=0, rendering=0
2026-07-14 19:19:41.425 DEBUG qt.scenegraph.time.renderloop: [window 0x7f030130be40][gui thread] polishAndSync: start, elapsed since last call: 6 ms
2026-07-14 19:19:41.425 DEBUG qt.scenegraph.time.renderloop: [window 0x7f030130be40][render thread 0x7f0301180040] syncAndRender: frame rendered in 6ms, sync=0, render=0, swap=6
2026-07-14 19:19:41.425 DEBUG qt.scenegraph.time.renderloop: [window 0x7f030130be40][render thread 0x7f0301180040] syncAndRender: start, elapsed since last call: 7 ms
2026-07-14 19:19:41.425 DEBUG qt.scenegraph.time.renderloop: [window 0x7f030130be40][gui thread] Frame prepared, polish=0 ms, lock=0 ms, blockedForSync=0 ms, animations=0 ms
2026-07-14 19:19:41.425 DEBUG qt.scenegraph.time.renderer: time in renderer: total=0ms, preprocess=0, updates=0, rendering=0
2026-07-14 19:19:41.432 DEBUG qt.scenegraph.time.renderloop: [window 0x7f030130be40][gui thread] polishAndSync: start, elapsed since last call: 7 ms
2026-07-14 19:19:41.432 DEBUG qt.scenegraph.time.renderloop: [window 0x7f030130be40][render thread 0x7f0301180040] syncAndRender: frame rendered in 6ms, sync=0, render=0, swap=6
2026-07-14 19:19:41.432 DEBUG qt.scenegraph.time.renderloop: [window 0x7f030130be40][render thread 0x7f0301180040] syncAndRender: start, elapsed since last call: 6 ms
2026-07-14 19:19:41.432 DEBUG qt.scenegraph.time.renderloop: [window 0x7f030130be40][gui thread] Frame prepared, polish=0 ms, lock=0 ms, blockedForSync=0 ms, animations=0 ms
2026-07-14 19:19:41.432 DEBUG qt.scenegraph.time.renderer: time in renderer: total=0ms, preprocess=0, updates=0, rendering=0
2026-07-14 19:19:41.439 DEBUG qt.scenegraph.time.renderloop: [window 0x7f030130be40][gui thread] polishAndSync: start, elapsed since last call: 7 ms
2026-07-14 19:19:41.439 DEBUG qt.scenegraph.time.renderloop: [window 0x7f030130be40][render thread 0x7f0301180040] syncAndRender: frame rendered in 7ms, sync=0, render=0, swap=6
2026-07-14 19:19:41.439 DEBUG qt.scenegraph.time.renderloop: [window 0x7f030130be40][render thread 0x7f0301180040] syncAndRender: start, elapsed since last call: 7 ms
2026-07-14 19:19:41.439 DEBUG qt.scenegraph.time.renderloop: [window 0x7f030130be40][gui thread] Frame prepared, polish=0 ms, lock=0 ms, blockedForSync=0 ms, animations=0 ms
2026-07-14 19:19:41.439 DEBUG qt.scenegraph.time.renderer: time in renderer: total=0ms, preprocess=0, updates=0, rendering=0
2026-07-14 19:19:41.446 DEBUG qt.scenegraph.time.renderloop: [window 0x7f030130be40][gui thread] polishAndSync: start, elapsed since last call: 6 ms
2026-07-14 19:19:41.446 DEBUG qt.scenegraph.time.renderloop: [window 0x7f030130be40][render thread 0x7f0301180040] syncAndRender: frame rendered in 6ms, sync=0, render=0, swap=6
2026-07-14 19:19:41.446 DEBUG qt.scenegraph.time.renderloop: [window 0x7f030130be40][render thread 0x7f0301180040] syncAndRender: start, elapsed since last call: 6 ms
2026-07-14 19:19:41.446 DEBUG qt.scenegraph.time.renderloop: [window 0x7f030130be40][gui thread] Frame prepared, polish=0 ms, lock=0 ms, blockedForSync=0 ms, animations=0 ms
2026-07-14 19:19:41.446 DEBUG qt.scenegraph.time.renderer: time in renderer: total=0ms, preprocess=0, updates=0, rendering=0
2026-07-14 19:19:41.453 DEBUG qt.scenegraph.time.renderloop: [window 0x7f030130be40][gui thread] polishAndSync: start, elapsed since last call: 7 ms
2026-07-14 19:19:41.453 DEBUG qt.scenegraph.time.renderloop: [window 0x7f030130be40][render thread 0x7f0301180040] syncAndRender: frame rendered in 7ms, sync=0, render=0, swap=7
2026-07-14 19:19:41.453 DEBUG qt.scenegraph.time.renderloop: [window 0x7f030130be40][render thread 0x7f0301180040] syncAndRender: start, elapsed since last call: 7 ms
2026-07-14 19:19:41.453 DEBUG qt.scenegraph.time.renderloop: [window 0x7f030130be40][gui thread] Frame prepared, polish=0 ms, lock=0 ms, blockedForSync=0 ms, animations=0 ms
2026-07-14 19:19:41.453 DEBUG qt.scenegraph.time.renderer: time in renderer: total=0ms, preprocess=0, updates=0, rendering=0
2026-07-14 19:19:41.460 DEBUG qt.scenegraph.time.renderloop: [window 0x7f030130be40][gui thread] polishAndSync: start, elapsed since last call: 6 ms
2026-07-14 19:19:41.460 DEBUG qt.scenegraph.time.renderloop: [window 0x7f030130be40][render thread 0x7f0301180040] syncAndRender: frame rendered in 6ms, sync=0, render=0, swap=6
2026-07-14 19:19:41.460 DEBUG qt.scenegraph.time.renderloop: [window 0x7f030130be40][render thread 0x7f0301180040] syncAndRender: start, elapsed since last call: 7 ms
2026-07-14 19:19:41.460 DEBUG qt.scenegraph.time.renderloop: [window 0x7f030130be40][gui thread] Frame prepared, polish=0 ms, lock=0 ms, blockedForSync=0 ms, animations=0 ms
2026-07-14 19:19:41.460 DEBUG qt.scenegraph.time.renderer: time in renderer: total=0ms, preprocess=0, updates=0, rendering=0
2026-07-14 19:19:41.467 DEBUG qt.scenegraph.time.renderloop: [window 0x7f030130be40][gui thread] polishAndSync: start, elapsed since last call: 6 ms
2026-07-14 19:19:41.467 DEBUG qt.scenegraph.time.renderloop: [window 0x7f030130be40][render thread 0x7f0301180040] syncAndRender: frame rendered in 6ms, sync=0, render=0, swap=6
2026-07-14 19:19:41.467 DEBUG qt.scenegraph.time.renderloop: [window 0x7f030130be40][render thread 0x7f0301180040] syncAndRender: start, elapsed since last call: 6 ms
2026-07-14 19:19:41.467 DEBUG qt.scenegraph.time.renderloop: [window 0x7f030130be40][gui thread] Frame prepared, polish=0 ms, lock=0 ms, blockedForSync=0 ms, animations=0 ms
2026-07-14 19:19:41.467 DEBUG qt.scenegraph.time.renderer: time in renderer: total=0ms, preprocess=0, updates=0, rendering=0
2026-07-14 19:19:41.473 DEBUG qt.scenegraph.time.renderloop: [window 0x7f030130be40][gui thread] polishAndSync: start, elapsed since last call: 6 ms
2026-07-14 19:19:41.474 DEBUG qt.scenegraph.time.renderloop: [window 0x7f030130be40][render thread 0x7f0301180040] syncAndRender: frame rendered in 6ms, sync=0, render=0, swap=6
2026-07-14 19:19:41.474 DEBUG qt.scenegraph.time.renderloop: [window 0x7f030130be40][render thread 0x7f0301180040] syncAndRender: start, elapsed since last call: 7 ms
2026-07-14 19:19:41.474 DEBUG qt.scenegraph.time.renderloop: [window 0x7f030130be40][gui thread] Frame prepared, polish=0 ms, lock=0 ms, blockedForSync=0 ms, animations=0 ms
2026-07-14 19:19:41.474 DEBUG qt.scenegraph.time.renderer: time in renderer: total=0ms, preprocess=0, updates=0, rendering=0
2026-07-14 19:19:41.480 DEBUG qt.scenegraph.time.renderloop: [window 0x7f030130be40][gui thread] polishAndSync: start, elapsed since last call: 6 ms
2026-07-14 19:19:41.480 DEBUG qt.scenegraph.time.renderloop: [window 0x7f030130be40][render thread 0x7f0301180040] syncAndRender: frame rendered in 6ms, sync=0, render=0, swap=6
2026-07-14 19:19:41.480 DEBUG qt.scenegraph.time.renderloop: [window 0x7f030130be40][render thread 0x7f0301180040] syncAndRender: start, elapsed since last call: 6 ms
2026-07-14 19:19:41.480 DEBUG qt.scenegraph.time.renderloop: [window 0x7f030130be40][gui thread] Frame prepared, polish=0 ms, lock=0 ms, blockedForSync=0 ms, animations=0 ms
2026-07-14 19:19:41.481 DEBUG qt.scenegraph.time.renderer: time in renderer: total=0ms, preprocess=0, updates=0, rendering=0
2026-07-14 19:19:41.487 DEBUG qt.scenegraph.time.renderloop: [window 0x7f030130be40][gui thread] polishAndSync: start, elapsed since last call: 6 ms
2026-07-14 19:19:41.487 DEBUG qt.scenegraph.time.renderloop: [window 0x7f030130be40][render thread 0x7f0301180040] syncAndRender: frame rendered in 6ms, sync=0, render=0, swap=6
2026-07-14 19:19:41.488 DEBUG qt.scenegraph.time.renderloop: [window 0x7f030130be40][render thread 0x7f0301180040] syncAndRender: start, elapsed since last call: 7 ms
2026-07-14 19:19:41.488 DEBUG qt.scenegraph.time.renderloop: [window 0x7f030130be40][gui thread] Frame prepared, polish=0 ms, lock=0 ms, blockedForSync=0 ms, animations=0 ms
2026-07-14 19:19:41.488 DEBUG qt.scenegraph.time.renderer: time in renderer: total=0ms, preprocess=0, updates=0, rendering=0
2026-07-14 19:19:41.494 DEBUG qt.scenegraph.time.renderloop: [window 0x7f030130be40][render thread 0x7f0301180040] syncAndRender: frame rendered in 6ms, sync=0, render=0, swap=6
2026-07-14 19:19:41.494 DEBUG qt.scenegraph.time.renderloop: [window 0x7f030130be40][gui thread] polishAndSync: start, elapsed since last call: 6 ms
2026-07-14 19:19:41.494 DEBUG qt.scenegraph.time.renderloop: [window 0x7f030130be40][render thread 0x7f0301180040] syncAndRender: start, elapsed since last call: 6 ms
2026-07-14 19:19:41.494 DEBUG qt.scenegraph.time.renderloop: [window 0x7f030130be40][gui thread] Frame prepared, polish=0 ms, lock=0 ms, blockedForSync=0 ms, animations=0 ms
2026-07-14 19:19:41.494 DEBUG qt.scenegraph.time.renderer: time in renderer: total=0ms, preprocess=0, updates=0, rendering=0
2026-07-14 19:19:41.501 DEBUG qt.scenegraph.time.renderloop: [window 0x7f030130be40][gui thread] polishAndSync: start, elapsed since last call: 6 ms
2026-07-14 19:19:41.501 DEBUG qt.scenegraph.time.renderloop: [window 0x7f030130be40][render thread 0x7f0301180040] syncAndRender: frame rendered in 6ms, sync=0, render=0, swap=6
2026-07-14 19:19:41.501 DEBUG qt.scenegraph.time.renderloop: [window 0x7f030130be40][render thread 0x7f0301180040] syncAndRender: start, elapsed since last call: 6 ms
2026-07-14 19:19:41.501 DEBUG qt.scenegraph.time.renderloop: [window 0x7f030130be40][gui thread] Frame prepared, polish=0 ms, lock=0 ms, blockedForSync=0 ms, animations=0 ms
2026-07-14 19:19:41.501 DEBUG qt.scenegraph.time.renderer: time in renderer: total=0ms, preprocess=0, updates=0, rendering=0
2026-07-14 19:19:41.508 DEBUG qt.scenegraph.time.renderloop: [window 0x7f030130be40][render thread 0x7f0301180040] syncAndRender: frame rendered in 6ms, sync=0, render=0, swap=6
2026-07-14 19:19:41.508 DEBUG qt.scenegraph.time.renderloop: [window 0x7f030130be40][gui thread] polishAndSync: start, elapsed since last call: 6 ms
2026-07-14 19:19:41.508 DEBUG qt.scenegraph.time.renderloop: [window 0x7f030130be40][render thread 0x7f0301180040] syncAndRender: start, elapsed since last call: 6 ms
2026-07-14 19:19:41.508 DEBUG qt.scenegraph.time.renderloop: [window 0x7f030130be40][gui thread] Frame prepared, polish=0 ms, lock=0 ms, blockedForSync=0 ms, animations=0 ms
2026-07-14 19:19:41.508 DEBUG qt.scenegraph.time.renderer: time in renderer: total=0ms, preprocess=0, updates=0, rendering=0
2026-07-14 19:19:41.515 DEBUG qt.scenegraph.time.renderloop: [window 0x7f030130be40][gui thread] polishAndSync: start, elapsed since last call: 6 ms
2026-07-14 19:19:41.515 DEBUG qt.scenegraph.time.renderloop: [window 0x7f030130be40][render thread 0x7f0301180040] syncAndRender: frame rendered in 6ms, sync=0, render=0, swap=6
2026-07-14 19:19:41.515 DEBUG qt.scenegraph.time.renderloop: [window 0x7f030130be40][render thread 0x7f0301180040] syncAndRender: start, elapsed since last call: 6 ms
2026-07-14 19:19:41.515 DEBUG qt.scenegraph.time.renderloop: [window 0x7f030130be40][gui thread] Frame prepared, polish=0 ms, lock=0 ms, blockedForSync=0 ms, animations=0 ms
2026-07-14 19:19:41.515 DEBUG qt.scenegraph.time.renderer: time in renderer: total=0ms, preprocess=0, updates=0, rendering=0
2026-07-14 19:19:41.522 DEBUG qt.scenegraph.time.renderloop: [window 0x7f030130be40][gui thread] polishAndSync: start, elapsed since last call: 7 ms
2026-07-14 19:19:41.522 DEBUG qt.scenegraph.time.renderloop: [window 0x7f030130be40][render thread 0x7f0301180040] syncAndRender: frame rendered in 7ms, sync=0, render=0, swap=6
2026-07-14 19:19:41.523 DEBUG qt.scenegraph.time.renderloop: [window 0x7f030130be40][render thread 0x7f0301180040] syncAndRender: start, elapsed since last call: 7 ms
2026-07-14 19:19:41.523 DEBUG qt.scenegraph.time.renderloop: [window 0x7f030130be40][gui thread] Frame prepared, polish=0 ms, lock=0 ms, blockedForSync=0 ms, animations=0 ms
2026-07-14 19:19:41.523 DEBUG qt.scenegraph.time.renderer: time in renderer: total=0ms, preprocess=0, updates=0, rendering=0
2026-07-14 19:19:41.529 DEBUG qt.scenegraph.time.renderloop: [window 0x7f030130be40][gui thread] polishAndSync: start, elapsed since last call: 6 ms
2026-07-14 19:19:41.529 DEBUG qt.scenegraph.time.renderloop: [window 0x7f030130be40][render thread 0x7f0301180040] syncAndRender: frame rendered in 6ms, sync=0, render=0, swap=6
2026-07-14 19:19:41.529 DEBUG qt.scenegraph.time.renderloop: [window 0x7f030130be40][render thread 0x7f0301180040] syncAndRender: start, elapsed since last call: 6 ms
2026-07-14 19:19:41.529 DEBUG qt.scenegraph.time.renderloop: [window 0x7f030130be40][gui thread] Frame prepared, polish=0 ms, lock=0 ms, blockedForSync=0 ms, animations=0 ms
2026-07-14 19:19:41.529 DEBUG qt.scenegraph.time.renderer: time in renderer: total=0ms, preprocess=0, updates=0, rendering=0
2026-07-14 19:19:41.536 DEBUG qt.scenegraph.time.renderloop: [window 0x7f030130be40][gui thread] polishAndSync: start, elapsed since last call: 6 ms
2026-07-14 19:19:41.536 DEBUG qt.scenegraph.time.renderloop: [window 0x7f030130be40][render thread 0x7f0301180040] syncAndRender: frame rendered in 6ms, sync=0, render=0, swap=6
2026-07-14 19:19:41.536 DEBUG qt.scenegraph.time.renderloop: [window 0x7f030130be40][render thread 0x7f0301180040] syncAndRender: start, elapsed since last call: 6 ms
2026-07-14 19:19:41.536 DEBUG qt.scenegraph.time.renderloop: [window 0x7f030130be40][gui thread] Frame prepared, polish=0 ms, lock=0 ms, blockedForSync=0 ms, animations=0 ms
2026-07-14 19:19:41.536 DEBUG qt.scenegraph.time.renderer: time in renderer: total=0ms, preprocess=0, updates=0, rendering=0
2026-07-14 19:19:41.543 DEBUG qt.scenegraph.time.renderloop: [window 0x7f030130be40][gui thread] polishAndSync: start, elapsed since last call: 6 ms
2026-07-14 19:19:41.543 DEBUG qt.scenegraph.time.renderloop: [window 0x7f030130be40][render thread 0x7f0301180040] syncAndRender: frame rendered in 6ms, sync=0, render=0, swap=6
2026-07-14 19:19:41.543 DEBUG qt.scenegraph.time.renderloop: [window 0x7f030130be40][render thread 0x7f0301180040] syncAndRender: start, elapsed since last call: 6 ms
2026-07-14 19:19:41.543 DEBUG qt.scenegraph.time.renderloop: [window 0x7f030130be40][gui thread] Frame prepared, polish=0 ms, lock=0 ms, blockedForSync=0 ms, animations=0 ms
2026-07-14 19:19:41.543 DEBUG qt.scenegraph.time.renderer: time in renderer: total=0ms, preprocess=0, updates=0, rendering=0
2026-07-14 19:19:41.550 DEBUG qt.scenegraph.time.renderloop: [window 0x7f030130be40][gui thread] polishAndSync: start, elapsed since last call: 6 ms
2026-07-14 19:19:41.550 DEBUG qt.scenegraph.time.renderloop: [window 0x7f030130be40][render thread 0x7f0301180040] syncAndRender: frame rendered in 6ms, sync=0, render=0, swap=6
2026-07-14 19:19:41.550 DEBUG qt.scenegraph.time.renderloop: [window 0x7f030130be40][render thread 0x7f0301180040] syncAndRender: start, elapsed since last call: 6 ms
2026-07-14 19:19:41.550 DEBUG qt.scenegraph.time.renderloop: [window 0x7f030130be40][gui thread] Frame prepared, polish=0 ms, lock=0 ms, blockedForSync=0 ms, animations=0 ms
2026-07-14 19:19:41.550 DEBUG qt.scenegraph.time.renderer: time in renderer: total=0ms, preprocess=0, updates=0, rendering=0
2026-07-14 19:19:41.557 DEBUG qt.scenegraph.time.renderloop: [window 0x7f030130be40][gui thread] polishAndSync: start, elapsed since last call: 7 ms
2026-07-14 19:19:41.557 DEBUG qt.scenegraph.time.renderloop: [window 0x7f030130be40][render thread 0x7f0301180040] syncAndRender: frame rendered in 6ms, sync=0, render=0, swap=6
2026-07-14 19:19:41.557 DEBUG qt.scenegraph.time.renderloop: [window 0x7f030130be40][render thread 0x7f0301180040] syncAndRender: start, elapsed since last call: 7 ms
2026-07-14 19:19:41.557 DEBUG qt.scenegraph.time.renderloop: [window 0x7f030130be40][gui thread] Frame prepared, polish=0 ms, lock=0 ms, blockedForSync=0 ms, animations=0 ms
2026-07-14 19:19:41.557 DEBUG qt.scenegraph.time.renderer: time in renderer: total=0ms, preprocess=0, updates=0, rendering=0
2026-07-14 19:19:41.564 DEBUG qt.scenegraph.time.renderloop: [window 0x7f030130be40][gui thread] polishAndSync: start, elapsed since last call: 6 ms
2026-07-14 19:19:41.564 DEBUG qt.scenegraph.time.renderloop: [window 0x7f030130be40][render thread 0x7f0301180040] syncAndRender: frame rendered in 6ms, sync=0, render=0, swap=6
2026-07-14 19:19:41.564 DEBUG qt.scenegraph.time.renderloop: [window 0x7f030130be40][render thread 0x7f0301180040] syncAndRender: start, elapsed since last call: 6 ms
2026-07-14 19:19:41.564 DEBUG qt.scenegraph.time.renderloop: [window 0x7f030130be40][gui thread] Frame prepared, polish=0 ms, lock=0 ms, blockedForSync=0 ms, animations=0 ms
2026-07-14 19:19:41.564 DEBUG qt.scenegraph.time.renderer: time in renderer: total=0ms, preprocess=0, updates=0, rendering=0
2026-07-14 19:19:41.571 DEBUG qt.scenegraph.time.renderloop: [window 0x7f030130be40][gui thread] polishAndSync: start, elapsed since last call: 6 ms
2026-07-14 19:19:41.571 DEBUG qt.scenegraph.time.renderloop: [window 0x7f030130be40][render thread 0x7f0301180040] syncAndRender: frame rendered in 6ms, sync=0, render=0, swap=6
2026-07-14 19:19:41.571 DEBUG qt.scenegraph.time.renderloop: [window 0x7f030130be40][render thread 0x7f0301180040] syncAndRender: start, elapsed since last call: 6 ms
2026-07-14 19:19:41.571 DEBUG qt.scenegraph.time.renderloop: [window 0x7f030130be40][gui thread] Frame prepared, polish=0 ms, lock=0 ms, blockedForSync=0 ms, animations=0 ms
2026-07-14 19:19:41.571 DEBUG qt.scenegraph.time.renderer: time in renderer: total=0ms, preprocess=0, updates=0, rendering=0
2026-07-14 19:19:41.578 DEBUG qt.scenegraph.time.renderloop: [window 0x7f030130be40][gui thread] polishAndSync: start, elapsed since last call: 6 ms
2026-07-14 19:19:41.578 DEBUG qt.scenegraph.time.renderloop: [window 0x7f030130be40][render thread 0x7f0301180040] syncAndRender: frame rendered in 6ms, sync=0, render=0, swap=6
2026-07-14 19:19:41.578 DEBUG qt.scenegraph.time.renderloop: [window 0x7f030130be40][render thread 0x7f0301180040] syncAndRender: start, elapsed since last call: 6 ms
2026-07-14 19:19:41.578 DEBUG qt.scenegraph.time.renderloop: [window 0x7f030130be40][gui thread] Frame prepared, polish=0 ms, lock=0 ms, blockedForSync=0 ms, animations=0 ms
2026-07-14 19:19:41.578 DEBUG qt.scenegraph.time.renderer: time in renderer: total=0ms, preprocess=0, updates=0, rendering=0
2026-07-14 19:19:41.585 DEBUG qt.scenegraph.time.renderloop: [window 0x7f030130be40][gui thread] polishAndSync: start, elapsed since last call: 6 ms
2026-07-14 19:19:41.585 DEBUG qt.scenegraph.time.renderloop: [window 0x7f030130be40][render thread 0x7f0301180040] syncAndRender: frame rendered in 6ms, sync=0, render=0, swap=6
2026-07-14 19:19:41.585 DEBUG qt.scenegraph.time.renderloop: [window 0x7f030130be40][render thread 0x7f0301180040] syncAndRender: start, elapsed since last call: 6 ms
2026-07-14 19:19:41.585 DEBUG qt.scenegraph.time.renderloop: [window 0x7f030130be40][gui thread] Frame prepared, polish=0 ms, lock=0 ms, blockedForSync=0 ms, animations=0 ms
2026-07-14 19:19:41.585 DEBUG qt.scenegraph.time.renderer: time in renderer: total=0ms, preprocess=0, updates=0, rendering=0
2026-07-14 19:19:41.592 DEBUG qt.scenegraph.time.renderloop: [window 0x7f030130be40][gui thread] polishAndSync: start, elapsed since last call: 6 ms
2026-07-14 19:19:41.592 DEBUG qt.scenegraph.time.renderloop: [window 0x7f030130be40][render thread 0x7f0301180040] syncAndRender: frame rendered in 6ms, sync=0, render=0, swap=6
2026-07-14 19:19:41.592 DEBUG qt.scenegraph.time.renderloop: [window 0x7f030130be40][render thread 0x7f0301180040] syncAndRender: start, elapsed since last call: 7 ms
2026-07-14 19:19:41.592 DEBUG qt.scenegraph.time.renderloop: [window 0x7f030130be40][gui thread] Frame prepared, polish=0 ms, lock=0 ms, blockedForSync=0 ms, animations=0 ms
2026-07-14 19:19:41.592 DEBUG qt.scenegraph.time.renderer: time in renderer: total=0ms, preprocess=0, updates=0, rendering=0
2026-07-14 19:19:41.599 DEBUG qt.scenegraph.time.renderloop: [window 0x7f030130be40][gui thread] polishAndSync: start, elapsed since last call: 6 ms
2026-07-14 19:19:41.599 DEBUG qt.scenegraph.time.renderloop: [window 0x7f030130be40][render thread 0x7f0301180040] syncAndRender: frame rendered in 6ms, sync=0, render=0, swap=6
2026-07-14 19:19:41.599 DEBUG qt.scenegraph.time.renderloop: [window 0x7f030130be40][render thread 0x7f0301180040] syncAndRender: start, elapsed since last call: 6 ms
2026-07-14 19:19:41.599 DEBUG qt.scenegraph.time.renderloop: [window 0x7f030130be40][gui thread] Frame prepared, polish=0 ms, lock=0 ms, blockedForSync=0 ms, animations=0 ms
2026-07-14 19:19:41.599 DEBUG qt.scenegraph.time.renderer: time in renderer: total=0ms, preprocess=0, updates=0, rendering=0
2026-07-14 19:19:41.606 DEBUG qt.scenegraph.time.renderloop: [window 0x7f030130be40][render thread 0x7f0301180040] syncAndRender: frame rendered in 6ms, sync=0, render=0, swap=6
2026-07-14 19:19:41.625 DEBUG qt.scenegraph.time.renderloop: [window 0x7f030130be40][gui thread] polishAndSync: start, elapsed since last call: 26 ms
2026-07-14 19:19:41.625 DEBUG qt.scenegraph.time.renderloop: [window 0x7f030130be40][render thread 0x7f0301180040] syncAndRender: start, elapsed since last call: 26 ms
2026-07-14 19:19:41.625 DEBUG qt.scenegraph.time.renderloop: [window 0x7f030130be40][gui thread] Frame prepared, polish=0 ms, lock=0 ms, blockedForSync=0 ms, animations=0 ms
2026-07-14 19:19:41.625 DEBUG qt.scenegraph.time.renderer: time in renderer: total=0ms, preprocess=0, updates=0, rendering=0
2026-07-14 19:19:41.625 DEBUG qt.scenegraph.time.renderloop: [window 0x7f030130be40][render thread 0x7f0301180040] syncAndRender: frame rendered in 0ms, sync=0, render=0, swap=0
2026-07-14 19:19:41.626 DEBUG qt.scenegraph.time.renderloop: [window 0x7f030130be40][gui thread] polishAndSync: start, elapsed since last call: 1 ms
2026-07-14 19:19:41.626 DEBUG qt.scenegraph.time.renderloop: [window 0x7f030130be40][render thread 0x7f0301180040] syncAndRender: start, elapsed since last call: 1 ms
2026-07-14 19:19:41.626 DEBUG qt.scenegraph.time.renderloop: [window 0x7f030130be40][gui thread] Frame prepared, polish=0 ms, lock=0 ms, blockedForSync=0 ms, animations=0 ms
2026-07-14 19:19:41.627 DEBUG qt.scenegraph.time.renderer: time in renderer: total=0ms, preprocess=0, updates=0, rendering=0
2026-07-14 19:19:41.627 DEBUG qt.scenegraph.time.renderloop: [window 0x7f030130be40][render thread 0x7f0301180040] syncAndRender: frame rendered in 0ms, sync=0, render=0, swap=0
2026-07-14 19:19:41.658 DEBUG qt.scenegraph.time.renderloop: [window 0x7f030130be40][gui thread] polishAndSync: start, elapsed since last call: 32 ms
2026-07-14 19:19:41.659 DEBUG qt.scenegraph.time.renderloop: [window 0x7f030130be40][render thread 0x7f0301180040] syncAndRender: start, elapsed since last call: 32 ms
2026-07-14 19:19:41.659 DEBUG qt.scenegraph.time.renderloop: [window 0x7f030130be40][gui thread] Frame prepared, polish=0 ms, lock=0 ms, blockedForSync=0 ms, animations=0 ms
2026-07-14 19:19:41.659 DEBUG qt.scenegraph.time.renderer: time in renderer: total=0ms, preprocess=0, updates=0, rendering=0
2026-07-14 19:19:41.659 DEBUG qt.scenegraph.time.renderloop: [window 0x7f030130be40][render thread 0x7f0301180040] syncAndRender: frame rendered in 0ms, sync=0, render=0, swap=0
2026-07-14 19:19:41.661 DEBUG qt.scenegraph.time.renderloop: [window 0x7f030130be40][gui thread] polishAndSync: start, elapsed since last call: 2 ms
2026-07-14 19:19:41.661 DEBUG qt.scenegraph.time.renderloop: [window 0x7f030130be40][render thread 0x7f0301180040] syncAndRender: start, elapsed since last call: 2 ms
2026-07-14 19:19:41.661 DEBUG qt.scenegraph.time.renderloop: [window 0x7f030130be40][gui thread] Frame prepared, polish=0 ms, lock=0 ms, blockedForSync=0 ms, animations=0 ms
2026-07-14 19:19:41.661 DEBUG qt.scenegraph.time.renderer: time in renderer: total=0ms, preprocess=0, updates=0, rendering=0
2026-07-14 19:19:41.661 DEBUG qt.scenegraph.time.renderloop: [window 0x7f030130be40][render thread 0x7f0301180040] syncAndRender: frame rendered in 0ms, sync=0, render=0, swap=0
2026-07-14 19:19:41.691 DEBUG qt.scenegraph.time.renderloop: [window 0x7f030130be40][gui thread] polishAndSync: start, elapsed since last call: 30 ms
2026-07-14 19:19:41.692 DEBUG qt.scenegraph.time.renderloop: [window 0x7f030130be40][render thread 0x7f0301180040] syncAndRender: start, elapsed since last call: 30 ms
2026-07-14 19:19:41.692 DEBUG qt.scenegraph.time.renderloop: [window 0x7f030130be40][gui thread] Frame prepared, polish=0 ms, lock=0 ms, blockedForSync=0 ms, animations=0 ms
2026-07-14 19:19:41.692 DEBUG qt.scenegraph.time.renderer: time in renderer: total=0ms, preprocess=0, updates=0, rendering=0
2026-07-14 19:19:41.692 DEBUG qt.scenegraph.time.renderloop: [window 0x7f030130be40][render thread 0x7f0301180040] syncAndRender: frame rendered in 0ms, sync=0, render=0, swap=0
2026-07-14 19:19:41.696 DEBUG qt.scenegraph.time.renderloop: [window 0x7f030130be40][gui thread] polishAndSync: start, elapsed since last call: 4 ms
2026-07-14 19:19:41.696 DEBUG qt.scenegraph.time.renderloop: [window 0x7f030130be40][render thread 0x7f0301180040] syncAndRender: start, elapsed since last call: 4 ms
2026-07-14 19:19:41.696 DEBUG qt.scenegraph.time.renderloop: [window 0x7f030130be40][gui thread] Frame prepared, polish=0 ms, lock=0 ms, blockedForSync=0 ms, animations=0 ms
2026-07-14 19:19:41.696 DEBUG qt.scenegraph.time.renderer: time in renderer: total=0ms, preprocess=0, updates=0, rendering=0
2026-07-14 19:19:41.696 DEBUG qt.scenegraph.time.renderloop: [window 0x7f030130be40][render thread 0x7f0301180040] syncAndRender: frame rendered in 0ms, sync=0, render=0, swap=0
2026-07-14 19:19:41.724 DEBUG qt.scenegraph.time.renderloop: [window 0x7f030130be40][gui thread] polishAndSync: start, elapsed since last call: 28 ms
2026-07-14 19:19:41.724 DEBUG qt.scenegraph.time.renderloop: [window 0x7f030130be40][render thread 0x7f0301180040] syncAndRender: start, elapsed since last call: 28 ms
2026-07-14 19:19:41.724 DEBUG qt.scenegraph.time.renderloop: [window 0x7f030130be40][gui thread] Frame prepared, polish=0 ms, lock=0 ms, blockedForSync=0 ms, animations=0 ms
2026-07-14 19:19:41.724 DEBUG qt.scenegraph.time.renderer: time in renderer: total=0ms, preprocess=0, updates=0, rendering=0
2026-07-14 19:19:41.724 DEBUG qt.scenegraph.time.renderloop: [window 0x7f030130be40][render thread 0x7f0301180040] syncAndRender: frame rendered in 0ms, sync=0, render=0, swap=0
2026-07-14 19:19:41.731 DEBUG qt.scenegraph.time.renderloop: [window 0x7f030130be40][gui thread] polishAndSync: start, elapsed since last call: 6 ms
2026-07-14 19:19:41.731 DEBUG qt.scenegraph.time.renderloop: [window 0x7f030130be40][render thread 0x7f0301180040] syncAndRender: start, elapsed since last call: 6 ms
2026-07-14 19:19:41.731 DEBUG qt.scenegraph.time.renderloop: [window 0x7f030130be40][gui thread] Frame prepared, polish=0 ms, lock=0 ms, blockedForSync=0 ms, animations=0 ms
2026-07-14 19:19:41.731 DEBUG qt.scenegraph.time.renderer: time in renderer: total=0ms, preprocess=0, updates=0, rendering=0
2026-07-14 19:19:41.731 DEBUG qt.scenegraph.time.renderloop: [window 0x7f030130be40][render thread 0x7f0301180040] syncAndRender: frame rendered in 0ms, sync=0, render=0, swap=0
2026-07-14 19:19:41.758 DEBUG qt.scenegraph.time.renderloop: [window 0x7f030130be40][gui thread] polishAndSync: start, elapsed since last call: 27 ms
2026-07-14 19:19:41.758 DEBUG qt.scenegraph.time.renderloop: [window 0x7f030130be40][render thread 0x7f0301180040] syncAndRender: start, elapsed since last call: 27 ms
2026-07-14 19:19:41.758 DEBUG qt.scenegraph.time.renderloop: [window 0x7f030130be40][gui thread] Frame prepared, polish=0 ms, lock=0 ms, blockedForSync=0 ms, animations=0 ms
2026-07-14 19:19:41.758 DEBUG qt.scenegraph.time.renderer: time in renderer: total=0ms, preprocess=0, updates=0, rendering=0
2026-07-14 19:19:41.758 DEBUG qt.scenegraph.time.renderloop: [window 0x7f030130be40][render thread 0x7f0301180040] syncAndRender: frame rendered in 0ms, sync=0, render=0, swap=0
2026-07-14 19:19:41.765 DEBUG qt.scenegraph.time.renderloop: [window 0x7f030130be40][gui thread] polishAndSync: start, elapsed since last call: 7 ms
2026-07-14 19:19:41.765 DEBUG qt.scenegraph.time.renderloop: [window 0x7f030130be40][render thread 0x7f0301180040] syncAndRender: start, elapsed since last call: 7 ms
2026-07-14 19:19:41.765 DEBUG qt.scenegraph.time.renderloop: [window 0x7f030130be40][gui thread] Frame prepared, polish=0 ms, lock=0 ms, blockedForSync=0 ms, animations=0 ms
2026-07-14 19:19:41.765 DEBUG qt.scenegraph.time.renderer: time in renderer: total=0ms, preprocess=0, updates=0, rendering=0
2026-07-14 19:19:41.766 DEBUG qt.scenegraph.time.renderloop: [window 0x7f030130be40][render thread 0x7f0301180040] syncAndRender: frame rendered in 0ms, sync=0, render=0, swap=0
2026-07-14 19:19:41.791 DEBUG qt.scenegraph.time.renderloop: [window 0x7f030130be40][gui thread] polishAndSync: start, elapsed since last call: 25 ms
2026-07-14 19:19:41.791 DEBUG qt.scenegraph.time.renderloop: [window 0x7f030130be40][render thread 0x7f0301180040] syncAndRender: start, elapsed since last call: 25 ms
2026-07-14 19:19:41.791 DEBUG qt.scenegraph.time.renderloop: [window 0x7f030130be40][gui thread] Frame prepared, polish=0 ms, lock=0 ms, blockedForSync=0 ms, animations=0 ms
2026-07-14 19:19:41.791 DEBUG qt.scenegraph.time.renderer: time in renderer: total=0ms, preprocess=0, updates=0, rendering=0
2026-07-14 19:19:41.791 DEBUG qt.scenegraph.time.renderloop: [window 0x7f030130be40][render thread 0x7f0301180040] syncAndRender: frame rendered in 0ms, sync=0, render=0, swap=0
2026-07-14 19:19:41.793 DEBUG qt.scenegraph.time.renderloop: [window 0x7f030130be40][gui thread] polishAndSync: start, elapsed since last call: 2 ms
2026-07-14 19:19:41.793 DEBUG qt.scenegraph.time.renderloop: [window 0x7f030130be40][render thread 0x7f0301180040] syncAndRender: start, elapsed since last call: 1 ms
2026-07-14 19:19:41.793 DEBUG qt.scenegraph.time.renderloop: [window 0x7f030130be40][gui thread] Frame prepared, polish=0 ms, lock=0 ms, blockedForSync=0 ms, animations=0 ms
2026-07-14 19:19:41.793 DEBUG qt.scenegraph.time.renderer: time in renderer: total=0ms, preprocess=0, updates=0, rendering=0
2026-07-14 19:19:41.793 DEBUG qt.scenegraph.time.renderloop: [window 0x7f030130be40][render thread 0x7f0301180040] syncAndRender: frame rendered in 0ms, sync=0, render=0, swap=0
2026-07-14 19:19:41.823 DEBUG qt.scenegraph.time.renderloop: [window 0x7f030130be40][gui thread] polishAndSync: start, elapsed since last call: 29 ms
2026-07-14 19:19:41.823 DEBUG qt.scenegraph.time.renderloop: [window 0x7f030130be40][render thread 0x7f0301180040] syncAndRender: start, elapsed since last call: 29 ms
2026-07-14 19:19:41.823 DEBUG qt.scenegraph.time.renderloop: [window 0x7f030130be40][gui thread] Frame prepared, polish=0 ms, lock=0 ms, blockedForSync=0 ms, animations=0 ms
2026-07-14 19:19:41.823 DEBUG qt.scenegraph.time.renderer: time in renderer: total=0ms, preprocess=0, updates=0, rendering=0
2026-07-14 19:19:41.823 DEBUG qt.scenegraph.time.renderloop: [window 0x7f030130be40][render thread 0x7f0301180040] syncAndRender: frame rendered in 0ms, sync=0, render=0, swap=0
2026-07-14 19:19:41.824 DEBUG qt.scenegraph.time.renderloop: [window 0x7f030130be40][gui thread] polishAndSync: start, elapsed since last call: 0 ms
2026-07-14 19:19:41.824 DEBUG qt.scenegraph.time.renderloop: [window 0x7f030130be40][render thread 0x7f0301180040] syncAndRender: start, elapsed since last call: 0 ms
2026-07-14 19:19:41.824 DEBUG qt.scenegraph.time.renderloop: [window 0x7f030130be40][gui thread] Frame prepared, polish=0 ms, lock=0 ms, blockedForSync=0 ms, animations=0 ms
2026-07-14 19:19:41.824 DEBUG qt.scenegraph.time.renderer: time in renderer: total=0ms, preprocess=0, updates=0, rendering=0
2026-07-14 19:19:41.824 DEBUG qt.scenegraph.time.renderloop: [window 0x7f030130be40][render thread 0x7f0301180040] syncAndRender: frame rendered in 0ms, sync=0, render=0, swap=0
2026-07-14 19:19:41.856 DEBUG qt.scenegraph.time.renderloop: [window 0x7f030130be40][gui thread] polishAndSync: start, elapsed since last call: 32 ms
2026-07-14 19:19:41.857 DEBUG qt.scenegraph.time.renderloop: [window 0x7f030130be40][render thread 0x7f0301180040] syncAndRender: start, elapsed since last call: 32 ms
2026-07-14 19:19:41.857 DEBUG qt.scenegraph.time.renderloop: [window 0x7f030130be40][gui thread] Frame prepared, polish=0 ms, lock=0 ms, blockedForSync=0 ms, animations=0 ms
2026-07-14 19:19:41.857 DEBUG qt.scenegraph.time.renderer: time in renderer: total=0ms, preprocess=0, updates=0, rendering=0
2026-07-14 19:19:41.857 DEBUG qt.scenegraph.time.renderloop: [window 0x7f030130be40][render thread 0x7f0301180040] syncAndRender: frame rendered in 0ms, sync=0, render=0, swap=0
2026-07-14 19:19:41.857 DEBUG qt.scenegraph.time.renderloop: [window 0x7f030130be40][gui thread] polishAndSync: start, elapsed since last call: 1 ms
2026-07-14 19:19:41.857 DEBUG qt.scenegraph.time.renderloop: [window 0x7f030130be40][render thread 0x7f0301180040] syncAndRender: start, elapsed since last call: 0 ms
2026-07-14 19:19:41.857 DEBUG qt.scenegraph.time.renderloop: [window 0x7f030130be40][gui thread] Frame prepared, polish=0 ms, lock=0 ms, blockedForSync=0 ms, animations=0 ms
2026-07-14 19:19:41.857 DEBUG qt.scenegraph.time.renderer: time in renderer: total=0ms, preprocess=0, updates=0, rendering=0
2026-07-14 19:19:41.857 DEBUG qt.scenegraph.time.renderloop: [window 0x7f030130be40][render thread 0x7f0301180040] syncAndRender: frame rendered in 0ms, sync=0, render=0, swap=0
2026-07-14 19:19:41.889 DEBUG qt.scenegraph.time.renderloop: [window 0x7f030130be40][gui thread] polishAndSync: start, elapsed since last call: 31 ms
2026-07-14 19:19:41.889 DEBUG qt.scenegraph.time.renderloop: [window 0x7f030130be40][render thread 0x7f0301180040] syncAndRender: start, elapsed since last call: 32 ms
2026-07-14 19:19:41.889 DEBUG qt.scenegraph.time.renderloop: [window 0x7f030130be40][gui thread] Frame prepared, polish=0 ms, lock=0 ms, blockedForSync=0 ms, animations=0 ms
2026-07-14 19:19:41.889 DEBUG qt.scenegraph.time.renderer: time in renderer: total=0ms, preprocess=0, updates=0, rendering=0
2026-07-14 19:19:41.890 DEBUG qt.scenegraph.time.renderloop: [window 0x7f030130be40][render thread 0x7f0301180040] syncAndRender: frame rendered in 0ms, sync=0, render=0, swap=0
2026-07-14 19:19:41.890 DEBUG qt.scenegraph.time.renderloop: [window 0x7f030130be40][gui thread] polishAndSync: start, elapsed since last call: 1 ms
2026-07-14 19:19:41.890 DEBUG qt.scenegraph.time.renderloop: [window 0x7f030130be40][render thread 0x7f0301180040] syncAndRender: start, elapsed since last call: 1 ms
2026-07-14 19:19:41.891 DEBUG qt.scenegraph.time.renderloop: [window 0x7f030130be40][gui thread] Frame prepared, polish=0 ms, lock=0 ms, blockedForSync=0 ms, animations=0 ms
2026-07-14 19:19:41.891 DEBUG qt.scenegraph.time.renderer: time in renderer: total=0ms, preprocess=0, updates=0, rendering=0
2026-07-14 19:19:41.891 DEBUG qt.scenegraph.time.renderloop: [window 0x7f030130be40][render thread 0x7f0301180040] syncAndRender: frame rendered in 0ms, sync=0, render=0, swap=0
2026-07-14 19:19:41.923 DEBUG qt.scenegraph.time.renderloop: [window 0x7f030130be40][gui thread] polishAndSync: start, elapsed since last call: 32 ms
2026-07-14 19:19:41.923 DEBUG qt.scenegraph.time.renderloop: [window 0x7f030130be40][render thread 0x7f0301180040] syncAndRender: start, elapsed since last call: 32 ms
2026-07-14 19:19:41.923 DEBUG qt.scenegraph.time.renderloop: [window 0x7f030130be40][gui thread] Frame prepared, polish=0 ms, lock=0 ms, blockedForSync=0 ms, animations=0 ms
2026-07-14 19:19:41.923 DEBUG qt.scenegraph.time.renderer: time in renderer: total=0ms, preprocess=0, updates=0, rendering=0
2026-07-14 19:19:41.924 DEBUG qt.scenegraph.time.renderloop: [window 0x7f030130be40][render thread 0x7f0301180040] syncAndRender: frame rendered in 0ms, sync=0, render=0, swap=0
2026-07-14 19:19:41.925 DEBUG qt.scenegraph.time.renderloop: [window 0x7f030130be40][gui thread] polishAndSync: start, elapsed since last call: 2 ms
2026-07-14 19:19:41.925 DEBUG qt.scenegraph.time.renderloop: [window 0x7f030130be40][render thread 0x7f0301180040] syncAndRender: start, elapsed since last call: 2 ms
2026-07-14 19:19:41.925 DEBUG qt.scenegraph.time.renderloop: [window 0x7f030130be40][gui thread] Frame prepared, polish=0 ms, lock=0 ms, blockedForSync=0 ms, animations=0 ms
2026-07-14 19:19:41.925 DEBUG qt.scenegraph.time.renderer: time in renderer: total=0ms, preprocess=0, updates=0, rendering=0
2026-07-14 19:19:41.926 DEBUG qt.scenegraph.time.renderloop: [window 0x7f030130be40][render thread 0x7f0301180040] syncAndRender: frame rendered in 0ms, sync=0, render=0, swap=0
2026-07-14 19:19:41.955 DEBUG qt.scenegraph.time.renderloop: [window 0x7f030130be40][gui thread] polishAndSync: start, elapsed since last call: 30 ms
2026-07-14 19:19:41.956 DEBUG qt.scenegraph.time.renderloop: [window 0x7f030130be40][render thread 0x7f0301180040] syncAndRender: start, elapsed since last call: 30 ms
2026-07-14 19:19:41.956 DEBUG qt.scenegraph.time.renderloop: [window 0x7f030130be40][gui thread] Frame prepared, polish=0 ms, lock=0 ms, blockedForSync=0 ms, animations=0 ms
2026-07-14 19:19:41.956 DEBUG qt.scenegraph.time.renderer: time in renderer: total=0ms, preprocess=0, updates=0, rendering=0
2026-07-14 19:19:41.956 DEBUG qt.scenegraph.time.renderloop: [window 0x7f030130be40][render thread 0x7f0301180040] syncAndRender: frame rendered in 0ms, sync=0, render=0, swap=0
2026-07-14 19:19:41.960 DEBUG qt.scenegraph.time.renderloop: [window 0x7f030130be40][gui thread] polishAndSync: start, elapsed since last call: 4 ms
2026-07-14 19:19:41.960 DEBUG qt.scenegraph.time.renderloop: [window 0x7f030130be40][render thread 0x7f0301180040] syncAndRender: start, elapsed since last call: 4 ms
2026-07-14 19:19:41.960 DEBUG qt.scenegraph.time.renderloop: [window 0x7f030130be40][gui thread] Frame prepared, polish=0 ms, lock=0 ms, blockedForSync=0 ms, animations=0 ms
2026-07-14 19:19:41.960 DEBUG qt.scenegraph.time.renderer: time in renderer: total=0ms, preprocess=0, updates=0, rendering=0
2026-07-14 19:19:41.960 DEBUG qt.scenegraph.time.renderloop: [window 0x7f030130be40][render thread 0x7f0301180040] syncAndRender: frame rendered in 0ms, sync=0, render=0, swap=0
2026-07-14 19:19:41.988 DEBUG qt.scenegraph.time.renderloop: [window 0x7f030130be40][gui thread] polishAndSync: start, elapsed since last call: 28 ms
2026-07-14 19:19:41.988 DEBUG qt.scenegraph.time.renderloop: [window 0x7f030130be40][render thread 0x7f0301180040] syncAndRender: start, elapsed since last call: 28 ms
2026-07-14 19:19:41.988 DEBUG qt.scenegraph.time.renderloop: [window 0x7f030130be40][gui thread] Frame prepared, polish=0 ms, lock=0 ms, blockedForSync=0 ms, animations=0 ms
2026-07-14 19:19:41.988 DEBUG qt.scenegraph.time.renderer: time in renderer: total=0ms, preprocess=0, updates=0, rendering=0
2026-07-14 19:19:41.989 DEBUG qt.scenegraph.time.renderloop: [window 0x7f030130be40][render thread 0x7f0301180040] syncAndRender: frame rendered in 0ms, sync=0, render=0, swap=0
2026-07-14 19:19:41.995 DEBUG qt.scenegraph.time.renderloop: [window 0x7f030130be40][gui thread] polishAndSync: start, elapsed since last call: 6 ms
2026-07-14 19:19:41.995 DEBUG qt.scenegraph.time.renderloop: [window 0x7f030130be40][render thread 0x7f0301180040] syncAndRender: start, elapsed since last call: 6 ms
2026-07-14 19:19:41.995 DEBUG qt.scenegraph.time.renderloop: [window 0x7f030130be40][gui thread] Frame prepared, polish=0 ms, lock=0 ms, blockedForSync=0 ms, animations=0 ms
2026-07-14 19:19:41.995 DEBUG qt.scenegraph.time.renderer: time in renderer: total=0ms, preprocess=0, updates=0, rendering=0
2026-07-14 19:19:41.995 DEBUG qt.scenegraph.time.renderloop: [window 0x7f030130be40][render thread 0x7f0301180040] syncAndRender: frame rendered in 0ms, sync=0, render=0, swap=0
2026-07-14 19:19:42.021 DEBUG qt.scenegraph.time.renderloop: [window 0x7f030130be40][gui thread] polishAndSync: start, elapsed since last call: 25 ms
2026-07-14 19:19:42.021 DEBUG qt.scenegraph.time.renderloop: [window 0x7f030130be40][render thread 0x7f0301180040] syncAndRender: start, elapsed since last call: 26 ms
2026-07-14 19:19:42.021 DEBUG qt.scenegraph.time.renderloop: [window 0x7f030130be40][gui thread] Frame prepared, polish=0 ms, lock=0 ms, blockedForSync=0 ms, animations=0 ms
2026-07-14 19:19:42.021 DEBUG qt.scenegraph.time.renderer: time in renderer: total=0ms, preprocess=0, updates=0, rendering=0
2026-07-14 19:19:42.021 DEBUG qt.scenegraph.time.renderloop: [window 0x7f030130be40][render thread 0x7f0301180040] syncAndRender: frame rendered in 0ms, sync=0, render=0, swap=0
2026-07-14 19:19:42.022 DEBUG qt.scenegraph.time.renderloop: [window 0x7f030130be40][gui thread] polishAndSync: start, elapsed since last call: 1 ms
2026-07-14 19:19:42.022 DEBUG qt.scenegraph.time.renderloop: [window 0x7f030130be40][render thread 0x7f0301180040] syncAndRender: start, elapsed since last call: 1 ms
2026-07-14 19:19:42.023 DEBUG qt.scenegraph.time.renderloop: [window 0x7f030130be40][gui thread] Frame prepared, polish=0 ms, lock=0 ms, blockedForSync=0 ms, animations=0 ms
2026-07-14 19:19:42.023 DEBUG qt.scenegraph.time.renderer: time in renderer: total=0ms, preprocess=0, updates=0, rendering=0
2026-07-14 19:19:42.023 DEBUG qt.scenegraph.time.renderloop: [window 0x7f030130be40][render thread 0x7f0301180040] syncAndRender: frame rendered in 0ms, sync=0, render=0, swap=0
2026-07-14 19:19:42.055 DEBUG qt.scenegraph.time.renderloop: [window 0x7f030130be40][gui thread] polishAndSync: start, elapsed since last call: 32 ms
2026-07-14 19:19:42.055 DEBUG qt.scenegraph.time.renderloop: [window 0x7f030130be40][render thread 0x7f0301180040] syncAndRender: start, elapsed since last call: 32 ms
2026-07-14 19:19:42.055 DEBUG qt.scenegraph.time.renderloop: [window 0x7f030130be40][gui thread] Frame prepared, polish=0 ms, lock=0 ms, blockedForSync=0 ms, animations=0 ms
2026-07-14 19:19:42.055 DEBUG qt.scenegraph.time.renderer: time in renderer: total=0ms, preprocess=0, updates=0, rendering=0
2026-07-14 19:19:42.055 DEBUG qt.scenegraph.time.renderloop: [window 0x7f030130be40][render thread 0x7f0301180040] syncAndRender: frame rendered in 0ms, sync=0, render=0, swap=0
2026-07-14 19:19:42.057 DEBUG qt.scenegraph.time.renderloop: [window 0x7f030130be40][gui thread] polishAndSync: start, elapsed since last call: 2 ms
2026-07-14 19:19:42.057 DEBUG qt.scenegraph.time.renderloop: [window 0x7f030130be40][render thread 0x7f0301180040] syncAndRender: start, elapsed since last call: 2 ms
2026-07-14 19:19:42.057 DEBUG qt.scenegraph.time.renderloop: [window 0x7f030130be40][gui thread] Frame prepared, polish=0 ms, lock=0 ms, blockedForSync=0 ms, animations=0 ms
2026-07-14 19:19:42.057 DEBUG qt.scenegraph.time.renderer: time in renderer: total=0ms, preprocess=0, updates=0, rendering=0
2026-07-14 19:19:42.058 DEBUG qt.scenegraph.time.renderloop: [window 0x7f030130be40][render thread 0x7f0301180040] syncAndRender: frame rendered in 0ms, sync=0, render=0, swap=0
2026-07-14 19:19:42.087 DEBUG qt.scenegraph.time.renderloop: [window 0x7f030130be40][gui thread] polishAndSync: start, elapsed since last call: 30 ms
2026-07-14 19:19:42.090 DEBUG qt.scenegraph.time.renderloop: [window 0x7f030130be40][render thread 0x7f0301180040] syncAndRender: start, elapsed since last call: 32 ms
2026-07-14 19:19:42.090 DEBUG qt.scenegraph.time.renderloop: [window 0x7f030130be40][gui thread] Frame prepared, polish=2 ms, lock=0 ms, blockedForSync=0 ms, animations=0 ms
2026-07-14 19:19:42.090 DEBUG qt.scenegraph.time.renderer: time in renderer: total=0ms, preprocess=0, updates=0, rendering=0
2026-07-14 19:19:42.090 DEBUG qt.scenegraph.time.renderloop: [window 0x7f030130be40][render thread 0x7f0301180040] syncAndRender: frame rendered in 0ms, sync=0, render=0, swap=0
2026-07-14 19:19:42.092 DEBUG qt.scenegraph.time.renderloop: [window 0x7f030130be40][gui thread] polishAndSync: start, elapsed since last call: 4 ms
2026-07-14 19:19:42.092 DEBUG qt.scenegraph.time.renderloop: [window 0x7f030130be40][render thread 0x7f0301180040] syncAndRender: start, elapsed since last call: 2 ms
2026-07-14 19:19:42.092 DEBUG qt.scenegraph.time.renderloop: [window 0x7f030130be40][gui thread] Frame prepared, polish=0 ms, lock=0 ms, blockedForSync=0 ms, animations=0 ms
2026-07-14 19:19:42.092 DEBUG qt.scenegraph.time.renderer: time in renderer: total=0ms, preprocess=0, updates=0, rendering=0
2026-07-14 19:19:42.092 DEBUG qt.scenegraph.time.renderloop: [window 0x7f030130be40][render thread 0x7f0301180040] syncAndRender: frame rendered in 0ms, sync=0, render=0, swap=0
2026-07-14 19:19:42.120 DEBUG qt.scenegraph.time.renderloop: [window 0x7f030130be40][gui thread] polishAndSync: start, elapsed since last call: 28 ms
2026-07-14 19:19:42.121 DEBUG qt.scenegraph.time.renderloop: [window 0x7f030130be40][render thread 0x7f0301180040] syncAndRender: start, elapsed since last call: 28 ms
2026-07-14 19:19:42.121 DEBUG qt.scenegraph.time.renderloop: [window 0x7f030130be40][gui thread] Frame prepared, polish=0 ms, lock=0 ms, blockedForSync=0 ms, animations=0 ms
2026-07-14 19:19:42.121 DEBUG qt.scenegraph.time.renderer: time in renderer: total=0ms, preprocess=0, updates=0, rendering=0
2026-07-14 19:19:42.121 DEBUG qt.scenegraph.time.renderloop: [window 0x7f030130be40][render thread 0x7f0301180040] syncAndRender: frame rendered in 0ms, sync=0, render=0, swap=0
2026-07-14 19:19:42.127 DEBUG qt.scenegraph.time.renderloop: [window 0x7f030130be40][gui thread] polishAndSync: start, elapsed since last call: 6 ms
2026-07-14 19:19:42.127 DEBUG qt.scenegraph.time.renderloop: [window 0x7f030130be40][render thread 0x7f0301180040] syncAndRender: start, elapsed since last call: 6 ms
2026-07-14 19:19:42.127 DEBUG qt.scenegraph.time.renderloop: [window 0x7f030130be40][gui thread] Frame prepared, polish=0 ms, lock=0 ms, blockedForSync=0 ms, animations=0 ms
2026-07-14 19:19:42.127 DEBUG qt.scenegraph.time.renderer: time in renderer: total=0ms, preprocess=0, updates=0, rendering=0
2026-07-14 19:19:42.127 DEBUG qt.scenegraph.time.renderloop: [window 0x7f030130be40][render thread 0x7f0301180040] syncAndRender: frame rendered in 0ms, sync=0, render=0, swap=0
2026-07-14 19:19:42.153 DEBUG qt.scenegraph.time.renderloop: [window 0x7f030130be40][gui thread] polishAndSync: start, elapsed since last call: 26 ms
2026-07-14 19:19:42.153 DEBUG qt.scenegraph.time.renderloop: [window 0x7f030130be40][render thread 0x7f0301180040] syncAndRender: start, elapsed since last call: 26 ms
2026-07-14 19:19:42.153 DEBUG qt.scenegraph.time.renderloop: [window 0x7f030130be40][gui thread] Frame prepared, polish=0 ms, lock=0 ms, blockedForSync=0 ms, animations=0 ms
2026-07-14 19:19:42.153 DEBUG qt.scenegraph.time.renderer: time in renderer: total=0ms, preprocess=0, updates=0, rendering=0
2026-07-14 19:19:42.154 DEBUG qt.scenegraph.time.renderloop: [window 0x7f030130be40][render thread 0x7f0301180040] syncAndRender: frame rendered in 0ms, sync=0, render=0, swap=0
2026-07-14 19:19:42.154 DEBUG qt.scenegraph.time.renderloop: [window 0x7f030130be40][gui thread] polishAndSync: start, elapsed since last call: 1 ms
2026-07-14 19:19:42.155 DEBUG qt.scenegraph.time.renderloop: [window 0x7f030130be40][render thread 0x7f0301180040] syncAndRender: start, elapsed since last call: 1 ms
2026-07-14 19:19:42.155 DEBUG qt.scenegraph.time.renderloop: [window 0x7f030130be40][gui thread] Frame prepared, polish=0 ms, lock=0 ms, blockedForSync=0 ms, animations=0 ms
2026-07-14 19:19:42.155 DEBUG qt.scenegraph.time.renderer: time in renderer: total=0ms, preprocess=0, updates=0, rendering=0
2026-07-14 19:19:42.155 DEBUG qt.scenegraph.time.renderloop: [window 0x7f030130be40][render thread 0x7f0301180040] syncAndRender: frame rendered in 0ms, sync=0, render=0, swap=0
2026-07-14 19:19:42.187 DEBUG qt.scenegraph.time.renderloop: [window 0x7f030130be40][gui thread] polishAndSync: start, elapsed since last call: 32 ms
2026-07-14 19:19:42.187 DEBUG qt.scenegraph.time.renderloop: [window 0x7f030130be40][render thread 0x7f0301180040] syncAndRender: start, elapsed since last call: 32 ms
2026-07-14 19:19:42.187 DEBUG qt.scenegraph.time.renderloop: [window 0x7f030130be40][gui thread] Frame prepared, polish=0 ms, lock=0 ms, blockedForSync=0 ms, animations=0 ms
2026-07-14 19:19:42.187 DEBUG qt.scenegraph.time.renderer: time in renderer: total=0ms, preprocess=0, updates=0, rendering=0
2026-07-14 19:19:42.187 DEBUG qt.scenegraph.time.renderloop: [window 0x7f030130be40][render thread 0x7f0301180040] syncAndRender: frame rendered in 0ms, sync=0, render=0, swap=0
2026-07-14 19:19:42.188 DEBUG qt.scenegraph.time.renderloop: [window 0x7f030130be40][gui thread] polishAndSync: start, elapsed since last call: 1 ms
2026-07-14 19:19:42.188 DEBUG qt.scenegraph.time.renderloop: [window 0x7f030130be40][render thread 0x7f0301180040] syncAndRender: start, elapsed since last call: 0 ms
2026-07-14 19:19:42.188 DEBUG qt.scenegraph.time.renderloop: [window 0x7f030130be40][gui thread] Frame prepared, polish=0 ms, lock=0 ms, blockedForSync=0 ms, animations=0 ms
2026-07-14 19:19:42.188 DEBUG qt.scenegraph.time.renderer: time in renderer: total=0ms, preprocess=0, updates=0, rendering=0
2026-07-14 19:19:42.188 DEBUG qt.scenegraph.time.renderloop: [window 0x7f030130be40][render thread 0x7f0301180040] syncAndRender: frame rendered in 0ms, sync=0, render=0, swap=0
2026-07-14 19:19:42.220 DEBUG qt.scenegraph.time.renderloop: [window 0x7f030130be40][gui thread] polishAndSync: start, elapsed since last call: 31 ms
2026-07-14 19:19:42.220 DEBUG qt.scenegraph.time.renderloop: [window 0x7f030130be40][render thread 0x7f0301180040] syncAndRender: start, elapsed since last call: 32 ms
2026-07-14 19:19:42.220 DEBUG qt.scenegraph.time.renderloop: [window 0x7f030130be40][gui thread] Frame prepared, polish=0 ms, lock=0 ms, blockedForSync=0 ms, animations=0 ms
2026-07-14 19:19:42.220 DEBUG qt.scenegraph.time.renderer: time in renderer: total=0ms, preprocess=0, updates=0, rendering=0
2026-07-14 19:19:42.220 DEBUG qt.scenegraph.time.renderloop: [window 0x7f030130be40][render thread 0x7f0301180040] syncAndRender: frame rendered in 0ms, sync=0, render=0, swap=0
2026-07-14 19:19:42.224 DEBUG qt.scenegraph.time.renderloop: [window 0x7f030130be40][gui thread] polishAndSync: start, elapsed since last call: 4 ms
2026-07-14 19:19:42.224 DEBUG qt.scenegraph.time.renderloop: [window 0x7f030130be40][render thread 0x7f0301180040] syncAndRender: start, elapsed since last call: 4 ms
2026-07-14 19:19:42.224 DEBUG qt.scenegraph.time.renderloop: [window 0x7f030130be40][gui thread] Frame prepared, polish=0 ms, lock=0 ms, blockedForSync=0 ms, animations=0 ms
2026-07-14 19:19:42.224 DEBUG qt.scenegraph.time.renderer: time in renderer: total=0ms, preprocess=0, updates=0, rendering=0
2026-07-14 19:19:42.224 DEBUG qt.scenegraph.time.renderloop: [window 0x7f030130be40][render thread 0x7f0301180040] syncAndRender: frame rendered in 0ms, sync=0, render=0, swap=0
2026-07-14 19:19:42.252 DEBUG qt.scenegraph.time.renderloop: [window 0x7f030130be40][gui thread] polishAndSync: start, elapsed since last call: 27 ms
2026-07-14 19:19:42.252 DEBUG qt.scenegraph.time.renderloop: [window 0x7f030130be40][render thread 0x7f0301180040] syncAndRender: start, elapsed since last call: 28 ms
2026-07-14 19:19:42.252 DEBUG qt.scenegraph.time.renderloop: [window 0x7f030130be40][gui thread] Frame prepared, polish=0 ms, lock=0 ms, blockedForSync=0 ms, animations=0 ms
2026-07-14 19:19:42.252 DEBUG qt.scenegraph.time.renderer: time in renderer: total=0ms, preprocess=0, updates=0, rendering=0
2026-07-14 19:19:42.253 DEBUG qt.scenegraph.time.renderloop: [window 0x7f030130be40][render thread 0x7f0301180040] syncAndRender: frame rendered in 0ms, sync=0, render=0, swap=0
2026-07-14 19:19:42.253 DEBUG qt.scenegraph.time.renderloop: [window 0x7f030130be40][gui thread] polishAndSync: start, elapsed since last call: 1 ms
2026-07-14 19:19:42.253 DEBUG qt.scenegraph.time.renderloop: [window 0x7f030130be40][render thread 0x7f0301180040] syncAndRender: start, elapsed since last call: 0 ms
2026-07-14 19:19:42.253 DEBUG qt.scenegraph.time.renderloop: [window 0x7f030130be40][gui thread] Frame prepared, polish=0 ms, lock=0 ms, blockedForSync=0 ms, animations=0 ms
2026-07-14 19:19:42.253 DEBUG qt.scenegraph.time.renderer: time in renderer: total=0ms, preprocess=0, updates=0, rendering=0
2026-07-14 19:19:42.253 DEBUG qt.scenegraph.time.renderloop: [window 0x7f030130be40][render thread 0x7f0301180040] syncAndRender: frame rendered in 0ms, sync=0, render=0, swap=0
2026-07-14 19:19:42.285 DEBUG qt.scenegraph.time.renderloop: [window 0x7f030130be40][gui thread] polishAndSync: start, elapsed since last call: 31 ms
2026-07-14 19:19:42.285 DEBUG qt.scenegraph.time.renderloop: [window 0x7f030130be40][render thread 0x7f0301180040] syncAndRender: start, elapsed since last call: 32 ms
2026-07-14 19:19:42.286 DEBUG qt.scenegraph.time.renderloop: [window 0x7f030130be40][gui thread] Frame prepared, polish=0 ms, lock=0 ms, blockedForSync=0 ms, animations=0 ms
2026-07-14 19:19:42.286 DEBUG qt.scenegraph.time.renderer: time in renderer: total=0ms, preprocess=0, updates=0, rendering=0
2026-07-14 19:19:42.286 DEBUG qt.scenegraph.time.renderloop: [window 0x7f030130be40][render thread 0x7f0301180040] syncAndRender: frame rendered in 0ms, sync=0, render=0, swap=0
2026-07-14 19:19:42.286 DEBUG qt.scenegraph.time.renderloop: [window 0x7f030130be40][gui thread] polishAndSync: start, elapsed since last call: 1 ms
2026-07-14 19:19:42.286 DEBUG qt.scenegraph.time.renderloop: [window 0x7f030130be40][render thread 0x7f0301180040] syncAndRender: start, elapsed since last call: 0 ms
2026-07-14 19:19:42.286 DEBUG qt.scenegraph.time.renderloop: [window 0x7f030130be40][gui thread] Frame prepared, polish=0 ms, lock=0 ms, blockedForSync=0 ms, animations=0 ms
2026-07-14 19:19:42.286 DEBUG qt.scenegraph.time.renderer: time in renderer: total=0ms, preprocess=0, updates=0, rendering=0
2026-07-14 19:19:42.287 DEBUG qt.scenegraph.time.renderloop: [window 0x7f030130be40][render thread 0x7f0301180040] syncAndRender: frame rendered in 0ms, sync=0, render=0, swap=0
2026-07-14 19:19:42.318 DEBUG qt.scenegraph.time.renderloop: [window 0x7f030130be40][gui thread] polishAndSync: start, elapsed since last call: 31 ms
2026-07-14 19:19:42.318 DEBUG qt.scenegraph.time.renderloop: [window 0x7f030130be40][render thread 0x7f0301180040] syncAndRender: start, elapsed since last call: 31 ms
2026-07-14 19:19:42.318 DEBUG qt.scenegraph.time.renderloop: [window 0x7f030130be40][gui thread] Frame prepared, polish=0 ms, lock=0 ms, blockedForSync=0 ms, animations=0 ms
2026-07-14 19:19:42.318 DEBUG qt.scenegraph.time.renderer: time in renderer: total=0ms, preprocess=0, updates=0, rendering=0
2026-07-14 19:19:42.318 DEBUG qt.scenegraph.time.renderloop: [window 0x7f030130be40][render thread 0x7f0301180040] syncAndRender: frame rendered in 0ms, sync=0, render=0, swap=0
2026-07-14 19:19:42.321 DEBUG qt.scenegraph.time.renderloop: [window 0x7f030130be40][gui thread] polishAndSync: start, elapsed since last call: 3 ms
2026-07-14 19:19:42.321 DEBUG qt.scenegraph.time.renderloop: [window 0x7f030130be40][render thread 0x7f0301180040] syncAndRender: start, elapsed since last call: 3 ms
2026-07-14 19:19:42.321 DEBUG qt.scenegraph.time.renderloop: [window 0x7f030130be40][gui thread] Frame prepared, polish=0 ms, lock=0 ms, blockedForSync=0 ms, animations=0 ms
2026-07-14 19:19:42.321 DEBUG qt.scenegraph.time.renderer: time in renderer: total=0ms, preprocess=0, updates=0, rendering=0
2026-07-14 19:19:42.322 DEBUG qt.scenegraph.time.renderloop: [window 0x7f030130be40][render thread 0x7f0301180040] syncAndRender: frame rendered in 0ms, sync=0, render=0, swap=0
2026-07-14 19:19:42.351 DEBUG qt.scenegraph.time.renderloop: [window 0x7f030130be40][gui thread] polishAndSync: start, elapsed since last call: 30 ms
2026-07-14 19:19:42.352 DEBUG qt.scenegraph.time.renderloop: [window 0x7f030130be40][render thread 0x7f0301180040] syncAndRender: start, elapsed since last call: 30 ms
2026-07-14 19:19:42.352 DEBUG qt.scenegraph.time.renderloop: [window 0x7f030130be40][gui thread] Frame prepared, polish=0 ms, lock=0 ms, blockedForSync=0 ms, animations=0 ms
2026-07-14 19:19:42.352 DEBUG qt.scenegraph.time.renderer: time in renderer: total=0ms, preprocess=0, updates=0, rendering=0
2026-07-14 19:19:42.352 DEBUG qt.scenegraph.time.renderloop: [window 0x7f030130be40][render thread 0x7f0301180040] syncAndRender: frame rendered in 0ms, sync=0, render=0, swap=0
2026-07-14 19:19:42.356 DEBUG qt.scenegraph.time.renderloop: [window 0x7f030130be40][gui thread] polishAndSync: start, elapsed since last call: 4 ms
2026-07-14 19:19:42.356 DEBUG qt.scenegraph.time.renderloop: [window 0x7f030130be40][render thread 0x7f0301180040] syncAndRender: start, elapsed since last call: 4 ms
2026-07-14 19:19:42.356 DEBUG qt.scenegraph.time.renderloop: [window 0x7f030130be40][gui thread] Frame prepared, polish=0 ms, lock=0 ms, blockedForSync=0 ms, animations=0 ms
2026-07-14 19:19:42.356 DEBUG qt.scenegraph.time.renderer: time in renderer: total=0ms, preprocess=0, updates=0, rendering=0
2026-07-14 19:19:42.356 DEBUG qt.scenegraph.time.renderloop: [window 0x7f030130be40][render thread 0x7f0301180040] syncAndRender: frame rendered in 0ms, sync=0, render=0, swap=0
2026-07-14 19:19:42.384 DEBUG qt.scenegraph.time.renderloop: [window 0x7f030130be40][gui thread] polishAndSync: start, elapsed since last call: 28 ms
2026-07-14 19:19:42.385 DEBUG qt.scenegraph.time.renderloop: [window 0x7f030130be40][render thread 0x7f0301180040] syncAndRender: start, elapsed since last call: 28 ms
2026-07-14 19:19:42.385 DEBUG qt.scenegraph.time.renderloop: [window 0x7f030130be40][gui thread] Frame prepared, polish=0 ms, lock=0 ms, blockedForSync=0 ms, animations=0 ms
2026-07-14 19:19:42.385 DEBUG qt.scenegraph.time.renderer: time in renderer: total=0ms, preprocess=0, updates=0, rendering=0
2026-07-14 19:19:42.385 DEBUG qt.scenegraph.time.renderloop: [window 0x7f030130be40][render thread 0x7f0301180040] syncAndRender: frame rendered in 0ms, sync=0, render=0, swap=0
2026-07-14 19:19:42.391 DEBUG qt.scenegraph.time.renderloop: [window 0x7f030130be40][gui thread] polishAndSync: start, elapsed since last call: 6 ms
2026-07-14 19:19:42.391 DEBUG qt.scenegraph.time.renderloop: [window 0x7f030130be40][render thread 0x7f0301180040] syncAndRender: start, elapsed since last call: 6 ms
2026-07-14 19:19:42.391 DEBUG qt.scenegraph.time.renderloop: [window 0x7f030130be40][gui thread] Frame prepared, polish=0 ms, lock=0 ms, blockedForSync=0 ms, animations=0 ms
2026-07-14 19:19:42.391 DEBUG qt.scenegraph.time.renderer: time in renderer: total=0ms, preprocess=0, updates=0, rendering=0
2026-07-14 19:19:42.391 DEBUG qt.scenegraph.time.renderloop: [window 0x7f030130be40][render thread 0x7f0301180040] syncAndRender: frame rendered in 0ms, sync=0, render=0, swap=0
2026-07-14 19:19:42.417 DEBUG qt.scenegraph.time.renderloop: [window 0x7f030130be40][gui thread] polishAndSync: start, elapsed since last call: 26 ms
2026-07-14 19:19:42.417 DEBUG qt.scenegraph.time.renderloop: [window 0x7f030130be40][render thread 0x7f0301180040] syncAndRender: start, elapsed since last call: 26 ms
2026-07-14 19:19:42.417 DEBUG qt.scenegraph.time.renderloop: [window 0x7f030130be40][gui thread] Frame prepared, polish=0 ms, lock=0 ms, blockedForSync=0 ms, animations=0 ms
2026-07-14 19:19:42.417 DEBUG qt.scenegraph.time.renderer: time in renderer: total=0ms, preprocess=0, updates=0, rendering=0
2026-07-14 19:19:42.417 DEBUG qt.scenegraph.time.renderloop: [window 0x7f030130be40][render thread 0x7f0301180040] syncAndRender: frame rendered in 0ms, sync=0, render=0, swap=0
2026-07-14 19:19:42.419 DEBUG qt.scenegraph.time.renderloop: [window 0x7f030130be40][gui thread] polishAndSync: start, elapsed since last call: 1 ms
2026-07-14 19:19:42.419 DEBUG qt.scenegraph.time.renderloop: [window 0x7f030130be40][render thread 0x7f0301180040] syncAndRender: start, elapsed since last call: 1 ms
2026-07-14 19:19:42.419 DEBUG qt.scenegraph.time.renderloop: [window 0x7f030130be40][gui thread] Frame prepared, polish=0 ms, lock=0 ms, blockedForSync=0 ms, animations=0 ms
2026-07-14 19:19:42.419 DEBUG qt.scenegraph.time.renderer: time in renderer: total=0ms, preprocess=0, updates=0, rendering=0
2026-07-14 19:19:42.419 DEBUG qt.scenegraph.time.renderloop: [window 0x7f030130be40][render thread 0x7f0301180040] syncAndRender: frame rendered in 0ms, sync=0, render=0, swap=0
2026-07-14 19:19:42.451 DEBUG qt.scenegraph.time.renderloop: [window 0x7f030130be40][gui thread] polishAndSync: start, elapsed since last call: 32 ms
2026-07-14 19:19:42.451 DEBUG qt.scenegraph.time.renderloop: [window 0x7f030130be40][render thread 0x7f0301180040] syncAndRender: start, elapsed since last call: 32 ms
2026-07-14 19:19:42.451 DEBUG qt.scenegraph.time.renderloop: [window 0x7f030130be40][gui thread] Frame prepared, polish=0 ms, lock=0 ms, blockedForSync=0 ms, animations=0 ms
2026-07-14 19:19:42.451 DEBUG qt.scenegraph.time.renderer: time in renderer: total=0ms, preprocess=0, updates=0, rendering=0
2026-07-14 19:19:42.451 DEBUG qt.scenegraph.time.renderloop: [window 0x7f030130be40][render thread 0x7f0301180040] syncAndRender: frame rendered in 0ms, sync=0, render=0, swap=0
2026-07-14 19:19:42.453 DEBUG qt.scenegraph.time.renderloop: [window 0x7f030130be40][gui thread] polishAndSync: start, elapsed since last call: 2 ms
2026-07-14 19:19:42.454 DEBUG qt.scenegraph.time.renderloop: [window 0x7f030130be40][render thread 0x7f0301180040] syncAndRender: start, elapsed since last call: 2 ms
2026-07-14 19:19:42.454 DEBUG qt.scenegraph.time.renderloop: [window 0x7f030130be40][gui thread] Frame prepared, polish=0 ms, lock=0 ms, blockedForSync=0 ms, animations=0 ms
2026-07-14 19:19:42.454 DEBUG qt.scenegraph.time.renderer: time in renderer: total=0ms, preprocess=0, updates=0, rendering=0
2026-07-14 19:19:42.454 DEBUG qt.scenegraph.time.renderloop: [window 0x7f030130be40][render thread 0x7f0301180040] syncAndRender: frame rendered in 0ms, sync=0, render=0, swap=0
2026-07-14 19:19:42.483 DEBUG qt.scenegraph.time.renderloop: [window 0x7f030130be40][gui thread] polishAndSync: start, elapsed since last call: 30 ms
2026-07-14 19:19:42.484 DEBUG qt.scenegraph.time.renderloop: [window 0x7f030130be40][render thread 0x7f0301180040] syncAndRender: start, elapsed since last call: 30 ms
2026-07-14 19:19:42.484 DEBUG qt.scenegraph.time.renderloop: [window 0x7f030130be40][gui thread] Frame prepared, polish=0 ms, lock=0 ms, blockedForSync=0 ms, animations=0 ms
2026-07-14 19:19:42.484 DEBUG qt.scenegraph.time.renderer: time in renderer: total=0ms, preprocess=0, updates=0, rendering=0
2026-07-14 19:19:42.484 DEBUG qt.scenegraph.time.renderloop: [window 0x7f030130be40][render thread 0x7f0301180040] syncAndRender: frame rendered in 0ms, sync=0, render=0, swap=0
2026-07-14 19:19:42.488 DEBUG qt.scenegraph.time.renderloop: [window 0x7f030130be40][gui thread] polishAndSync: start, elapsed since last call: 4 ms
2026-07-14 19:19:42.488 DEBUG qt.scenegraph.time.renderloop: [window 0x7f030130be40][render thread 0x7f0301180040] syncAndRender: start, elapsed since last call: 4 ms
2026-07-14 19:19:42.488 DEBUG qt.scenegraph.time.renderloop: [window 0x7f030130be40][gui thread] Frame prepared, polish=0 ms, lock=0 ms, blockedForSync=0 ms, animations=0 ms
2026-07-14 19:19:42.488 DEBUG qt.scenegraph.time.renderer: time in renderer: total=0ms, preprocess=0, updates=0, rendering=0
2026-07-14 19:19:42.489 DEBUG qt.scenegraph.time.renderloop: [window 0x7f030130be40][render thread 0x7f0301180040] syncAndRender: frame rendered in 0ms, sync=0, render=0, swap=0
2026-07-14 19:19:42.516 DEBUG qt.scenegraph.time.renderloop: [window 0x7f030130be40][gui thread] polishAndSync: start, elapsed since last call: 27 ms
2026-07-14 19:19:42.517 DEBUG qt.scenegraph.time.renderloop: [window 0x7f030130be40][render thread 0x7f0301180040] syncAndRender: start, elapsed since last call: 28 ms
2026-07-14 19:19:42.517 DEBUG qt.scenegraph.time.renderloop: [window 0x7f030130be40][gui thread] Frame prepared, polish=0 ms, lock=0 ms, blockedForSync=0 ms, animations=0 ms
2026-07-14 19:19:42.517 DEBUG qt.scenegraph.time.renderer: time in renderer: total=0ms, preprocess=0, updates=0, rendering=0
2026-07-14 19:19:42.517 DEBUG qt.scenegraph.time.renderloop: [window 0x7f030130be40][render thread 0x7f0301180040] syncAndRender: frame rendered in 0ms, sync=0, render=0, swap=0
2026-07-14 19:19:42.523 DEBUG qt.scenegraph.time.renderloop: [window 0x7f030130be40][gui thread] polishAndSync: start, elapsed since last call: 6 ms
2026-07-14 19:19:42.523 DEBUG qt.scenegraph.time.renderloop: [window 0x7f030130be40][render thread 0x7f0301180040] syncAndRender: start, elapsed since last call: 6 ms
2026-07-14 19:19:42.523 DEBUG qt.scenegraph.time.renderloop: [window 0x7f030130be40][gui thread] Frame prepared, polish=0 ms, lock=0 ms, blockedForSync=0 ms, animations=0 ms
2026-07-14 19:19:42.523 DEBUG qt.scenegraph.time.renderer: time in renderer: total=0ms, preprocess=0, updates=0, rendering=0
2026-07-14 19:19:42.523 DEBUG qt.scenegraph.time.renderloop: [window 0x7f030130be40][render thread 0x7f0301180040] syncAndRender: frame rendered in 0ms, sync=0, render=0, swap=0
2026-07-14 19:19:42.549 DEBUG qt.scenegraph.time.renderloop: [window 0x7f030130be40][gui thread] polishAndSync: start, elapsed since last call: 26 ms
2026-07-14 19:19:42.549 DEBUG qt.scenegraph.time.renderloop: [window 0x7f030130be40][render thread 0x7f0301180040] syncAndRender: start, elapsed since last call: 26 ms
2026-07-14 19:19:42.549 DEBUG qt.scenegraph.time.renderloop: [window 0x7f030130be40][gui thread] Frame prepared, polish=0 ms, lock=0 ms, blockedForSync=0 ms, animations=0 ms
2026-07-14 19:19:42.549 DEBUG qt.scenegraph.time.renderer: time in renderer: total=0ms, preprocess=0, updates=0, rendering=0
2026-07-14 19:19:42.550 DEBUG qt.scenegraph.time.renderloop: [window 0x7f030130be40][render thread 0x7f0301180040] syncAndRender: frame rendered in 0ms, sync=0, render=0, swap=0
2026-07-14 19:19:42.551 DEBUG qt.scenegraph.time.renderloop: [window 0x7f030130be40][gui thread] polishAndSync: start, elapsed since last call: 1 ms
2026-07-14 19:19:42.551 DEBUG qt.scenegraph.time.renderloop: [window 0x7f030130be40][render thread 0x7f0301180040] syncAndRender: start, elapsed since last call: 1 ms
2026-07-14 19:19:42.551 DEBUG qt.scenegraph.time.renderloop: [window 0x7f030130be40][gui thread] Frame prepared, polish=0 ms, lock=0 ms, blockedForSync=0 ms, animations=0 ms
2026-07-14 19:19:42.551 DEBUG qt.scenegraph.time.renderer: time in renderer: total=0ms, preprocess=0, updates=0, rendering=0
2026-07-14 19:19:42.551 DEBUG qt.scenegraph.time.renderloop: [window 0x7f030130be40][render thread 0x7f0301180040] syncAndRender: frame rendered in 0ms, sync=0, render=0, swap=0
2026-07-14 19:19:42.583 DEBUG qt.scenegraph.time.renderloop: [window 0x7f030130be40][gui thread] polishAndSync: start, elapsed since last call: 32 ms
2026-07-14 19:19:42.583 DEBUG qt.scenegraph.time.renderloop: [window 0x7f030130be40][render thread 0x7f0301180040] syncAndRender: start, elapsed since last call: 32 ms
2026-07-14 19:19:42.583 DEBUG qt.scenegraph.time.renderloop: [window 0x7f030130be40][gui thread] Frame prepared, polish=0 ms, lock=0 ms, blockedForSync=0 ms, animations=0 ms
2026-07-14 19:19:42.583 DEBUG qt.scenegraph.time.renderer: time in renderer: total=0ms, preprocess=0, updates=0, rendering=0
2026-07-14 19:19:42.584 DEBUG qt.scenegraph.time.renderloop: [window 0x7f030130be40][render thread 0x7f0301180040] syncAndRender: frame rendered in 0ms, sync=0, render=0, swap=0
2026-07-14 19:19:42.584 DEBUG qt.scenegraph.time.renderloop: [window 0x7f030130be40][gui thread] polishAndSync: start, elapsed since last call: 1 ms
2026-07-14 19:19:42.584 DEBUG qt.scenegraph.time.renderloop: [window 0x7f030130be40][render thread 0x7f0301180040] syncAndRender: start, elapsed since last call: 0 ms
2026-07-14 19:19:42.584 DEBUG qt.scenegraph.time.renderloop: [window 0x7f030130be40][gui thread] Frame prepared, polish=0 ms, lock=0 ms, blockedForSync=0 ms, animations=0 ms
2026-07-14 19:19:42.584 DEBUG qt.scenegraph.time.renderer: time in renderer: total=0ms, preprocess=0, updates=0, rendering=0
2026-07-14 19:19:42.584 DEBUG qt.scenegraph.time.renderloop: [window 0x7f030130be40][render thread 0x7f0301180040] syncAndRender: frame rendered in 0ms, sync=0, render=0, swap=0
2026-07-14 19:19:42.616 DEBUG qt.scenegraph.time.renderloop: [window 0x7f030130be40][gui thread] polishAndSync: start, elapsed since last call: 31 ms
2026-07-14 19:19:42.616 DEBUG qt.scenegraph.time.renderloop: [window 0x7f030130be40][render thread 0x7f0301180040] syncAndRender: start, elapsed since last call: 32 ms
2026-07-14 19:19:42.616 DEBUG qt.scenegraph.time.renderloop: [window 0x7f030130be40][gui thread] Frame prepared, polish=0 ms, lock=0 ms, blockedForSync=0 ms, animations=0 ms
2026-07-14 19:19:42.616 DEBUG qt.scenegraph.time.renderer: time in renderer: total=0ms, preprocess=0, updates=0, rendering=0
2026-07-14 19:19:42.617 DEBUG qt.scenegraph.time.renderloop: [window 0x7f030130be40][render thread 0x7f0301180040] syncAndRender: frame rendered in 0ms, sync=0, render=0, swap=0
2026-07-14 19:19:42.620 DEBUG qt.scenegraph.time.renderloop: [window 0x7f030130be40][gui thread] polishAndSync: start, elapsed since last call: 4 ms
2026-07-14 19:19:42.620 DEBUG qt.scenegraph.time.renderloop: [window 0x7f030130be40][render thread 0x7f0301180040] syncAndRender: start, elapsed since last call: 3 ms
2026-07-14 19:19:42.620 DEBUG qt.scenegraph.time.renderloop: [window 0x7f030130be40][gui thread] Frame prepared, polish=0 ms, lock=0 ms, blockedForSync=0 ms, animations=0 ms
2026-07-14 19:19:42.620 DEBUG qt.scenegraph.time.renderer: time in renderer: total=0ms, preprocess=0, updates=0, rendering=0
2026-07-14 19:19:42.621 DEBUG qt.scenegraph.time.renderloop: [window 0x7f030130be40][render thread 0x7f0301180040] syncAndRender: frame rendered in 0ms, sync=0, render=0, swap=0
2026-07-14 19:19:42.648 DEBUG qt.scenegraph.time.renderloop: [window 0x7f030130be40][gui thread] polishAndSync: start, elapsed since last call: 28 ms
2026-07-14 19:19:42.649 DEBUG qt.scenegraph.time.renderloop: [window 0x7f030130be40][render thread 0x7f0301180040] syncAndRender: start, elapsed since last call: 28 ms
2026-07-14 19:19:42.649 DEBUG qt.scenegraph.time.renderloop: [window 0x7f030130be40][gui thread] Frame prepared, polish=0 ms, lock=0 ms, blockedForSync=0 ms, animations=0 ms
2026-07-14 19:19:42.649 DEBUG qt.scenegraph.time.renderer: time in renderer: total=0ms, preprocess=0, updates=0, rendering=0
2026-07-14 19:19:42.649 DEBUG qt.scenegraph.time.renderloop: [window 0x7f030130be40][render thread 0x7f0301180040] syncAndRender: frame rendered in 0ms, sync=0, render=0, swap=0
2026-07-14 19:19:42.655 DEBUG qt.scenegraph.time.renderloop: [window 0x7f030130be40][gui thread] polishAndSync: start, elapsed since last call: 6 ms
2026-07-14 19:19:42.655 DEBUG qt.scenegraph.time.renderloop: [window 0x7f030130be40][render thread 0x7f0301180040] syncAndRender: start, elapsed since last call: 6 ms
2026-07-14 19:19:42.655 DEBUG qt.scenegraph.time.renderloop: [window 0x7f030130be40][gui thread] Frame prepared, polish=0 ms, lock=0 ms, blockedForSync=0 ms, animations=0 ms
2026-07-14 19:19:42.655 DEBUG qt.scenegraph.time.renderer: time in renderer: total=0ms, preprocess=0, updates=0, rendering=0
2026-07-14 19:19:42.655 DEBUG qt.scenegraph.time.renderloop: [window 0x7f030130be40][render thread 0x7f0301180040] syncAndRender: frame rendered in 0ms, sync=0, render=0, swap=0
2026-07-14 19:19:42.681 DEBUG qt.scenegraph.time.renderloop: [window 0x7f030130be40][gui thread] polishAndSync: start, elapsed since last call: 26 ms
2026-07-14 19:19:42.681 DEBUG qt.scenegraph.time.renderloop: [window 0x7f030130be40][render thread 0x7f0301180040] syncAndRender: start, elapsed since last call: 26 ms
2026-07-14 19:19:42.681 DEBUG qt.scenegraph.time.renderloop: [window 0x7f030130be40][gui thread] Frame prepared, polish=0 ms, lock=0 ms, blockedForSync=0 ms, animations=0 ms
2026-07-14 19:19:42.681 DEBUG qt.scenegraph.time.renderer: time in renderer: total=0ms, preprocess=0, updates=0, rendering=0
2026-07-14 19:19:42.681 DEBUG qt.scenegraph.time.renderloop: [window 0x7f030130be40][render thread 0x7f0301180040] syncAndRender: frame rendered in 0ms, sync=0, render=0, swap=0
2026-07-14 19:19:42.683 DEBUG qt.scenegraph.time.renderloop: [window 0x7f030130be40][gui thread] polishAndSync: start, elapsed since last call: 1 ms
2026-07-14 19:19:42.683 DEBUG qt.scenegraph.time.renderloop: [window 0x7f030130be40][render thread 0x7f0301180040] syncAndRender: start, elapsed since last call: 1 ms
2026-07-14 19:19:42.683 DEBUG qt.scenegraph.time.renderloop: [window 0x7f030130be40][gui thread] Frame prepared, polish=0 ms, lock=0 ms, blockedForSync=0 ms, animations=0 ms
2026-07-14 19:19:42.683 DEBUG qt.scenegraph.time.renderer: time in renderer: total=0ms, preprocess=0, updates=0, rendering=0
2026-07-14 19:19:42.683 DEBUG qt.scenegraph.time.renderloop: [window 0x7f030130be40][render thread 0x7f0301180040] syncAndRender: frame rendered in 0ms, sync=0, render=0, swap=0
2026-07-14 19:19:42.715 DEBUG qt.scenegraph.time.renderloop: [window 0x7f030130be40][gui thread] polishAndSync: start, elapsed since last call: 32 ms
2026-07-14 19:19:42.715 DEBUG qt.scenegraph.time.renderloop: [window 0x7f030130be40][render thread 0x7f0301180040] syncAndRender: start, elapsed since last call: 32 ms
2026-07-14 19:19:42.715 DEBUG qt.scenegraph.time.renderloop: [window 0x7f030130be40][gui thread] Frame prepared, polish=0 ms, lock=0 ms, blockedForSync=0 ms, animations=0 ms
2026-07-14 19:19:42.715 DEBUG qt.scenegraph.time.renderer: time in renderer: total=0ms, preprocess=0, updates=0, rendering=0
2026-07-14 19:19:42.715 DEBUG qt.scenegraph.time.renderloop: [window 0x7f030130be40][render thread 0x7f0301180040] syncAndRender: frame rendered in 0ms, sync=0, render=0, swap=0
2026-07-14 19:19:42.717 DEBUG qt.scenegraph.time.renderloop: [window 0x7f030130be40][gui thread] polishAndSync: start, elapsed since last call: 2 ms
2026-07-14 19:19:42.717 DEBUG qt.scenegraph.time.renderloop: [window 0x7f030130be40][render thread 0x7f0301180040] syncAndRender: start, elapsed since last call: 2 ms
2026-07-14 19:19:42.717 DEBUG qt.scenegraph.time.renderloop: [window 0x7f030130be40][gui thread] Frame prepared, polish=0 ms, lock=0 ms, blockedForSync=0 ms, animations=0 ms
2026-07-14 19:19:42.717 DEBUG qt.scenegraph.time.renderer: time in renderer: total=0ms, preprocess=0, updates=0, rendering=0
2026-07-14 19:19:42.718 DEBUG qt.scenegraph.time.renderloop: [window 0x7f030130be40][render thread 0x7f0301180040] syncAndRender: frame rendered in 0ms, sync=0, render=0, swap=0
2026-07-14 19:19:42.747 DEBUG qt.scenegraph.time.renderloop: [window 0x7f030130be40][gui thread] polishAndSync: start, elapsed since last call: 30 ms
2026-07-14 19:19:42.748 DEBUG qt.scenegraph.time.renderloop: [window 0x7f030130be40][render thread 0x7f0301180040] syncAndRender: start, elapsed since last call: 30 ms
2026-07-14 19:19:42.748 DEBUG qt.scenegraph.time.renderloop: [window 0x7f030130be40][gui thread] Frame prepared, polish=0 ms, lock=0 ms, blockedForSync=0 ms, animations=0 ms
2026-07-14 19:19:42.748 DEBUG qt.scenegraph.time.renderer: time in renderer: total=0ms, preprocess=0, updates=0, rendering=0
2026-07-14 19:19:42.748 DEBUG qt.scenegraph.time.renderloop: [window 0x7f030130be40][render thread 0x7f0301180040] syncAndRender: frame rendered in 0ms, sync=0, render=0, swap=0
2026-07-14 19:19:42.752 DEBUG qt.scenegraph.time.renderloop: [window 0x7f030130be40][gui thread] polishAndSync: start, elapsed since last call: 4 ms
2026-07-14 19:19:42.752 DEBUG qt.scenegraph.time.renderloop: [window 0x7f030130be40][render thread 0x7f0301180040] syncAndRender: start, elapsed since last call: 4 ms
2026-07-14 19:19:42.752 DEBUG qt.scenegraph.time.renderloop: [window 0x7f030130be40][gui thread] Frame prepared, polish=0 ms, lock=0 ms, blockedForSync=0 ms, animations=0 ms
2026-07-14 19:19:42.752 DEBUG qt.scenegraph.time.renderer: time in renderer: total=0ms, preprocess=0, updates=0, rendering=0
2026-07-14 19:19:42.752 DEBUG qt.scenegraph.time.renderloop: [window 0x7f030130be40][render thread 0x7f0301180040] syncAndRender: frame rendered in 0ms, sync=0, render=0, swap=0
2026-07-14 19:19:42.780 DEBUG qt.scenegraph.time.renderloop: [window 0x7f030130be40][gui thread] polishAndSync: start, elapsed since last call: 28 ms
2026-07-14 19:19:42.781 DEBUG qt.scenegraph.time.renderloop: [window 0x7f030130be40][render thread 0x7f0301180040] syncAndRender: start, elapsed since last call: 28 ms
2026-07-14 19:19:42.781 DEBUG qt.scenegraph.time.renderloop: [window 0x7f030130be40][gui thread] Frame prepared, polish=0 ms, lock=0 ms, blockedForSync=0 ms, animations=0 ms
2026-07-14 19:19:42.781 DEBUG qt.scenegraph.time.renderer: time in renderer: total=0ms, preprocess=0, updates=0, rendering=0
2026-07-14 19:19:42.781 DEBUG qt.scenegraph.time.renderloop: [window 0x7f030130be40][render thread 0x7f0301180040] syncAndRender: frame rendered in 0ms, sync=0, render=0, swap=0
2026-07-14 19:19:42.787 DEBUG qt.scenegraph.time.renderloop: [window 0x7f030130be40][gui thread] polishAndSync: start, elapsed since last call: 6 ms
2026-07-14 19:19:42.787 DEBUG qt.scenegraph.time.renderloop: [window 0x7f030130be40][render thread 0x7f0301180040] syncAndRender: start, elapsed since last call: 6 ms
2026-07-14 19:19:42.787 DEBUG qt.scenegraph.time.renderloop: [window 0x7f030130be40][gui thread] Frame prepared, polish=0 ms, lock=0 ms, blockedForSync=0 ms, animations=0 ms
2026-07-14 19:19:42.787 DEBUG qt.scenegraph.time.renderer: time in renderer: total=0ms, preprocess=0, updates=0, rendering=0
2026-07-14 19:19:42.787 DEBUG qt.scenegraph.time.renderloop: [window 0x7f030130be40][render thread 0x7f0301180040] syncAndRender: frame rendered in 0ms, sync=0, render=0, swap=0
2026-07-14 19:19:42.813 DEBUG qt.scenegraph.time.renderloop: [window 0x7f030130be40][gui thread] polishAndSync: start, elapsed since last call: 26 ms
2026-07-14 19:19:42.813 DEBUG qt.scenegraph.time.renderloop: [window 0x7f030130be40][render thread 0x7f0301180040] syncAndRender: start, elapsed since last call: 26 ms
2026-07-14 19:19:42.813 DEBUG qt.scenegraph.time.renderloop: [window 0x7f030130be40][gui thread] Frame prepared, polish=0 ms, lock=0 ms, blockedForSync=0 ms, animations=0 ms
2026-07-14 19:19:42.813 DEBUG qt.scenegraph.time.renderer: time in renderer: total=0ms, preprocess=0, updates=0, rendering=0
2026-07-14 19:19:42.814 DEBUG qt.scenegraph.time.renderloop: [window 0x7f030130be40][render thread 0x7f0301180040] syncAndRender: frame rendered in 0ms, sync=0, render=0, swap=0
2026-07-14 19:19:42.815 DEBUG qt.scenegraph.time.renderloop: [window 0x7f030130be40][gui thread] polishAndSync: start, elapsed since last call: 1 ms
2026-07-14 19:19:42.815 DEBUG qt.scenegraph.time.renderloop: [window 0x7f030130be40][render thread 0x7f0301180040] syncAndRender: start, elapsed since last call: 1 ms
2026-07-14 19:19:42.815 DEBUG qt.scenegraph.time.renderloop: [window 0x7f030130be40][gui thread] Frame prepared, polish=0 ms, lock=0 ms, blockedForSync=0 ms, animations=0 ms
2026-07-14 19:19:42.815 DEBUG qt.scenegraph.time.renderer: time in renderer: total=0ms, preprocess=0, updates=0, rendering=0
2026-07-14 19:19:42.815 DEBUG qt.scenegraph.time.renderloop: [window 0x7f030130be40][render thread 0x7f0301180040] syncAndRender: frame rendered in 0ms, sync=0, render=0, swap=0
2026-07-14 19:19:42.846 DEBUG qt.scenegraph.time.renderloop: [window 0x7f030130be40][gui thread] polishAndSync: start, elapsed since last call: 31 ms
2026-07-14 19:19:42.847 DEBUG qt.scenegraph.time.renderloop: [window 0x7f030130be40][render thread 0x7f0301180040] syncAndRender: start, elapsed since last call: 31 ms
2026-07-14 19:19:42.847 DEBUG qt.scenegraph.time.renderloop: [window 0x7f030130be40][gui thread] Frame prepared, polish=0 ms, lock=0 ms, blockedForSync=0 ms, animations=0 ms
2026-07-14 19:19:42.847 DEBUG qt.scenegraph.time.renderer: time in renderer: total=0ms, preprocess=0, updates=0, rendering=0
2026-07-14 19:19:42.847 DEBUG qt.scenegraph.time.renderloop: [window 0x7f030130be40][render thread 0x7f0301180040] syncAndRender: frame rendered in 0ms, sync=0, render=0, swap=0
2026-07-14 19:19:42.849 DEBUG qt.scenegraph.time.renderloop: [window 0x7f030130be40][gui thread] polishAndSync: start, elapsed since last call: 3 ms
2026-07-14 19:19:42.849 DEBUG qt.scenegraph.time.renderloop: [window 0x7f030130be40][render thread 0x7f0301180040] syncAndRender: start, elapsed since last call: 2 ms
2026-07-14 19:19:42.849 DEBUG qt.scenegraph.time.renderloop: [window 0x7f030130be40][gui thread] Frame prepared, polish=0 ms, lock=0 ms, blockedForSync=0 ms, animations=0 ms
2026-07-14 19:19:42.850 DEBUG qt.scenegraph.time.renderer: time in renderer: total=0ms, preprocess=0, updates=0, rendering=0
2026-07-14 19:19:42.850 DEBUG qt.scenegraph.time.renderloop: [window 0x7f030130be40][render thread 0x7f0301180040] syncAndRender: frame rendered in 0ms, sync=0, render=0, swap=0
2026-07-14 19:19:42.879 DEBUG qt.scenegraph.time.renderloop: [window 0x7f030130be40][gui thread] polishAndSync: start, elapsed since last call: 29 ms
2026-07-14 19:19:42.879 DEBUG qt.scenegraph.time.renderloop: [window 0x7f030130be40][render thread 0x7f0301180040] syncAndRender: start, elapsed since last call: 29 ms
2026-07-14 19:19:42.879 DEBUG qt.scenegraph.time.renderloop: [window 0x7f030130be40][gui thread] Frame prepared, polish=0 ms, lock=0 ms, blockedForSync=0 ms, animations=0 ms
2026-07-14 19:19:42.879 DEBUG qt.scenegraph.time.renderer: time in renderer: total=0ms, preprocess=0, updates=0, rendering=0
2026-07-14 19:19:42.879 DEBUG qt.scenegraph.time.renderloop: [window 0x7f030130be40][render thread 0x7f0301180040] syncAndRender: frame rendered in 0ms, sync=0, render=0, swap=0
2026-07-14 19:19:42.884 DEBUG qt.scenegraph.time.renderloop: [window 0x7f030130be40][gui thread] polishAndSync: start, elapsed since last call: 5 ms
2026-07-14 19:19:42.884 DEBUG qt.scenegraph.time.renderloop: [window 0x7f030130be40][render thread 0x7f0301180040] syncAndRender: start, elapsed since last call: 5 ms
2026-07-14 19:19:42.884 DEBUG qt.scenegraph.time.renderloop: [window 0x7f030130be40][gui thread] Frame prepared, polish=0 ms, lock=0 ms, blockedForSync=0 ms, animations=0 ms
2026-07-14 19:19:42.884 DEBUG qt.scenegraph.time.renderer: time in renderer: total=0ms, preprocess=0, updates=0, rendering=0
2026-07-14 19:19:42.885 DEBUG qt.scenegraph.time.renderloop: [window 0x7f030130be40][render thread 0x7f0301180040] syncAndRender: frame rendered in 0ms, sync=0, render=0, swap=0
2026-07-14 19:19:42.912 DEBUG qt.scenegraph.time.renderloop: [window 0x7f030130be40][gui thread] polishAndSync: start, elapsed since last call: 28 ms
2026-07-14 19:19:42.913 DEBUG qt.scenegraph.time.renderloop: [window 0x7f030130be40][render thread 0x7f0301180040] syncAndRender: start, elapsed since last call: 28 ms
2026-07-14 19:19:42.913 DEBUG qt.scenegraph.time.renderloop: [window 0x7f030130be40][gui thread] Frame prepared, polish=0 ms, lock=0 ms, blockedForSync=0 ms, animations=0 ms
2026-07-14 19:19:42.913 DEBUG qt.scenegraph.time.renderer: time in renderer: total=0ms, preprocess=0, updates=0, rendering=0
2026-07-14 19:19:42.913 DEBUG qt.scenegraph.time.renderloop: [window 0x7f030130be40][render thread 0x7f0301180040] syncAndRender: frame rendered in 0ms, sync=0, render=0, swap=0
2026-07-14 19:19:42.919 DEBUG qt.scenegraph.time.renderloop: [window 0x7f030130be40][gui thread] polishAndSync: start, elapsed since last call: 6 ms
2026-07-14 19:19:42.919 DEBUG qt.scenegraph.time.renderloop: [window 0x7f030130be40][render thread 0x7f0301180040] syncAndRender: start, elapsed since last call: 6 ms
2026-07-14 19:19:42.919 DEBUG qt.scenegraph.time.renderloop: [window 0x7f030130be40][gui thread] Frame prepared, polish=0 ms, lock=0 ms, blockedForSync=0 ms, animations=0 ms
2026-07-14 19:19:42.919 DEBUG qt.scenegraph.time.renderer: time in renderer: total=0ms, preprocess=0, updates=0, rendering=0
2026-07-14 19:19:42.920 DEBUG qt.scenegraph.time.renderloop: [window 0x7f030130be40][render thread 0x7f0301180040] syncAndRender: frame rendered in 0ms, sync=0, render=0, swap=0
2026-07-14 19:19:42.945 DEBUG qt.scenegraph.time.renderloop: [window 0x7f030130be40][gui thread] polishAndSync: start, elapsed since last call: 25 ms
2026-07-14 19:19:42.946 DEBUG qt.scenegraph.time.renderloop: [window 0x7f030130be40][render thread 0x7f0301180040] syncAndRender: start, elapsed since last call: 26 ms
2026-07-14 19:19:42.946 DEBUG qt.scenegraph.time.renderloop: [window 0x7f030130be40][gui thread] Frame prepared, polish=0 ms, lock=0 ms, blockedForSync=0 ms, animations=0 ms
2026-07-14 19:19:42.946 DEBUG qt.scenegraph.time.renderer: time in renderer: total=0ms, preprocess=0, updates=0, rendering=0
2026-07-14 19:19:42.946 DEBUG qt.scenegraph.time.renderloop: [window 0x7f030130be40][render thread 0x7f0301180040] syncAndRender: frame rendered in 0ms, sync=0, render=0, swap=0
2026-07-14 19:19:42.947 DEBUG qt.scenegraph.time.renderloop: [window 0x7f030130be40][gui thread] polishAndSync: start, elapsed since last call: 1 ms
2026-07-14 19:19:42.947 DEBUG qt.scenegraph.time.renderloop: [window 0x7f030130be40][render thread 0x7f0301180040] syncAndRender: start, elapsed since last call: 1 ms
2026-07-14 19:19:42.947 DEBUG qt.scenegraph.time.renderloop: [window 0x7f030130be40][gui thread] Frame prepared, polish=0 ms, lock=0 ms, blockedForSync=0 ms, animations=0 ms
2026-07-14 19:19:42.947 DEBUG qt.scenegraph.time.renderer: time in renderer: total=0ms, preprocess=0, updates=0, rendering=0
2026-07-14 19:19:42.947 DEBUG qt.scenegraph.time.renderloop: [window 0x7f030130be40][render thread 0x7f0301180040] syncAndRender: frame rendered in 0ms, sync=0, render=0, swap=0
2026-07-14 19:19:42.978 DEBUG qt.scenegraph.time.renderloop: [window 0x7f030130be40][gui thread] polishAndSync: start, elapsed since last call: 31 ms
2026-07-14 19:19:42.978 DEBUG qt.scenegraph.time.renderloop: [window 0x7f030130be40][render thread 0x7f0301180040] syncAndRender: start, elapsed since last call: 31 ms
2026-07-14 19:19:42.978 DEBUG qt.scenegraph.time.renderloop: [window 0x7f030130be40][gui thread] Frame prepared, polish=0 ms, lock=0 ms, blockedForSync=0 ms, animations=0 ms
2026-07-14 19:19:42.979 DEBUG qt.scenegraph.time.renderer: time in renderer: total=0ms, preprocess=0, updates=0, rendering=0
2026-07-14 19:19:42.979 DEBUG qt.scenegraph.time.renderloop: [window 0x7f030130be40][render thread 0x7f0301180040] syncAndRender: frame rendered in 0ms, sync=0, render=0, swap=0
2026-07-14 19:19:42.982 DEBUG qt.scenegraph.time.renderloop: [window 0x7f030130be40][gui thread] polishAndSync: start, elapsed since last call: 3 ms
2026-07-14 19:19:42.982 DEBUG qt.scenegraph.time.renderloop: [window 0x7f030130be40][render thread 0x7f0301180040] syncAndRender: start, elapsed since last call: 3 ms
2026-07-14 19:19:42.982 DEBUG qt.scenegraph.time.renderloop: [window 0x7f030130be40][gui thread] Frame prepared, polish=0 ms, lock=0 ms, blockedForSync=0 ms, animations=0 ms
2026-07-14 19:19:42.982 DEBUG qt.scenegraph.time.renderer: time in renderer: total=0ms, preprocess=0, updates=0, rendering=0
2026-07-14 19:19:42.982 DEBUG qt.scenegraph.time.renderloop: [window 0x7f030130be40][render thread 0x7f0301180040] syncAndRender: frame rendered in 0ms, sync=0, render=0, swap=0
2026-07-14 19:19:43.011 DEBUG qt.scenegraph.time.renderloop: [window 0x7f030130be40][gui thread] polishAndSync: start, elapsed since last call: 29 ms
2026-07-14 19:19:43.011 DEBUG qt.scenegraph.time.renderloop: [window 0x7f030130be40][render thread 0x7f0301180040] syncAndRender: start, elapsed since last call: 29 ms
2026-07-14 19:19:43.011 DEBUG qt.scenegraph.time.renderloop: [window 0x7f030130be40][gui thread] Frame prepared, polish=0 ms, lock=0 ms, blockedForSync=0 ms, animations=0 ms
2026-07-14 19:19:43.011 DEBUG qt.scenegraph.time.renderer: time in renderer: total=0ms, preprocess=0, updates=0, rendering=0
2026-07-14 19:19:43.011 DEBUG qt.scenegraph.time.renderloop: [window 0x7f030130be40][render thread 0x7f0301180040] syncAndRender: frame rendered in 0ms, sync=0, render=0, swap=0
2026-07-14 19:19:43.016 DEBUG qt.scenegraph.time.renderloop: [window 0x7f030130be40][gui thread] polishAndSync: start, elapsed since last call: 5 ms
2026-07-14 19:19:43.016 DEBUG qt.scenegraph.time.renderloop: [window 0x7f030130be40][render thread 0x7f0301180040] syncAndRender: start, elapsed since last call: 5 ms
2026-07-14 19:19:43.016 DEBUG qt.scenegraph.time.renderloop: [window 0x7f030130be40][gui thread] Frame prepared, polish=0 ms, lock=0 ms, blockedForSync=0 ms, animations=0 ms
2026-07-14 19:19:43.016 DEBUG qt.scenegraph.time.renderer: time in renderer: total=0ms, preprocess=0, updates=0, rendering=0
2026-07-14 19:19:43.017 DEBUG qt.scenegraph.time.renderloop: [window 0x7f030130be40][render thread 0x7f0301180040] syncAndRender: frame rendered in 0ms, sync=0, render=0, swap=0
2026-07-14 19:19:43.045 DEBUG qt.scenegraph.time.renderloop: [window 0x7f030130be40][gui thread] polishAndSync: start, elapsed since last call: 28 ms
2026-07-14 19:19:43.045 DEBUG qt.scenegraph.time.renderloop: [window 0x7f030130be40][render thread 0x7f0301180040] syncAndRender: start, elapsed since last call: 28 ms
2026-07-14 19:19:43.045 DEBUG qt.scenegraph.time.renderloop: [window 0x7f030130be40][gui thread] Frame prepared, polish=0 ms, lock=0 ms, blockedForSync=0 ms, animations=0 ms
2026-07-14 19:19:43.045 DEBUG qt.scenegraph.time.renderer: time in renderer: total=0ms, preprocess=0, updates=0, rendering=0
2026-07-14 19:19:43.045 DEBUG qt.scenegraph.time.renderloop: [window 0x7f030130be40][render thread 0x7f0301180040] syncAndRender: frame rendered in 0ms, sync=0, render=0, swap=0
2026-07-14 19:19:43.051 DEBUG qt.scenegraph.time.renderloop: [window 0x7f030130be40][gui thread] polishAndSync: start, elapsed since last call: 6 ms
2026-07-14 19:19:43.051 DEBUG qt.scenegraph.time.renderloop: [window 0x7f030130be40][render thread 0x7f0301180040] syncAndRender: start, elapsed since last call: 6 ms
2026-07-14 19:19:43.051 DEBUG qt.scenegraph.time.renderloop: [window 0x7f030130be40][gui thread] Frame prepared, polish=0 ms, lock=0 ms, blockedForSync=0 ms, animations=0 ms
2026-07-14 19:19:43.051 DEBUG qt.scenegraph.time.renderer: time in renderer: total=0ms, preprocess=0, updates=0, rendering=0
2026-07-14 19:19:43.051 DEBUG qt.scenegraph.time.renderloop: [window 0x7f030130be40][render thread 0x7f0301180040] syncAndRender: frame rendered in 0ms, sync=0, render=0, swap=0
2026-07-14 19:19:43.077 DEBUG qt.scenegraph.time.renderloop: [window 0x7f030130be40][gui thread] polishAndSync: start, elapsed since last call: 26 ms
2026-07-14 19:19:43.078 DEBUG qt.scenegraph.time.renderloop: [window 0x7f030130be40][render thread 0x7f0301180040] syncAndRender: start, elapsed since last call: 26 ms
2026-07-14 19:19:43.078 DEBUG qt.scenegraph.time.renderloop: [window 0x7f030130be40][gui thread] Frame prepared, polish=0 ms, lock=0 ms, blockedForSync=0 ms, animations=0 ms
2026-07-14 19:19:43.078 DEBUG qt.scenegraph.time.renderer: time in renderer: total=0ms, preprocess=0, updates=0, rendering=0
2026-07-14 19:19:43.078 DEBUG qt.scenegraph.time.renderloop: [window 0x7f030130be40][render thread 0x7f0301180040] syncAndRender: frame rendered in 0ms, sync=0, render=0, swap=0
2026-07-14 19:19:43.079 DEBUG qt.scenegraph.time.renderloop: [window 0x7f030130be40][gui thread] polishAndSync: start, elapsed since last call: 1 ms
2026-07-14 19:19:43.079 DEBUG qt.scenegraph.time.renderloop: [window 0x7f030130be40][render thread 0x7f0301180040] syncAndRender: start, elapsed since last call: 1 ms
2026-07-14 19:19:43.079 DEBUG qt.scenegraph.time.renderloop: [window 0x7f030130be40][gui thread] Frame prepared, polish=0 ms, lock=0 ms, blockedForSync=0 ms, animations=0 ms
2026-07-14 19:19:43.079 DEBUG qt.scenegraph.time.renderer: time in renderer: total=0ms, preprocess=0, updates=0, rendering=0
2026-07-14 19:19:43.079 DEBUG qt.scenegraph.time.renderloop: [window 0x7f030130be40][render thread 0x7f0301180040] syncAndRender: frame rendered in 0ms, sync=0, render=0, swap=0
2026-07-14 19:19:43.110 DEBUG qt.scenegraph.time.renderloop: [window 0x7f030130be40][gui thread] polishAndSync: start, elapsed since last call: 31 ms
2026-07-14 19:19:43.110 DEBUG qt.scenegraph.time.renderloop: [window 0x7f030130be40][render thread 0x7f0301180040] syncAndRender: start, elapsed since last call: 31 ms
2026-07-14 19:19:43.110 DEBUG qt.scenegraph.time.renderloop: [window 0x7f030130be40][gui thread] Frame prepared, polish=0 ms, lock=0 ms, blockedForSync=0 ms, animations=0 ms
2026-07-14 19:19:43.110 DEBUG qt.scenegraph.time.renderer: time in renderer: total=0ms, preprocess=0, updates=0, rendering=0
2026-07-14 19:19:43.111 DEBUG qt.scenegraph.time.renderloop: [window 0x7f030130be40][render thread 0x7f0301180040] syncAndRender: frame rendered in 0ms, sync=0, render=0, swap=0
2026-07-14 19:19:43.114 DEBUG qt.scenegraph.time.renderloop: [window 0x7f030130be40][gui thread] polishAndSync: start, elapsed since last call: 3 ms
2026-07-14 19:19:43.114 DEBUG qt.scenegraph.time.renderloop: [window 0x7f030130be40][render thread 0x7f0301180040] syncAndRender: start, elapsed since last call: 3 ms
2026-07-14 19:19:43.114 DEBUG qt.scenegraph.time.renderloop: [window 0x7f030130be40][gui thread] Frame prepared, polish=0 ms, lock=0 ms, blockedForSync=0 ms, animations=0 ms
2026-07-14 19:19:43.114 DEBUG qt.scenegraph.time.renderer: time in renderer: total=0ms, preprocess=0, updates=0, rendering=0
2026-07-14 19:19:43.114 DEBUG qt.scenegraph.time.renderloop: [window 0x7f030130be40][render thread 0x7f0301180040] syncAndRender: frame rendered in 0ms, sync=0, render=0, swap=0
2026-07-14 19:19:43.144 DEBUG qt.scenegraph.time.renderloop: [window 0x7f030130be40][gui thread] polishAndSync: start, elapsed since last call: 29 ms
2026-07-14 19:19:43.144 DEBUG qt.scenegraph.time.renderloop: [window 0x7f030130be40][render thread 0x7f0301180040] syncAndRender: start, elapsed since last call: 30 ms
2026-07-14 19:19:43.144 DEBUG qt.scenegraph.time.renderloop: [window 0x7f030130be40][gui thread] Frame prepared, polish=0 ms, lock=0 ms, blockedForSync=0 ms, animations=0 ms
2026-07-14 19:19:43.144 DEBUG qt.scenegraph.time.renderer: time in renderer: total=0ms, preprocess=0, updates=0, rendering=0
2026-07-14 19:19:43.144 DEBUG qt.scenegraph.time.renderloop: [window 0x7f030130be40][render thread 0x7f0301180040] syncAndRender: frame rendered in 0ms, sync=0, render=0, swap=0
2026-07-14 19:19:43.148 DEBUG qt.scenegraph.time.renderloop: [window 0x7f030130be40][gui thread] polishAndSync: start, elapsed since last call: 4 ms
2026-07-14 19:19:43.148 DEBUG qt.scenegraph.time.renderloop: [window 0x7f030130be40][render thread 0x7f0301180040] syncAndRender: start, elapsed since last call: 4 ms
2026-07-14 19:19:43.149 DEBUG qt.scenegraph.time.renderloop: [window 0x7f030130be40][gui thread] Frame prepared, polish=0 ms, lock=0 ms, blockedForSync=0 ms, animations=0 ms
2026-07-14 19:19:43.149 DEBUG qt.scenegraph.time.renderer: time in renderer: total=0ms, preprocess=0, updates=0, rendering=0
2026-07-14 19:19:43.149 DEBUG qt.scenegraph.time.renderloop: [window 0x7f030130be40][render thread 0x7f0301180040] syncAndRender: frame rendered in 0ms, sync=0, render=0, swap=0
2026-07-14 19:19:43.177 DEBUG qt.scenegraph.time.renderloop: [window 0x7f030130be40][gui thread] polishAndSync: start, elapsed since last call: 28 ms
2026-07-14 19:19:43.177 DEBUG qt.scenegraph.time.renderloop: [window 0x7f030130be40][render thread 0x7f0301180040] syncAndRender: start, elapsed since last call: 28 ms
2026-07-14 19:19:43.177 DEBUG qt.scenegraph.time.renderloop: [window 0x7f030130be40][gui thread] Frame prepared, polish=0 ms, lock=0 ms, blockedForSync=0 ms, animations=0 ms
2026-07-14 19:19:43.177 DEBUG qt.scenegraph.time.renderer: time in renderer: total=0ms, preprocess=0, updates=0, rendering=0
2026-07-14 19:19:43.177 DEBUG qt.scenegraph.time.renderloop: [window 0x7f030130be40][render thread 0x7f0301180040] syncAndRender: frame rendered in 0ms, sync=0, render=0, swap=0
2026-07-14 19:19:43.183 DEBUG qt.scenegraph.time.renderloop: [window 0x7f030130be40][gui thread] polishAndSync: start, elapsed since last call: 6 ms
2026-07-14 19:19:43.183 DEBUG qt.scenegraph.time.renderloop: [window 0x7f030130be40][render thread 0x7f0301180040] syncAndRender: start, elapsed since last call: 6 ms
2026-07-14 19:19:43.183 DEBUG qt.scenegraph.time.renderloop: [window 0x7f030130be40][gui thread] Frame prepared, polish=0 ms, lock=0 ms, blockedForSync=0 ms, animations=0 ms
2026-07-14 19:19:43.183 DEBUG qt.scenegraph.time.renderer: time in renderer: total=0ms, preprocess=0, updates=0, rendering=0
2026-07-14 19:19:43.184 DEBUG qt.scenegraph.time.renderloop: [window 0x7f030130be40][render thread 0x7f0301180040] syncAndRender: frame rendered in 0ms, sync=0, render=0, swap=0
2026-07-14 19:19:43.209 DEBUG qt.scenegraph.time.renderloop: [window 0x7f030130be40][gui thread] polishAndSync: start, elapsed since last call: 25 ms
2026-07-14 19:19:43.210 DEBUG qt.scenegraph.time.renderloop: [window 0x7f030130be40][render thread 0x7f0301180040] syncAndRender: start, elapsed since last call: 26 ms
2026-07-14 19:19:43.210 DEBUG qt.scenegraph.time.renderloop: [window 0x7f030130be40][gui thread] Frame prepared, polish=0 ms, lock=0 ms, blockedForSync=0 ms, animations=0 ms
2026-07-14 19:19:43.210 DEBUG qt.scenegraph.time.renderer: time in renderer: total=0ms, preprocess=0, updates=0, rendering=0
2026-07-14 19:19:43.210 DEBUG qt.scenegraph.time.renderloop: [window 0x7f030130be40][render thread 0x7f0301180040] syncAndRender: frame rendered in 0ms, sync=0, render=0, swap=0
2026-07-14 19:19:43.211 DEBUG qt.scenegraph.time.renderloop: [window 0x7f030130be40][gui thread] polishAndSync: start, elapsed since last call: 1 ms
2026-07-14 19:19:43.211 DEBUG qt.scenegraph.time.renderloop: [window 0x7f030130be40][render thread 0x7f0301180040] syncAndRender: start, elapsed since last call: 1 ms
2026-07-14 19:19:43.211 DEBUG qt.scenegraph.time.renderloop: [window 0x7f030130be40][gui thread] Frame prepared, polish=0 ms, lock=0 ms, blockedForSync=0 ms, animations=0 ms
2026-07-14 19:19:43.211 DEBUG qt.scenegraph.time.renderer: time in renderer: total=0ms, preprocess=0, updates=0, rendering=0
2026-07-14 19:19:43.211 DEBUG qt.scenegraph.time.renderloop: [window 0x7f030130be40][render thread 0x7f0301180040] syncAndRender: frame rendered in 0ms, sync=0, render=0, swap=0
2026-07-14 19:19:43.242 DEBUG qt.scenegraph.time.renderloop: [window 0x7f030130be40][gui thread] polishAndSync: start, elapsed since last call: 31 ms
2026-07-14 19:19:43.242 DEBUG qt.scenegraph.time.renderloop: [window 0x7f030130be40][render thread 0x7f0301180040] syncAndRender: start, elapsed since last call: 31 ms
2026-07-14 19:19:43.243 DEBUG qt.scenegraph.time.renderloop: [window 0x7f030130be40][gui thread] Frame prepared, polish=0 ms, lock=0 ms, blockedForSync=0 ms, animations=0 ms
2026-07-14 19:19:43.243 DEBUG qt.scenegraph.time.renderer: time in renderer: total=0ms, preprocess=0, updates=0, rendering=0
2026-07-14 19:19:43.243 DEBUG qt.scenegraph.time.renderloop: [window 0x7f030130be40][render thread 0x7f0301180040] syncAndRender: frame rendered in 0ms, sync=0, render=0, swap=0
2026-07-14 19:19:43.246 DEBUG qt.scenegraph.time.renderloop: [window 0x7f030130be40][gui thread] polishAndSync: start, elapsed since last call: 3 ms
2026-07-14 19:19:43.246 DEBUG qt.scenegraph.time.renderloop: [window 0x7f030130be40][render thread 0x7f0301180040] syncAndRender: start, elapsed since last call: 3 ms
2026-07-14 19:19:43.246 DEBUG qt.scenegraph.time.renderloop: [window 0x7f030130be40][gui thread] Frame prepared, polish=0 ms, lock=0 ms, blockedForSync=0 ms, animations=0 ms
2026-07-14 19:19:43.246 DEBUG qt.scenegraph.time.renderer: time in renderer: total=0ms, preprocess=0, updates=0, rendering=0
2026-07-14 19:19:43.246 DEBUG qt.scenegraph.time.renderloop: [window 0x7f030130be40][render thread 0x7f0301180040] syncAndRender: frame rendered in 0ms, sync=0, render=0, swap=0
2026-07-14 19:19:43.275 DEBUG qt.scenegraph.time.renderloop: [window 0x7f030130be40][gui thread] polishAndSync: start, elapsed since last call: 29 ms
2026-07-14 19:19:43.275 DEBUG qt.scenegraph.time.renderloop: [window 0x7f030130be40][render thread 0x7f0301180040] syncAndRender: start, elapsed since last call: 29 ms
2026-07-14 19:19:43.275 DEBUG qt.scenegraph.time.renderloop: [window 0x7f030130be40][gui thread] Frame prepared, polish=0 ms, lock=0 ms, blockedForSync=0 ms, animations=0 ms
2026-07-14 19:19:43.275 DEBUG qt.scenegraph.time.renderer: time in renderer: total=0ms, preprocess=0, updates=0, rendering=0
2026-07-14 19:19:43.275 DEBUG qt.scenegraph.time.renderloop: [window 0x7f030130be40][render thread 0x7f0301180040] syncAndRender: frame rendered in 0ms, sync=0, render=0, swap=0
2026-07-14 19:19:43.276 DEBUG qt.scenegraph.time.renderloop: [window 0x7f030130be40][gui thread] polishAndSync: start, elapsed since last call: 1 ms
2026-07-14 19:19:43.276 DEBUG qt.scenegraph.time.renderloop: [window 0x7f030130be40][render thread 0x7f0301180040] syncAndRender: start, elapsed since last call: 0 ms
2026-07-14 19:19:43.276 DEBUG qt.scenegraph.time.renderloop: [window 0x7f030130be40][gui thread] Frame prepared, polish=0 ms, lock=0 ms, blockedForSync=0 ms, animations=0 ms
2026-07-14 19:19:43.276 DEBUG qt.scenegraph.time.renderer: time in renderer: total=0ms, preprocess=0, updates=0, rendering=0
2026-07-14 19:19:43.276 DEBUG qt.scenegraph.time.renderloop: [window 0x7f030130be40][render thread 0x7f0301180040] syncAndRender: frame rendered in 0ms, sync=0, render=0, swap=0
2026-07-14 19:19:43.292 DEBUG qt.scenegraph.time.renderloop: [window 0x7f030130be40][gui thread] polishAndSync: start, elapsed since last call: 15 ms
2026-07-14 19:19:43.292 DEBUG qt.scenegraph.time.renderloop: [window 0x7f030130be40][render thread 0x7f0301180040] syncAndRender: start, elapsed since last call: 15 ms
2026-07-14 19:19:43.292 DEBUG qt.scenegraph.time.renderloop: [window 0x7f030130be40][gui thread] Frame prepared, polish=0 ms, lock=0 ms, blockedForSync=0 ms, animations=0 ms
2026-07-14 19:19:43.292 DEBUG qt.scenegraph.time.renderloop: [window 0x7f030130be40][gui thread] polishAndSync: start, elapsed since last call: 0 ms
2026-07-14 19:19:43.292 DEBUG qt.scenegraph.time.texture: atlastexture upload enqueued in: -9223357815823ms (16x16)
2026-07-14 19:19:43.292 DEBUG qt.scenegraph.time.texture: atlastexture upload enqueued in: -9223357815823ms (36x14)
2026-07-14 19:19:43.292 DEBUG qt.scenegraph.time.renderer: time in renderer: total=0ms, preprocess=0, updates=0, rendering=0
2026-07-14 19:19:43.293 DEBUG qt.scenegraph.time.renderloop: [window 0x7f030130be40][render thread 0x7f0301180040] syncAndRender: frame rendered in 0ms, sync=0, render=0, swap=0
2026-07-14 19:19:43.293 DEBUG qt.scenegraph.time.renderloop: [window 0x7f030130be40][render thread 0x7f0301180040] syncAndRender: start, elapsed since last call: 0 ms
2026-07-14 19:19:43.293 DEBUG qt.scenegraph.time.renderloop: [window 0x7f030130be40][gui thread] Frame prepared, polish=0 ms, lock=0 ms, blockedForSync=0 ms, animations=0 ms
2026-07-14 19:19:43.293 DEBUG qt.scenegraph.time.renderer: time in renderer: total=0ms, preprocess=0, updates=0, rendering=0
2026-07-14 19:19:43.294 DEBUG qt.scenegraph.time.renderloop: [window 0x7f030130be40][gui thread] polishAndSync: start, elapsed since last call: 2 ms
2026-07-14 19:19:43.294 DEBUG qt.scenegraph.time.renderloop: [window 0x7f030130be40][render thread 0x7f0301180040] syncAndRender: frame rendered in 1ms, sync=0, render=0, swap=1
2026-07-14 19:19:43.294 DEBUG qt.scenegraph.time.renderloop: [window 0x7f030130be40][render thread 0x7f0301180040] syncAndRender: start, elapsed since last call: 1 ms
2026-07-14 19:19:43.294 DEBUG qt.scenegraph.time.renderloop: [window 0x7f030130be40][gui thread] Frame prepared, polish=0 ms, lock=0 ms, blockedForSync=0 ms, animations=0 ms
2026-07-14 19:19:43.294 DEBUG qt.scenegraph.time.renderer: time in renderer: total=0ms, preprocess=0, updates=0, rendering=0
2026-07-14 19:19:43.301 DEBUG qt.scenegraph.time.renderloop: [window 0x7f030130be40][gui thread] polishAndSync: start, elapsed since last call: 6 ms
2026-07-14 19:19:43.301 DEBUG qt.scenegraph.time.renderloop: [window 0x7f030130be40][render thread 0x7f0301180040] syncAndRender: frame rendered in 6ms, sync=0, render=0, swap=6
2026-07-14 19:19:43.301 DEBUG qt.scenegraph.time.renderloop: [window 0x7f030130be40][render thread 0x7f0301180040] syncAndRender: start, elapsed since last call: 6 ms
2026-07-14 19:19:43.301 DEBUG qt.scenegraph.time.renderloop: [window 0x7f030130be40][gui thread] Frame prepared, polish=0 ms, lock=0 ms, blockedForSync=0 ms, animations=0 ms
2026-07-14 19:19:43.301 DEBUG qt.scenegraph.time.texture: atlastexture upload enqueued in: -9223357815814ms (36x14)
2026-07-14 19:19:43.301 DEBUG qt.scenegraph.time.renderer: time in renderer: total=0ms, preprocess=0, updates=0, rendering=0
2026-07-14 19:19:43.308 DEBUG qt.scenegraph.time.renderloop: [window 0x7f030130be40][gui thread] polishAndSync: start, elapsed since last call: 7 ms
2026-07-14 19:19:43.308 DEBUG qt.scenegraph.time.renderloop: [window 0x7f030130be40][render thread 0x7f0301180040] syncAndRender: frame rendered in 7ms, sync=0, render=0, swap=6
2026-07-14 19:19:43.309 DEBUG qt.scenegraph.time.renderloop: [window 0x7f030130be40][render thread 0x7f0301180040] syncAndRender: start, elapsed since last call: 7 ms
2026-07-14 19:19:43.309 DEBUG qt.scenegraph.time.renderloop: [window 0x7f030130be40][gui thread] Frame prepared, polish=0 ms, lock=0 ms, blockedForSync=0 ms, animations=0 ms
2026-07-14 19:19:43.309 DEBUG qt.scenegraph.time.renderer: time in renderer: total=0ms, preprocess=0, updates=0, rendering=0
2026-07-14 19:19:43.315 DEBUG qt.scenegraph.time.renderloop: [window 0x7f030130be40][gui thread] polishAndSync: start, elapsed since last call: 6 ms
2026-07-14 19:19:43.315 DEBUG qt.scenegraph.time.renderloop: [window 0x7f030130be40][render thread 0x7f0301180040] syncAndRender: frame rendered in 6ms, sync=0, render=0, swap=6
2026-07-14 19:19:43.315 DEBUG qt.scenegraph.time.renderloop: [window 0x7f030130be40][render thread 0x7f0301180040] syncAndRender: start, elapsed since last call: 6 ms
2026-07-14 19:19:43.315 DEBUG qt.scenegraph.time.renderloop: [window 0x7f030130be40][gui thread] Frame prepared, polish=0 ms, lock=0 ms, blockedForSync=0 ms, animations=0 ms
2026-07-14 19:19:43.315 DEBUG qt.scenegraph.time.renderer: time in renderer: total=0ms, preprocess=0, updates=0, rendering=0
2026-07-14 19:19:43.322 DEBUG qt.scenegraph.time.renderloop: [window 0x7f030130be40][gui thread] polishAndSync: start, elapsed since last call: 7 ms
2026-07-14 19:19:43.322 DEBUG qt.scenegraph.time.renderloop: [window 0x7f030130be40][render thread 0x7f0301180040] syncAndRender: frame rendered in 7ms, sync=0, render=0, swap=6
2026-07-14 19:19:43.322 DEBUG qt.scenegraph.time.renderloop: [window 0x7f030130be40][render thread 0x7f0301180040] syncAndRender: start, elapsed since last call: 7 ms
2026-07-14 19:19:43.322 DEBUG qt.scenegraph.time.renderloop: [window 0x7f030130be40][gui thread] Frame prepared, polish=0 ms, lock=0 ms, blockedForSync=0 ms, animations=0 ms
2026-07-14 19:19:43.322 DEBUG qt.scenegraph.time.renderer: time in renderer: total=0ms, preprocess=0, updates=0, rendering=0
2026-07-14 19:19:43.329 DEBUG qt.scenegraph.time.renderloop: [window 0x7f030130be40][gui thread] polishAndSync: start, elapsed since last call: 6 ms
2026-07-14 19:19:43.329 DEBUG qt.scenegraph.time.renderloop: [window 0x7f030130be40][render thread 0x7f0301180040] syncAndRender: frame rendered in 6ms, sync=0, render=0, swap=6
2026-07-14 19:19:43.329 DEBUG qt.scenegraph.time.renderloop: [window 0x7f030130be40][render thread 0x7f0301180040] syncAndRender: start, elapsed since last call: 6 ms
2026-07-14 19:19:43.329 DEBUG qt.scenegraph.time.renderloop: [window 0x7f030130be40][gui thread] Frame prepared, polish=0 ms, lock=0 ms, blockedForSync=0 ms, animations=0 ms
2026-07-14 19:19:43.329 DEBUG qt.scenegraph.time.renderer: time in renderer: total=0ms, preprocess=0, updates=0, rendering=0
2026-07-14 19:19:43.336 DEBUG qt.scenegraph.time.renderloop: [window 0x7f030130be40][gui thread] polishAndSync: start, elapsed since last call: 6 ms
2026-07-14 19:19:43.336 DEBUG qt.scenegraph.time.renderloop: [window 0x7f030130be40][render thread 0x7f0301180040] syncAndRender: frame rendered in 6ms, sync=0, render=0, swap=6
2026-07-14 19:19:43.336 DEBUG qt.scenegraph.time.renderloop: [window 0x7f030130be40][render thread 0x7f0301180040] syncAndRender: start, elapsed since last call: 6 ms
2026-07-14 19:19:43.336 DEBUG qt.scenegraph.time.renderloop: [window 0x7f030130be40][gui thread] Frame prepared, polish=0 ms, lock=0 ms, blockedForSync=0 ms, animations=0 ms
2026-07-14 19:19:43.336 DEBUG qt.scenegraph.time.renderer: time in renderer: total=0ms, preprocess=0, updates=0, rendering=0
2026-07-14 19:19:43.343 DEBUG qt.scenegraph.time.renderloop: [window 0x7f030130be40][gui thread] polishAndSync: start, elapsed since last call: 7 ms
2026-07-14 19:19:43.343 DEBUG qt.scenegraph.time.renderloop: [window 0x7f030130be40][render thread 0x7f0301180040] syncAndRender: frame rendered in 7ms, sync=0, render=0, swap=7
2026-07-14 19:19:43.346 DEBUG qt.scenegraph.time.renderloop: [window 0x7f030130be40][render thread 0x7f0301180040] syncAndRender: start, elapsed since last call: 9 ms
2026-07-14 19:19:43.346 DEBUG qt.scenegraph.time.renderloop: [window 0x7f030130be40][gui thread] Frame prepared, polish=2 ms, lock=0 ms, blockedForSync=0 ms, animations=0 ms
2026-07-14 19:19:43.346 DEBUG qt.scenegraph.time.renderer: time in renderer: total=0ms, preprocess=0, updates=0, rendering=0
2026-07-14 19:19:43.350 DEBUG qt.scenegraph.time.renderloop: [window 0x7f030130be40][gui thread] polishAndSync: start, elapsed since last call: 6 ms
2026-07-14 19:19:43.350 DEBUG qt.scenegraph.time.renderloop: [window 0x7f030130be40][render thread 0x7f0301180040] syncAndRender: frame rendered in 4ms, sync=0, render=0, swap=3
2026-07-14 19:19:43.350 DEBUG qt.scenegraph.time.renderloop: [window 0x7f030130be40][render thread 0x7f0301180040] syncAndRender: start, elapsed since last call: 4 ms
2026-07-14 19:19:43.350 DEBUG qt.scenegraph.time.renderloop: [window 0x7f030130be40][gui thread] Frame prepared, polish=0 ms, lock=0 ms, blockedForSync=0 ms, animations=0 ms
2026-07-14 19:19:43.350 DEBUG qt.scenegraph.time.renderer: time in renderer: total=0ms, preprocess=0, updates=0, rendering=0
2026-07-14 19:19:43.357 DEBUG qt.scenegraph.time.renderloop: [window 0x7f030130be40][gui thread] polishAndSync: start, elapsed since last call: 6 ms
2026-07-14 19:19:43.357 DEBUG qt.scenegraph.time.renderloop: [window 0x7f030130be40][render thread 0x7f0301180040] syncAndRender: frame rendered in 6ms, sync=0, render=0, swap=6
2026-07-14 19:19:43.357 DEBUG qt.scenegraph.time.renderloop: [window 0x7f030130be40][render thread 0x7f0301180040] syncAndRender: start, elapsed since last call: 6 ms
2026-07-14 19:19:43.357 DEBUG qt.scenegraph.time.renderloop: [window 0x7f030130be40][gui thread] Frame prepared, polish=0 ms, lock=0 ms, blockedForSync=0 ms, animations=0 ms
2026-07-14 19:19:43.357 DEBUG qt.scenegraph.time.renderer: time in renderer: total=0ms, preprocess=0, updates=0, rendering=0
2026-07-14 19:19:43.364 DEBUG qt.scenegraph.time.renderloop: [window 0x7f030130be40][gui thread] polishAndSync: start, elapsed since last call: 6 ms
2026-07-14 19:19:43.364 DEBUG qt.scenegraph.time.renderloop: [window 0x7f030130be40][render thread 0x7f0301180040] syncAndRender: frame rendered in 6ms, sync=0, render=0, swap=6
2026-07-14 19:19:43.364 DEBUG qt.scenegraph.time.renderloop: [window 0x7f030130be40][render thread 0x7f0301180040] syncAndRender: start, elapsed since last call: 6 ms
2026-07-14 19:19:43.364 DEBUG qt.scenegraph.time.renderloop: [window 0x7f030130be40][gui thread] Frame prepared, polish=0 ms, lock=0 ms, blockedForSync=0 ms, animations=0 ms
2026-07-14 19:19:43.364 DEBUG qt.scenegraph.time.renderer: time in renderer: total=0ms, preprocess=0, updates=0, rendering=0
2026-07-14 19:19:43.371 DEBUG qt.scenegraph.time.renderloop: [window 0x7f030130be40][gui thread] polishAndSync: start, elapsed since last call: 6 ms
2026-07-14 19:19:43.371 DEBUG qt.scenegraph.time.renderloop: [window 0x7f030130be40][render thread 0x7f0301180040] syncAndRender: frame rendered in 6ms, sync=0, render=0, swap=6
2026-07-14 19:19:43.371 DEBUG qt.scenegraph.time.renderloop: [window 0x7f030130be40][render thread 0x7f0301180040] syncAndRender: start, elapsed since last call: 7 ms
2026-07-14 19:19:43.371 DEBUG qt.scenegraph.time.renderloop: [window 0x7f030130be40][gui thread] Frame prepared, polish=0 ms, lock=0 ms, blockedForSync=0 ms, animations=0 ms
2026-07-14 19:19:43.371 DEBUG qt.scenegraph.time.renderer: time in renderer: total=0ms, preprocess=0, updates=0, rendering=0
2026-07-14 19:19:43.378 DEBUG qt.scenegraph.time.renderloop: [window 0x7f030130be40][gui thread] polishAndSync: start, elapsed since last call: 6 ms
2026-07-14 19:19:43.378 DEBUG qt.scenegraph.time.renderloop: [window 0x7f030130be40][render thread 0x7f0301180040] syncAndRender: frame rendered in 6ms, sync=0, render=0, swap=6
2026-07-14 19:19:43.378 DEBUG qt.scenegraph.time.renderloop: [window 0x7f030130be40][render thread 0x7f0301180040] syncAndRender: start, elapsed since last call: 6 ms
2026-07-14 19:19:43.378 DEBUG qt.scenegraph.time.renderloop: [window 0x7f030130be40][gui thread] Frame prepared, polish=0 ms, lock=0 ms, blockedForSync=0 ms, animations=0 ms
2026-07-14 19:19:43.378 DEBUG qt.scenegraph.time.renderer: time in renderer: total=0ms, preprocess=0, updates=0, rendering=0
2026-07-14 19:19:43.384 DEBUG qt.scenegraph.time.renderloop: [window 0x7f030130be40][gui thread] polishAndSync: start, elapsed since last call: 6 ms
2026-07-14 19:19:43.384 DEBUG qt.scenegraph.time.renderloop: [window 0x7f030130be40][render thread 0x7f0301180040] syncAndRender: frame rendered in 6ms, sync=0, render=0, swap=6
2026-07-14 19:19:43.384 DEBUG qt.scenegraph.time.renderloop: [window 0x7f030130be40][render thread 0x7f0301180040] syncAndRender: start, elapsed since last call: 6 ms
2026-07-14 19:19:43.385 DEBUG qt.scenegraph.time.renderloop: [window 0x7f030130be40][gui thread] Frame prepared, polish=0 ms, lock=0 ms, blockedForSync=0 ms, animations=0 ms
2026-07-14 19:19:43.385 DEBUG qt.scenegraph.time.renderer: time in renderer: total=0ms, preprocess=0, updates=0, rendering=0
2026-07-14 19:19:43.391 DEBUG qt.scenegraph.time.renderloop: [window 0x7f030130be40][gui thread] polishAndSync: start, elapsed since last call: 6 ms
2026-07-14 19:19:43.391 DEBUG qt.scenegraph.time.renderloop: [window 0x7f030130be40][render thread 0x7f0301180040] syncAndRender: frame rendered in 6ms, sync=0, render=0, swap=6
2026-07-14 19:19:43.391 DEBUG qt.scenegraph.time.renderloop: [window 0x7f030130be40][render thread 0x7f0301180040] syncAndRender: start, elapsed since last call: 6 ms
2026-07-14 19:19:43.391 DEBUG qt.scenegraph.time.renderloop: [window 0x7f030130be40][gui thread] Frame prepared, polish=0 ms, lock=0 ms, blockedForSync=0 ms, animations=0 ms
2026-07-14 19:19:43.392 DEBUG qt.scenegraph.time.renderer: time in renderer: total=0ms, preprocess=0, updates=0, rendering=0
2026-07-14 19:19:43.398 DEBUG qt.scenegraph.time.renderloop: [window 0x7f030130be40][gui thread] polishAndSync: start, elapsed since last call: 6 ms
2026-07-14 19:19:43.398 DEBUG qt.scenegraph.time.renderloop: [window 0x7f030130be40][render thread 0x7f0301180040] syncAndRender: frame rendered in 6ms, sync=0, render=0, swap=6
2026-07-14 19:19:43.398 DEBUG qt.scenegraph.time.renderloop: [window 0x7f030130be40][render thread 0x7f0301180040] syncAndRender: start, elapsed since last call: 6 ms
2026-07-14 19:19:43.398 DEBUG qt.scenegraph.time.renderloop: [window 0x7f030130be40][gui thread] Frame prepared, polish=0 ms, lock=0 ms, blockedForSync=0 ms, animations=0 ms
2026-07-14 19:19:43.398 DEBUG qt.scenegraph.time.renderer: time in renderer: total=0ms, preprocess=0, updates=0, rendering=0
2026-07-14 19:19:43.405 DEBUG qt.scenegraph.time.renderloop: [window 0x7f030130be40][gui thread] polishAndSync: start, elapsed since last call: 6 ms
2026-07-14 19:19:43.405 DEBUG qt.scenegraph.time.renderloop: [window 0x7f030130be40][render thread 0x7f0301180040] syncAndRender: frame rendered in 6ms, sync=0, render=0, swap=6
2026-07-14 19:19:43.406 DEBUG qt.scenegraph.time.renderloop: [window 0x7f030130be40][render thread 0x7f0301180040] syncAndRender: start, elapsed since last call: 7 ms
2026-07-14 19:19:43.406 DEBUG qt.scenegraph.time.renderloop: [window 0x7f030130be40][gui thread] Frame prepared, polish=0 ms, lock=0 ms, blockedForSync=0 ms, animations=0 ms
2026-07-14 19:19:43.406 DEBUG qt.scenegraph.time.renderer: time in renderer: total=0ms, preprocess=0, updates=0, rendering=0
2026-07-14 19:19:43.412 DEBUG qt.scenegraph.time.renderloop: [window 0x7f030130be40][gui thread] polishAndSync: start, elapsed since last call: 7 ms
2026-07-14 19:19:43.412 DEBUG qt.scenegraph.time.renderloop: [window 0x7f030130be40][render thread 0x7f0301180040] syncAndRender: frame rendered in 6ms, sync=0, render=0, swap=6
2026-07-14 19:19:43.412 DEBUG qt.scenegraph.time.renderloop: [window 0x7f030130be40][render thread 0x7f0301180040] syncAndRender: start, elapsed since last call: 6 ms
2026-07-14 19:19:43.412 DEBUG qt.scenegraph.time.renderloop: [window 0x7f030130be40][gui thread] Frame prepared, polish=0 ms, lock=0 ms, blockedForSync=0 ms, animations=0 ms
2026-07-14 19:19:43.413 DEBUG qt.scenegraph.time.renderer: time in renderer: total=0ms, preprocess=0, updates=0, rendering=0
2026-07-14 19:19:43.419 DEBUG qt.scenegraph.time.renderloop: [window 0x7f030130be40][gui thread] polishAndSync: start, elapsed since last call: 6 ms
2026-07-14 19:19:43.419 DEBUG qt.scenegraph.time.renderloop: [window 0x7f030130be40][render thread 0x7f0301180040] syncAndRender: frame rendered in 6ms, sync=0, render=0, swap=6
2026-07-14 19:19:43.419 DEBUG qt.scenegraph.time.renderloop: [window 0x7f030130be40][render thread 0x7f0301180040] syncAndRender: start, elapsed since last call: 6 ms
2026-07-14 19:19:43.419 DEBUG qt.scenegraph.time.renderloop: [window 0x7f030130be40][gui thread] Frame prepared, polish=0 ms, lock=0 ms, blockedForSync=0 ms, animations=0 ms
2026-07-14 19:19:43.419 DEBUG qt.scenegraph.time.renderer: time in renderer: total=0ms, preprocess=0, updates=0, rendering=0
2026-07-14 19:19:43.426 DEBUG qt.scenegraph.time.renderloop: [window 0x7f030130be40][gui thread] polishAndSync: start, elapsed since last call: 6 ms
2026-07-14 19:19:43.426 DEBUG qt.scenegraph.time.renderloop: [window 0x7f030130be40][render thread 0x7f0301180040] syncAndRender: frame rendered in 6ms, sync=0, render=0, swap=6
2026-07-14 19:19:43.426 DEBUG qt.scenegraph.time.renderloop: [window 0x7f030130be40][render thread 0x7f0301180040] syncAndRender: start, elapsed since last call: 6 ms
2026-07-14 19:19:43.426 DEBUG qt.scenegraph.time.renderloop: [window 0x7f030130be40][gui thread] Frame prepared, polish=0 ms, lock=0 ms, blockedForSync=0 ms, animations=0 ms
2026-07-14 19:19:43.426 DEBUG qt.scenegraph.time.renderer: time in renderer: total=0ms, preprocess=0, updates=0, rendering=0
2026-07-14 19:19:43.433 DEBUG qt.scenegraph.time.renderloop: [window 0x7f030130be40][render thread 0x7f0301180040] syncAndRender: frame rendered in 7ms, sync=0, render=0, swap=7
2026-07-14 19:19:43.433 DEBUG qt.scenegraph.time.renderloop: [window 0x7f030130be40][gui thread] polishAndSync: start, elapsed since last call: 7 ms
2026-07-14 19:19:43.434 DEBUG qt.scenegraph.time.renderloop: [window 0x7f030130be40][render thread 0x7f0301180040] syncAndRender: start, elapsed since last call: 7 ms
2026-07-14 19:19:43.434 DEBUG qt.scenegraph.time.renderloop: [window 0x7f030130be40][gui thread] Frame prepared, polish=0 ms, lock=0 ms, blockedForSync=0 ms, animations=0 ms
2026-07-14 19:19:43.434 DEBUG qt.scenegraph.time.renderer: time in renderer: total=0ms, preprocess=0, updates=0, rendering=0
2026-07-14 19:19:43.440 DEBUG qt.scenegraph.time.renderloop: [window 0x7f030130be40][gui thread] polishAndSync: start, elapsed since last call: 6 ms
2026-07-14 19:19:43.440 DEBUG qt.scenegraph.time.renderloop: [window 0x7f030130be40][render thread 0x7f0301180040] syncAndRender: frame rendered in 6ms, sync=0, render=0, swap=6
2026-07-14 19:19:43.441 DEBUG qt.scenegraph.time.renderloop: [window 0x7f030130be40][render thread 0x7f0301180040] syncAndRender: start, elapsed since last call: 7 ms
2026-07-14 19:19:43.441 DEBUG qt.scenegraph.time.renderloop: [window 0x7f030130be40][gui thread] Frame prepared, polish=0 ms, lock=0 ms, blockedForSync=0 ms, animations=0 ms
2026-07-14 19:19:43.441 DEBUG qt.scenegraph.time.renderer: time in renderer: total=0ms, preprocess=0, updates=0, rendering=0
2026-07-14 19:19:43.447 DEBUG qt.scenegraph.time.renderloop: [window 0x7f030130be40][gui thread] polishAndSync: start, elapsed since last call: 6 ms
2026-07-14 19:19:43.447 DEBUG qt.scenegraph.time.renderloop: [window 0x7f030130be40][render thread 0x7f0301180040] syncAndRender: frame rendered in 6ms, sync=0, render=0, swap=6
2026-07-14 19:19:43.447 DEBUG qt.scenegraph.time.renderloop: [window 0x7f030130be40][render thread 0x7f0301180040] syncAndRender: start, elapsed since last call: 6 ms
2026-07-14 19:19:43.447 DEBUG qt.scenegraph.time.renderloop: [window 0x7f030130be40][gui thread] Frame prepared, polish=0 ms, lock=0 ms, blockedForSync=0 ms, animations=0 ms
2026-07-14 19:19:43.447 DEBUG qt.scenegraph.time.renderer: time in renderer: total=0ms, preprocess=0, updates=0, rendering=0
2026-07-14 19:19:43.454 DEBUG qt.scenegraph.time.renderloop: [window 0x7f030130be40][gui thread] polishAndSync: start, elapsed since last call: 7 ms
2026-07-14 19:19:43.454 DEBUG qt.scenegraph.time.renderloop: [window 0x7f030130be40][render thread 0x7f0301180040] syncAndRender: frame rendered in 7ms, sync=0, render=0, swap=6
2026-07-14 19:19:43.454 DEBUG qt.scenegraph.time.renderloop: [window 0x7f030130be40][render thread 0x7f0301180040] syncAndRender: start, elapsed since last call: 7 ms
2026-07-14 19:19:43.454 DEBUG qt.scenegraph.time.renderloop: [window 0x7f030130be40][gui thread] Frame prepared, polish=0 ms, lock=0 ms, blockedForSync=0 ms, animations=0 ms
2026-07-14 19:19:43.454 DEBUG qt.scenegraph.time.renderer: time in renderer: total=0ms, preprocess=0, updates=0, rendering=0
2026-07-14 19:19:43.461 DEBUG qt.scenegraph.time.renderloop: [window 0x7f030130be40][gui thread] polishAndSync: start, elapsed since last call: 6 ms
2026-07-14 19:19:43.461 DEBUG qt.scenegraph.time.renderloop: [window 0x7f030130be40][render thread 0x7f0301180040] syncAndRender: frame rendered in 6ms, sync=0, render=0, swap=6
2026-07-14 19:19:43.461 DEBUG qt.scenegraph.time.renderloop: [window 0x7f030130be40][render thread 0x7f0301180040] syncAndRender: start, elapsed since last call: 6 ms
2026-07-14 19:19:43.461 DEBUG qt.scenegraph.time.renderloop: [window 0x7f030130be40][gui thread] Frame prepared, polish=0 ms, lock=0 ms, blockedForSync=0 ms, animations=0 ms
2026-07-14 19:19:43.461 DEBUG qt.scenegraph.time.renderer: time in renderer: total=0ms, preprocess=0, updates=0, rendering=0
2026-07-14 19:19:43.468 DEBUG qt.scenegraph.time.renderloop: [window 0x7f030130be40][gui thread] polishAndSync: start, elapsed since last call: 7 ms
2026-07-14 19:19:43.468 DEBUG qt.scenegraph.time.renderloop: [window 0x7f030130be40][render thread 0x7f0301180040] syncAndRender: frame rendered in 7ms, sync=0, render=0, swap=7
2026-07-14 19:19:43.468 DEBUG qt.scenegraph.time.renderloop: [window 0x7f030130be40][render thread 0x7f0301180040] syncAndRender: start, elapsed since last call: 7 ms
2026-07-14 19:19:43.468 DEBUG qt.scenegraph.time.renderloop: [window 0x7f030130be40][gui thread] Frame prepared, polish=0 ms, lock=0 ms, blockedForSync=0 ms, animations=0 ms
2026-07-14 19:19:43.468 DEBUG qt.scenegraph.time.renderer: time in renderer: total=0ms, preprocess=0, updates=0, rendering=0
2026-07-14 19:19:43.475 DEBUG qt.scenegraph.time.renderloop: [window 0x7f030130be40][gui thread] polishAndSync: start, elapsed since last call: 6 ms
2026-07-14 19:19:43.475 DEBUG qt.scenegraph.time.renderloop: [window 0x7f030130be40][render thread 0x7f0301180040] syncAndRender: frame rendered in 6ms, sync=0, render=0, swap=6
2026-07-14 19:19:43.475 DEBUG qt.scenegraph.time.renderloop: [window 0x7f030130be40][render thread 0x7f0301180040] syncAndRender: start, elapsed since last call: 7 ms
2026-07-14 19:19:43.475 DEBUG qt.scenegraph.time.renderloop: [window 0x7f030130be40][gui thread] Frame prepared, polish=0 ms, lock=0 ms, blockedForSync=0 ms, animations=0 ms
2026-07-14 19:19:43.475 DEBUG qt.scenegraph.time.renderer: time in renderer: total=0ms, preprocess=0, updates=0, rendering=0
2026-07-14 19:19:43.482 DEBUG qt.scenegraph.time.renderloop: [window 0x7f030130be40][gui thread] polishAndSync: start, elapsed since last call: 6 ms
2026-07-14 19:19:43.482 DEBUG qt.scenegraph.time.renderloop: [window 0x7f030130be40][render thread 0x7f0301180040] syncAndRender: frame rendered in 6ms, sync=0, render=0, swap=6
2026-07-14 19:19:43.482 DEBUG qt.scenegraph.time.renderloop: [window 0x7f030130be40][render thread 0x7f0301180040] syncAndRender: start, elapsed since last call: 6 ms
2026-07-14 19:19:43.482 DEBUG qt.scenegraph.time.renderloop: [window 0x7f030130be40][gui thread] Frame prepared, polish=0 ms, lock=0 ms, blockedForSync=0 ms, animations=0 ms
2026-07-14 19:19:43.482 DEBUG qt.scenegraph.time.renderer: time in renderer: total=0ms, preprocess=0, updates=0, rendering=0
2026-07-14 19:19:43.489 DEBUG qt.scenegraph.time.renderloop: [window 0x7f030130be40][gui thread] polishAndSync: start, elapsed since last call: 6 ms
2026-07-14 19:19:43.489 DEBUG qt.scenegraph.time.renderloop: [window 0x7f030130be40][render thread 0x7f0301180040] syncAndRender: frame rendered in 6ms, sync=0, render=0, swap=6
2026-07-14 19:19:43.489 DEBUG qt.scenegraph.time.renderloop: [window 0x7f030130be40][render thread 0x7f0301180040] syncAndRender: start, elapsed since last call: 6 ms
2026-07-14 19:19:43.489 DEBUG qt.scenegraph.time.renderloop: [window 0x7f030130be40][gui thread] Frame prepared, polish=0 ms, lock=0 ms, blockedForSync=0 ms, animations=0 ms
2026-07-14 19:19:43.489 DEBUG qt.scenegraph.time.renderer: time in renderer: total=0ms, preprocess=0, updates=0, rendering=0
2026-07-14 19:19:43.496 DEBUG qt.scenegraph.time.renderloop: [window 0x7f030130be40][gui thread] polishAndSync: start, elapsed since last call: 6 ms
2026-07-14 19:19:43.496 DEBUG qt.scenegraph.time.renderloop: [window 0x7f030130be40][render thread 0x7f0301180040] syncAndRender: frame rendered in 6ms, sync=0, render=0, swap=6
2026-07-14 19:19:43.496 DEBUG qt.scenegraph.time.renderloop: [window 0x7f030130be40][render thread 0x7f0301180040] syncAndRender: start, elapsed since last call: 6 ms
2026-07-14 19:19:43.496 DEBUG qt.scenegraph.time.renderloop: [window 0x7f030130be40][gui thread] Frame prepared, polish=0 ms, lock=0 ms, blockedForSync=0 ms, animations=0 ms
2026-07-14 19:19:43.496 DEBUG qt.scenegraph.time.renderer: time in renderer: total=0ms, preprocess=0, updates=0, rendering=0
2026-07-14 19:19:43.503 DEBUG qt.scenegraph.time.renderloop: [window 0x7f030130be40][gui thread] polishAndSync: start, elapsed since last call: 7 ms
2026-07-14 19:19:43.503 DEBUG qt.scenegraph.time.renderloop: [window 0x7f030130be40][render thread 0x7f0301180040] syncAndRender: frame rendered in 7ms, sync=0, render=0, swap=7
2026-07-14 19:19:43.503 DEBUG qt.scenegraph.time.renderloop: [window 0x7f030130be40][render thread 0x7f0301180040] syncAndRender: start, elapsed since last call: 7 ms
2026-07-14 19:19:43.503 DEBUG qt.scenegraph.time.renderloop: [window 0x7f030130be40][gui thread] Frame prepared, polish=0 ms, lock=0 ms, blockedForSync=0 ms, animations=0 ms
2026-07-14 19:19:43.503 DEBUG qt.scenegraph.time.renderer: time in renderer: total=0ms, preprocess=0, updates=0, rendering=0
2026-07-14 19:19:43.510 DEBUG qt.scenegraph.time.renderloop: [window 0x7f030130be40][gui thread] polishAndSync: start, elapsed since last call: 6 ms
2026-07-14 19:19:43.510 DEBUG qt.scenegraph.time.renderloop: [window 0x7f030130be40][render thread 0x7f0301180040] syncAndRender: frame rendered in 6ms, sync=0, render=0, swap=6
2026-07-14 19:19:43.510 DEBUG qt.scenegraph.time.renderloop: [window 0x7f030130be40][render thread 0x7f0301180040] syncAndRender: start, elapsed since last call: 6 ms
2026-07-14 19:19:43.510 DEBUG qt.scenegraph.time.renderloop: [window 0x7f030130be40][gui thread] Frame prepared, polish=0 ms, lock=0 ms, blockedForSync=0 ms, animations=0 ms
2026-07-14 19:19:43.510 DEBUG qt.scenegraph.time.renderer: time in renderer: total=0ms, preprocess=0, updates=0, rendering=0
2026-07-14 19:19:43.517 DEBUG qt.scenegraph.time.renderloop: [window 0x7f030130be40][gui thread] polishAndSync: start, elapsed since last call: 6 ms
2026-07-14 19:19:43.517 DEBUG qt.scenegraph.time.renderloop: [window 0x7f030130be40][render thread 0x7f0301180040] syncAndRender: frame rendered in 6ms, sync=0, render=0, swap=6
2026-07-14 19:19:43.517 DEBUG qt.scenegraph.time.renderloop: [window 0x7f030130be40][render thread 0x7f0301180040] syncAndRender: start, elapsed since last call: 6 ms
2026-07-14 19:19:43.517 DEBUG qt.scenegraph.time.renderloop: [window 0x7f030130be40][gui thread] Frame prepared, polish=0 ms, lock=0 ms, blockedForSync=0 ms, animations=0 ms
2026-07-14 19:19:43.517 DEBUG qt.scenegraph.time.renderer: time in renderer: total=0ms, preprocess=0, updates=0, rendering=0
2026-07-14 19:19:43.524 DEBUG qt.scenegraph.time.renderloop: [window 0x7f030130be40][render thread 0x7f0301180040] syncAndRender: frame rendered in 7ms, sync=0, render=0, swap=7
2026-07-14 19:19:43.524 DEBUG qt.scenegraph.time.renderloop: [window 0x7f030130be40][gui thread] polishAndSync: start, elapsed since last call: 7 ms
2026-07-14 19:19:43.524 DEBUG qt.scenegraph.time.renderloop: [window 0x7f030130be40][render thread 0x7f0301180040] syncAndRender: start, elapsed since last call: 7 ms
2026-07-14 19:19:43.524 DEBUG qt.scenegraph.time.renderloop: [window 0x7f030130be40][gui thread] Frame prepared, polish=0 ms, lock=0 ms, blockedForSync=0 ms, animations=0 ms
2026-07-14 19:19:43.524 DEBUG qt.scenegraph.time.renderer: time in renderer: total=0ms, preprocess=0, updates=0, rendering=0
2026-07-14 19:19:43.531 DEBUG qt.scenegraph.time.renderloop: [window 0x7f030130be40][gui thread] polishAndSync: start, elapsed since last call: 6 ms
2026-07-14 19:19:43.531 DEBUG qt.scenegraph.time.renderloop: [window 0x7f030130be40][render thread 0x7f0301180040] syncAndRender: frame rendered in 6ms, sync=0, render=0, swap=6
2026-07-14 19:19:43.531 DEBUG qt.scenegraph.time.renderloop: [window 0x7f030130be40][render thread 0x7f0301180040] syncAndRender: start, elapsed since last call: 6 ms
2026-07-14 19:19:43.531 DEBUG qt.scenegraph.time.renderloop: [window 0x7f030130be40][gui thread] Frame prepared, polish=0 ms, lock=0 ms, blockedForSync=0 ms, animations=0 ms
2026-07-14 19:19:43.531 DEBUG qt.scenegraph.time.renderer: time in renderer: total=0ms, preprocess=0, updates=0, rendering=0
2026-07-14 19:19:43.537 DEBUG qt.scenegraph.time.renderloop: [window 0x7f030130be40][gui thread] polishAndSync: start, elapsed since last call: 6 ms
2026-07-14 19:19:43.537 DEBUG qt.scenegraph.time.renderloop: [window 0x7f030130be40][render thread 0x7f0301180040] syncAndRender: frame rendered in 6ms, sync=0, render=0, swap=6
2026-07-14 19:19:43.538 DEBUG qt.scenegraph.time.renderloop: [window 0x7f030130be40][render thread 0x7f0301180040] syncAndRender: start, elapsed since last call: 7 ms
2026-07-14 19:19:43.538 DEBUG qt.scenegraph.time.renderloop: [window 0x7f030130be40][gui thread] Frame prepared, polish=0 ms, lock=0 ms, blockedForSync=0 ms, animations=0 ms
2026-07-14 19:19:43.538 DEBUG qt.scenegraph.time.renderer: time in renderer: total=0ms, preprocess=0, updates=0, rendering=0
2026-07-14 19:19:43.544 DEBUG qt.scenegraph.time.renderloop: [window 0x7f030130be40][gui thread] polishAndSync: start, elapsed since last call: 7 ms
2026-07-14 19:19:43.544 DEBUG qt.scenegraph.time.renderloop: [window 0x7f030130be40][render thread 0x7f0301180040] syncAndRender: frame rendered in 6ms, sync=0, render=0, swap=6
2026-07-14 19:19:43.545 DEBUG qt.scenegraph.time.renderloop: [window 0x7f030130be40][render thread 0x7f0301180040] syncAndRender: start, elapsed since last call: 6 ms
2026-07-14 19:19:43.545 DEBUG qt.scenegraph.time.renderloop: [window 0x7f030130be40][gui thread] Frame prepared, polish=0 ms, lock=0 ms, blockedForSync=0 ms, animations=0 ms
2026-07-14 19:19:43.545 DEBUG qt.scenegraph.time.renderer: time in renderer: total=0ms, preprocess=0, updates=0, rendering=0
2026-07-14 19:19:43.551 DEBUG qt.scenegraph.time.renderloop: [window 0x7f030130be40][gui thread] polishAndSync: start, elapsed since last call: 6 ms
2026-07-14 19:19:43.551 DEBUG qt.scenegraph.time.renderloop: [window 0x7f030130be40][render thread 0x7f0301180040] syncAndRender: frame rendered in 6ms, sync=0, render=0, swap=6
2026-07-14 19:19:43.551 DEBUG qt.scenegraph.time.renderloop: [window 0x7f030130be40][render thread 0x7f0301180040] syncAndRender: start, elapsed since last call: 6 ms
2026-07-14 19:19:43.551 DEBUG qt.scenegraph.time.renderloop: [window 0x7f030130be40][gui thread] Frame prepared, polish=0 ms, lock=0 ms, blockedForSync=0 ms, animations=0 ms
2026-07-14 19:19:43.552 DEBUG qt.scenegraph.time.renderer: time in renderer: total=0ms, preprocess=0, updates=0, rendering=0
2026-07-14 19:19:43.558 DEBUG qt.scenegraph.time.renderloop: [window 0x7f030130be40][gui thread] polishAndSync: start, elapsed since last call: 6 ms
2026-07-14 19:19:43.558 DEBUG qt.scenegraph.time.renderloop: [window 0x7f030130be40][render thread 0x7f0301180040] syncAndRender: frame rendered in 6ms, sync=0, render=0, swap=6
2026-07-14 19:19:43.558 DEBUG qt.scenegraph.time.renderloop: [window 0x7f030130be40][render thread 0x7f0301180040] syncAndRender: start, elapsed since last call: 6 ms
2026-07-14 19:19:43.558 DEBUG qt.scenegraph.time.renderloop: [window 0x7f030130be40][gui thread] Frame prepared, polish=0 ms, lock=0 ms, blockedForSync=0 ms, animations=0 ms
2026-07-14 19:19:43.558 DEBUG qt.scenegraph.time.renderer: time in renderer: total=0ms, preprocess=0, updates=0, rendering=0
2026-07-14 19:19:43.565 DEBUG qt.scenegraph.time.renderloop: [window 0x7f030130be40][gui thread] polishAndSync: start, elapsed since last call: 6 ms
2026-07-14 19:19:43.565 DEBUG qt.scenegraph.time.renderloop: [window 0x7f030130be40][render thread 0x7f0301180040] syncAndRender: frame rendered in 6ms, sync=0, render=0, swap=6
2026-07-14 19:19:43.565 DEBUG qt.scenegraph.time.renderloop: [window 0x7f030130be40][render thread 0x7f0301180040] syncAndRender: start, elapsed since last call: 6 ms
2026-07-14 19:19:43.565 DEBUG qt.scenegraph.time.renderloop: [window 0x7f030130be40][gui thread] Frame prepared, polish=0 ms, lock=0 ms, blockedForSync=0 ms, animations=0 ms
2026-07-14 19:19:43.565 DEBUG qt.scenegraph.time.renderer: time in renderer: total=0ms, preprocess=0, updates=0, rendering=0
2026-07-14 19:19:43.572 DEBUG qt.scenegraph.time.renderloop: [window 0x7f030130be40][gui thread] polishAndSync: start, elapsed since last call: 7 ms
2026-07-14 19:19:43.572 DEBUG qt.scenegraph.time.renderloop: [window 0x7f030130be40][render thread 0x7f0301180040] syncAndRender: frame rendered in 7ms, sync=0, render=0, swap=7
2026-07-14 19:19:43.573 DEBUG qt.scenegraph.time.renderloop: [window 0x7f030130be40][render thread 0x7f0301180040] syncAndRender: start, elapsed since last call: 7 ms
2026-07-14 19:19:43.573 DEBUG qt.scenegraph.time.renderloop: [window 0x7f030130be40][gui thread] Frame prepared, polish=0 ms, lock=0 ms, blockedForSync=0 ms, animations=0 ms
2026-07-14 19:19:43.573 DEBUG qt.scenegraph.time.renderer: time in renderer: total=0ms, preprocess=0, updates=0, rendering=0
2026-07-14 19:19:43.579 DEBUG qt.scenegraph.time.renderloop: [window 0x7f030130be40][gui thread] polishAndSync: start, elapsed since last call: 6 ms
2026-07-14 19:19:43.579 DEBUG qt.scenegraph.time.renderloop: [window 0x7f030130be40][render thread 0x7f0301180040] syncAndRender: frame rendered in 6ms, sync=0, render=0, swap=6
2026-07-14 19:19:43.579 DEBUG qt.scenegraph.time.renderloop: [window 0x7f030130be40][render thread 0x7f0301180040] syncAndRender: start, elapsed since last call: 6 ms
2026-07-14 19:19:43.579 DEBUG qt.scenegraph.time.renderloop: [window 0x7f030130be40][gui thread] Frame prepared, polish=0 ms, lock=0 ms, blockedForSync=0 ms, animations=0 ms
2026-07-14 19:19:43.579 DEBUG qt.scenegraph.time.renderer: time in renderer: total=0ms, preprocess=0, updates=0, rendering=0
2026-07-14 19:19:43.586 DEBUG qt.scenegraph.time.renderloop: [window 0x7f030130be40][gui thread] polishAndSync: start, elapsed since last call: 7 ms
2026-07-14 19:19:43.586 DEBUG qt.scenegraph.time.renderloop: [window 0x7f030130be40][render thread 0x7f0301180040] syncAndRender: frame rendered in 7ms, sync=0, render=0, swap=7
2026-07-14 19:19:43.586 DEBUG qt.scenegraph.time.renderloop: [window 0x7f030130be40][render thread 0x7f0301180040] syncAndRender: start, elapsed since last call: 7 ms
2026-07-14 19:19:43.586 DEBUG qt.scenegraph.time.renderloop: [window 0x7f030130be40][gui thread] Frame prepared, polish=0 ms, lock=0 ms, blockedForSync=0 ms, animations=0 ms
2026-07-14 19:19:43.586 DEBUG qt.scenegraph.time.renderer: time in renderer: total=0ms, preprocess=0, updates=0, rendering=0
2026-07-14 19:19:43.593 DEBUG qt.scenegraph.time.renderloop: [window 0x7f030130be40][gui thread] polishAndSync: start, elapsed since last call: 6 ms
2026-07-14 19:19:43.593 DEBUG qt.scenegraph.time.renderloop: [window 0x7f030130be40][render thread 0x7f0301180040] syncAndRender: frame rendered in 6ms, sync=0, render=0, swap=6
2026-07-14 19:19:43.593 DEBUG qt.scenegraph.time.renderloop: [window 0x7f030130be40][render thread 0x7f0301180040] syncAndRender: start, elapsed since last call: 7 ms
2026-07-14 19:19:43.593 DEBUG qt.scenegraph.time.renderloop: [window 0x7f030130be40][gui thread] Frame prepared, polish=0 ms, lock=0 ms, blockedForSync=0 ms, animations=0 ms
2026-07-14 19:19:43.593 DEBUG qt.scenegraph.time.renderer: time in renderer: total=0ms, preprocess=0, updates=0, rendering=0
2026-07-14 19:19:43.600 DEBUG qt.scenegraph.time.renderloop: [window 0x7f030130be40][render thread 0x7f0301180040] syncAndRender: frame rendered in 6ms, sync=0, render=0, swap=6
2026-07-14 19:19:43.607 DEBUG qt.scenegraph.time.renderloop: [window 0x7f030130be40][gui thread] polishAndSync: start, elapsed since last call: 13 ms
2026-07-14 19:19:43.607 DEBUG qt.scenegraph.time.renderloop: [window 0x7f030130be40][render thread 0x7f0301180040] syncAndRender: start, elapsed since last call: 14 ms
2026-07-14 19:19:43.608 DEBUG qt.scenegraph.time.renderloop: [window 0x7f030130be40][gui thread] Frame prepared, polish=0 ms, lock=0 ms, blockedForSync=0 ms, animations=0 ms
2026-07-14 19:19:43.608 DEBUG qt.scenegraph.time.renderer: time in renderer: total=0ms, preprocess=0, updates=0, rendering=0
2026-07-14 19:19:43.608 DEBUG qt.scenegraph.time.renderloop: [window 0x7f030130be40][render thread 0x7f0301180040] syncAndRender: frame rendered in 0ms, sync=0, render=0, swap=0
2026-07-14 19:19:43.614 DEBUG qt.scenegraph.time.renderloop: [window 0x7f030130be40][gui thread] polishAndSync: start, elapsed since last call: 7 ms
2026-07-14 19:19:43.614 DEBUG qt.scenegraph.time.renderloop: [window 0x7f030130be40][render thread 0x7f0301180040] syncAndRender: start, elapsed since last call: 6 ms
2026-07-14 19:19:43.614 DEBUG qt.scenegraph.time.renderloop: [window 0x7f030130be40][gui thread] Frame prepared, polish=0 ms, lock=0 ms, blockedForSync=0 ms, animations=0 ms
2026-07-14 19:19:43.614 DEBUG qt.scenegraph.time.renderer: time in renderer: total=0ms, preprocess=0, updates=0, rendering=0
2026-07-14 19:19:43.615 DEBUG qt.scenegraph.time.renderloop: [window 0x7f030130be40][render thread 0x7f0301180040] syncAndRender: frame rendered in 0ms, sync=0, render=0, swap=0
2026-07-14 19:19:43.636 DEBUG qt.scenegraph.time.renderloop: [window 0x7f030130be40][gui thread] polishAndSync: start, elapsed since last call: 22 ms
2026-07-14 19:19:43.637 DEBUG qt.scenegraph.time.renderloop: [window 0x7f030130be40][render thread 0x7f0301180040] syncAndRender: start, elapsed since last call: 22 ms
2026-07-14 19:19:43.637 DEBUG qt.scenegraph.time.renderloop: [window 0x7f030130be40][gui thread] Frame prepared, polish=0 ms, lock=0 ms, blockedForSync=0 ms, animations=0 ms
2026-07-14 19:19:43.637 DEBUG qt.scenegraph.time.renderer: time in renderer: total=0ms, preprocess=0, updates=0, rendering=0
2026-07-14 19:19:43.637 DEBUG qt.scenegraph.time.renderloop: [window 0x7f030130be40][render thread 0x7f0301180040] syncAndRender: frame rendered in 0ms, sync=0, render=0, swap=0
2026-07-14 19:19:43.642 DEBUG qt.scenegraph.time.renderloop: [window 0x7f030130be40][gui thread] polishAndSync: start, elapsed since last call: 5 ms
2026-07-14 19:19:43.642 DEBUG qt.scenegraph.time.renderloop: [window 0x7f030130be40][render thread 0x7f0301180040] syncAndRender: start, elapsed since last call: 5 ms
2026-07-14 19:19:43.642 DEBUG qt.scenegraph.time.renderloop: [window 0x7f030130be40][gui thread] Frame prepared, polish=0 ms, lock=0 ms, blockedForSync=0 ms, animations=0 ms
2026-07-14 19:19:43.642 DEBUG qt.scenegraph.time.renderer: time in renderer: total=0ms, preprocess=0, updates=0, rendering=0
2026-07-14 19:19:43.642 DEBUG qt.scenegraph.time.renderloop: [window 0x7f030130be40][render thread 0x7f0301180040] syncAndRender: frame rendered in 0ms, sync=0, render=0, swap=0
2026-07-14 19:19:43.669 DEBUG qt.scenegraph.time.renderloop: [window 0x7f030130be40][gui thread] polishAndSync: start, elapsed since last call: 27 ms
2026-07-14 19:19:43.669 DEBUG qt.scenegraph.time.renderloop: [window 0x7f030130be40][render thread 0x7f0301180040] syncAndRender: start, elapsed since last call: 27 ms
2026-07-14 19:19:43.669 DEBUG qt.scenegraph.time.renderloop: [window 0x7f030130be40][gui thread] Frame prepared, polish=0 ms, lock=0 ms, blockedForSync=0 ms, animations=0 ms
2026-07-14 19:19:43.669 DEBUG qt.scenegraph.time.renderer: time in renderer: total=0ms, preprocess=0, updates=0, rendering=0
2026-07-14 19:19:43.670 DEBUG qt.scenegraph.time.renderloop: [window 0x7f030130be40][render thread 0x7f0301180040] syncAndRender: frame rendered in 0ms, sync=0, render=0, swap=0
2026-07-14 19:19:43.676 DEBUG qt.scenegraph.time.renderloop: [window 0x7f030130be40][gui thread] polishAndSync: start, elapsed since last call: 7 ms
2026-07-14 19:19:43.676 DEBUG qt.scenegraph.time.renderloop: [window 0x7f030130be40][render thread 0x7f0301180040] syncAndRender: start, elapsed since last call: 7 ms
2026-07-14 19:19:43.677 DEBUG qt.scenegraph.time.renderloop: [window 0x7f030130be40][gui thread] Frame prepared, polish=0 ms, lock=0 ms, blockedForSync=0 ms, animations=0 ms
2026-07-14 19:19:43.677 DEBUG qt.scenegraph.time.renderer: time in renderer: total=0ms, preprocess=0, updates=0, rendering=0
2026-07-14 19:19:43.677 DEBUG qt.scenegraph.time.renderloop: [window 0x7f030130be40][render thread 0x7f0301180040] syncAndRender: frame rendered in 0ms, sync=0, render=0, swap=0
2026-07-14 19:19:43.703 DEBUG qt.scenegraph.time.renderloop: [window 0x7f030130be40][gui thread] polishAndSync: start, elapsed since last call: 26 ms
2026-07-14 19:19:43.703 DEBUG qt.scenegraph.time.renderloop: [window 0x7f030130be40][render thread 0x7f0301180040] syncAndRender: start, elapsed since last call: 26 ms
2026-07-14 19:19:43.703 DEBUG qt.scenegraph.time.renderloop: [window 0x7f030130be40][gui thread] Frame prepared, polish=0 ms, lock=0 ms, blockedForSync=0 ms, animations=0 ms
2026-07-14 19:19:43.703 DEBUG qt.scenegraph.time.renderer: time in renderer: total=0ms, preprocess=0, updates=0, rendering=0
2026-07-14 19:19:43.703 DEBUG qt.scenegraph.time.renderloop: [window 0x7f030130be40][render thread 0x7f0301180040] syncAndRender: frame rendered in 0ms, sync=0, render=0, swap=0
2026-07-14 19:19:43.704 DEBUG qt.scenegraph.time.renderloop: [window 0x7f030130be40][gui thread] polishAndSync: start, elapsed since last call: 1 ms
2026-07-14 19:19:43.704 DEBUG qt.scenegraph.time.renderloop: [window 0x7f030130be40][render thread 0x7f0301180040] syncAndRender: start, elapsed since last call: 1 ms
2026-07-14 19:19:43.704 DEBUG qt.scenegraph.time.renderloop: [window 0x7f030130be40][gui thread] Frame prepared, polish=0 ms, lock=0 ms, blockedForSync=0 ms, animations=0 ms
2026-07-14 19:19:43.704 DEBUG qt.scenegraph.time.renderer: time in renderer: total=0ms, preprocess=0, updates=0, rendering=0
2026-07-14 19:19:43.704 DEBUG qt.scenegraph.time.renderloop: [window 0x7f030130be40][render thread 0x7f0301180040] syncAndRender: frame rendered in 0ms, sync=0, render=0, swap=0
2026-07-14 19:19:43.736 DEBUG qt.scenegraph.time.renderloop: [window 0x7f030130be40][gui thread] polishAndSync: start, elapsed since last call: 31 ms
2026-07-14 19:19:43.736 DEBUG qt.scenegraph.time.renderloop: [window 0x7f030130be40][render thread 0x7f0301180040] syncAndRender: start, elapsed since last call: 31 ms
2026-07-14 19:19:43.736 DEBUG qt.scenegraph.time.renderloop: [window 0x7f030130be40][gui thread] Frame prepared, polish=0 ms, lock=0 ms, blockedForSync=0 ms, animations=0 ms
2026-07-14 19:19:43.736 DEBUG qt.scenegraph.time.renderer: time in renderer: total=0ms, preprocess=0, updates=0, rendering=0
2026-07-14 19:19:43.736 DEBUG qt.scenegraph.time.renderloop: [window 0x7f030130be40][render thread 0x7f0301180040] syncAndRender: frame rendered in 0ms, sync=0, render=0, swap=0
2026-07-14 19:19:43.739 DEBUG qt.scenegraph.time.renderloop: [window 0x7f030130be40][gui thread] polishAndSync: start, elapsed since last call: 3 ms
2026-07-14 19:19:43.739 DEBUG qt.scenegraph.time.renderloop: [window 0x7f030130be40][render thread 0x7f0301180040] syncAndRender: start, elapsed since last call: 3 ms
2026-07-14 19:19:43.739 DEBUG qt.scenegraph.time.renderloop: [window 0x7f030130be40][gui thread] Frame prepared, polish=0 ms, lock=0 ms, blockedForSync=0 ms, animations=0 ms
2026-07-14 19:19:43.739 DEBUG qt.scenegraph.time.renderer: time in renderer: total=0ms, preprocess=0, updates=0, rendering=0
2026-07-14 19:19:43.739 DEBUG qt.scenegraph.time.renderloop: [window 0x7f030130be40][render thread 0x7f0301180040] syncAndRender: frame rendered in 0ms, sync=0, render=0, swap=0
2026-07-14 19:19:43.768 DEBUG qt.scenegraph.time.renderloop: [window 0x7f030130be40][gui thread] polishAndSync: start, elapsed since last call: 29 ms
2026-07-14 19:19:43.769 DEBUG qt.scenegraph.time.renderloop: [window 0x7f030130be40][render thread 0x7f0301180040] syncAndRender: start, elapsed since last call: 29 ms
2026-07-14 19:19:43.769 DEBUG qt.scenegraph.time.renderloop: [window 0x7f030130be40][gui thread] Frame prepared, polish=0 ms, lock=0 ms, blockedForSync=0 ms, animations=0 ms
2026-07-14 19:19:43.769 DEBUG qt.scenegraph.time.renderer: time in renderer: total=0ms, preprocess=0, updates=0, rendering=0
2026-07-14 19:19:43.769 DEBUG qt.scenegraph.time.renderloop: [window 0x7f030130be40][render thread 0x7f0301180040] syncAndRender: frame rendered in 0ms, sync=0, render=0, swap=0
2026-07-14 19:19:43.769 DEBUG qt.scenegraph.time.renderloop: [window 0x7f030130be40][gui thread] polishAndSync: start, elapsed since last call: 1 ms
2026-07-14 19:19:43.769 DEBUG qt.scenegraph.time.renderloop: [window 0x7f030130be40][render thread 0x7f0301180040] syncAndRender: start, elapsed since last call: 0 ms
2026-07-14 19:19:43.769 DEBUG qt.scenegraph.time.renderloop: [window 0x7f030130be40][gui thread] Frame prepared, polish=0 ms, lock=0 ms, blockedForSync=0 ms, animations=0 ms
2026-07-14 19:19:43.769 DEBUG qt.scenegraph.time.renderer: time in renderer: total=0ms, preprocess=0, updates=0, rendering=0
2026-07-14 19:19:43.770 DEBUG qt.scenegraph.time.renderloop: [window 0x7f030130be40][render thread 0x7f0301180040] syncAndRender: frame rendered in 0ms, sync=0, render=0, swap=0
2026-07-14 19:19:43.801 DEBUG qt.scenegraph.time.renderloop: [window 0x7f030130be40][gui thread] polishAndSync: start, elapsed since last call: 31 ms
2026-07-14 19:19:43.801 DEBUG qt.scenegraph.time.renderloop: [window 0x7f030130be40][render thread 0x7f0301180040] syncAndRender: start, elapsed since last call: 31 ms
2026-07-14 19:19:43.801 DEBUG qt.scenegraph.time.renderloop: [window 0x7f030130be40][gui thread] Frame prepared, polish=0 ms, lock=0 ms, blockedForSync=0 ms, animations=0 ms
2026-07-14 19:19:43.801 DEBUG qt.scenegraph.time.renderer: time in renderer: total=0ms, preprocess=0, updates=0, rendering=0
2026-07-14 19:19:43.802 DEBUG qt.scenegraph.time.renderloop: [window 0x7f030130be40][render thread 0x7f0301180040] syncAndRender: frame rendered in 0ms, sync=0, render=0, swap=0
2026-07-14 19:19:43.802 DEBUG qt.scenegraph.time.renderloop: [window 0x7f030130be40][gui thread] polishAndSync: start, elapsed since last call: 1 ms
2026-07-14 19:19:43.802 DEBUG qt.scenegraph.time.renderloop: [window 0x7f030130be40][render thread 0x7f0301180040] syncAndRender: start, elapsed since last call: 0 ms
2026-07-14 19:19:43.802 DEBUG qt.scenegraph.time.renderloop: [window 0x7f030130be40][gui thread] Frame prepared, polish=0 ms, lock=0 ms, blockedForSync=0 ms, animations=0 ms
2026-07-14 19:19:43.802 DEBUG qt.scenegraph.time.renderer: time in renderer: total=0ms, preprocess=0, updates=0, rendering=0
2026-07-14 19:19:43.802 DEBUG qt.scenegraph.time.renderloop: [window 0x7f030130be40][render thread 0x7f0301180040] syncAndRender: frame rendered in 0ms, sync=0, render=0, swap=0
2026-07-14 19:19:43.835 DEBUG qt.scenegraph.time.renderloop: [window 0x7f030130be40][gui thread] polishAndSync: start, elapsed since last call: 32 ms
2026-07-14 19:19:43.835 DEBUG qt.scenegraph.time.renderloop: [window 0x7f030130be40][render thread 0x7f0301180040] syncAndRender: start, elapsed since last call: 32 ms
2026-07-14 19:19:43.835 DEBUG qt.scenegraph.time.renderloop: [window 0x7f030130be40][gui thread] Frame prepared, polish=0 ms, lock=0 ms, blockedForSync=0 ms, animations=0 ms
2026-07-14 19:19:43.835 DEBUG qt.scenegraph.time.renderer: time in renderer: total=0ms, preprocess=0, updates=0, rendering=0
2026-07-14 19:19:43.835 DEBUG qt.scenegraph.time.renderloop: [window 0x7f030130be40][render thread 0x7f0301180040] syncAndRender: frame rendered in 0ms, sync=0, render=0, swap=0
2026-07-14 19:19:43.836 DEBUG qt.scenegraph.time.renderloop: [window 0x7f030130be40][gui thread] polishAndSync: start, elapsed since last call: 1 ms
2026-07-14 19:19:43.836 DEBUG qt.scenegraph.time.renderloop: [window 0x7f030130be40][render thread 0x7f0301180040] syncAndRender: start, elapsed since last call: 1 ms
2026-07-14 19:19:43.836 DEBUG qt.scenegraph.time.renderloop: [window 0x7f030130be40][gui thread] Frame prepared, polish=0 ms, lock=0 ms, blockedForSync=0 ms, animations=0 ms
2026-07-14 19:19:43.836 DEBUG qt.scenegraph.time.renderer: time in renderer: total=0ms, preprocess=0, updates=0, rendering=0
2026-07-14 19:19:43.837 DEBUG qt.scenegraph.time.renderloop: [window 0x7f030130be40][render thread 0x7f0301180040] syncAndRender: frame rendered in 0ms, sync=0, render=0, swap=0
2026-07-14 19:19:43.867 DEBUG qt.scenegraph.time.renderloop: [window 0x7f030130be40][gui thread] polishAndSync: start, elapsed since last call: 30 ms
2026-07-14 19:19:43.868 DEBUG qt.scenegraph.time.renderloop: [window 0x7f030130be40][render thread 0x7f0301180040] syncAndRender: start, elapsed since last call: 31 ms
2026-07-14 19:19:43.868 DEBUG qt.scenegraph.time.renderloop: [window 0x7f030130be40][gui thread] Frame prepared, polish=0 ms, lock=0 ms, blockedForSync=0 ms, animations=0 ms
2026-07-14 19:19:43.868 DEBUG qt.scenegraph.time.renderer: time in renderer: total=0ms, preprocess=0, updates=0, rendering=0
2026-07-14 19:19:43.868 DEBUG qt.scenegraph.time.renderloop: [window 0x7f030130be40][render thread 0x7f0301180040] syncAndRender: frame rendered in 0ms, sync=0, render=0, swap=0
2026-07-14 19:19:43.871 DEBUG qt.scenegraph.time.renderloop: [window 0x7f030130be40][gui thread] polishAndSync: start, elapsed since last call: 3 ms
2026-07-14 19:19:43.871 DEBUG qt.scenegraph.time.renderloop: [window 0x7f030130be40][render thread 0x7f0301180040] syncAndRender: start, elapsed since last call: 3 ms
2026-07-14 19:19:43.871 DEBUG qt.scenegraph.time.renderloop: [window 0x7f030130be40][gui thread] Frame prepared, polish=0 ms, lock=0 ms, blockedForSync=0 ms, animations=0 ms
2026-07-14 19:19:43.871 DEBUG qt.scenegraph.time.renderer: time in renderer: total=0ms, preprocess=0, updates=0, rendering=0
2026-07-14 19:19:43.872 DEBUG qt.scenegraph.time.renderloop: [window 0x7f030130be40][render thread 0x7f0301180040] syncAndRender: frame rendered in 0ms, sync=0, render=0, swap=0
2026-07-14 19:19:43.900 DEBUG qt.scenegraph.time.renderloop: [window 0x7f030130be40][gui thread] polishAndSync: start, elapsed since last call: 29 ms
2026-07-14 19:19:43.901 DEBUG qt.scenegraph.time.renderloop: [window 0x7f030130be40][render thread 0x7f0301180040] syncAndRender: start, elapsed since last call: 29 ms
2026-07-14 19:19:43.901 DEBUG qt.scenegraph.time.renderloop: [window 0x7f030130be40][gui thread] Frame prepared, polish=0 ms, lock=0 ms, blockedForSync=0 ms, animations=0 ms
2026-07-14 19:19:43.901 DEBUG qt.scenegraph.time.renderer: time in renderer: total=0ms, preprocess=0, updates=0, rendering=0
2026-07-14 19:19:43.901 DEBUG qt.scenegraph.time.renderloop: [window 0x7f030130be40][render thread 0x7f0301180040] syncAndRender: frame rendered in 0ms, sync=0, render=0, swap=0
2026-07-14 19:19:43.906 DEBUG qt.scenegraph.time.renderloop: [window 0x7f030130be40][gui thread] polishAndSync: start, elapsed since last call: 5 ms
2026-07-14 19:19:43.906 DEBUG qt.scenegraph.time.renderloop: [window 0x7f030130be40][render thread 0x7f0301180040] syncAndRender: start, elapsed since last call: 5 ms
2026-07-14 19:19:43.906 DEBUG qt.scenegraph.time.renderloop: [window 0x7f030130be40][gui thread] Frame prepared, polish=0 ms, lock=0 ms, blockedForSync=0 ms, animations=0 ms
2026-07-14 19:19:43.906 DEBUG qt.scenegraph.time.renderer: time in renderer: total=0ms, preprocess=0, updates=0, rendering=0
2026-07-14 19:19:43.907 DEBUG qt.scenegraph.time.renderloop: [window 0x7f030130be40][render thread 0x7f0301180040] syncAndRender: frame rendered in 0ms, sync=0, render=0, swap=0
2026-07-14 19:19:43.933 DEBUG qt.scenegraph.time.renderloop: [window 0x7f030130be40][gui thread] polishAndSync: start, elapsed since last call: 26 ms
2026-07-14 19:19:43.933 DEBUG qt.scenegraph.time.renderloop: [window 0x7f030130be40][render thread 0x7f0301180040] syncAndRender: start, elapsed since last call: 27 ms
2026-07-14 19:19:43.933 DEBUG qt.scenegraph.time.renderloop: [window 0x7f030130be40][gui thread] Frame prepared, polish=0 ms, lock=0 ms, blockedForSync=0 ms, animations=0 ms
2026-07-14 19:19:43.933 DEBUG qt.scenegraph.time.renderer: time in renderer: total=0ms, preprocess=0, updates=0, rendering=0
2026-07-14 19:19:43.934 DEBUG qt.scenegraph.time.renderloop: [window 0x7f030130be40][render thread 0x7f0301180040] syncAndRender: frame rendered in 0ms, sync=0, render=0, swap=0
2026-07-14 19:19:43.941 DEBUG qt.scenegraph.time.renderloop: [window 0x7f030130be40][gui thread] polishAndSync: start, elapsed since last call: 7 ms
2026-07-14 19:19:43.941 DEBUG qt.scenegraph.time.renderloop: [window 0x7f030130be40][render thread 0x7f0301180040] syncAndRender: start, elapsed since last call: 7 ms
2026-07-14 19:19:43.941 DEBUG qt.scenegraph.time.renderloop: [window 0x7f030130be40][gui thread] Frame prepared, polish=0 ms, lock=0 ms, blockedForSync=0 ms, animations=0 ms
2026-07-14 19:19:43.941 DEBUG qt.scenegraph.time.renderer: time in renderer: total=0ms, preprocess=0, updates=0, rendering=0
2026-07-14 19:19:43.941 DEBUG qt.scenegraph.time.renderloop: [window 0x7f030130be40][render thread 0x7f0301180040] syncAndRender: frame rendered in 0ms, sync=0, render=0, swap=0
2026-07-14 19:19:43.967 DEBUG qt.scenegraph.time.renderloop: [window 0x7f030130be40][gui thread] polishAndSync: start, elapsed since last call: 26 ms
2026-07-14 19:19:43.967 DEBUG qt.scenegraph.time.renderloop: [window 0x7f030130be40][render thread 0x7f0301180040] syncAndRender: start, elapsed since last call: 26 ms
2026-07-14 19:19:43.967 DEBUG qt.scenegraph.time.renderloop: [window 0x7f030130be40][gui thread] Frame prepared, polish=0 ms, lock=0 ms, blockedForSync=0 ms, animations=0 ms
2026-07-14 19:19:43.967 DEBUG qt.scenegraph.time.renderer: time in renderer: total=0ms, preprocess=0, updates=0, rendering=0
2026-07-14 19:19:43.968 DEBUG qt.scenegraph.time.renderloop: [window 0x7f030130be40][render thread 0x7f0301180040] syncAndRender: frame rendered in 0ms, sync=0, render=0, swap=0
2026-07-14 19:19:43.968 DEBUG qt.scenegraph.time.renderloop: [window 0x7f030130be40][gui thread] polishAndSync: start, elapsed since last call: 1 ms
2026-07-14 19:19:43.968 DEBUG qt.scenegraph.time.renderloop: [window 0x7f030130be40][render thread 0x7f0301180040] syncAndRender: start, elapsed since last call: 1 ms
2026-07-14 19:19:43.969 DEBUG qt.scenegraph.time.renderloop: [window 0x7f030130be40][gui thread] Frame prepared, polish=0 ms, lock=0 ms, blockedForSync=0 ms, animations=0 ms
2026-07-14 19:19:43.969 DEBUG qt.scenegraph.time.renderer: time in renderer: total=0ms, preprocess=0, updates=0, rendering=0
2026-07-14 19:19:43.969 DEBUG qt.scenegraph.time.renderloop: [window 0x7f030130be40][render thread 0x7f0301180040] syncAndRender: frame rendered in 0ms, sync=0, render=0, swap=0
2026-07-14 19:19:43.999 DEBUG qt.scenegraph.time.renderloop: [window 0x7f030130be40][gui thread] polishAndSync: start, elapsed since last call: 30 ms
2026-07-14 19:19:44.000 DEBUG qt.scenegraph.time.renderloop: [window 0x7f030130be40][render thread 0x7f0301180040] syncAndRender: start, elapsed since last call: 31 ms
2026-07-14 19:19:44.000 DEBUG qt.scenegraph.time.renderloop: [window 0x7f030130be40][gui thread] Frame prepared, polish=0 ms, lock=0 ms, blockedForSync=0 ms, animations=0 ms
2026-07-14 19:19:44.000 DEBUG qt.scenegraph.time.renderer: time in renderer: total=0ms, preprocess=0, updates=0, rendering=0
2026-07-14 19:19:44.000 DEBUG qt.scenegraph.time.renderloop: [window 0x7f030130be40][render thread 0x7f0301180040] syncAndRender: frame rendered in 0ms, sync=0, render=0, swap=0
2026-07-14 19:19:44.003 DEBUG qt.scenegraph.time.renderloop: [window 0x7f030130be40][gui thread] polishAndSync: start, elapsed since last call: 3 ms
2026-07-14 19:19:44.003 DEBUG qt.scenegraph.time.renderloop: [window 0x7f030130be40][render thread 0x7f0301180040] syncAndRender: start, elapsed since last call: 3 ms
2026-07-14 19:19:44.003 DEBUG qt.scenegraph.time.renderloop: [window 0x7f030130be40][gui thread] Frame prepared, polish=0 ms, lock=0 ms, blockedForSync=0 ms, animations=0 ms
2026-07-14 19:19:44.003 DEBUG qt.scenegraph.time.renderer: time in renderer: total=0ms, preprocess=0, updates=0, rendering=0
2026-07-14 19:19:44.003 DEBUG qt.scenegraph.time.renderloop: [window 0x7f030130be40][render thread 0x7f0301180040] syncAndRender: frame rendered in 0ms, sync=0, render=0, swap=0
2026-07-14 19:19:44.032 DEBUG qt.scenegraph.time.renderloop: [window 0x7f030130be40][gui thread] polishAndSync: start, elapsed since last call: 29 ms
2026-07-14 19:19:44.033 DEBUG qt.scenegraph.time.renderloop: [window 0x7f030130be40][render thread 0x7f0301180040] syncAndRender: start, elapsed since last call: 29 ms
2026-07-14 19:19:44.033 DEBUG qt.scenegraph.time.renderloop: [window 0x7f030130be40][gui thread] Frame prepared, polish=0 ms, lock=0 ms, blockedForSync=0 ms, animations=0 ms
2026-07-14 19:19:44.033 DEBUG qt.scenegraph.time.renderer: time in renderer: total=0ms, preprocess=0, updates=0, rendering=0
2026-07-14 19:19:44.033 DEBUG qt.scenegraph.time.renderloop: [window 0x7f030130be40][render thread 0x7f0301180040] syncAndRender: frame rendered in 0ms, sync=0, render=0, swap=0
2026-07-14 19:19:44.038 DEBUG qt.scenegraph.time.renderloop: [window 0x7f030130be40][gui thread] polishAndSync: start, elapsed since last call: 5 ms
2026-07-14 19:19:44.038 DEBUG qt.scenegraph.time.renderloop: [window 0x7f030130be40][render thread 0x7f0301180040] syncAndRender: start, elapsed since last call: 5 ms
2026-07-14 19:19:44.038 DEBUG qt.scenegraph.time.renderloop: [window 0x7f030130be40][gui thread] Frame prepared, polish=0 ms, lock=0 ms, blockedForSync=0 ms, animations=0 ms
2026-07-14 19:19:44.038 DEBUG qt.scenegraph.time.renderer: time in renderer: total=0ms, preprocess=0, updates=0, rendering=0
2026-07-14 19:19:44.038 DEBUG qt.scenegraph.time.renderloop: [window 0x7f030130be40][render thread 0x7f0301180040] syncAndRender: frame rendered in 0ms, sync=0, render=0, swap=0
2026-07-14 19:19:44.065 DEBUG qt.scenegraph.time.renderloop: [window 0x7f030130be40][gui thread] polishAndSync: start, elapsed since last call: 27 ms
2026-07-14 19:19:44.065 DEBUG qt.scenegraph.time.renderloop: [window 0x7f030130be40][render thread 0x7f0301180040] syncAndRender: start, elapsed since last call: 27 ms
2026-07-14 19:19:44.065 DEBUG qt.scenegraph.time.renderloop: [window 0x7f030130be40][gui thread] Frame prepared, polish=0 ms, lock=0 ms, blockedForSync=0 ms, animations=0 ms
2026-07-14 19:19:44.065 DEBUG qt.scenegraph.time.renderer: time in renderer: total=0ms, preprocess=0, updates=0, rendering=0
2026-07-14 19:19:44.066 DEBUG qt.scenegraph.time.renderloop: [window 0x7f030130be40][render thread 0x7f0301180040] syncAndRender: frame rendered in 0ms, sync=0, render=0, swap=0
2026-07-14 19:19:44.073 DEBUG qt.scenegraph.time.renderloop: [window 0x7f030130be40][gui thread] polishAndSync: start, elapsed since last call: 7 ms
2026-07-14 19:19:44.073 DEBUG qt.scenegraph.time.renderloop: [window 0x7f030130be40][render thread 0x7f0301180040] syncAndRender: start, elapsed since last call: 7 ms
2026-07-14 19:19:44.073 DEBUG qt.scenegraph.time.renderloop: [window 0x7f030130be40][gui thread] Frame prepared, polish=0 ms, lock=0 ms, blockedForSync=0 ms, animations=0 ms
2026-07-14 19:19:44.073 DEBUG qt.scenegraph.time.renderer: time in renderer: total=0ms, preprocess=0, updates=0, rendering=0
2026-07-14 19:19:44.073 DEBUG qt.scenegraph.time.renderloop: [window 0x7f030130be40][render thread 0x7f0301180040] syncAndRender: frame rendered in 0ms, sync=0, render=0, swap=0
2026-07-14 19:19:44.099 DEBUG qt.scenegraph.time.renderloop: [window 0x7f030130be40][gui thread] polishAndSync: start, elapsed since last call: 25 ms
2026-07-14 19:19:44.099 DEBUG qt.scenegraph.time.renderloop: [window 0x7f030130be40][render thread 0x7f0301180040] syncAndRender: start, elapsed since last call: 26 ms
2026-07-14 19:19:44.099 DEBUG qt.scenegraph.time.renderloop: [window 0x7f030130be40][gui thread] Frame prepared, polish=0 ms, lock=0 ms, blockedForSync=0 ms, animations=0 ms
2026-07-14 19:19:44.099 DEBUG qt.scenegraph.time.renderer: time in renderer: total=0ms, preprocess=0, updates=0, rendering=0
2026-07-14 19:19:44.099 DEBUG qt.scenegraph.time.renderloop: [window 0x7f030130be40][render thread 0x7f0301180040] syncAndRender: frame rendered in 0ms, sync=0, render=0, swap=0
2026-07-14 19:19:44.100 DEBUG qt.scenegraph.time.renderloop: [window 0x7f030130be40][gui thread] polishAndSync: start, elapsed since last call: 1 ms
2026-07-14 19:19:44.100 DEBUG qt.scenegraph.time.renderloop: [window 0x7f030130be40][render thread 0x7f0301180040] syncAndRender: start, elapsed since last call: 1 ms
2026-07-14 19:19:44.100 DEBUG qt.scenegraph.time.renderloop: [window 0x7f030130be40][gui thread] Frame prepared, polish=0 ms, lock=0 ms, blockedForSync=0 ms, animations=0 ms
2026-07-14 19:19:44.100 DEBUG qt.scenegraph.time.renderer: time in renderer: total=0ms, preprocess=0, updates=0, rendering=0
2026-07-14 19:19:44.101 DEBUG qt.scenegraph.time.renderloop: [window 0x7f030130be40][render thread 0x7f0301180040] syncAndRender: frame rendered in 0ms, sync=0, render=0, swap=0
2026-07-14 19:19:44.131 DEBUG qt.scenegraph.time.renderloop: [window 0x7f030130be40][gui thread] polishAndSync: start, elapsed since last call: 31 ms
2026-07-14 19:19:44.132 DEBUG qt.scenegraph.time.renderloop: [window 0x7f030130be40][render thread 0x7f0301180040] syncAndRender: start, elapsed since last call: 31 ms
2026-07-14 19:19:44.132 DEBUG qt.scenegraph.time.renderloop: [window 0x7f030130be40][gui thread] Frame prepared, polish=0 ms, lock=0 ms, blockedForSync=0 ms, animations=0 ms
2026-07-14 19:19:44.132 DEBUG qt.scenegraph.time.renderer: time in renderer: total=0ms, preprocess=0, updates=0, rendering=0
2026-07-14 19:19:44.132 DEBUG qt.scenegraph.time.renderloop: [window 0x7f030130be40][render thread 0x7f0301180040] syncAndRender: frame rendered in 0ms, sync=0, render=0, swap=0
2026-07-14 19:19:44.135 DEBUG qt.scenegraph.time.renderloop: [window 0x7f030130be40][gui thread] polishAndSync: start, elapsed since last call: 3 ms
2026-07-14 19:19:44.135 DEBUG qt.scenegraph.time.renderloop: [window 0x7f030130be40][render thread 0x7f0301180040] syncAndRender: start, elapsed since last call: 3 ms
2026-07-14 19:19:44.135 DEBUG qt.scenegraph.time.renderloop: [window 0x7f030130be40][gui thread] Frame prepared, polish=0 ms, lock=0 ms, blockedForSync=0 ms, animations=0 ms
2026-07-14 19:19:44.135 DEBUG qt.scenegraph.time.renderer: time in renderer: total=0ms, preprocess=0, updates=0, rendering=0
2026-07-14 19:19:44.135 DEBUG qt.scenegraph.time.renderloop: [window 0x7f030130be40][render thread 0x7f0301180040] syncAndRender: frame rendered in 0ms, sync=0, render=0, swap=0
2026-07-14 19:19:44.164 DEBUG qt.scenegraph.time.renderloop: [window 0x7f030130be40][gui thread] polishAndSync: start, elapsed since last call: 29 ms
2026-07-14 19:19:44.165 DEBUG qt.scenegraph.time.renderloop: [window 0x7f030130be40][render thread 0x7f0301180040] syncAndRender: start, elapsed since last call: 29 ms
2026-07-14 19:19:44.165 DEBUG qt.scenegraph.time.renderloop: [window 0x7f030130be40][gui thread] Frame prepared, polish=0 ms, lock=0 ms, blockedForSync=0 ms, animations=0 ms
2026-07-14 19:19:44.165 DEBUG qt.scenegraph.time.renderer: time in renderer: total=0ms, preprocess=0, updates=0, rendering=0
2026-07-14 19:19:44.165 DEBUG qt.scenegraph.time.renderloop: [window 0x7f030130be40][render thread 0x7f0301180040] syncAndRender: frame rendered in 0ms, sync=0, render=0, swap=0
2026-07-14 19:19:44.170 DEBUG qt.scenegraph.time.renderloop: [window 0x7f030130be40][gui thread] polishAndSync: start, elapsed since last call: 5 ms
2026-07-14 19:19:44.170 DEBUG qt.scenegraph.time.renderloop: [window 0x7f030130be40][render thread 0x7f0301180040] syncAndRender: start, elapsed since last call: 5 ms
2026-07-14 19:19:44.170 DEBUG qt.scenegraph.time.renderloop: [window 0x7f030130be40][gui thread] Frame prepared, polish=0 ms, lock=0 ms, blockedForSync=0 ms, animations=0 ms
2026-07-14 19:19:44.170 DEBUG qt.scenegraph.time.renderer: time in renderer: total=0ms, preprocess=0, updates=0, rendering=0
2026-07-14 19:19:44.170 DEBUG qt.scenegraph.time.renderloop: [window 0x7f030130be40][render thread 0x7f0301180040] syncAndRender: frame rendered in 0ms, sync=0, render=0, swap=0
2026-07-14 19:19:44.197 DEBUG qt.scenegraph.time.renderloop: [window 0x7f030130be40][gui thread] polishAndSync: start, elapsed since last call: 27 ms
2026-07-14 19:19:44.197 DEBUG qt.scenegraph.time.renderloop: [window 0x7f030130be40][render thread 0x7f0301180040] syncAndRender: start, elapsed since last call: 27 ms
2026-07-14 19:19:44.197 DEBUG qt.scenegraph.time.renderloop: [window 0x7f030130be40][gui thread] Frame prepared, polish=0 ms, lock=0 ms, blockedForSync=0 ms, animations=0 ms
2026-07-14 19:19:44.197 DEBUG qt.scenegraph.time.renderer: time in renderer: total=0ms, preprocess=0, updates=0, rendering=0
2026-07-14 19:19:44.198 DEBUG qt.scenegraph.time.renderloop: [window 0x7f030130be40][render thread 0x7f0301180040] syncAndRender: frame rendered in 0ms, sync=0, render=0, swap=0
2026-07-14 19:19:44.205 DEBUG qt.scenegraph.time.renderloop: [window 0x7f030130be40][gui thread] polishAndSync: start, elapsed since last call: 7 ms
2026-07-14 19:19:44.205 DEBUG qt.scenegraph.time.renderloop: [window 0x7f030130be40][render thread 0x7f0301180040] syncAndRender: start, elapsed since last call: 7 ms
2026-07-14 19:19:44.205 DEBUG qt.scenegraph.time.renderloop: [window 0x7f030130be40][gui thread] Frame prepared, polish=0 ms, lock=0 ms, blockedForSync=0 ms, animations=0 ms
2026-07-14 19:19:44.205 DEBUG qt.scenegraph.time.renderer: time in renderer: total=0ms, preprocess=0, updates=0, rendering=0
2026-07-14 19:19:44.205 DEBUG qt.scenegraph.time.renderloop: [window 0x7f030130be40][render thread 0x7f0301180040] syncAndRender: frame rendered in 0ms, sync=0, render=0, swap=0
2026-07-14 19:19:44.231 DEBUG qt.scenegraph.time.renderloop: [window 0x7f030130be40][gui thread] polishAndSync: start, elapsed since last call: 26 ms
2026-07-14 19:19:44.231 DEBUG qt.scenegraph.time.renderloop: [window 0x7f030130be40][render thread 0x7f0301180040] syncAndRender: start, elapsed since last call: 26 ms
2026-07-14 19:19:44.231 DEBUG qt.scenegraph.time.renderloop: [window 0x7f030130be40][gui thread] Frame prepared, polish=0 ms, lock=0 ms, blockedForSync=0 ms, animations=0 ms
2026-07-14 19:19:44.231 DEBUG qt.scenegraph.time.renderer: time in renderer: total=0ms, preprocess=0, updates=0, rendering=0
2026-07-14 19:19:44.231 DEBUG qt.scenegraph.time.renderloop: [window 0x7f030130be40][render thread 0x7f0301180040] syncAndRender: frame rendered in 0ms, sync=0, render=0, swap=0
2026-07-14 19:19:44.232 DEBUG qt.scenegraph.time.renderloop: [window 0x7f030130be40][gui thread] polishAndSync: start, elapsed since last call: 1 ms
2026-07-14 19:19:44.232 DEBUG qt.scenegraph.time.renderloop: [window 0x7f030130be40][render thread 0x7f0301180040] syncAndRender: start, elapsed since last call: 1 ms
2026-07-14 19:19:44.232 DEBUG qt.scenegraph.time.renderloop: [window 0x7f030130be40][gui thread] Frame prepared, polish=0 ms, lock=0 ms, blockedForSync=0 ms, animations=0 ms
2026-07-14 19:19:44.233 DEBUG qt.scenegraph.time.renderer: time in renderer: total=0ms, preprocess=0, updates=0, rendering=0
2026-07-14 19:19:44.233 DEBUG qt.scenegraph.time.renderloop: [window 0x7f030130be40][render thread 0x7f0301180040] syncAndRender: frame rendered in 0ms, sync=0, render=0, swap=0
2026-07-14 19:19:44.264 DEBUG qt.scenegraph.time.renderloop: [window 0x7f030130be40][gui thread] polishAndSync: start, elapsed since last call: 31 ms
2026-07-14 19:19:44.264 DEBUG qt.scenegraph.time.renderloop: [window 0x7f030130be40][render thread 0x7f0301180040] syncAndRender: start, elapsed since last call: 31 ms
2026-07-14 19:19:44.264 DEBUG qt.scenegraph.time.renderloop: [window 0x7f030130be40][gui thread] Frame prepared, polish=0 ms, lock=0 ms, blockedForSync=0 ms, animations=0 ms
2026-07-14 19:19:44.264 DEBUG qt.scenegraph.time.renderer: time in renderer: total=0ms, preprocess=0, updates=0, rendering=0
2026-07-14 19:19:44.264 DEBUG qt.scenegraph.time.renderloop: [window 0x7f030130be40][render thread 0x7f0301180040] syncAndRender: frame rendered in 0ms, sync=0, render=0, swap=0
2026-07-14 19:19:44.267 DEBUG qt.scenegraph.time.renderloop: [window 0x7f030130be40][gui thread] polishAndSync: start, elapsed since last call: 3 ms
2026-07-14 19:19:44.267 DEBUG qt.scenegraph.time.renderloop: [window 0x7f030130be40][render thread 0x7f0301180040] syncAndRender: start, elapsed since last call: 3 ms
2026-07-14 19:19:44.267 DEBUG qt.scenegraph.time.renderloop: [window 0x7f030130be40][gui thread] Frame prepared, polish=0 ms, lock=0 ms, blockedForSync=0 ms, animations=0 ms
2026-07-14 19:19:44.267 DEBUG qt.scenegraph.time.renderer: time in renderer: total=0ms, preprocess=0, updates=0, rendering=0
2026-07-14 19:19:44.267 DEBUG qt.scenegraph.time.renderloop: [window 0x7f030130be40][render thread 0x7f0301180040] syncAndRender: frame rendered in 0ms, sync=0, render=0, swap=0
2026-07-14 19:19:44.295 DEBUG qt.scenegraph.time.renderloop: [window 0x7f030130be40][gui thread] polishAndSync: start, elapsed since last call: 28 ms
2026-07-14 19:19:44.296 DEBUG qt.scenegraph.time.renderloop: [window 0x7f030130be40][render thread 0x7f0301180040] syncAndRender: start, elapsed since last call: 28 ms
2026-07-14 19:19:44.296 DEBUG qt.scenegraph.time.renderloop: [window 0x7f030130be40][gui thread] Frame prepared, polish=0 ms, lock=0 ms, blockedForSync=0 ms, animations=0 ms
2026-07-14 19:19:44.296 DEBUG qt.scenegraph.time.renderer: time in renderer: total=0ms, preprocess=0, updates=0, rendering=0
2026-07-14 19:19:44.296 DEBUG qt.scenegraph.time.renderloop: [window 0x7f030130be40][render thread 0x7f0301180040] syncAndRender: frame rendered in 0ms, sync=0, render=0, swap=0
2026-07-14 19:19:44.302 DEBUG qt.scenegraph.time.renderloop: [window 0x7f030130be40][gui thread] polishAndSync: start, elapsed since last call: 6 ms
2026-07-14 19:19:44.302 DEBUG qt.scenegraph.time.renderloop: [window 0x7f030130be40][render thread 0x7f0301180040] syncAndRender: start, elapsed since last call: 6 ms
2026-07-14 19:19:44.302 DEBUG qt.scenegraph.time.renderloop: [window 0x7f030130be40][gui thread] Frame prepared, polish=0 ms, lock=0 ms, blockedForSync=0 ms, animations=0 ms
2026-07-14 19:19:44.302 DEBUG qt.scenegraph.time.renderer: time in renderer: total=0ms, preprocess=0, updates=0, rendering=0
2026-07-14 19:19:44.302 DEBUG qt.scenegraph.time.renderloop: [window 0x7f030130be40][render thread 0x7f0301180040] syncAndRender: frame rendered in 0ms, sync=0, render=0, swap=0
2026-07-14 19:19:44.329 DEBUG qt.scenegraph.time.renderloop: [window 0x7f030130be40][gui thread] polishAndSync: start, elapsed since last call: 27 ms
2026-07-14 19:19:44.329 DEBUG qt.scenegraph.time.renderloop: [window 0x7f030130be40][render thread 0x7f0301180040] syncAndRender: start, elapsed since last call: 27 ms
2026-07-14 19:19:44.330 DEBUG qt.scenegraph.time.renderloop: [window 0x7f030130be40][gui thread] Frame prepared, polish=0 ms, lock=0 ms, blockedForSync=0 ms, animations=0 ms
2026-07-14 19:19:44.330 DEBUG qt.scenegraph.time.renderer: time in renderer: total=0ms, preprocess=0, updates=0, rendering=0
2026-07-14 19:19:44.330 DEBUG qt.scenegraph.time.renderloop: [window 0x7f030130be40][render thread 0x7f0301180040] syncAndRender: frame rendered in 0ms, sync=0, render=0, swap=0
2026-07-14 19:19:44.337 DEBUG qt.scenegraph.time.renderloop: [window 0x7f030130be40][gui thread] polishAndSync: start, elapsed since last call: 7 ms
2026-07-14 19:19:44.337 DEBUG qt.scenegraph.time.renderloop: [window 0x7f030130be40][render thread 0x7f0301180040] syncAndRender: start, elapsed since last call: 7 ms
2026-07-14 19:19:44.337 DEBUG qt.scenegraph.time.renderloop: [window 0x7f030130be40][gui thread] Frame prepared, polish=0 ms, lock=0 ms, blockedForSync=0 ms, animations=0 ms
2026-07-14 19:19:44.337 DEBUG qt.scenegraph.time.renderer: time in renderer: total=0ms, preprocess=0, updates=0, rendering=0
2026-07-14 19:19:44.337 DEBUG qt.scenegraph.time.renderloop: [window 0x7f030130be40][render thread 0x7f0301180040] syncAndRender: frame rendered in 0ms, sync=0, render=0, swap=0
2026-07-14 19:19:44.363 DEBUG qt.scenegraph.time.renderloop: [window 0x7f030130be40][gui thread] polishAndSync: start, elapsed since last call: 26 ms
2026-07-14 19:19:44.364 DEBUG qt.scenegraph.time.renderloop: [window 0x7f030130be40][render thread 0x7f0301180040] syncAndRender: start, elapsed since last call: 26 ms
2026-07-14 19:19:44.364 DEBUG qt.scenegraph.time.renderloop: [window 0x7f030130be40][gui thread] Frame prepared, polish=0 ms, lock=0 ms, blockedForSync=0 ms, animations=0 ms
2026-07-14 19:19:44.364 DEBUG qt.scenegraph.time.renderer: time in renderer: total=0ms, preprocess=0, updates=0, rendering=0
2026-07-14 19:19:44.364 DEBUG qt.scenegraph.time.renderloop: [window 0x7f030130be40][render thread 0x7f0301180040] syncAndRender: frame rendered in 0ms, sync=0, render=0, swap=0
2026-07-14 19:19:44.365 DEBUG qt.scenegraph.time.renderloop: [window 0x7f030130be40][gui thread] polishAndSync: start, elapsed since last call: 1 ms
2026-07-14 19:19:44.365 DEBUG qt.scenegraph.time.renderloop: [window 0x7f030130be40][render thread 0x7f0301180040] syncAndRender: start, elapsed since last call: 1 ms
2026-07-14 19:19:44.365 DEBUG qt.scenegraph.time.renderloop: [window 0x7f030130be40][gui thread] Frame prepared, polish=0 ms, lock=0 ms, blockedForSync=0 ms, animations=0 ms
2026-07-14 19:19:44.365 DEBUG qt.scenegraph.time.renderer: time in renderer: total=0ms, preprocess=0, updates=0, rendering=0
2026-07-14 19:19:44.365 DEBUG qt.scenegraph.time.renderloop: [window 0x7f030130be40][render thread 0x7f0301180040] syncAndRender: frame rendered in 0ms, sync=0, render=0, swap=0
2026-07-14 19:19:44.394 DEBUG qt.scenegraph.time.renderloop: [window 0x7f030130be40][gui thread] polishAndSync: start, elapsed since last call: 29 ms
2026-07-14 19:19:44.395 DEBUG qt.scenegraph.time.renderloop: [window 0x7f030130be40][render thread 0x7f0301180040] syncAndRender: start, elapsed since last call: 30 ms
2026-07-14 19:19:44.395 DEBUG qt.scenegraph.time.renderloop: [window 0x7f030130be40][gui thread] Frame prepared, polish=0 ms, lock=0 ms, blockedForSync=0 ms, animations=0 ms
2026-07-14 19:19:44.395 DEBUG qt.scenegraph.time.renderer: time in renderer: total=0ms, preprocess=0, updates=0, rendering=0
2026-07-14 19:19:44.395 DEBUG qt.scenegraph.time.renderloop: [window 0x7f030130be40][render thread 0x7f0301180040] syncAndRender: frame rendered in 0ms, sync=0, render=0, swap=0
2026-07-14 19:19:44.396 DEBUG qt.scenegraph.time.renderloop: [window 0x7f030130be40][gui thread] polishAndSync: start, elapsed since last call: 1 ms
2026-07-14 19:19:44.396 DEBUG qt.scenegraph.time.renderloop: [window 0x7f030130be40][render thread 0x7f0301180040] syncAndRender: start, elapsed since last call: 0 ms
2026-07-14 19:19:44.396 DEBUG qt.scenegraph.time.renderloop: [window 0x7f030130be40][gui thread] Frame prepared, polish=0 ms, lock=0 ms, blockedForSync=0 ms, animations=0 ms
2026-07-14 19:19:44.396 DEBUG qt.scenegraph.time.renderer: time in renderer: total=0ms, preprocess=0, updates=0, rendering=0
2026-07-14 19:19:44.396 DEBUG qt.scenegraph.time.renderloop: [window 0x7f030130be40][render thread 0x7f0301180040] syncAndRender: frame rendered in 0ms, sync=0, render=0, swap=0
2026-07-14 19:19:44.428 DEBUG qt.scenegraph.time.renderloop: [window 0x7f030130be40][gui thread] polishAndSync: start, elapsed since last call: 32 ms
2026-07-14 19:19:44.429 DEBUG qt.scenegraph.time.renderloop: [window 0x7f030130be40][render thread 0x7f0301180040] syncAndRender: start, elapsed since last call: 33 ms
2026-07-14 19:19:44.429 DEBUG qt.scenegraph.time.renderloop: [window 0x7f030130be40][gui thread] Frame prepared, polish=0 ms, lock=0 ms, blockedForSync=0 ms, animations=0 ms
2026-07-14 19:19:44.429 DEBUG qt.scenegraph.time.renderer: time in renderer: total=0ms, preprocess=0, updates=0, rendering=0
2026-07-14 19:19:44.429 DEBUG qt.scenegraph.time.renderloop: [window 0x7f030130be40][render thread 0x7f0301180040] syncAndRender: frame rendered in 0ms, sync=0, render=0, swap=0
2026-07-14 19:19:44.429 DEBUG qt.scenegraph.time.renderloop: [window 0x7f030130be40][gui thread] polishAndSync: start, elapsed since last call: 1 ms
2026-07-14 19:19:44.429 DEBUG qt.scenegraph.time.renderloop: [window 0x7f030130be40][render thread 0x7f0301180040] syncAndRender: start, elapsed since last call: 0 ms
2026-07-14 19:19:44.429 DEBUG qt.scenegraph.time.renderloop: [window 0x7f030130be40][gui thread] Frame prepared, polish=0 ms, lock=0 ms, blockedForSync=0 ms, animations=0 ms
2026-07-14 19:19:44.430 DEBUG qt.scenegraph.time.renderer: time in renderer: total=0ms, preprocess=0, updates=0, rendering=0
2026-07-14 19:19:44.430 DEBUG qt.scenegraph.time.renderloop: [window 0x7f030130be40][render thread 0x7f0301180040] syncAndRender: frame rendered in 0ms, sync=0, render=0, swap=0
2026-07-14 19:19:44.461 DEBUG qt.scenegraph.time.renderloop: [window 0x7f030130be40][gui thread] polishAndSync: start, elapsed since last call: 31 ms
2026-07-14 19:19:44.461 DEBUG qt.scenegraph.time.renderloop: [window 0x7f030130be40][render thread 0x7f0301180040] syncAndRender: start, elapsed since last call: 31 ms
2026-07-14 19:19:44.461 DEBUG qt.scenegraph.time.renderloop: [window 0x7f030130be40][gui thread] Frame prepared, polish=0 ms, lock=0 ms, blockedForSync=0 ms, animations=0 ms
2026-07-14 19:19:44.461 DEBUG qt.scenegraph.time.renderer: time in renderer: total=0ms, preprocess=0, updates=0, rendering=0
2026-07-14 19:19:44.462 DEBUG qt.scenegraph.time.renderloop: [window 0x7f030130be40][render thread 0x7f0301180040] syncAndRender: frame rendered in 0ms, sync=0, render=0, swap=0
2026-07-14 19:19:44.462 DEBUG qt.scenegraph.time.renderloop: [window 0x7f030130be40][gui thread] polishAndSync: start, elapsed since last call: 1 ms
2026-07-14 19:19:44.462 DEBUG qt.scenegraph.time.renderloop: [window 0x7f030130be40][render thread 0x7f0301180040] syncAndRender: start, elapsed since last call: 0 ms
2026-07-14 19:19:44.462 DEBUG qt.scenegraph.time.renderloop: [window 0x7f030130be40][gui thread] Frame prepared, polish=0 ms, lock=0 ms, blockedForSync=0 ms, animations=0 ms
2026-07-14 19:19:44.462 DEBUG qt.scenegraph.time.renderer: time in renderer: total=0ms, preprocess=0, updates=0, rendering=0
2026-07-14 19:19:44.463 DEBUG qt.scenegraph.time.renderloop: [window 0x7f030130be40][render thread 0x7f0301180040] syncAndRender: frame rendered in 0ms, sync=0, render=0, swap=0
2026-07-14 19:19:44.495 DEBUG qt.scenegraph.time.renderloop: [window 0x7f030130be40][gui thread] polishAndSync: start, elapsed since last call: 32 ms
2026-07-14 19:19:44.495 DEBUG qt.scenegraph.time.renderloop: [window 0x7f030130be40][render thread 0x7f0301180040] syncAndRender: start, elapsed since last call: 32 ms
2026-07-14 19:19:44.495 DEBUG qt.scenegraph.time.renderloop: [window 0x7f030130be40][gui thread] Frame prepared, polish=0 ms, lock=0 ms, blockedForSync=0 ms, animations=0 ms
2026-07-14 19:19:44.495 DEBUG qt.scenegraph.time.renderer: time in renderer: total=0ms, preprocess=0, updates=0, rendering=0
2026-07-14 19:19:44.496 DEBUG qt.scenegraph.time.renderloop: [window 0x7f030130be40][render thread 0x7f0301180040] syncAndRender: frame rendered in 0ms, sync=0, render=0, swap=0
2026-07-14 19:19:44.496 DEBUG qt.scenegraph.time.renderloop: [window 0x7f030130be40][gui thread] polishAndSync: start, elapsed since last call: 1 ms
2026-07-14 19:19:44.496 DEBUG qt.scenegraph.time.renderloop: [window 0x7f030130be40][render thread 0x7f0301180040] syncAndRender: start, elapsed since last call: 1 ms
2026-07-14 19:19:44.496 DEBUG qt.scenegraph.time.renderloop: [window 0x7f030130be40][gui thread] Frame prepared, polish=0 ms, lock=0 ms, blockedForSync=0 ms, animations=0 ms
2026-07-14 19:19:44.496 DEBUG qt.scenegraph.time.renderer: time in renderer: total=0ms, preprocess=0, updates=0, rendering=0
2026-07-14 19:19:44.497 DEBUG qt.scenegraph.time.renderloop: [window 0x7f030130be40][render thread 0x7f0301180040] syncAndRender: frame rendered in 0ms, sync=0, render=0, swap=0
2026-07-14 19:19:44.527 DEBUG qt.scenegraph.time.renderloop: [window 0x7f030130be40][gui thread] polishAndSync: start, elapsed since last call: 31 ms
2026-07-14 19:19:44.528 DEBUG qt.scenegraph.time.renderloop: [window 0x7f030130be40][render thread 0x7f0301180040] syncAndRender: start, elapsed since last call: 31 ms
2026-07-14 19:19:44.528 DEBUG qt.scenegraph.time.renderloop: [window 0x7f030130be40][gui thread] Frame prepared, polish=0 ms, lock=0 ms, blockedForSync=0 ms, animations=0 ms
2026-07-14 19:19:44.528 DEBUG qt.scenegraph.time.renderer: time in renderer: total=0ms, preprocess=0, updates=0, rendering=0
2026-07-14 19:19:44.528 DEBUG qt.scenegraph.time.renderloop: [window 0x7f030130be40][render thread 0x7f0301180040] syncAndRender: frame rendered in 0ms, sync=0, render=0, swap=0
2026-07-14 19:19:44.528 DEBUG qt.scenegraph.time.renderloop: [window 0x7f030130be40][gui thread] polishAndSync: start, elapsed since last call: 0 ms
2026-07-14 19:19:44.528 DEBUG qt.scenegraph.time.renderloop: [window 0x7f030130be40][render thread 0x7f0301180040] syncAndRender: start, elapsed since last call: 0 ms
2026-07-14 19:19:44.528 DEBUG qt.scenegraph.time.renderloop: [window 0x7f030130be40][gui thread] Frame prepared, polish=0 ms, lock=0 ms, blockedForSync=0 ms, animations=0 ms
2026-07-14 19:19:44.529 DEBUG qt.scenegraph.time.renderer: time in renderer: total=0ms, preprocess=0, updates=0, rendering=0
2026-07-14 19:19:44.529 DEBUG qt.scenegraph.time.renderloop: [window 0x7f030130be40][render thread 0x7f0301180040] syncAndRender: frame rendered in 0ms, sync=0, render=0, swap=0
2026-07-14 19:19:44.560 DEBUG qt.scenegraph.time.renderloop: [window 0x7f030130be40][gui thread] polishAndSync: start, elapsed since last call: 31 ms
2026-07-14 19:19:44.561 DEBUG qt.scenegraph.time.renderloop: [window 0x7f030130be40][render thread 0x7f0301180040] syncAndRender: start, elapsed since last call: 32 ms
2026-07-14 19:19:44.561 DEBUG qt.scenegraph.time.renderloop: [window 0x7f030130be40][gui thread] Frame prepared, polish=0 ms, lock=0 ms, blockedForSync=0 ms, animations=0 ms
2026-07-14 19:19:44.561 DEBUG qt.scenegraph.time.renderer: time in renderer: total=0ms, preprocess=0, updates=0, rendering=0
2026-07-14 19:19:44.561 DEBUG qt.scenegraph.time.renderloop: [window 0x7f030130be40][render thread 0x7f0301180040] syncAndRender: frame rendered in 0ms, sync=0, render=0, swap=0
2026-07-14 19:19:44.561 DEBUG qt.scenegraph.time.renderloop: [window 0x7f030130be40][gui thread] polishAndSync: start, elapsed since last call: 0 ms
2026-07-14 19:19:44.561 DEBUG qt.scenegraph.time.renderloop: [window 0x7f030130be40][render thread 0x7f0301180040] syncAndRender: start, elapsed since last call: 0 ms
2026-07-14 19:19:44.561 DEBUG qt.scenegraph.time.renderloop: [window 0x7f030130be40][gui thread] Frame prepared, polish=0 ms, lock=0 ms, blockedForSync=0 ms, animations=0 ms
2026-07-14 19:19:44.561 DEBUG qt.scenegraph.time.renderer: time in renderer: total=0ms, preprocess=0, updates=0, rendering=0
2026-07-14 19:19:44.561 DEBUG qt.scenegraph.time.renderloop: [window 0x7f030130be40][render thread 0x7f0301180040] syncAndRender: frame rendered in 0ms, sync=0, render=0, swap=0
2026-07-14 19:19:44.593 DEBUG qt.scenegraph.time.renderloop: [window 0x7f030130be40][gui thread] polishAndSync: start, elapsed since last call: 31 ms
2026-07-14 19:19:44.595 DEBUG qt.scenegraph.time.renderloop: [window 0x7f030130be40][render thread 0x7f0301180040] syncAndRender: start, elapsed since last call: 33 ms
2026-07-14 19:19:44.595 DEBUG qt.scenegraph.time.renderloop: [window 0x7f030130be40][gui thread] Frame prepared, polish=2 ms, lock=0 ms, blockedForSync=0 ms, animations=0 ms
2026-07-14 19:19:44.595 DEBUG qt.scenegraph.time.renderer: time in renderer: total=0ms, preprocess=0, updates=0, rendering=0
2026-07-14 19:19:44.596 DEBUG qt.scenegraph.time.renderloop: [window 0x7f030130be40][render thread 0x7f0301180040] syncAndRender: frame rendered in 0ms, sync=0, render=0, swap=0
2026-07-14 19:19:44.596 DEBUG qt.scenegraph.time.renderloop: [window 0x7f030130be40][gui thread] polishAndSync: start, elapsed since last call: 3 ms
2026-07-14 19:19:44.596 DEBUG qt.scenegraph.time.renderloop: [window 0x7f030130be40][render thread 0x7f0301180040] syncAndRender: start, elapsed since last call: 1 ms
2026-07-14 19:19:44.596 DEBUG qt.scenegraph.time.renderloop: [window 0x7f030130be40][gui thread] Frame prepared, polish=0 ms, lock=0 ms, blockedForSync=0 ms, animations=0 ms
2026-07-14 19:19:44.596 DEBUG qt.scenegraph.time.renderer: time in renderer: total=0ms, preprocess=0, updates=0, rendering=0
2026-07-14 19:19:44.597 DEBUG qt.scenegraph.time.renderloop: [window 0x7f030130be40][render thread 0x7f0301180040] syncAndRender: frame rendered in 0ms, sync=0, render=0, swap=0
2026-07-14 19:19:44.627 DEBUG qt.scenegraph.time.renderloop: [window 0x7f030130be40][gui thread] polishAndSync: start, elapsed since last call: 30 ms
2026-07-14 19:19:44.627 DEBUG qt.scenegraph.time.renderloop: [window 0x7f030130be40][render thread 0x7f0301180040] syncAndRender: start, elapsed since last call: 30 ms
2026-07-14 19:19:44.627 DEBUG qt.scenegraph.time.renderloop: [window 0x7f030130be40][gui thread] Frame prepared, polish=0 ms, lock=0 ms, blockedForSync=0 ms, animations=0 ms
2026-07-14 19:19:44.627 DEBUG qt.scenegraph.time.renderer: time in renderer: total=0ms, preprocess=0, updates=0, rendering=0
2026-07-14 19:19:44.627 DEBUG qt.scenegraph.time.renderloop: [window 0x7f030130be40][render thread 0x7f0301180040] syncAndRender: frame rendered in 0ms, sync=0, render=0, swap=0
2026-07-14 19:19:44.628 DEBUG qt.scenegraph.time.renderloop: [window 0x7f030130be40][gui thread] polishAndSync: start, elapsed since last call: 0 ms
2026-07-14 19:19:44.628 DEBUG qt.scenegraph.time.renderloop: [window 0x7f030130be40][render thread 0x7f0301180040] syncAndRender: start, elapsed since last call: 0 ms
2026-07-14 19:19:44.628 DEBUG qt.scenegraph.time.renderloop: [window 0x7f030130be40][gui thread] Frame prepared, polish=0 ms, lock=0 ms, blockedForSync=0 ms, animations=0 ms
2026-07-14 19:19:44.628 DEBUG qt.scenegraph.time.renderer: time in renderer: total=0ms, preprocess=0, updates=0, rendering=0
2026-07-14 19:19:44.628 DEBUG qt.scenegraph.time.renderloop: [window 0x7f030130be40][render thread 0x7f0301180040] syncAndRender: frame rendered in 0ms, sync=0, render=0, swap=0
2026-07-14 19:19:44.660 DEBUG qt.scenegraph.time.renderloop: [window 0x7f030130be40][gui thread] polishAndSync: start, elapsed since last call: 31 ms
2026-07-14 19:19:44.660 DEBUG qt.scenegraph.time.renderloop: [window 0x7f030130be40][render thread 0x7f0301180040] syncAndRender: start, elapsed since last call: 32 ms
2026-07-14 19:19:44.660 DEBUG qt.scenegraph.time.renderloop: [window 0x7f030130be40][gui thread] Frame prepared, polish=0 ms, lock=0 ms, blockedForSync=0 ms, animations=0 ms
2026-07-14 19:19:44.660 DEBUG qt.scenegraph.time.renderer: time in renderer: total=0ms, preprocess=0, updates=0, rendering=0
2026-07-14 19:19:44.660 DEBUG qt.scenegraph.time.renderloop: [window 0x7f030130be40][render thread 0x7f0301180040] syncAndRender: frame rendered in 0ms, sync=0, render=0, swap=0
2026-07-14 19:19:44.663 DEBUG qt.scenegraph.time.renderloop: [window 0x7f030130be40][gui thread] polishAndSync: start, elapsed since last call: 3 ms
2026-07-14 19:19:44.663 DEBUG qt.scenegraph.time.renderloop: [window 0x7f030130be40][render thread 0x7f0301180040] syncAndRender: start, elapsed since last call: 3 ms
2026-07-14 19:19:44.663 DEBUG qt.scenegraph.time.renderloop: [window 0x7f030130be40][gui thread] Frame prepared, polish=0 ms, lock=0 ms, blockedForSync=0 ms, animations=0 ms
2026-07-14 19:19:44.663 DEBUG qt.scenegraph.time.renderer: time in renderer: total=0ms, preprocess=0, updates=0, rendering=0
2026-07-14 19:19:44.663 DEBUG qt.scenegraph.time.renderloop: [window 0x7f030130be40][render thread 0x7f0301180040] syncAndRender: frame rendered in 0ms, sync=0, render=0, swap=0
2026-07-14 19:19:44.692 DEBUG qt.scenegraph.time.renderloop: [window 0x7f030130be40][gui thread] polishAndSync: start, elapsed since last call: 29 ms
2026-07-14 19:19:44.692 DEBUG qt.scenegraph.time.renderloop: [window 0x7f030130be40][render thread 0x7f0301180040] syncAndRender: start, elapsed since last call: 29 ms
2026-07-14 19:19:44.693 DEBUG qt.scenegraph.time.renderloop: [window 0x7f030130be40][gui thread] Frame prepared, polish=0 ms, lock=0 ms, blockedForSync=0 ms, animations=0 ms
2026-07-14 19:19:44.693 DEBUG qt.scenegraph.time.renderer: time in renderer: total=0ms, preprocess=0, updates=0, rendering=0
2026-07-14 19:19:44.693 DEBUG qt.scenegraph.time.renderloop: [window 0x7f030130be40][render thread 0x7f0301180040] syncAndRender: frame rendered in 0ms, sync=0, render=0, swap=0
2026-07-14 19:19:44.693 DEBUG qt.scenegraph.time.renderloop: [window 0x7f030130be40][gui thread] polishAndSync: start, elapsed since last call: 0 ms
2026-07-14 19:19:44.693 DEBUG qt.scenegraph.time.renderloop: [window 0x7f030130be40][render thread 0x7f0301180040] syncAndRender: start, elapsed since last call: 0 ms
2026-07-14 19:19:44.693 DEBUG qt.scenegraph.time.renderloop: [window 0x7f030130be40][gui thread] Frame prepared, polish=0 ms, lock=0 ms, blockedForSync=0 ms, animations=0 ms
2026-07-14 19:19:44.693 DEBUG qt.scenegraph.time.renderer: time in renderer: total=0ms, preprocess=0, updates=0, rendering=0
2026-07-14 19:19:44.693 DEBUG qt.scenegraph.time.renderloop: [window 0x7f030130be40][render thread 0x7f0301180040] syncAndRender: frame rendered in 0ms, sync=0, render=0, swap=0
2026-07-14 19:19:44.725 DEBUG qt.scenegraph.time.renderloop: [window 0x7f030130be40][gui thread] polishAndSync: start, elapsed since last call: 31 ms
2026-07-14 19:19:44.725 DEBUG qt.scenegraph.time.renderloop: [window 0x7f030130be40][render thread 0x7f0301180040] syncAndRender: start, elapsed since last call: 32 ms
2026-07-14 19:19:44.725 DEBUG qt.scenegraph.time.renderloop: [window 0x7f030130be40][gui thread] Frame prepared, polish=0 ms, lock=0 ms, blockedForSync=0 ms, animations=0 ms
2026-07-14 19:19:44.725 DEBUG qt.scenegraph.time.renderer: time in renderer: total=0ms, preprocess=0, updates=0, rendering=0
2026-07-14 19:19:44.726 DEBUG qt.scenegraph.time.renderloop: [window 0x7f030130be40][render thread 0x7f0301180040] syncAndRender: frame rendered in 0ms, sync=0, render=0, swap=0
2026-07-14 19:19:44.726 DEBUG qt.scenegraph.time.renderloop: [window 0x7f030130be40][gui thread] polishAndSync: start, elapsed since last call: 1 ms
2026-07-14 19:19:44.726 DEBUG qt.scenegraph.time.renderloop: [window 0x7f030130be40][render thread 0x7f0301180040] syncAndRender: start, elapsed since last call: 0 ms
2026-07-14 19:19:44.726 DEBUG qt.scenegraph.time.renderloop: [window 0x7f030130be40][gui thread] Frame prepared, polish=0 ms, lock=0 ms, blockedForSync=0 ms, animations=0 ms
2026-07-14 19:19:44.726 DEBUG qt.scenegraph.time.renderer: time in renderer: total=0ms, preprocess=0, updates=0, rendering=0
2026-07-14 19:19:44.726 DEBUG qt.scenegraph.time.renderloop: [window 0x7f030130be40][render thread 0x7f0301180040] syncAndRender: frame rendered in 0ms, sync=0, render=0, swap=0
2026-07-14 19:19:44.759 DEBUG qt.scenegraph.time.renderloop: [window 0x7f030130be40][gui thread] polishAndSync: start, elapsed since last call: 32 ms
2026-07-14 19:19:44.759 DEBUG qt.scenegraph.time.renderloop: [window 0x7f030130be40][render thread 0x7f0301180040] syncAndRender: start, elapsed since last call: 33 ms
2026-07-14 19:19:44.759 DEBUG qt.scenegraph.time.renderloop: [window 0x7f030130be40][gui thread] Frame prepared, polish=0 ms, lock=0 ms, blockedForSync=0 ms, animations=0 ms
2026-07-14 19:19:44.759 DEBUG qt.scenegraph.time.renderer: time in renderer: total=0ms, preprocess=0, updates=0, rendering=0
2026-07-14 19:19:44.759 DEBUG qt.scenegraph.time.renderloop: [window 0x7f030130be40][render thread 0x7f0301180040] syncAndRender: frame rendered in 0ms, sync=0, render=0, swap=0
2026-07-14 19:19:44.760 DEBUG qt.scenegraph.time.renderloop: [window 0x7f030130be40][gui thread] polishAndSync: start, elapsed since last call: 0 ms
2026-07-14 19:19:44.760 DEBUG qt.scenegraph.time.renderloop: [window 0x7f030130be40][render thread 0x7f0301180040] syncAndRender: start, elapsed since last call: 0 ms
2026-07-14 19:19:44.760 DEBUG qt.scenegraph.time.renderloop: [window 0x7f030130be40][gui thread] Frame prepared, polish=0 ms, lock=0 ms, blockedForSync=0 ms, animations=0 ms
2026-07-14 19:19:44.760 DEBUG qt.scenegraph.time.renderer: time in renderer: total=0ms, preprocess=0, updates=0, rendering=0
2026-07-14 19:19:44.760 DEBUG qt.scenegraph.time.renderloop: [window 0x7f030130be40][render thread 0x7f0301180040] syncAndRender: frame rendered in 0ms, sync=0, render=0, swap=0
2026-07-14 19:19:44.791 DEBUG qt.scenegraph.time.renderloop: [window 0x7f030130be40][gui thread] polishAndSync: start, elapsed since last call: 31 ms
2026-07-14 19:19:44.792 DEBUG qt.scenegraph.time.renderloop: [window 0x7f030130be40][render thread 0x7f0301180040] syncAndRender: start, elapsed since last call: 31 ms
2026-07-14 19:19:44.792 DEBUG qt.scenegraph.time.renderloop: [window 0x7f030130be40][gui thread] Frame prepared, polish=0 ms, lock=0 ms, blockedForSync=0 ms, animations=0 ms
2026-07-14 19:19:44.792 DEBUG qt.scenegraph.time.renderer: time in renderer: total=0ms, preprocess=0, updates=0, rendering=0
2026-07-14 19:19:44.792 DEBUG qt.scenegraph.time.renderloop: [window 0x7f030130be40][render thread 0x7f0301180040] syncAndRender: frame rendered in 0ms, sync=0, render=0, swap=0
2026-07-14 19:19:44.792 DEBUG qt.scenegraph.time.renderloop: [window 0x7f030130be40][gui thread] polishAndSync: start, elapsed since last call: 1 ms
2026-07-14 19:19:44.792 DEBUG qt.scenegraph.time.renderloop: [window 0x7f030130be40][render thread 0x7f0301180040] syncAndRender: start, elapsed since last call: 0 ms
2026-07-14 19:19:44.792 DEBUG qt.scenegraph.time.renderloop: [window 0x7f030130be40][gui thread] Frame prepared, polish=0 ms, lock=0 ms, blockedForSync=0 ms, animations=0 ms
2026-07-14 19:19:44.792 DEBUG qt.scenegraph.time.renderer: time in renderer: total=0ms, preprocess=0, updates=0, rendering=0
2026-07-14 19:19:44.793 DEBUG qt.scenegraph.time.renderloop: [window 0x7f030130be40][render thread 0x7f0301180040] syncAndRender: frame rendered in 0ms, sync=0, render=0, swap=0
2026-07-14 19:19:44.824 DEBUG qt.scenegraph.time.renderloop: [window 0x7f030130be40][gui thread] polishAndSync: start, elapsed since last call: 31 ms
2026-07-14 19:19:44.824 DEBUG qt.scenegraph.time.renderloop: [window 0x7f030130be40][render thread 0x7f0301180040] syncAndRender: start, elapsed since last call: 32 ms
2026-07-14 19:19:44.824 DEBUG qt.scenegraph.time.renderloop: [window 0x7f030130be40][gui thread] Frame prepared, polish=0 ms, lock=0 ms, blockedForSync=0 ms, animations=0 ms
2026-07-14 19:19:44.824 DEBUG qt.scenegraph.time.renderer: time in renderer: total=0ms, preprocess=0, updates=0, rendering=0
2026-07-14 19:19:44.825 DEBUG qt.scenegraph.time.renderloop: [window 0x7f030130be40][render thread 0x7f0301180040] syncAndRender: frame rendered in 0ms, sync=0, render=0, swap=0
2026-07-14 19:19:44.830 DEBUG qt.scenegraph.time.renderloop: [window 0x7f030130be40][gui thread] polishAndSync: start, elapsed since last call: 5 ms
2026-07-14 19:19:44.830 DEBUG qt.scenegraph.time.renderloop: [window 0x7f030130be40][render thread 0x7f0301180040] syncAndRender: start, elapsed since last call: 5 ms
2026-07-14 19:19:44.830 DEBUG qt.scenegraph.time.renderloop: [window 0x7f030130be40][gui thread] Frame prepared, polish=0 ms, lock=0 ms, blockedForSync=0 ms, animations=0 ms
2026-07-14 19:19:44.830 DEBUG qt.scenegraph.time.renderer: time in renderer: total=0ms, preprocess=0, updates=0, rendering=0
2026-07-14 19:19:44.830 DEBUG qt.scenegraph.time.renderloop: [window 0x7f030130be40][render thread 0x7f0301180040] syncAndRender: frame rendered in 0ms, sync=0, render=0, swap=0
2026-07-14 19:19:44.857 DEBUG qt.scenegraph.time.renderloop: [window 0x7f030130be40][gui thread] polishAndSync: start, elapsed since last call: 26 ms
2026-07-14 19:19:44.857 DEBUG qt.scenegraph.time.renderloop: [window 0x7f030130be40][render thread 0x7f0301180040] syncAndRender: start, elapsed since last call: 27 ms
2026-07-14 19:19:44.857 DEBUG qt.scenegraph.time.renderloop: [window 0x7f030130be40][gui thread] Frame prepared, polish=0 ms, lock=0 ms, blockedForSync=0 ms, animations=0 ms
2026-07-14 19:19:44.857 DEBUG qt.scenegraph.time.renderer: time in renderer: total=0ms, preprocess=0, updates=0, rendering=0
2026-07-14 19:19:44.858 DEBUG qt.scenegraph.time.renderloop: [window 0x7f030130be40][render thread 0x7f0301180040] syncAndRender: frame rendered in 0ms, sync=0, render=0, swap=0
2026-07-14 19:19:44.865 DEBUG qt.scenegraph.time.renderloop: [window 0x7f030130be40][gui thread] polishAndSync: start, elapsed since last call: 7 ms
2026-07-14 19:19:44.865 DEBUG qt.scenegraph.time.renderloop: [window 0x7f030130be40][render thread 0x7f0301180040] syncAndRender: start, elapsed since last call: 7 ms
2026-07-14 19:19:44.865 DEBUG qt.scenegraph.time.renderloop: [window 0x7f030130be40][gui thread] Frame prepared, polish=0 ms, lock=0 ms, blockedForSync=0 ms, animations=0 ms
2026-07-14 19:19:44.865 DEBUG qt.scenegraph.time.renderer: time in renderer: total=0ms, preprocess=0, updates=0, rendering=0
2026-07-14 19:19:44.865 DEBUG qt.scenegraph.time.renderloop: [window 0x7f030130be40][render thread 0x7f0301180040] syncAndRender: frame rendered in 0ms, sync=0, render=0, swap=0
2026-07-14 19:19:44.890 DEBUG qt.scenegraph.time.renderloop: [window 0x7f030130be40][gui thread] polishAndSync: start, elapsed since last call: 25 ms
2026-07-14 19:19:44.890 DEBUG qt.scenegraph.time.renderloop: [window 0x7f030130be40][render thread 0x7f0301180040] syncAndRender: start, elapsed since last call: 25 ms
2026-07-14 19:19:44.890 DEBUG qt.scenegraph.time.renderloop: [window 0x7f030130be40][gui thread] Frame prepared, polish=0 ms, lock=0 ms, blockedForSync=0 ms, animations=0 ms
2026-07-14 19:19:44.890 DEBUG qt.scenegraph.time.renderer: time in renderer: total=0ms, preprocess=0, updates=0, rendering=0
2026-07-14 19:19:44.890 DEBUG qt.scenegraph.time.renderloop: [window 0x7f030130be40][render thread 0x7f0301180040] syncAndRender: frame rendered in 0ms, sync=0, render=0, swap=0
2026-07-14 19:19:44.893 DEBUG qt.scenegraph.time.renderloop: [window 0x7f030130be40][gui thread] polishAndSync: start, elapsed since last call: 2 ms
2026-07-14 19:19:44.893 DEBUG qt.scenegraph.time.renderloop: [window 0x7f030130be40][render thread 0x7f0301180040] syncAndRender: start, elapsed since last call: 2 ms
2026-07-14 19:19:44.893 DEBUG qt.scenegraph.time.renderloop: [window 0x7f030130be40][gui thread] Frame prepared, polish=0 ms, lock=0 ms, blockedForSync=0 ms, animations=0 ms
2026-07-14 19:19:44.893 DEBUG qt.scenegraph.time.renderer: time in renderer: total=0ms, preprocess=0, updates=0, rendering=0
2026-07-14 19:19:44.893 DEBUG qt.scenegraph.time.renderloop: [window 0x7f030130be40][render thread 0x7f0301180040] syncAndRender: frame rendered in 0ms, sync=0, render=0, swap=0
2026-07-14 19:19:44.924 DEBUG qt.scenegraph.time.renderloop: [window 0x7f030130be40][gui thread] polishAndSync: start, elapsed since last call: 30 ms
2026-07-14 19:19:44.924 DEBUG qt.scenegraph.time.renderloop: [window 0x7f030130be40][render thread 0x7f0301180040] syncAndRender: start, elapsed since last call: 31 ms
2026-07-14 19:19:44.924 DEBUG qt.scenegraph.time.renderloop: [window 0x7f030130be40][gui thread] Frame prepared, polish=0 ms, lock=0 ms, blockedForSync=0 ms, animations=0 ms
2026-07-14 19:19:44.924 DEBUG qt.scenegraph.time.renderer: time in renderer: total=0ms, preprocess=0, updates=0, rendering=0
2026-07-14 19:19:44.924 DEBUG qt.scenegraph.time.renderloop: [window 0x7f030130be40][render thread 0x7f0301180040] syncAndRender: frame rendered in 0ms, sync=0, render=0, swap=0
2026-07-14 19:19:44.927 DEBUG qt.scenegraph.time.renderloop: [window 0x7f030130be40][gui thread] polishAndSync: start, elapsed since last call: 3 ms
2026-07-14 19:19:44.927 DEBUG qt.scenegraph.time.renderloop: [window 0x7f030130be40][render thread 0x7f0301180040] syncAndRender: start, elapsed since last call: 3 ms
2026-07-14 19:19:44.927 DEBUG qt.scenegraph.time.renderloop: [window 0x7f030130be40][gui thread] Frame prepared, polish=0 ms, lock=0 ms, blockedForSync=0 ms, animations=0 ms
2026-07-14 19:19:44.927 DEBUG qt.scenegraph.time.renderer: time in renderer: total=0ms, preprocess=0, updates=0, rendering=0
2026-07-14 19:19:44.928 DEBUG qt.scenegraph.time.renderloop: [window 0x7f030130be40][render thread 0x7f0301180040] syncAndRender: frame rendered in 0ms, sync=0, render=0, swap=0
2026-07-14 19:19:44.956 DEBUG qt.scenegraph.time.renderloop: [window 0x7f030130be40][gui thread] polishAndSync: start, elapsed since last call: 29 ms
2026-07-14 19:19:44.957 DEBUG qt.scenegraph.time.renderloop: [window 0x7f030130be40][render thread 0x7f0301180040] syncAndRender: start, elapsed since last call: 29 ms
2026-07-14 19:19:44.957 DEBUG qt.scenegraph.time.renderloop: [window 0x7f030130be40][gui thread] Frame prepared, polish=0 ms, lock=0 ms, blockedForSync=0 ms, animations=0 ms
2026-07-14 19:19:44.957 DEBUG qt.scenegraph.time.renderer: time in renderer: total=0ms, preprocess=0, updates=0, rendering=0
2026-07-14 19:19:44.957 DEBUG qt.scenegraph.time.renderloop: [window 0x7f030130be40][render thread 0x7f0301180040] syncAndRender: frame rendered in 0ms, sync=0, render=0, swap=0
2026-07-14 19:19:44.962 DEBUG qt.scenegraph.time.renderloop: [window 0x7f030130be40][gui thread] polishAndSync: start, elapsed since last call: 5 ms
2026-07-14 19:19:44.962 DEBUG qt.scenegraph.time.renderloop: [window 0x7f030130be40][render thread 0x7f0301180040] syncAndRender: start, elapsed since last call: 5 ms
2026-07-14 19:19:44.962 DEBUG qt.scenegraph.time.renderloop: [window 0x7f030130be40][gui thread] Frame prepared, polish=0 ms, lock=0 ms, blockedForSync=0 ms, animations=0 ms
2026-07-14 19:19:44.962 DEBUG qt.scenegraph.time.renderer: time in renderer: total=0ms, preprocess=0, updates=0, rendering=0
2026-07-14 19:19:44.962 DEBUG qt.scenegraph.time.renderloop: [window 0x7f030130be40][render thread 0x7f0301180040] syncAndRender: frame rendered in 0ms, sync=0, render=0, swap=0
2026-07-14 19:19:44.989 DEBUG qt.scenegraph.time.renderloop: [window 0x7f030130be40][gui thread] polishAndSync: start, elapsed since last call: 26 ms
2026-07-14 19:19:44.990 DEBUG qt.scenegraph.time.renderloop: [window 0x7f030130be40][render thread 0x7f0301180040] syncAndRender: start, elapsed since last call: 27 ms
2026-07-14 19:19:44.990 DEBUG qt.scenegraph.time.renderloop: [window 0x7f030130be40][gui thread] Frame prepared, polish=0 ms, lock=0 ms, blockedForSync=0 ms, animations=0 ms
2026-07-14 19:19:44.990 DEBUG qt.scenegraph.time.renderer: time in renderer: total=0ms, preprocess=0, updates=0, rendering=0
2026-07-14 19:19:44.990 DEBUG qt.scenegraph.time.renderloop: [window 0x7f030130be40][render thread 0x7f0301180040] syncAndRender: frame rendered in 0ms, sync=0, render=0, swap=0
2026-07-14 19:19:44.997 DEBUG qt.scenegraph.time.renderloop: [window 0x7f030130be40][gui thread] polishAndSync: start, elapsed since last call: 7 ms
2026-07-14 19:19:44.997 DEBUG qt.scenegraph.time.renderloop: [window 0x7f030130be40][render thread 0x7f0301180040] syncAndRender: start, elapsed since last call: 7 ms
2026-07-14 19:19:44.997 DEBUG qt.scenegraph.time.renderloop: [window 0x7f030130be40][gui thread] Frame prepared, polish=0 ms, lock=0 ms, blockedForSync=0 ms, animations=0 ms
2026-07-14 19:19:44.997 DEBUG qt.scenegraph.time.renderer: time in renderer: total=0ms, preprocess=0, updates=0, rendering=0
2026-07-14 19:19:44.997 DEBUG qt.scenegraph.time.renderloop: [window 0x7f030130be40][render thread 0x7f0301180040] syncAndRender: frame rendered in 0ms, sync=0, render=0, swap=0
2026-07-14 19:19:45.022 DEBUG qt.scenegraph.time.renderloop: [window 0x7f030130be40][gui thread] polishAndSync: start, elapsed since last call: 24 ms
2026-07-14 19:19:45.022 DEBUG qt.scenegraph.time.renderloop: [window 0x7f030130be40][render thread 0x7f0301180040] syncAndRender: start, elapsed since last call: 25 ms
2026-07-14 19:19:45.022 DEBUG qt.scenegraph.time.renderloop: [window 0x7f030130be40][gui thread] Frame prepared, polish=0 ms, lock=0 ms, blockedForSync=0 ms, animations=0 ms
2026-07-14 19:19:45.022 DEBUG qt.scenegraph.time.renderer: time in renderer: total=0ms, preprocess=0, updates=0, rendering=0
2026-07-14 19:19:45.022 DEBUG qt.scenegraph.time.renderloop: [window 0x7f030130be40][render thread 0x7f0301180040] syncAndRender: frame rendered in 0ms, sync=0, render=0, swap=0
2026-07-14 19:19:45.025 DEBUG qt.scenegraph.time.renderloop: [window 0x7f030130be40][gui thread] polishAndSync: start, elapsed since last call: 2 ms
2026-07-14 19:19:45.025 DEBUG qt.scenegraph.time.renderloop: [window 0x7f030130be40][render thread 0x7f0301180040] syncAndRender: start, elapsed since last call: 2 ms
2026-07-14 19:19:45.025 DEBUG qt.scenegraph.time.renderloop: [window 0x7f030130be40][gui thread] Frame prepared, polish=0 ms, lock=0 ms, blockedForSync=0 ms, animations=0 ms
2026-07-14 19:19:45.025 DEBUG qt.scenegraph.time.renderer: time in renderer: total=0ms, preprocess=0, updates=0, rendering=0
2026-07-14 19:19:45.025 DEBUG qt.scenegraph.time.renderloop: [window 0x7f030130be40][render thread 0x7f0301180040] syncAndRender: frame rendered in 0ms, sync=0, render=0, swap=0
2026-07-14 19:19:45.056 DEBUG qt.scenegraph.time.renderloop: [window 0x7f030130be40][gui thread] polishAndSync: start, elapsed since last call: 31 ms
2026-07-14 19:19:45.056 DEBUG qt.scenegraph.time.renderloop: [window 0x7f030130be40][render thread 0x7f0301180040] syncAndRender: start, elapsed since last call: 31 ms
2026-07-14 19:19:45.056 DEBUG qt.scenegraph.time.renderloop: [window 0x7f030130be40][gui thread] Frame prepared, polish=0 ms, lock=0 ms, blockedForSync=0 ms, animations=0 ms
2026-07-14 19:19:45.056 DEBUG qt.scenegraph.time.renderer: time in renderer: total=0ms, preprocess=0, updates=0, rendering=0
2026-07-14 19:19:45.057 DEBUG qt.scenegraph.time.renderloop: [window 0x7f030130be40][render thread 0x7f0301180040] syncAndRender: frame rendered in 0ms, sync=0, render=0, swap=0
2026-07-14 19:19:45.059 DEBUG qt.scenegraph.time.renderloop: [window 0x7f030130be40][gui thread] polishAndSync: start, elapsed since last call: 3 ms
2026-07-14 19:19:45.059 DEBUG qt.scenegraph.time.renderloop: [window 0x7f030130be40][render thread 0x7f0301180040] syncAndRender: start, elapsed since last call: 3 ms
2026-07-14 19:19:45.059 DEBUG qt.scenegraph.time.renderloop: [window 0x7f030130be40][gui thread] Frame prepared, polish=0 ms, lock=0 ms, blockedForSync=0 ms, animations=0 ms
2026-07-14 19:19:45.059 DEBUG qt.scenegraph.time.renderer: time in renderer: total=0ms, preprocess=0, updates=0, rendering=0
2026-07-14 19:19:45.060 DEBUG qt.scenegraph.time.renderloop: [window 0x7f030130be40][render thread 0x7f0301180040] syncAndRender: frame rendered in 0ms, sync=0, render=0, swap=0
2026-07-14 19:19:45.088 DEBUG qt.scenegraph.time.renderloop: [window 0x7f030130be40][gui thread] polishAndSync: start, elapsed since last call: 29 ms
2026-07-14 19:19:45.089 DEBUG qt.scenegraph.time.renderloop: [window 0x7f030130be40][render thread 0x7f0301180040] syncAndRender: start, elapsed since last call: 29 ms
2026-07-14 19:19:45.089 DEBUG qt.scenegraph.time.renderloop: [window 0x7f030130be40][gui thread] Frame prepared, polish=0 ms, lock=0 ms, blockedForSync=0 ms, animations=0 ms
2026-07-14 19:19:45.089 DEBUG qt.scenegraph.time.renderer: time in renderer: total=0ms, preprocess=0, updates=0, rendering=0
2026-07-14 19:19:45.089 DEBUG qt.scenegraph.time.renderloop: [window 0x7f030130be40][render thread 0x7f0301180040] syncAndRender: frame rendered in 0ms, sync=0, render=0, swap=0
2026-07-14 19:19:45.094 DEBUG qt.scenegraph.time.renderloop: [window 0x7f030130be40][gui thread] polishAndSync: start, elapsed since last call: 5 ms
2026-07-14 19:19:45.094 DEBUG qt.scenegraph.time.renderloop: [window 0x7f030130be40][render thread 0x7f0301180040] syncAndRender: start, elapsed since last call: 5 ms
2026-07-14 19:19:45.094 DEBUG qt.scenegraph.time.renderloop: [window 0x7f030130be40][gui thread] Frame prepared, polish=0 ms, lock=0 ms, blockedForSync=0 ms, animations=0 ms
2026-07-14 19:19:45.094 DEBUG qt.scenegraph.time.renderer: time in renderer: total=0ms, preprocess=0, updates=0, rendering=0
2026-07-14 19:19:45.094 DEBUG qt.scenegraph.time.renderloop: [window 0x7f030130be40][render thread 0x7f0301180040] syncAndRender: frame rendered in 0ms, sync=0, render=0, swap=0
2026-07-14 19:19:45.121 DEBUG qt.scenegraph.time.renderloop: [window 0x7f030130be40][gui thread] polishAndSync: start, elapsed since last call: 27 ms
2026-07-14 19:19:45.121 DEBUG qt.scenegraph.time.renderloop: [window 0x7f030130be40][render thread 0x7f0301180040] syncAndRender: start, elapsed since last call: 27 ms
2026-07-14 19:19:45.122 DEBUG qt.scenegraph.time.renderloop: [window 0x7f030130be40][gui thread] Frame prepared, polish=0 ms, lock=0 ms, blockedForSync=0 ms, animations=0 ms
2026-07-14 19:19:45.122 DEBUG qt.scenegraph.time.renderer: time in renderer: total=0ms, preprocess=0, updates=0, rendering=0
2026-07-14 19:19:45.122 DEBUG qt.scenegraph.time.renderloop: [window 0x7f030130be40][render thread 0x7f0301180040] syncAndRender: frame rendered in 0ms, sync=0, render=0, swap=0
2026-07-14 19:19:45.122 DEBUG qt.scenegraph.time.renderloop: [window 0x7f030130be40][gui thread] polishAndSync: start, elapsed since last call: 1 ms
2026-07-14 19:19:45.122 DEBUG qt.scenegraph.time.renderloop: [window 0x7f030130be40][render thread 0x7f0301180040] syncAndRender: start, elapsed since last call: 0 ms
2026-07-14 19:19:45.122 DEBUG qt.scenegraph.time.renderloop: [window 0x7f030130be40][gui thread] Frame prepared, polish=0 ms, lock=0 ms, blockedForSync=0 ms, animations=0 ms
2026-07-14 19:19:45.122 DEBUG qt.scenegraph.time.renderer: time in renderer: total=0ms, preprocess=0, updates=0, rendering=0
2026-07-14 19:19:45.123 DEBUG qt.scenegraph.time.renderloop: [window 0x7f030130be40][render thread 0x7f0301180040] syncAndRender: frame rendered in 0ms, sync=0, render=0, swap=0
2026-07-14 19:19:45.154 DEBUG qt.scenegraph.time.renderloop: [window 0x7f030130be40][gui thread] polishAndSync: start, elapsed since last call: 31 ms
2026-07-14 19:19:45.154 DEBUG qt.scenegraph.time.renderloop: [window 0x7f030130be40][render thread 0x7f0301180040] syncAndRender: start, elapsed since last call: 31 ms
2026-07-14 19:19:45.154 DEBUG qt.scenegraph.time.renderloop: [window 0x7f030130be40][gui thread] Frame prepared, polish=0 ms, lock=0 ms, blockedForSync=0 ms, animations=0 ms
2026-07-14 19:19:45.154 DEBUG qt.scenegraph.time.renderer: time in renderer: total=0ms, preprocess=0, updates=0, rendering=0
2026-07-14 19:19:45.154 DEBUG qt.scenegraph.time.renderloop: [window 0x7f030130be40][render thread 0x7f0301180040] syncAndRender: frame rendered in 0ms, sync=0, render=0, swap=0
2026-07-14 19:19:45.155 DEBUG qt.scenegraph.time.renderloop: [window 0x7f030130be40][gui thread] polishAndSync: start, elapsed since last call: 1 ms
2026-07-14 19:19:45.155 DEBUG qt.scenegraph.time.renderloop: [window 0x7f030130be40][render thread 0x7f0301180040] syncAndRender: start, elapsed since last call: 0 ms
2026-07-14 19:19:45.155 DEBUG qt.scenegraph.time.renderloop: [window 0x7f030130be40][gui thread] Frame prepared, polish=0 ms, lock=0 ms, blockedForSync=0 ms, animations=0 ms
2026-07-14 19:19:45.155 DEBUG qt.scenegraph.time.renderer: time in renderer: total=0ms, preprocess=0, updates=0, rendering=0
2026-07-14 19:19:45.155 DEBUG qt.scenegraph.time.renderloop: [window 0x7f030130be40][render thread 0x7f0301180040] syncAndRender: frame rendered in 0ms, sync=0, render=0, swap=0
2026-07-14 19:19:45.188 DEBUG qt.scenegraph.time.renderloop: [window 0x7f030130be40][gui thread] polishAndSync: start, elapsed since last call: 32 ms
2026-07-14 19:19:45.188 DEBUG qt.scenegraph.time.renderloop: [window 0x7f030130be40][render thread 0x7f0301180040] syncAndRender: start, elapsed since last call: 33 ms
2026-07-14 19:19:45.188 DEBUG qt.scenegraph.time.renderloop: [window 0x7f030130be40][gui thread] Frame prepared, polish=0 ms, lock=0 ms, blockedForSync=0 ms, animations=0 ms
2026-07-14 19:19:45.188 DEBUG qt.scenegraph.time.renderer: time in renderer: total=0ms, preprocess=0, updates=0, rendering=0
2026-07-14 19:19:45.188 DEBUG qt.scenegraph.time.renderloop: [window 0x7f030130be40][render thread 0x7f0301180040] syncAndRender: frame rendered in 0ms, sync=0, render=0, swap=0
2026-07-14 19:19:45.189 DEBUG qt.scenegraph.time.renderloop: [window 0x7f030130be40][gui thread] polishAndSync: start, elapsed since last call: 1 ms
2026-07-14 19:19:45.189 DEBUG qt.scenegraph.time.renderloop: [window 0x7f030130be40][render thread 0x7f0301180040] syncAndRender: start, elapsed since last call: 0 ms
2026-07-14 19:19:45.189 DEBUG qt.scenegraph.time.renderloop: [window 0x7f030130be40][gui thread] Frame prepared, polish=0 ms, lock=0 ms, blockedForSync=0 ms, animations=0 ms
2026-07-14 19:19:45.189 DEBUG qt.scenegraph.time.renderer: time in renderer: total=0ms, preprocess=0, updates=0, rendering=0
2026-07-14 19:19:45.189 DEBUG qt.scenegraph.time.renderloop: [window 0x7f030130be40][render thread 0x7f0301180040] syncAndRender: frame rendered in 0ms, sync=0, render=0, swap=0
2026-07-14 19:19:45.220 DEBUG qt.scenegraph.time.renderloop: [window 0x7f030130be40][gui thread] polishAndSync: start, elapsed since last call: 31 ms
2026-07-14 19:19:45.221 DEBUG qt.scenegraph.time.renderloop: [window 0x7f030130be40][render thread 0x7f0301180040] syncAndRender: start, elapsed since last call: 31 ms
2026-07-14 19:19:45.221 DEBUG qt.scenegraph.time.renderloop: [window 0x7f030130be40][gui thread] Frame prepared, polish=0 ms, lock=0 ms, blockedForSync=0 ms, animations=0 ms
2026-07-14 19:19:45.221 DEBUG qt.scenegraph.time.renderer: time in renderer: total=0ms, preprocess=0, updates=0, rendering=0
2026-07-14 19:19:45.221 DEBUG qt.scenegraph.time.renderloop: [window 0x7f030130be40][render thread 0x7f0301180040] syncAndRender: frame rendered in 0ms, sync=0, render=0, swap=0
2026-07-14 19:19:45.221 DEBUG qt.scenegraph.time.renderloop: [window 0x7f030130be40][gui thread] polishAndSync: start, elapsed since last call: 0 ms
2026-07-14 19:19:45.221 DEBUG qt.scenegraph.time.renderloop: [window 0x7f030130be40][render thread 0x7f0301180040] syncAndRender: start, elapsed since last call: 0 ms
2026-07-14 19:19:45.221 DEBUG qt.scenegraph.time.renderloop: [window 0x7f030130be40][gui thread] Frame prepared, polish=0 ms, lock=0 ms, blockedForSync=0 ms, animations=0 ms
2026-07-14 19:19:45.221 DEBUG qt.scenegraph.time.renderer: time in renderer: total=0ms, preprocess=0, updates=0, rendering=0
2026-07-14 19:19:45.222 DEBUG qt.scenegraph.time.renderloop: [window 0x7f030130be40][render thread 0x7f0301180040] syncAndRender: frame rendered in 0ms, sync=0, render=0, swap=0
2026-07-14 19:19:45.253 DEBUG qt.scenegraph.time.renderloop: [window 0x7f030130be40][gui thread] polishAndSync: start, elapsed since last call: 31 ms
2026-07-14 19:19:45.254 DEBUG qt.scenegraph.time.renderloop: [window 0x7f030130be40][render thread 0x7f0301180040] syncAndRender: start, elapsed since last call: 32 ms
2026-07-14 19:19:45.254 DEBUG qt.scenegraph.time.renderloop: [window 0x7f030130be40][gui thread] Frame prepared, polish=0 ms, lock=0 ms, blockedForSync=0 ms, animations=0 ms
2026-07-14 19:19:45.254 DEBUG qt.scenegraph.time.renderer: time in renderer: total=0ms, preprocess=0, updates=0, rendering=0
2026-07-14 19:19:45.254 DEBUG qt.scenegraph.time.renderloop: [window 0x7f030130be40][render thread 0x7f0301180040] syncAndRender: frame rendered in 0ms, sync=0, render=0, swap=0
2026-07-14 19:19:45.261 DEBUG qt.scenegraph.time.renderloop: [window 0x7f030130be40][gui thread] polishAndSync: start, elapsed since last call: 7 ms
2026-07-14 19:19:45.261 DEBUG qt.scenegraph.time.renderloop: [window 0x7f030130be40][render thread 0x7f0301180040] syncAndRender: start, elapsed since last call: 7 ms
2026-07-14 19:19:45.261 DEBUG qt.scenegraph.time.renderloop: [window 0x7f030130be40][gui thread] Frame prepared, polish=0 ms, lock=0 ms, blockedForSync=0 ms, animations=0 ms
2026-07-14 19:19:45.261 DEBUG qt.scenegraph.time.renderer: time in renderer: total=0ms, preprocess=0, updates=0, rendering=0
2026-07-14 19:19:45.261 DEBUG qt.scenegraph.time.renderloop: [window 0x7f030130be40][render thread 0x7f0301180040] syncAndRender: frame rendered in 0ms, sync=0, render=0, swap=0
2026-07-14 19:19:45.286 DEBUG qt.scenegraph.time.renderloop: [window 0x7f030130be40][gui thread] polishAndSync: start, elapsed since last call: 25 ms
2026-07-14 19:19:45.286 DEBUG qt.scenegraph.time.renderloop: [window 0x7f030130be40][render thread 0x7f0301180040] syncAndRender: start, elapsed since last call: 25 ms
2026-07-14 19:19:45.286 DEBUG qt.scenegraph.time.renderloop: [window 0x7f030130be40][gui thread] Frame prepared, polish=0 ms, lock=0 ms, blockedForSync=0 ms, animations=0 ms
2026-07-14 19:19:45.286 DEBUG qt.scenegraph.time.renderer: time in renderer: total=0ms, preprocess=0, updates=0, rendering=0
2026-07-14 19:19:45.286 DEBUG qt.scenegraph.time.renderloop: [window 0x7f030130be40][render thread 0x7f0301180040] syncAndRender: frame rendered in 0ms, sync=0, render=0, swap=0
2026-07-14 19:19:45.289 DEBUG qt.scenegraph.time.renderloop: [window 0x7f030130be40][gui thread] polishAndSync: start, elapsed since last call: 2 ms
2026-07-14 19:19:45.289 DEBUG qt.scenegraph.time.renderloop: [window 0x7f030130be40][render thread 0x7f0301180040] syncAndRender: start, elapsed since last call: 2 ms
2026-07-14 19:19:45.289 DEBUG qt.scenegraph.time.renderloop: [window 0x7f030130be40][gui thread] Frame prepared, polish=0 ms, lock=0 ms, blockedForSync=0 ms, animations=0 ms
2026-07-14 19:19:45.289 DEBUG qt.scenegraph.time.renderer: time in renderer: total=0ms, preprocess=0, updates=0, rendering=0
2026-07-14 19:19:45.289 DEBUG qt.scenegraph.time.renderloop: [window 0x7f030130be40][render thread 0x7f0301180040] syncAndRender: frame rendered in 0ms, sync=0, render=0, swap=0
2026-07-14 19:19:45.296 DEBUG qt.scenegraph.time.renderloop: [window 0x7f030130be40][gui thread] polishAndSync: start, elapsed since last call: 7 ms
2026-07-14 19:19:45.296 DEBUG qt.scenegraph.time.renderloop: [window 0x7f030130be40][render thread 0x7f0301180040] syncAndRender: start, elapsed since last call: 7 ms
2026-07-14 19:19:45.296 DEBUG qt.scenegraph.time.renderloop: [window 0x7f030130be40][gui thread] Frame prepared, polish=0 ms, lock=0 ms, blockedForSync=0 ms, animations=0 ms
2026-07-14 19:19:45.296 DEBUG qt.scenegraph.time.renderloop: [window 0x7f030130be40][gui thread] polishAndSync: start, elapsed since last call: 0 ms
2026-07-14 19:19:45.296 DEBUG qt.scenegraph.time.texture: atlastexture upload enqueued in: -9223357813819ms (16x16)
2026-07-14 19:19:45.296 DEBUG qt.scenegraph.time.texture: atlastexture upload enqueued in: -9223357813819ms (36x14)
2026-07-14 19:19:45.296 DEBUG qt.scenegraph.time.renderer: time in renderer: total=0ms, preprocess=0, updates=0, rendering=0
2026-07-14 19:19:45.297 DEBUG qt.scenegraph.time.renderloop: [window 0x7f030130be40][render thread 0x7f0301180040] syncAndRender: frame rendered in 0ms, sync=0, render=0, swap=0
2026-07-14 19:19:45.297 DEBUG qt.scenegraph.time.renderloop: [window 0x7f030130be40][render thread 0x7f0301180040] syncAndRender: start, elapsed since last call: 0 ms
2026-07-14 19:19:45.297 DEBUG qt.scenegraph.time.renderloop: [window 0x7f030130be40][gui thread] Frame prepared, polish=0 ms, lock=0 ms, blockedForSync=0 ms, animations=0 ms
2026-07-14 19:19:45.297 DEBUG qt.scenegraph.time.renderer: time in renderer: total=0ms, preprocess=0, updates=0, rendering=0
2026-07-14 19:19:45.303 DEBUG qt.scenegraph.time.renderloop: [window 0x7f030130be40][gui thread] polishAndSync: start, elapsed since last call: 6 ms
2026-07-14 19:19:45.303 DEBUG qt.scenegraph.time.renderloop: [window 0x7f030130be40][render thread 0x7f0301180040] syncAndRender: frame rendered in 5ms, sync=0, render=0, swap=5
2026-07-14 19:19:45.303 DEBUG qt.scenegraph.time.renderloop: [window 0x7f030130be40][render thread 0x7f0301180040] syncAndRender: start, elapsed since last call: 6 ms
2026-07-14 19:19:45.303 DEBUG qt.scenegraph.time.renderloop: [window 0x7f030130be40][gui thread] Frame prepared, polish=0 ms, lock=0 ms, blockedForSync=0 ms, animations=0 ms
2026-07-14 19:19:45.303 DEBUG qt.scenegraph.time.texture: atlastexture upload enqueued in: -9223357813813ms (36x14)
2026-07-14 19:19:45.303 DEBUG qt.scenegraph.time.renderer: time in renderer: total=0ms, preprocess=0, updates=0, rendering=0
2026-07-14 19:19:45.309 DEBUG qt.scenegraph.time.renderloop: [window 0x7f030130be40][gui thread] polishAndSync: start, elapsed since last call: 6 ms
2026-07-14 19:19:45.309 DEBUG qt.scenegraph.time.renderloop: [window 0x7f030130be40][render thread 0x7f0301180040] syncAndRender: frame rendered in 6ms, sync=0, render=0, swap=6
2026-07-14 19:19:45.309 DEBUG qt.scenegraph.time.renderloop: [window 0x7f030130be40][render thread 0x7f0301180040] syncAndRender: start, elapsed since last call: 6 ms
2026-07-14 19:19:45.309 DEBUG qt.scenegraph.time.renderloop: [window 0x7f030130be40][gui thread] Frame prepared, polish=0 ms, lock=0 ms, blockedForSync=0 ms, animations=0 ms
2026-07-14 19:19:45.309 DEBUG qt.scenegraph.time.renderer: time in renderer: total=0ms, preprocess=0, updates=0, rendering=0
2026-07-14 19:19:45.316 DEBUG qt.scenegraph.time.renderloop: [window 0x7f030130be40][gui thread] polishAndSync: start, elapsed since last call: 7 ms
2026-07-14 19:19:45.317 DEBUG qt.scenegraph.time.renderloop: [window 0x7f030130be40][render thread 0x7f0301180040] syncAndRender: frame rendered in 7ms, sync=0, render=0, swap=7
2026-07-14 19:19:45.317 DEBUG qt.scenegraph.time.renderloop: [window 0x7f030130be40][render thread 0x7f0301180040] syncAndRender: start, elapsed since last call: 7 ms
2026-07-14 19:19:45.317 DEBUG qt.scenegraph.time.renderloop: [window 0x7f030130be40][gui thread] Frame prepared, polish=0 ms, lock=0 ms, blockedForSync=0 ms, animations=0 ms
2026-07-14 19:19:45.317 DEBUG qt.scenegraph.time.renderer: time in renderer: total=0ms, preprocess=0, updates=0, rendering=0
2026-07-14 19:19:45.323 DEBUG qt.scenegraph.time.renderloop: [window 0x7f030130be40][gui thread] polishAndSync: start, elapsed since last call: 6 ms
2026-07-14 19:19:45.323 DEBUG qt.scenegraph.time.renderloop: [window 0x7f030130be40][render thread 0x7f0301180040] syncAndRender: frame rendered in 6ms, sync=0, render=0, swap=6
2026-07-14 19:19:45.324 DEBUG qt.scenegraph.time.renderloop: [window 0x7f030130be40][render thread 0x7f0301180040] syncAndRender: start, elapsed since last call: 7 ms
2026-07-14 19:19:45.324 DEBUG qt.scenegraph.time.renderloop: [window 0x7f030130be40][gui thread] Frame prepared, polish=0 ms, lock=0 ms, blockedForSync=0 ms, animations=0 ms
2026-07-14 19:19:45.324 DEBUG qt.scenegraph.time.renderer: time in renderer: total=0ms, preprocess=0, updates=0, rendering=0
2026-07-14 19:19:45.330 DEBUG qt.scenegraph.time.renderloop: [window 0x7f030130be40][gui thread] polishAndSync: start, elapsed since last call: 7 ms
2026-07-14 19:19:45.330 DEBUG qt.scenegraph.time.renderloop: [window 0x7f030130be40][render thread 0x7f0301180040] syncAndRender: frame rendered in 6ms, sync=0, render=0, swap=6
2026-07-14 19:19:45.330 DEBUG qt.scenegraph.time.renderloop: [window 0x7f030130be40][render thread 0x7f0301180040] syncAndRender: start, elapsed since last call: 6 ms
2026-07-14 19:19:45.330 DEBUG qt.scenegraph.time.renderloop: [window 0x7f030130be40][gui thread] Frame prepared, polish=0 ms, lock=0 ms, blockedForSync=0 ms, animations=0 ms
2026-07-14 19:19:45.331 DEBUG qt.scenegraph.time.renderer: time in renderer: total=0ms, preprocess=0, updates=0, rendering=0
2026-07-14 19:19:45.337 DEBUG qt.scenegraph.time.renderloop: [window 0x7f030130be40][gui thread] polishAndSync: start, elapsed since last call: 6 ms
2026-07-14 19:19:45.337 DEBUG qt.scenegraph.time.renderloop: [window 0x7f030130be40][render thread 0x7f0301180040] syncAndRender: frame rendered in 6ms, sync=0, render=0, swap=6
2026-07-14 19:19:45.337 DEBUG qt.scenegraph.time.renderloop: [window 0x7f030130be40][render thread 0x7f0301180040] syncAndRender: start, elapsed since last call: 6 ms
2026-07-14 19:19:45.337 DEBUG qt.scenegraph.time.renderloop: [window 0x7f030130be40][gui thread] Frame prepared, polish=0 ms, lock=0 ms, blockedForSync=0 ms, animations=0 ms
2026-07-14 19:19:45.337 DEBUG qt.scenegraph.time.renderer: time in renderer: total=0ms, preprocess=0, updates=0, rendering=0
2026-07-14 19:19:45.344 DEBUG qt.scenegraph.time.renderloop: [window 0x7f030130be40][gui thread] polishAndSync: start, elapsed since last call: 6 ms
2026-07-14 19:19:45.344 DEBUG qt.scenegraph.time.renderloop: [window 0x7f030130be40][render thread 0x7f0301180040] syncAndRender: frame rendered in 6ms, sync=0, render=0, swap=6
2026-07-14 19:19:45.344 DEBUG qt.scenegraph.time.renderloop: [window 0x7f030130be40][render thread 0x7f0301180040] syncAndRender: start, elapsed since last call: 6 ms
2026-07-14 19:19:45.344 DEBUG qt.scenegraph.time.renderloop: [window 0x7f030130be40][gui thread] Frame prepared, polish=0 ms, lock=0 ms, blockedForSync=0 ms, animations=0 ms
2026-07-14 19:19:45.344 DEBUG qt.scenegraph.time.renderer: time in renderer: total=0ms, preprocess=0, updates=0, rendering=0
2026-07-14 19:19:45.351 DEBUG qt.scenegraph.time.renderloop: [window 0x7f030130be40][gui thread] polishAndSync: start, elapsed since last call: 6 ms
2026-07-14 19:19:45.351 DEBUG qt.scenegraph.time.renderloop: [window 0x7f030130be40][render thread 0x7f0301180040] syncAndRender: frame rendered in 6ms, sync=0, render=0, swap=6
2026-07-14 19:19:45.351 DEBUG qt.scenegraph.time.renderloop: [window 0x7f030130be40][render thread 0x7f0301180040] syncAndRender: start, elapsed since last call: 7 ms
2026-07-14 19:19:45.351 DEBUG qt.scenegraph.time.renderloop: [window 0x7f030130be40][gui thread] Frame prepared, polish=0 ms, lock=0 ms, blockedForSync=0 ms, animations=0 ms
2026-07-14 19:19:45.351 DEBUG qt.scenegraph.time.renderer: time in renderer: total=0ms, preprocess=0, updates=0, rendering=0
2026-07-14 19:19:45.358 DEBUG qt.scenegraph.time.renderloop: [window 0x7f030130be40][render thread 0x7f0301180040] syncAndRender: frame rendered in 6ms, sync=0, render=0, swap=6
2026-07-14 19:19:45.358 DEBUG qt.scenegraph.time.renderloop: [window 0x7f030130be40][gui thread] polishAndSync: start, elapsed since last call: 6 ms
2026-07-14 19:19:45.358 DEBUG qt.scenegraph.time.renderloop: [window 0x7f030130be40][render thread 0x7f0301180040] syncAndRender: start, elapsed since last call: 6 ms
2026-07-14 19:19:45.358 DEBUG qt.scenegraph.time.renderloop: [window 0x7f030130be40][gui thread] Frame prepared, polish=0 ms, lock=0 ms, blockedForSync=0 ms, animations=0 ms
2026-07-14 19:19:45.358 DEBUG qt.scenegraph.time.renderer: time in renderer: total=0ms, preprocess=0, updates=0, rendering=0
2026-07-14 19:19:45.365 DEBUG qt.scenegraph.time.renderloop: [window 0x7f030130be40][gui thread] polishAndSync: start, elapsed since last call: 6 ms
2026-07-14 19:19:45.365 DEBUG qt.scenegraph.time.renderloop: [window 0x7f030130be40][render thread 0x7f0301180040] syncAndRender: frame rendered in 6ms, sync=0, render=0, swap=6
2026-07-14 19:19:45.365 DEBUG qt.scenegraph.time.renderloop: [window 0x7f030130be40][render thread 0x7f0301180040] syncAndRender: start, elapsed since last call: 6 ms
2026-07-14 19:19:45.365 DEBUG qt.scenegraph.time.renderloop: [window 0x7f030130be40][gui thread] Frame prepared, polish=0 ms, lock=0 ms, blockedForSync=0 ms, animations=0 ms
2026-07-14 19:19:45.365 DEBUG qt.scenegraph.time.renderer: time in renderer: total=0ms, preprocess=0, updates=0, rendering=0
2026-07-14 19:19:45.372 DEBUG qt.scenegraph.time.renderloop: [window 0x7f030130be40][gui thread] polishAndSync: start, elapsed since last call: 6 ms
2026-07-14 19:19:45.372 DEBUG qt.scenegraph.time.renderloop: [window 0x7f030130be40][render thread 0x7f0301180040] syncAndRender: frame rendered in 6ms, sync=0, render=0, swap=6
2026-07-14 19:19:45.372 DEBUG qt.scenegraph.time.renderloop: [window 0x7f030130be40][render thread 0x7f0301180040] syncAndRender: start, elapsed since last call: 6 ms
2026-07-14 19:19:45.372 DEBUG qt.scenegraph.time.renderloop: [window 0x7f030130be40][gui thread] Frame prepared, polish=0 ms, lock=0 ms, blockedForSync=0 ms, animations=0 ms
2026-07-14 19:19:45.372 DEBUG qt.scenegraph.time.renderer: time in renderer: total=0ms, preprocess=0, updates=0, rendering=0
2026-07-14 19:19:45.379 DEBUG qt.scenegraph.time.renderloop: [window 0x7f030130be40][gui thread] polishAndSync: start, elapsed since last call: 6 ms
2026-07-14 19:19:45.379 DEBUG qt.scenegraph.time.renderloop: [window 0x7f030130be40][render thread 0x7f0301180040] syncAndRender: frame rendered in 6ms, sync=0, render=0, swap=6
2026-07-14 19:19:45.379 DEBUG qt.scenegraph.time.renderloop: [window 0x7f030130be40][render thread 0x7f0301180040] syncAndRender: start, elapsed since last call: 6 ms
2026-07-14 19:19:45.379 DEBUG qt.scenegraph.time.renderloop: [window 0x7f030130be40][gui thread] Frame prepared, polish=0 ms, lock=0 ms, blockedForSync=0 ms, animations=0 ms
2026-07-14 19:19:45.379 DEBUG qt.scenegraph.time.renderer: time in renderer: total=0ms, preprocess=0, updates=0, rendering=0
2026-07-14 19:19:45.386 DEBUG qt.scenegraph.time.renderloop: [window 0x7f030130be40][gui thread] polishAndSync: start, elapsed since last call: 6 ms
2026-07-14 19:19:45.386 DEBUG qt.scenegraph.time.renderloop: [window 0x7f030130be40][render thread 0x7f0301180040] syncAndRender: frame rendered in 6ms, sync=0, render=0, swap=6
2026-07-14 19:19:45.386 DEBUG qt.scenegraph.time.renderloop: [window 0x7f030130be40][render thread 0x7f0301180040] syncAndRender: start, elapsed since last call: 7 ms
2026-07-14 19:19:45.386 DEBUG qt.scenegraph.time.renderloop: [window 0x7f030130be40][gui thread] Frame prepared, polish=0 ms, lock=0 ms, blockedForSync=0 ms, animations=0 ms
2026-07-14 19:19:45.386 DEBUG qt.scenegraph.time.renderer: time in renderer: total=0ms, preprocess=0, updates=0, rendering=0
2026-07-14 19:19:45.393 DEBUG qt.scenegraph.time.renderloop: [window 0x7f030130be40][gui thread] polishAndSync: start, elapsed since last call: 7 ms
2026-07-14 19:19:45.393 DEBUG qt.scenegraph.time.renderloop: [window 0x7f030130be40][render thread 0x7f0301180040] syncAndRender: frame rendered in 6ms, sync=0, render=0, swap=6
2026-07-14 19:19:45.393 DEBUG qt.scenegraph.time.renderloop: [window 0x7f030130be40][render thread 0x7f0301180040] syncAndRender: start, elapsed since last call: 6 ms
2026-07-14 19:19:45.393 DEBUG qt.scenegraph.time.renderloop: [window 0x7f030130be40][gui thread] Frame prepared, polish=0 ms, lock=0 ms, blockedForSync=0 ms, animations=0 ms
2026-07-14 19:19:45.393 DEBUG qt.scenegraph.time.renderer: time in renderer: total=0ms, preprocess=0, updates=0, rendering=0
2026-07-14 19:19:45.400 DEBUG qt.scenegraph.time.renderloop: [window 0x7f030130be40][gui thread] polishAndSync: start, elapsed since last call: 6 ms
2026-07-14 19:19:45.400 DEBUG qt.scenegraph.time.renderloop: [window 0x7f030130be40][render thread 0x7f0301180040] syncAndRender: frame rendered in 6ms, sync=0, render=0, swap=6
2026-07-14 19:19:45.400 DEBUG qt.scenegraph.time.renderloop: [window 0x7f030130be40][render thread 0x7f0301180040] syncAndRender: start, elapsed since last call: 6 ms
2026-07-14 19:19:45.400 DEBUG qt.scenegraph.time.renderloop: [window 0x7f030130be40][gui thread] Frame prepared, polish=0 ms, lock=0 ms, blockedForSync=0 ms, animations=0 ms
2026-07-14 19:19:45.400 DEBUG qt.scenegraph.time.renderer: time in renderer: total=0ms, preprocess=0, updates=0, rendering=0
2026-07-14 19:19:45.407 DEBUG qt.scenegraph.time.renderloop: [window 0x7f030130be40][gui thread] polishAndSync: start, elapsed since last call: 6 ms
2026-07-14 19:19:45.407 DEBUG qt.scenegraph.time.renderloop: [window 0x7f030130be40][render thread 0x7f0301180040] syncAndRender: frame rendered in 6ms, sync=0, render=0, swap=6
2026-07-14 19:19:45.407 DEBUG qt.scenegraph.time.renderloop: [window 0x7f030130be40][render thread 0x7f0301180040] syncAndRender: start, elapsed since last call: 6 ms
2026-07-14 19:19:45.407 DEBUG qt.scenegraph.time.renderloop: [window 0x7f030130be40][gui thread] Frame prepared, polish=0 ms, lock=0 ms, blockedForSync=0 ms, animations=0 ms
2026-07-14 19:19:45.407 DEBUG qt.scenegraph.time.renderer: time in renderer: total=0ms, preprocess=0, updates=0, rendering=0
2026-07-14 19:19:45.414 DEBUG qt.scenegraph.time.renderloop: [window 0x7f030130be40][gui thread] polishAndSync: start, elapsed since last call: 6 ms
2026-07-14 19:19:45.414 DEBUG qt.scenegraph.time.renderloop: [window 0x7f030130be40][render thread 0x7f0301180040] syncAndRender: frame rendered in 6ms, sync=0, render=0, swap=6
2026-07-14 19:19:45.414 DEBUG qt.scenegraph.time.renderloop: [window 0x7f030130be40][render thread 0x7f0301180040] syncAndRender: start, elapsed since last call: 6 ms
2026-07-14 19:19:45.414 DEBUG qt.scenegraph.time.renderloop: [window 0x7f030130be40][gui thread] Frame prepared, polish=0 ms, lock=0 ms, blockedForSync=0 ms, animations=0 ms
2026-07-14 19:19:45.414 DEBUG qt.scenegraph.time.renderer: time in renderer: total=0ms, preprocess=0, updates=0, rendering=0
2026-07-14 19:19:45.421 DEBUG qt.scenegraph.time.renderloop: [window 0x7f030130be40][gui thread] polishAndSync: start, elapsed since last call: 6 ms
2026-07-14 19:19:45.421 DEBUG qt.scenegraph.time.renderloop: [window 0x7f030130be40][render thread 0x7f0301180040] syncAndRender: frame rendered in 6ms, sync=0, render=0, swap=6
2026-07-14 19:19:45.421 DEBUG qt.scenegraph.time.renderloop: [window 0x7f030130be40][render thread 0x7f0301180040] syncAndRender: start, elapsed since last call: 7 ms
2026-07-14 19:19:45.421 DEBUG qt.scenegraph.time.renderloop: [window 0x7f030130be40][gui thread] Frame prepared, polish=0 ms, lock=0 ms, blockedForSync=0 ms, animations=0 ms
2026-07-14 19:19:45.421 DEBUG qt.scenegraph.time.renderer: time in renderer: total=0ms, preprocess=0, updates=0, rendering=0
2026-07-14 19:19:45.428 DEBUG qt.scenegraph.time.renderloop: [window 0x7f030130be40][gui thread] polishAndSync: start, elapsed since last call: 6 ms
2026-07-14 19:19:45.428 DEBUG qt.scenegraph.time.renderloop: [window 0x7f030130be40][render thread 0x7f0301180040] syncAndRender: frame rendered in 6ms, sync=0, render=0, swap=6
2026-07-14 19:19:45.428 DEBUG qt.scenegraph.time.renderloop: [window 0x7f030130be40][render thread 0x7f0301180040] syncAndRender: start, elapsed since last call: 6 ms
2026-07-14 19:19:45.428 DEBUG qt.scenegraph.time.renderloop: [window 0x7f030130be40][gui thread] Frame prepared, polish=0 ms, lock=0 ms, blockedForSync=0 ms, animations=0 ms
2026-07-14 19:19:45.428 DEBUG qt.scenegraph.time.renderer: time in renderer: total=0ms, preprocess=0, updates=0, rendering=0
2026-07-14 19:19:45.434 DEBUG qt.scenegraph.time.renderloop: [window 0x7f030130be40][gui thread] polishAndSync: start, elapsed since last call: 6 ms
2026-07-14 19:19:45.434 DEBUG qt.scenegraph.time.renderloop: [window 0x7f030130be40][render thread 0x7f0301180040] syncAndRender: frame rendered in 6ms, sync=0, render=0, swap=6
2026-07-14 19:19:45.434 DEBUG qt.scenegraph.time.renderloop: [window 0x7f030130be40][render thread 0x7f0301180040] syncAndRender: start, elapsed since last call: 6 ms
2026-07-14 19:19:45.435 DEBUG qt.scenegraph.time.renderloop: [window 0x7f030130be40][gui thread] Frame prepared, polish=0 ms, lock=0 ms, blockedForSync=0 ms, animations=0 ms
2026-07-14 19:19:45.435 DEBUG qt.scenegraph.time.renderer: time in renderer: total=0ms, preprocess=0, updates=0, rendering=0
2026-07-14 19:19:45.441 DEBUG qt.scenegraph.time.renderloop: [window 0x7f030130be40][gui thread] polishAndSync: start, elapsed since last call: 6 ms
2026-07-14 19:19:45.441 DEBUG qt.scenegraph.time.renderloop: [window 0x7f030130be40][render thread 0x7f0301180040] syncAndRender: frame rendered in 6ms, sync=0, render=0, swap=6
2026-07-14 19:19:45.441 DEBUG qt.scenegraph.time.renderloop: [window 0x7f030130be40][render thread 0x7f0301180040] syncAndRender: start, elapsed since last call: 6 ms
2026-07-14 19:19:45.441 DEBUG qt.scenegraph.time.renderloop: [window 0x7f030130be40][gui thread] Frame prepared, polish=0 ms, lock=0 ms, blockedForSync=0 ms, animations=0 ms
2026-07-14 19:19:45.441 DEBUG qt.scenegraph.time.renderer: time in renderer: total=0ms, preprocess=0, updates=0, rendering=0
2026-07-14 19:19:45.448 DEBUG qt.scenegraph.time.renderloop: [window 0x7f030130be40][gui thread] polishAndSync: start, elapsed since last call: 6 ms
2026-07-14 19:19:45.448 DEBUG qt.scenegraph.time.renderloop: [window 0x7f030130be40][render thread 0x7f0301180040] syncAndRender: frame rendered in 6ms, sync=0, render=0, swap=6
2026-07-14 19:19:45.448 DEBUG qt.scenegraph.time.renderloop: [window 0x7f030130be40][render thread 0x7f0301180040] syncAndRender: start, elapsed since last call: 6 ms
2026-07-14 19:19:45.448 DEBUG qt.scenegraph.time.renderloop: [window 0x7f030130be40][gui thread] Frame prepared, polish=0 ms, lock=0 ms, blockedForSync=0 ms, animations=0 ms
2026-07-14 19:19:45.448 DEBUG qt.scenegraph.time.renderer: time in renderer: total=0ms, preprocess=0, updates=0, rendering=0
2026-07-14 19:19:45.455 DEBUG qt.scenegraph.time.renderloop: [window 0x7f030130be40][gui thread] polishAndSync: start, elapsed since last call: 6 ms
2026-07-14 19:19:45.455 DEBUG qt.scenegraph.time.renderloop: [window 0x7f030130be40][render thread 0x7f0301180040] syncAndRender: frame rendered in 6ms, sync=0, render=0, swap=6
2026-07-14 19:19:45.456 DEBUG qt.scenegraph.time.renderloop: [window 0x7f030130be40][render thread 0x7f0301180040] syncAndRender: start, elapsed since last call: 7 ms
2026-07-14 19:19:45.456 DEBUG qt.scenegraph.time.renderloop: [window 0x7f030130be40][gui thread] Frame prepared, polish=0 ms, lock=0 ms, blockedForSync=0 ms, animations=0 ms
2026-07-14 19:19:45.456 DEBUG qt.scenegraph.time.renderer: time in renderer: total=0ms, preprocess=0, updates=0, rendering=0
2026-07-14 19:19:45.462 DEBUG qt.scenegraph.time.renderloop: [window 0x7f030130be40][gui thread] polishAndSync: start, elapsed since last call: 6 ms
2026-07-14 19:19:45.462 DEBUG qt.scenegraph.time.renderloop: [window 0x7f030130be40][render thread 0x7f0301180040] syncAndRender: frame rendered in 6ms, sync=0, render=0, swap=6
2026-07-14 19:19:45.462 DEBUG qt.scenegraph.time.renderloop: [window 0x7f030130be40][render thread 0x7f0301180040] syncAndRender: start, elapsed since last call: 6 ms
2026-07-14 19:19:45.462 DEBUG qt.scenegraph.time.renderloop: [window 0x7f030130be40][gui thread] Frame prepared, polish=0 ms, lock=0 ms, blockedForSync=0 ms, animations=0 ms
2026-07-14 19:19:45.462 DEBUG qt.scenegraph.time.renderer: time in renderer: total=0ms, preprocess=0, updates=0, rendering=0
2026-07-14 19:19:45.469 DEBUG qt.scenegraph.time.renderloop: [window 0x7f030130be40][gui thread] polishAndSync: start, elapsed since last call: 6 ms
2026-07-14 19:19:45.469 DEBUG qt.scenegraph.time.renderloop: [window 0x7f030130be40][render thread 0x7f0301180040] syncAndRender: frame rendered in 6ms, sync=0, render=0, swap=6
2026-07-14 19:19:45.469 DEBUG qt.scenegraph.time.renderloop: [window 0x7f030130be40][render thread 0x7f0301180040] syncAndRender: start, elapsed since last call: 7 ms
2026-07-14 19:19:45.469 DEBUG qt.scenegraph.time.renderloop: [window 0x7f030130be40][gui thread] Frame prepared, polish=0 ms, lock=0 ms, blockedForSync=0 ms, animations=0 ms
2026-07-14 19:19:45.469 DEBUG qt.scenegraph.time.renderer: time in renderer: total=0ms, preprocess=0, updates=0, rendering=0
2026-07-14 19:19:45.476 DEBUG qt.scenegraph.time.renderloop: [window 0x7f030130be40][gui thread] polishAndSync: start, elapsed since last call: 7 ms
2026-07-14 19:19:45.476 DEBUG qt.scenegraph.time.renderloop: [window 0x7f030130be40][render thread 0x7f0301180040] syncAndRender: frame rendered in 7ms, sync=0, render=0, swap=7
2026-07-14 19:19:45.476 DEBUG qt.scenegraph.time.renderloop: [window 0x7f030130be40][render thread 0x7f0301180040] syncAndRender: start, elapsed since last call: 7 ms
2026-07-14 19:19:45.476 DEBUG qt.scenegraph.time.renderloop: [window 0x7f030130be40][gui thread] Frame prepared, polish=0 ms, lock=0 ms, blockedForSync=0 ms, animations=0 ms
2026-07-14 19:19:45.477 DEBUG qt.scenegraph.time.renderer: time in renderer: total=0ms, preprocess=0, updates=0, rendering=0
2026-07-14 19:19:45.483 DEBUG qt.scenegraph.time.renderloop: [window 0x7f030130be40][gui thread] polishAndSync: start, elapsed since last call: 6 ms
2026-07-14 19:19:45.483 DEBUG qt.scenegraph.time.renderloop: [window 0x7f030130be40][render thread 0x7f0301180040] syncAndRender: frame rendered in 6ms, sync=0, render=0, swap=6
2026-07-14 19:19:45.483 DEBUG qt.scenegraph.time.renderloop: [window 0x7f030130be40][render thread 0x7f0301180040] syncAndRender: start, elapsed since last call: 7 ms
2026-07-14 19:19:45.484 DEBUG qt.scenegraph.time.renderloop: [window 0x7f030130be40][gui thread] Frame prepared, polish=0 ms, lock=0 ms, blockedForSync=0 ms, animations=0 ms
2026-07-14 19:19:45.484 DEBUG qt.scenegraph.time.renderer: time in renderer: total=0ms, preprocess=0, updates=0, rendering=0
2026-07-14 19:19:45.490 DEBUG qt.scenegraph.time.renderloop: [window 0x7f030130be40][gui thread] polishAndSync: start, elapsed since last call: 6 ms
2026-07-14 19:19:45.490 DEBUG qt.scenegraph.time.renderloop: [window 0x7f030130be40][render thread 0x7f0301180040] syncAndRender: frame rendered in 6ms, sync=0, render=0, swap=6
2026-07-14 19:19:45.490 DEBUG qt.scenegraph.time.renderloop: [window 0x7f030130be40][render thread 0x7f0301180040] syncAndRender: start, elapsed since last call: 6 ms
2026-07-14 19:19:45.490 DEBUG qt.scenegraph.time.renderloop: [window 0x7f030130be40][gui thread] Frame prepared, polish=0 ms, lock=0 ms, blockedForSync=0 ms, animations=0 ms
2026-07-14 19:19:45.490 DEBUG qt.scenegraph.time.renderer: time in renderer: total=0ms, preprocess=0, updates=0, rendering=0
2026-07-14 19:19:45.497 DEBUG qt.scenegraph.time.renderloop: [window 0x7f030130be40][gui thread] polishAndSync: start, elapsed since last call: 7 ms
2026-07-14 19:19:45.497 DEBUG qt.scenegraph.time.renderloop: [window 0x7f030130be40][render thread 0x7f0301180040] syncAndRender: frame rendered in 7ms, sync=0, render=0, swap=6
2026-07-14 19:19:45.497 DEBUG qt.scenegraph.time.renderloop: [window 0x7f030130be40][render thread 0x7f0301180040] syncAndRender: start, elapsed since last call: 7 ms
2026-07-14 19:19:45.497 DEBUG qt.scenegraph.time.renderloop: [window 0x7f030130be40][gui thread] Frame prepared, polish=0 ms, lock=0 ms, blockedForSync=0 ms, animations=0 ms
2026-07-14 19:19:45.497 DEBUG qt.scenegraph.time.renderer: time in renderer: total=0ms, preprocess=0, updates=0, rendering=0
2026-07-14 19:19:45.504 DEBUG qt.scenegraph.time.renderloop: [window 0x7f030130be40][gui thread] polishAndSync: start, elapsed since last call: 6 ms
2026-07-14 19:19:45.504 DEBUG qt.scenegraph.time.renderloop: [window 0x7f030130be40][render thread 0x7f0301180040] syncAndRender: frame rendered in 6ms, sync=0, render=0, swap=6
2026-07-14 19:19:45.504 DEBUG qt.scenegraph.time.renderloop: [window 0x7f030130be40][render thread 0x7f0301180040] syncAndRender: start, elapsed since last call: 6 ms
2026-07-14 19:19:45.504 DEBUG qt.scenegraph.time.renderloop: [window 0x7f030130be40][gui thread] Frame prepared, polish=0 ms, lock=0 ms, blockedForSync=0 ms, animations=0 ms
2026-07-14 19:19:45.504 DEBUG qt.scenegraph.time.renderer: time in renderer: total=0ms, preprocess=0, updates=0, rendering=0
2026-07-14 19:19:45.511 DEBUG qt.scenegraph.time.renderloop: [window 0x7f030130be40][gui thread] polishAndSync: start, elapsed since last call: 6 ms
2026-07-14 19:19:45.511 DEBUG qt.scenegraph.time.renderloop: [window 0x7f030130be40][render thread 0x7f0301180040] syncAndRender: frame rendered in 6ms, sync=0, render=0, swap=6
2026-07-14 19:19:45.511 DEBUG qt.scenegraph.time.renderloop: [window 0x7f030130be40][render thread 0x7f0301180040] syncAndRender: start, elapsed since last call: 6 ms
2026-07-14 19:19:45.511 DEBUG qt.scenegraph.time.renderloop: [window 0x7f030130be40][gui thread] Frame prepared, polish=0 ms, lock=0 ms, blockedForSync=0 ms, animations=0 ms
2026-07-14 19:19:45.511 DEBUG qt.scenegraph.time.renderer: time in renderer: total=0ms, preprocess=0, updates=0, rendering=0
2026-07-14 19:19:45.518 DEBUG qt.scenegraph.time.renderloop: [window 0x7f030130be40][gui thread] polishAndSync: start, elapsed since last call: 6 ms
2026-07-14 19:19:45.518 DEBUG qt.scenegraph.time.renderloop: [window 0x7f030130be40][render thread 0x7f0301180040] syncAndRender: frame rendered in 6ms, sync=0, render=0, swap=6
2026-07-14 19:19:45.518 DEBUG qt.scenegraph.time.renderloop: [window 0x7f030130be40][render thread 0x7f0301180040] syncAndRender: start, elapsed since last call: 7 ms
2026-07-14 19:19:45.518 DEBUG qt.scenegraph.time.renderloop: [window 0x7f030130be40][gui thread] Frame prepared, polish=0 ms, lock=0 ms, blockedForSync=0 ms, animations=0 ms
2026-07-14 19:19:45.518 DEBUG qt.scenegraph.time.renderer: time in renderer: total=0ms, preprocess=0, updates=0, rendering=0
2026-07-14 19:19:45.525 DEBUG qt.scenegraph.time.renderloop: [window 0x7f030130be40][gui thread] polishAndSync: start, elapsed since last call: 6 ms
2026-07-14 19:19:45.525 DEBUG qt.scenegraph.time.renderloop: [window 0x7f030130be40][render thread 0x7f0301180040] syncAndRender: frame rendered in 6ms, sync=0, render=0, swap=6
2026-07-14 19:19:45.525 DEBUG qt.scenegraph.time.renderloop: [window 0x7f030130be40][render thread 0x7f0301180040] syncAndRender: start, elapsed since last call: 6 ms
2026-07-14 19:19:45.525 DEBUG qt.scenegraph.time.renderloop: [window 0x7f030130be40][gui thread] Frame prepared, polish=0 ms, lock=0 ms, blockedForSync=0 ms, animations=0 ms
2026-07-14 19:19:45.525 DEBUG qt.scenegraph.time.renderer: time in renderer: total=0ms, preprocess=0, updates=0, rendering=0
2026-07-14 19:19:45.532 DEBUG qt.scenegraph.time.renderloop: [window 0x7f030130be40][gui thread] polishAndSync: start, elapsed since last call: 7 ms
2026-07-14 19:19:45.532 DEBUG qt.scenegraph.time.renderloop: [window 0x7f030130be40][render thread 0x7f0301180040] syncAndRender: frame rendered in 7ms, sync=0, render=0, swap=6
2026-07-14 19:19:45.532 DEBUG qt.scenegraph.time.renderloop: [window 0x7f030130be40][render thread 0x7f0301180040] syncAndRender: start, elapsed since last call: 7 ms
2026-07-14 19:19:45.532 DEBUG qt.scenegraph.time.renderloop: [window 0x7f030130be40][gui thread] Frame prepared, polish=0 ms, lock=0 ms, blockedForSync=0 ms, animations=0 ms
2026-07-14 19:19:45.532 DEBUG qt.scenegraph.time.renderer: time in renderer: total=0ms, preprocess=0, updates=0, rendering=0
2026-07-14 19:19:45.539 DEBUG qt.scenegraph.time.renderloop: [window 0x7f030130be40][render thread 0x7f0301180040] syncAndRender: frame rendered in 6ms, sync=0, render=0, swap=6
2026-07-14 19:19:45.539 DEBUG qt.scenegraph.time.renderloop: [window 0x7f030130be40][gui thread] polishAndSync: start, elapsed since last call: 6 ms
2026-07-14 19:19:45.539 DEBUG qt.scenegraph.time.renderloop: [window 0x7f030130be40][render thread 0x7f0301180040] syncAndRender: start, elapsed since last call: 6 ms
2026-07-14 19:19:45.539 DEBUG qt.scenegraph.time.renderloop: [window 0x7f030130be40][gui thread] Frame prepared, polish=0 ms, lock=0 ms, blockedForSync=0 ms, animations=0 ms
2026-07-14 19:19:45.539 DEBUG qt.scenegraph.time.renderer: time in renderer: total=0ms, preprocess=0, updates=0, rendering=0
2026-07-14 19:19:45.546 DEBUG qt.scenegraph.time.renderloop: [window 0x7f030130be40][gui thread] polishAndSync: start, elapsed since last call: 7 ms
2026-07-14 19:19:45.546 DEBUG qt.scenegraph.time.renderloop: [window 0x7f030130be40][render thread 0x7f0301180040] syncAndRender: frame rendered in 7ms, sync=0, render=0, swap=7
2026-07-14 19:19:45.546 DEBUG qt.scenegraph.time.renderloop: [window 0x7f030130be40][render thread 0x7f0301180040] syncAndRender: start, elapsed since last call: 7 ms
2026-07-14 19:19:45.546 DEBUG qt.scenegraph.time.renderloop: [window 0x7f030130be40][gui thread] Frame prepared, polish=0 ms, lock=0 ms, blockedForSync=0 ms, animations=0 ms
2026-07-14 19:19:45.546 DEBUG qt.scenegraph.time.renderer: time in renderer: total=0ms, preprocess=0, updates=0, rendering=0
2026-07-14 19:19:45.553 DEBUG qt.scenegraph.time.renderloop: [window 0x7f030130be40][gui thread] polishAndSync: start, elapsed since last call: 6 ms
2026-07-14 19:19:45.553 DEBUG qt.scenegraph.time.renderloop: [window 0x7f030130be40][render thread 0x7f0301180040] syncAndRender: frame rendered in 6ms, sync=0, render=0, swap=6
2026-07-14 19:19:45.553 DEBUG qt.scenegraph.time.renderloop: [window 0x7f030130be40][render thread 0x7f0301180040] syncAndRender: start, elapsed since last call: 7 ms
2026-07-14 19:19:45.553 DEBUG qt.scenegraph.time.renderloop: [window 0x7f030130be40][gui thread] Frame prepared, polish=0 ms, lock=0 ms, blockedForSync=0 ms, animations=0 ms
2026-07-14 19:19:45.553 DEBUG qt.scenegraph.time.renderer: time in renderer: total=0ms, preprocess=0, updates=0, rendering=0
2026-07-14 19:19:45.560 DEBUG qt.scenegraph.time.renderloop: [window 0x7f030130be40][gui thread] polishAndSync: start, elapsed since last call: 6 ms
2026-07-14 19:19:45.560 DEBUG qt.scenegraph.time.renderloop: [window 0x7f030130be40][render thread 0x7f0301180040] syncAndRender: frame rendered in 6ms, sync=0, render=0, swap=6
2026-07-14 19:19:45.560 DEBUG qt.scenegraph.time.renderloop: [window 0x7f030130be40][render thread 0x7f0301180040] syncAndRender: start, elapsed since last call: 6 ms
2026-07-14 19:19:45.560 DEBUG qt.scenegraph.time.renderloop: [window 0x7f030130be40][gui thread] Frame prepared, polish=0 ms, lock=0 ms, blockedForSync=0 ms, animations=0 ms
2026-07-14 19:19:45.560 DEBUG qt.scenegraph.time.renderer: time in renderer: total=0ms, preprocess=0, updates=0, rendering=0
2026-07-14 19:19:45.567 DEBUG qt.scenegraph.time.renderloop: [window 0x7f030130be40][gui thread] polishAndSync: start, elapsed since last call: 7 ms
2026-07-14 19:19:45.567 DEBUG qt.scenegraph.time.renderloop: [window 0x7f030130be40][render thread 0x7f0301180040] syncAndRender: frame rendered in 7ms, sync=0, render=0, swap=6
2026-07-14 19:19:45.567 DEBUG qt.scenegraph.time.renderloop: [window 0x7f030130be40][render thread 0x7f0301180040] syncAndRender: start, elapsed since last call: 7 ms
2026-07-14 19:19:45.567 DEBUG qt.scenegraph.time.renderloop: [window 0x7f030130be40][gui thread] Frame prepared, polish=0 ms, lock=0 ms, blockedForSync=0 ms, animations=0 ms
2026-07-14 19:19:45.567 DEBUG qt.scenegraph.time.renderer: time in renderer: total=0ms, preprocess=0, updates=0, rendering=0
2026-07-14 19:19:45.573 DEBUG qt.scenegraph.time.renderloop: [window 0x7f030130be40][gui thread] polishAndSync: start, elapsed since last call: 6 ms
2026-07-14 19:19:45.573 DEBUG qt.scenegraph.time.renderloop: [window 0x7f030130be40][render thread 0x7f0301180040] syncAndRender: frame rendered in 6ms, sync=0, render=0, swap=6
2026-07-14 19:19:45.574 DEBUG qt.scenegraph.time.renderloop: [window 0x7f030130be40][render thread 0x7f0301180040] syncAndRender: start, elapsed since last call: 6 ms
2026-07-14 19:19:45.574 DEBUG qt.scenegraph.time.renderloop: [window 0x7f030130be40][gui thread] Frame prepared, polish=0 ms, lock=0 ms, blockedForSync=0 ms, animations=0 ms
2026-07-14 19:19:45.574 DEBUG qt.scenegraph.time.renderer: time in renderer: total=0ms, preprocess=0, updates=0, rendering=0
2026-07-14 19:19:45.580 DEBUG qt.scenegraph.time.renderloop: [window 0x7f030130be40][gui thread] polishAndSync: start, elapsed since last call: 6 ms
2026-07-14 19:19:45.580 DEBUG qt.scenegraph.time.renderloop: [window 0x7f030130be40][render thread 0x7f0301180040] syncAndRender: frame rendered in 6ms, sync=0, render=0, swap=6
2026-07-14 19:19:45.580 DEBUG qt.scenegraph.time.renderloop: [window 0x7f030130be40][render thread 0x7f0301180040] syncAndRender: start, elapsed since last call: 6 ms
2026-07-14 19:19:45.580 DEBUG qt.scenegraph.time.renderloop: [window 0x7f030130be40][gui thread] Frame prepared, polish=0 ms, lock=0 ms, blockedForSync=0 ms, animations=0 ms
2026-07-14 19:19:45.580 DEBUG qt.scenegraph.time.renderer: time in renderer: total=0ms, preprocess=0, updates=0, rendering=0
2026-07-14 19:19:45.587 DEBUG qt.scenegraph.time.renderloop: [window 0x7f030130be40][gui thread] polishAndSync: start, elapsed since last call: 6 ms
2026-07-14 19:19:45.587 DEBUG qt.scenegraph.time.renderloop: [window 0x7f030130be40][render thread 0x7f0301180040] syncAndRender: frame rendered in 6ms, sync=0, render=0, swap=6
2026-07-14 19:19:45.588 DEBUG qt.scenegraph.time.renderloop: [window 0x7f030130be40][render thread 0x7f0301180040] syncAndRender: start, elapsed since last call: 7 ms
2026-07-14 19:19:45.588 DEBUG qt.scenegraph.time.renderloop: [window 0x7f030130be40][gui thread] Frame prepared, polish=0 ms, lock=0 ms, blockedForSync=0 ms, animations=0 ms
2026-07-14 19:19:45.588 DEBUG qt.scenegraph.time.renderer: time in renderer: total=0ms, preprocess=0, updates=0, rendering=0
2026-07-14 19:19:45.594 DEBUG qt.scenegraph.time.renderloop: [window 0x7f030130be40][gui thread] polishAndSync: start, elapsed since last call: 7 ms
2026-07-14 19:19:45.594 DEBUG qt.scenegraph.time.renderloop: [window 0x7f030130be40][render thread 0x7f0301180040] syncAndRender: frame rendered in 6ms, sync=0, render=0, swap=6
2026-07-14 19:19:45.594 DEBUG qt.scenegraph.time.renderloop: [window 0x7f030130be40][render thread 0x7f0301180040] syncAndRender: start, elapsed since last call: 6 ms
2026-07-14 19:19:45.594 DEBUG qt.scenegraph.time.renderloop: [window 0x7f030130be40][gui thread] Frame prepared, polish=0 ms, lock=0 ms, blockedForSync=0 ms, animations=0 ms
2026-07-14 19:19:45.594 DEBUG qt.scenegraph.time.renderer: time in renderer: total=0ms, preprocess=0, updates=0, rendering=0
2026-07-14 19:19:45.601 DEBUG qt.scenegraph.time.renderloop: [window 0x7f030130be40][render thread 0x7f0301180040] syncAndRender: frame rendered in 6ms, sync=0, render=0, swap=6
2026-07-14 19:19:45.615 DEBUG qt.scenegraph.time.renderloop: [window 0x7f030130be40][gui thread] polishAndSync: start, elapsed since last call: 20 ms
2026-07-14 19:19:45.616 DEBUG qt.scenegraph.time.renderloop: [window 0x7f030130be40][render thread 0x7f0301180040] syncAndRender: start, elapsed since last call: 21 ms
2026-07-14 19:19:45.616 DEBUG qt.scenegraph.time.renderloop: [window 0x7f030130be40][gui thread] Frame prepared, polish=0 ms, lock=0 ms, blockedForSync=0 ms, animations=0 ms
2026-07-14 19:19:45.616 DEBUG qt.scenegraph.time.renderer: time in renderer: total=0ms, preprocess=0, updates=0, rendering=0
2026-07-14 19:19:45.616 DEBUG qt.scenegraph.time.renderloop: [window 0x7f030130be40][render thread 0x7f0301180040] syncAndRender: frame rendered in 0ms, sync=0, render=0, swap=0
2026-07-14 19:19:45.622 DEBUG qt.scenegraph.time.renderloop: [window 0x7f030130be40][gui thread] polishAndSync: start, elapsed since last call: 6 ms
2026-07-14 19:19:45.622 DEBUG qt.scenegraph.time.renderloop: [window 0x7f030130be40][render thread 0x7f0301180040] syncAndRender: start, elapsed since last call: 6 ms
2026-07-14 19:19:45.622 DEBUG qt.scenegraph.time.renderloop: [window 0x7f030130be40][gui thread] Frame prepared, polish=0 ms, lock=0 ms, blockedForSync=0 ms, animations=0 ms
2026-07-14 19:19:45.622 DEBUG qt.scenegraph.time.renderer: time in renderer: total=0ms, preprocess=0, updates=0, rendering=0
2026-07-14 19:19:45.622 DEBUG qt.scenegraph.time.renderloop: [window 0x7f030130be40][render thread 0x7f0301180040] syncAndRender: frame rendered in 0ms, sync=0, render=0, swap=0
2026-07-14 19:19:45.649 DEBUG qt.scenegraph.time.renderloop: [window 0x7f030130be40][gui thread] polishAndSync: start, elapsed since last call: 27 ms
2026-07-14 19:19:45.650 DEBUG qt.scenegraph.time.renderloop: [window 0x7f030130be40][render thread 0x7f0301180040] syncAndRender: start, elapsed since last call: 27 ms
2026-07-14 19:19:45.650 DEBUG qt.scenegraph.time.renderloop: [window 0x7f030130be40][gui thread] Frame prepared, polish=0 ms, lock=0 ms, blockedForSync=0 ms, animations=0 ms
2026-07-14 19:19:45.650 DEBUG qt.scenegraph.time.renderer: time in renderer: total=0ms, preprocess=0, updates=0, rendering=0
2026-07-14 19:19:45.650 DEBUG qt.scenegraph.time.renderloop: [window 0x7f030130be40][render thread 0x7f0301180040] syncAndRender: frame rendered in 0ms, sync=0, render=0, swap=0
2026-07-14 19:19:45.650 DEBUG qt.scenegraph.time.renderloop: [window 0x7f030130be40][gui thread] polishAndSync: start, elapsed since last call: 0 ms
2026-07-14 19:19:45.650 DEBUG qt.scenegraph.time.renderloop: [window 0x7f030130be40][render thread 0x7f0301180040] syncAndRender: start, elapsed since last call: 0 ms
2026-07-14 19:19:45.650 DEBUG qt.scenegraph.time.renderloop: [window 0x7f030130be40][gui thread] Frame prepared, polish=0 ms, lock=0 ms, blockedForSync=0 ms, animations=0 ms
2026-07-14 19:19:45.650 DEBUG qt.scenegraph.time.renderer: time in renderer: total=0ms, preprocess=0, updates=0, rendering=0
2026-07-14 19:19:45.650 DEBUG qt.scenegraph.time.renderloop: [window 0x7f030130be40][render thread 0x7f0301180040] syncAndRender: frame rendered in 0ms, sync=0, render=0, swap=0
2026-07-14 19:19:45.682 DEBUG qt.scenegraph.time.renderloop: [window 0x7f030130be40][gui thread] polishAndSync: start, elapsed since last call: 31 ms
2026-07-14 19:19:45.682 DEBUG qt.scenegraph.time.renderloop: [window 0x7f030130be40][render thread 0x7f0301180040] syncAndRender: start, elapsed since last call: 32 ms
2026-07-14 19:19:45.682 DEBUG qt.scenegraph.time.renderloop: [window 0x7f030130be40][gui thread] Frame prepared, polish=0 ms, lock=0 ms, blockedForSync=0 ms, animations=0 ms
2026-07-14 19:19:45.682 DEBUG qt.scenegraph.time.renderer: time in renderer: total=0ms, preprocess=0, updates=0, rendering=0
2026-07-14 19:19:45.683 DEBUG qt.scenegraph.time.renderloop: [window 0x7f030130be40][render thread 0x7f0301180040] syncAndRender: frame rendered in 0ms, sync=0, render=0, swap=0
2026-07-14 19:19:45.685 DEBUG qt.scenegraph.time.renderloop: [window 0x7f030130be40][gui thread] polishAndSync: start, elapsed since last call: 2 ms
2026-07-14 19:19:45.685 DEBUG qt.scenegraph.time.renderloop: [window 0x7f030130be40][render thread 0x7f0301180040] syncAndRender: start, elapsed since last call: 2 ms
2026-07-14 19:19:45.685 DEBUG qt.scenegraph.time.renderloop: [window 0x7f030130be40][gui thread] Frame prepared, polish=0 ms, lock=0 ms, blockedForSync=0 ms, animations=0 ms
2026-07-14 19:19:45.685 DEBUG qt.scenegraph.time.renderer: time in renderer: total=0ms, preprocess=0, updates=0, rendering=0
2026-07-14 19:19:45.685 DEBUG qt.scenegraph.time.renderloop: [window 0x7f030130be40][render thread 0x7f0301180040] syncAndRender: frame rendered in 0ms, sync=0, render=0, swap=0
2026-07-14 19:19:45.715 DEBUG qt.scenegraph.time.renderloop: [window 0x7f030130be40][gui thread] polishAndSync: start, elapsed since last call: 30 ms
2026-07-14 19:19:45.715 DEBUG qt.scenegraph.time.renderloop: [window 0x7f030130be40][render thread 0x7f0301180040] syncAndRender: start, elapsed since last call: 30 ms
2026-07-14 19:19:45.715 DEBUG qt.scenegraph.time.renderloop: [window 0x7f030130be40][gui thread] Frame prepared, polish=0 ms, lock=0 ms, blockedForSync=0 ms, animations=0 ms
2026-07-14 19:19:45.715 DEBUG qt.scenegraph.time.renderer: time in renderer: total=0ms, preprocess=0, updates=0, rendering=0
2026-07-14 19:19:45.715 DEBUG qt.scenegraph.time.renderloop: [window 0x7f030130be40][render thread 0x7f0301180040] syncAndRender: frame rendered in 0ms, sync=0, render=0, swap=0
2026-07-14 19:19:45.719 DEBUG qt.scenegraph.time.renderloop: [window 0x7f030130be40][gui thread] polishAndSync: start, elapsed since last call: 4 ms
2026-07-14 19:19:45.719 DEBUG qt.scenegraph.time.renderloop: [window 0x7f030130be40][render thread 0x7f0301180040] syncAndRender: start, elapsed since last call: 4 ms
2026-07-14 19:19:45.719 DEBUG qt.scenegraph.time.renderloop: [window 0x7f030130be40][gui thread] Frame prepared, polish=0 ms, lock=0 ms, blockedForSync=0 ms, animations=0 ms
2026-07-14 19:19:45.720 DEBUG qt.scenegraph.time.renderer: time in renderer: total=0ms, preprocess=0, updates=0, rendering=0
2026-07-14 19:19:45.720 DEBUG qt.scenegraph.time.renderloop: [window 0x7f030130be40][render thread 0x7f0301180040] syncAndRender: frame rendered in 0ms, sync=0, render=0, swap=0
2026-07-14 19:19:45.749 DEBUG qt.scenegraph.time.renderloop: [window 0x7f030130be40][gui thread] polishAndSync: start, elapsed since last call: 29 ms
2026-07-14 19:19:45.749 DEBUG qt.scenegraph.time.renderloop: [window 0x7f030130be40][render thread 0x7f0301180040] syncAndRender: start, elapsed since last call: 29 ms
2026-07-14 19:19:45.749 DEBUG qt.scenegraph.time.renderloop: [window 0x7f030130be40][gui thread] Frame prepared, polish=0 ms, lock=0 ms, blockedForSync=0 ms, animations=0 ms
2026-07-14 19:19:45.749 DEBUG qt.scenegraph.time.renderer: time in renderer: total=0ms, preprocess=0, updates=0, rendering=0
2026-07-14 19:19:45.749 DEBUG qt.scenegraph.time.renderloop: [window 0x7f030130be40][render thread 0x7f0301180040] syncAndRender: frame rendered in 0ms, sync=0, render=0, swap=0
2026-07-14 19:19:45.749 DEBUG qt.scenegraph.time.renderloop: [window 0x7f030130be40][gui thread] polishAndSync: start, elapsed since last call: 0 ms
2026-07-14 19:19:45.749 DEBUG qt.scenegraph.time.renderloop: [window 0x7f030130be40][render thread 0x7f0301180040] syncAndRender: start, elapsed since last call: 0 ms
2026-07-14 19:19:45.750 DEBUG qt.scenegraph.time.renderloop: [window 0x7f030130be40][gui thread] Frame prepared, polish=0 ms, lock=0 ms, blockedForSync=0 ms, animations=0 ms
2026-07-14 19:19:45.750 DEBUG qt.scenegraph.time.renderer: time in renderer: total=0ms, preprocess=0, updates=0, rendering=0
2026-07-14 19:19:45.750 DEBUG qt.scenegraph.time.renderloop: [window 0x7f030130be40][render thread 0x7f0301180040] syncAndRender: frame rendered in 0ms, sync=0, render=0, swap=0
2026-07-14 19:19:45.781 DEBUG qt.scenegraph.time.renderloop: [window 0x7f030130be40][gui thread] polishAndSync: start, elapsed since last call: 31 ms
2026-07-14 19:19:45.782 DEBUG qt.scenegraph.time.renderloop: [window 0x7f030130be40][render thread 0x7f0301180040] syncAndRender: start, elapsed since last call: 32 ms
2026-07-14 19:19:45.782 DEBUG qt.scenegraph.time.renderloop: [window 0x7f030130be40][gui thread] Frame prepared, polish=0 ms, lock=0 ms, blockedForSync=0 ms, animations=0 ms
2026-07-14 19:19:45.782 DEBUG qt.scenegraph.time.renderer: time in renderer: total=0ms, preprocess=0, updates=0, rendering=0
2026-07-14 19:19:45.782 DEBUG qt.scenegraph.time.renderloop: [window 0x7f030130be40][render thread 0x7f0301180040] syncAndRender: frame rendered in 0ms, sync=0, render=0, swap=0
2026-07-14 19:19:45.782 DEBUG qt.scenegraph.time.renderloop: [window 0x7f030130be40][gui thread] polishAndSync: start, elapsed since last call: 0 ms
2026-07-14 19:19:45.782 DEBUG qt.scenegraph.time.renderloop: [window 0x7f030130be40][render thread 0x7f0301180040] syncAndRender: start, elapsed since last call: 0 ms
2026-07-14 19:19:45.782 DEBUG qt.scenegraph.time.renderloop: [window 0x7f030130be40][gui thread] Frame prepared, polish=0 ms, lock=0 ms, blockedForSync=0 ms, animations=0 ms
2026-07-14 19:19:45.782 DEBUG qt.scenegraph.time.renderer: time in renderer: total=0ms, preprocess=0, updates=0, rendering=0
2026-07-14 19:19:45.783 DEBUG qt.scenegraph.time.renderloop: [window 0x7f030130be40][render thread 0x7f0301180040] syncAndRender: frame rendered in 0ms, sync=0, render=0, swap=0
2026-07-14 19:19:45.814 DEBUG qt.scenegraph.time.renderloop: [window 0x7f030130be40][gui thread] polishAndSync: start, elapsed since last call: 31 ms
2026-07-14 19:19:45.814 DEBUG qt.scenegraph.time.renderloop: [window 0x7f030130be40][render thread 0x7f0301180040] syncAndRender: start, elapsed since last call: 32 ms
2026-07-14 19:19:45.814 DEBUG qt.scenegraph.time.renderloop: [window 0x7f030130be40][gui thread] Frame prepared, polish=0 ms, lock=0 ms, blockedForSync=0 ms, animations=0 ms
2026-07-14 19:19:45.815 DEBUG qt.scenegraph.time.renderer: time in renderer: total=0ms, preprocess=0, updates=0, rendering=0
2026-07-14 19:19:45.815 DEBUG qt.scenegraph.time.renderloop: [window 0x7f030130be40][render thread 0x7f0301180040] syncAndRender: frame rendered in 0ms, sync=0, render=0, swap=0
2026-07-14 19:19:45.815 DEBUG qt.scenegraph.time.renderloop: [window 0x7f030130be40][gui thread] polishAndSync: start, elapsed since last call: 1 ms
2026-07-14 19:19:45.815 DEBUG qt.scenegraph.time.renderloop: [window 0x7f030130be40][render thread 0x7f0301180040] syncAndRender: start, elapsed since last call: 0 ms
2026-07-14 19:19:45.815 DEBUG qt.scenegraph.time.renderloop: [window 0x7f030130be40][gui thread] Frame prepared, polish=0 ms, lock=0 ms, blockedForSync=0 ms, animations=0 ms
2026-07-14 19:19:45.815 DEBUG qt.scenegraph.time.renderer: time in renderer: total=0ms, preprocess=0, updates=0, rendering=0
2026-07-14 19:19:45.815 DEBUG qt.scenegraph.time.renderloop: [window 0x7f030130be40][render thread 0x7f0301180040] syncAndRender: frame rendered in 0ms, sync=0, render=0, swap=0
2026-07-14 19:19:45.847 DEBUG qt.scenegraph.time.renderloop: [window 0x7f030130be40][gui thread] polishAndSync: start, elapsed since last call: 31 ms
2026-07-14 19:19:45.849 DEBUG qt.scenegraph.time.renderloop: [window 0x7f030130be40][render thread 0x7f0301180040] syncAndRender: start, elapsed since last call: 33 ms
2026-07-14 19:19:45.849 DEBUG qt.scenegraph.time.renderloop: [window 0x7f030130be40][gui thread] Frame prepared, polish=2 ms, lock=0 ms, blockedForSync=0 ms, animations=0 ms
2026-07-14 19:19:45.849 DEBUG qt.scenegraph.time.renderer: time in renderer: total=0ms, preprocess=0, updates=0, rendering=0
2026-07-14 19:19:45.849 DEBUG qt.scenegraph.time.renderloop: [window 0x7f030130be40][render thread 0x7f0301180040] syncAndRender: frame rendered in 0ms, sync=0, render=0, swap=0
2026-07-14 19:19:45.852 DEBUG qt.scenegraph.time.renderloop: [window 0x7f030130be40][gui thread] polishAndSync: start, elapsed since last call: 4 ms
2026-07-14 19:19:45.852 DEBUG qt.scenegraph.time.renderloop: [window 0x7f030130be40][render thread 0x7f0301180040] syncAndRender: start, elapsed since last call: 2 ms
2026-07-14 19:19:45.852 DEBUG qt.scenegraph.time.renderloop: [window 0x7f030130be40][gui thread] Frame prepared, polish=0 ms, lock=0 ms, blockedForSync=0 ms, animations=0 ms
2026-07-14 19:19:45.852 DEBUG qt.scenegraph.time.renderer: time in renderer: total=0ms, preprocess=0, updates=0, rendering=0
2026-07-14 19:19:45.852 DEBUG qt.scenegraph.time.renderloop: [window 0x7f030130be40][render thread 0x7f0301180040] syncAndRender: frame rendered in 0ms, sync=0, render=0, swap=0
2026-07-14 19:19:45.881 DEBUG qt.scenegraph.time.renderloop: [window 0x7f030130be40][gui thread] polishAndSync: start, elapsed since last call: 29 ms
2026-07-14 19:19:45.881 DEBUG qt.scenegraph.time.renderloop: [window 0x7f030130be40][render thread 0x7f0301180040] syncAndRender: start, elapsed since last call: 29 ms
2026-07-14 19:19:45.881 DEBUG qt.scenegraph.time.renderloop: [window 0x7f030130be40][gui thread] Frame prepared, polish=0 ms, lock=0 ms, blockedForSync=0 ms, animations=0 ms
2026-07-14 19:19:45.881 DEBUG qt.scenegraph.time.renderer: time in renderer: total=0ms, preprocess=0, updates=0, rendering=0
2026-07-14 19:19:45.881 DEBUG qt.scenegraph.time.renderloop: [window 0x7f030130be40][render thread 0x7f0301180040] syncAndRender: frame rendered in 0ms, sync=0, render=0, swap=0
2026-07-14 19:19:45.882 DEBUG qt.scenegraph.time.renderloop: [window 0x7f030130be40][gui thread] polishAndSync: start, elapsed since last call: 1 ms
2026-07-14 19:19:45.882 DEBUG qt.scenegraph.time.renderloop: [window 0x7f030130be40][render thread 0x7f0301180040] syncAndRender: start, elapsed since last call: 0 ms
2026-07-14 19:19:45.882 DEBUG qt.scenegraph.time.renderloop: [window 0x7f030130be40][gui thread] Frame prepared, polish=0 ms, lock=0 ms, blockedForSync=0 ms, animations=0 ms
2026-07-14 19:19:45.882 DEBUG qt.scenegraph.time.renderer: time in renderer: total=0ms, preprocess=0, updates=0, rendering=0
2026-07-14 19:19:45.882 DEBUG qt.scenegraph.time.renderloop: [window 0x7f030130be40][render thread 0x7f0301180040] syncAndRender: frame rendered in 0ms, sync=0, render=0, swap=0
2026-07-14 19:19:45.913 DEBUG qt.scenegraph.time.renderloop: [window 0x7f030130be40][gui thread] polishAndSync: start, elapsed since last call: 31 ms
2026-07-14 19:19:45.914 DEBUG qt.scenegraph.time.renderloop: [window 0x7f030130be40][render thread 0x7f0301180040] syncAndRender: start, elapsed since last call: 31 ms
2026-07-14 19:19:45.914 DEBUG qt.scenegraph.time.renderloop: [window 0x7f030130be40][gui thread] Frame prepared, polish=0 ms, lock=0 ms, blockedForSync=0 ms, animations=0 ms
2026-07-14 19:19:45.914 DEBUG qt.scenegraph.time.renderer: time in renderer: total=0ms, preprocess=0, updates=0, rendering=0
2026-07-14 19:19:45.914 DEBUG qt.scenegraph.time.renderloop: [window 0x7f030130be40][render thread 0x7f0301180040] syncAndRender: frame rendered in 0ms, sync=0, render=0, swap=0
2026-07-14 19:19:45.915 DEBUG qt.scenegraph.time.renderloop: [window 0x7f030130be40][gui thread] polishAndSync: start, elapsed since last call: 1 ms
2026-07-14 19:19:45.915 DEBUG qt.scenegraph.time.renderloop: [window 0x7f030130be40][render thread 0x7f0301180040] syncAndRender: start, elapsed since last call: 0 ms
2026-07-14 19:19:45.915 DEBUG qt.scenegraph.time.renderloop: [window 0x7f030130be40][gui thread] Frame prepared, polish=0 ms, lock=0 ms, blockedForSync=0 ms, animations=0 ms
2026-07-14 19:19:45.915 DEBUG qt.scenegraph.time.renderer: time in renderer: total=0ms, preprocess=0, updates=0, rendering=0
2026-07-14 19:19:45.915 DEBUG qt.scenegraph.time.renderloop: [window 0x7f030130be40][render thread 0x7f0301180040] syncAndRender: frame rendered in 0ms, sync=0, render=0, swap=0
2026-07-14 19:19:45.946 DEBUG qt.scenegraph.time.renderloop: [window 0x7f030130be40][gui thread] polishAndSync: start, elapsed since last call: 31 ms
2026-07-14 19:19:45.946 DEBUG qt.scenegraph.time.renderloop: [window 0x7f030130be40][render thread 0x7f0301180040] syncAndRender: start, elapsed since last call: 31 ms
2026-07-14 19:19:45.946 DEBUG qt.scenegraph.time.renderloop: [window 0x7f030130be40][gui thread] Frame prepared, polish=0 ms, lock=0 ms, blockedForSync=0 ms, animations=0 ms
2026-07-14 19:19:45.946 DEBUG qt.scenegraph.time.renderer: time in renderer: total=0ms, preprocess=0, updates=0, rendering=0
2026-07-14 19:19:45.947 DEBUG qt.scenegraph.time.renderloop: [window 0x7f030130be40][render thread 0x7f0301180040] syncAndRender: frame rendered in 0ms, sync=0, render=0, swap=0
2026-07-14 19:19:45.949 DEBUG qt.scenegraph.time.renderloop: [window 0x7f030130be40][gui thread] polishAndSync: start, elapsed since last call: 2 ms
2026-07-14 19:19:45.949 DEBUG qt.scenegraph.time.renderloop: [window 0x7f030130be40][render thread 0x7f0301180040] syncAndRender: start, elapsed since last call: 2 ms
2026-07-14 19:19:45.949 DEBUG qt.scenegraph.time.renderloop: [window 0x7f030130be40][gui thread] Frame prepared, polish=0 ms, lock=0 ms, blockedForSync=0 ms, animations=0 ms
2026-07-14 19:19:45.949 DEBUG qt.scenegraph.time.renderer: time in renderer: total=0ms, preprocess=0, updates=0, rendering=0
2026-07-14 19:19:45.949 DEBUG qt.scenegraph.time.renderloop: [window 0x7f030130be40][render thread 0x7f0301180040] syncAndRender: frame rendered in 0ms, sync=0, render=0, swap=0
2026-07-14 19:19:45.979 DEBUG qt.scenegraph.time.renderloop: [window 0x7f030130be40][gui thread] polishAndSync: start, elapsed since last call: 30 ms
2026-07-14 19:19:45.979 DEBUG qt.scenegraph.time.renderloop: [window 0x7f030130be40][render thread 0x7f0301180040] syncAndRender: start, elapsed since last call: 30 ms
2026-07-14 19:19:45.979 DEBUG qt.scenegraph.time.renderloop: [window 0x7f030130be40][gui thread] Frame prepared, polish=0 ms, lock=0 ms, blockedForSync=0 ms, animations=0 ms
2026-07-14 19:19:45.979 DEBUG qt.scenegraph.time.renderer: time in renderer: total=0ms, preprocess=0, updates=0, rendering=0
2026-07-14 19:19:45.979 DEBUG qt.scenegraph.time.renderloop: [window 0x7f030130be40][render thread 0x7f0301180040] syncAndRender: frame rendered in 0ms, sync=0, render=0, swap=0
2026-07-14 19:19:45.983 DEBUG qt.scenegraph.time.renderloop: [window 0x7f030130be40][gui thread] polishAndSync: start, elapsed since last call: 4 ms
2026-07-14 19:19:45.983 DEBUG qt.scenegraph.time.renderloop: [window 0x7f030130be40][render thread 0x7f0301180040] syncAndRender: start, elapsed since last call: 4 ms
2026-07-14 19:19:45.984 DEBUG qt.scenegraph.time.renderloop: [window 0x7f030130be40][gui thread] Frame prepared, polish=0 ms, lock=0 ms, blockedForSync=0 ms, animations=0 ms
2026-07-14 19:19:45.984 DEBUG qt.scenegraph.time.renderer: time in renderer: total=0ms, preprocess=0, updates=0, rendering=0
2026-07-14 19:19:45.984 DEBUG qt.scenegraph.time.renderloop: [window 0x7f030130be40][render thread 0x7f0301180040] syncAndRender: frame rendered in 0ms, sync=0, render=0, swap=0
2026-07-14 19:19:46.013 DEBUG qt.scenegraph.time.renderloop: [window 0x7f030130be40][gui thread] polishAndSync: start, elapsed since last call: 29 ms
2026-07-14 19:19:46.013 DEBUG qt.scenegraph.time.renderloop: [window 0x7f030130be40][render thread 0x7f0301180040] syncAndRender: start, elapsed since last call: 29 ms
2026-07-14 19:19:46.013 DEBUG qt.scenegraph.time.renderloop: [window 0x7f030130be40][gui thread] Frame prepared, polish=0 ms, lock=0 ms, blockedForSync=0 ms, animations=0 ms
2026-07-14 19:19:46.013 DEBUG qt.scenegraph.time.renderer: time in renderer: total=0ms, preprocess=0, updates=0, rendering=0
2026-07-14 19:19:46.013 DEBUG qt.scenegraph.time.renderloop: [window 0x7f030130be40][render thread 0x7f0301180040] syncAndRender: frame rendered in 0ms, sync=0, render=0, swap=0
2026-07-14 19:19:46.018 DEBUG qt.scenegraph.time.renderloop: [window 0x7f030130be40][gui thread] polishAndSync: start, elapsed since last call: 5 ms
2026-07-14 19:19:46.018 DEBUG qt.scenegraph.time.renderloop: [window 0x7f030130be40][render thread 0x7f0301180040] syncAndRender: start, elapsed since last call: 5 ms
2026-07-14 19:19:46.018 DEBUG qt.scenegraph.time.renderloop: [window 0x7f030130be40][gui thread] Frame prepared, polish=0 ms, lock=0 ms, blockedForSync=0 ms, animations=0 ms
2026-07-14 19:19:46.018 DEBUG qt.scenegraph.time.renderer: time in renderer: total=0ms, preprocess=0, updates=0, rendering=0
2026-07-14 19:19:46.019 DEBUG qt.scenegraph.time.renderloop: [window 0x7f030130be40][render thread 0x7f0301180040] syncAndRender: frame rendered in 0ms, sync=0, render=0, swap=0
2026-07-14 19:19:46.045 DEBUG qt.scenegraph.time.renderloop: [window 0x7f030130be40][gui thread] polishAndSync: start, elapsed since last call: 27 ms
2026-07-14 19:19:46.046 DEBUG qt.scenegraph.time.renderloop: [window 0x7f030130be40][render thread 0x7f0301180040] syncAndRender: start, elapsed since last call: 27 ms
2026-07-14 19:19:46.046 DEBUG qt.scenegraph.time.renderloop: [window 0x7f030130be40][gui thread] Frame prepared, polish=0 ms, lock=0 ms, blockedForSync=0 ms, animations=0 ms
2026-07-14 19:19:46.046 DEBUG qt.scenegraph.time.renderer: time in renderer: total=0ms, preprocess=0, updates=0, rendering=0
2026-07-14 19:19:46.046 DEBUG qt.scenegraph.time.renderloop: [window 0x7f030130be40][render thread 0x7f0301180040] syncAndRender: frame rendered in 0ms, sync=0, render=0, swap=0
2026-07-14 19:19:46.053 DEBUG qt.scenegraph.time.renderloop: [window 0x7f030130be40][gui thread] polishAndSync: start, elapsed since last call: 7 ms
2026-07-14 19:19:46.053 DEBUG qt.scenegraph.time.renderloop: [window 0x7f030130be40][render thread 0x7f0301180040] syncAndRender: start, elapsed since last call: 7 ms
2026-07-14 19:19:46.053 DEBUG qt.scenegraph.time.renderloop: [window 0x7f030130be40][gui thread] Frame prepared, polish=0 ms, lock=0 ms, blockedForSync=0 ms, animations=0 ms
2026-07-14 19:19:46.053 DEBUG qt.scenegraph.time.renderer: time in renderer: total=0ms, preprocess=0, updates=0, rendering=0
2026-07-14 19:19:46.053 DEBUG qt.scenegraph.time.renderloop: [window 0x7f030130be40][render thread 0x7f0301180040] syncAndRender: frame rendered in 0ms, sync=0, render=0, swap=0
2026-07-14 19:19:46.078 DEBUG qt.scenegraph.time.renderloop: [window 0x7f030130be40][gui thread] polishAndSync: start, elapsed since last call: 24 ms
2026-07-14 19:19:46.078 DEBUG qt.scenegraph.time.renderloop: [window 0x7f030130be40][render thread 0x7f0301180040] syncAndRender: start, elapsed since last call: 25 ms
2026-07-14 19:19:46.078 DEBUG qt.scenegraph.time.renderloop: [window 0x7f030130be40][gui thread] Frame prepared, polish=0 ms, lock=0 ms, blockedForSync=0 ms, animations=0 ms
2026-07-14 19:19:46.078 DEBUG qt.scenegraph.time.renderer: time in renderer: total=0ms, preprocess=0, updates=0, rendering=0
2026-07-14 19:19:46.079 DEBUG qt.scenegraph.time.renderloop: [window 0x7f030130be40][render thread 0x7f0301180040] syncAndRender: frame rendered in 0ms, sync=0, render=0, swap=0
2026-07-14 19:19:46.081 DEBUG qt.scenegraph.time.renderloop: [window 0x7f030130be40][gui thread] polishAndSync: start, elapsed since last call: 2 ms
2026-07-14 19:19:46.081 DEBUG qt.scenegraph.time.renderloop: [window 0x7f030130be40][render thread 0x7f0301180040] syncAndRender: start, elapsed since last call: 2 ms
2026-07-14 19:19:46.081 DEBUG qt.scenegraph.time.renderloop: [window 0x7f030130be40][gui thread] Frame prepared, polish=0 ms, lock=0 ms, blockedForSync=0 ms, animations=0 ms
2026-07-14 19:19:46.081 DEBUG qt.scenegraph.time.renderer: time in renderer: total=0ms, preprocess=0, updates=0, rendering=0
2026-07-14 19:19:46.081 DEBUG qt.scenegraph.time.renderloop: [window 0x7f030130be40][render thread 0x7f0301180040] syncAndRender: frame rendered in 0ms, sync=0, render=0, swap=0
2026-07-14 19:19:46.111 DEBUG qt.scenegraph.time.renderloop: [window 0x7f030130be40][gui thread] polishAndSync: start, elapsed since last call: 30 ms
2026-07-14 19:19:46.111 DEBUG qt.scenegraph.time.renderloop: [window 0x7f030130be40][render thread 0x7f0301180040] syncAndRender: start, elapsed since last call: 30 ms
2026-07-14 19:19:46.111 DEBUG qt.scenegraph.time.renderloop: [window 0x7f030130be40][gui thread] Frame prepared, polish=0 ms, lock=0 ms, blockedForSync=0 ms, animations=0 ms
2026-07-14 19:19:46.111 DEBUG qt.scenegraph.time.renderer: time in renderer: total=0ms, preprocess=0, updates=0, rendering=0
2026-07-14 19:19:46.111 DEBUG qt.scenegraph.time.renderloop: [window 0x7f030130be40][render thread 0x7f0301180040] syncAndRender: frame rendered in 0ms, sync=0, render=0, swap=0
2026-07-14 19:19:46.116 DEBUG qt.scenegraph.time.renderloop: [window 0x7f030130be40][gui thread] polishAndSync: start, elapsed since last call: 4 ms
2026-07-14 19:19:46.116 DEBUG qt.scenegraph.time.renderloop: [window 0x7f030130be40][render thread 0x7f0301180040] syncAndRender: start, elapsed since last call: 4 ms
2026-07-14 19:19:46.116 DEBUG qt.scenegraph.time.renderloop: [window 0x7f030130be40][gui thread] Frame prepared, polish=0 ms, lock=0 ms, blockedForSync=0 ms, animations=0 ms
2026-07-14 19:19:46.116 DEBUG qt.scenegraph.time.renderer: time in renderer: total=0ms, preprocess=0, updates=0, rendering=0
2026-07-14 19:19:46.116 DEBUG qt.scenegraph.time.renderloop: [window 0x7f030130be40][render thread 0x7f0301180040] syncAndRender: frame rendered in 0ms, sync=0, render=0, swap=0
2026-07-14 19:19:46.145 DEBUG qt.scenegraph.time.renderloop: [window 0x7f030130be40][gui thread] polishAndSync: start, elapsed since last call: 29 ms
2026-07-14 19:19:46.145 DEBUG qt.scenegraph.time.renderloop: [window 0x7f030130be40][render thread 0x7f0301180040] syncAndRender: start, elapsed since last call: 29 ms
2026-07-14 19:19:46.145 DEBUG qt.scenegraph.time.renderloop: [window 0x7f030130be40][gui thread] Frame prepared, polish=0 ms, lock=0 ms, blockedForSync=0 ms, animations=0 ms
2026-07-14 19:19:46.145 DEBUG qt.scenegraph.time.renderer: time in renderer: total=0ms, preprocess=0, updates=0, rendering=0
2026-07-14 19:19:46.145 DEBUG qt.scenegraph.time.renderloop: [window 0x7f030130be40][render thread 0x7f0301180040] syncAndRender: frame rendered in 0ms, sync=0, render=0, swap=0
2026-07-14 19:19:46.150 DEBUG qt.scenegraph.time.renderloop: [window 0x7f030130be40][gui thread] polishAndSync: start, elapsed since last call: 5 ms
2026-07-14 19:19:46.150 DEBUG qt.scenegraph.time.renderloop: [window 0x7f030130be40][render thread 0x7f0301180040] syncAndRender: start, elapsed since last call: 5 ms
2026-07-14 19:19:46.150 DEBUG qt.scenegraph.time.renderloop: [window 0x7f030130be40][gui thread] Frame prepared, polish=0 ms, lock=0 ms, blockedForSync=0 ms, animations=0 ms
2026-07-14 19:19:46.150 DEBUG qt.scenegraph.time.renderer: time in renderer: total=0ms, preprocess=0, updates=0, rendering=0
2026-07-14 19:19:46.151 DEBUG qt.scenegraph.time.renderloop: [window 0x7f030130be40][render thread 0x7f0301180040] syncAndRender: frame rendered in 0ms, sync=0, render=0, swap=0
2026-07-14 19:19:46.177 DEBUG qt.scenegraph.time.renderloop: [window 0x7f030130be40][gui thread] polishAndSync: start, elapsed since last call: 27 ms
2026-07-14 19:19:46.178 DEBUG qt.scenegraph.time.renderloop: [window 0x7f030130be40][render thread 0x7f0301180040] syncAndRender: start, elapsed since last call: 27 ms
2026-07-14 19:19:46.178 DEBUG qt.scenegraph.time.renderloop: [window 0x7f030130be40][gui thread] Frame prepared, polish=0 ms, lock=0 ms, blockedForSync=0 ms, animations=0 ms
2026-07-14 19:19:46.178 DEBUG qt.scenegraph.time.renderer: time in renderer: total=0ms, preprocess=0, updates=0, rendering=0
2026-07-14 19:19:46.178 DEBUG qt.scenegraph.time.renderloop: [window 0x7f030130be40][render thread 0x7f0301180040] syncAndRender: frame rendered in 0ms, sync=0, render=0, swap=0
2026-07-14 19:19:46.185 DEBUG qt.scenegraph.time.renderloop: [window 0x7f030130be40][gui thread] polishAndSync: start, elapsed since last call: 7 ms
2026-07-14 19:19:46.185 DEBUG qt.scenegraph.time.renderloop: [window 0x7f030130be40][render thread 0x7f0301180040] syncAndRender: start, elapsed since last call: 7 ms
2026-07-14 19:19:46.185 DEBUG qt.scenegraph.time.renderloop: [window 0x7f030130be40][gui thread] Frame prepared, polish=0 ms, lock=0 ms, blockedForSync=0 ms, animations=0 ms
2026-07-14 19:19:46.185 DEBUG qt.scenegraph.time.renderer: time in renderer: total=0ms, preprocess=0, updates=0, rendering=0
2026-07-14 19:19:46.185 DEBUG qt.scenegraph.time.renderloop: [window 0x7f030130be40][render thread 0x7f0301180040] syncAndRender: frame rendered in 0ms, sync=0, render=0, swap=0
2026-07-14 19:19:46.210 DEBUG qt.scenegraph.time.renderloop: [window 0x7f030130be40][gui thread] polishAndSync: start, elapsed since last call: 25 ms
2026-07-14 19:19:46.210 DEBUG qt.scenegraph.time.renderloop: [window 0x7f030130be40][render thread 0x7f0301180040] syncAndRender: start, elapsed since last call: 25 ms
2026-07-14 19:19:46.210 DEBUG qt.scenegraph.time.renderloop: [window 0x7f030130be40][gui thread] Frame prepared, polish=0 ms, lock=0 ms, blockedForSync=0 ms, animations=0 ms
2026-07-14 19:19:46.210 DEBUG qt.scenegraph.time.renderer: time in renderer: total=0ms, preprocess=0, updates=0, rendering=0
2026-07-14 19:19:46.211 DEBUG qt.scenegraph.time.renderloop: [window 0x7f030130be40][render thread 0x7f0301180040] syncAndRender: frame rendered in 0ms, sync=0, render=0, swap=0
2026-07-14 19:19:46.213 DEBUG qt.scenegraph.time.renderloop: [window 0x7f030130be40][gui thread] polishAndSync: start, elapsed since last call: 2 ms
2026-07-14 19:19:46.213 DEBUG qt.scenegraph.time.renderloop: [window 0x7f030130be40][render thread 0x7f0301180040] syncAndRender: start, elapsed since last call: 2 ms
2026-07-14 19:19:46.213 DEBUG qt.scenegraph.time.renderloop: [window 0x7f030130be40][gui thread] Frame prepared, polish=0 ms, lock=0 ms, blockedForSync=0 ms, animations=0 ms
2026-07-14 19:19:46.213 DEBUG qt.scenegraph.time.renderer: time in renderer: total=0ms, preprocess=0, updates=0, rendering=0
2026-07-14 19:19:46.213 DEBUG qt.scenegraph.time.renderloop: [window 0x7f030130be40][render thread 0x7f0301180040] syncAndRender: frame rendered in 0ms, sync=0, render=0, swap=0
2026-07-14 19:19:46.243 DEBUG qt.scenegraph.time.renderloop: [window 0x7f030130be40][gui thread] polishAndSync: start, elapsed since last call: 30 ms
2026-07-14 19:19:46.243 DEBUG qt.scenegraph.time.renderloop: [window 0x7f030130be40][render thread 0x7f0301180040] syncAndRender: start, elapsed since last call: 30 ms
2026-07-14 19:19:46.243 DEBUG qt.scenegraph.time.renderloop: [window 0x7f030130be40][gui thread] Frame prepared, polish=0 ms, lock=0 ms, blockedForSync=0 ms, animations=0 ms
2026-07-14 19:19:46.243 DEBUG qt.scenegraph.time.renderer: time in renderer: total=0ms, preprocess=0, updates=0, rendering=0
2026-07-14 19:19:46.243 DEBUG qt.scenegraph.time.renderloop: [window 0x7f030130be40][render thread 0x7f0301180040] syncAndRender: frame rendered in 0ms, sync=0, render=0, swap=0
2026-07-14 19:19:46.248 DEBUG qt.scenegraph.time.renderloop: [window 0x7f030130be40][gui thread] polishAndSync: start, elapsed since last call: 4 ms
2026-07-14 19:19:46.248 DEBUG qt.scenegraph.time.renderloop: [window 0x7f030130be40][render thread 0x7f0301180040] syncAndRender: start, elapsed since last call: 4 ms
2026-07-14 19:19:46.248 DEBUG qt.scenegraph.time.renderloop: [window 0x7f030130be40][gui thread] Frame prepared, polish=0 ms, lock=0 ms, blockedForSync=0 ms, animations=0 ms
2026-07-14 19:19:46.248 DEBUG qt.scenegraph.time.renderer: time in renderer: total=0ms, preprocess=0, updates=0, rendering=0
2026-07-14 19:19:46.248 DEBUG qt.scenegraph.time.renderloop: [window 0x7f030130be40][render thread 0x7f0301180040] syncAndRender: frame rendered in 0ms, sync=0, render=0, swap=0
2026-07-14 19:19:46.277 DEBUG qt.scenegraph.time.renderloop: [window 0x7f030130be40][gui thread] polishAndSync: start, elapsed since last call: 29 ms
2026-07-14 19:19:46.277 DEBUG qt.scenegraph.time.renderloop: [window 0x7f030130be40][render thread 0x7f0301180040] syncAndRender: start, elapsed since last call: 29 ms
2026-07-14 19:19:46.277 DEBUG qt.scenegraph.time.renderloop: [window 0x7f030130be40][gui thread] Frame prepared, polish=0 ms, lock=0 ms, blockedForSync=0 ms, animations=0 ms
2026-07-14 19:19:46.277 DEBUG qt.scenegraph.time.renderer: time in renderer: total=0ms, preprocess=0, updates=0, rendering=0
2026-07-14 19:19:46.277 DEBUG qt.scenegraph.time.renderloop: [window 0x7f030130be40][render thread 0x7f0301180040] syncAndRender: frame rendered in 0ms, sync=0, render=0, swap=0
2026-07-14 19:19:46.282 DEBUG qt.scenegraph.time.renderloop: [window 0x7f030130be40][gui thread] polishAndSync: start, elapsed since last call: 5 ms
2026-07-14 19:19:46.282 DEBUG qt.scenegraph.time.renderloop: [window 0x7f030130be40][render thread 0x7f0301180040] syncAndRender: start, elapsed since last call: 5 ms
2026-07-14 19:19:46.283 DEBUG qt.scenegraph.time.renderloop: [window 0x7f030130be40][gui thread] Frame prepared, polish=0 ms, lock=0 ms, blockedForSync=0 ms, animations=0 ms
2026-07-14 19:19:46.283 DEBUG qt.scenegraph.time.renderer: time in renderer: total=0ms, preprocess=0, updates=0, rendering=0
2026-07-14 19:19:46.283 DEBUG qt.scenegraph.time.renderloop: [window 0x7f030130be40][render thread 0x7f0301180040] syncAndRender: frame rendered in 0ms, sync=0, render=0, swap=0
2026-07-14 19:19:46.310 DEBUG qt.scenegraph.time.renderloop: [window 0x7f030130be40][gui thread] polishAndSync: start, elapsed since last call: 27 ms
2026-07-14 19:19:46.310 DEBUG qt.scenegraph.time.renderloop: [window 0x7f030130be40][render thread 0x7f0301180040] syncAndRender: start, elapsed since last call: 27 ms
2026-07-14 19:19:46.310 DEBUG qt.scenegraph.time.renderloop: [window 0x7f030130be40][gui thread] Frame prepared, polish=0 ms, lock=0 ms, blockedForSync=0 ms, animations=0 ms
2026-07-14 19:19:46.310 DEBUG qt.scenegraph.time.renderer: time in renderer: total=0ms, preprocess=0, updates=0, rendering=0
2026-07-14 19:19:46.311 DEBUG qt.scenegraph.time.renderloop: [window 0x7f030130be40][render thread 0x7f0301180040] syncAndRender: frame rendered in 0ms, sync=0, render=0, swap=0
2026-07-14 19:19:46.317 DEBUG qt.scenegraph.time.renderloop: [window 0x7f030130be40][gui thread] polishAndSync: start, elapsed since last call: 7 ms
2026-07-14 19:19:46.317 DEBUG qt.scenegraph.time.renderloop: [window 0x7f030130be40][render thread 0x7f0301180040] syncAndRender: start, elapsed since last call: 7 ms
2026-07-14 19:19:46.317 DEBUG qt.scenegraph.time.renderloop: [window 0x7f030130be40][gui thread] Frame prepared, polish=0 ms, lock=0 ms, blockedForSync=0 ms, animations=0 ms
2026-07-14 19:19:46.317 DEBUG qt.scenegraph.time.renderer: time in renderer: total=0ms, preprocess=0, updates=0, rendering=0
2026-07-14 19:19:46.318 DEBUG qt.scenegraph.time.renderloop: [window 0x7f030130be40][render thread 0x7f0301180040] syncAndRender: frame rendered in 0ms, sync=0, render=0, swap=0
2026-07-14 19:19:46.342 DEBUG qt.scenegraph.time.renderloop: [window 0x7f030130be40][gui thread] polishAndSync: start, elapsed since last call: 24 ms
2026-07-14 19:19:46.342 DEBUG qt.scenegraph.time.renderloop: [window 0x7f030130be40][render thread 0x7f0301180040] syncAndRender: start, elapsed since last call: 25 ms
2026-07-14 19:19:46.342 DEBUG qt.scenegraph.time.renderloop: [window 0x7f030130be40][gui thread] Frame prepared, polish=0 ms, lock=0 ms, blockedForSync=0 ms, animations=0 ms
2026-07-14 19:19:46.343 DEBUG qt.scenegraph.time.renderer: time in renderer: total=0ms, preprocess=0, updates=0, rendering=0
2026-07-14 19:19:46.343 DEBUG qt.scenegraph.time.renderloop: [window 0x7f030130be40][render thread 0x7f0301180040] syncAndRender: frame rendered in 0ms, sync=0, render=0, swap=0
2026-07-14 19:19:46.345 DEBUG qt.scenegraph.time.renderloop: [window 0x7f030130be40][gui thread] polishAndSync: start, elapsed since last call: 2 ms
2026-07-14 19:19:46.345 DEBUG qt.scenegraph.time.renderloop: [window 0x7f030130be40][render thread 0x7f0301180040] syncAndRender: start, elapsed since last call: 2 ms
2026-07-14 19:19:46.345 DEBUG qt.scenegraph.time.renderloop: [window 0x7f030130be40][gui thread] Frame prepared, polish=0 ms, lock=0 ms, blockedForSync=0 ms, animations=0 ms
2026-07-14 19:19:46.345 DEBUG qt.scenegraph.time.renderer: time in renderer: total=0ms, preprocess=0, updates=0, rendering=0
2026-07-14 19:19:46.345 DEBUG qt.scenegraph.time.renderloop: [window 0x7f030130be40][render thread 0x7f0301180040] syncAndRender: frame rendered in 0ms, sync=0, render=0, swap=0
2026-07-14 19:19:46.375 DEBUG qt.scenegraph.time.renderloop: [window 0x7f030130be40][gui thread] polishAndSync: start, elapsed since last call: 30 ms
2026-07-14 19:19:46.375 DEBUG qt.scenegraph.time.renderloop: [window 0x7f030130be40][render thread 0x7f0301180040] syncAndRender: start, elapsed since last call: 30 ms
2026-07-14 19:19:46.375 DEBUG qt.scenegraph.time.renderloop: [window 0x7f030130be40][gui thread] Frame prepared, polish=0 ms, lock=0 ms, blockedForSync=0 ms, animations=0 ms
2026-07-14 19:19:46.375 DEBUG qt.scenegraph.time.renderer: time in renderer: total=0ms, preprocess=0, updates=0, rendering=0
2026-07-14 19:19:46.375 DEBUG qt.scenegraph.time.renderloop: [window 0x7f030130be40][render thread 0x7f0301180040] syncAndRender: frame rendered in 0ms, sync=0, render=0, swap=0
2026-07-14 19:19:46.380 DEBUG qt.scenegraph.time.renderloop: [window 0x7f030130be40][gui thread] polishAndSync: start, elapsed since last call: 4 ms
2026-07-14 19:19:46.380 DEBUG qt.scenegraph.time.renderloop: [window 0x7f030130be40][render thread 0x7f0301180040] syncAndRender: start, elapsed since last call: 4 ms
2026-07-14 19:19:46.380 DEBUG qt.scenegraph.time.renderloop: [window 0x7f030130be40][gui thread] Frame prepared, polish=0 ms, lock=0 ms, blockedForSync=0 ms, animations=0 ms
2026-07-14 19:19:46.380 DEBUG qt.scenegraph.time.renderer: time in renderer: total=0ms, preprocess=0, updates=0, rendering=0
2026-07-14 19:19:46.380 DEBUG qt.scenegraph.time.renderloop: [window 0x7f030130be40][render thread 0x7f0301180040] syncAndRender: frame rendered in 0ms, sync=0, render=0, swap=0
2026-07-14 19:19:46.409 DEBUG qt.scenegraph.time.renderloop: [window 0x7f030130be40][gui thread] polishAndSync: start, elapsed since last call: 29 ms
2026-07-14 19:19:46.409 DEBUG qt.scenegraph.time.renderloop: [window 0x7f030130be40][render thread 0x7f0301180040] syncAndRender: start, elapsed since last call: 29 ms
2026-07-14 19:19:46.409 DEBUG qt.scenegraph.time.renderloop: [window 0x7f030130be40][gui thread] Frame prepared, polish=0 ms, lock=0 ms, blockedForSync=0 ms, animations=0 ms
2026-07-14 19:19:46.409 DEBUG qt.scenegraph.time.renderer: time in renderer: total=0ms, preprocess=0, updates=0, rendering=0
2026-07-14 19:19:46.409 DEBUG qt.scenegraph.time.renderloop: [window 0x7f030130be40][render thread 0x7f0301180040] syncAndRender: frame rendered in 0ms, sync=0, render=0, swap=0
2026-07-14 19:19:46.414 DEBUG qt.scenegraph.time.renderloop: [window 0x7f030130be40][gui thread] polishAndSync: start, elapsed since last call: 5 ms
2026-07-14 19:19:46.414 DEBUG qt.scenegraph.time.renderloop: [window 0x7f030130be40][render thread 0x7f0301180040] syncAndRender: start, elapsed since last call: 5 ms
2026-07-14 19:19:46.414 DEBUG qt.scenegraph.time.renderloop: [window 0x7f030130be40][gui thread] Frame prepared, polish=0 ms, lock=0 ms, blockedForSync=0 ms, animations=0 ms
2026-07-14 19:19:46.414 DEBUG qt.scenegraph.time.renderer: time in renderer: total=0ms, preprocess=0, updates=0, rendering=0
2026-07-14 19:19:46.415 DEBUG qt.scenegraph.time.renderloop: [window 0x7f030130be40][render thread 0x7f0301180040] syncAndRender: frame rendered in 0ms, sync=0, render=0, swap=0
2026-07-14 19:19:46.441 DEBUG qt.scenegraph.time.renderloop: [window 0x7f030130be40][gui thread] polishAndSync: start, elapsed since last call: 27 ms
2026-07-14 19:19:46.442 DEBUG qt.scenegraph.time.renderloop: [window 0x7f030130be40][render thread 0x7f0301180040] syncAndRender: start, elapsed since last call: 27 ms
2026-07-14 19:19:46.442 DEBUG qt.scenegraph.time.renderloop: [window 0x7f030130be40][gui thread] Frame prepared, polish=0 ms, lock=0 ms, blockedForSync=0 ms, animations=0 ms
2026-07-14 19:19:46.442 DEBUG qt.scenegraph.time.renderer: time in renderer: total=0ms, preprocess=0, updates=0, rendering=0
2026-07-14 19:19:46.442 DEBUG qt.scenegraph.time.renderloop: [window 0x7f030130be40][render thread 0x7f0301180040] syncAndRender: frame rendered in 0ms, sync=0, render=0, swap=0
2026-07-14 19:19:46.449 DEBUG qt.scenegraph.time.renderloop: [window 0x7f030130be40][gui thread] polishAndSync: start, elapsed since last call: 7 ms
2026-07-14 19:19:46.449 DEBUG qt.scenegraph.time.renderloop: [window 0x7f030130be40][render thread 0x7f0301180040] syncAndRender: start, elapsed since last call: 7 ms
2026-07-14 19:19:46.449 DEBUG qt.scenegraph.time.renderloop: [window 0x7f030130be40][gui thread] Frame prepared, polish=0 ms, lock=0 ms, blockedForSync=0 ms, animations=0 ms
2026-07-14 19:19:46.449 DEBUG qt.scenegraph.time.renderer: time in renderer: total=0ms, preprocess=0, updates=0, rendering=0
2026-07-14 19:19:46.449 DEBUG qt.scenegraph.time.renderloop: [window 0x7f030130be40][render thread 0x7f0301180040] syncAndRender: frame rendered in 0ms, sync=0, render=0, swap=0
2026-07-14 19:19:46.474 DEBUG qt.scenegraph.time.renderloop: [window 0x7f030130be40][gui thread] polishAndSync: start, elapsed since last call: 24 ms
2026-07-14 19:19:46.474 DEBUG qt.scenegraph.time.renderloop: [window 0x7f030130be40][render thread 0x7f0301180040] syncAndRender: start, elapsed since last call: 25 ms
2026-07-14 19:19:46.474 DEBUG qt.scenegraph.time.renderloop: [window 0x7f030130be40][gui thread] Frame prepared, polish=0 ms, lock=0 ms, blockedForSync=0 ms, animations=0 ms
2026-07-14 19:19:46.474 DEBUG qt.scenegraph.time.renderer: time in renderer: total=0ms, preprocess=0, updates=0, rendering=0
2026-07-14 19:19:46.475 DEBUG qt.scenegraph.time.renderloop: [window 0x7f030130be40][render thread 0x7f0301180040] syncAndRender: frame rendered in 0ms, sync=0, render=0, swap=0
2026-07-14 19:19:46.477 DEBUG qt.scenegraph.time.renderloop: [window 0x7f030130be40][gui thread] polishAndSync: start, elapsed since last call: 2 ms
2026-07-14 19:19:46.477 DEBUG qt.scenegraph.time.renderloop: [window 0x7f030130be40][render thread 0x7f0301180040] syncAndRender: start, elapsed since last call: 2 ms
2026-07-14 19:19:46.477 DEBUG qt.scenegraph.time.renderloop: [window 0x7f030130be40][gui thread] Frame prepared, polish=0 ms, lock=0 ms, blockedForSync=0 ms, animations=0 ms
2026-07-14 19:19:46.477 DEBUG qt.scenegraph.time.renderer: time in renderer: total=0ms, preprocess=0, updates=0, rendering=0
2026-07-14 19:19:46.477 DEBUG qt.scenegraph.time.renderloop: [window 0x7f030130be40][render thread 0x7f0301180040] syncAndRender: frame rendered in 0ms, sync=0, render=0, swap=0
2026-07-14 19:19:46.507 DEBUG qt.scenegraph.time.renderloop: [window 0x7f030130be40][gui thread] polishAndSync: start, elapsed since last call: 30 ms
2026-07-14 19:19:46.507 DEBUG qt.scenegraph.time.renderloop: [window 0x7f030130be40][render thread 0x7f0301180040] syncAndRender: start, elapsed since last call: 30 ms
2026-07-14 19:19:46.507 DEBUG qt.scenegraph.time.renderloop: [window 0x7f030130be40][gui thread] Frame prepared, polish=0 ms, lock=0 ms, blockedForSync=0 ms, animations=0 ms
2026-07-14 19:19:46.507 DEBUG qt.scenegraph.time.renderer: time in renderer: total=0ms, preprocess=0, updates=0, rendering=0
2026-07-14 19:19:46.508 DEBUG qt.scenegraph.time.renderloop: [window 0x7f030130be40][render thread 0x7f0301180040] syncAndRender: frame rendered in 0ms, sync=0, render=0, swap=0
2026-07-14 19:19:46.512 DEBUG qt.scenegraph.time.renderloop: [window 0x7f030130be40][gui thread] polishAndSync: start, elapsed since last call: 4 ms
2026-07-14 19:19:46.512 DEBUG qt.scenegraph.time.renderloop: [window 0x7f030130be40][render thread 0x7f0301180040] syncAndRender: start, elapsed since last call: 4 ms
2026-07-14 19:19:46.512 DEBUG qt.scenegraph.time.renderloop: [window 0x7f030130be40][gui thread] Frame prepared, polish=0 ms, lock=0 ms, blockedForSync=0 ms, animations=0 ms
2026-07-14 19:19:46.512 DEBUG qt.scenegraph.time.renderer: time in renderer: total=0ms, preprocess=0, updates=0, rendering=0
2026-07-14 19:19:46.512 DEBUG qt.scenegraph.time.renderloop: [window 0x7f030130be40][render thread 0x7f0301180040] syncAndRender: frame rendered in 0ms, sync=0, render=0, swap=0
