2026-07-14 19:24:04.726  INFO: Launching config: "/tmp/opencode/.task-12-full-boundary.work.jmvwcc/sources/pr/source/versions/V1/shell.qml"
2026-07-14 19:24:04.726  INFO: Shell ID: "de7ae06fbca937497e3bfd9c65125ce0" Path ID "de7ae06fbca937497e3bfd9c65125ce0"
2026-07-14 19:24:04.726  INFO: Saving logs to "/run/user/1000/quickshell/by-id/so394od6it/log.qslog"
2026-07-14 19:24:04.778 DEBUG qt.scenegraph.general: threaded render loop
2026-07-14 19:24:04.778 DEBUG qt.scenegraph.general: Using sg animation driver
2026-07-14 19:24:04.778 DEBUG qt.scenegraph.general: Animation Driver: using vsync: 6.94 ms
2026-07-14 19:24:05.147  WARN scene: QML IpcHandler at @shell.qml[33:5]: Signal detected: "enabledChanged"
2026-07-14 19:24:05.147  WARN scene: QML IpcHandler at @shell.qml[33:5]: Signal detected: "panelVisibleChanged"
2026-07-14 19:24:05.149  INFO: Configuration Loaded
2026-07-14 19:24:05.180 DEBUG qt.scenegraph.time.renderloop: [window 0x7f48b5903e40][gui thread] polishAndSync: start, elapsed since last call: 3 ms
2026-07-14 19:24:05.180 DEBUG qt.scenegraph.general: Animation Driver: using vsync: 6.94 ms
2026-07-14 19:24:05.180 DEBUG qt.scenegraph.general: Creating QRhi with backend OpenGL for window 0x7f48b5903e40 (wflags 0x1)
  Graphics API debug/validation layers: 0
  Debug markers: 0
  Timestamps: 0
  Prefer software device: 0
  Shader/pipeline cache collection: 1
2026-07-14 19:24:05.182 DEBUG qt.rhi.general: Created OpenGL context QSurfaceFormat(version 4.6, options QFlags<QSurfaceFormat::FormatOption>(DeprecatedFunctions|ResetNotification), depthBufferSize 24, redBufferSize 8, greenBufferSize 8, blueBufferSize 8, alphaBufferSize 8, stencilBufferSize 8, samples 0, swapBehavior QSurfaceFormat::DefaultSwapBehavior, swapInterval 1, colorSpace QColorSpace(), profile  QSurfaceFormat::CompatibilityProfile)
2026-07-14 19:24:05.184 DEBUG qt.rhi.general: OpenGL VENDOR: AMD RENDERER: AMD Radeon RX 6700 XT (radeonsi, navi22, ACO, DRM 3.64, 7.1.3-2-cachyos) VERSION: 4.6 (Compatibility Profile) Mesa 26.1.4-arch1.1
2026-07-14 19:24:05.184 DEBUG qt.scenegraph.general: Created QRhi 0x7f48b120c008 for window 0x7f48b5903e40
2026-07-14 19:24:05.184 DEBUG qt.scenegraph.general: Attempting to seed pipeline cache for QRhi 0x7f48b120c008 from '/home/alarisco/.cache/quickshell/qtpipelinecache-x86_64-little_endian-lp64/qqpc_opengl'
2026-07-14 19:24:05.184 DEBUG qt.rhi.general: Seeded pipeline cache with 11 program binaries
2026-07-14 19:24:05.184 DEBUG qt.scenegraph.general: MSAA sample count for the swapchain is 1. Alpha channel requested = yes.
2026-07-14 19:24:05.184 DEBUG qt.scenegraph.time.renderloop: [window 0x7f48b5903e40][render thread 0x7f48b57a2c20] syncAndRender: start, elapsed since last call: 4 ms
2026-07-14 19:24:05.184 DEBUG qt.scenegraph.time.renderloop: [window 0x7f48b5903e40][render thread 0x7f48b57a2c20] syncAndRender: frame rendered in 0ms, sync=0, render=0, swap=0
2026-07-14 19:24:05.184 DEBUG qt.scenegraph.general: rhi texture atlas dimensions: 4096x2048
2026-07-14 19:24:05.184 DEBUG qt.scenegraph.time.renderloop: [window 0x7f48b5903e40][render thread 0x7f48b57a2c20] syncAndRender: start, elapsed since last call: 0 ms
2026-07-14 19:24:05.194 DEBUG qt.scenegraph.time.glyph: distancefield: 1 glyphs prepared in 0ms, rendering=0, upload=0
2026-07-14 19:24:05.194 DEBUG qt.scenegraph.time.glyph: distancefield: 12 glyphs prepared in 0ms, rendering=0, upload=0
2026-07-14 19:24:05.194 DEBUG qt.scenegraph.time.glyph: distancefield: 1 glyphs prepared in 0ms, rendering=0, upload=0
2026-07-14 19:24:05.194 DEBUG qt.scenegraph.time.glyph: distancefield: 1 glyphs prepared in 0ms, rendering=0, upload=0
2026-07-14 19:24:05.194 DEBUG qt.scenegraph.time.glyph: distancefield: 2 glyphs prepared in 0ms, rendering=0, upload=0
2026-07-14 19:24:05.195 DEBUG qt.scenegraph.time.glyph: distancefield: 19 glyphs prepared in 0ms, rendering=0, upload=0
2026-07-14 19:24:05.196 DEBUG qt.scenegraph.time.renderer: time in renderer: total=0ms, preprocess=0, updates=0, rendering=0
2026-07-14 19:24:05.198 DEBUG qt.scenegraph.time.renderer: time in renderer: total=2ms, preprocess=0, updates=0, rendering=1
2026-07-14 19:24:05.203 DEBUG qt.scenegraph.time.renderloop: [window 0x7f48b5903e40][render thread 0x7f48b57a2c20] syncAndRender: frame rendered in 18ms, sync=8, render=4, swap=5
2026-07-14 19:24:05.203 DEBUG qt.scenegraph.time.renderloop: [window 0x7f48b5903e40][gui thread] Frame prepared, polish=0 ms, lock=0 ms, blockedForSync=23 ms, animations=0 ms
2026-07-14 19:24:05.279 DEBUG qt.scenegraph.time.renderloop: [window 0x7f48b5903e40][gui thread] polishAndSync: start, elapsed since last call: 99 ms
2026-07-14 19:24:05.280 DEBUG qt.scenegraph.time.renderloop: [window 0x7f48b5903e40][render thread 0x7f48b57a2c20] syncAndRender: start, elapsed since last call: 95 ms
2026-07-14 19:24:05.282 DEBUG qt.scenegraph.time.glyph: distancefield: 1 glyphs prepared in 0ms, rendering=0, upload=0
2026-07-14 19:24:05.282 DEBUG qt.scenegraph.time.glyph: distancefield: 1 glyphs prepared in 0ms, rendering=0, upload=0
2026-07-14 19:24:05.282 DEBUG qt.scenegraph.time.glyph: distancefield: 2 glyphs prepared in 0ms, rendering=0, upload=0
2026-07-14 19:24:05.282 DEBUG qt.scenegraph.time.renderloop: [window 0x7f48b5903e40][gui thread] Frame prepared, polish=1 ms, lock=0 ms, blockedForSync=1 ms, animations=0 ms
2026-07-14 19:24:05.282 DEBUG qt.scenegraph.time.texture: atlastexture upload enqueued in: -9223357553833ms (18x18)
2026-07-14 19:24:05.282 DEBUG qt.scenegraph.time.texture: atlastexture upload enqueued in: -9223357553833ms (48x48)
2026-07-14 19:24:05.283 DEBUG qt.scenegraph.time.texture: atlastexture upload enqueued in: -9223357553833ms (656x192)
2026-07-14 19:24:05.283 DEBUG qt.scenegraph.time.texture: atlastexture upload enqueued in: -9223357553833ms (549x230)
2026-07-14 19:24:05.283 DEBUG qt.scenegraph.time.texture: atlastexture upload enqueued in: -9223357553832ms (605x231)
2026-07-14 19:24:05.283 DEBUG qt.scenegraph.time.texture: atlastexture upload enqueued in: -9223357553832ms (80x24)
2026-07-14 19:24:05.283 DEBUG qt.scenegraph.time.texture: atlastexture upload enqueued in: -9223357553832ms (16x14)
2026-07-14 19:24:05.283 DEBUG qt.scenegraph.time.texture: atlastexture upload enqueued in: -9223357553832ms (6x8)
2026-07-14 19:24:05.283 DEBUG qt.scenegraph.time.texture: atlastexture upload enqueued in: -9223357553832ms (36x14)
2026-07-14 19:24:05.283 DEBUG qt.scenegraph.time.texture: atlastexture upload enqueued in: -9223357553832ms (16x16)
2026-07-14 19:24:05.283 DEBUG qt.scenegraph.time.texture: atlastexture upload enqueued in: -9223357553832ms (16x16)
2026-07-14 19:24:05.283 DEBUG qt.scenegraph.time.texture: atlastexture upload enqueued in: -9223357553832ms (36x14)
2026-07-14 19:24:05.283 DEBUG qt.scenegraph.time.texture: atlastexture upload enqueued in: -9223357553832ms (22x14)
2026-07-14 19:24:05.283 DEBUG qt.scenegraph.time.texture: atlastexture upload enqueued in: -9223357553832ms (36x14)
2026-07-14 19:24:05.283 DEBUG qt.scenegraph.time.renderer: time in renderer: total=1ms, preprocess=0, updates=0, rendering=1
2026-07-14 19:24:05.286 DEBUG qt.scenegraph.time.renderloop: [window 0x7f48b5903e40][render thread 0x7f48b57a2c20] syncAndRender: frame rendered in 5ms, sync=1, render=1, swap=2
2026-07-14 19:24:05.298 DEBUG qt.scenegraph.time.renderloop: [window 0x7f48b5903e40][gui thread] polishAndSync: start, elapsed since last call: 18 ms
2026-07-14 19:24:05.299 DEBUG qt.scenegraph.time.renderloop: [window 0x7f48b5903e40][render thread 0x7f48b57a2c20] syncAndRender: start, elapsed since last call: 18 ms
2026-07-14 19:24:05.299 DEBUG qt.scenegraph.time.glyph: distancefield: 1 glyphs prepared in 0ms, rendering=0, upload=0
2026-07-14 19:24:05.299 DEBUG qt.scenegraph.time.texture: atlastexture upload enqueued in: -9223357553816ms (36x14)
2026-07-14 19:24:05.299 DEBUG qt.scenegraph.time.texture: atlastexture upload enqueued in: -9223357553816ms (36x14)
2026-07-14 19:24:05.299 DEBUG qt.scenegraph.time.renderer: time in renderer: total=0ms, preprocess=0, updates=0, rendering=0
2026-07-14 19:24:05.301 DEBUG qt.scenegraph.time.renderloop: [window 0x7f48b5903e40][render thread 0x7f48b57a2c20] syncAndRender: frame rendered in 2ms, sync=0, render=0, swap=1
2026-07-14 19:24:05.305 DEBUG qt.scenegraph.time.renderloop: [window 0x7f48b5903e40][gui thread] Frame prepared, polish=0 ms, lock=0 ms, blockedForSync=0 ms, animations=6 ms
2026-07-14 19:24:05.306 DEBUG qt.scenegraph.time.renderloop: [window 0x7f48b5903e40][gui thread] polishAndSync: start, elapsed since last call: 8 ms
2026-07-14 19:24:05.311 DEBUG qt.scenegraph.time.renderloop: [window 0x7f48b5903e40][render thread 0x7f48b57a2c20] syncAndRender: start, elapsed since last call: 12 ms
2026-07-14 19:24:05.311 DEBUG qt.scenegraph.general: animation driver switched to timer mode
2026-07-14 19:24:05.312 DEBUG qt.scenegraph.time.renderer: time in renderer: total=0ms, preprocess=0, updates=0, rendering=0
2026-07-14 19:24:05.312 DEBUG qt.scenegraph.time.renderloop: [window 0x7f48b5903e40][render thread 0x7f48b57a2c20] syncAndRender: frame rendered in 1ms, sync=0, render=0, swap=0
2026-07-14 19:24:05.318 DEBUG qt.scenegraph.time.renderloop: [window 0x7f48b5903e40][gui thread] Frame prepared, polish=4 ms, lock=0 ms, blockedForSync=0 ms, animations=6 ms
2026-07-14 19:24:05.321 DEBUG qt.scenegraph.time.renderloop: [window 0x7f48b3b9a3d0][gui thread] polishAndSync: start, elapsed since last call: 2 ms
2026-07-14 19:24:05.321 DEBUG qt.scenegraph.general: Animation Driver: using vsync: 6.94 ms
2026-07-14 19:24:05.321 DEBUG qt.scenegraph.general: Creating QRhi with backend OpenGL for window 0x7f48b3b9a3d0 (wflags 0x1)
  Graphics API debug/validation layers: 0
  Debug markers: 0
  Timestamps: 0
  Prefer software device: 0
  Shader/pipeline cache collection: 1
2026-07-14 19:24:05.323 DEBUG qt.rhi.general: Created OpenGL context QSurfaceFormat(version 4.6, options QFlags<QSurfaceFormat::FormatOption>(DeprecatedFunctions|ResetNotification), depthBufferSize 24, redBufferSize 8, greenBufferSize 8, blueBufferSize 8, alphaBufferSize 8, stencilBufferSize 8, samples 0, swapBehavior QSurfaceFormat::DefaultSwapBehavior, swapInterval 1, colorSpace QColorSpace(), profile  QSurfaceFormat::CompatibilityProfile)
2026-07-14 19:24:05.324 DEBUG qt.rhi.general: OpenGL VENDOR: AMD RENDERER: AMD Radeon RX 6700 XT (radeonsi, navi22, ACO, DRM 3.64, 7.1.3-2-cachyos) VERSION: 4.6 (Compatibility Profile) Mesa 26.1.4-arch1.1
2026-07-14 19:24:05.324 DEBUG qt.scenegraph.general: Created QRhi 0x7f489aa0c008 for window 0x7f48b3b9a3d0
2026-07-14 19:24:05.324 DEBUG qt.scenegraph.general: Attempting to seed pipeline cache for QRhi 0x7f489aa0c008 from '/home/alarisco/.cache/quickshell/qtpipelinecache-x86_64-little_endian-lp64/qqpc_opengl'
2026-07-14 19:24:05.324 DEBUG qt.rhi.general: Seeded pipeline cache with 11 program binaries
2026-07-14 19:24:05.324 DEBUG qt.scenegraph.general: MSAA sample count for the swapchain is 1. Alpha channel requested = yes.
2026-07-14 19:24:05.324 DEBUG qt.scenegraph.time.renderloop: [window 0x7f48b3b9a3d0][render thread 0x7f48d880cd60] syncAndRender: start, elapsed since last call: 3 ms
2026-07-14 19:24:05.324 DEBUG qt.scenegraph.time.renderloop: [window 0x7f48b3b9a3d0][render thread 0x7f48d880cd60] syncAndRender: frame rendered in 0ms, sync=0, render=0, swap=0
2026-07-14 19:24:05.324 DEBUG qt.scenegraph.general: rhi texture atlas dimensions: 4096x2048
2026-07-14 19:24:05.324 DEBUG qt.scenegraph.time.renderloop: [window 0x7f48b3b9a3d0][render thread 0x7f48d880cd60] syncAndRender: start, elapsed since last call: 0 ms
2026-07-14 19:24:05.331 DEBUG qt.scenegraph.time.glyph: distancefield: 2 glyphs prepared in 0ms, rendering=0, upload=0
2026-07-14 19:24:05.331 DEBUG qt.scenegraph.time.glyph: distancefield: 1 glyphs prepared in 0ms, rendering=0, upload=0
2026-07-14 19:24:05.333 DEBUG qt.scenegraph.time.renderer: time in renderer: total=1ms, preprocess=0, updates=0, rendering=1
2026-07-14 19:24:05.336 DEBUG qt.scenegraph.time.renderloop: [window 0x7f48b3b9a3d0][render thread 0x7f48d880cd60] syncAndRender: frame rendered in 11ms, sync=6, render=1, swap=3
2026-07-14 19:24:05.343 DEBUG qt.scenegraph.time.renderloop: [window 0x7f48b3b9a3d0][gui thread] Frame prepared, polish=0 ms, lock=0 ms, blockedForSync=14 ms, animations=6 ms
2026-07-14 19:24:05.344 DEBUG qt.scenegraph.time.renderloop: [window 0x7f48b5903e40][gui thread] polishAndSync: start, elapsed since last call: 37 ms
2026-07-14 19:24:05.347 DEBUG qt.scenegraph.time.renderloop: [window 0x7f48b5903e40][render thread 0x7f48b57a2c20] syncAndRender: start, elapsed since last call: 36 ms
2026-07-14 19:24:05.347 DEBUG qt.scenegraph.time.renderloop: [window 0x7f48b5903e40][gui thread] Frame prepared, polish=3 ms, lock=0 ms, blockedForSync=0 ms, animations=0 ms
2026-07-14 19:24:05.348 DEBUG qt.scenegraph.time.renderer: time in renderer: total=0ms, preprocess=0, updates=0, rendering=0
2026-07-14 19:24:05.348 DEBUG qt.scenegraph.time.renderer: time in renderer: total=0ms, preprocess=0, updates=0, rendering=0
2026-07-14 19:24:05.349 DEBUG qt.scenegraph.time.renderloop: [window 0x7f48b5903e40][render thread 0x7f48b57a2c20] syncAndRender: frame rendered in 1ms, sync=0, render=0, swap=0
2026-07-14 19:24:05.350 DEBUG qt.scenegraph.time.renderloop: [window 0x7f48b3b9a3d0][gui thread] polishAndSync: start, elapsed since last call: 28 ms
2026-07-14 19:24:05.350 DEBUG qt.scenegraph.time.renderloop: [window 0x7f48b3b9a3d0][render thread 0x7f48d880cd60] syncAndRender: start, elapsed since last call: 25 ms
2026-07-14 19:24:05.350 DEBUG qt.scenegraph.time.renderloop: [window 0x7f48b3b9a3d0][gui thread] Frame prepared, polish=0 ms, lock=0 ms, blockedForSync=0 ms, animations=0 ms
2026-07-14 19:24:05.350 DEBUG qt.scenegraph.time.renderer: time in renderer: total=0ms, preprocess=0, updates=0, rendering=0
2026-07-14 19:24:05.351 DEBUG qt.scenegraph.time.renderloop: [window 0x7f48b3b9a3d0][render thread 0x7f48d880cd60] syncAndRender: frame rendered in 1ms, sync=0, render=0, swap=0
2026-07-14 19:24:05.356 DEBUG qt.scenegraph.time.renderloop: [window 0x7f48b5903e40][gui thread] polishAndSync: start, elapsed since last call: 11 ms
2026-07-14 19:24:05.359 DEBUG qt.scenegraph.time.renderloop: [window 0x7f48b5903e40][render thread 0x7f48b57a2c20] syncAndRender: start, elapsed since last call: 11 ms
2026-07-14 19:24:05.359 DEBUG qt.scenegraph.time.renderloop: [window 0x7f48b5903e40][gui thread] Frame prepared, polish=2 ms, lock=0 ms, blockedForSync=0 ms, animations=0 ms
2026-07-14 19:24:05.359 DEBUG qt.scenegraph.time.renderloop: [window 0x7f48b3b9a3d0][gui thread] polishAndSync: start, elapsed since last call: 9 ms
2026-07-14 19:24:05.359 DEBUG qt.scenegraph.time.renderloop: [window 0x7f48b3b9a3d0][render thread 0x7f48d880cd60] syncAndRender: start, elapsed since last call: 9 ms
2026-07-14 19:24:05.359 DEBUG qt.scenegraph.time.renderloop: [window 0x7f48b3b9a3d0][gui thread] Frame prepared, polish=0 ms, lock=0 ms, blockedForSync=0 ms, animations=0 ms
2026-07-14 19:24:05.359 DEBUG qt.scenegraph.time.renderer: time in renderer: total=0ms, preprocess=0, updates=0, rendering=0
2026-07-14 19:24:05.359 DEBUG qt.scenegraph.time.renderer: time in renderer: total=0ms, preprocess=0, updates=0, rendering=0
2026-07-14 19:24:05.359 DEBUG qt.scenegraph.time.renderer: time in renderer: total=0ms, preprocess=0, updates=0, rendering=0
2026-07-14 19:24:05.360 DEBUG qt.scenegraph.time.renderer: time in renderer: total=0ms, preprocess=0, updates=0, rendering=0
2026-07-14 19:24:05.360 DEBUG qt.scenegraph.time.renderloop: [window 0x7f48b3b9a3d0][render thread 0x7f48d880cd60] syncAndRender: frame rendered in 0ms, sync=0, render=0, swap=0
2026-07-14 19:24:05.361 DEBUG qt.scenegraph.time.renderloop: [window 0x7f48b5903e40][render thread 0x7f48b57a2c20] syncAndRender: frame rendered in 2ms, sync=0, render=0, swap=1
2026-07-14 19:24:05.367 DEBUG qt.scenegraph.time.renderloop: [window 0x7f48b3b9a3d0][gui thread] polishAndSync: start, elapsed since last call: 7 ms
2026-07-14 19:24:05.367 DEBUG qt.scenegraph.time.renderloop: [window 0x7f48b3b9a3d0][render thread 0x7f48d880cd60] syncAndRender: start, elapsed since last call: 7 ms
2026-07-14 19:24:05.367 DEBUG qt.scenegraph.time.renderloop: [window 0x7f48b3b9a3d0][gui thread] Frame prepared, polish=0 ms, lock=0 ms, blockedForSync=0 ms, animations=0 ms
2026-07-14 19:24:05.367 DEBUG qt.scenegraph.time.renderloop: [window 0x7f48b5903e40][gui thread] polishAndSync: start, elapsed since last call: 11 ms
2026-07-14 19:24:05.367 DEBUG qt.scenegraph.time.renderer: time in renderer: total=0ms, preprocess=0, updates=0, rendering=0
2026-07-14 19:24:05.367 DEBUG qt.scenegraph.time.renderloop: [window 0x7f48b3b9a3d0][render thread 0x7f48d880cd60] syncAndRender: frame rendered in 0ms, sync=0, render=0, swap=0
2026-07-14 19:24:05.370 DEBUG qt.scenegraph.time.renderloop: [window 0x7f48b5903e40][render thread 0x7f48b57a2c20] syncAndRender: start, elapsed since last call: 10 ms
2026-07-14 19:24:05.370 DEBUG qt.scenegraph.time.renderloop: [window 0x7f48b5903e40][gui thread] Frame prepared, polish=2 ms, lock=0 ms, blockedForSync=0 ms, animations=0 ms
2026-07-14 19:24:05.370 DEBUG qt.scenegraph.time.renderer: time in renderer: total=0ms, preprocess=0, updates=0, rendering=0
2026-07-14 19:24:05.371 DEBUG qt.scenegraph.time.renderloop: [window 0x7f48b5903e40][render thread 0x7f48b57a2c20] syncAndRender: frame rendered in 1ms, sync=0, render=0, swap=0
2026-07-14 19:24:05.379 DEBUG qt.scenegraph.time.renderloop: [window 0x7f48b5903e40][gui thread] polishAndSync: start, elapsed since last call: 12 ms
2026-07-14 19:24:05.382 DEBUG qt.scenegraph.time.renderloop: [window 0x7f48b5903e40][render thread 0x7f48b57a2c20] syncAndRender: start, elapsed since last call: 12 ms
2026-07-14 19:24:05.382 DEBUG qt.scenegraph.time.renderloop: [window 0x7f48b5903e40][gui thread] Frame prepared, polish=3 ms, lock=0 ms, blockedForSync=0 ms, animations=0 ms
2026-07-14 19:24:05.382 DEBUG qt.scenegraph.time.renderloop: [window 0x7f48b3b9a3d0][gui thread] polishAndSync: start, elapsed since last call: 15 ms
2026-07-14 19:24:05.382 DEBUG qt.scenegraph.time.renderloop: [window 0x7f48b3b9a3d0][render thread 0x7f48d880cd60] syncAndRender: start, elapsed since last call: 15 ms
2026-07-14 19:24:05.382 DEBUG qt.scenegraph.time.renderloop: [window 0x7f48b3b9a3d0][gui thread] Frame prepared, polish=0 ms, lock=0 ms, blockedForSync=0 ms, animations=0 ms
2026-07-14 19:24:05.382 DEBUG qt.scenegraph.time.renderer: time in renderer: total=0ms, preprocess=0, updates=0, rendering=0
2026-07-14 19:24:05.382 DEBUG qt.scenegraph.time.renderer: time in renderer: total=0ms, preprocess=0, updates=0, rendering=0
2026-07-14 19:24:05.383 DEBUG qt.scenegraph.time.renderloop: [window 0x7f48b3b9a3d0][render thread 0x7f48d880cd60] syncAndRender: frame rendered in 0ms, sync=0, render=0, swap=0
2026-07-14 19:24:05.383 DEBUG qt.scenegraph.time.renderloop: [window 0x7f48b5903e40][render thread 0x7f48b57a2c20] syncAndRender: frame rendered in 1ms, sync=0, render=0, swap=0
2026-07-14 19:24:05.393 DEBUG qt.scenegraph.time.renderloop: [window 0x7f48b5903e40][gui thread] polishAndSync: start, elapsed since last call: 14 ms
2026-07-14 19:24:05.396 DEBUG qt.scenegraph.time.renderloop: [window 0x7f48b5903e40][render thread 0x7f48b57a2c20] syncAndRender: start, elapsed since last call: 14 ms
2026-07-14 19:24:05.397 DEBUG qt.scenegraph.time.renderloop: [window 0x7f48b5903e40][gui thread] Frame prepared, polish=3 ms, lock=0 ms, blockedForSync=0 ms, animations=0 ms
2026-07-14 19:24:05.397 DEBUG qt.scenegraph.time.renderer: time in renderer: total=0ms, preprocess=0, updates=0, rendering=0
2026-07-14 19:24:05.397 DEBUG qt.scenegraph.time.renderloop: [window 0x7f48b3b9a3d0][gui thread] polishAndSync: start, elapsed since last call: 14 ms
2026-07-14 19:24:05.397 DEBUG qt.scenegraph.time.renderloop: [window 0x7f48b3b9a3d0][render thread 0x7f48d880cd60] syncAndRender: start, elapsed since last call: 14 ms
2026-07-14 19:24:05.397 DEBUG qt.scenegraph.time.renderloop: [window 0x7f48b3b9a3d0][gui thread] Frame prepared, polish=0 ms, lock=0 ms, blockedForSync=0 ms, animations=0 ms
2026-07-14 19:24:05.397 DEBUG qt.scenegraph.time.renderloop: [window 0x7f48b5903e40][render thread 0x7f48b57a2c20] syncAndRender: frame rendered in 0ms, sync=0, render=0, swap=0
2026-07-14 19:24:05.397 DEBUG qt.scenegraph.time.renderer: time in renderer: total=0ms, preprocess=0, updates=0, rendering=0
2026-07-14 19:24:05.398 DEBUG qt.scenegraph.time.renderloop: [window 0x7f48b3b9a3d0][render thread 0x7f48d880cd60] syncAndRender: frame rendered in 0ms, sync=0, render=0, swap=0
2026-07-14 19:24:05.408 DEBUG qt.scenegraph.time.renderloop: [window 0x7f48b5903e40][gui thread] polishAndSync: start, elapsed since last call: 15 ms
2026-07-14 19:24:05.412 DEBUG qt.scenegraph.time.renderloop: [window 0x7f48b5903e40][render thread 0x7f48b57a2c20] syncAndRender: start, elapsed since last call: 15 ms
2026-07-14 19:24:05.412 DEBUG qt.scenegraph.time.renderloop: [window 0x7f48b5903e40][gui thread] Frame prepared, polish=3 ms, lock=0 ms, blockedForSync=0 ms, animations=0 ms
2026-07-14 19:24:05.412 DEBUG qt.scenegraph.time.renderloop: [window 0x7f48b3b9a3d0][gui thread] polishAndSync: start, elapsed since last call: 14 ms
2026-07-14 19:24:05.412 DEBUG qt.scenegraph.time.renderloop: [window 0x7f48b3b9a3d0][render thread 0x7f48d880cd60] syncAndRender: start, elapsed since last call: 14 ms
2026-07-14 19:24:05.412 DEBUG qt.scenegraph.time.renderloop: [window 0x7f48b3b9a3d0][gui thread] Frame prepared, polish=0 ms, lock=0 ms, blockedForSync=0 ms, animations=0 ms
2026-07-14 19:24:05.412 DEBUG qt.scenegraph.time.renderer: time in renderer: total=0ms, preprocess=0, updates=0, rendering=0
2026-07-14 19:24:05.413 DEBUG qt.scenegraph.time.renderloop: [window 0x7f48b5903e40][render thread 0x7f48b57a2c20] syncAndRender: frame rendered in 1ms, sync=0, render=0, swap=0
2026-07-14 19:24:05.413 DEBUG qt.scenegraph.time.renderer: time in renderer: total=0ms, preprocess=0, updates=0, rendering=0
2026-07-14 19:24:05.413 DEBUG qt.scenegraph.time.renderloop: [window 0x7f48b3b9a3d0][render thread 0x7f48d880cd60] syncAndRender: frame rendered in 1ms, sync=0, render=0, swap=0
2026-07-14 19:24:05.422 DEBUG qt.scenegraph.time.renderloop: [window 0x7f48b5903e40][gui thread] polishAndSync: start, elapsed since last call: 13 ms
2026-07-14 19:24:05.426 DEBUG qt.scenegraph.time.renderloop: [window 0x7f48b5903e40][render thread 0x7f48b57a2c20] syncAndRender: start, elapsed since last call: 14 ms
2026-07-14 19:24:05.427 DEBUG qt.scenegraph.time.renderloop: [window 0x7f48b5903e40][gui thread] Frame prepared, polish=4 ms, lock=0 ms, blockedForSync=0 ms, animations=0 ms
2026-07-14 19:24:05.427 DEBUG qt.scenegraph.time.renderloop: [window 0x7f48b3b9a3d0][gui thread] polishAndSync: start, elapsed since last call: 14 ms
2026-07-14 19:24:05.427 DEBUG qt.scenegraph.time.renderloop: [window 0x7f48b3b9a3d0][render thread 0x7f48d880cd60] syncAndRender: start, elapsed since last call: 14 ms
2026-07-14 19:24:05.427 DEBUG qt.scenegraph.time.renderer: time in renderer: total=0ms, preprocess=0, updates=0, rendering=0
2026-07-14 19:24:05.427 DEBUG qt.scenegraph.time.renderloop: [window 0x7f48b3b9a3d0][gui thread] Frame prepared, polish=0 ms, lock=0 ms, blockedForSync=0 ms, animations=0 ms
2026-07-14 19:24:05.427 DEBUG qt.scenegraph.time.renderloop: [window 0x7f48b5903e40][render thread 0x7f48b57a2c20] syncAndRender: frame rendered in 0ms, sync=0, render=0, swap=0
2026-07-14 19:24:05.427 DEBUG qt.scenegraph.time.renderer: time in renderer: total=0ms, preprocess=0, updates=0, rendering=0
2026-07-14 19:24:05.428 DEBUG qt.scenegraph.time.renderloop: [window 0x7f48b3b9a3d0][render thread 0x7f48d880cd60] syncAndRender: frame rendered in 0ms, sync=0, render=0, swap=0
2026-07-14 19:24:05.435 DEBUG qt.scenegraph.time.renderloop: [window 0x7f48b5903e40][gui thread] polishAndSync: start, elapsed since last call: 12 ms
2026-07-14 19:24:05.437 DEBUG qt.scenegraph.time.renderloop: [window 0x7f48b5903e40][render thread 0x7f48b57a2c20] syncAndRender: start, elapsed since last call: 11 ms
2026-07-14 19:24:05.438 DEBUG qt.scenegraph.time.renderloop: [window 0x7f48b5903e40][gui thread] Frame prepared, polish=2 ms, lock=0 ms, blockedForSync=0 ms, animations=0 ms
2026-07-14 19:24:05.438 DEBUG qt.scenegraph.time.renderloop: [window 0x7f48b3b9a3d0][gui thread] polishAndSync: start, elapsed since last call: 11 ms
2026-07-14 19:24:05.438 DEBUG qt.scenegraph.time.renderloop: [window 0x7f48b3b9a3d0][render thread 0x7f48d880cd60] syncAndRender: start, elapsed since last call: 11 ms
2026-07-14 19:24:05.438 DEBUG qt.scenegraph.time.renderloop: [window 0x7f48b3b9a3d0][gui thread] Frame prepared, polish=0 ms, lock=0 ms, blockedForSync=0 ms, animations=0 ms
2026-07-14 19:24:05.438 DEBUG qt.scenegraph.time.renderer: time in renderer: total=0ms, preprocess=0, updates=0, rendering=0
2026-07-14 19:24:05.438 DEBUG qt.scenegraph.time.renderloop: [window 0x7f48b5903e40][render thread 0x7f48b57a2c20] syncAndRender: frame rendered in 0ms, sync=0, render=0, swap=0
2026-07-14 19:24:05.439 DEBUG qt.scenegraph.time.renderer: time in renderer: total=0ms, preprocess=0, updates=0, rendering=0
2026-07-14 19:24:05.439 DEBUG qt.scenegraph.time.renderloop: [window 0x7f48b3b9a3d0][render thread 0x7f48d880cd60] syncAndRender: frame rendered in 0ms, sync=0, render=0, swap=0
2026-07-14 19:24:05.448 DEBUG qt.scenegraph.time.renderloop: [window 0x7f48b5903e40][gui thread] polishAndSync: start, elapsed since last call: 13 ms
2026-07-14 19:24:05.451 DEBUG qt.scenegraph.time.renderloop: [window 0x7f48b5903e40][render thread 0x7f48b57a2c20] syncAndRender: start, elapsed since last call: 13 ms
2026-07-14 19:24:05.451 DEBUG qt.scenegraph.time.renderloop: [window 0x7f48b5903e40][gui thread] Frame prepared, polish=3 ms, lock=0 ms, blockedForSync=0 ms, animations=0 ms
2026-07-14 19:24:05.451 DEBUG qt.scenegraph.time.renderloop: [window 0x7f48b3b9a3d0][gui thread] polishAndSync: start, elapsed since last call: 13 ms
2026-07-14 19:24:05.451 DEBUG qt.scenegraph.time.renderloop: [window 0x7f48b3b9a3d0][render thread 0x7f48d880cd60] syncAndRender: start, elapsed since last call: 13 ms
2026-07-14 19:24:05.451 DEBUG qt.scenegraph.time.renderloop: [window 0x7f48b3b9a3d0][gui thread] Frame prepared, polish=0 ms, lock=0 ms, blockedForSync=0 ms, animations=0 ms
2026-07-14 19:24:05.452 DEBUG qt.scenegraph.time.renderer: time in renderer: total=0ms, preprocess=0, updates=0, rendering=0
2026-07-14 19:24:05.452 DEBUG qt.scenegraph.time.glyph: distancefield: 1 glyphs prepared in 0ms, rendering=0, upload=0
2026-07-14 19:24:05.452 DEBUG qt.scenegraph.time.renderloop: [window 0x7f48b3b9a3d0][render thread 0x7f48d880cd60] syncAndRender: frame rendered in 0ms, sync=0, render=0, swap=0
2026-07-14 19:24:05.452 DEBUG qt.scenegraph.time.renderer: time in renderer: total=0ms, preprocess=0, updates=0, rendering=0
2026-07-14 19:24:05.452 DEBUG qt.scenegraph.time.renderloop: [window 0x7f48b5903e40][render thread 0x7f48b57a2c20] syncAndRender: frame rendered in 1ms, sync=0, render=0, swap=0
2026-07-14 19:24:05.460 DEBUG qt.scenegraph.time.renderloop: [window 0x7f48b5903e40][gui thread] polishAndSync: start, elapsed since last call: 11 ms
2026-07-14 19:24:05.465 DEBUG qt.scenegraph.time.renderloop: [window 0x7f48b5903e40][render thread 0x7f48b57a2c20] syncAndRender: start, elapsed since last call: 13 ms
2026-07-14 19:24:05.465 DEBUG qt.scenegraph.time.renderloop: [window 0x7f48b5903e40][gui thread] Frame prepared, polish=5 ms, lock=0 ms, blockedForSync=0 ms, animations=0 ms
2026-07-14 19:24:05.466 DEBUG qt.scenegraph.time.renderer: time in renderer: total=0ms, preprocess=0, updates=0, rendering=0
2026-07-14 19:24:05.466 DEBUG qt.scenegraph.time.renderloop: [window 0x7f48b3b9a3d0][gui thread] polishAndSync: start, elapsed since last call: 14 ms
2026-07-14 19:24:05.466 DEBUG qt.scenegraph.time.renderloop: [window 0x7f48b3b9a3d0][render thread 0x7f48d880cd60] syncAndRender: start, elapsed since last call: 14 ms
2026-07-14 19:24:05.466 DEBUG qt.scenegraph.time.renderloop: [window 0x7f48b3b9a3d0][gui thread] Frame prepared, polish=0 ms, lock=0 ms, blockedForSync=0 ms, animations=0 ms
2026-07-14 19:24:05.466 DEBUG qt.scenegraph.time.renderer: time in renderer: total=0ms, preprocess=0, updates=0, rendering=0
2026-07-14 19:24:05.466 DEBUG qt.scenegraph.time.renderloop: [window 0x7f48b5903e40][render thread 0x7f48b57a2c20] syncAndRender: frame rendered in 0ms, sync=0, render=0, swap=0
2026-07-14 19:24:05.466 DEBUG qt.scenegraph.time.renderloop: [window 0x7f48b3b9a3d0][render thread 0x7f48d880cd60] syncAndRender: frame rendered in 0ms, sync=0, render=0, swap=0
2026-07-14 19:24:05.477 DEBUG qt.scenegraph.time.renderloop: [window 0x7f48b5903e40][gui thread] polishAndSync: start, elapsed since last call: 17 ms
2026-07-14 19:24:05.480 DEBUG qt.scenegraph.time.renderloop: [window 0x7f48b5903e40][render thread 0x7f48b57a2c20] syncAndRender: start, elapsed since last call: 15 ms
2026-07-14 19:24:05.481 DEBUG qt.scenegraph.time.renderloop: [window 0x7f48b5903e40][gui thread] Frame prepared, polish=3 ms, lock=0 ms, blockedForSync=0 ms, animations=0 ms
2026-07-14 19:24:05.481 DEBUG qt.scenegraph.time.renderloop: [window 0x7f48b3b9a3d0][gui thread] polishAndSync: start, elapsed since last call: 15 ms
2026-07-14 19:24:05.481 DEBUG qt.scenegraph.time.renderloop: [window 0x7f48b3b9a3d0][render thread 0x7f48d880cd60] syncAndRender: start, elapsed since last call: 15 ms
2026-07-14 19:24:05.481 DEBUG qt.scenegraph.time.renderloop: [window 0x7f48b3b9a3d0][gui thread] Frame prepared, polish=0 ms, lock=0 ms, blockedForSync=0 ms, animations=0 ms
2026-07-14 19:24:05.481 DEBUG qt.scenegraph.time.renderer: time in renderer: total=0ms, preprocess=0, updates=0, rendering=0
2026-07-14 19:24:05.481 DEBUG qt.scenegraph.time.renderer: time in renderer: total=0ms, preprocess=0, updates=0, rendering=0
2026-07-14 19:24:05.481 DEBUG qt.scenegraph.time.renderloop: [window 0x7f48b5903e40][render thread 0x7f48b57a2c20] syncAndRender: frame rendered in 0ms, sync=0, render=0, swap=0
2026-07-14 19:24:05.481 DEBUG qt.scenegraph.time.renderloop: [window 0x7f48b3b9a3d0][render thread 0x7f48d880cd60] syncAndRender: frame rendered in 0ms, sync=0, render=0, swap=0
2026-07-14 19:24:05.490 DEBUG qt.scenegraph.time.renderloop: [window 0x7f48b5903e40][gui thread] polishAndSync: start, elapsed since last call: 12 ms
2026-07-14 19:24:05.492 DEBUG qt.scenegraph.time.renderloop: [window 0x7f48b5903e40][render thread 0x7f48b57a2c20] syncAndRender: start, elapsed since last call: 12 ms
2026-07-14 19:24:05.493 DEBUG qt.scenegraph.time.renderloop: [window 0x7f48b5903e40][gui thread] Frame prepared, polish=2 ms, lock=0 ms, blockedForSync=0 ms, animations=0 ms
2026-07-14 19:24:05.493 DEBUG qt.scenegraph.time.renderloop: [window 0x7f48b3b9a3d0][gui thread] polishAndSync: start, elapsed since last call: 12 ms
2026-07-14 19:24:05.493 DEBUG qt.scenegraph.time.renderloop: [window 0x7f48b3b9a3d0][render thread 0x7f48d880cd60] syncAndRender: start, elapsed since last call: 12 ms
2026-07-14 19:24:05.493 DEBUG qt.scenegraph.time.renderloop: [window 0x7f48b3b9a3d0][gui thread] Frame prepared, polish=0 ms, lock=0 ms, blockedForSync=0 ms, animations=0 ms
2026-07-14 19:24:05.493 DEBUG qt.scenegraph.time.renderer: time in renderer: total=0ms, preprocess=0, updates=0, rendering=0
2026-07-14 19:24:05.493 DEBUG qt.scenegraph.time.renderloop: [window 0x7f48b3b9a3d0][render thread 0x7f48d880cd60] syncAndRender: frame rendered in 0ms, sync=0, render=0, swap=0
2026-07-14 19:24:05.493 DEBUG qt.scenegraph.time.renderer: time in renderer: total=0ms, preprocess=0, updates=0, rendering=0
2026-07-14 19:24:05.493 DEBUG qt.scenegraph.time.renderloop: [window 0x7f48b5903e40][render thread 0x7f48b57a2c20] syncAndRender: frame rendered in 0ms, sync=0, render=0, swap=0
2026-07-14 19:24:05.502 DEBUG qt.scenegraph.time.renderloop: [window 0x7f48b5903e40][gui thread] polishAndSync: start, elapsed since last call: 12 ms
2026-07-14 19:24:05.505 DEBUG qt.scenegraph.time.renderloop: [window 0x7f48b5903e40][render thread 0x7f48b57a2c20] syncAndRender: start, elapsed since last call: 12 ms
2026-07-14 19:24:05.505 DEBUG qt.scenegraph.time.renderloop: [window 0x7f48b5903e40][gui thread] Frame prepared, polish=3 ms, lock=0 ms, blockedForSync=0 ms, animations=0 ms
2026-07-14 19:24:05.505 DEBUG qt.scenegraph.time.renderer: time in renderer: total=0ms, preprocess=0, updates=0, rendering=0
2026-07-14 19:24:05.505 DEBUG qt.scenegraph.time.renderloop: [window 0x7f48b5903e40][render thread 0x7f48b57a2c20] syncAndRender: frame rendered in 0ms, sync=0, render=0, swap=0
2026-07-14 19:24:05.505 DEBUG qt.scenegraph.time.renderloop: [window 0x7f48b3b9a3d0][gui thread] polishAndSync: start, elapsed since last call: 12 ms
2026-07-14 19:24:05.505 DEBUG qt.scenegraph.time.renderloop: [window 0x7f48b3b9a3d0][render thread 0x7f48d880cd60] syncAndRender: start, elapsed since last call: 12 ms
2026-07-14 19:24:05.505 DEBUG qt.scenegraph.time.renderloop: [window 0x7f48b3b9a3d0][gui thread] Frame prepared, polish=0 ms, lock=0 ms, blockedForSync=0 ms, animations=0 ms
2026-07-14 19:24:05.506 DEBUG qt.scenegraph.time.renderer: time in renderer: total=0ms, preprocess=0, updates=0, rendering=0
2026-07-14 19:24:05.506 DEBUG qt.scenegraph.time.renderloop: [window 0x7f48b3b9a3d0][render thread 0x7f48d880cd60] syncAndRender: frame rendered in 0ms, sync=0, render=0, swap=0
2026-07-14 19:24:05.515 DEBUG qt.scenegraph.time.renderloop: [window 0x7f48b5903e40][gui thread] polishAndSync: start, elapsed since last call: 12 ms
2026-07-14 19:24:05.518 DEBUG qt.scenegraph.time.renderloop: [window 0x7f48b5903e40][render thread 0x7f48b57a2c20] syncAndRender: start, elapsed since last call: 12 ms
2026-07-14 19:24:05.518 DEBUG qt.scenegraph.time.renderloop: [window 0x7f48b5903e40][gui thread] Frame prepared, polish=3 ms, lock=0 ms, blockedForSync=0 ms, animations=0 ms
2026-07-14 19:24:05.518 DEBUG qt.scenegraph.time.renderloop: [window 0x7f48b3b9a3d0][gui thread] polishAndSync: start, elapsed since last call: 12 ms
2026-07-14 19:24:05.518 DEBUG qt.scenegraph.time.renderloop: [window 0x7f48b3b9a3d0][render thread 0x7f48d880cd60] syncAndRender: start, elapsed since last call: 12 ms
2026-07-14 19:24:05.518 DEBUG qt.scenegraph.time.renderloop: [window 0x7f48b3b9a3d0][gui thread] Frame prepared, polish=0 ms, lock=0 ms, blockedForSync=0 ms, animations=0 ms
2026-07-14 19:24:05.518 DEBUG qt.scenegraph.time.renderer: time in renderer: total=0ms, preprocess=0, updates=0, rendering=0
2026-07-14 19:24:05.518 DEBUG qt.scenegraph.time.renderer: time in renderer: total=0ms, preprocess=0, updates=0, rendering=0
2026-07-14 19:24:05.518 DEBUG qt.scenegraph.time.renderloop: [window 0x7f48b3b9a3d0][render thread 0x7f48d880cd60] syncAndRender: frame rendered in 0ms, sync=0, render=0, swap=0
2026-07-14 19:24:05.519 DEBUG qt.scenegraph.time.renderloop: [window 0x7f48b5903e40][render thread 0x7f48b57a2c20] syncAndRender: frame rendered in 0ms, sync=0, render=0, swap=0
2026-07-14 19:24:05.520 DEBUG qt.scenegraph.time.renderloop: [window 0x7f48b5903e40][gui thread] polishAndSync: start, elapsed since last call: 5 ms
2026-07-14 19:24:05.521 DEBUG qt.scenegraph.time.renderloop: [window 0x7f48b5903e40][render thread 0x7f48b57a2c20] syncAndRender: start, elapsed since last call: 3 ms
2026-07-14 19:24:05.522 DEBUG qt.scenegraph.time.renderloop: [window 0x7f48b5903e40][gui thread] Frame prepared, polish=1 ms, lock=0 ms, blockedForSync=0 ms, animations=0 ms
2026-07-14 19:24:05.522 DEBUG qt.scenegraph.time.renderloop: [window 0x7f48b3b9a3d0][gui thread] polishAndSync: start, elapsed since last call: 3 ms
2026-07-14 19:24:05.522 DEBUG qt.scenegraph.time.renderloop: [window 0x7f48b3b9a3d0][render thread 0x7f48d880cd60] syncAndRender: start, elapsed since last call: 3 ms
2026-07-14 19:24:05.522 DEBUG qt.scenegraph.time.renderloop: [window 0x7f48b3b9a3d0][gui thread] Frame prepared, polish=0 ms, lock=0 ms, blockedForSync=0 ms, animations=0 ms
2026-07-14 19:24:05.522 DEBUG qt.scenegraph.time.renderer: time in renderer: total=0ms, preprocess=0, updates=0, rendering=0
2026-07-14 19:24:05.522 DEBUG qt.scenegraph.time.renderloop: [window 0x7f48b3b9a3d0][render thread 0x7f48d880cd60] syncAndRender: frame rendered in 0ms, sync=0, render=0, swap=0
2026-07-14 19:24:05.522 DEBUG qt.scenegraph.time.renderer: time in renderer: total=0ms, preprocess=0, updates=0, rendering=0
2026-07-14 19:24:05.523 DEBUG qt.scenegraph.time.renderloop: [window 0x7f48b5903e40][render thread 0x7f48b57a2c20] syncAndRender: frame rendered in 1ms, sync=0, render=0, swap=0
2026-07-14 19:24:05.526 DEBUG qt.scenegraph.time.renderloop: [window 0x7f48b5903e40][gui thread] polishAndSync: start, elapsed since last call: 6 ms
2026-07-14 19:24:05.531 DEBUG qt.scenegraph.time.renderloop: [window 0x7f48b5903e40][render thread 0x7f48b57a2c20] syncAndRender: start, elapsed since last call: 9 ms
2026-07-14 19:24:05.531 DEBUG qt.scenegraph.time.renderloop: [window 0x7f48b5903e40][gui thread] Frame prepared, polish=4 ms, lock=0 ms, blockedForSync=0 ms, animations=0 ms
2026-07-14 19:24:05.531 DEBUG qt.scenegraph.time.renderloop: [window 0x7f48b3b9a3d0][gui thread] polishAndSync: start, elapsed since last call: 9 ms
2026-07-14 19:24:05.531 DEBUG qt.scenegraph.time.renderloop: [window 0x7f48b3b9a3d0][render thread 0x7f48d880cd60] syncAndRender: start, elapsed since last call: 9 ms
2026-07-14 19:24:05.531 DEBUG qt.scenegraph.time.renderloop: [window 0x7f48b3b9a3d0][gui thread] Frame prepared, polish=0 ms, lock=0 ms, blockedForSync=0 ms, animations=0 ms
2026-07-14 19:24:05.531 DEBUG qt.scenegraph.time.renderer: time in renderer: total=0ms, preprocess=0, updates=0, rendering=0
2026-07-14 19:24:05.531 DEBUG qt.scenegraph.time.renderloop: [window 0x7f48b3b9a3d0][render thread 0x7f48d880cd60] syncAndRender: frame rendered in 0ms, sync=0, render=0, swap=0
2026-07-14 19:24:05.531 DEBUG qt.scenegraph.time.renderer: time in renderer: total=0ms, preprocess=0, updates=0, rendering=0
2026-07-14 19:24:05.532 DEBUG qt.scenegraph.time.renderloop: [window 0x7f48b5903e40][render thread 0x7f48b57a2c20] syncAndRender: frame rendered in 1ms, sync=0, render=0, swap=0
2026-07-14 19:24:05.534 DEBUG qt.scenegraph.time.renderloop: [window 0x7f48b5903e40][gui thread] polishAndSync: start, elapsed since last call: 7 ms
2026-07-14 19:24:05.537 DEBUG qt.scenegraph.time.renderloop: [window 0x7f48b5903e40][render thread 0x7f48b57a2c20] syncAndRender: start, elapsed since last call: 6 ms
2026-07-14 19:24:05.537 DEBUG qt.scenegraph.time.renderloop: [window 0x7f48b5903e40][gui thread] Frame prepared, polish=2 ms, lock=0 ms, blockedForSync=0 ms, animations=0 ms
2026-07-14 19:24:05.537 DEBUG qt.scenegraph.time.renderloop: [window 0x7f48b3b9a3d0][gui thread] polishAndSync: start, elapsed since last call: 6 ms
2026-07-14 19:24:05.537 DEBUG qt.scenegraph.time.renderloop: [window 0x7f48b3b9a3d0][render thread 0x7f48d880cd60] syncAndRender: start, elapsed since last call: 6 ms
2026-07-14 19:24:05.537 DEBUG qt.scenegraph.time.renderloop: [window 0x7f48b3b9a3d0][gui thread] Frame prepared, polish=0 ms, lock=0 ms, blockedForSync=0 ms, animations=0 ms
2026-07-14 19:24:05.537 DEBUG qt.scenegraph.time.renderer: time in renderer: total=0ms, preprocess=0, updates=0, rendering=0
2026-07-14 19:24:05.538 DEBUG qt.scenegraph.time.renderloop: [window 0x7f48b3b9a3d0][render thread 0x7f48d880cd60] syncAndRender: frame rendered in 0ms, sync=0, render=0, swap=0
2026-07-14 19:24:05.538 DEBUG qt.scenegraph.time.renderer: time in renderer: total=0ms, preprocess=0, updates=0, rendering=0
2026-07-14 19:24:05.538 DEBUG qt.scenegraph.time.renderloop: [window 0x7f48b5903e40][render thread 0x7f48b57a2c20] syncAndRender: frame rendered in 0ms, sync=0, render=0, swap=0
2026-07-14 19:24:05.540 DEBUG qt.scenegraph.time.renderloop: [window 0x7f48b5903e40][gui thread] polishAndSync: start, elapsed since last call: 5 ms
2026-07-14 19:24:05.543 DEBUG qt.scenegraph.time.renderloop: [window 0x7f48b5903e40][render thread 0x7f48b57a2c20] syncAndRender: start, elapsed since last call: 5 ms
2026-07-14 19:24:05.543 DEBUG qt.scenegraph.time.renderloop: [window 0x7f48b5903e40][gui thread] Frame prepared, polish=2 ms, lock=0 ms, blockedForSync=0 ms, animations=0 ms
2026-07-14 19:24:05.543 DEBUG qt.scenegraph.time.renderloop: [window 0x7f48b3b9a3d0][gui thread] polishAndSync: start, elapsed since last call: 5 ms
2026-07-14 19:24:05.543 DEBUG qt.scenegraph.time.renderloop: [window 0x7f48b3b9a3d0][render thread 0x7f48d880cd60] syncAndRender: start, elapsed since last call: 5 ms
2026-07-14 19:24:05.543 DEBUG qt.scenegraph.time.renderloop: [window 0x7f48b3b9a3d0][gui thread] Frame prepared, polish=0 ms, lock=0 ms, blockedForSync=0 ms, animations=0 ms
2026-07-14 19:24:05.543 DEBUG qt.scenegraph.time.renderer: time in renderer: total=0ms, preprocess=0, updates=0, rendering=0
2026-07-14 19:24:05.543 DEBUG qt.scenegraph.time.renderer: time in renderer: total=0ms, preprocess=0, updates=0, rendering=0
2026-07-14 19:24:05.543 DEBUG qt.scenegraph.time.renderloop: [window 0x7f48b3b9a3d0][render thread 0x7f48d880cd60] syncAndRender: frame rendered in 0ms, sync=0, render=0, swap=0
2026-07-14 19:24:05.543 DEBUG qt.scenegraph.time.renderloop: [window 0x7f48b5903e40][render thread 0x7f48b57a2c20] syncAndRender: frame rendered in 0ms, sync=0, render=0, swap=0
2026-07-14 19:24:05.547 DEBUG qt.scenegraph.time.renderloop: [window 0x7f48b5903e40][gui thread] polishAndSync: start, elapsed since last call: 6 ms
2026-07-14 19:24:05.550 DEBUG qt.scenegraph.time.renderloop: [window 0x7f48b5903e40][render thread 0x7f48b57a2c20] syncAndRender: start, elapsed since last call: 6 ms
2026-07-14 19:24:05.550 DEBUG qt.scenegraph.time.renderloop: [window 0x7f48b5903e40][gui thread] Frame prepared, polish=2 ms, lock=0 ms, blockedForSync=0 ms, animations=0 ms
2026-07-14 19:24:05.550 DEBUG qt.scenegraph.time.renderer: time in renderer: total=0ms, preprocess=0, updates=0, rendering=0
2026-07-14 19:24:05.550 DEBUG qt.scenegraph.time.renderloop: [window 0x7f48b5903e40][render thread 0x7f48b57a2c20] syncAndRender: frame rendered in 0ms, sync=0, render=0, swap=0
2026-07-14 19:24:05.554 DEBUG qt.scenegraph.time.renderloop: [window 0x7f48b5903e40][gui thread] polishAndSync: start, elapsed since last call: 7 ms
2026-07-14 19:24:05.557 DEBUG qt.scenegraph.time.renderloop: [window 0x7f48b5903e40][render thread 0x7f48b57a2c20] syncAndRender: start, elapsed since last call: 7 ms
2026-07-14 19:24:05.557 DEBUG qt.scenegraph.time.renderloop: [window 0x7f48b5903e40][gui thread] Frame prepared, polish=2 ms, lock=0 ms, blockedForSync=0 ms, animations=0 ms
2026-07-14 19:24:05.557 DEBUG qt.scenegraph.time.renderer: time in renderer: total=0ms, preprocess=0, updates=0, rendering=0
2026-07-14 19:24:05.557 DEBUG qt.scenegraph.time.renderloop: [window 0x7f48b5903e40][render thread 0x7f48b57a2c20] syncAndRender: frame rendered in 0ms, sync=0, render=0, swap=0
2026-07-14 19:24:05.561 DEBUG qt.scenegraph.time.renderloop: [window 0x7f48b5903e40][gui thread] polishAndSync: start, elapsed since last call: 6 ms
2026-07-14 19:24:05.563 DEBUG qt.scenegraph.time.renderloop: [window 0x7f48b5903e40][render thread 0x7f48b57a2c20] syncAndRender: start, elapsed since last call: 6 ms
2026-07-14 19:24:05.564 DEBUG qt.scenegraph.time.renderloop: [window 0x7f48b5903e40][gui thread] Frame prepared, polish=2 ms, lock=0 ms, blockedForSync=0 ms, animations=0 ms
2026-07-14 19:24:05.564 DEBUG qt.scenegraph.time.renderer: time in renderer: total=0ms, preprocess=0, updates=0, rendering=0
2026-07-14 19:24:05.564 DEBUG qt.scenegraph.time.renderloop: [window 0x7f48b5903e40][render thread 0x7f48b57a2c20] syncAndRender: frame rendered in 0ms, sync=0, render=0, swap=0
2026-07-14 19:24:05.568 DEBUG qt.scenegraph.time.renderloop: [window 0x7f48b5903e40][gui thread] polishAndSync: start, elapsed since last call: 7 ms
2026-07-14 19:24:05.571 DEBUG qt.scenegraph.time.renderloop: [window 0x7f48b5903e40][render thread 0x7f48b57a2c20] syncAndRender: start, elapsed since last call: 7 ms
2026-07-14 19:24:05.571 DEBUG qt.scenegraph.time.renderloop: [window 0x7f48b5903e40][gui thread] Frame prepared, polish=2 ms, lock=0 ms, blockedForSync=0 ms, animations=0 ms
2026-07-14 19:24:05.571 DEBUG qt.scenegraph.time.renderer: time in renderer: total=0ms, preprocess=0, updates=0, rendering=0
2026-07-14 19:24:05.571 DEBUG qt.scenegraph.time.renderloop: [window 0x7f48b5903e40][gui thread] polishAndSync: start, elapsed since last call: 3 ms
2026-07-14 19:24:05.572 DEBUG qt.scenegraph.time.renderloop: [window 0x7f48b5903e40][render thread 0x7f48b57a2c20] syncAndRender: frame rendered in 0ms, sync=0, render=0, swap=0
2026-07-14 19:24:05.572 DEBUG qt.scenegraph.time.renderloop: [window 0x7f48b5903e40][render thread 0x7f48b57a2c20] syncAndRender: start, elapsed since last call: 0 ms
2026-07-14 19:24:05.572 DEBUG qt.scenegraph.time.renderloop: [window 0x7f48b5903e40][gui thread] Frame prepared, polish=0 ms, lock=0 ms, blockedForSync=0 ms, animations=0 ms
2026-07-14 19:24:05.572 DEBUG qt.scenegraph.time.renderer: time in renderer: total=0ms, preprocess=0, updates=0, rendering=0
2026-07-14 19:24:05.575 DEBUG qt.scenegraph.time.renderloop: [window 0x7f48b5903e40][gui thread] polishAndSync: start, elapsed since last call: 3 ms
2026-07-14 19:24:05.575 DEBUG qt.scenegraph.time.renderloop: [window 0x7f48b5903e40][render thread 0x7f48b57a2c20] syncAndRender: frame rendered in 3ms, sync=0, render=0, swap=3
2026-07-14 19:24:05.577 DEBUG qt.scenegraph.time.renderloop: [window 0x7f48b5903e40][render thread 0x7f48b57a2c20] syncAndRender: start, elapsed since last call: 5 ms
2026-07-14 19:24:05.578 DEBUG qt.scenegraph.time.renderloop: [window 0x7f48b5903e40][gui thread] Frame prepared, polish=2 ms, lock=0 ms, blockedForSync=0 ms, animations=0 ms
2026-07-14 19:24:05.578 DEBUG qt.scenegraph.time.renderer: time in renderer: total=0ms, preprocess=0, updates=0, rendering=0
2026-07-14 19:24:05.582 DEBUG qt.scenegraph.time.renderloop: [window 0x7f48b5903e40][gui thread] polishAndSync: start, elapsed since last call: 6 ms
2026-07-14 19:24:05.582 DEBUG qt.scenegraph.time.renderloop: [window 0x7f48b5903e40][render thread 0x7f48b57a2c20] syncAndRender: frame rendered in 4ms, sync=0, render=0, swap=4
2026-07-14 19:24:05.587 DEBUG qt.scenegraph.time.renderloop: [window 0x7f48b5903e40][render thread 0x7f48b57a2c20] syncAndRender: start, elapsed since last call: 9 ms
2026-07-14 19:24:05.587 DEBUG qt.scenegraph.time.renderloop: [window 0x7f48b5903e40][gui thread] Frame prepared, polish=4 ms, lock=0 ms, blockedForSync=0 ms, animations=0 ms
2026-07-14 19:24:05.587 DEBUG qt.scenegraph.time.renderer: time in renderer: total=0ms, preprocess=0, updates=0, rendering=0
2026-07-14 19:24:05.589 DEBUG qt.scenegraph.time.renderloop: [window 0x7f48b5903e40][render thread 0x7f48b57a2c20] syncAndRender: frame rendered in 2ms, sync=0, render=0, swap=2
2026-07-14 19:24:05.590 DEBUG qt.scenegraph.time.renderloop: [window 0x7f48b5903e40][gui thread] polishAndSync: start, elapsed since last call: 8 ms
2026-07-14 19:24:05.592 DEBUG qt.scenegraph.time.renderloop: [window 0x7f48b5903e40][render thread 0x7f48b57a2c20] syncAndRender: start, elapsed since last call: 5 ms
2026-07-14 19:24:05.593 DEBUG qt.scenegraph.time.renderloop: [window 0x7f48b5903e40][gui thread] Frame prepared, polish=2 ms, lock=0 ms, blockedForSync=0 ms, animations=0 ms
2026-07-14 19:24:05.593 DEBUG qt.scenegraph.time.renderer: time in renderer: total=0ms, preprocess=0, updates=0, rendering=0
2026-07-14 19:24:05.596 DEBUG qt.scenegraph.time.renderloop: [window 0x7f48b5903e40][gui thread] polishAndSync: start, elapsed since last call: 5 ms
2026-07-14 19:24:05.596 DEBUG qt.scenegraph.time.renderloop: [window 0x7f48b5903e40][render thread 0x7f48b57a2c20] syncAndRender: frame rendered in 3ms, sync=0, render=0, swap=3
2026-07-14 19:24:05.598 DEBUG qt.scenegraph.time.renderloop: [window 0x7f48b5903e40][render thread 0x7f48b57a2c20] syncAndRender: start, elapsed since last call: 5 ms
2026-07-14 19:24:05.598 DEBUG qt.scenegraph.time.renderloop: [window 0x7f48b5903e40][gui thread] Frame prepared, polish=2 ms, lock=0 ms, blockedForSync=0 ms, animations=0 ms
2026-07-14 19:24:05.598 DEBUG qt.scenegraph.time.renderer: time in renderer: total=0ms, preprocess=0, updates=0, rendering=0
2026-07-14 19:24:05.603 DEBUG qt.scenegraph.time.renderloop: [window 0x7f48b5903e40][render thread 0x7f48b57a2c20] syncAndRender: frame rendered in 4ms, sync=0, render=0, swap=4
2026-07-14 19:24:05.604 DEBUG qt.scenegraph.time.renderloop: [window 0x7f48b5903e40][gui thread] polishAndSync: start, elapsed since last call: 8 ms
2026-07-14 19:24:05.607 DEBUG qt.scenegraph.time.renderloop: [window 0x7f48b5903e40][render thread 0x7f48b57a2c20] syncAndRender: start, elapsed since last call: 8 ms
2026-07-14 19:24:05.607 DEBUG qt.scenegraph.time.renderloop: [window 0x7f48b5903e40][gui thread] Frame prepared, polish=2 ms, lock=0 ms, blockedForSync=0 ms, animations=0 ms
2026-07-14 19:24:05.607 DEBUG qt.scenegraph.time.renderer: time in renderer: total=0ms, preprocess=0, updates=0, rendering=0
2026-07-14 19:24:05.610 DEBUG qt.scenegraph.time.renderloop: [window 0x7f48b5903e40][render thread 0x7f48b57a2c20] syncAndRender: frame rendered in 2ms, sync=0, render=0, swap=2
2026-07-14 19:24:05.610 DEBUG qt.scenegraph.time.renderloop: [window 0x7f48b5903e40][gui thread] polishAndSync: start, elapsed since last call: 5 ms
2026-07-14 19:24:05.613 DEBUG qt.scenegraph.time.renderloop: [window 0x7f48b5903e40][render thread 0x7f48b57a2c20] syncAndRender: start, elapsed since last call: 5 ms
2026-07-14 19:24:05.613 DEBUG qt.scenegraph.time.renderloop: [window 0x7f48b5903e40][gui thread] Frame prepared, polish=2 ms, lock=0 ms, blockedForSync=0 ms, animations=0 ms
2026-07-14 19:24:05.613 DEBUG qt.scenegraph.time.renderer: time in renderer: total=0ms, preprocess=0, updates=0, rendering=0
2026-07-14 19:24:05.617 DEBUG qt.scenegraph.time.renderloop: [window 0x7f48b5903e40][render thread 0x7f48b57a2c20] syncAndRender: frame rendered in 4ms, sync=0, render=0, swap=3
2026-07-14 19:24:05.617 DEBUG qt.scenegraph.time.renderloop: [window 0x7f48b5903e40][gui thread] polishAndSync: start, elapsed since last call: 6 ms
2026-07-14 19:24:05.619 DEBUG qt.scenegraph.time.renderloop: [window 0x7f48b5903e40][render thread 0x7f48b57a2c20] syncAndRender: start, elapsed since last call: 6 ms
2026-07-14 19:24:05.619 DEBUG qt.scenegraph.time.renderloop: [window 0x7f48b5903e40][gui thread] Frame prepared, polish=2 ms, lock=0 ms, blockedForSync=0 ms, animations=0 ms
2026-07-14 19:24:05.619 DEBUG qt.scenegraph.time.renderer: time in renderer: total=0ms, preprocess=0, updates=0, rendering=0
2026-07-14 19:24:05.624 DEBUG qt.scenegraph.time.renderloop: [window 0x7f48b5903e40][gui thread] polishAndSync: start, elapsed since last call: 6 ms
2026-07-14 19:24:05.624 DEBUG qt.scenegraph.time.renderloop: [window 0x7f48b5903e40][render thread 0x7f48b57a2c20] syncAndRender: frame rendered in 4ms, sync=0, render=0, swap=4
2026-07-14 19:24:05.626 DEBUG qt.scenegraph.time.renderloop: [window 0x7f48b5903e40][render thread 0x7f48b57a2c20] syncAndRender: start, elapsed since last call: 7 ms
2026-07-14 19:24:05.627 DEBUG qt.scenegraph.time.renderloop: [window 0x7f48b5903e40][gui thread] Frame prepared, polish=2 ms, lock=0 ms, blockedForSync=0 ms, animations=0 ms
2026-07-14 19:24:05.627 DEBUG qt.scenegraph.time.renderer: time in renderer: total=0ms, preprocess=0, updates=0, rendering=0
2026-07-14 19:24:05.631 DEBUG qt.scenegraph.time.renderloop: [window 0x7f48b5903e40][gui thread] polishAndSync: start, elapsed since last call: 6 ms
2026-07-14 19:24:05.631 DEBUG qt.scenegraph.time.renderloop: [window 0x7f48b5903e40][render thread 0x7f48b57a2c20] syncAndRender: frame rendered in 4ms, sync=0, render=0, swap=3
2026-07-14 19:24:05.633 DEBUG qt.scenegraph.time.renderloop: [window 0x7f48b5903e40][render thread 0x7f48b57a2c20] syncAndRender: start, elapsed since last call: 6 ms
2026-07-14 19:24:05.633 DEBUG qt.scenegraph.time.renderloop: [window 0x7f48b5903e40][gui thread] Frame prepared, polish=2 ms, lock=0 ms, blockedForSync=0 ms, animations=0 ms
2026-07-14 19:24:05.634 DEBUG qt.scenegraph.time.renderer: time in renderer: total=0ms, preprocess=0, updates=0, rendering=0
2026-07-14 19:24:05.638 DEBUG qt.scenegraph.time.renderloop: [window 0x7f48b5903e40][gui thread] polishAndSync: start, elapsed since last call: 6 ms
2026-07-14 19:24:05.638 DEBUG qt.scenegraph.time.renderloop: [window 0x7f48b5903e40][render thread 0x7f48b57a2c20] syncAndRender: frame rendered in 4ms, sync=0, render=0, swap=4
2026-07-14 19:24:05.640 DEBUG qt.scenegraph.time.renderloop: [window 0x7f48b5903e40][render thread 0x7f48b57a2c20] syncAndRender: start, elapsed since last call: 7 ms
2026-07-14 19:24:05.640 DEBUG qt.scenegraph.time.renderloop: [window 0x7f48b5903e40][gui thread] Frame prepared, polish=2 ms, lock=0 ms, blockedForSync=0 ms, animations=0 ms
2026-07-14 19:24:05.641 DEBUG qt.scenegraph.time.renderer: time in renderer: total=0ms, preprocess=0, updates=0, rendering=0
2026-07-14 19:24:05.644 DEBUG qt.scenegraph.time.renderloop: [window 0x7f48b5903e40][render thread 0x7f48b57a2c20] syncAndRender: frame rendered in 4ms, sync=0, render=0, swap=3
2026-07-14 19:24:05.648 DEBUG qt.scenegraph.time.renderloop: [window 0x7f48b5903e40][gui thread] polishAndSync: start, elapsed since last call: 10 ms
2026-07-14 19:24:05.651 DEBUG qt.scenegraph.time.renderloop: [window 0x7f48b5903e40][render thread 0x7f48b57a2c20] syncAndRender: start, elapsed since last call: 10 ms
2026-07-14 19:24:05.651 DEBUG qt.scenegraph.time.renderloop: [window 0x7f48b5903e40][gui thread] Frame prepared, polish=2 ms, lock=0 ms, blockedForSync=0 ms, animations=0 ms
2026-07-14 19:24:05.652 DEBUG qt.scenegraph.time.renderer: time in renderer: total=0ms, preprocess=0, updates=0, rendering=0
2026-07-14 19:24:05.652 DEBUG qt.scenegraph.time.renderloop: [window 0x7f48b5903e40][render thread 0x7f48b57a2c20] syncAndRender: frame rendered in 0ms, sync=0, render=0, swap=0
2026-07-14 19:24:05.653 DEBUG qt.scenegraph.general: animation driver switched to vsync mode
2026-07-14 19:24:05.658 DEBUG qt.scenegraph.time.renderloop: [window 0x7f48b5903e40][gui thread] polishAndSync: start, elapsed since last call: 9 ms
2026-07-14 19:24:05.661 DEBUG qt.scenegraph.time.renderloop: [window 0x7f48b5903e40][render thread 0x7f48b57a2c20] syncAndRender: start, elapsed since last call: 9 ms
2026-07-14 19:24:05.661 DEBUG qt.scenegraph.time.renderloop: [window 0x7f48b5903e40][gui thread] Frame prepared, polish=2 ms, lock=0 ms, blockedForSync=0 ms, animations=0 ms
2026-07-14 19:24:05.661 DEBUG qt.scenegraph.time.renderer: time in renderer: total=0ms, preprocess=0, updates=0, rendering=0
2026-07-14 19:24:05.661 DEBUG qt.scenegraph.time.renderloop: [window 0x7f48b5903e40][render thread 0x7f48b57a2c20] syncAndRender: frame rendered in 0ms, sync=0, render=0, swap=0
2026-07-14 19:24:05.665 DEBUG qt.scenegraph.time.renderloop: [window 0x7f48b5903e40][gui thread] polishAndSync: start, elapsed since last call: 6 ms
2026-07-14 19:24:05.667 DEBUG qt.scenegraph.time.renderloop: [window 0x7f48b5903e40][render thread 0x7f48b57a2c20] syncAndRender: start, elapsed since last call: 5 ms
2026-07-14 19:24:05.667 DEBUG qt.scenegraph.time.renderloop: [window 0x7f48b5903e40][gui thread] Frame prepared, polish=1 ms, lock=0 ms, blockedForSync=0 ms, animations=0 ms
2026-07-14 19:24:05.667 DEBUG qt.scenegraph.time.renderloop: [window 0x7f48b5903e40][gui thread] polishAndSync: start, elapsed since last call: 1 ms
2026-07-14 19:24:05.667 DEBUG qt.scenegraph.time.renderer: time in renderer: total=0ms, preprocess=0, updates=0, rendering=0
2026-07-14 19:24:05.667 DEBUG qt.scenegraph.time.renderloop: [window 0x7f48b5903e40][render thread 0x7f48b57a2c20] syncAndRender: frame rendered in 0ms, sync=0, render=0, swap=0
2026-07-14 19:24:05.667 DEBUG qt.scenegraph.time.renderloop: [window 0x7f48b5903e40][render thread 0x7f48b57a2c20] syncAndRender: start, elapsed since last call: 0 ms
2026-07-14 19:24:05.667 DEBUG qt.scenegraph.time.renderloop: [window 0x7f48b5903e40][gui thread] Frame prepared, polish=0 ms, lock=0 ms, blockedForSync=0 ms, animations=0 ms
2026-07-14 19:24:05.667 DEBUG qt.scenegraph.time.renderer: time in renderer: total=0ms, preprocess=0, updates=0, rendering=0
2026-07-14 19:24:05.672 DEBUG qt.scenegraph.time.renderloop: [window 0x7f48b5903e40][gui thread] polishAndSync: start, elapsed since last call: 5 ms
2026-07-14 19:24:05.672 DEBUG qt.scenegraph.time.renderloop: [window 0x7f48b5903e40][render thread 0x7f48b57a2c20] syncAndRender: frame rendered in 5ms, sync=0, render=0, swap=5
2026-07-14 19:24:05.673 DEBUG qt.scenegraph.time.renderloop: [window 0x7f48b5903e40][render thread 0x7f48b57a2c20] syncAndRender: start, elapsed since last call: 6 ms
2026-07-14 19:24:05.673 DEBUG qt.scenegraph.time.renderloop: [window 0x7f48b5903e40][gui thread] Frame prepared, polish=0 ms, lock=0 ms, blockedForSync=0 ms, animations=0 ms
2026-07-14 19:24:05.673 DEBUG qt.scenegraph.time.renderer: time in renderer: total=0ms, preprocess=0, updates=0, rendering=0
2026-07-14 19:24:05.679 DEBUG qt.scenegraph.time.renderloop: [window 0x7f48b5903e40][render thread 0x7f48b57a2c20] syncAndRender: frame rendered in 5ms, sync=0, render=0, swap=5
2026-07-14 19:24:05.679 DEBUG qt.scenegraph.time.renderloop: [window 0x7f48b5903e40][gui thread] polishAndSync: start, elapsed since last call: 6 ms
2026-07-14 19:24:05.680 DEBUG qt.scenegraph.time.renderloop: [window 0x7f48b5903e40][render thread 0x7f48b57a2c20] syncAndRender: start, elapsed since last call: 7 ms
2026-07-14 19:24:05.680 DEBUG qt.scenegraph.time.renderloop: [window 0x7f48b5903e40][gui thread] Frame prepared, polish=1 ms, lock=0 ms, blockedForSync=0 ms, animations=0 ms
2026-07-14 19:24:05.681 DEBUG qt.scenegraph.time.renderer: time in renderer: total=0ms, preprocess=0, updates=0, rendering=0
2026-07-14 19:24:05.686 DEBUG qt.scenegraph.time.renderloop: [window 0x7f48b5903e40][gui thread] polishAndSync: start, elapsed since last call: 6 ms
2026-07-14 19:24:05.686 DEBUG qt.scenegraph.time.renderloop: [window 0x7f48b5903e40][render thread 0x7f48b57a2c20] syncAndRender: frame rendered in 5ms, sync=0, render=0, swap=5
2026-07-14 19:24:05.687 DEBUG qt.scenegraph.time.renderloop: [window 0x7f48b5903e40][render thread 0x7f48b57a2c20] syncAndRender: start, elapsed since last call: 6 ms
2026-07-14 19:24:05.687 DEBUG qt.scenegraph.time.renderloop: [window 0x7f48b5903e40][gui thread] Frame prepared, polish=0 ms, lock=0 ms, blockedForSync=0 ms, animations=0 ms
2026-07-14 19:24:05.687 DEBUG qt.scenegraph.time.renderer: time in renderer: total=0ms, preprocess=0, updates=0, rendering=0
2026-07-14 19:24:05.693 DEBUG qt.scenegraph.time.renderloop: [window 0x7f48b5903e40][render thread 0x7f48b57a2c20] syncAndRender: frame rendered in 5ms, sync=0, render=0, swap=5
2026-07-14 19:24:05.693 DEBUG qt.scenegraph.time.renderloop: [window 0x7f48b5903e40][gui thread] polishAndSync: start, elapsed since last call: 7 ms
2026-07-14 19:24:05.695 DEBUG qt.scenegraph.time.renderloop: [window 0x7f48b5903e40][render thread 0x7f48b57a2c20] syncAndRender: start, elapsed since last call: 7 ms
2026-07-14 19:24:05.695 DEBUG qt.scenegraph.time.renderloop: [window 0x7f48b5903e40][gui thread] Frame prepared, polish=1 ms, lock=0 ms, blockedForSync=0 ms, animations=0 ms
2026-07-14 19:24:05.695 DEBUG qt.scenegraph.time.renderer: time in renderer: total=0ms, preprocess=0, updates=0, rendering=0
2026-07-14 19:24:05.700 DEBUG qt.scenegraph.time.renderloop: [window 0x7f48b5903e40][gui thread] polishAndSync: start, elapsed since last call: 6 ms
2026-07-14 19:24:05.700 DEBUG qt.scenegraph.time.renderloop: [window 0x7f48b5903e40][render thread 0x7f48b57a2c20] syncAndRender: frame rendered in 5ms, sync=0, render=0, swap=5
2026-07-14 19:24:05.701 DEBUG qt.scenegraph.time.renderloop: [window 0x7f48b5903e40][render thread 0x7f48b57a2c20] syncAndRender: start, elapsed since last call: 6 ms
2026-07-14 19:24:05.701 DEBUG qt.scenegraph.time.renderloop: [window 0x7f48b5903e40][gui thread] Frame prepared, polish=0 ms, lock=0 ms, blockedForSync=0 ms, animations=0 ms
2026-07-14 19:24:05.701 DEBUG qt.scenegraph.time.renderer: time in renderer: total=0ms, preprocess=0, updates=0, rendering=0
2026-07-14 19:24:05.707 DEBUG qt.scenegraph.time.renderloop: [window 0x7f48b5903e40][render thread 0x7f48b57a2c20] syncAndRender: frame rendered in 5ms, sync=0, render=0, swap=5
2026-07-14 19:24:05.707 DEBUG qt.scenegraph.time.renderloop: [window 0x7f48b5903e40][gui thread] polishAndSync: start, elapsed since last call: 6 ms
2026-07-14 19:24:05.708 DEBUG qt.scenegraph.time.renderloop: [window 0x7f48b5903e40][render thread 0x7f48b57a2c20] syncAndRender: start, elapsed since last call: 7 ms
2026-07-14 19:24:05.708 DEBUG qt.scenegraph.time.renderloop: [window 0x7f48b5903e40][gui thread] Frame prepared, polish=1 ms, lock=0 ms, blockedForSync=0 ms, animations=0 ms
2026-07-14 19:24:05.708 DEBUG qt.scenegraph.time.renderer: time in renderer: total=0ms, preprocess=0, updates=0, rendering=0
2026-07-14 19:24:05.714 DEBUG qt.scenegraph.time.renderloop: [window 0x7f48b5903e40][gui thread] polishAndSync: start, elapsed since last call: 6 ms
2026-07-14 19:24:05.714 DEBUG qt.scenegraph.time.renderloop: [window 0x7f48b5903e40][render thread 0x7f48b57a2c20] syncAndRender: frame rendered in 5ms, sync=0, render=0, swap=5
2026-07-14 19:24:05.715 DEBUG qt.scenegraph.time.renderloop: [window 0x7f48b5903e40][render thread 0x7f48b57a2c20] syncAndRender: start, elapsed since last call: 6 ms
2026-07-14 19:24:05.715 DEBUG qt.scenegraph.time.renderloop: [window 0x7f48b5903e40][gui thread] Frame prepared, polish=1 ms, lock=0 ms, blockedForSync=0 ms, animations=0 ms
2026-07-14 19:24:05.715 DEBUG qt.scenegraph.time.renderer: time in renderer: total=0ms, preprocess=0, updates=0, rendering=0
2026-07-14 19:24:05.721 DEBUG qt.scenegraph.time.renderloop: [window 0x7f48b5903e40][render thread 0x7f48b57a2c20] syncAndRender: frame rendered in 5ms, sync=0, render=0, swap=5
2026-07-14 19:24:05.721 DEBUG qt.scenegraph.time.renderloop: [window 0x7f48b5903e40][gui thread] polishAndSync: start, elapsed since last call: 6 ms
2026-07-14 19:24:05.722 DEBUG qt.scenegraph.time.renderloop: [window 0x7f48b5903e40][render thread 0x7f48b57a2c20] syncAndRender: start, elapsed since last call: 7 ms
2026-07-14 19:24:05.723 DEBUG qt.scenegraph.time.renderloop: [window 0x7f48b5903e40][gui thread] Frame prepared, polish=1 ms, lock=0 ms, blockedForSync=0 ms, animations=0 ms
2026-07-14 19:24:05.723 DEBUG qt.scenegraph.time.renderer: time in renderer: total=0ms, preprocess=0, updates=0, rendering=0
2026-07-14 19:24:05.728 DEBUG qt.scenegraph.time.renderloop: [window 0x7f48b5903e40][gui thread] polishAndSync: start, elapsed since last call: 6 ms
2026-07-14 19:24:05.728 DEBUG qt.scenegraph.time.renderloop: [window 0x7f48b5903e40][render thread 0x7f48b57a2c20] syncAndRender: frame rendered in 5ms, sync=0, render=0, swap=5
2026-07-14 19:24:05.728 DEBUG qt.scenegraph.time.renderloop: [window 0x7f48b5903e40][render thread 0x7f48b57a2c20] syncAndRender: start, elapsed since last call: 5 ms
2026-07-14 19:24:05.728 DEBUG qt.scenegraph.time.renderloop: [window 0x7f48b5903e40][gui thread] Frame prepared, polish=0 ms, lock=0 ms, blockedForSync=0 ms, animations=0 ms
2026-07-14 19:24:05.728 DEBUG qt.scenegraph.time.renderer: time in renderer: total=0ms, preprocess=0, updates=0, rendering=0
2026-07-14 19:24:05.735 DEBUG qt.scenegraph.time.renderloop: [window 0x7f48b5903e40][gui thread] polishAndSync: start, elapsed since last call: 6 ms
2026-07-14 19:24:05.735 DEBUG qt.scenegraph.time.renderloop: [window 0x7f48b5903e40][render thread 0x7f48b57a2c20] syncAndRender: frame rendered in 6ms, sync=0, render=0, swap=6
2026-07-14 19:24:05.735 DEBUG qt.scenegraph.time.renderloop: [window 0x7f48b5903e40][render thread 0x7f48b57a2c20] syncAndRender: start, elapsed since last call: 7 ms
2026-07-14 19:24:05.735 DEBUG qt.scenegraph.time.renderloop: [window 0x7f48b5903e40][gui thread] Frame prepared, polish=0 ms, lock=0 ms, blockedForSync=0 ms, animations=0 ms
2026-07-14 19:24:05.735 DEBUG qt.scenegraph.time.renderer: time in renderer: total=0ms, preprocess=0, updates=0, rendering=0
2026-07-14 19:24:05.742 DEBUG qt.scenegraph.time.renderloop: [window 0x7f48b5903e40][gui thread] polishAndSync: start, elapsed since last call: 6 ms
2026-07-14 19:24:05.742 DEBUG qt.scenegraph.time.renderloop: [window 0x7f48b5903e40][render thread 0x7f48b57a2c20] syncAndRender: frame rendered in 6ms, sync=0, render=0, swap=6
2026-07-14 19:24:05.742 DEBUG qt.scenegraph.time.renderloop: [window 0x7f48b5903e40][render thread 0x7f48b57a2c20] syncAndRender: start, elapsed since last call: 6 ms
2026-07-14 19:24:05.742 DEBUG qt.scenegraph.time.renderloop: [window 0x7f48b5903e40][gui thread] Frame prepared, polish=0 ms, lock=0 ms, blockedForSync=0 ms, animations=0 ms
2026-07-14 19:24:05.742 DEBUG qt.scenegraph.time.renderer: time in renderer: total=0ms, preprocess=0, updates=0, rendering=0
2026-07-14 19:24:05.749 DEBUG qt.scenegraph.time.renderloop: [window 0x7f48b5903e40][gui thread] polishAndSync: start, elapsed since last call: 6 ms
2026-07-14 19:24:05.749 DEBUG qt.scenegraph.time.renderloop: [window 0x7f48b5903e40][render thread 0x7f48b57a2c20] syncAndRender: frame rendered in 6ms, sync=0, render=0, swap=6
2026-07-14 19:24:05.749 DEBUG qt.scenegraph.time.renderloop: [window 0x7f48b5903e40][render thread 0x7f48b57a2c20] syncAndRender: start, elapsed since last call: 7 ms
2026-07-14 19:24:05.749 DEBUG qt.scenegraph.time.renderloop: [window 0x7f48b5903e40][gui thread] Frame prepared, polish=0 ms, lock=0 ms, blockedForSync=0 ms, animations=0 ms
2026-07-14 19:24:05.749 DEBUG qt.scenegraph.time.renderer: time in renderer: total=0ms, preprocess=0, updates=0, rendering=0
2026-07-14 19:24:05.756 DEBUG qt.scenegraph.time.renderloop: [window 0x7f48b5903e40][gui thread] polishAndSync: start, elapsed since last call: 6 ms
2026-07-14 19:24:05.756 DEBUG qt.scenegraph.time.renderloop: [window 0x7f48b5903e40][render thread 0x7f48b57a2c20] syncAndRender: frame rendered in 6ms, sync=0, render=0, swap=6
2026-07-14 19:24:05.756 DEBUG qt.scenegraph.time.renderloop: [window 0x7f48b5903e40][render thread 0x7f48b57a2c20] syncAndRender: start, elapsed since last call: 6 ms
2026-07-14 19:24:05.756 DEBUG qt.scenegraph.time.renderloop: [window 0x7f48b5903e40][gui thread] Frame prepared, polish=0 ms, lock=0 ms, blockedForSync=0 ms, animations=0 ms
2026-07-14 19:24:05.756 DEBUG qt.scenegraph.time.renderer: time in renderer: total=0ms, preprocess=0, updates=0, rendering=0
2026-07-14 19:24:05.763 DEBUG qt.scenegraph.time.renderloop: [window 0x7f48b5903e40][render thread 0x7f48b57a2c20] syncAndRender: frame rendered in 6ms, sync=0, render=0, swap=6
2026-07-14 19:24:05.773 DEBUG qt.scenegraph.time.renderloop: [window 0x7f48b5903e40][gui thread] polishAndSync: start, elapsed since last call: 16 ms
2026-07-14 19:24:05.773 DEBUG qt.scenegraph.time.renderloop: [window 0x7f48b5903e40][render thread 0x7f48b57a2c20] syncAndRender: start, elapsed since last call: 17 ms
2026-07-14 19:24:05.773 DEBUG qt.scenegraph.time.renderloop: [window 0x7f48b5903e40][gui thread] Frame prepared, polish=0 ms, lock=0 ms, blockedForSync=0 ms, animations=0 ms
2026-07-14 19:24:05.773 DEBUG qt.scenegraph.time.renderer: time in renderer: total=0ms, preprocess=0, updates=0, rendering=0
2026-07-14 19:24:05.773 DEBUG qt.scenegraph.time.renderloop: [window 0x7f48b5903e40][render thread 0x7f48b57a2c20] syncAndRender: frame rendered in 0ms, sync=0, render=0, swap=0
2026-07-14 19:24:05.776 DEBUG qt.scenegraph.time.renderloop: [window 0x7f48b5903e40][gui thread] polishAndSync: start, elapsed since last call: 3 ms
2026-07-14 19:24:05.776 DEBUG qt.scenegraph.time.renderloop: [window 0x7f48b5903e40][render thread 0x7f48b57a2c20] syncAndRender: start, elapsed since last call: 3 ms
2026-07-14 19:24:05.777 DEBUG qt.scenegraph.time.renderloop: [window 0x7f48b5903e40][gui thread] Frame prepared, polish=0 ms, lock=0 ms, blockedForSync=0 ms, animations=0 ms
2026-07-14 19:24:05.777 DEBUG qt.scenegraph.time.renderer: time in renderer: total=0ms, preprocess=0, updates=0, rendering=0
2026-07-14 19:24:05.777 DEBUG qt.scenegraph.time.renderloop: [window 0x7f48b5903e40][render thread 0x7f48b57a2c20] syncAndRender: frame rendered in 0ms, sync=0, render=0, swap=0
2026-07-14 19:24:05.806 DEBUG qt.scenegraph.time.renderloop: [window 0x7f48b5903e40][gui thread] polishAndSync: start, elapsed since last call: 29 ms
2026-07-14 19:24:05.806 DEBUG qt.scenegraph.time.renderloop: [window 0x7f48b5903e40][render thread 0x7f48b57a2c20] syncAndRender: start, elapsed since last call: 29 ms
2026-07-14 19:24:05.806 DEBUG qt.scenegraph.time.renderloop: [window 0x7f48b5903e40][gui thread] Frame prepared, polish=0 ms, lock=0 ms, blockedForSync=0 ms, animations=0 ms
2026-07-14 19:24:05.806 DEBUG qt.scenegraph.time.renderer: time in renderer: total=0ms, preprocess=0, updates=0, rendering=0
2026-07-14 19:24:05.806 DEBUG qt.scenegraph.time.renderloop: [window 0x7f48b5903e40][render thread 0x7f48b57a2c20] syncAndRender: frame rendered in 0ms, sync=0, render=0, swap=0
2026-07-14 19:24:05.811 DEBUG qt.scenegraph.time.renderloop: [window 0x7f48b5903e40][gui thread] polishAndSync: start, elapsed since last call: 5 ms
2026-07-14 19:24:05.811 DEBUG qt.scenegraph.time.renderloop: [window 0x7f48b5903e40][render thread 0x7f48b57a2c20] syncAndRender: start, elapsed since last call: 5 ms
2026-07-14 19:24:05.811 DEBUG qt.scenegraph.time.renderloop: [window 0x7f48b5903e40][gui thread] Frame prepared, polish=0 ms, lock=0 ms, blockedForSync=0 ms, animations=0 ms
2026-07-14 19:24:05.811 DEBUG qt.scenegraph.time.renderer: time in renderer: total=0ms, preprocess=0, updates=0, rendering=0
2026-07-14 19:24:05.812 DEBUG qt.scenegraph.time.renderloop: [window 0x7f48b5903e40][render thread 0x7f48b57a2c20] syncAndRender: frame rendered in 0ms, sync=0, render=0, swap=0
2026-07-14 19:24:05.838 DEBUG qt.scenegraph.time.renderloop: [window 0x7f48b5903e40][gui thread] polishAndSync: start, elapsed since last call: 27 ms
2026-07-14 19:24:05.839 DEBUG qt.scenegraph.time.renderloop: [window 0x7f48b5903e40][render thread 0x7f48b57a2c20] syncAndRender: start, elapsed since last call: 27 ms
2026-07-14 19:24:05.839 DEBUG qt.scenegraph.time.renderloop: [window 0x7f48b5903e40][gui thread] Frame prepared, polish=0 ms, lock=0 ms, blockedForSync=0 ms, animations=0 ms
2026-07-14 19:24:05.839 DEBUG qt.scenegraph.time.renderer: time in renderer: total=0ms, preprocess=0, updates=0, rendering=0
2026-07-14 19:24:05.839 DEBUG qt.scenegraph.time.renderloop: [window 0x7f48b5903e40][render thread 0x7f48b57a2c20] syncAndRender: frame rendered in 0ms, sync=0, render=0, swap=0
2026-07-14 19:24:05.846 DEBUG qt.scenegraph.time.renderloop: [window 0x7f48b5903e40][gui thread] polishAndSync: start, elapsed since last call: 7 ms
2026-07-14 19:24:05.846 DEBUG qt.scenegraph.time.renderloop: [window 0x7f48b5903e40][render thread 0x7f48b57a2c20] syncAndRender: start, elapsed since last call: 7 ms
2026-07-14 19:24:05.846 DEBUG qt.scenegraph.time.renderloop: [window 0x7f48b5903e40][gui thread] Frame prepared, polish=0 ms, lock=0 ms, blockedForSync=0 ms, animations=0 ms
2026-07-14 19:24:05.847 DEBUG qt.scenegraph.time.renderer: time in renderer: total=0ms, preprocess=0, updates=0, rendering=0
2026-07-14 19:24:05.847 DEBUG qt.scenegraph.time.renderloop: [window 0x7f48b5903e40][render thread 0x7f48b57a2c20] syncAndRender: frame rendered in 0ms, sync=0, render=0, swap=0
2026-07-14 19:24:05.872 DEBUG qt.scenegraph.time.renderloop: [window 0x7f48b5903e40][gui thread] polishAndSync: start, elapsed since last call: 26 ms
2026-07-14 19:24:05.873 DEBUG qt.scenegraph.time.renderloop: [window 0x7f48b5903e40][render thread 0x7f48b57a2c20] syncAndRender: start, elapsed since last call: 26 ms
2026-07-14 19:24:05.873 DEBUG qt.scenegraph.time.renderloop: [window 0x7f48b5903e40][gui thread] Frame prepared, polish=0 ms, lock=0 ms, blockedForSync=0 ms, animations=0 ms
2026-07-14 19:24:05.873 DEBUG qt.scenegraph.time.renderer: time in renderer: total=0ms, preprocess=0, updates=0, rendering=0
2026-07-14 19:24:05.873 DEBUG qt.scenegraph.time.renderloop: [window 0x7f48b5903e40][render thread 0x7f48b57a2c20] syncAndRender: frame rendered in 0ms, sync=0, render=0, swap=0
2026-07-14 19:24:05.874 DEBUG qt.scenegraph.time.renderloop: [window 0x7f48b5903e40][gui thread] polishAndSync: start, elapsed since last call: 1 ms
2026-07-14 19:24:05.874 DEBUG qt.scenegraph.time.renderloop: [window 0x7f48b5903e40][render thread 0x7f48b57a2c20] syncAndRender: start, elapsed since last call: 1 ms
2026-07-14 19:24:05.874 DEBUG qt.scenegraph.time.renderloop: [window 0x7f48b5903e40][gui thread] Frame prepared, polish=0 ms, lock=0 ms, blockedForSync=0 ms, animations=0 ms
2026-07-14 19:24:05.874 DEBUG qt.scenegraph.time.renderer: time in renderer: total=0ms, preprocess=0, updates=0, rendering=0
2026-07-14 19:24:05.874 DEBUG qt.scenegraph.time.renderloop: [window 0x7f48b5903e40][render thread 0x7f48b57a2c20] syncAndRender: frame rendered in 0ms, sync=0, render=0, swap=0
2026-07-14 19:24:05.905 DEBUG qt.scenegraph.time.renderloop: [window 0x7f48b5903e40][gui thread] polishAndSync: start, elapsed since last call: 31 ms
2026-07-14 19:24:05.905 DEBUG qt.scenegraph.time.renderloop: [window 0x7f48b5903e40][render thread 0x7f48b57a2c20] syncAndRender: start, elapsed since last call: 31 ms
2026-07-14 19:24:05.906 DEBUG qt.scenegraph.time.renderloop: [window 0x7f48b5903e40][gui thread] Frame prepared, polish=0 ms, lock=0 ms, blockedForSync=0 ms, animations=0 ms
2026-07-14 19:24:05.906 DEBUG qt.scenegraph.time.renderer: time in renderer: total=0ms, preprocess=0, updates=0, rendering=0
2026-07-14 19:24:05.906 DEBUG qt.scenegraph.time.renderloop: [window 0x7f48b5903e40][render thread 0x7f48b57a2c20] syncAndRender: frame rendered in 0ms, sync=0, render=0, swap=0
2026-07-14 19:24:05.908 DEBUG qt.scenegraph.time.renderloop: [window 0x7f48b5903e40][gui thread] polishAndSync: start, elapsed since last call: 3 ms
2026-07-14 19:24:05.909 DEBUG qt.scenegraph.time.renderloop: [window 0x7f48b5903e40][render thread 0x7f48b57a2c20] syncAndRender: start, elapsed since last call: 3 ms
2026-07-14 19:24:05.909 DEBUG qt.scenegraph.time.renderloop: [window 0x7f48b5903e40][gui thread] Frame prepared, polish=0 ms, lock=0 ms, blockedForSync=0 ms, animations=0 ms
2026-07-14 19:24:05.909 DEBUG qt.scenegraph.time.renderer: time in renderer: total=0ms, preprocess=0, updates=0, rendering=0
2026-07-14 19:24:05.909 DEBUG qt.scenegraph.time.renderloop: [window 0x7f48b5903e40][render thread 0x7f48b57a2c20] syncAndRender: frame rendered in 0ms, sync=0, render=0, swap=0
2026-07-14 19:24:05.938 DEBUG qt.scenegraph.time.renderloop: [window 0x7f48b5903e40][gui thread] polishAndSync: start, elapsed since last call: 29 ms
2026-07-14 19:24:05.938 DEBUG qt.scenegraph.time.renderloop: [window 0x7f48b5903e40][render thread 0x7f48b57a2c20] syncAndRender: start, elapsed since last call: 29 ms
2026-07-14 19:24:05.938 DEBUG qt.scenegraph.time.renderloop: [window 0x7f48b5903e40][gui thread] Frame prepared, polish=0 ms, lock=0 ms, blockedForSync=0 ms, animations=0 ms
2026-07-14 19:24:05.938 DEBUG qt.scenegraph.time.renderer: time in renderer: total=0ms, preprocess=0, updates=0, rendering=0
2026-07-14 19:24:05.938 DEBUG qt.scenegraph.time.renderloop: [window 0x7f48b5903e40][render thread 0x7f48b57a2c20] syncAndRender: frame rendered in 0ms, sync=0, render=0, swap=0
2026-07-14 19:24:05.943 DEBUG qt.scenegraph.time.renderloop: [window 0x7f48b5903e40][gui thread] polishAndSync: start, elapsed since last call: 5 ms
2026-07-14 19:24:05.943 DEBUG qt.scenegraph.time.renderloop: [window 0x7f48b5903e40][render thread 0x7f48b57a2c20] syncAndRender: start, elapsed since last call: 5 ms
2026-07-14 19:24:05.943 DEBUG qt.scenegraph.time.renderloop: [window 0x7f48b5903e40][gui thread] Frame prepared, polish=0 ms, lock=0 ms, blockedForSync=0 ms, animations=0 ms
2026-07-14 19:24:05.945 DEBUG qt.scenegraph.time.renderer: time in renderer: total=1ms, preprocess=0, updates=0, rendering=1
2026-07-14 19:24:05.945 DEBUG qt.scenegraph.time.renderloop: [window 0x7f48b5903e40][render thread 0x7f48b57a2c20] syncAndRender: frame rendered in 1ms, sync=0, render=1, swap=0
2026-07-14 19:24:05.970 DEBUG qt.scenegraph.time.renderloop: [window 0x7f48b5903e40][gui thread] polishAndSync: start, elapsed since last call: 26 ms
2026-07-14 19:24:05.971 DEBUG qt.scenegraph.time.renderloop: [window 0x7f48b5903e40][render thread 0x7f48b57a2c20] syncAndRender: start, elapsed since last call: 27 ms
2026-07-14 19:24:05.971 DEBUG qt.scenegraph.time.renderloop: [window 0x7f48b5903e40][gui thread] Frame prepared, polish=0 ms, lock=0 ms, blockedForSync=0 ms, animations=0 ms
2026-07-14 19:24:05.971 DEBUG qt.scenegraph.time.renderer: time in renderer: total=0ms, preprocess=0, updates=0, rendering=0
2026-07-14 19:24:05.971 DEBUG qt.scenegraph.time.renderloop: [window 0x7f48b5903e40][render thread 0x7f48b57a2c20] syncAndRender: frame rendered in 0ms, sync=0, render=0, swap=0
2026-07-14 19:24:05.978 DEBUG qt.scenegraph.time.renderloop: [window 0x7f48b5903e40][gui thread] polishAndSync: start, elapsed since last call: 7 ms
2026-07-14 19:24:05.978 DEBUG qt.scenegraph.time.renderloop: [window 0x7f48b5903e40][render thread 0x7f48b57a2c20] syncAndRender: start, elapsed since last call: 7 ms
2026-07-14 19:24:05.978 DEBUG qt.scenegraph.time.renderloop: [window 0x7f48b5903e40][gui thread] Frame prepared, polish=0 ms, lock=0 ms, blockedForSync=0 ms, animations=0 ms
2026-07-14 19:24:05.978 DEBUG qt.scenegraph.time.renderer: time in renderer: total=0ms, preprocess=0, updates=0, rendering=0
2026-07-14 19:24:05.978 DEBUG qt.scenegraph.time.renderloop: [window 0x7f48b5903e40][render thread 0x7f48b57a2c20] syncAndRender: frame rendered in 0ms, sync=0, render=0, swap=0
2026-07-14 19:24:06.002 DEBUG qt.scenegraph.time.renderloop: [window 0x7f48b5903e40][gui thread] polishAndSync: start, elapsed since last call: 24 ms
2026-07-14 19:24:06.003 DEBUG qt.scenegraph.time.renderloop: [window 0x7f48b5903e40][render thread 0x7f48b57a2c20] syncAndRender: start, elapsed since last call: 24 ms
2026-07-14 19:24:06.003 DEBUG qt.scenegraph.time.renderloop: [window 0x7f48b5903e40][gui thread] Frame prepared, polish=0 ms, lock=0 ms, blockedForSync=0 ms, animations=0 ms
2026-07-14 19:24:06.003 DEBUG qt.scenegraph.time.renderer: time in renderer: total=0ms, preprocess=0, updates=0, rendering=0
2026-07-14 19:24:06.003 DEBUG qt.scenegraph.time.renderloop: [window 0x7f48b5903e40][render thread 0x7f48b57a2c20] syncAndRender: frame rendered in 0ms, sync=0, render=0, swap=0
2026-07-14 19:24:06.006 DEBUG qt.scenegraph.time.renderloop: [window 0x7f48b5903e40][gui thread] polishAndSync: start, elapsed since last call: 3 ms
2026-07-14 19:24:06.006 DEBUG qt.scenegraph.time.renderloop: [window 0x7f48b5903e40][render thread 0x7f48b57a2c20] syncAndRender: start, elapsed since last call: 2 ms
2026-07-14 19:24:06.006 DEBUG qt.scenegraph.time.renderloop: [window 0x7f48b5903e40][gui thread] Frame prepared, polish=0 ms, lock=0 ms, blockedForSync=0 ms, animations=0 ms
2026-07-14 19:24:06.006 DEBUG qt.scenegraph.time.renderer: time in renderer: total=0ms, preprocess=0, updates=0, rendering=0
2026-07-14 19:24:06.006 DEBUG qt.scenegraph.time.renderloop: [window 0x7f48b5903e40][render thread 0x7f48b57a2c20] syncAndRender: frame rendered in 0ms, sync=0, render=0, swap=0
2026-07-14 19:24:06.036 DEBUG qt.scenegraph.time.renderloop: [window 0x7f48b5903e40][gui thread] polishAndSync: start, elapsed since last call: 30 ms
2026-07-14 19:24:06.038 DEBUG qt.scenegraph.time.renderloop: [window 0x7f48b5903e40][render thread 0x7f48b57a2c20] syncAndRender: start, elapsed since last call: 32 ms
2026-07-14 19:24:06.038 DEBUG qt.scenegraph.time.renderloop: [window 0x7f48b5903e40][gui thread] Frame prepared, polish=2 ms, lock=0 ms, blockedForSync=0 ms, animations=0 ms
2026-07-14 19:24:06.038 DEBUG qt.scenegraph.time.renderer: time in renderer: total=0ms, preprocess=0, updates=0, rendering=0
2026-07-14 19:24:06.039 DEBUG qt.scenegraph.time.renderloop: [window 0x7f48b5903e40][render thread 0x7f48b57a2c20] syncAndRender: frame rendered in 0ms, sync=0, render=0, swap=0
2026-07-14 19:24:06.041 DEBUG qt.scenegraph.time.renderloop: [window 0x7f48b5903e40][gui thread] polishAndSync: start, elapsed since last call: 4 ms
2026-07-14 19:24:06.041 DEBUG qt.scenegraph.time.renderloop: [window 0x7f48b5903e40][render thread 0x7f48b57a2c20] syncAndRender: start, elapsed since last call: 2 ms
2026-07-14 19:24:06.041 DEBUG qt.scenegraph.time.renderloop: [window 0x7f48b5903e40][gui thread] Frame prepared, polish=0 ms, lock=0 ms, blockedForSync=0 ms, animations=0 ms
2026-07-14 19:24:06.041 DEBUG qt.scenegraph.time.renderer: time in renderer: total=0ms, preprocess=0, updates=0, rendering=0
2026-07-14 19:24:06.041 DEBUG qt.scenegraph.time.renderloop: [window 0x7f48b5903e40][render thread 0x7f48b57a2c20] syncAndRender: frame rendered in 0ms, sync=0, render=0, swap=0
2026-07-14 19:24:06.070 DEBUG qt.scenegraph.time.renderloop: [window 0x7f48b5903e40][gui thread] polishAndSync: start, elapsed since last call: 29 ms
2026-07-14 19:24:06.070 DEBUG qt.scenegraph.time.renderloop: [window 0x7f48b5903e40][render thread 0x7f48b57a2c20] syncAndRender: start, elapsed since last call: 29 ms
2026-07-14 19:24:06.070 DEBUG qt.scenegraph.time.renderloop: [window 0x7f48b5903e40][gui thread] Frame prepared, polish=0 ms, lock=0 ms, blockedForSync=0 ms, animations=0 ms
2026-07-14 19:24:06.070 DEBUG qt.scenegraph.time.renderer: time in renderer: total=0ms, preprocess=0, updates=0, rendering=0
2026-07-14 19:24:06.071 DEBUG qt.scenegraph.time.renderloop: [window 0x7f48b5903e40][render thread 0x7f48b57a2c20] syncAndRender: frame rendered in 0ms, sync=0, render=0, swap=0
2026-07-14 19:24:06.075 DEBUG qt.scenegraph.time.renderloop: [window 0x7f48b5903e40][gui thread] polishAndSync: start, elapsed since last call: 5 ms
2026-07-14 19:24:06.075 DEBUG qt.scenegraph.time.renderloop: [window 0x7f48b5903e40][render thread 0x7f48b57a2c20] syncAndRender: start, elapsed since last call: 5 ms
2026-07-14 19:24:06.075 DEBUG qt.scenegraph.time.renderloop: [window 0x7f48b5903e40][gui thread] Frame prepared, polish=0 ms, lock=0 ms, blockedForSync=0 ms, animations=0 ms
2026-07-14 19:24:06.076 DEBUG qt.scenegraph.time.renderer: time in renderer: total=0ms, preprocess=0, updates=0, rendering=0
2026-07-14 19:24:06.076 DEBUG qt.scenegraph.time.renderloop: [window 0x7f48b5903e40][render thread 0x7f48b57a2c20] syncAndRender: frame rendered in 0ms, sync=0, render=0, swap=0
2026-07-14 19:24:06.102 DEBUG qt.scenegraph.time.renderloop: [window 0x7f48b5903e40][gui thread] polishAndSync: start, elapsed since last call: 26 ms
2026-07-14 19:24:06.103 DEBUG qt.scenegraph.time.renderloop: [window 0x7f48b5903e40][render thread 0x7f48b57a2c20] syncAndRender: start, elapsed since last call: 27 ms
2026-07-14 19:24:06.103 DEBUG qt.scenegraph.time.renderloop: [window 0x7f48b5903e40][gui thread] Frame prepared, polish=0 ms, lock=0 ms, blockedForSync=0 ms, animations=0 ms
2026-07-14 19:24:06.103 DEBUG qt.scenegraph.time.renderer: time in renderer: total=0ms, preprocess=0, updates=0, rendering=0
2026-07-14 19:24:06.103 DEBUG qt.scenegraph.time.renderloop: [window 0x7f48b5903e40][render thread 0x7f48b57a2c20] syncAndRender: frame rendered in 0ms, sync=0, render=0, swap=0
2026-07-14 19:24:06.110 DEBUG qt.scenegraph.time.renderloop: [window 0x7f48b5903e40][gui thread] polishAndSync: start, elapsed since last call: 7 ms
2026-07-14 19:24:06.110 DEBUG qt.scenegraph.time.renderloop: [window 0x7f48b5903e40][render thread 0x7f48b57a2c20] syncAndRender: start, elapsed since last call: 7 ms
2026-07-14 19:24:06.110 DEBUG qt.scenegraph.time.renderloop: [window 0x7f48b5903e40][gui thread] Frame prepared, polish=0 ms, lock=0 ms, blockedForSync=0 ms, animations=0 ms
2026-07-14 19:24:06.110 DEBUG qt.scenegraph.time.renderer: time in renderer: total=0ms, preprocess=0, updates=0, rendering=0
2026-07-14 19:24:06.111 DEBUG qt.scenegraph.time.renderloop: [window 0x7f48b5903e40][render thread 0x7f48b57a2c20] syncAndRender: frame rendered in 0ms, sync=0, render=0, swap=0
2026-07-14 19:24:06.135 DEBUG qt.scenegraph.time.renderloop: [window 0x7f48b5903e40][gui thread] polishAndSync: start, elapsed since last call: 25 ms
2026-07-14 19:24:06.136 DEBUG qt.scenegraph.time.renderloop: [window 0x7f48b5903e40][render thread 0x7f48b57a2c20] syncAndRender: start, elapsed since last call: 25 ms
2026-07-14 19:24:06.136 DEBUG qt.scenegraph.time.renderloop: [window 0x7f48b5903e40][gui thread] Frame prepared, polish=0 ms, lock=0 ms, blockedForSync=0 ms, animations=0 ms
2026-07-14 19:24:06.136 DEBUG qt.scenegraph.time.renderer: time in renderer: total=0ms, preprocess=0, updates=0, rendering=0
2026-07-14 19:24:06.136 DEBUG qt.scenegraph.time.renderloop: [window 0x7f48b5903e40][render thread 0x7f48b57a2c20] syncAndRender: frame rendered in 0ms, sync=0, render=0, swap=0
2026-07-14 19:24:06.138 DEBUG qt.scenegraph.time.renderloop: [window 0x7f48b5903e40][gui thread] polishAndSync: start, elapsed since last call: 2 ms
2026-07-14 19:24:06.138 DEBUG qt.scenegraph.time.renderloop: [window 0x7f48b5903e40][render thread 0x7f48b57a2c20] syncAndRender: start, elapsed since last call: 1 ms
2026-07-14 19:24:06.138 DEBUG qt.scenegraph.time.renderloop: [window 0x7f48b5903e40][gui thread] Frame prepared, polish=0 ms, lock=0 ms, blockedForSync=0 ms, animations=0 ms
2026-07-14 19:24:06.138 DEBUG qt.scenegraph.time.renderer: time in renderer: total=0ms, preprocess=0, updates=0, rendering=0
2026-07-14 19:24:06.138 DEBUG qt.scenegraph.time.renderloop: [window 0x7f48b5903e40][render thread 0x7f48b57a2c20] syncAndRender: frame rendered in 0ms, sync=0, render=0, swap=0
2026-07-14 19:24:06.168 DEBUG qt.scenegraph.time.renderloop: [window 0x7f48b5903e40][gui thread] polishAndSync: start, elapsed since last call: 30 ms
2026-07-14 19:24:06.168 DEBUG qt.scenegraph.time.renderloop: [window 0x7f48b5903e40][render thread 0x7f48b57a2c20] syncAndRender: start, elapsed since last call: 30 ms
2026-07-14 19:24:06.168 DEBUG qt.scenegraph.time.renderloop: [window 0x7f48b5903e40][gui thread] Frame prepared, polish=0 ms, lock=0 ms, blockedForSync=0 ms, animations=0 ms
2026-07-14 19:24:06.169 DEBUG qt.scenegraph.time.renderer: time in renderer: total=0ms, preprocess=0, updates=0, rendering=0
2026-07-14 19:24:06.169 DEBUG qt.scenegraph.time.renderloop: [window 0x7f48b5903e40][render thread 0x7f48b57a2c20] syncAndRender: frame rendered in 0ms, sync=0, render=0, swap=0
2026-07-14 19:24:06.173 DEBUG qt.scenegraph.time.renderloop: [window 0x7f48b5903e40][gui thread] polishAndSync: start, elapsed since last call: 4 ms
2026-07-14 19:24:06.173 DEBUG qt.scenegraph.time.renderloop: [window 0x7f48b5903e40][render thread 0x7f48b57a2c20] syncAndRender: start, elapsed since last call: 4 ms
2026-07-14 19:24:06.173 DEBUG qt.scenegraph.time.renderloop: [window 0x7f48b5903e40][gui thread] Frame prepared, polish=0 ms, lock=0 ms, blockedForSync=0 ms, animations=0 ms
2026-07-14 19:24:06.173 DEBUG qt.scenegraph.time.renderer: time in renderer: total=0ms, preprocess=0, updates=0, rendering=0
2026-07-14 19:24:06.173 DEBUG qt.scenegraph.time.renderloop: [window 0x7f48b5903e40][render thread 0x7f48b57a2c20] syncAndRender: frame rendered in 0ms, sync=0, render=0, swap=0
2026-07-14 19:24:06.202 DEBUG qt.scenegraph.time.renderloop: [window 0x7f48b5903e40][gui thread] polishAndSync: start, elapsed since last call: 29 ms
2026-07-14 19:24:06.202 DEBUG qt.scenegraph.time.renderloop: [window 0x7f48b5903e40][render thread 0x7f48b57a2c20] syncAndRender: start, elapsed since last call: 29 ms
2026-07-14 19:24:06.202 DEBUG qt.scenegraph.time.renderloop: [window 0x7f48b5903e40][gui thread] Frame prepared, polish=0 ms, lock=0 ms, blockedForSync=0 ms, animations=0 ms
2026-07-14 19:24:06.202 DEBUG qt.scenegraph.time.renderer: time in renderer: total=0ms, preprocess=0, updates=0, rendering=0
2026-07-14 19:24:06.202 DEBUG qt.scenegraph.time.renderloop: [window 0x7f48b5903e40][render thread 0x7f48b57a2c20] syncAndRender: frame rendered in 0ms, sync=0, render=0, swap=0
2026-07-14 19:24:06.207 DEBUG qt.scenegraph.time.renderloop: [window 0x7f48b5903e40][gui thread] polishAndSync: start, elapsed since last call: 5 ms
2026-07-14 19:24:06.207 DEBUG qt.scenegraph.time.renderloop: [window 0x7f48b5903e40][render thread 0x7f48b57a2c20] syncAndRender: start, elapsed since last call: 5 ms
2026-07-14 19:24:06.207 DEBUG qt.scenegraph.time.renderloop: [window 0x7f48b5903e40][gui thread] Frame prepared, polish=0 ms, lock=0 ms, blockedForSync=0 ms, animations=0 ms
2026-07-14 19:24:06.207 DEBUG qt.scenegraph.time.renderer: time in renderer: total=0ms, preprocess=0, updates=0, rendering=0
2026-07-14 19:24:06.208 DEBUG qt.scenegraph.time.renderloop: [window 0x7f48b5903e40][render thread 0x7f48b57a2c20] syncAndRender: frame rendered in 0ms, sync=0, render=0, swap=0
2026-07-14 19:24:06.234 DEBUG qt.scenegraph.time.renderloop: [window 0x7f48b5903e40][gui thread] polishAndSync: start, elapsed since last call: 27 ms
2026-07-14 19:24:06.235 DEBUG qt.scenegraph.time.renderloop: [window 0x7f48b5903e40][render thread 0x7f48b57a2c20] syncAndRender: start, elapsed since last call: 27 ms
2026-07-14 19:24:06.235 DEBUG qt.scenegraph.time.renderloop: [window 0x7f48b5903e40][gui thread] Frame prepared, polish=0 ms, lock=0 ms, blockedForSync=0 ms, animations=0 ms
2026-07-14 19:24:06.235 DEBUG qt.scenegraph.time.renderer: time in renderer: total=0ms, preprocess=0, updates=0, rendering=0
2026-07-14 19:24:06.235 DEBUG qt.scenegraph.time.renderloop: [window 0x7f48b5903e40][render thread 0x7f48b57a2c20] syncAndRender: frame rendered in 0ms, sync=0, render=0, swap=0
2026-07-14 19:24:06.242 DEBUG qt.scenegraph.time.renderloop: [window 0x7f48b5903e40][gui thread] polishAndSync: start, elapsed since last call: 7 ms
2026-07-14 19:24:06.242 DEBUG qt.scenegraph.time.renderloop: [window 0x7f48b5903e40][render thread 0x7f48b57a2c20] syncAndRender: start, elapsed since last call: 7 ms
2026-07-14 19:24:06.242 DEBUG qt.scenegraph.time.renderloop: [window 0x7f48b5903e40][gui thread] Frame prepared, polish=0 ms, lock=0 ms, blockedForSync=0 ms, animations=0 ms
2026-07-14 19:24:06.242 DEBUG qt.scenegraph.time.renderer: time in renderer: total=0ms, preprocess=0, updates=0, rendering=0
2026-07-14 19:24:06.243 DEBUG qt.scenegraph.time.renderloop: [window 0x7f48b5903e40][render thread 0x7f48b57a2c20] syncAndRender: frame rendered in 0ms, sync=0, render=0, swap=0
2026-07-14 19:24:06.267 DEBUG qt.scenegraph.time.renderloop: [window 0x7f48b5903e40][gui thread] polishAndSync: start, elapsed since last call: 24 ms
2026-07-14 19:24:06.268 DEBUG qt.scenegraph.time.renderloop: [window 0x7f48b5903e40][render thread 0x7f48b57a2c20] syncAndRender: start, elapsed since last call: 25 ms
2026-07-14 19:24:06.268 DEBUG qt.scenegraph.time.renderloop: [window 0x7f48b5903e40][gui thread] Frame prepared, polish=0 ms, lock=0 ms, blockedForSync=0 ms, animations=0 ms
2026-07-14 19:24:06.268 DEBUG qt.scenegraph.time.renderer: time in renderer: total=0ms, preprocess=0, updates=0, rendering=0
2026-07-14 19:24:06.268 DEBUG qt.scenegraph.time.renderloop: [window 0x7f48b5903e40][render thread 0x7f48b57a2c20] syncAndRender: frame rendered in 0ms, sync=0, render=0, swap=0
2026-07-14 19:24:06.270 DEBUG qt.scenegraph.time.renderloop: [window 0x7f48b5903e40][gui thread] polishAndSync: start, elapsed since last call: 2 ms
2026-07-14 19:24:06.270 DEBUG qt.scenegraph.time.renderloop: [window 0x7f48b5903e40][render thread 0x7f48b57a2c20] syncAndRender: start, elapsed since last call: 2 ms
2026-07-14 19:24:06.270 DEBUG qt.scenegraph.time.renderloop: [window 0x7f48b5903e40][gui thread] Frame prepared, polish=0 ms, lock=0 ms, blockedForSync=0 ms, animations=0 ms
2026-07-14 19:24:06.270 DEBUG qt.scenegraph.time.renderer: time in renderer: total=0ms, preprocess=0, updates=0, rendering=0
2026-07-14 19:24:06.270 DEBUG qt.scenegraph.time.renderloop: [window 0x7f48b5903e40][render thread 0x7f48b57a2c20] syncAndRender: frame rendered in 0ms, sync=0, render=0, swap=0
2026-07-14 19:24:06.301 DEBUG qt.scenegraph.time.renderloop: [window 0x7f48b5903e40][gui thread] polishAndSync: start, elapsed since last call: 31 ms
2026-07-14 19:24:06.302 DEBUG qt.scenegraph.time.renderloop: [window 0x7f48b5903e40][render thread 0x7f48b57a2c20] syncAndRender: start, elapsed since last call: 31 ms
2026-07-14 19:24:06.302 DEBUG qt.scenegraph.time.renderloop: [window 0x7f48b5903e40][gui thread] Frame prepared, polish=0 ms, lock=0 ms, blockedForSync=0 ms, animations=0 ms
2026-07-14 19:24:06.302 DEBUG qt.scenegraph.time.renderer: time in renderer: total=0ms, preprocess=0, updates=0, rendering=0
2026-07-14 19:24:06.302 DEBUG qt.scenegraph.time.renderloop: [window 0x7f48b5903e40][render thread 0x7f48b57a2c20] syncAndRender: frame rendered in 0ms, sync=0, render=0, swap=0
2026-07-14 19:24:06.305 DEBUG qt.scenegraph.time.renderloop: [window 0x7f48b5903e40][gui thread] polishAndSync: start, elapsed since last call: 3 ms
2026-07-14 19:24:06.305 DEBUG qt.scenegraph.time.renderloop: [window 0x7f48b5903e40][render thread 0x7f48b57a2c20] syncAndRender: start, elapsed since last call: 3 ms
2026-07-14 19:24:06.305 DEBUG qt.scenegraph.time.renderloop: [window 0x7f48b5903e40][gui thread] Frame prepared, polish=0 ms, lock=0 ms, blockedForSync=0 ms, animations=0 ms
2026-07-14 19:24:06.305 DEBUG qt.scenegraph.time.renderer: time in renderer: total=0ms, preprocess=0, updates=0, rendering=0
2026-07-14 19:24:06.305 DEBUG qt.scenegraph.time.renderloop: [window 0x7f48b5903e40][render thread 0x7f48b57a2c20] syncAndRender: frame rendered in 0ms, sync=0, render=0, swap=0
2026-07-14 19:24:06.334 DEBUG qt.scenegraph.time.renderloop: [window 0x7f48b5903e40][gui thread] polishAndSync: start, elapsed since last call: 29 ms
2026-07-14 19:24:06.334 DEBUG qt.scenegraph.time.renderloop: [window 0x7f48b5903e40][render thread 0x7f48b57a2c20] syncAndRender: start, elapsed since last call: 29 ms
2026-07-14 19:24:06.334 DEBUG qt.scenegraph.time.renderloop: [window 0x7f48b5903e40][gui thread] Frame prepared, polish=0 ms, lock=0 ms, blockedForSync=0 ms, animations=0 ms
2026-07-14 19:24:06.334 DEBUG qt.scenegraph.time.renderer: time in renderer: total=0ms, preprocess=0, updates=0, rendering=0
2026-07-14 19:24:06.334 DEBUG qt.scenegraph.time.renderloop: [window 0x7f48b5903e40][render thread 0x7f48b57a2c20] syncAndRender: frame rendered in 0ms, sync=0, render=0, swap=0
2026-07-14 19:24:06.339 DEBUG qt.scenegraph.time.renderloop: [window 0x7f48b5903e40][gui thread] polishAndSync: start, elapsed since last call: 5 ms
2026-07-14 19:24:06.339 DEBUG qt.scenegraph.time.renderloop: [window 0x7f48b5903e40][render thread 0x7f48b57a2c20] syncAndRender: start, elapsed since last call: 5 ms
2026-07-14 19:24:06.339 DEBUG qt.scenegraph.time.renderloop: [window 0x7f48b5903e40][gui thread] Frame prepared, polish=0 ms, lock=0 ms, blockedForSync=0 ms, animations=0 ms
2026-07-14 19:24:06.340 DEBUG qt.scenegraph.time.renderer: time in renderer: total=0ms, preprocess=0, updates=0, rendering=0
2026-07-14 19:24:06.340 DEBUG qt.scenegraph.time.renderloop: [window 0x7f48b5903e40][render thread 0x7f48b57a2c20] syncAndRender: frame rendered in 0ms, sync=0, render=0, swap=0
2026-07-14 19:24:06.366 DEBUG qt.scenegraph.time.renderloop: [window 0x7f48b5903e40][gui thread] polishAndSync: start, elapsed since last call: 27 ms
2026-07-14 19:24:06.367 DEBUG qt.scenegraph.time.renderloop: [window 0x7f48b5903e40][render thread 0x7f48b57a2c20] syncAndRender: start, elapsed since last call: 27 ms
2026-07-14 19:24:06.367 DEBUG qt.scenegraph.time.renderloop: [window 0x7f48b5903e40][gui thread] Frame prepared, polish=0 ms, lock=0 ms, blockedForSync=0 ms, animations=0 ms
2026-07-14 19:24:06.367 DEBUG qt.scenegraph.time.renderer: time in renderer: total=0ms, preprocess=0, updates=0, rendering=0
2026-07-14 19:24:06.367 DEBUG qt.scenegraph.time.renderloop: [window 0x7f48b5903e40][render thread 0x7f48b57a2c20] syncAndRender: frame rendered in 0ms, sync=0, render=0, swap=0
2026-07-14 19:24:06.374 DEBUG qt.scenegraph.time.renderloop: [window 0x7f48b5903e40][gui thread] polishAndSync: start, elapsed since last call: 7 ms
2026-07-14 19:24:06.374 DEBUG qt.scenegraph.time.renderloop: [window 0x7f48b5903e40][render thread 0x7f48b57a2c20] syncAndRender: start, elapsed since last call: 7 ms
2026-07-14 19:24:06.374 DEBUG qt.scenegraph.time.renderloop: [window 0x7f48b5903e40][gui thread] Frame prepared, polish=0 ms, lock=0 ms, blockedForSync=0 ms, animations=0 ms
2026-07-14 19:24:06.374 DEBUG qt.scenegraph.time.renderer: time in renderer: total=0ms, preprocess=0, updates=0, rendering=0
2026-07-14 19:24:06.375 DEBUG qt.scenegraph.time.renderloop: [window 0x7f48b5903e40][render thread 0x7f48b57a2c20] syncAndRender: frame rendered in 0ms, sync=0, render=0, swap=0
2026-07-14 19:24:06.399 DEBUG qt.scenegraph.time.renderloop: [window 0x7f48b5903e40][gui thread] polishAndSync: start, elapsed since last call: 25 ms
2026-07-14 19:24:06.400 DEBUG qt.scenegraph.time.renderloop: [window 0x7f48b5903e40][render thread 0x7f48b57a2c20] syncAndRender: start, elapsed since last call: 25 ms
2026-07-14 19:24:06.400 DEBUG qt.scenegraph.time.renderloop: [window 0x7f48b5903e40][gui thread] Frame prepared, polish=0 ms, lock=0 ms, blockedForSync=0 ms, animations=0 ms
2026-07-14 19:24:06.400 DEBUG qt.scenegraph.time.renderer: time in renderer: total=0ms, preprocess=0, updates=0, rendering=0
2026-07-14 19:24:06.400 DEBUG qt.scenegraph.time.renderloop: [window 0x7f48b5903e40][render thread 0x7f48b57a2c20] syncAndRender: frame rendered in 0ms, sync=0, render=0, swap=0
2026-07-14 19:24:06.402 DEBUG qt.scenegraph.time.renderloop: [window 0x7f48b5903e40][gui thread] polishAndSync: start, elapsed since last call: 2 ms
2026-07-14 19:24:06.402 DEBUG qt.scenegraph.time.renderloop: [window 0x7f48b5903e40][render thread 0x7f48b57a2c20] syncAndRender: start, elapsed since last call: 2 ms
2026-07-14 19:24:06.402 DEBUG qt.scenegraph.time.renderloop: [window 0x7f48b5903e40][gui thread] Frame prepared, polish=0 ms, lock=0 ms, blockedForSync=0 ms, animations=0 ms
2026-07-14 19:24:06.402 DEBUG qt.scenegraph.time.renderer: time in renderer: total=0ms, preprocess=0, updates=0, rendering=0
2026-07-14 19:24:06.402 DEBUG qt.scenegraph.time.renderloop: [window 0x7f48b5903e40][render thread 0x7f48b57a2c20] syncAndRender: frame rendered in 0ms, sync=0, render=0, swap=0
2026-07-14 19:24:06.433 DEBUG qt.scenegraph.time.renderloop: [window 0x7f48b5903e40][gui thread] polishAndSync: start, elapsed since last call: 31 ms
2026-07-14 19:24:06.434 DEBUG qt.scenegraph.time.renderloop: [window 0x7f48b5903e40][render thread 0x7f48b57a2c20] syncAndRender: start, elapsed since last call: 31 ms
2026-07-14 19:24:06.434 DEBUG qt.scenegraph.time.renderloop: [window 0x7f48b5903e40][gui thread] Frame prepared, polish=0 ms, lock=0 ms, blockedForSync=0 ms, animations=0 ms
2026-07-14 19:24:06.434 DEBUG qt.scenegraph.time.renderer: time in renderer: total=0ms, preprocess=0, updates=0, rendering=0
2026-07-14 19:24:06.434 DEBUG qt.scenegraph.time.renderloop: [window 0x7f48b5903e40][render thread 0x7f48b57a2c20] syncAndRender: frame rendered in 0ms, sync=0, render=0, swap=0
2026-07-14 19:24:06.437 DEBUG qt.scenegraph.time.renderloop: [window 0x7f48b5903e40][gui thread] polishAndSync: start, elapsed since last call: 3 ms
2026-07-14 19:24:06.437 DEBUG qt.scenegraph.time.renderloop: [window 0x7f48b5903e40][render thread 0x7f48b57a2c20] syncAndRender: start, elapsed since last call: 2 ms
2026-07-14 19:24:06.437 DEBUG qt.scenegraph.time.renderloop: [window 0x7f48b5903e40][gui thread] Frame prepared, polish=0 ms, lock=0 ms, blockedForSync=0 ms, animations=0 ms
2026-07-14 19:24:06.437 DEBUG qt.scenegraph.time.renderer: time in renderer: total=0ms, preprocess=0, updates=0, rendering=0
2026-07-14 19:24:06.437 DEBUG qt.scenegraph.time.renderloop: [window 0x7f48b5903e40][render thread 0x7f48b57a2c20] syncAndRender: frame rendered in 0ms, sync=0, render=0, swap=0
2026-07-14 19:24:06.466 DEBUG qt.scenegraph.time.renderloop: [window 0x7f48b5903e40][gui thread] polishAndSync: start, elapsed since last call: 29 ms
2026-07-14 19:24:06.466 DEBUG qt.scenegraph.time.renderloop: [window 0x7f48b5903e40][render thread 0x7f48b57a2c20] syncAndRender: start, elapsed since last call: 29 ms
2026-07-14 19:24:06.466 DEBUG qt.scenegraph.time.renderloop: [window 0x7f48b5903e40][gui thread] Frame prepared, polish=0 ms, lock=0 ms, blockedForSync=0 ms, animations=0 ms
2026-07-14 19:24:06.466 DEBUG qt.scenegraph.time.renderer: time in renderer: total=0ms, preprocess=0, updates=0, rendering=0
2026-07-14 19:24:06.466 DEBUG qt.scenegraph.time.renderloop: [window 0x7f48b5903e40][render thread 0x7f48b57a2c20] syncAndRender: frame rendered in 0ms, sync=0, render=0, swap=0
2026-07-14 19:24:06.471 DEBUG qt.scenegraph.time.renderloop: [window 0x7f48b5903e40][gui thread] polishAndSync: start, elapsed since last call: 5 ms
2026-07-14 19:24:06.471 DEBUG qt.scenegraph.time.renderloop: [window 0x7f48b5903e40][render thread 0x7f48b57a2c20] syncAndRender: start, elapsed since last call: 5 ms
2026-07-14 19:24:06.472 DEBUG qt.scenegraph.time.renderloop: [window 0x7f48b5903e40][gui thread] Frame prepared, polish=0 ms, lock=0 ms, blockedForSync=0 ms, animations=0 ms
2026-07-14 19:24:06.472 DEBUG qt.scenegraph.time.renderer: time in renderer: total=0ms, preprocess=0, updates=0, rendering=0
2026-07-14 19:24:06.472 DEBUG qt.scenegraph.time.renderloop: [window 0x7f48b5903e40][render thread 0x7f48b57a2c20] syncAndRender: frame rendered in 0ms, sync=0, render=0, swap=0
2026-07-14 19:24:06.498 DEBUG qt.scenegraph.time.renderloop: [window 0x7f48b5903e40][gui thread] polishAndSync: start, elapsed since last call: 27 ms
2026-07-14 19:24:06.499 DEBUG qt.scenegraph.time.renderloop: [window 0x7f48b5903e40][render thread 0x7f48b57a2c20] syncAndRender: start, elapsed since last call: 27 ms
2026-07-14 19:24:06.499 DEBUG qt.scenegraph.time.renderloop: [window 0x7f48b5903e40][gui thread] Frame prepared, polish=0 ms, lock=0 ms, blockedForSync=0 ms, animations=0 ms
2026-07-14 19:24:06.499 DEBUG qt.scenegraph.time.renderer: time in renderer: total=0ms, preprocess=0, updates=0, rendering=0
2026-07-14 19:24:06.499 DEBUG qt.scenegraph.time.renderloop: [window 0x7f48b5903e40][render thread 0x7f48b57a2c20] syncAndRender: frame rendered in 0ms, sync=0, render=0, swap=0
2026-07-14 19:24:06.500 DEBUG qt.scenegraph.time.renderloop: [window 0x7f48b5903e40][gui thread] polishAndSync: start, elapsed since last call: 1 ms
2026-07-14 19:24:06.500 DEBUG qt.scenegraph.time.renderloop: [window 0x7f48b5903e40][render thread 0x7f48b57a2c20] syncAndRender: start, elapsed since last call: 0 ms
2026-07-14 19:24:06.500 DEBUG qt.scenegraph.time.renderloop: [window 0x7f48b5903e40][gui thread] Frame prepared, polish=0 ms, lock=0 ms, blockedForSync=0 ms, animations=0 ms
2026-07-14 19:24:06.500 DEBUG qt.scenegraph.time.renderer: time in renderer: total=0ms, preprocess=0, updates=0, rendering=0
2026-07-14 19:24:06.500 DEBUG qt.scenegraph.time.renderloop: [window 0x7f48b5903e40][render thread 0x7f48b57a2c20] syncAndRender: frame rendered in 0ms, sync=0, render=0, swap=0
2026-07-14 19:24:06.531 DEBUG qt.scenegraph.time.renderloop: [window 0x7f48b5903e40][gui thread] polishAndSync: start, elapsed since last call: 31 ms
2026-07-14 19:24:06.532 DEBUG qt.scenegraph.time.renderloop: [window 0x7f48b5903e40][render thread 0x7f48b57a2c20] syncAndRender: start, elapsed since last call: 31 ms
2026-07-14 19:24:06.532 DEBUG qt.scenegraph.time.renderloop: [window 0x7f48b5903e40][gui thread] Frame prepared, polish=0 ms, lock=0 ms, blockedForSync=0 ms, animations=0 ms
2026-07-14 19:24:06.532 DEBUG qt.scenegraph.time.renderer: time in renderer: total=0ms, preprocess=0, updates=0, rendering=0
2026-07-14 19:24:06.532 DEBUG qt.scenegraph.time.renderloop: [window 0x7f48b5903e40][render thread 0x7f48b57a2c20] syncAndRender: frame rendered in 0ms, sync=0, render=0, swap=0
2026-07-14 19:24:06.532 DEBUG qt.scenegraph.time.renderloop: [window 0x7f48b5903e40][gui thread] polishAndSync: start, elapsed since last call: 1 ms
2026-07-14 19:24:06.532 DEBUG qt.scenegraph.time.renderloop: [window 0x7f48b5903e40][render thread 0x7f48b57a2c20] syncAndRender: start, elapsed since last call: 0 ms
2026-07-14 19:24:06.533 DEBUG qt.scenegraph.time.renderloop: [window 0x7f48b5903e40][gui thread] Frame prepared, polish=0 ms, lock=0 ms, blockedForSync=0 ms, animations=0 ms
2026-07-14 19:24:06.533 DEBUG qt.scenegraph.time.renderer: time in renderer: total=0ms, preprocess=0, updates=0, rendering=0
2026-07-14 19:24:06.533 DEBUG qt.scenegraph.time.renderloop: [window 0x7f48b5903e40][render thread 0x7f48b57a2c20] syncAndRender: frame rendered in 0ms, sync=0, render=0, swap=0
2026-07-14 19:24:06.564 DEBUG qt.scenegraph.time.renderloop: [window 0x7f48b5903e40][gui thread] polishAndSync: start, elapsed since last call: 31 ms
2026-07-14 19:24:06.564 DEBUG qt.scenegraph.time.renderloop: [window 0x7f48b5903e40][render thread 0x7f48b57a2c20] syncAndRender: start, elapsed since last call: 31 ms
2026-07-14 19:24:06.565 DEBUG qt.scenegraph.time.renderloop: [window 0x7f48b5903e40][gui thread] Frame prepared, polish=0 ms, lock=0 ms, blockedForSync=0 ms, animations=0 ms
2026-07-14 19:24:06.565 DEBUG qt.scenegraph.time.renderer: time in renderer: total=0ms, preprocess=0, updates=0, rendering=0
2026-07-14 19:24:06.565 DEBUG qt.scenegraph.time.renderloop: [window 0x7f48b5903e40][render thread 0x7f48b57a2c20] syncAndRender: frame rendered in 0ms, sync=0, render=0, swap=0
2026-07-14 19:24:06.565 DEBUG qt.scenegraph.time.renderloop: [window 0x7f48b5903e40][gui thread] polishAndSync: start, elapsed since last call: 1 ms
2026-07-14 19:24:06.565 DEBUG qt.scenegraph.time.renderloop: [window 0x7f48b5903e40][render thread 0x7f48b57a2c20] syncAndRender: start, elapsed since last call: 0 ms
2026-07-14 19:24:06.565 DEBUG qt.scenegraph.time.renderloop: [window 0x7f48b5903e40][gui thread] Frame prepared, polish=0 ms, lock=0 ms, blockedForSync=0 ms, animations=0 ms
2026-07-14 19:24:06.565 DEBUG qt.scenegraph.time.renderer: time in renderer: total=0ms, preprocess=0, updates=0, rendering=0
2026-07-14 19:24:06.566 DEBUG qt.scenegraph.time.renderloop: [window 0x7f48b5903e40][render thread 0x7f48b57a2c20] syncAndRender: frame rendered in 0ms, sync=0, render=0, swap=0
2026-07-14 19:24:06.598 DEBUG qt.scenegraph.time.renderloop: [window 0x7f48b5903e40][gui thread] polishAndSync: start, elapsed since last call: 32 ms
2026-07-14 19:24:06.598 DEBUG qt.scenegraph.time.renderloop: [window 0x7f48b5903e40][render thread 0x7f48b57a2c20] syncAndRender: start, elapsed since last call: 32 ms
2026-07-14 19:24:06.598 DEBUG qt.scenegraph.time.renderloop: [window 0x7f48b5903e40][gui thread] Frame prepared, polish=0 ms, lock=0 ms, blockedForSync=0 ms, animations=0 ms
2026-07-14 19:24:06.598 DEBUG qt.scenegraph.time.renderer: time in renderer: total=0ms, preprocess=0, updates=0, rendering=0
2026-07-14 19:24:06.599 DEBUG qt.scenegraph.time.renderloop: [window 0x7f48b5903e40][render thread 0x7f48b57a2c20] syncAndRender: frame rendered in 0ms, sync=0, render=0, swap=0
2026-07-14 19:24:06.599 DEBUG qt.scenegraph.time.renderloop: [window 0x7f48b5903e40][gui thread] polishAndSync: start, elapsed since last call: 1 ms
2026-07-14 19:24:06.599 DEBUG qt.scenegraph.time.renderloop: [window 0x7f48b5903e40][render thread 0x7f48b57a2c20] syncAndRender: start, elapsed since last call: 0 ms
2026-07-14 19:24:06.599 DEBUG qt.scenegraph.time.renderloop: [window 0x7f48b5903e40][gui thread] Frame prepared, polish=0 ms, lock=0 ms, blockedForSync=0 ms, animations=0 ms
2026-07-14 19:24:06.599 DEBUG qt.scenegraph.time.renderer: time in renderer: total=0ms, preprocess=0, updates=0, rendering=0
2026-07-14 19:24:06.599 DEBUG qt.scenegraph.time.renderloop: [window 0x7f48b5903e40][render thread 0x7f48b57a2c20] syncAndRender: frame rendered in 0ms, sync=0, render=0, swap=0
2026-07-14 19:24:06.630 DEBUG qt.scenegraph.time.renderloop: [window 0x7f48b5903e40][gui thread] polishAndSync: start, elapsed since last call: 30 ms
2026-07-14 19:24:06.630 DEBUG qt.scenegraph.time.renderloop: [window 0x7f48b5903e40][render thread 0x7f48b57a2c20] syncAndRender: start, elapsed since last call: 31 ms
2026-07-14 19:24:06.630 DEBUG qt.scenegraph.time.renderloop: [window 0x7f48b5903e40][gui thread] Frame prepared, polish=0 ms, lock=0 ms, blockedForSync=0 ms, animations=0 ms
2026-07-14 19:24:06.630 DEBUG qt.scenegraph.time.renderer: time in renderer: total=0ms, preprocess=0, updates=0, rendering=0
2026-07-14 19:24:06.630 DEBUG qt.scenegraph.time.renderloop: [window 0x7f48b5903e40][render thread 0x7f48b57a2c20] syncAndRender: frame rendered in 0ms, sync=0, render=0, swap=0
2026-07-14 19:24:06.631 DEBUG qt.scenegraph.time.renderloop: [window 0x7f48b5903e40][gui thread] polishAndSync: start, elapsed since last call: 1 ms
2026-07-14 19:24:06.631 DEBUG qt.scenegraph.time.renderloop: [window 0x7f48b5903e40][render thread 0x7f48b57a2c20] syncAndRender: start, elapsed since last call: 1 ms
2026-07-14 19:24:06.631 DEBUG qt.scenegraph.time.renderloop: [window 0x7f48b5903e40][gui thread] Frame prepared, polish=0 ms, lock=0 ms, blockedForSync=0 ms, animations=0 ms
2026-07-14 19:24:06.631 DEBUG qt.scenegraph.time.renderer: time in renderer: total=0ms, preprocess=0, updates=0, rendering=0
2026-07-14 19:24:06.632 DEBUG qt.scenegraph.time.renderloop: [window 0x7f48b5903e40][render thread 0x7f48b57a2c20] syncAndRender: frame rendered in 0ms, sync=0, render=0, swap=0
2026-07-14 19:24:06.664 DEBUG qt.scenegraph.time.renderloop: [window 0x7f48b5903e40][gui thread] polishAndSync: start, elapsed since last call: 32 ms
2026-07-14 19:24:06.664 DEBUG qt.scenegraph.time.renderloop: [window 0x7f48b5903e40][render thread 0x7f48b57a2c20] syncAndRender: start, elapsed since last call: 32 ms
2026-07-14 19:24:06.664 DEBUG qt.scenegraph.time.renderloop: [window 0x7f48b5903e40][gui thread] Frame prepared, polish=0 ms, lock=0 ms, blockedForSync=0 ms, animations=0 ms
2026-07-14 19:24:06.664 DEBUG qt.scenegraph.time.renderer: time in renderer: total=0ms, preprocess=0, updates=0, rendering=0
2026-07-14 19:24:06.664 DEBUG qt.scenegraph.time.renderloop: [window 0x7f48b5903e40][render thread 0x7f48b57a2c20] syncAndRender: frame rendered in 0ms, sync=0, render=0, swap=0
2026-07-14 19:24:06.665 DEBUG qt.scenegraph.time.renderloop: [window 0x7f48b5903e40][gui thread] polishAndSync: start, elapsed since last call: 1 ms
2026-07-14 19:24:06.665 DEBUG qt.scenegraph.time.renderloop: [window 0x7f48b5903e40][render thread 0x7f48b57a2c20] syncAndRender: start, elapsed since last call: 1 ms
2026-07-14 19:24:06.665 DEBUG qt.scenegraph.time.renderloop: [window 0x7f48b5903e40][gui thread] Frame prepared, polish=0 ms, lock=0 ms, blockedForSync=0 ms, animations=0 ms
2026-07-14 19:24:06.665 DEBUG qt.scenegraph.time.renderer: time in renderer: total=0ms, preprocess=0, updates=0, rendering=0
2026-07-14 19:24:06.665 DEBUG qt.scenegraph.time.renderloop: [window 0x7f48b5903e40][render thread 0x7f48b57a2c20] syncAndRender: frame rendered in 0ms, sync=0, render=0, swap=0
2026-07-14 19:24:06.696 DEBUG qt.scenegraph.time.renderloop: [window 0x7f48b5903e40][gui thread] polishAndSync: start, elapsed since last call: 31 ms
2026-07-14 19:24:06.697 DEBUG qt.scenegraph.time.renderloop: [window 0x7f48b5903e40][render thread 0x7f48b57a2c20] syncAndRender: start, elapsed since last call: 31 ms
2026-07-14 19:24:06.697 DEBUG qt.scenegraph.time.renderloop: [window 0x7f48b5903e40][gui thread] Frame prepared, polish=0 ms, lock=0 ms, blockedForSync=0 ms, animations=0 ms
2026-07-14 19:24:06.697 DEBUG qt.scenegraph.time.renderer: time in renderer: total=0ms, preprocess=0, updates=0, rendering=0
2026-07-14 19:24:06.697 DEBUG qt.scenegraph.time.renderloop: [window 0x7f48b5903e40][render thread 0x7f48b57a2c20] syncAndRender: frame rendered in 0ms, sync=0, render=0, swap=0
2026-07-14 19:24:06.701 DEBUG qt.scenegraph.time.renderloop: [window 0x7f48b5903e40][gui thread] polishAndSync: start, elapsed since last call: 4 ms
2026-07-14 19:24:06.701 DEBUG qt.scenegraph.time.renderloop: [window 0x7f48b5903e40][render thread 0x7f48b57a2c20] syncAndRender: start, elapsed since last call: 4 ms
2026-07-14 19:24:06.701 DEBUG qt.scenegraph.time.renderloop: [window 0x7f48b5903e40][gui thread] Frame prepared, polish=0 ms, lock=0 ms, blockedForSync=0 ms, animations=0 ms
2026-07-14 19:24:06.701 DEBUG qt.scenegraph.time.renderer: time in renderer: total=0ms, preprocess=0, updates=0, rendering=0
2026-07-14 19:24:06.701 DEBUG qt.scenegraph.time.renderloop: [window 0x7f48b5903e40][render thread 0x7f48b57a2c20] syncAndRender: frame rendered in 0ms, sync=0, render=0, swap=0
2026-07-14 19:24:06.729 DEBUG qt.scenegraph.time.renderloop: [window 0x7f48b5903e40][gui thread] polishAndSync: start, elapsed since last call: 28 ms
2026-07-14 19:24:06.730 DEBUG qt.scenegraph.time.renderloop: [window 0x7f48b5903e40][render thread 0x7f48b57a2c20] syncAndRender: start, elapsed since last call: 28 ms
2026-07-14 19:24:06.730 DEBUG qt.scenegraph.time.renderloop: [window 0x7f48b5903e40][gui thread] Frame prepared, polish=0 ms, lock=0 ms, blockedForSync=0 ms, animations=0 ms
2026-07-14 19:24:06.730 DEBUG qt.scenegraph.time.renderer: time in renderer: total=0ms, preprocess=0, updates=0, rendering=0
2026-07-14 19:24:06.730 DEBUG qt.scenegraph.time.renderloop: [window 0x7f48b5903e40][render thread 0x7f48b57a2c20] syncAndRender: frame rendered in 0ms, sync=0, render=0, swap=0
2026-07-14 19:24:06.735 DEBUG qt.scenegraph.time.renderloop: [window 0x7f48b5903e40][gui thread] polishAndSync: start, elapsed since last call: 6 ms
2026-07-14 19:24:06.735 DEBUG qt.scenegraph.time.renderloop: [window 0x7f48b5903e40][render thread 0x7f48b57a2c20] syncAndRender: start, elapsed since last call: 5 ms
2026-07-14 19:24:06.735 DEBUG qt.scenegraph.time.renderloop: [window 0x7f48b5903e40][gui thread] Frame prepared, polish=0 ms, lock=0 ms, blockedForSync=0 ms, animations=0 ms
2026-07-14 19:24:06.736 DEBUG qt.scenegraph.time.renderer: time in renderer: total=0ms, preprocess=0, updates=0, rendering=0
2026-07-14 19:24:06.736 DEBUG qt.scenegraph.time.renderloop: [window 0x7f48b5903e40][render thread 0x7f48b57a2c20] syncAndRender: frame rendered in 0ms, sync=0, render=0, swap=0
2026-07-14 19:24:06.762 DEBUG qt.scenegraph.time.renderloop: [window 0x7f48b5903e40][gui thread] polishAndSync: start, elapsed since last call: 26 ms
2026-07-14 19:24:06.763 DEBUG qt.scenegraph.time.renderloop: [window 0x7f48b5903e40][render thread 0x7f48b57a2c20] syncAndRender: start, elapsed since last call: 27 ms
2026-07-14 19:24:06.763 DEBUG qt.scenegraph.time.renderloop: [window 0x7f48b5903e40][gui thread] Frame prepared, polish=0 ms, lock=0 ms, blockedForSync=0 ms, animations=0 ms
2026-07-14 19:24:06.763 DEBUG qt.scenegraph.time.renderer: time in renderer: total=0ms, preprocess=0, updates=0, rendering=0
2026-07-14 19:24:06.763 DEBUG qt.scenegraph.time.renderloop: [window 0x7f48b5903e40][render thread 0x7f48b57a2c20] syncAndRender: frame rendered in 0ms, sync=0, render=0, swap=0
2026-07-14 19:24:06.770 DEBUG qt.scenegraph.time.renderloop: [window 0x7f48b5903e40][gui thread] polishAndSync: start, elapsed since last call: 7 ms
2026-07-14 19:24:06.770 DEBUG qt.scenegraph.time.renderloop: [window 0x7f48b5903e40][render thread 0x7f48b57a2c20] syncAndRender: start, elapsed since last call: 7 ms
2026-07-14 19:24:06.770 DEBUG qt.scenegraph.time.renderloop: [window 0x7f48b5903e40][gui thread] Frame prepared, polish=0 ms, lock=0 ms, blockedForSync=0 ms, animations=0 ms
2026-07-14 19:24:06.770 DEBUG qt.scenegraph.time.renderer: time in renderer: total=0ms, preprocess=0, updates=0, rendering=0
2026-07-14 19:24:06.770 DEBUG qt.scenegraph.time.renderloop: [window 0x7f48b5903e40][render thread 0x7f48b57a2c20] syncAndRender: frame rendered in 0ms, sync=0, render=0, swap=0
2026-07-14 19:24:06.795 DEBUG qt.scenegraph.time.renderloop: [window 0x7f48b5903e40][gui thread] polishAndSync: start, elapsed since last call: 25 ms
2026-07-14 19:24:06.796 DEBUG qt.scenegraph.time.renderloop: [window 0x7f48b5903e40][render thread 0x7f48b57a2c20] syncAndRender: start, elapsed since last call: 25 ms
2026-07-14 19:24:06.796 DEBUG qt.scenegraph.time.renderloop: [window 0x7f48b5903e40][gui thread] Frame prepared, polish=0 ms, lock=0 ms, blockedForSync=0 ms, animations=0 ms
2026-07-14 19:24:06.796 DEBUG qt.scenegraph.time.renderer: time in renderer: total=0ms, preprocess=0, updates=0, rendering=0
2026-07-14 19:24:06.796 DEBUG qt.scenegraph.time.renderloop: [window 0x7f48b5903e40][render thread 0x7f48b57a2c20] syncAndRender: frame rendered in 0ms, sync=0, render=0, swap=0
2026-07-14 19:24:06.798 DEBUG qt.scenegraph.time.renderloop: [window 0x7f48b5903e40][gui thread] polishAndSync: start, elapsed since last call: 2 ms
2026-07-14 19:24:06.798 DEBUG qt.scenegraph.time.renderloop: [window 0x7f48b5903e40][render thread 0x7f48b57a2c20] syncAndRender: start, elapsed since last call: 2 ms
2026-07-14 19:24:06.798 DEBUG qt.scenegraph.time.renderloop: [window 0x7f48b5903e40][gui thread] Frame prepared, polish=0 ms, lock=0 ms, blockedForSync=0 ms, animations=0 ms
2026-07-14 19:24:06.798 DEBUG qt.scenegraph.time.renderer: time in renderer: total=0ms, preprocess=0, updates=0, rendering=0
2026-07-14 19:24:06.798 DEBUG qt.scenegraph.time.renderloop: [window 0x7f48b5903e40][render thread 0x7f48b57a2c20] syncAndRender: frame rendered in 0ms, sync=0, render=0, swap=0
2026-07-14 19:24:06.829 DEBUG qt.scenegraph.time.renderloop: [window 0x7f48b5903e40][gui thread] polishAndSync: start, elapsed since last call: 31 ms
2026-07-14 19:24:06.830 DEBUG qt.scenegraph.time.renderloop: [window 0x7f48b5903e40][render thread 0x7f48b57a2c20] syncAndRender: start, elapsed since last call: 31 ms
2026-07-14 19:24:06.830 DEBUG qt.scenegraph.time.renderloop: [window 0x7f48b5903e40][gui thread] Frame prepared, polish=0 ms, lock=0 ms, blockedForSync=0 ms, animations=0 ms
2026-07-14 19:24:06.830 DEBUG qt.scenegraph.time.renderer: time in renderer: total=0ms, preprocess=0, updates=0, rendering=0
2026-07-14 19:24:06.830 DEBUG qt.scenegraph.time.renderloop: [window 0x7f48b5903e40][render thread 0x7f48b57a2c20] syncAndRender: frame rendered in 0ms, sync=0, render=0, swap=0
2026-07-14 19:24:06.833 DEBUG qt.scenegraph.time.renderloop: [window 0x7f48b5903e40][gui thread] polishAndSync: start, elapsed since last call: 3 ms
2026-07-14 19:24:06.833 DEBUG qt.scenegraph.time.renderloop: [window 0x7f48b5903e40][render thread 0x7f48b57a2c20] syncAndRender: start, elapsed since last call: 3 ms
2026-07-14 19:24:06.833 DEBUG qt.scenegraph.time.renderloop: [window 0x7f48b5903e40][gui thread] Frame prepared, polish=0 ms, lock=0 ms, blockedForSync=0 ms, animations=0 ms
2026-07-14 19:24:06.833 DEBUG qt.scenegraph.time.renderer: time in renderer: total=0ms, preprocess=0, updates=0, rendering=0
2026-07-14 19:24:06.833 DEBUG qt.scenegraph.time.renderloop: [window 0x7f48b5903e40][render thread 0x7f48b57a2c20] syncAndRender: frame rendered in 0ms, sync=0, render=0, swap=0
2026-07-14 19:24:06.861 DEBUG qt.scenegraph.time.renderloop: [window 0x7f48b5903e40][gui thread] polishAndSync: start, elapsed since last call: 28 ms
2026-07-14 19:24:06.862 DEBUG qt.scenegraph.time.renderloop: [window 0x7f48b5903e40][render thread 0x7f48b57a2c20] syncAndRender: start, elapsed since last call: 28 ms
2026-07-14 19:24:06.862 DEBUG qt.scenegraph.time.renderloop: [window 0x7f48b5903e40][gui thread] Frame prepared, polish=0 ms, lock=0 ms, blockedForSync=0 ms, animations=0 ms
2026-07-14 19:24:06.862 DEBUG qt.scenegraph.time.renderer: time in renderer: total=0ms, preprocess=0, updates=0, rendering=0
2026-07-14 19:24:06.862 DEBUG qt.scenegraph.time.renderloop: [window 0x7f48b5903e40][render thread 0x7f48b57a2c20] syncAndRender: frame rendered in 0ms, sync=0, render=0, swap=0
2026-07-14 19:24:06.867 DEBUG qt.scenegraph.time.renderloop: [window 0x7f48b5903e40][gui thread] polishAndSync: start, elapsed since last call: 6 ms
2026-07-14 19:24:06.867 DEBUG qt.scenegraph.time.renderloop: [window 0x7f48b5903e40][render thread 0x7f48b57a2c20] syncAndRender: start, elapsed since last call: 5 ms
2026-07-14 19:24:06.868 DEBUG qt.scenegraph.time.renderloop: [window 0x7f48b5903e40][gui thread] Frame prepared, polish=0 ms, lock=0 ms, blockedForSync=0 ms, animations=0 ms
2026-07-14 19:24:06.868 DEBUG qt.scenegraph.time.renderer: time in renderer: total=0ms, preprocess=0, updates=0, rendering=0
2026-07-14 19:24:06.868 DEBUG qt.scenegraph.time.renderloop: [window 0x7f48b5903e40][render thread 0x7f48b57a2c20] syncAndRender: frame rendered in 0ms, sync=0, render=0, swap=0
2026-07-14 19:24:06.894 DEBUG qt.scenegraph.time.renderloop: [window 0x7f48b5903e40][gui thread] polishAndSync: start, elapsed since last call: 27 ms
2026-07-14 19:24:06.895 DEBUG qt.scenegraph.time.renderloop: [window 0x7f48b5903e40][render thread 0x7f48b57a2c20] syncAndRender: start, elapsed since last call: 27 ms
2026-07-14 19:24:06.895 DEBUG qt.scenegraph.time.renderloop: [window 0x7f48b5903e40][gui thread] Frame prepared, polish=0 ms, lock=0 ms, blockedForSync=0 ms, animations=0 ms
2026-07-14 19:24:06.895 DEBUG qt.scenegraph.time.renderer: time in renderer: total=0ms, preprocess=0, updates=0, rendering=0
2026-07-14 19:24:06.895 DEBUG qt.scenegraph.time.renderloop: [window 0x7f48b5903e40][render thread 0x7f48b57a2c20] syncAndRender: frame rendered in 0ms, sync=0, render=0, swap=0
2026-07-14 19:24:06.896 DEBUG qt.scenegraph.time.renderloop: [window 0x7f48b5903e40][gui thread] polishAndSync: start, elapsed since last call: 1 ms
2026-07-14 19:24:06.896 DEBUG qt.scenegraph.time.renderloop: [window 0x7f48b5903e40][render thread 0x7f48b57a2c20] syncAndRender: start, elapsed since last call: 0 ms
2026-07-14 19:24:06.896 DEBUG qt.scenegraph.time.renderloop: [window 0x7f48b5903e40][gui thread] Frame prepared, polish=0 ms, lock=0 ms, blockedForSync=0 ms, animations=0 ms
2026-07-14 19:24:06.896 DEBUG qt.scenegraph.time.renderer: time in renderer: total=0ms, preprocess=0, updates=0, rendering=0
2026-07-14 19:24:06.896 DEBUG qt.scenegraph.time.renderloop: [window 0x7f48b5903e40][render thread 0x7f48b57a2c20] syncAndRender: frame rendered in 0ms, sync=0, render=0, swap=0
2026-07-14 19:24:06.927 DEBUG qt.scenegraph.time.renderloop: [window 0x7f48b5903e40][gui thread] polishAndSync: start, elapsed since last call: 31 ms
2026-07-14 19:24:06.930 DEBUG qt.scenegraph.time.renderloop: [window 0x7f48b5903e40][render thread 0x7f48b57a2c20] syncAndRender: start, elapsed since last call: 33 ms
2026-07-14 19:24:06.930 DEBUG qt.scenegraph.time.renderloop: [window 0x7f48b5903e40][gui thread] Frame prepared, polish=2 ms, lock=0 ms, blockedForSync=0 ms, animations=0 ms
2026-07-14 19:24:06.930 DEBUG qt.scenegraph.time.renderer: time in renderer: total=0ms, preprocess=0, updates=0, rendering=0
2026-07-14 19:24:06.930 DEBUG qt.scenegraph.time.renderloop: [window 0x7f48b5903e40][render thread 0x7f48b57a2c20] syncAndRender: frame rendered in 0ms, sync=0, render=0, swap=0
2026-07-14 19:24:06.931 DEBUG qt.scenegraph.time.renderloop: [window 0x7f48b5903e40][gui thread] polishAndSync: start, elapsed since last call: 3 ms
2026-07-14 19:24:06.931 DEBUG qt.scenegraph.time.renderloop: [window 0x7f48b5903e40][render thread 0x7f48b57a2c20] syncAndRender: start, elapsed since last call: 0 ms
2026-07-14 19:24:06.931 DEBUG qt.scenegraph.time.renderloop: [window 0x7f48b5903e40][gui thread] Frame prepared, polish=0 ms, lock=0 ms, blockedForSync=0 ms, animations=0 ms
2026-07-14 19:24:06.931 DEBUG qt.scenegraph.time.renderer: time in renderer: total=0ms, preprocess=0, updates=0, rendering=0
2026-07-14 19:24:06.931 DEBUG qt.scenegraph.time.renderloop: [window 0x7f48b5903e40][render thread 0x7f48b57a2c20] syncAndRender: frame rendered in 0ms, sync=0, render=0, swap=0
2026-07-14 19:24:06.960 DEBUG qt.scenegraph.time.renderloop: [window 0x7f48b5903e40][gui thread] polishAndSync: start, elapsed since last call: 29 ms
2026-07-14 19:24:06.961 DEBUG qt.scenegraph.time.renderloop: [window 0x7f48b5903e40][render thread 0x7f48b57a2c20] syncAndRender: start, elapsed since last call: 30 ms
2026-07-14 19:24:06.961 DEBUG qt.scenegraph.time.renderloop: [window 0x7f48b5903e40][gui thread] Frame prepared, polish=0 ms, lock=0 ms, blockedForSync=0 ms, animations=0 ms
2026-07-14 19:24:06.961 DEBUG qt.scenegraph.time.renderer: time in renderer: total=0ms, preprocess=0, updates=0, rendering=0
2026-07-14 19:24:06.961 DEBUG qt.scenegraph.time.renderloop: [window 0x7f48b5903e40][render thread 0x7f48b57a2c20] syncAndRender: frame rendered in 0ms, sync=0, render=0, swap=0
2026-07-14 19:24:06.965 DEBUG qt.scenegraph.time.renderloop: [window 0x7f48b5903e40][gui thread] polishAndSync: start, elapsed since last call: 4 ms
2026-07-14 19:24:06.965 DEBUG qt.scenegraph.time.renderloop: [window 0x7f48b5903e40][render thread 0x7f48b57a2c20] syncAndRender: start, elapsed since last call: 4 ms
2026-07-14 19:24:06.965 DEBUG qt.scenegraph.time.renderloop: [window 0x7f48b5903e40][gui thread] Frame prepared, polish=0 ms, lock=0 ms, blockedForSync=0 ms, animations=0 ms
2026-07-14 19:24:06.965 DEBUG qt.scenegraph.time.renderer: time in renderer: total=0ms, preprocess=0, updates=0, rendering=0
2026-07-14 19:24:06.965 DEBUG qt.scenegraph.time.renderloop: [window 0x7f48b5903e40][render thread 0x7f48b57a2c20] syncAndRender: frame rendered in 0ms, sync=0, render=0, swap=0
2026-07-14 19:24:06.993 DEBUG qt.scenegraph.time.renderloop: [window 0x7f48b5903e40][gui thread] polishAndSync: start, elapsed since last call: 28 ms
2026-07-14 19:24:06.993 DEBUG qt.scenegraph.time.renderloop: [window 0x7f48b5903e40][render thread 0x7f48b57a2c20] syncAndRender: start, elapsed since last call: 28 ms
2026-07-14 19:24:06.993 DEBUG qt.scenegraph.time.renderloop: [window 0x7f48b5903e40][gui thread] Frame prepared, polish=0 ms, lock=0 ms, blockedForSync=0 ms, animations=0 ms
2026-07-14 19:24:06.993 DEBUG qt.scenegraph.time.renderer: time in renderer: total=0ms, preprocess=0, updates=0, rendering=0
2026-07-14 19:24:06.993 DEBUG qt.scenegraph.time.renderloop: [window 0x7f48b5903e40][render thread 0x7f48b57a2c20] syncAndRender: frame rendered in 0ms, sync=0, render=0, swap=0
2026-07-14 19:24:06.994 DEBUG qt.scenegraph.time.renderloop: [window 0x7f48b5903e40][gui thread] polishAndSync: start, elapsed since last call: 0 ms
2026-07-14 19:24:06.994 DEBUG qt.scenegraph.time.renderloop: [window 0x7f48b5903e40][render thread 0x7f48b57a2c20] syncAndRender: start, elapsed since last call: 0 ms
2026-07-14 19:24:06.994 DEBUG qt.scenegraph.time.renderloop: [window 0x7f48b5903e40][gui thread] Frame prepared, polish=0 ms, lock=0 ms, blockedForSync=0 ms, animations=0 ms
2026-07-14 19:24:06.994 DEBUG qt.scenegraph.time.renderer: time in renderer: total=0ms, preprocess=0, updates=0, rendering=0
2026-07-14 19:24:06.994 DEBUG qt.scenegraph.time.renderloop: [window 0x7f48b5903e40][render thread 0x7f48b57a2c20] syncAndRender: frame rendered in 0ms, sync=0, render=0, swap=0
2026-07-14 19:24:07.026 DEBUG qt.scenegraph.time.renderloop: [window 0x7f48b5903e40][gui thread] polishAndSync: start, elapsed since last call: 32 ms
2026-07-14 19:24:07.027 DEBUG qt.scenegraph.time.renderloop: [window 0x7f48b5903e40][render thread 0x7f48b57a2c20] syncAndRender: start, elapsed since last call: 32 ms
2026-07-14 19:24:07.027 DEBUG qt.scenegraph.time.renderloop: [window 0x7f48b5903e40][gui thread] Frame prepared, polish=0 ms, lock=0 ms, blockedForSync=0 ms, animations=0 ms
2026-07-14 19:24:07.027 DEBUG qt.scenegraph.time.renderer: time in renderer: total=0ms, preprocess=0, updates=0, rendering=0
2026-07-14 19:24:07.027 DEBUG qt.scenegraph.time.renderloop: [window 0x7f48b5903e40][render thread 0x7f48b57a2c20] syncAndRender: frame rendered in 0ms, sync=0, render=0, swap=0
2026-07-14 19:24:07.027 DEBUG qt.scenegraph.time.renderloop: [window 0x7f48b5903e40][gui thread] polishAndSync: start, elapsed since last call: 0 ms
2026-07-14 19:24:07.027 DEBUG qt.scenegraph.time.renderloop: [window 0x7f48b5903e40][render thread 0x7f48b57a2c20] syncAndRender: start, elapsed since last call: 0 ms
2026-07-14 19:24:07.027 DEBUG qt.scenegraph.time.renderloop: [window 0x7f48b5903e40][gui thread] Frame prepared, polish=0 ms, lock=0 ms, blockedForSync=0 ms, animations=0 ms
2026-07-14 19:24:07.027 DEBUG qt.scenegraph.time.renderer: time in renderer: total=0ms, preprocess=0, updates=0, rendering=0
2026-07-14 19:24:07.028 DEBUG qt.scenegraph.time.renderloop: [window 0x7f48b5903e40][render thread 0x7f48b57a2c20] syncAndRender: frame rendered in 0ms, sync=0, render=0, swap=0
2026-07-14 19:24:07.059 DEBUG qt.scenegraph.time.renderloop: [window 0x7f48b5903e40][gui thread] polishAndSync: start, elapsed since last call: 32 ms
2026-07-14 19:24:07.060 DEBUG qt.scenegraph.time.renderloop: [window 0x7f48b5903e40][render thread 0x7f48b57a2c20] syncAndRender: start, elapsed since last call: 32 ms
2026-07-14 19:24:07.060 DEBUG qt.scenegraph.time.renderloop: [window 0x7f48b5903e40][gui thread] Frame prepared, polish=0 ms, lock=0 ms, blockedForSync=0 ms, animations=0 ms
2026-07-14 19:24:07.060 DEBUG qt.scenegraph.time.renderer: time in renderer: total=0ms, preprocess=0, updates=0, rendering=0
2026-07-14 19:24:07.060 DEBUG qt.scenegraph.time.renderloop: [window 0x7f48b5903e40][render thread 0x7f48b57a2c20] syncAndRender: frame rendered in 0ms, sync=0, render=0, swap=0
2026-07-14 19:24:07.062 DEBUG qt.scenegraph.time.renderloop: [window 0x7f48b5903e40][gui thread] polishAndSync: start, elapsed since last call: 2 ms
2026-07-14 19:24:07.062 DEBUG qt.scenegraph.time.renderloop: [window 0x7f48b5903e40][render thread 0x7f48b57a2c20] syncAndRender: start, elapsed since last call: 2 ms
2026-07-14 19:24:07.062 DEBUG qt.scenegraph.time.renderloop: [window 0x7f48b5903e40][gui thread] Frame prepared, polish=0 ms, lock=0 ms, blockedForSync=0 ms, animations=0 ms
2026-07-14 19:24:07.062 DEBUG qt.scenegraph.time.renderer: time in renderer: total=0ms, preprocess=0, updates=0, rendering=0
2026-07-14 19:24:07.062 DEBUG qt.scenegraph.time.renderloop: [window 0x7f48b5903e40][render thread 0x7f48b57a2c20] syncAndRender: frame rendered in 0ms, sync=0, render=0, swap=0
2026-07-14 19:24:07.093 DEBUG qt.scenegraph.time.renderloop: [window 0x7f48b5903e40][gui thread] polishAndSync: start, elapsed since last call: 31 ms
2026-07-14 19:24:07.094 DEBUG qt.scenegraph.time.renderloop: [window 0x7f48b5903e40][render thread 0x7f48b57a2c20] syncAndRender: start, elapsed since last call: 31 ms
2026-07-14 19:24:07.094 DEBUG qt.scenegraph.time.renderloop: [window 0x7f48b5903e40][gui thread] Frame prepared, polish=0 ms, lock=0 ms, blockedForSync=0 ms, animations=0 ms
2026-07-14 19:24:07.094 DEBUG qt.scenegraph.time.renderer: time in renderer: total=0ms, preprocess=0, updates=0, rendering=0
2026-07-14 19:24:07.094 DEBUG qt.scenegraph.time.renderloop: [window 0x7f48b5903e40][render thread 0x7f48b57a2c20] syncAndRender: frame rendered in 0ms, sync=0, render=0, swap=0
2026-07-14 19:24:07.094 DEBUG qt.scenegraph.time.renderloop: [window 0x7f48b5903e40][gui thread] polishAndSync: start, elapsed since last call: 0 ms
2026-07-14 19:24:07.094 DEBUG qt.scenegraph.time.renderloop: [window 0x7f48b5903e40][render thread 0x7f48b57a2c20] syncAndRender: start, elapsed since last call: 0 ms
2026-07-14 19:24:07.094 DEBUG qt.scenegraph.time.renderloop: [window 0x7f48b5903e40][gui thread] Frame prepared, polish=0 ms, lock=0 ms, blockedForSync=0 ms, animations=0 ms
2026-07-14 19:24:07.094 DEBUG qt.scenegraph.time.renderer: time in renderer: total=0ms, preprocess=0, updates=0, rendering=0
2026-07-14 19:24:07.094 DEBUG qt.scenegraph.time.renderloop: [window 0x7f48b5903e40][render thread 0x7f48b57a2c20] syncAndRender: frame rendered in 0ms, sync=0, render=0, swap=0
2026-07-14 19:24:07.126 DEBUG qt.scenegraph.time.renderloop: [window 0x7f48b5903e40][gui thread] polishAndSync: start, elapsed since last call: 31 ms
2026-07-14 19:24:07.126 DEBUG qt.scenegraph.time.renderloop: [window 0x7f48b5903e40][render thread 0x7f48b57a2c20] syncAndRender: start, elapsed since last call: 31 ms
2026-07-14 19:24:07.126 DEBUG qt.scenegraph.time.renderloop: [window 0x7f48b5903e40][gui thread] Frame prepared, polish=0 ms, lock=0 ms, blockedForSync=0 ms, animations=0 ms
2026-07-14 19:24:07.126 DEBUG qt.scenegraph.time.renderer: time in renderer: total=0ms, preprocess=0, updates=0, rendering=0
2026-07-14 19:24:07.126 DEBUG qt.scenegraph.time.renderloop: [window 0x7f48b5903e40][render thread 0x7f48b57a2c20] syncAndRender: frame rendered in 0ms, sync=0, render=0, swap=0
2026-07-14 19:24:07.132 DEBUG qt.scenegraph.time.renderloop: [window 0x7f48b5903e40][gui thread] polishAndSync: start, elapsed since last call: 6 ms
2026-07-14 19:24:07.132 DEBUG qt.scenegraph.time.renderloop: [window 0x7f48b5903e40][render thread 0x7f48b57a2c20] syncAndRender: start, elapsed since last call: 5 ms
2026-07-14 19:24:07.132 DEBUG qt.scenegraph.time.renderloop: [window 0x7f48b5903e40][gui thread] Frame prepared, polish=0 ms, lock=0 ms, blockedForSync=0 ms, animations=0 ms
2026-07-14 19:24:07.132 DEBUG qt.scenegraph.time.renderer: time in renderer: total=0ms, preprocess=0, updates=0, rendering=0
2026-07-14 19:24:07.132 DEBUG qt.scenegraph.time.renderloop: [window 0x7f48b5903e40][render thread 0x7f48b57a2c20] syncAndRender: frame rendered in 0ms, sync=0, render=0, swap=0
2026-07-14 19:24:07.158 DEBUG qt.scenegraph.time.renderloop: [window 0x7f48b5903e40][gui thread] polishAndSync: start, elapsed since last call: 26 ms
2026-07-14 19:24:07.159 DEBUG qt.scenegraph.time.renderloop: [window 0x7f48b5903e40][render thread 0x7f48b57a2c20] syncAndRender: start, elapsed since last call: 27 ms
2026-07-14 19:24:07.159 DEBUG qt.scenegraph.time.renderloop: [window 0x7f48b5903e40][gui thread] Frame prepared, polish=0 ms, lock=0 ms, blockedForSync=0 ms, animations=0 ms
2026-07-14 19:24:07.159 DEBUG qt.scenegraph.time.renderer: time in renderer: total=0ms, preprocess=0, updates=0, rendering=0
2026-07-14 19:24:07.159 DEBUG qt.scenegraph.time.renderloop: [window 0x7f48b5903e40][render thread 0x7f48b57a2c20] syncAndRender: frame rendered in 0ms, sync=0, render=0, swap=0
2026-07-14 19:24:07.159 DEBUG qt.scenegraph.time.renderloop: [window 0x7f48b5903e40][gui thread] polishAndSync: start, elapsed since last call: 0 ms
2026-07-14 19:24:07.159 DEBUG qt.scenegraph.time.renderloop: [window 0x7f48b5903e40][render thread 0x7f48b57a2c20] syncAndRender: start, elapsed since last call: 0 ms
2026-07-14 19:24:07.159 DEBUG qt.scenegraph.time.renderloop: [window 0x7f48b5903e40][gui thread] Frame prepared, polish=0 ms, lock=0 ms, blockedForSync=0 ms, animations=0 ms
2026-07-14 19:24:07.159 DEBUG qt.scenegraph.time.renderer: time in renderer: total=0ms, preprocess=0, updates=0, rendering=0
2026-07-14 19:24:07.160 DEBUG qt.scenegraph.time.renderloop: [window 0x7f48b5903e40][render thread 0x7f48b57a2c20] syncAndRender: frame rendered in 0ms, sync=0, render=0, swap=0
2026-07-14 19:24:07.191 DEBUG qt.scenegraph.time.renderloop: [window 0x7f48b5903e40][gui thread] polishAndSync: start, elapsed since last call: 32 ms
2026-07-14 19:24:07.192 DEBUG qt.scenegraph.time.renderloop: [window 0x7f48b5903e40][render thread 0x7f48b57a2c20] syncAndRender: start, elapsed since last call: 32 ms
2026-07-14 19:24:07.192 DEBUG qt.scenegraph.time.renderloop: [window 0x7f48b5903e40][gui thread] Frame prepared, polish=0 ms, lock=0 ms, blockedForSync=0 ms, animations=0 ms
2026-07-14 19:24:07.192 DEBUG qt.scenegraph.time.renderer: time in renderer: total=0ms, preprocess=0, updates=0, rendering=0
2026-07-14 19:24:07.192 DEBUG qt.scenegraph.time.renderloop: [window 0x7f48b5903e40][render thread 0x7f48b57a2c20] syncAndRender: frame rendered in 0ms, sync=0, render=0, swap=0
2026-07-14 19:24:07.192 DEBUG qt.scenegraph.time.renderloop: [window 0x7f48b5903e40][gui thread] polishAndSync: start, elapsed since last call: 0 ms
2026-07-14 19:24:07.192 DEBUG qt.scenegraph.time.renderloop: [window 0x7f48b5903e40][render thread 0x7f48b57a2c20] syncAndRender: start, elapsed since last call: 0 ms
2026-07-14 19:24:07.192 DEBUG qt.scenegraph.time.renderloop: [window 0x7f48b5903e40][gui thread] Frame prepared, polish=0 ms, lock=0 ms, blockedForSync=0 ms, animations=0 ms
2026-07-14 19:24:07.192 DEBUG qt.scenegraph.time.renderer: time in renderer: total=0ms, preprocess=0, updates=0, rendering=0
2026-07-14 19:24:07.193 DEBUG qt.scenegraph.time.renderloop: [window 0x7f48b5903e40][render thread 0x7f48b57a2c20] syncAndRender: frame rendered in 0ms, sync=0, render=0, swap=0
2026-07-14 19:24:07.206 DEBUG qt.scenegraph.time.renderloop: [window 0x7f48b5903e40][gui thread] polishAndSync: start, elapsed since last call: 13 ms
2026-07-14 19:24:07.206 DEBUG qt.scenegraph.time.renderloop: [window 0x7f48b5903e40][render thread 0x7f48b57a2c20] syncAndRender: start, elapsed since last call: 13 ms
2026-07-14 19:24:07.206 DEBUG qt.scenegraph.time.renderloop: [window 0x7f48b5903e40][gui thread] Frame prepared, polish=0 ms, lock=0 ms, blockedForSync=0 ms, animations=0 ms
2026-07-14 19:24:07.206 DEBUG qt.scenegraph.time.renderloop: [window 0x7f48b5903e40][gui thread] polishAndSync: start, elapsed since last call: 0 ms
2026-07-14 19:24:07.206 DEBUG qt.scenegraph.time.texture: atlastexture upload enqueued in: -9223357551909ms (16x16)
2026-07-14 19:24:07.206 DEBUG qt.scenegraph.time.texture: atlastexture upload enqueued in: -9223357551909ms (36x14)
2026-07-14 19:24:07.206 DEBUG qt.scenegraph.time.renderer: time in renderer: total=0ms, preprocess=0, updates=0, rendering=0
2026-07-14 19:24:07.207 DEBUG qt.scenegraph.time.renderloop: [window 0x7f48b5903e40][render thread 0x7f48b57a2c20] syncAndRender: frame rendered in 0ms, sync=0, render=0, swap=0
2026-07-14 19:24:07.207 DEBUG qt.scenegraph.time.renderloop: [window 0x7f48b5903e40][render thread 0x7f48b57a2c20] syncAndRender: start, elapsed since last call: 0 ms
2026-07-14 19:24:07.207 DEBUG qt.scenegraph.time.renderloop: [window 0x7f48b5903e40][gui thread] Frame prepared, polish=0 ms, lock=0 ms, blockedForSync=0 ms, animations=0 ms
2026-07-14 19:24:07.207 DEBUG qt.scenegraph.time.renderer: time in renderer: total=0ms, preprocess=0, updates=0, rendering=0
2026-07-14 19:24:07.207 DEBUG qt.scenegraph.time.renderloop: [window 0x7f48b3b9a3d0][gui thread] polishAndSync: start, elapsed since last call: 1663 ms
2026-07-14 19:24:07.207 DEBUG qt.scenegraph.time.renderloop: [window 0x7f48b3b9a3d0][render thread 0x7f48d880cd60] syncAndRender: start, elapsed since last call: 1663 ms
2026-07-14 19:24:07.207 DEBUG qt.scenegraph.time.renderloop: [window 0x7f48b3b9a3d0][gui thread] Frame prepared, polish=0 ms, lock=0 ms, blockedForSync=0 ms, animations=0 ms
2026-07-14 19:24:07.207 DEBUG qt.scenegraph.time.renderer: time in renderer: total=0ms, preprocess=0, updates=0, rendering=0
2026-07-14 19:24:07.207 DEBUG qt.scenegraph.time.renderloop: [window 0x7f48b3b9a3d0][render thread 0x7f48d880cd60] syncAndRender: frame rendered in 0ms, sync=0, render=0, swap=0
2026-07-14 19:24:07.208 DEBUG qt.scenegraph.time.renderloop: [window 0x7f48b5903e40][render thread 0x7f48b57a2c20] syncAndRender: frame rendered in 1ms, sync=0, render=0, swap=1
2026-07-14 19:24:07.213 DEBUG qt.scenegraph.time.renderloop: [window 0x7f48b3b9a3d0][gui thread] polishAndSync: start, elapsed since last call: 6 ms
2026-07-14 19:24:07.213 DEBUG qt.scenegraph.time.renderloop: [window 0x7f48b3b9a3d0][render thread 0x7f48d880cd60] syncAndRender: start, elapsed since last call: 6 ms
2026-07-14 19:24:07.213 DEBUG qt.scenegraph.time.renderloop: [window 0x7f48b3b9a3d0][gui thread] Frame prepared, polish=0 ms, lock=0 ms, blockedForSync=0 ms, animations=0 ms
2026-07-14 19:24:07.214 DEBUG qt.scenegraph.time.renderer: time in renderer: total=0ms, preprocess=0, updates=0, rendering=0
2026-07-14 19:24:07.214 DEBUG qt.scenegraph.time.renderloop: [window 0x7f48b3b9a3d0][render thread 0x7f48d880cd60] syncAndRender: frame rendered in 0ms, sync=0, render=0, swap=0
2026-07-14 19:24:07.215 DEBUG qt.scenegraph.time.renderloop: [window 0x7f48b5903e40][gui thread] polishAndSync: start, elapsed since last call: 8 ms
2026-07-14 19:24:07.215 DEBUG qt.scenegraph.time.renderloop: [window 0x7f48b5903e40][render thread 0x7f48b57a2c20] syncAndRender: start, elapsed since last call: 8 ms
2026-07-14 19:24:07.215 DEBUG qt.scenegraph.time.renderloop: [window 0x7f48b5903e40][gui thread] Frame prepared, polish=0 ms, lock=0 ms, blockedForSync=0 ms, animations=0 ms
2026-07-14 19:24:07.215 DEBUG qt.scenegraph.time.texture: atlastexture upload enqueued in: -9223357551900ms (36x14)
2026-07-14 19:24:07.215 DEBUG qt.scenegraph.time.renderer: time in renderer: total=0ms, preprocess=0, updates=0, rendering=0
2026-07-14 19:24:07.216 DEBUG qt.scenegraph.time.renderloop: [window 0x7f48b5903e40][render thread 0x7f48b57a2c20] syncAndRender: frame rendered in 0ms, sync=0, render=0, swap=0
2026-07-14 19:24:07.218 DEBUG qt.scenegraph.time.renderloop: [window 0x7f48b3b9a3d0][gui thread] polishAndSync: start, elapsed since last call: 4 ms
2026-07-14 19:24:07.218 DEBUG qt.scenegraph.time.renderloop: [window 0x7f48b3b9a3d0][render thread 0x7f48d880cd60] syncAndRender: start, elapsed since last call: 4 ms
2026-07-14 19:24:07.218 DEBUG qt.scenegraph.time.renderloop: [window 0x7f48b3b9a3d0][gui thread] Frame prepared, polish=0 ms, lock=0 ms, blockedForSync=0 ms, animations=0 ms
2026-07-14 19:24:07.218 DEBUG qt.scenegraph.time.renderer: time in renderer: total=0ms, preprocess=0, updates=0, rendering=0
2026-07-14 19:24:07.218 DEBUG qt.scenegraph.time.renderloop: [window 0x7f48b3b9a3d0][render thread 0x7f48d880cd60] syncAndRender: frame rendered in 0ms, sync=0, render=0, swap=0
2026-07-14 19:24:07.222 DEBUG qt.scenegraph.time.renderloop: [window 0x7f48b5903e40][gui thread] polishAndSync: start, elapsed since last call: 7 ms
2026-07-14 19:24:07.222 DEBUG qt.scenegraph.time.renderloop: [window 0x7f48b5903e40][render thread 0x7f48b57a2c20] syncAndRender: start, elapsed since last call: 7 ms
2026-07-14 19:24:07.222 DEBUG qt.scenegraph.time.renderloop: [window 0x7f48b5903e40][gui thread] Frame prepared, polish=0 ms, lock=0 ms, blockedForSync=0 ms, animations=0 ms
2026-07-14 19:24:07.222 DEBUG qt.scenegraph.time.renderloop: [window 0x7f48b3b9a3d0][gui thread] polishAndSync: start, elapsed since last call: 4 ms
2026-07-14 19:24:07.222 DEBUG qt.scenegraph.time.renderloop: [window 0x7f48b3b9a3d0][render thread 0x7f48d880cd60] syncAndRender: start, elapsed since last call: 4 ms
2026-07-14 19:24:07.222 DEBUG qt.scenegraph.time.texture: atlastexture upload enqueued in: -9223357551893ms (36x14)
2026-07-14 19:24:07.222 DEBUG qt.scenegraph.time.renderloop: [window 0x7f48b3b9a3d0][gui thread] Frame prepared, polish=0 ms, lock=0 ms, blockedForSync=0 ms, animations=0 ms
2026-07-14 19:24:07.222 DEBUG qt.scenegraph.time.renderer: time in renderer: total=0ms, preprocess=0, updates=0, rendering=0
2026-07-14 19:24:07.223 DEBUG qt.scenegraph.time.renderer: time in renderer: total=0ms, preprocess=0, updates=0, rendering=0
2026-07-14 19:24:07.223 DEBUG qt.scenegraph.time.renderloop: [window 0x7f48b5903e40][render thread 0x7f48b57a2c20] syncAndRender: frame rendered in 0ms, sync=0, render=0, swap=0
2026-07-14 19:24:07.223 DEBUG qt.scenegraph.time.renderloop: [window 0x7f48b3b9a3d0][render thread 0x7f48d880cd60] syncAndRender: frame rendered in 0ms, sync=0, render=0, swap=0
2026-07-14 19:24:07.229 DEBUG qt.scenegraph.time.renderloop: [window 0x7f48b5903e40][gui thread] polishAndSync: start, elapsed since last call: 6 ms
2026-07-14 19:24:07.229 DEBUG qt.scenegraph.time.renderloop: [window 0x7f48b5903e40][render thread 0x7f48b57a2c20] syncAndRender: start, elapsed since last call: 7 ms
2026-07-14 19:24:07.229 DEBUG qt.scenegraph.time.renderloop: [window 0x7f48b5903e40][gui thread] Frame prepared, polish=0 ms, lock=0 ms, blockedForSync=0 ms, animations=0 ms
2026-07-14 19:24:07.229 DEBUG qt.scenegraph.time.renderer: time in renderer: total=0ms, preprocess=0, updates=0, rendering=0
2026-07-14 19:24:07.230 DEBUG qt.scenegraph.time.renderloop: [window 0x7f48b5903e40][render thread 0x7f48b57a2c20] syncAndRender: frame rendered in 0ms, sync=0, render=0, swap=0
2026-07-14 19:24:07.236 DEBUG qt.scenegraph.time.renderloop: [window 0x7f48b5903e40][gui thread] polishAndSync: start, elapsed since last call: 6 ms
2026-07-14 19:24:07.236 DEBUG qt.scenegraph.time.renderloop: [window 0x7f48b5903e40][render thread 0x7f48b57a2c20] syncAndRender: start, elapsed since last call: 6 ms
2026-07-14 19:24:07.236 DEBUG qt.scenegraph.time.renderloop: [window 0x7f48b5903e40][gui thread] Frame prepared, polish=0 ms, lock=0 ms, blockedForSync=0 ms, animations=0 ms
2026-07-14 19:24:07.236 DEBUG qt.scenegraph.time.renderer: time in renderer: total=0ms, preprocess=0, updates=0, rendering=0
2026-07-14 19:24:07.236 DEBUG qt.scenegraph.time.renderloop: [window 0x7f48b5903e40][render thread 0x7f48b57a2c20] syncAndRender: frame rendered in 0ms, sync=0, render=0, swap=0
2026-07-14 19:24:07.254 DEBUG qt.scenegraph.time.renderloop: [window 0x7f48b5903e40][gui thread] polishAndSync: start, elapsed since last call: 18 ms
2026-07-14 19:24:07.255 DEBUG qt.scenegraph.time.renderloop: [window 0x7f48b5903e40][render thread 0x7f48b57a2c20] syncAndRender: start, elapsed since last call: 18 ms
2026-07-14 19:24:07.255 DEBUG qt.scenegraph.time.renderloop: [window 0x7f48b5903e40][gui thread] Frame prepared, polish=0 ms, lock=0 ms, blockedForSync=0 ms, animations=0 ms
2026-07-14 19:24:07.255 DEBUG qt.scenegraph.time.renderer: time in renderer: total=0ms, preprocess=0, updates=0, rendering=0
2026-07-14 19:24:07.255 DEBUG qt.scenegraph.time.renderloop: [window 0x7f48b5903e40][render thread 0x7f48b57a2c20] syncAndRender: frame rendered in 0ms, sync=0, render=0, swap=0
2026-07-14 19:24:07.257 DEBUG qt.scenegraph.time.renderloop: [window 0x7f48b5903e40][gui thread] polishAndSync: start, elapsed since last call: 2 ms
2026-07-14 19:24:07.257 DEBUG qt.scenegraph.time.renderloop: [window 0x7f48b5903e40][render thread 0x7f48b57a2c20] syncAndRender: start, elapsed since last call: 1 ms
2026-07-14 19:24:07.257 DEBUG qt.scenegraph.time.renderloop: [window 0x7f48b5903e40][gui thread] Frame prepared, polish=0 ms, lock=0 ms, blockedForSync=0 ms, animations=0 ms
2026-07-14 19:24:07.257 DEBUG qt.scenegraph.time.renderer: time in renderer: total=0ms, preprocess=0, updates=0, rendering=0
2026-07-14 19:24:07.257 DEBUG qt.scenegraph.time.renderloop: [window 0x7f48b5903e40][render thread 0x7f48b57a2c20] syncAndRender: frame rendered in 0ms, sync=0, render=0, swap=0
2026-07-14 19:24:07.284 DEBUG qt.scenegraph.time.renderloop: [window 0x7f48b5903e40][gui thread] polishAndSync: start, elapsed since last call: 27 ms
2026-07-14 19:24:07.285 DEBUG qt.scenegraph.time.renderloop: [window 0x7f48b5903e40][render thread 0x7f48b57a2c20] syncAndRender: start, elapsed since last call: 28 ms
2026-07-14 19:24:07.285 DEBUG qt.scenegraph.time.renderloop: [window 0x7f48b5903e40][gui thread] Frame prepared, polish=0 ms, lock=0 ms, blockedForSync=0 ms, animations=0 ms
2026-07-14 19:24:07.285 DEBUG qt.scenegraph.time.renderer: time in renderer: total=0ms, preprocess=0, updates=0, rendering=0
2026-07-14 19:24:07.285 DEBUG qt.scenegraph.time.renderloop: [window 0x7f48b5903e40][render thread 0x7f48b57a2c20] syncAndRender: frame rendered in 0ms, sync=0, render=0, swap=0
2026-07-14 19:24:07.291 DEBUG qt.scenegraph.time.renderloop: [window 0x7f48b5903e40][gui thread] polishAndSync: start, elapsed since last call: 6 ms
2026-07-14 19:24:07.291 DEBUG qt.scenegraph.time.renderloop: [window 0x7f48b5903e40][render thread 0x7f48b57a2c20] syncAndRender: start, elapsed since last call: 6 ms
2026-07-14 19:24:07.291 DEBUG qt.scenegraph.time.renderloop: [window 0x7f48b5903e40][gui thread] Frame prepared, polish=0 ms, lock=0 ms, blockedForSync=0 ms, animations=0 ms
2026-07-14 19:24:07.291 DEBUG qt.scenegraph.time.renderer: time in renderer: total=0ms, preprocess=0, updates=0, rendering=0
2026-07-14 19:24:07.292 DEBUG qt.scenegraph.time.renderloop: [window 0x7f48b5903e40][render thread 0x7f48b57a2c20] syncAndRender: frame rendered in 0ms, sync=0, render=0, swap=0
2026-07-14 19:24:07.309 DEBUG qt.scenegraph.time.renderloop: [window 0x7f48b5903e40][gui thread] polishAndSync: start, elapsed since last call: 17 ms
2026-07-14 19:24:07.309 DEBUG qt.scenegraph.time.renderloop: [window 0x7f48b5903e40][render thread 0x7f48b57a2c20] syncAndRender: start, elapsed since last call: 17 ms
2026-07-14 19:24:07.309 DEBUG qt.scenegraph.time.renderloop: [window 0x7f48b5903e40][gui thread] Frame prepared, polish=0 ms, lock=0 ms, blockedForSync=0 ms, animations=0 ms
2026-07-14 19:24:07.309 DEBUG qt.scenegraph.time.renderer: time in renderer: total=0ms, preprocess=0, updates=0, rendering=0
2026-07-14 19:24:07.309 DEBUG qt.scenegraph.time.renderloop: [window 0x7f48b5903e40][render thread 0x7f48b57a2c20] syncAndRender: frame rendered in 0ms, sync=0, render=0, swap=0
2026-07-14 19:24:07.309 DEBUG qt.scenegraph.time.renderloop: [window 0x7f48b5903e40][gui thread] polishAndSync: start, elapsed since last call: 0 ms
2026-07-14 19:24:07.309 DEBUG qt.scenegraph.time.renderloop: [window 0x7f48b5903e40][render thread 0x7f48b57a2c20] syncAndRender: start, elapsed since last call: 0 ms
2026-07-14 19:24:07.309 DEBUG qt.scenegraph.time.renderloop: [window 0x7f48b5903e40][gui thread] Frame prepared, polish=0 ms, lock=0 ms, blockedForSync=0 ms, animations=0 ms
2026-07-14 19:24:07.309 DEBUG qt.scenegraph.time.renderer: time in renderer: total=0ms, preprocess=0, updates=0, rendering=0
2026-07-14 19:24:07.310 DEBUG qt.scenegraph.time.renderloop: [window 0x7f48b5903e40][render thread 0x7f48b57a2c20] syncAndRender: frame rendered in 0ms, sync=0, render=0, swap=0
2026-07-14 19:24:07.339 DEBUG qt.scenegraph.time.renderloop: [window 0x7f48b5903e40][gui thread] polishAndSync: start, elapsed since last call: 29 ms
2026-07-14 19:24:07.339 DEBUG qt.scenegraph.time.renderloop: [window 0x7f48b5903e40][render thread 0x7f48b57a2c20] syncAndRender: start, elapsed since last call: 29 ms
2026-07-14 19:24:07.339 DEBUG qt.scenegraph.time.renderloop: [window 0x7f48b5903e40][gui thread] Frame prepared, polish=0 ms, lock=0 ms, blockedForSync=0 ms, animations=0 ms
2026-07-14 19:24:07.339 DEBUG qt.scenegraph.time.renderer: time in renderer: total=0ms, preprocess=0, updates=0, rendering=0
2026-07-14 19:24:07.339 DEBUG qt.scenegraph.time.renderloop: [window 0x7f48b5903e40][render thread 0x7f48b57a2c20] syncAndRender: frame rendered in 0ms, sync=0, render=0, swap=0
2026-07-14 19:24:07.347 DEBUG qt.scenegraph.time.renderloop: [window 0x7f48b5903e40][gui thread] polishAndSync: start, elapsed since last call: 8 ms
2026-07-14 19:24:07.347 DEBUG qt.scenegraph.time.renderloop: [window 0x7f48b5903e40][render thread 0x7f48b57a2c20] syncAndRender: start, elapsed since last call: 8 ms
2026-07-14 19:24:07.347 DEBUG qt.scenegraph.time.renderloop: [window 0x7f48b5903e40][gui thread] Frame prepared, polish=0 ms, lock=0 ms, blockedForSync=0 ms, animations=0 ms
2026-07-14 19:24:07.347 DEBUG qt.scenegraph.time.renderer: time in renderer: total=0ms, preprocess=0, updates=0, rendering=0
2026-07-14 19:24:07.347 DEBUG qt.scenegraph.time.renderloop: [window 0x7f48b5903e40][render thread 0x7f48b57a2c20] syncAndRender: frame rendered in 0ms, sync=0, render=0, swap=0
2026-07-14 19:24:07.368 DEBUG qt.scenegraph.time.renderloop: [window 0x7f48b5903e40][gui thread] polishAndSync: start, elapsed since last call: 21 ms
2026-07-14 19:24:07.369 DEBUG qt.scenegraph.time.renderloop: [window 0x7f48b5903e40][render thread 0x7f48b57a2c20] syncAndRender: start, elapsed since last call: 21 ms
2026-07-14 19:24:07.369 DEBUG qt.scenegraph.time.renderloop: [window 0x7f48b5903e40][gui thread] Frame prepared, polish=0 ms, lock=0 ms, blockedForSync=0 ms, animations=0 ms
2026-07-14 19:24:07.369 DEBUG qt.scenegraph.time.renderer: time in renderer: total=0ms, preprocess=0, updates=0, rendering=0
2026-07-14 19:24:07.369 DEBUG qt.scenegraph.time.renderloop: [window 0x7f48b5903e40][render thread 0x7f48b57a2c20] syncAndRender: frame rendered in 0ms, sync=0, render=0, swap=0
2026-07-14 19:24:07.375 DEBUG qt.scenegraph.time.renderloop: [window 0x7f48b5903e40][gui thread] polishAndSync: start, elapsed since last call: 6 ms
2026-07-14 19:24:07.375 DEBUG qt.scenegraph.time.renderloop: [window 0x7f48b5903e40][render thread 0x7f48b57a2c20] syncAndRender: start, elapsed since last call: 6 ms
2026-07-14 19:24:07.375 DEBUG qt.scenegraph.time.renderloop: [window 0x7f48b5903e40][gui thread] Frame prepared, polish=0 ms, lock=0 ms, blockedForSync=0 ms, animations=0 ms
2026-07-14 19:24:07.375 DEBUG qt.scenegraph.time.renderer: time in renderer: total=0ms, preprocess=0, updates=0, rendering=0
2026-07-14 19:24:07.375 DEBUG qt.scenegraph.time.renderloop: [window 0x7f48b5903e40][render thread 0x7f48b57a2c20] syncAndRender: frame rendered in 0ms, sync=0, render=0, swap=0
2026-07-14 19:24:07.398 DEBUG qt.scenegraph.time.renderloop: [window 0x7f48b5903e40][gui thread] polishAndSync: start, elapsed since last call: 23 ms
2026-07-14 19:24:07.399 DEBUG qt.scenegraph.time.renderloop: [window 0x7f48b5903e40][render thread 0x7f48b57a2c20] syncAndRender: start, elapsed since last call: 23 ms
2026-07-14 19:24:07.399 DEBUG qt.scenegraph.time.renderloop: [window 0x7f48b5903e40][gui thread] Frame prepared, polish=0 ms, lock=0 ms, blockedForSync=0 ms, animations=0 ms
2026-07-14 19:24:07.399 DEBUG qt.scenegraph.time.renderer: time in renderer: total=0ms, preprocess=0, updates=0, rendering=0
2026-07-14 19:24:07.399 DEBUG qt.scenegraph.time.renderloop: [window 0x7f48b5903e40][render thread 0x7f48b57a2c20] syncAndRender: frame rendered in 0ms, sync=0, render=0, swap=0
2026-07-14 19:24:07.399 DEBUG qt.scenegraph.time.renderloop: [window 0x7f48b5903e40][gui thread] polishAndSync: start, elapsed since last call: 0 ms
2026-07-14 19:24:07.399 DEBUG qt.scenegraph.time.renderloop: [window 0x7f48b5903e40][render thread 0x7f48b57a2c20] syncAndRender: start, elapsed since last call: 0 ms
2026-07-14 19:24:07.399 DEBUG qt.scenegraph.time.renderloop: [window 0x7f48b5903e40][gui thread] Frame prepared, polish=0 ms, lock=0 ms, blockedForSync=0 ms, animations=0 ms
2026-07-14 19:24:07.399 DEBUG qt.scenegraph.time.renderer: time in renderer: total=0ms, preprocess=0, updates=0, rendering=0
2026-07-14 19:24:07.400 DEBUG qt.scenegraph.time.renderloop: [window 0x7f48b5903e40][render thread 0x7f48b57a2c20] syncAndRender: frame rendered in 0ms, sync=0, render=0, swap=0
2026-07-14 19:24:07.423 DEBUG qt.scenegraph.time.renderloop: [window 0x7f48b5903e40][gui thread] polishAndSync: start, elapsed since last call: 23 ms
2026-07-14 19:24:07.423 DEBUG qt.scenegraph.time.renderloop: [window 0x7f48b5903e40][render thread 0x7f48b57a2c20] syncAndRender: start, elapsed since last call: 23 ms
2026-07-14 19:24:07.423 DEBUG qt.scenegraph.time.renderloop: [window 0x7f48b5903e40][gui thread] Frame prepared, polish=0 ms, lock=0 ms, blockedForSync=0 ms, animations=0 ms
2026-07-14 19:24:07.423 DEBUG qt.scenegraph.time.renderer: time in renderer: total=0ms, preprocess=0, updates=0, rendering=0
2026-07-14 19:24:07.423 DEBUG qt.scenegraph.time.renderloop: [window 0x7f48b5903e40][render thread 0x7f48b57a2c20] syncAndRender: frame rendered in 0ms, sync=0, render=0, swap=0
2026-07-14 19:24:07.424 DEBUG qt.scenegraph.time.renderloop: [window 0x7f48b5903e40][gui thread] polishAndSync: start, elapsed since last call: 0 ms
2026-07-14 19:24:07.424 DEBUG qt.scenegraph.time.renderloop: [window 0x7f48b5903e40][render thread 0x7f48b57a2c20] syncAndRender: start, elapsed since last call: 0 ms
2026-07-14 19:24:07.424 DEBUG qt.scenegraph.time.renderloop: [window 0x7f48b5903e40][gui thread] Frame prepared, polish=0 ms, lock=0 ms, blockedForSync=0 ms, animations=0 ms
2026-07-14 19:24:07.424 DEBUG qt.scenegraph.time.renderer: time in renderer: total=0ms, preprocess=0, updates=0, rendering=0
2026-07-14 19:24:07.424 DEBUG qt.scenegraph.time.renderloop: [window 0x7f48b5903e40][render thread 0x7f48b57a2c20] syncAndRender: frame rendered in 0ms, sync=0, render=0, swap=0
2026-07-14 19:24:07.453 DEBUG qt.scenegraph.time.renderloop: [window 0x7f48b5903e40][gui thread] polishAndSync: start, elapsed since last call: 29 ms
2026-07-14 19:24:07.453 DEBUG qt.scenegraph.time.renderloop: [window 0x7f48b5903e40][render thread 0x7f48b57a2c20] syncAndRender: start, elapsed since last call: 29 ms
2026-07-14 19:24:07.453 DEBUG qt.scenegraph.time.renderloop: [window 0x7f48b5903e40][gui thread] Frame prepared, polish=0 ms, lock=0 ms, blockedForSync=0 ms, animations=0 ms
2026-07-14 19:24:07.453 DEBUG qt.scenegraph.time.renderer: time in renderer: total=0ms, preprocess=0, updates=0, rendering=0
2026-07-14 19:24:07.453 DEBUG qt.scenegraph.time.renderloop: [window 0x7f48b5903e40][render thread 0x7f48b57a2c20] syncAndRender: frame rendered in 0ms, sync=0, render=0, swap=0
2026-07-14 19:24:07.458 DEBUG qt.scenegraph.time.renderloop: [window 0x7f48b5903e40][gui thread] polishAndSync: start, elapsed since last call: 5 ms
2026-07-14 19:24:07.458 DEBUG qt.scenegraph.time.renderloop: [window 0x7f48b5903e40][render thread 0x7f48b57a2c20] syncAndRender: start, elapsed since last call: 5 ms
2026-07-14 19:24:07.458 DEBUG qt.scenegraph.time.renderloop: [window 0x7f48b5903e40][gui thread] Frame prepared, polish=0 ms, lock=0 ms, blockedForSync=0 ms, animations=0 ms
2026-07-14 19:24:07.458 DEBUG qt.scenegraph.time.renderer: time in renderer: total=0ms, preprocess=0, updates=0, rendering=0
2026-07-14 19:24:07.458 DEBUG qt.scenegraph.time.renderloop: [window 0x7f48b5903e40][render thread 0x7f48b57a2c20] syncAndRender: frame rendered in 0ms, sync=0, render=0, swap=0
2026-07-14 19:24:07.491 DEBUG qt.scenegraph.time.renderloop: [window 0x7f48b5903e40][gui thread] polishAndSync: start, elapsed since last call: 33 ms
2026-07-14 19:24:07.492 DEBUG qt.scenegraph.time.renderloop: [window 0x7f48b5903e40][render thread 0x7f48b57a2c20] syncAndRender: start, elapsed since last call: 33 ms
2026-07-14 19:24:07.492 DEBUG qt.scenegraph.time.renderloop: [window 0x7f48b5903e40][gui thread] Frame prepared, polish=0 ms, lock=0 ms, blockedForSync=0 ms, animations=0 ms
2026-07-14 19:24:07.492 DEBUG qt.scenegraph.time.renderer: time in renderer: total=0ms, preprocess=0, updates=0, rendering=0
2026-07-14 19:24:07.492 DEBUG qt.scenegraph.time.renderloop: [window 0x7f48b5903e40][render thread 0x7f48b57a2c20] syncAndRender: frame rendered in 0ms, sync=0, render=0, swap=0
2026-07-14 19:24:07.492 DEBUG qt.scenegraph.time.renderloop: [window 0x7f48b5903e40][gui thread] polishAndSync: start, elapsed since last call: 1 ms
2026-07-14 19:24:07.492 DEBUG qt.scenegraph.time.renderloop: [window 0x7f48b5903e40][render thread 0x7f48b57a2c20] syncAndRender: start, elapsed since last call: 0 ms
2026-07-14 19:24:07.492 DEBUG qt.scenegraph.time.renderloop: [window 0x7f48b5903e40][gui thread] Frame prepared, polish=0 ms, lock=0 ms, blockedForSync=0 ms, animations=0 ms
2026-07-14 19:24:07.492 DEBUG qt.scenegraph.time.renderer: time in renderer: total=0ms, preprocess=0, updates=0, rendering=0
2026-07-14 19:24:07.493 DEBUG qt.scenegraph.time.renderloop: [window 0x7f48b5903e40][render thread 0x7f48b57a2c20] syncAndRender: frame rendered in 0ms, sync=0, render=0, swap=0
2026-07-14 19:24:07.525 DEBUG qt.scenegraph.time.renderloop: [window 0x7f48b5903e40][gui thread] polishAndSync: start, elapsed since last call: 32 ms
2026-07-14 19:24:07.525 DEBUG qt.scenegraph.time.renderloop: [window 0x7f48b5903e40][render thread 0x7f48b57a2c20] syncAndRender: start, elapsed since last call: 32 ms
2026-07-14 19:24:07.525 DEBUG qt.scenegraph.time.renderloop: [window 0x7f48b5903e40][gui thread] Frame prepared, polish=0 ms, lock=0 ms, blockedForSync=0 ms, animations=0 ms
2026-07-14 19:24:07.525 DEBUG qt.scenegraph.time.renderer: time in renderer: total=0ms, preprocess=0, updates=0, rendering=0
2026-07-14 19:24:07.526 DEBUG qt.scenegraph.time.renderloop: [window 0x7f48b5903e40][render thread 0x7f48b57a2c20] syncAndRender: frame rendered in 0ms, sync=0, render=0, swap=0
2026-07-14 19:24:07.526 DEBUG qt.scenegraph.time.renderloop: [window 0x7f48b5903e40][gui thread] polishAndSync: start, elapsed since last call: 1 ms
2026-07-14 19:24:07.526 DEBUG qt.scenegraph.time.renderloop: [window 0x7f48b5903e40][render thread 0x7f48b57a2c20] syncAndRender: start, elapsed since last call: 0 ms
2026-07-14 19:24:07.526 DEBUG qt.scenegraph.time.renderloop: [window 0x7f48b5903e40][gui thread] Frame prepared, polish=0 ms, lock=0 ms, blockedForSync=0 ms, animations=0 ms
2026-07-14 19:24:07.526 DEBUG qt.scenegraph.time.renderer: time in renderer: total=0ms, preprocess=0, updates=0, rendering=0
2026-07-14 19:24:07.526 DEBUG qt.scenegraph.time.renderloop: [window 0x7f48b5903e40][render thread 0x7f48b57a2c20] syncAndRender: frame rendered in 0ms, sync=0, render=0, swap=0
2026-07-14 19:24:07.558 DEBUG qt.scenegraph.time.renderloop: [window 0x7f48b5903e40][gui thread] polishAndSync: start, elapsed since last call: 31 ms
2026-07-14 19:24:07.558 DEBUG qt.scenegraph.time.renderloop: [window 0x7f48b5903e40][render thread 0x7f48b57a2c20] syncAndRender: start, elapsed since last call: 32 ms
2026-07-14 19:24:07.558 DEBUG qt.scenegraph.time.renderloop: [window 0x7f48b5903e40][gui thread] Frame prepared, polish=0 ms, lock=0 ms, blockedForSync=0 ms, animations=0 ms
2026-07-14 19:24:07.558 DEBUG qt.scenegraph.time.renderer: time in renderer: total=0ms, preprocess=0, updates=0, rendering=0
2026-07-14 19:24:07.558 DEBUG qt.scenegraph.time.renderloop: [window 0x7f48b5903e40][render thread 0x7f48b57a2c20] syncAndRender: frame rendered in 0ms, sync=0, render=0, swap=0
2026-07-14 19:24:07.559 DEBUG qt.scenegraph.time.renderloop: [window 0x7f48b5903e40][gui thread] polishAndSync: start, elapsed since last call: 0 ms
2026-07-14 19:24:07.559 DEBUG qt.scenegraph.time.renderloop: [window 0x7f48b5903e40][render thread 0x7f48b57a2c20] syncAndRender: start, elapsed since last call: 0 ms
2026-07-14 19:24:07.559 DEBUG qt.scenegraph.time.renderloop: [window 0x7f48b5903e40][gui thread] Frame prepared, polish=0 ms, lock=0 ms, blockedForSync=0 ms, animations=0 ms
2026-07-14 19:24:07.559 DEBUG qt.scenegraph.time.renderer: time in renderer: total=0ms, preprocess=0, updates=0, rendering=0
2026-07-14 19:24:07.559 DEBUG qt.scenegraph.time.renderloop: [window 0x7f48b5903e40][render thread 0x7f48b57a2c20] syncAndRender: frame rendered in 0ms, sync=0, render=0, swap=0
2026-07-14 19:24:07.591 DEBUG qt.scenegraph.time.renderloop: [window 0x7f48b5903e40][gui thread] polishAndSync: start, elapsed since last call: 31 ms
2026-07-14 19:24:07.591 DEBUG qt.scenegraph.time.renderloop: [window 0x7f48b5903e40][render thread 0x7f48b57a2c20] syncAndRender: start, elapsed since last call: 32 ms
2026-07-14 19:24:07.591 DEBUG qt.scenegraph.time.renderloop: [window 0x7f48b5903e40][gui thread] Frame prepared, polish=0 ms, lock=0 ms, blockedForSync=0 ms, animations=0 ms
2026-07-14 19:24:07.591 DEBUG qt.scenegraph.time.renderer: time in renderer: total=0ms, preprocess=0, updates=0, rendering=0
2026-07-14 19:24:07.591 DEBUG qt.scenegraph.time.renderloop: [window 0x7f48b5903e40][render thread 0x7f48b57a2c20] syncAndRender: frame rendered in 0ms, sync=0, render=0, swap=0
2026-07-14 19:24:07.592 DEBUG qt.scenegraph.time.renderloop: [window 0x7f48b5903e40][gui thread] polishAndSync: start, elapsed since last call: 1 ms
2026-07-14 19:24:07.592 DEBUG qt.scenegraph.time.renderloop: [window 0x7f48b5903e40][render thread 0x7f48b57a2c20] syncAndRender: start, elapsed since last call: 0 ms
2026-07-14 19:24:07.592 DEBUG qt.scenegraph.time.renderloop: [window 0x7f48b5903e40][gui thread] Frame prepared, polish=0 ms, lock=0 ms, blockedForSync=0 ms, animations=0 ms
2026-07-14 19:24:07.592 DEBUG qt.scenegraph.time.renderer: time in renderer: total=0ms, preprocess=0, updates=0, rendering=0
2026-07-14 19:24:07.592 DEBUG qt.scenegraph.time.renderloop: [window 0x7f48b5903e40][render thread 0x7f48b57a2c20] syncAndRender: frame rendered in 0ms, sync=0, render=0, swap=0
2026-07-14 19:24:07.623 DEBUG qt.scenegraph.time.renderloop: [window 0x7f48b5903e40][gui thread] polishAndSync: start, elapsed since last call: 31 ms
2026-07-14 19:24:07.624 DEBUG qt.scenegraph.time.renderloop: [window 0x7f48b5903e40][render thread 0x7f48b57a2c20] syncAndRender: start, elapsed since last call: 31 ms
2026-07-14 19:24:07.624 DEBUG qt.scenegraph.time.renderloop: [window 0x7f48b5903e40][gui thread] Frame prepared, polish=0 ms, lock=0 ms, blockedForSync=0 ms, animations=0 ms
2026-07-14 19:24:07.624 DEBUG qt.scenegraph.time.renderer: time in renderer: total=0ms, preprocess=0, updates=0, rendering=0
2026-07-14 19:24:07.624 DEBUG qt.scenegraph.time.renderloop: [window 0x7f48b5903e40][render thread 0x7f48b57a2c20] syncAndRender: frame rendered in 0ms, sync=0, render=0, swap=0
2026-07-14 19:24:07.625 DEBUG qt.scenegraph.time.renderloop: [window 0x7f48b5903e40][gui thread] polishAndSync: start, elapsed since last call: 1 ms
2026-07-14 19:24:07.625 DEBUG qt.scenegraph.time.renderloop: [window 0x7f48b5903e40][render thread 0x7f48b57a2c20] syncAndRender: start, elapsed since last call: 1 ms
2026-07-14 19:24:07.625 DEBUG qt.scenegraph.time.renderloop: [window 0x7f48b5903e40][gui thread] Frame prepared, polish=0 ms, lock=0 ms, blockedForSync=0 ms, animations=0 ms
2026-07-14 19:24:07.625 DEBUG qt.scenegraph.time.renderer: time in renderer: total=0ms, preprocess=0, updates=0, rendering=0
2026-07-14 19:24:07.625 DEBUG qt.scenegraph.time.renderloop: [window 0x7f48b5903e40][render thread 0x7f48b57a2c20] syncAndRender: frame rendered in 0ms, sync=0, render=0, swap=0
2026-07-14 19:24:07.657 DEBUG qt.scenegraph.time.renderloop: [window 0x7f48b5903e40][gui thread] polishAndSync: start, elapsed since last call: 32 ms
2026-07-14 19:24:07.658 DEBUG qt.scenegraph.time.renderloop: [window 0x7f48b5903e40][render thread 0x7f48b57a2c20] syncAndRender: start, elapsed since last call: 32 ms
2026-07-14 19:24:07.658 DEBUG qt.scenegraph.time.renderloop: [window 0x7f48b5903e40][gui thread] Frame prepared, polish=0 ms, lock=0 ms, blockedForSync=0 ms, animations=0 ms
2026-07-14 19:24:07.658 DEBUG qt.scenegraph.time.renderer: time in renderer: total=0ms, preprocess=0, updates=0, rendering=0
2026-07-14 19:24:07.658 DEBUG qt.scenegraph.time.renderloop: [window 0x7f48b5903e40][render thread 0x7f48b57a2c20] syncAndRender: frame rendered in 0ms, sync=0, render=0, swap=0
2026-07-14 19:24:07.658 DEBUG qt.scenegraph.time.renderloop: [window 0x7f48b5903e40][gui thread] polishAndSync: start, elapsed since last call: 0 ms
2026-07-14 19:24:07.658 DEBUG qt.scenegraph.time.renderloop: [window 0x7f48b5903e40][render thread 0x7f48b57a2c20] syncAndRender: start, elapsed since last call: 0 ms
2026-07-14 19:24:07.658 DEBUG qt.scenegraph.time.renderloop: [window 0x7f48b5903e40][gui thread] Frame prepared, polish=0 ms, lock=0 ms, blockedForSync=0 ms, animations=0 ms
2026-07-14 19:24:07.658 DEBUG qt.scenegraph.time.renderer: time in renderer: total=0ms, preprocess=0, updates=0, rendering=0
2026-07-14 19:24:07.659 DEBUG qt.scenegraph.time.renderloop: [window 0x7f48b5903e40][render thread 0x7f48b57a2c20] syncAndRender: frame rendered in 0ms, sync=0, render=0, swap=0
2026-07-14 19:24:07.690 DEBUG qt.scenegraph.time.renderloop: [window 0x7f48b5903e40][gui thread] polishAndSync: start, elapsed since last call: 31 ms
2026-07-14 19:24:07.690 DEBUG qt.scenegraph.time.renderloop: [window 0x7f48b5903e40][render thread 0x7f48b57a2c20] syncAndRender: start, elapsed since last call: 32 ms
2026-07-14 19:24:07.690 DEBUG qt.scenegraph.time.renderloop: [window 0x7f48b5903e40][gui thread] Frame prepared, polish=0 ms, lock=0 ms, blockedForSync=0 ms, animations=0 ms
2026-07-14 19:24:07.690 DEBUG qt.scenegraph.time.renderer: time in renderer: total=0ms, preprocess=0, updates=0, rendering=0
2026-07-14 19:24:07.691 DEBUG qt.scenegraph.time.renderloop: [window 0x7f48b5903e40][render thread 0x7f48b57a2c20] syncAndRender: frame rendered in 0ms, sync=0, render=0, swap=0
2026-07-14 19:24:07.691 DEBUG qt.scenegraph.time.renderloop: [window 0x7f48b5903e40][gui thread] polishAndSync: start, elapsed since last call: 1 ms
2026-07-14 19:24:07.691 DEBUG qt.scenegraph.time.renderloop: [window 0x7f48b5903e40][render thread 0x7f48b57a2c20] syncAndRender: start, elapsed since last call: 0 ms
2026-07-14 19:24:07.691 DEBUG qt.scenegraph.time.renderloop: [window 0x7f48b5903e40][gui thread] Frame prepared, polish=0 ms, lock=0 ms, blockedForSync=0 ms, animations=0 ms
2026-07-14 19:24:07.691 DEBUG qt.scenegraph.time.renderer: time in renderer: total=0ms, preprocess=0, updates=0, rendering=0
2026-07-14 19:24:07.691 DEBUG qt.scenegraph.time.renderloop: [window 0x7f48b5903e40][render thread 0x7f48b57a2c20] syncAndRender: frame rendered in 0ms, sync=0, render=0, swap=0
2026-07-14 19:24:07.723 DEBUG qt.scenegraph.time.renderloop: [window 0x7f48b5903e40][gui thread] polishAndSync: start, elapsed since last call: 31 ms
2026-07-14 19:24:07.723 DEBUG qt.scenegraph.time.renderloop: [window 0x7f48b5903e40][render thread 0x7f48b57a2c20] syncAndRender: start, elapsed since last call: 31 ms
2026-07-14 19:24:07.723 DEBUG qt.scenegraph.time.renderloop: [window 0x7f48b5903e40][gui thread] Frame prepared, polish=0 ms, lock=0 ms, blockedForSync=0 ms, animations=0 ms
2026-07-14 19:24:07.723 DEBUG qt.scenegraph.time.renderer: time in renderer: total=0ms, preprocess=0, updates=0, rendering=0
2026-07-14 19:24:07.723 DEBUG qt.scenegraph.time.renderloop: [window 0x7f48b5903e40][render thread 0x7f48b57a2c20] syncAndRender: frame rendered in 0ms, sync=0, render=0, swap=0
2026-07-14 19:24:07.724 DEBUG qt.scenegraph.time.renderloop: [window 0x7f48b5903e40][gui thread] polishAndSync: start, elapsed since last call: 1 ms
2026-07-14 19:24:07.724 DEBUG qt.scenegraph.time.renderloop: [window 0x7f48b5903e40][render thread 0x7f48b57a2c20] syncAndRender: start, elapsed since last call: 0 ms
2026-07-14 19:24:07.724 DEBUG qt.scenegraph.time.renderloop: [window 0x7f48b5903e40][gui thread] Frame prepared, polish=0 ms, lock=0 ms, blockedForSync=0 ms, animations=0 ms
2026-07-14 19:24:07.724 DEBUG qt.scenegraph.time.renderer: time in renderer: total=0ms, preprocess=0, updates=0, rendering=0
2026-07-14 19:24:07.724 DEBUG qt.scenegraph.time.renderloop: [window 0x7f48b5903e40][render thread 0x7f48b57a2c20] syncAndRender: frame rendered in 0ms, sync=0, render=0, swap=0
2026-07-14 19:24:07.755 DEBUG qt.scenegraph.time.renderloop: [window 0x7f48b5903e40][gui thread] polishAndSync: start, elapsed since last call: 31 ms
2026-07-14 19:24:07.758 DEBUG qt.scenegraph.time.renderloop: [window 0x7f48b5903e40][render thread 0x7f48b57a2c20] syncAndRender: start, elapsed since last call: 34 ms
2026-07-14 19:24:07.758 DEBUG qt.scenegraph.time.renderloop: [window 0x7f48b5903e40][gui thread] Frame prepared, polish=2 ms, lock=0 ms, blockedForSync=0 ms, animations=0 ms
2026-07-14 19:24:07.758 DEBUG qt.scenegraph.time.renderer: time in renderer: total=0ms, preprocess=0, updates=0, rendering=0
2026-07-14 19:24:07.758 DEBUG qt.scenegraph.time.renderloop: [window 0x7f48b5903e40][render thread 0x7f48b57a2c20] syncAndRender: frame rendered in 0ms, sync=0, render=0, swap=0
2026-07-14 19:24:07.759 DEBUG qt.scenegraph.time.renderloop: [window 0x7f48b5903e40][gui thread] polishAndSync: start, elapsed since last call: 3 ms
2026-07-14 19:24:07.759 DEBUG qt.scenegraph.time.renderloop: [window 0x7f48b5903e40][render thread 0x7f48b57a2c20] syncAndRender: start, elapsed since last call: 0 ms
2026-07-14 19:24:07.759 DEBUG qt.scenegraph.time.renderloop: [window 0x7f48b5903e40][gui thread] Frame prepared, polish=0 ms, lock=0 ms, blockedForSync=0 ms, animations=0 ms
2026-07-14 19:24:07.759 DEBUG qt.scenegraph.time.renderer: time in renderer: total=0ms, preprocess=0, updates=0, rendering=0
2026-07-14 19:24:07.759 DEBUG qt.scenegraph.time.renderloop: [window 0x7f48b5903e40][render thread 0x7f48b57a2c20] syncAndRender: frame rendered in 0ms, sync=0, render=0, swap=0
2026-07-14 19:24:07.789 DEBUG qt.scenegraph.time.renderloop: [window 0x7f48b5903e40][gui thread] polishAndSync: start, elapsed since last call: 30 ms
2026-07-14 19:24:07.789 DEBUG qt.scenegraph.time.renderloop: [window 0x7f48b5903e40][render thread 0x7f48b57a2c20] syncAndRender: start, elapsed since last call: 30 ms
2026-07-14 19:24:07.789 DEBUG qt.scenegraph.time.renderloop: [window 0x7f48b5903e40][gui thread] Frame prepared, polish=0 ms, lock=0 ms, blockedForSync=0 ms, animations=0 ms
2026-07-14 19:24:07.789 DEBUG qt.scenegraph.time.renderer: time in renderer: total=0ms, preprocess=0, updates=0, rendering=0
2026-07-14 19:24:07.790 DEBUG qt.scenegraph.time.renderloop: [window 0x7f48b5903e40][render thread 0x7f48b57a2c20] syncAndRender: frame rendered in 0ms, sync=0, render=0, swap=0
2026-07-14 19:24:07.792 DEBUG qt.scenegraph.time.renderloop: [window 0x7f48b5903e40][gui thread] polishAndSync: start, elapsed since last call: 2 ms
2026-07-14 19:24:07.792 DEBUG qt.scenegraph.time.renderloop: [window 0x7f48b5903e40][render thread 0x7f48b57a2c20] syncAndRender: start, elapsed since last call: 2 ms
2026-07-14 19:24:07.792 DEBUG qt.scenegraph.time.renderloop: [window 0x7f48b5903e40][gui thread] Frame prepared, polish=0 ms, lock=0 ms, blockedForSync=0 ms, animations=0 ms
2026-07-14 19:24:07.792 DEBUG qt.scenegraph.time.renderer: time in renderer: total=0ms, preprocess=0, updates=0, rendering=0
2026-07-14 19:24:07.792 DEBUG qt.scenegraph.time.renderloop: [window 0x7f48b5903e40][render thread 0x7f48b57a2c20] syncAndRender: frame rendered in 0ms, sync=0, render=0, swap=0
2026-07-14 19:24:07.822 DEBUG qt.scenegraph.time.renderloop: [window 0x7f48b5903e40][gui thread] polishAndSync: start, elapsed since last call: 30 ms
2026-07-14 19:24:07.822 DEBUG qt.scenegraph.time.renderloop: [window 0x7f48b5903e40][render thread 0x7f48b57a2c20] syncAndRender: start, elapsed since last call: 30 ms
2026-07-14 19:24:07.822 DEBUG qt.scenegraph.time.renderloop: [window 0x7f48b5903e40][gui thread] Frame prepared, polish=0 ms, lock=0 ms, blockedForSync=0 ms, animations=0 ms
2026-07-14 19:24:07.822 DEBUG qt.scenegraph.time.renderer: time in renderer: total=0ms, preprocess=0, updates=0, rendering=0
2026-07-14 19:24:07.823 DEBUG qt.scenegraph.time.renderloop: [window 0x7f48b5903e40][render thread 0x7f48b57a2c20] syncAndRender: frame rendered in 0ms, sync=0, render=0, swap=0
2026-07-14 19:24:07.823 DEBUG qt.scenegraph.time.renderloop: [window 0x7f48b5903e40][gui thread] polishAndSync: start, elapsed since last call: 1 ms
2026-07-14 19:24:07.823 DEBUG qt.scenegraph.time.renderloop: [window 0x7f48b5903e40][render thread 0x7f48b57a2c20] syncAndRender: start, elapsed since last call: 0 ms
2026-07-14 19:24:07.823 DEBUG qt.scenegraph.time.renderloop: [window 0x7f48b5903e40][gui thread] Frame prepared, polish=0 ms, lock=0 ms, blockedForSync=0 ms, animations=0 ms
2026-07-14 19:24:07.823 DEBUG qt.scenegraph.time.renderer: time in renderer: total=0ms, preprocess=0, updates=0, rendering=0
2026-07-14 19:24:07.823 DEBUG qt.scenegraph.time.renderloop: [window 0x7f48b5903e40][render thread 0x7f48b57a2c20] syncAndRender: frame rendered in 0ms, sync=0, render=0, swap=0
2026-07-14 19:24:07.855 DEBUG qt.scenegraph.time.renderloop: [window 0x7f48b5903e40][gui thread] polishAndSync: start, elapsed since last call: 31 ms
2026-07-14 19:24:07.855 DEBUG qt.scenegraph.time.renderloop: [window 0x7f48b5903e40][render thread 0x7f48b57a2c20] syncAndRender: start, elapsed since last call: 32 ms
2026-07-14 19:24:07.855 DEBUG qt.scenegraph.time.renderloop: [window 0x7f48b5903e40][gui thread] Frame prepared, polish=0 ms, lock=0 ms, blockedForSync=0 ms, animations=0 ms
2026-07-14 19:24:07.855 DEBUG qt.scenegraph.time.renderer: time in renderer: total=0ms, preprocess=0, updates=0, rendering=0
2026-07-14 19:24:07.856 DEBUG qt.scenegraph.time.renderloop: [window 0x7f48b5903e40][render thread 0x7f48b57a2c20] syncAndRender: frame rendered in 0ms, sync=0, render=0, swap=0
2026-07-14 19:24:07.856 DEBUG qt.scenegraph.time.renderloop: [window 0x7f48b5903e40][gui thread] polishAndSync: start, elapsed since last call: 1 ms
2026-07-14 19:24:07.856 DEBUG qt.scenegraph.time.renderloop: [window 0x7f48b5903e40][render thread 0x7f48b57a2c20] syncAndRender: start, elapsed since last call: 0 ms
2026-07-14 19:24:07.856 DEBUG qt.scenegraph.time.renderloop: [window 0x7f48b5903e40][gui thread] Frame prepared, polish=0 ms, lock=0 ms, blockedForSync=0 ms, animations=0 ms
2026-07-14 19:24:07.856 DEBUG qt.scenegraph.time.renderer: time in renderer: total=0ms, preprocess=0, updates=0, rendering=0
2026-07-14 19:24:07.856 DEBUG qt.scenegraph.time.renderloop: [window 0x7f48b5903e40][render thread 0x7f48b57a2c20] syncAndRender: frame rendered in 0ms, sync=0, render=0, swap=0
2026-07-14 19:24:07.887 DEBUG qt.scenegraph.time.renderloop: [window 0x7f48b5903e40][gui thread] polishAndSync: start, elapsed since last call: 31 ms
2026-07-14 19:24:07.888 DEBUG qt.scenegraph.time.renderloop: [window 0x7f48b5903e40][render thread 0x7f48b57a2c20] syncAndRender: start, elapsed since last call: 31 ms
2026-07-14 19:24:07.888 DEBUG qt.scenegraph.time.renderloop: [window 0x7f48b5903e40][gui thread] Frame prepared, polish=0 ms, lock=0 ms, blockedForSync=0 ms, animations=0 ms
2026-07-14 19:24:07.888 DEBUG qt.scenegraph.time.renderer: time in renderer: total=0ms, preprocess=0, updates=0, rendering=0
2026-07-14 19:24:07.888 DEBUG qt.scenegraph.time.renderloop: [window 0x7f48b5903e40][render thread 0x7f48b57a2c20] syncAndRender: frame rendered in 0ms, sync=0, render=0, swap=0
2026-07-14 19:24:07.888 DEBUG qt.scenegraph.time.renderloop: [window 0x7f48b5903e40][gui thread] polishAndSync: start, elapsed since last call: 1 ms
2026-07-14 19:24:07.888 DEBUG qt.scenegraph.time.renderloop: [window 0x7f48b5903e40][render thread 0x7f48b57a2c20] syncAndRender: start, elapsed since last call: 0 ms
2026-07-14 19:24:07.889 DEBUG qt.scenegraph.time.renderloop: [window 0x7f48b5903e40][gui thread] Frame prepared, polish=0 ms, lock=0 ms, blockedForSync=0 ms, animations=0 ms
2026-07-14 19:24:07.889 DEBUG qt.scenegraph.time.renderer: time in renderer: total=0ms, preprocess=0, updates=0, rendering=0
2026-07-14 19:24:07.889 DEBUG qt.scenegraph.time.renderloop: [window 0x7f48b5903e40][render thread 0x7f48b57a2c20] syncAndRender: frame rendered in 0ms, sync=0, render=0, swap=0
2026-07-14 19:24:07.920 DEBUG qt.scenegraph.time.renderloop: [window 0x7f48b5903e40][gui thread] polishAndSync: start, elapsed since last call: 31 ms
2026-07-14 19:24:07.921 DEBUG qt.scenegraph.time.renderloop: [window 0x7f48b5903e40][render thread 0x7f48b57a2c20] syncAndRender: start, elapsed since last call: 32 ms
2026-07-14 19:24:07.921 DEBUG qt.scenegraph.time.renderloop: [window 0x7f48b5903e40][gui thread] Frame prepared, polish=0 ms, lock=0 ms, blockedForSync=0 ms, animations=0 ms
2026-07-14 19:24:07.921 DEBUG qt.scenegraph.time.renderer: time in renderer: total=0ms, preprocess=0, updates=0, rendering=0
2026-07-14 19:24:07.921 DEBUG qt.scenegraph.time.renderloop: [window 0x7f48b5903e40][render thread 0x7f48b57a2c20] syncAndRender: frame rendered in 0ms, sync=0, render=0, swap=0
2026-07-14 19:24:07.921 DEBUG qt.scenegraph.time.renderloop: [window 0x7f48b5903e40][gui thread] polishAndSync: start, elapsed since last call: 0 ms
2026-07-14 19:24:07.921 DEBUG qt.scenegraph.time.renderloop: [window 0x7f48b5903e40][render thread 0x7f48b57a2c20] syncAndRender: start, elapsed since last call: 0 ms
2026-07-14 19:24:07.921 DEBUG qt.scenegraph.time.renderloop: [window 0x7f48b5903e40][gui thread] Frame prepared, polish=0 ms, lock=0 ms, blockedForSync=0 ms, animations=0 ms
2026-07-14 19:24:07.921 DEBUG qt.scenegraph.time.renderer: time in renderer: total=0ms, preprocess=0, updates=0, rendering=0
2026-07-14 19:24:07.922 DEBUG qt.scenegraph.time.renderloop: [window 0x7f48b5903e40][render thread 0x7f48b57a2c20] syncAndRender: frame rendered in 0ms, sync=0, render=0, swap=0
2026-07-14 19:24:07.953 DEBUG qt.scenegraph.time.renderloop: [window 0x7f48b5903e40][gui thread] polishAndSync: start, elapsed since last call: 31 ms
2026-07-14 19:24:07.953 DEBUG qt.scenegraph.time.renderloop: [window 0x7f48b5903e40][render thread 0x7f48b57a2c20] syncAndRender: start, elapsed since last call: 31 ms
2026-07-14 19:24:07.953 DEBUG qt.scenegraph.time.renderloop: [window 0x7f48b5903e40][gui thread] Frame prepared, polish=0 ms, lock=0 ms, blockedForSync=0 ms, animations=0 ms
2026-07-14 19:24:07.953 DEBUG qt.scenegraph.time.renderer: time in renderer: total=0ms, preprocess=0, updates=0, rendering=0
2026-07-14 19:24:07.953 DEBUG qt.scenegraph.time.renderloop: [window 0x7f48b5903e40][render thread 0x7f48b57a2c20] syncAndRender: frame rendered in 0ms, sync=0, render=0, swap=0
2026-07-14 19:24:07.959 DEBUG qt.scenegraph.time.renderloop: [window 0x7f48b5903e40][gui thread] polishAndSync: start, elapsed since last call: 6 ms
2026-07-14 19:24:07.959 DEBUG qt.scenegraph.time.renderloop: [window 0x7f48b5903e40][render thread 0x7f48b57a2c20] syncAndRender: start, elapsed since last call: 5 ms
2026-07-14 19:24:07.959 DEBUG qt.scenegraph.time.renderloop: [window 0x7f48b5903e40][gui thread] Frame prepared, polish=0 ms, lock=0 ms, blockedForSync=0 ms, animations=0 ms
2026-07-14 19:24:07.959 DEBUG qt.scenegraph.time.renderer: time in renderer: total=0ms, preprocess=0, updates=0, rendering=0
2026-07-14 19:24:07.959 DEBUG qt.scenegraph.time.renderloop: [window 0x7f48b5903e40][render thread 0x7f48b57a2c20] syncAndRender: frame rendered in 0ms, sync=0, render=0, swap=0
2026-07-14 19:24:07.986 DEBUG qt.scenegraph.time.renderloop: [window 0x7f48b5903e40][gui thread] polishAndSync: start, elapsed since last call: 27 ms
2026-07-14 19:24:07.987 DEBUG qt.scenegraph.time.renderloop: [window 0x7f48b5903e40][render thread 0x7f48b57a2c20] syncAndRender: start, elapsed since last call: 28 ms
2026-07-14 19:24:07.987 DEBUG qt.scenegraph.time.renderloop: [window 0x7f48b5903e40][gui thread] Frame prepared, polish=0 ms, lock=0 ms, blockedForSync=0 ms, animations=0 ms
2026-07-14 19:24:07.987 DEBUG qt.scenegraph.time.renderer: time in renderer: total=0ms, preprocess=0, updates=0, rendering=0
2026-07-14 19:24:07.987 DEBUG qt.scenegraph.time.renderloop: [window 0x7f48b5903e40][render thread 0x7f48b57a2c20] syncAndRender: frame rendered in 0ms, sync=0, render=0, swap=0
2026-07-14 19:24:07.993 DEBUG qt.scenegraph.time.renderloop: [window 0x7f48b5903e40][gui thread] polishAndSync: start, elapsed since last call: 6 ms
2026-07-14 19:24:07.993 DEBUG qt.scenegraph.time.renderloop: [window 0x7f48b5903e40][render thread 0x7f48b57a2c20] syncAndRender: start, elapsed since last call: 6 ms
2026-07-14 19:24:07.993 DEBUG qt.scenegraph.time.renderloop: [window 0x7f48b5903e40][gui thread] Frame prepared, polish=0 ms, lock=0 ms, blockedForSync=0 ms, animations=0 ms
2026-07-14 19:24:07.993 DEBUG qt.scenegraph.time.renderer: time in renderer: total=0ms, preprocess=0, updates=0, rendering=0
2026-07-14 19:24:07.994 DEBUG qt.scenegraph.time.renderloop: [window 0x7f48b5903e40][render thread 0x7f48b57a2c20] syncAndRender: frame rendered in 0ms, sync=0, render=0, swap=0
2026-07-14 19:24:08.019 DEBUG qt.scenegraph.time.renderloop: [window 0x7f48b5903e40][gui thread] polishAndSync: start, elapsed since last call: 26 ms
2026-07-14 19:24:08.020 DEBUG qt.scenegraph.time.renderloop: [window 0x7f48b5903e40][render thread 0x7f48b57a2c20] syncAndRender: start, elapsed since last call: 26 ms
2026-07-14 19:24:08.020 DEBUG qt.scenegraph.time.renderloop: [window 0x7f48b5903e40][gui thread] Frame prepared, polish=0 ms, lock=0 ms, blockedForSync=0 ms, animations=0 ms
2026-07-14 19:24:08.020 DEBUG qt.scenegraph.time.renderer: time in renderer: total=0ms, preprocess=0, updates=0, rendering=0
2026-07-14 19:24:08.020 DEBUG qt.scenegraph.time.renderloop: [window 0x7f48b5903e40][render thread 0x7f48b57a2c20] syncAndRender: frame rendered in 0ms, sync=0, render=0, swap=0
2026-07-14 19:24:08.021 DEBUG qt.scenegraph.time.renderloop: [window 0x7f48b5903e40][gui thread] polishAndSync: start, elapsed since last call: 1 ms
2026-07-14 19:24:08.021 DEBUG qt.scenegraph.time.renderloop: [window 0x7f48b5903e40][render thread 0x7f48b57a2c20] syncAndRender: start, elapsed since last call: 1 ms
2026-07-14 19:24:08.021 DEBUG qt.scenegraph.time.renderloop: [window 0x7f48b5903e40][gui thread] Frame prepared, polish=0 ms, lock=0 ms, blockedForSync=0 ms, animations=0 ms
2026-07-14 19:24:08.021 DEBUG qt.scenegraph.time.renderer: time in renderer: total=0ms, preprocess=0, updates=0, rendering=0
2026-07-14 19:24:08.021 DEBUG qt.scenegraph.time.renderloop: [window 0x7f48b5903e40][render thread 0x7f48b57a2c20] syncAndRender: frame rendered in 0ms, sync=0, render=0, swap=0
2026-07-14 19:24:08.053 DEBUG qt.scenegraph.time.renderloop: [window 0x7f48b5903e40][gui thread] polishAndSync: start, elapsed since last call: 32 ms
2026-07-14 19:24:08.054 DEBUG qt.scenegraph.time.renderloop: [window 0x7f48b5903e40][render thread 0x7f48b57a2c20] syncAndRender: start, elapsed since last call: 32 ms
2026-07-14 19:24:08.054 DEBUG qt.scenegraph.time.renderloop: [window 0x7f48b5903e40][gui thread] Frame prepared, polish=0 ms, lock=0 ms, blockedForSync=0 ms, animations=0 ms
2026-07-14 19:24:08.054 DEBUG qt.scenegraph.time.renderer: time in renderer: total=0ms, preprocess=0, updates=0, rendering=0
2026-07-14 19:24:08.054 DEBUG qt.scenegraph.time.renderloop: [window 0x7f48b5903e40][render thread 0x7f48b57a2c20] syncAndRender: frame rendered in 0ms, sync=0, render=0, swap=0
2026-07-14 19:24:08.054 DEBUG qt.scenegraph.time.renderloop: [window 0x7f48b5903e40][gui thread] polishAndSync: start, elapsed since last call: 1 ms
2026-07-14 19:24:08.054 DEBUG qt.scenegraph.time.renderloop: [window 0x7f48b5903e40][render thread 0x7f48b57a2c20] syncAndRender: start, elapsed since last call: 0 ms
2026-07-14 19:24:08.054 DEBUG qt.scenegraph.time.renderloop: [window 0x7f48b5903e40][gui thread] Frame prepared, polish=0 ms, lock=0 ms, blockedForSync=0 ms, animations=0 ms
2026-07-14 19:24:08.055 DEBUG qt.scenegraph.time.renderer: time in renderer: total=0ms, preprocess=0, updates=0, rendering=0
2026-07-14 19:24:08.055 DEBUG qt.scenegraph.time.renderloop: [window 0x7f48b5903e40][render thread 0x7f48b57a2c20] syncAndRender: frame rendered in 0ms, sync=0, render=0, swap=0
2026-07-14 19:24:08.085 DEBUG qt.scenegraph.time.renderloop: [window 0x7f48b5903e40][gui thread] polishAndSync: start, elapsed since last call: 30 ms
2026-07-14 19:24:08.085 DEBUG qt.scenegraph.time.renderloop: [window 0x7f48b5903e40][render thread 0x7f48b57a2c20] syncAndRender: start, elapsed since last call: 30 ms
2026-07-14 19:24:08.085 DEBUG qt.scenegraph.time.renderloop: [window 0x7f48b5903e40][gui thread] Frame prepared, polish=0 ms, lock=0 ms, blockedForSync=0 ms, animations=0 ms
2026-07-14 19:24:08.086 DEBUG qt.scenegraph.time.renderer: time in renderer: total=0ms, preprocess=0, updates=0, rendering=0
2026-07-14 19:24:08.086 DEBUG qt.scenegraph.time.renderloop: [window 0x7f48b5903e40][render thread 0x7f48b57a2c20] syncAndRender: frame rendered in 0ms, sync=0, render=0, swap=0
2026-07-14 19:24:08.086 DEBUG qt.scenegraph.time.renderloop: [window 0x7f48b5903e40][gui thread] polishAndSync: start, elapsed since last call: 1 ms
2026-07-14 19:24:08.086 DEBUG qt.scenegraph.time.renderloop: [window 0x7f48b5903e40][render thread 0x7f48b57a2c20] syncAndRender: start, elapsed since last call: 0 ms
2026-07-14 19:24:08.086 DEBUG qt.scenegraph.time.renderloop: [window 0x7f48b5903e40][gui thread] Frame prepared, polish=0 ms, lock=0 ms, blockedForSync=0 ms, animations=0 ms
2026-07-14 19:24:08.086 DEBUG qt.scenegraph.time.renderer: time in renderer: total=0ms, preprocess=0, updates=0, rendering=0
2026-07-14 19:24:08.087 DEBUG qt.scenegraph.time.renderloop: [window 0x7f48b5903e40][render thread 0x7f48b57a2c20] syncAndRender: frame rendered in 0ms, sync=0, render=0, swap=0
2026-07-14 19:24:08.119 DEBUG qt.scenegraph.time.renderloop: [window 0x7f48b5903e40][gui thread] polishAndSync: start, elapsed since last call: 32 ms
2026-07-14 19:24:08.119 DEBUG qt.scenegraph.time.renderloop: [window 0x7f48b5903e40][render thread 0x7f48b57a2c20] syncAndRender: start, elapsed since last call: 32 ms
2026-07-14 19:24:08.119 DEBUG qt.scenegraph.time.renderloop: [window 0x7f48b5903e40][gui thread] Frame prepared, polish=0 ms, lock=0 ms, blockedForSync=0 ms, animations=0 ms
2026-07-14 19:24:08.119 DEBUG qt.scenegraph.time.renderer: time in renderer: total=0ms, preprocess=0, updates=0, rendering=0
2026-07-14 19:24:08.119 DEBUG qt.scenegraph.time.renderloop: [window 0x7f48b5903e40][render thread 0x7f48b57a2c20] syncAndRender: frame rendered in 0ms, sync=0, render=0, swap=0
2026-07-14 19:24:08.125 DEBUG qt.scenegraph.time.renderloop: [window 0x7f48b5903e40][gui thread] polishAndSync: start, elapsed since last call: 6 ms
2026-07-14 19:24:08.125 DEBUG qt.scenegraph.time.renderloop: [window 0x7f48b5903e40][render thread 0x7f48b57a2c20] syncAndRender: start, elapsed since last call: 6 ms
2026-07-14 19:24:08.125 DEBUG qt.scenegraph.time.renderloop: [window 0x7f48b5903e40][gui thread] Frame prepared, polish=0 ms, lock=0 ms, blockedForSync=0 ms, animations=0 ms
2026-07-14 19:24:08.125 DEBUG qt.scenegraph.time.renderer: time in renderer: total=0ms, preprocess=0, updates=0, rendering=0
2026-07-14 19:24:08.126 DEBUG qt.scenegraph.time.renderloop: [window 0x7f48b5903e40][render thread 0x7f48b57a2c20] syncAndRender: frame rendered in 0ms, sync=0, render=0, swap=0
2026-07-14 19:24:08.151 DEBUG qt.scenegraph.time.renderloop: [window 0x7f48b5903e40][gui thread] polishAndSync: start, elapsed since last call: 26 ms
2026-07-14 19:24:08.152 DEBUG qt.scenegraph.time.renderloop: [window 0x7f48b5903e40][render thread 0x7f48b57a2c20] syncAndRender: start, elapsed since last call: 26 ms
2026-07-14 19:24:08.152 DEBUG qt.scenegraph.time.renderloop: [window 0x7f48b5903e40][gui thread] Frame prepared, polish=0 ms, lock=0 ms, blockedForSync=0 ms, animations=0 ms
2026-07-14 19:24:08.152 DEBUG qt.scenegraph.time.renderer: time in renderer: total=0ms, preprocess=0, updates=0, rendering=0
2026-07-14 19:24:08.152 DEBUG qt.scenegraph.time.renderloop: [window 0x7f48b5903e40][render thread 0x7f48b57a2c20] syncAndRender: frame rendered in 0ms, sync=0, render=0, swap=0
2026-07-14 19:24:08.152 DEBUG qt.scenegraph.time.renderloop: [window 0x7f48b5903e40][gui thread] polishAndSync: start, elapsed since last call: 1 ms
2026-07-14 19:24:08.152 DEBUG qt.scenegraph.time.renderloop: [window 0x7f48b5903e40][render thread 0x7f48b57a2c20] syncAndRender: start, elapsed since last call: 0 ms
2026-07-14 19:24:08.152 DEBUG qt.scenegraph.time.renderloop: [window 0x7f48b5903e40][gui thread] Frame prepared, polish=0 ms, lock=0 ms, blockedForSync=0 ms, animations=0 ms
2026-07-14 19:24:08.153 DEBUG qt.scenegraph.time.renderer: time in renderer: total=0ms, preprocess=0, updates=0, rendering=0
2026-07-14 19:24:08.153 DEBUG qt.scenegraph.time.renderloop: [window 0x7f48b5903e40][render thread 0x7f48b57a2c20] syncAndRender: frame rendered in 0ms, sync=0, render=0, swap=0
2026-07-14 19:24:08.184 DEBUG qt.scenegraph.time.renderloop: [window 0x7f48b5903e40][gui thread] polishAndSync: start, elapsed since last call: 31 ms
2026-07-14 19:24:08.184 DEBUG qt.scenegraph.time.renderloop: [window 0x7f48b5903e40][render thread 0x7f48b57a2c20] syncAndRender: start, elapsed since last call: 32 ms
2026-07-14 19:24:08.185 DEBUG qt.scenegraph.time.renderloop: [window 0x7f48b5903e40][gui thread] Frame prepared, polish=0 ms, lock=0 ms, blockedForSync=0 ms, animations=0 ms
2026-07-14 19:24:08.185 DEBUG qt.scenegraph.time.renderer: time in renderer: total=0ms, preprocess=0, updates=0, rendering=0
2026-07-14 19:24:08.185 DEBUG qt.scenegraph.time.renderloop: [window 0x7f48b5903e40][render thread 0x7f48b57a2c20] syncAndRender: frame rendered in 0ms, sync=0, render=0, swap=0
2026-07-14 19:24:08.185 DEBUG qt.scenegraph.time.renderloop: [window 0x7f48b5903e40][gui thread] polishAndSync: start, elapsed since last call: 1 ms
2026-07-14 19:24:08.185 DEBUG qt.scenegraph.time.renderloop: [window 0x7f48b5903e40][render thread 0x7f48b57a2c20] syncAndRender: start, elapsed since last call: 0 ms
2026-07-14 19:24:08.185 DEBUG qt.scenegraph.time.renderloop: [window 0x7f48b5903e40][gui thread] Frame prepared, polish=0 ms, lock=0 ms, blockedForSync=0 ms, animations=0 ms
2026-07-14 19:24:08.185 DEBUG qt.scenegraph.time.renderer: time in renderer: total=0ms, preprocess=0, updates=0, rendering=0
2026-07-14 19:24:08.186 DEBUG qt.scenegraph.time.renderloop: [window 0x7f48b5903e40][render thread 0x7f48b57a2c20] syncAndRender: frame rendered in 0ms, sync=0, render=0, swap=0
2026-07-14 19:24:08.218 DEBUG qt.scenegraph.time.renderloop: [window 0x7f48b5903e40][gui thread] polishAndSync: start, elapsed since last call: 32 ms
2026-07-14 19:24:08.218 DEBUG qt.scenegraph.time.renderloop: [window 0x7f48b5903e40][render thread 0x7f48b57a2c20] syncAndRender: start, elapsed since last call: 32 ms
2026-07-14 19:24:08.218 DEBUG qt.scenegraph.time.renderloop: [window 0x7f48b5903e40][gui thread] Frame prepared, polish=0 ms, lock=0 ms, blockedForSync=0 ms, animations=0 ms
2026-07-14 19:24:08.218 DEBUG qt.scenegraph.time.renderer: time in renderer: total=0ms, preprocess=0, updates=0, rendering=0
2026-07-14 19:24:08.219 DEBUG qt.scenegraph.time.renderloop: [window 0x7f48b5903e40][render thread 0x7f48b57a2c20] syncAndRender: frame rendered in 0ms, sync=0, render=0, swap=0
2026-07-14 19:24:08.219 DEBUG qt.scenegraph.time.renderloop: [window 0x7f48b5903e40][gui thread] polishAndSync: start, elapsed since last call: 1 ms
2026-07-14 19:24:08.219 DEBUG qt.scenegraph.time.renderloop: [window 0x7f48b5903e40][render thread 0x7f48b57a2c20] syncAndRender: start, elapsed since last call: 0 ms
2026-07-14 19:24:08.219 DEBUG qt.scenegraph.time.renderloop: [window 0x7f48b5903e40][gui thread] Frame prepared, polish=0 ms, lock=0 ms, blockedForSync=0 ms, animations=0 ms
2026-07-14 19:24:08.219 DEBUG qt.scenegraph.time.renderer: time in renderer: total=0ms, preprocess=0, updates=0, rendering=0
2026-07-14 19:24:08.219 DEBUG qt.scenegraph.time.renderloop: [window 0x7f48b5903e40][render thread 0x7f48b57a2c20] syncAndRender: frame rendered in 0ms, sync=0, render=0, swap=0
2026-07-14 19:24:08.251 DEBUG qt.scenegraph.time.renderloop: [window 0x7f48b5903e40][gui thread] polishAndSync: start, elapsed since last call: 31 ms
2026-07-14 19:24:08.251 DEBUG qt.scenegraph.time.renderloop: [window 0x7f48b5903e40][render thread 0x7f48b57a2c20] syncAndRender: start, elapsed since last call: 31 ms
2026-07-14 19:24:08.251 DEBUG qt.scenegraph.time.renderloop: [window 0x7f48b5903e40][gui thread] Frame prepared, polish=0 ms, lock=0 ms, blockedForSync=0 ms, animations=0 ms
2026-07-14 19:24:08.251 DEBUG qt.scenegraph.time.renderer: time in renderer: total=0ms, preprocess=0, updates=0, rendering=0
2026-07-14 19:24:08.251 DEBUG qt.scenegraph.time.renderloop: [window 0x7f48b5903e40][render thread 0x7f48b57a2c20] syncAndRender: frame rendered in 0ms, sync=0, render=0, swap=0
2026-07-14 19:24:08.252 DEBUG qt.scenegraph.time.renderloop: [window 0x7f48b5903e40][gui thread] polishAndSync: start, elapsed since last call: 1 ms
2026-07-14 19:24:08.252 DEBUG qt.scenegraph.time.renderloop: [window 0x7f48b5903e40][render thread 0x7f48b57a2c20] syncAndRender: start, elapsed since last call: 0 ms
2026-07-14 19:24:08.252 DEBUG qt.scenegraph.time.renderloop: [window 0x7f48b5903e40][gui thread] Frame prepared, polish=0 ms, lock=0 ms, blockedForSync=0 ms, animations=0 ms
2026-07-14 19:24:08.252 DEBUG qt.scenegraph.time.renderer: time in renderer: total=0ms, preprocess=0, updates=0, rendering=0
2026-07-14 19:24:08.252 DEBUG qt.scenegraph.time.renderloop: [window 0x7f48b5903e40][render thread 0x7f48b57a2c20] syncAndRender: frame rendered in 0ms, sync=0, render=0, swap=0
2026-07-14 19:24:08.284 DEBUG qt.scenegraph.time.renderloop: [window 0x7f48b5903e40][gui thread] polishAndSync: start, elapsed since last call: 31 ms
2026-07-14 19:24:08.284 DEBUG qt.scenegraph.time.renderloop: [window 0x7f48b5903e40][render thread 0x7f48b57a2c20] syncAndRender: start, elapsed since last call: 31 ms
2026-07-14 19:24:08.284 DEBUG qt.scenegraph.time.renderloop: [window 0x7f48b5903e40][gui thread] Frame prepared, polish=0 ms, lock=0 ms, blockedForSync=0 ms, animations=0 ms
2026-07-14 19:24:08.284 DEBUG qt.scenegraph.time.renderer: time in renderer: total=0ms, preprocess=0, updates=0, rendering=0
2026-07-14 19:24:08.284 DEBUG qt.scenegraph.time.renderloop: [window 0x7f48b5903e40][render thread 0x7f48b57a2c20] syncAndRender: frame rendered in 0ms, sync=0, render=0, swap=0
2026-07-14 19:24:08.285 DEBUG qt.scenegraph.time.renderloop: [window 0x7f48b5903e40][gui thread] polishAndSync: start, elapsed since last call: 1 ms
2026-07-14 19:24:08.285 DEBUG qt.scenegraph.time.renderloop: [window 0x7f48b5903e40][render thread 0x7f48b57a2c20] syncAndRender: start, elapsed since last call: 1 ms
2026-07-14 19:24:08.285 DEBUG qt.scenegraph.time.renderloop: [window 0x7f48b5903e40][gui thread] Frame prepared, polish=0 ms, lock=0 ms, blockedForSync=0 ms, animations=0 ms
2026-07-14 19:24:08.285 DEBUG qt.scenegraph.time.renderer: time in renderer: total=0ms, preprocess=0, updates=0, rendering=0
2026-07-14 19:24:08.285 DEBUG qt.scenegraph.time.renderloop: [window 0x7f48b5903e40][render thread 0x7f48b57a2c20] syncAndRender: frame rendered in 0ms, sync=0, render=0, swap=0
2026-07-14 19:24:08.316 DEBUG qt.scenegraph.time.renderloop: [window 0x7f48b5903e40][gui thread] polishAndSync: start, elapsed since last call: 31 ms
2026-07-14 19:24:08.317 DEBUG qt.scenegraph.time.renderloop: [window 0x7f48b5903e40][render thread 0x7f48b57a2c20] syncAndRender: start, elapsed since last call: 31 ms
2026-07-14 19:24:08.317 DEBUG qt.scenegraph.time.renderloop: [window 0x7f48b5903e40][gui thread] Frame prepared, polish=0 ms, lock=0 ms, blockedForSync=0 ms, animations=0 ms
2026-07-14 19:24:08.317 DEBUG qt.scenegraph.time.renderer: time in renderer: total=0ms, preprocess=0, updates=0, rendering=0
2026-07-14 19:24:08.317 DEBUG qt.scenegraph.time.renderloop: [window 0x7f48b5903e40][render thread 0x7f48b57a2c20] syncAndRender: frame rendered in 0ms, sync=0, render=0, swap=0
2026-07-14 19:24:08.317 DEBUG qt.scenegraph.time.renderloop: [window 0x7f48b5903e40][gui thread] polishAndSync: start, elapsed since last call: 0 ms
2026-07-14 19:24:08.317 DEBUG qt.scenegraph.time.renderloop: [window 0x7f48b5903e40][render thread 0x7f48b57a2c20] syncAndRender: start, elapsed since last call: 0 ms
2026-07-14 19:24:08.317 DEBUG qt.scenegraph.time.renderloop: [window 0x7f48b5903e40][gui thread] Frame prepared, polish=0 ms, lock=0 ms, blockedForSync=0 ms, animations=0 ms
2026-07-14 19:24:08.317 DEBUG qt.scenegraph.time.renderer: time in renderer: total=0ms, preprocess=0, updates=0, rendering=0
2026-07-14 19:24:08.317 DEBUG qt.scenegraph.time.renderloop: [window 0x7f48b5903e40][render thread 0x7f48b57a2c20] syncAndRender: frame rendered in 0ms, sync=0, render=0, swap=0
2026-07-14 19:24:08.350 DEBUG qt.scenegraph.time.renderloop: [window 0x7f48b5903e40][gui thread] polishAndSync: start, elapsed since last call: 32 ms
2026-07-14 19:24:08.350 DEBUG qt.scenegraph.time.renderloop: [window 0x7f48b5903e40][render thread 0x7f48b57a2c20] syncAndRender: start, elapsed since last call: 33 ms
2026-07-14 19:24:08.350 DEBUG qt.scenegraph.time.renderloop: [window 0x7f48b5903e40][gui thread] Frame prepared, polish=0 ms, lock=0 ms, blockedForSync=0 ms, animations=0 ms
2026-07-14 19:24:08.350 DEBUG qt.scenegraph.time.renderer: time in renderer: total=0ms, preprocess=0, updates=0, rendering=0
2026-07-14 19:24:08.351 DEBUG qt.scenegraph.time.renderloop: [window 0x7f48b5903e40][render thread 0x7f48b57a2c20] syncAndRender: frame rendered in 0ms, sync=0, render=0, swap=0
2026-07-14 19:24:08.351 DEBUG qt.scenegraph.time.renderloop: [window 0x7f48b5903e40][gui thread] polishAndSync: start, elapsed since last call: 0 ms
2026-07-14 19:24:08.351 DEBUG qt.scenegraph.time.renderloop: [window 0x7f48b5903e40][render thread 0x7f48b57a2c20] syncAndRender: start, elapsed since last call: 0 ms
2026-07-14 19:24:08.351 DEBUG qt.scenegraph.time.renderloop: [window 0x7f48b5903e40][gui thread] Frame prepared, polish=0 ms, lock=0 ms, blockedForSync=0 ms, animations=0 ms
2026-07-14 19:24:08.351 DEBUG qt.scenegraph.time.renderer: time in renderer: total=0ms, preprocess=0, updates=0, rendering=0
2026-07-14 19:24:08.351 DEBUG qt.scenegraph.time.renderloop: [window 0x7f48b5903e40][render thread 0x7f48b57a2c20] syncAndRender: frame rendered in 0ms, sync=0, render=0, swap=0
2026-07-14 19:24:08.383 DEBUG qt.scenegraph.time.renderloop: [window 0x7f48b5903e40][gui thread] polishAndSync: start, elapsed since last call: 32 ms
2026-07-14 19:24:08.383 DEBUG qt.scenegraph.time.renderloop: [window 0x7f48b5903e40][render thread 0x7f48b57a2c20] syncAndRender: start, elapsed since last call: 32 ms
2026-07-14 19:24:08.383 DEBUG qt.scenegraph.time.renderloop: [window 0x7f48b5903e40][gui thread] Frame prepared, polish=0 ms, lock=0 ms, blockedForSync=0 ms, animations=0 ms
2026-07-14 19:24:08.383 DEBUG qt.scenegraph.time.renderer: time in renderer: total=0ms, preprocess=0, updates=0, rendering=0
2026-07-14 19:24:08.384 DEBUG qt.scenegraph.time.renderloop: [window 0x7f48b5903e40][render thread 0x7f48b57a2c20] syncAndRender: frame rendered in 0ms, sync=0, render=0, swap=0
2026-07-14 19:24:08.384 DEBUG qt.scenegraph.time.renderloop: [window 0x7f48b5903e40][gui thread] polishAndSync: start, elapsed since last call: 1 ms
2026-07-14 19:24:08.384 DEBUG qt.scenegraph.time.renderloop: [window 0x7f48b5903e40][render thread 0x7f48b57a2c20] syncAndRender: start, elapsed since last call: 0 ms
2026-07-14 19:24:08.384 DEBUG qt.scenegraph.time.renderloop: [window 0x7f48b5903e40][gui thread] Frame prepared, polish=0 ms, lock=0 ms, blockedForSync=0 ms, animations=0 ms
2026-07-14 19:24:08.384 DEBUG qt.scenegraph.time.renderer: time in renderer: total=0ms, preprocess=0, updates=0, rendering=0
2026-07-14 19:24:08.384 DEBUG qt.scenegraph.time.renderloop: [window 0x7f48b5903e40][render thread 0x7f48b57a2c20] syncAndRender: frame rendered in 0ms, sync=0, render=0, swap=0
2026-07-14 19:24:08.415 DEBUG qt.scenegraph.time.renderloop: [window 0x7f48b5903e40][gui thread] polishAndSync: start, elapsed since last call: 31 ms
2026-07-14 19:24:08.416 DEBUG qt.scenegraph.time.renderloop: [window 0x7f48b5903e40][render thread 0x7f48b57a2c20] syncAndRender: start, elapsed since last call: 31 ms
2026-07-14 19:24:08.416 DEBUG qt.scenegraph.time.renderloop: [window 0x7f48b5903e40][gui thread] Frame prepared, polish=0 ms, lock=0 ms, blockedForSync=0 ms, animations=0 ms
2026-07-14 19:24:08.416 DEBUG qt.scenegraph.time.renderer: time in renderer: total=0ms, preprocess=0, updates=0, rendering=0
2026-07-14 19:24:08.416 DEBUG qt.scenegraph.time.renderloop: [window 0x7f48b5903e40][render thread 0x7f48b57a2c20] syncAndRender: frame rendered in 0ms, sync=0, render=0, swap=0
2026-07-14 19:24:08.416 DEBUG qt.scenegraph.time.renderloop: [window 0x7f48b5903e40][gui thread] polishAndSync: start, elapsed since last call: 0 ms
2026-07-14 19:24:08.416 DEBUG qt.scenegraph.time.renderloop: [window 0x7f48b5903e40][render thread 0x7f48b57a2c20] syncAndRender: start, elapsed since last call: 0 ms
2026-07-14 19:24:08.416 DEBUG qt.scenegraph.time.renderloop: [window 0x7f48b5903e40][gui thread] Frame prepared, polish=0 ms, lock=0 ms, blockedForSync=0 ms, animations=0 ms
2026-07-14 19:24:08.417 DEBUG qt.scenegraph.time.renderer: time in renderer: total=0ms, preprocess=0, updates=0, rendering=0
2026-07-14 19:24:08.417 DEBUG qt.scenegraph.time.renderloop: [window 0x7f48b5903e40][render thread 0x7f48b57a2c20] syncAndRender: frame rendered in 0ms, sync=0, render=0, swap=0
2026-07-14 19:24:08.448 DEBUG qt.scenegraph.time.renderloop: [window 0x7f48b5903e40][gui thread] polishAndSync: start, elapsed since last call: 31 ms
2026-07-14 19:24:08.449 DEBUG qt.scenegraph.time.renderloop: [window 0x7f48b5903e40][render thread 0x7f48b57a2c20] syncAndRender: start, elapsed since last call: 32 ms
2026-07-14 19:24:08.449 DEBUG qt.scenegraph.time.renderloop: [window 0x7f48b5903e40][gui thread] Frame prepared, polish=0 ms, lock=0 ms, blockedForSync=0 ms, animations=0 ms
2026-07-14 19:24:08.449 DEBUG qt.scenegraph.time.renderer: time in renderer: total=0ms, preprocess=0, updates=0, rendering=0
2026-07-14 19:24:08.449 DEBUG qt.scenegraph.time.renderloop: [window 0x7f48b5903e40][render thread 0x7f48b57a2c20] syncAndRender: frame rendered in 0ms, sync=0, render=0, swap=0
2026-07-14 19:24:08.452 DEBUG qt.scenegraph.time.renderloop: [window 0x7f48b5903e40][gui thread] polishAndSync: start, elapsed since last call: 3 ms
2026-07-14 19:24:08.452 DEBUG qt.scenegraph.time.renderloop: [window 0x7f48b5903e40][render thread 0x7f48b57a2c20] syncAndRender: start, elapsed since last call: 3 ms
2026-07-14 19:24:08.452 DEBUG qt.scenegraph.time.renderloop: [window 0x7f48b5903e40][gui thread] Frame prepared, polish=0 ms, lock=0 ms, blockedForSync=0 ms, animations=0 ms
2026-07-14 19:24:08.452 DEBUG qt.scenegraph.time.renderer: time in renderer: total=0ms, preprocess=0, updates=0, rendering=0
2026-07-14 19:24:08.452 DEBUG qt.scenegraph.time.renderloop: [window 0x7f48b5903e40][render thread 0x7f48b57a2c20] syncAndRender: frame rendered in 0ms, sync=0, render=0, swap=0
2026-07-14 19:24:08.482 DEBUG qt.scenegraph.time.renderloop: [window 0x7f48b5903e40][gui thread] polishAndSync: start, elapsed since last call: 30 ms
2026-07-14 19:24:08.482 DEBUG qt.scenegraph.time.renderloop: [window 0x7f48b5903e40][render thread 0x7f48b57a2c20] syncAndRender: start, elapsed since last call: 30 ms
2026-07-14 19:24:08.482 DEBUG qt.scenegraph.time.renderloop: [window 0x7f48b5903e40][gui thread] Frame prepared, polish=0 ms, lock=0 ms, blockedForSync=0 ms, animations=0 ms
2026-07-14 19:24:08.482 DEBUG qt.scenegraph.time.renderer: time in renderer: total=0ms, preprocess=0, updates=0, rendering=0
2026-07-14 19:24:08.483 DEBUG qt.scenegraph.time.renderloop: [window 0x7f48b5903e40][render thread 0x7f48b57a2c20] syncAndRender: frame rendered in 0ms, sync=0, render=0, swap=0
2026-07-14 19:24:08.483 DEBUG qt.scenegraph.time.renderloop: [window 0x7f48b5903e40][gui thread] polishAndSync: start, elapsed since last call: 0 ms
2026-07-14 19:24:08.483 DEBUG qt.scenegraph.time.renderloop: [window 0x7f48b5903e40][render thread 0x7f48b57a2c20] syncAndRender: start, elapsed since last call: 0 ms
2026-07-14 19:24:08.483 DEBUG qt.scenegraph.time.renderloop: [window 0x7f48b5903e40][gui thread] Frame prepared, polish=0 ms, lock=0 ms, blockedForSync=0 ms, animations=0 ms
2026-07-14 19:24:08.483 DEBUG qt.scenegraph.time.renderer: time in renderer: total=0ms, preprocess=0, updates=0, rendering=0
2026-07-14 19:24:08.483 DEBUG qt.scenegraph.time.renderloop: [window 0x7f48b5903e40][render thread 0x7f48b57a2c20] syncAndRender: frame rendered in 0ms, sync=0, render=0, swap=0
2026-07-14 19:24:08.515 DEBUG qt.scenegraph.time.renderloop: [window 0x7f48b5903e40][gui thread] polishAndSync: start, elapsed since last call: 31 ms
2026-07-14 19:24:08.515 DEBUG qt.scenegraph.time.renderloop: [window 0x7f48b5903e40][render thread 0x7f48b57a2c20] syncAndRender: start, elapsed since last call: 32 ms
2026-07-14 19:24:08.515 DEBUG qt.scenegraph.time.renderloop: [window 0x7f48b5903e40][gui thread] Frame prepared, polish=0 ms, lock=0 ms, blockedForSync=0 ms, animations=0 ms
2026-07-14 19:24:08.515 DEBUG qt.scenegraph.time.renderer: time in renderer: total=0ms, preprocess=0, updates=0, rendering=0
2026-07-14 19:24:08.515 DEBUG qt.scenegraph.time.renderloop: [window 0x7f48b5903e40][render thread 0x7f48b57a2c20] syncAndRender: frame rendered in 0ms, sync=0, render=0, swap=0
2026-07-14 19:24:08.516 DEBUG qt.scenegraph.time.renderloop: [window 0x7f48b5903e40][gui thread] polishAndSync: start, elapsed since last call: 0 ms
2026-07-14 19:24:08.516 DEBUG qt.scenegraph.time.renderloop: [window 0x7f48b5903e40][render thread 0x7f48b57a2c20] syncAndRender: start, elapsed since last call: 0 ms
2026-07-14 19:24:08.516 DEBUG qt.scenegraph.time.renderloop: [window 0x7f48b5903e40][gui thread] Frame prepared, polish=0 ms, lock=0 ms, blockedForSync=0 ms, animations=0 ms
2026-07-14 19:24:08.516 DEBUG qt.scenegraph.time.renderer: time in renderer: total=0ms, preprocess=0, updates=0, rendering=0
2026-07-14 19:24:08.516 DEBUG qt.scenegraph.time.renderloop: [window 0x7f48b5903e40][render thread 0x7f48b57a2c20] syncAndRender: frame rendered in 0ms, sync=0, render=0, swap=0
2026-07-14 19:24:08.547 DEBUG qt.scenegraph.time.renderloop: [window 0x7f48b5903e40][gui thread] polishAndSync: start, elapsed since last call: 31 ms
2026-07-14 19:24:08.548 DEBUG qt.scenegraph.time.renderloop: [window 0x7f48b5903e40][render thread 0x7f48b57a2c20] syncAndRender: start, elapsed since last call: 31 ms
2026-07-14 19:24:08.548 DEBUG qt.scenegraph.time.renderloop: [window 0x7f48b5903e40][gui thread] Frame prepared, polish=0 ms, lock=0 ms, blockedForSync=0 ms, animations=0 ms
2026-07-14 19:24:08.548 DEBUG qt.scenegraph.time.renderer: time in renderer: total=0ms, preprocess=0, updates=0, rendering=0
2026-07-14 19:24:08.548 DEBUG qt.scenegraph.time.renderloop: [window 0x7f48b5903e40][render thread 0x7f48b57a2c20] syncAndRender: frame rendered in 0ms, sync=0, render=0, swap=0
2026-07-14 19:24:08.549 DEBUG qt.scenegraph.time.renderloop: [window 0x7f48b5903e40][gui thread] polishAndSync: start, elapsed since last call: 1 ms
2026-07-14 19:24:08.549 DEBUG qt.scenegraph.time.renderloop: [window 0x7f48b5903e40][render thread 0x7f48b57a2c20] syncAndRender: start, elapsed since last call: 1 ms
2026-07-14 19:24:08.549 DEBUG qt.scenegraph.time.renderloop: [window 0x7f48b5903e40][gui thread] Frame prepared, polish=0 ms, lock=0 ms, blockedForSync=0 ms, animations=0 ms
2026-07-14 19:24:08.549 DEBUG qt.scenegraph.time.renderer: time in renderer: total=0ms, preprocess=0, updates=0, rendering=0
2026-07-14 19:24:08.549 DEBUG qt.scenegraph.time.renderloop: [window 0x7f48b5903e40][render thread 0x7f48b57a2c20] syncAndRender: frame rendered in 0ms, sync=0, render=0, swap=0
2026-07-14 19:24:08.581 DEBUG qt.scenegraph.time.renderloop: [window 0x7f48b5903e40][gui thread] polishAndSync: start, elapsed since last call: 32 ms
2026-07-14 19:24:08.582 DEBUG qt.scenegraph.time.renderloop: [window 0x7f48b5903e40][render thread 0x7f48b57a2c20] syncAndRender: start, elapsed since last call: 32 ms
2026-07-14 19:24:08.582 DEBUG qt.scenegraph.time.renderloop: [window 0x7f48b5903e40][gui thread] Frame prepared, polish=0 ms, lock=0 ms, blockedForSync=0 ms, animations=0 ms
2026-07-14 19:24:08.582 DEBUG qt.scenegraph.time.renderer: time in renderer: total=0ms, preprocess=0, updates=0, rendering=0
2026-07-14 19:24:08.582 DEBUG qt.scenegraph.time.renderloop: [window 0x7f48b5903e40][render thread 0x7f48b57a2c20] syncAndRender: frame rendered in 0ms, sync=0, render=0, swap=0
2026-07-14 19:24:08.584 DEBUG qt.scenegraph.time.renderloop: [window 0x7f48b5903e40][gui thread] polishAndSync: start, elapsed since last call: 2 ms
2026-07-14 19:24:08.584 DEBUG qt.scenegraph.time.renderloop: [window 0x7f48b5903e40][render thread 0x7f48b57a2c20] syncAndRender: start, elapsed since last call: 2 ms
2026-07-14 19:24:08.584 DEBUG qt.scenegraph.time.renderloop: [window 0x7f48b5903e40][gui thread] Frame prepared, polish=0 ms, lock=0 ms, blockedForSync=0 ms, animations=0 ms
2026-07-14 19:24:08.584 DEBUG qt.scenegraph.time.renderer: time in renderer: total=0ms, preprocess=0, updates=0, rendering=0
2026-07-14 19:24:08.584 DEBUG qt.scenegraph.time.renderloop: [window 0x7f48b5903e40][render thread 0x7f48b57a2c20] syncAndRender: frame rendered in 0ms, sync=0, render=0, swap=0
2026-07-14 19:24:08.614 DEBUG qt.scenegraph.time.renderloop: [window 0x7f48b5903e40][gui thread] polishAndSync: start, elapsed since last call: 30 ms
2026-07-14 19:24:08.615 DEBUG qt.scenegraph.time.renderloop: [window 0x7f48b5903e40][render thread 0x7f48b57a2c20] syncAndRender: start, elapsed since last call: 30 ms
2026-07-14 19:24:08.615 DEBUG qt.scenegraph.time.renderloop: [window 0x7f48b5903e40][gui thread] Frame prepared, polish=0 ms, lock=0 ms, blockedForSync=0 ms, animations=0 ms
2026-07-14 19:24:08.615 DEBUG qt.scenegraph.time.renderer: time in renderer: total=0ms, preprocess=0, updates=0, rendering=0
2026-07-14 19:24:08.615 DEBUG qt.scenegraph.time.renderloop: [window 0x7f48b5903e40][render thread 0x7f48b57a2c20] syncAndRender: frame rendered in 0ms, sync=0, render=0, swap=0
2026-07-14 19:24:08.619 DEBUG qt.scenegraph.time.renderloop: [window 0x7f48b5903e40][gui thread] polishAndSync: start, elapsed since last call: 4 ms
2026-07-14 19:24:08.619 DEBUG qt.scenegraph.time.renderloop: [window 0x7f48b5903e40][render thread 0x7f48b57a2c20] syncAndRender: start, elapsed since last call: 4 ms
2026-07-14 19:24:08.619 DEBUG qt.scenegraph.time.renderloop: [window 0x7f48b5903e40][gui thread] Frame prepared, polish=0 ms, lock=0 ms, blockedForSync=0 ms, animations=0 ms
2026-07-14 19:24:08.619 DEBUG qt.scenegraph.time.renderer: time in renderer: total=0ms, preprocess=0, updates=0, rendering=0
2026-07-14 19:24:08.619 DEBUG qt.scenegraph.time.renderloop: [window 0x7f48b5903e40][render thread 0x7f48b57a2c20] syncAndRender: frame rendered in 0ms, sync=0, render=0, swap=0
2026-07-14 19:24:08.647 DEBUG qt.scenegraph.time.renderloop: [window 0x7f48b5903e40][gui thread] polishAndSync: start, elapsed since last call: 28 ms
2026-07-14 19:24:08.649 DEBUG qt.scenegraph.time.renderloop: [window 0x7f48b5903e40][render thread 0x7f48b57a2c20] syncAndRender: start, elapsed since last call: 30 ms
2026-07-14 19:24:08.649 DEBUG qt.scenegraph.time.renderloop: [window 0x7f48b5903e40][gui thread] Frame prepared, polish=2 ms, lock=0 ms, blockedForSync=0 ms, animations=0 ms
2026-07-14 19:24:08.649 DEBUG qt.scenegraph.time.renderer: time in renderer: total=0ms, preprocess=0, updates=0, rendering=0
2026-07-14 19:24:08.649 DEBUG qt.scenegraph.time.renderloop: [window 0x7f48b5903e40][render thread 0x7f48b57a2c20] syncAndRender: frame rendered in 0ms, sync=0, render=0, swap=0
2026-07-14 19:24:08.650 DEBUG qt.scenegraph.time.renderloop: [window 0x7f48b5903e40][gui thread] polishAndSync: start, elapsed since last call: 3 ms
2026-07-14 19:24:08.650 DEBUG qt.scenegraph.time.renderloop: [window 0x7f48b5903e40][render thread 0x7f48b57a2c20] syncAndRender: start, elapsed since last call: 0 ms
2026-07-14 19:24:08.650 DEBUG qt.scenegraph.time.renderloop: [window 0x7f48b5903e40][gui thread] Frame prepared, polish=0 ms, lock=0 ms, blockedForSync=0 ms, animations=0 ms
2026-07-14 19:24:08.650 DEBUG qt.scenegraph.time.renderer: time in renderer: total=0ms, preprocess=0, updates=0, rendering=0
2026-07-14 19:24:08.650 DEBUG qt.scenegraph.time.renderloop: [window 0x7f48b5903e40][render thread 0x7f48b57a2c20] syncAndRender: frame rendered in 0ms, sync=0, render=0, swap=0
2026-07-14 19:24:08.680 DEBUG qt.scenegraph.time.renderloop: [window 0x7f48b5903e40][gui thread] polishAndSync: start, elapsed since last call: 29 ms
2026-07-14 19:24:08.680 DEBUG qt.scenegraph.time.renderloop: [window 0x7f48b5903e40][render thread 0x7f48b57a2c20] syncAndRender: start, elapsed since last call: 29 ms
2026-07-14 19:24:08.680 DEBUG qt.scenegraph.time.renderloop: [window 0x7f48b5903e40][gui thread] Frame prepared, polish=0 ms, lock=0 ms, blockedForSync=0 ms, animations=0 ms
2026-07-14 19:24:08.680 DEBUG qt.scenegraph.time.renderer: time in renderer: total=0ms, preprocess=0, updates=0, rendering=0
2026-07-14 19:24:08.680 DEBUG qt.scenegraph.time.renderloop: [window 0x7f48b5903e40][render thread 0x7f48b57a2c20] syncAndRender: frame rendered in 0ms, sync=0, render=0, swap=0
2026-07-14 19:24:08.681 DEBUG qt.scenegraph.time.renderloop: [window 0x7f48b5903e40][gui thread] polishAndSync: start, elapsed since last call: 0 ms
2026-07-14 19:24:08.681 DEBUG qt.scenegraph.time.renderloop: [window 0x7f48b5903e40][render thread 0x7f48b57a2c20] syncAndRender: start, elapsed since last call: 0 ms
2026-07-14 19:24:08.681 DEBUG qt.scenegraph.time.renderloop: [window 0x7f48b5903e40][gui thread] Frame prepared, polish=0 ms, lock=0 ms, blockedForSync=0 ms, animations=0 ms
2026-07-14 19:24:08.681 DEBUG qt.scenegraph.time.renderer: time in renderer: total=0ms, preprocess=0, updates=0, rendering=0
2026-07-14 19:24:08.681 DEBUG qt.scenegraph.time.renderloop: [window 0x7f48b5903e40][render thread 0x7f48b57a2c20] syncAndRender: frame rendered in 0ms, sync=0, render=0, swap=0
2026-07-14 19:24:08.712 DEBUG qt.scenegraph.time.renderloop: [window 0x7f48b5903e40][gui thread] polishAndSync: start, elapsed since last call: 31 ms
2026-07-14 19:24:08.713 DEBUG qt.scenegraph.time.renderloop: [window 0x7f48b5903e40][render thread 0x7f48b57a2c20] syncAndRender: start, elapsed since last call: 32 ms
2026-07-14 19:24:08.713 DEBUG qt.scenegraph.time.renderloop: [window 0x7f48b5903e40][gui thread] Frame prepared, polish=0 ms, lock=0 ms, blockedForSync=0 ms, animations=0 ms
2026-07-14 19:24:08.713 DEBUG qt.scenegraph.time.renderer: time in renderer: total=0ms, preprocess=0, updates=0, rendering=0
2026-07-14 19:24:08.713 DEBUG qt.scenegraph.time.renderloop: [window 0x7f48b5903e40][render thread 0x7f48b57a2c20] syncAndRender: frame rendered in 0ms, sync=0, render=0, swap=0
2026-07-14 19:24:08.713 DEBUG qt.scenegraph.time.renderloop: [window 0x7f48b5903e40][gui thread] polishAndSync: start, elapsed since last call: 1 ms
2026-07-14 19:24:08.713 DEBUG qt.scenegraph.time.renderloop: [window 0x7f48b5903e40][render thread 0x7f48b57a2c20] syncAndRender: start, elapsed since last call: 0 ms
2026-07-14 19:24:08.713 DEBUG qt.scenegraph.time.renderloop: [window 0x7f48b5903e40][gui thread] Frame prepared, polish=0 ms, lock=0 ms, blockedForSync=0 ms, animations=0 ms
2026-07-14 19:24:08.713 DEBUG qt.scenegraph.time.renderer: time in renderer: total=0ms, preprocess=0, updates=0, rendering=0
2026-07-14 19:24:08.714 DEBUG qt.scenegraph.time.renderloop: [window 0x7f48b5903e40][render thread 0x7f48b57a2c20] syncAndRender: frame rendered in 0ms, sync=0, render=0, swap=0
2026-07-14 19:24:08.746 DEBUG qt.scenegraph.time.renderloop: [window 0x7f48b5903e40][gui thread] polishAndSync: start, elapsed since last call: 32 ms
2026-07-14 19:24:08.747 DEBUG qt.scenegraph.time.renderloop: [window 0x7f48b5903e40][render thread 0x7f48b57a2c20] syncAndRender: start, elapsed since last call: 33 ms
2026-07-14 19:24:08.747 DEBUG qt.scenegraph.time.renderloop: [window 0x7f48b5903e40][gui thread] Frame prepared, polish=0 ms, lock=0 ms, blockedForSync=0 ms, animations=0 ms
2026-07-14 19:24:08.747 DEBUG qt.scenegraph.time.renderer: time in renderer: total=0ms, preprocess=0, updates=0, rendering=0
2026-07-14 19:24:08.747 DEBUG qt.scenegraph.time.renderloop: [window 0x7f48b5903e40][render thread 0x7f48b57a2c20] syncAndRender: frame rendered in 0ms, sync=0, render=0, swap=0
2026-07-14 19:24:08.747 DEBUG qt.scenegraph.time.renderloop: [window 0x7f48b5903e40][gui thread] polishAndSync: start, elapsed since last call: 1 ms
2026-07-14 19:24:08.747 DEBUG qt.scenegraph.time.renderloop: [window 0x7f48b5903e40][render thread 0x7f48b57a2c20] syncAndRender: start, elapsed since last call: 0 ms
2026-07-14 19:24:08.747 DEBUG qt.scenegraph.time.renderloop: [window 0x7f48b5903e40][gui thread] Frame prepared, polish=0 ms, lock=0 ms, blockedForSync=0 ms, animations=0 ms
2026-07-14 19:24:08.747 DEBUG qt.scenegraph.time.renderer: time in renderer: total=0ms, preprocess=0, updates=0, rendering=0
2026-07-14 19:24:08.748 DEBUG qt.scenegraph.time.renderloop: [window 0x7f48b5903e40][render thread 0x7f48b57a2c20] syncAndRender: frame rendered in 0ms, sync=0, render=0, swap=0
2026-07-14 19:24:08.779 DEBUG qt.scenegraph.time.renderloop: [window 0x7f48b5903e40][gui thread] polishAndSync: start, elapsed since last call: 31 ms
2026-07-14 19:24:08.779 DEBUG qt.scenegraph.time.renderloop: [window 0x7f48b5903e40][render thread 0x7f48b57a2c20] syncAndRender: start, elapsed since last call: 31 ms
2026-07-14 19:24:08.779 DEBUG qt.scenegraph.time.renderloop: [window 0x7f48b5903e40][gui thread] Frame prepared, polish=0 ms, lock=0 ms, blockedForSync=0 ms, animations=0 ms
2026-07-14 19:24:08.779 DEBUG qt.scenegraph.time.renderer: time in renderer: total=0ms, preprocess=0, updates=0, rendering=0
2026-07-14 19:24:08.779 DEBUG qt.scenegraph.time.renderloop: [window 0x7f48b5903e40][render thread 0x7f48b57a2c20] syncAndRender: frame rendered in 0ms, sync=0, render=0, swap=0
2026-07-14 19:24:08.780 DEBUG qt.scenegraph.time.renderloop: [window 0x7f48b5903e40][gui thread] polishAndSync: start, elapsed since last call: 1 ms
2026-07-14 19:24:08.780 DEBUG qt.scenegraph.time.renderloop: [window 0x7f48b5903e40][render thread 0x7f48b57a2c20] syncAndRender: start, elapsed since last call: 0 ms
2026-07-14 19:24:08.780 DEBUG qt.scenegraph.time.renderloop: [window 0x7f48b5903e40][gui thread] Frame prepared, polish=0 ms, lock=0 ms, blockedForSync=0 ms, animations=0 ms
2026-07-14 19:24:08.780 DEBUG qt.scenegraph.time.renderer: time in renderer: total=0ms, preprocess=0, updates=0, rendering=0
2026-07-14 19:24:08.780 DEBUG qt.scenegraph.time.renderloop: [window 0x7f48b5903e40][render thread 0x7f48b57a2c20] syncAndRender: frame rendered in 0ms, sync=0, render=0, swap=0
2026-07-14 19:24:08.812 DEBUG qt.scenegraph.time.renderloop: [window 0x7f48b5903e40][gui thread] polishAndSync: start, elapsed since last call: 31 ms
2026-07-14 19:24:08.812 DEBUG qt.scenegraph.time.renderloop: [window 0x7f48b5903e40][render thread 0x7f48b57a2c20] syncAndRender: start, elapsed since last call: 32 ms
2026-07-14 19:24:08.812 DEBUG qt.scenegraph.time.renderloop: [window 0x7f48b5903e40][gui thread] Frame prepared, polish=0 ms, lock=0 ms, blockedForSync=0 ms, animations=0 ms
2026-07-14 19:24:08.812 DEBUG qt.scenegraph.time.renderer: time in renderer: total=0ms, preprocess=0, updates=0, rendering=0
2026-07-14 19:24:08.812 DEBUG qt.scenegraph.time.renderloop: [window 0x7f48b5903e40][render thread 0x7f48b57a2c20] syncAndRender: frame rendered in 0ms, sync=0, render=0, swap=0
2026-07-14 19:24:08.813 DEBUG qt.scenegraph.time.renderloop: [window 0x7f48b5903e40][gui thread] polishAndSync: start, elapsed since last call: 1 ms
2026-07-14 19:24:08.813 DEBUG qt.scenegraph.time.renderloop: [window 0x7f48b5903e40][render thread 0x7f48b57a2c20] syncAndRender: start, elapsed since last call: 0 ms
2026-07-14 19:24:08.813 DEBUG qt.scenegraph.time.renderloop: [window 0x7f48b5903e40][gui thread] Frame prepared, polish=0 ms, lock=0 ms, blockedForSync=0 ms, animations=0 ms
2026-07-14 19:24:08.813 DEBUG qt.scenegraph.time.renderer: time in renderer: total=0ms, preprocess=0, updates=0, rendering=0
2026-07-14 19:24:08.813 DEBUG qt.scenegraph.time.renderloop: [window 0x7f48b5903e40][render thread 0x7f48b57a2c20] syncAndRender: frame rendered in 0ms, sync=0, render=0, swap=0
2026-07-14 19:24:08.845 DEBUG qt.scenegraph.time.renderloop: [window 0x7f48b5903e40][gui thread] polishAndSync: start, elapsed since last call: 31 ms
2026-07-14 19:24:08.845 DEBUG qt.scenegraph.time.renderloop: [window 0x7f48b5903e40][render thread 0x7f48b57a2c20] syncAndRender: start, elapsed since last call: 31 ms
2026-07-14 19:24:08.845 DEBUG qt.scenegraph.time.renderloop: [window 0x7f48b5903e40][gui thread] Frame prepared, polish=0 ms, lock=0 ms, blockedForSync=0 ms, animations=0 ms
2026-07-14 19:24:08.845 DEBUG qt.scenegraph.time.renderer: time in renderer: total=0ms, preprocess=0, updates=0, rendering=0
2026-07-14 19:24:08.845 DEBUG qt.scenegraph.time.renderloop: [window 0x7f48b5903e40][render thread 0x7f48b57a2c20] syncAndRender: frame rendered in 0ms, sync=0, render=0, swap=0
2026-07-14 19:24:08.846 DEBUG qt.scenegraph.time.renderloop: [window 0x7f48b5903e40][gui thread] polishAndSync: start, elapsed since last call: 1 ms
2026-07-14 19:24:08.846 DEBUG qt.scenegraph.time.renderloop: [window 0x7f48b5903e40][render thread 0x7f48b57a2c20] syncAndRender: start, elapsed since last call: 0 ms
2026-07-14 19:24:08.846 DEBUG qt.scenegraph.time.renderloop: [window 0x7f48b5903e40][gui thread] Frame prepared, polish=0 ms, lock=0 ms, blockedForSync=0 ms, animations=0 ms
2026-07-14 19:24:08.846 DEBUG qt.scenegraph.time.renderer: time in renderer: total=0ms, preprocess=0, updates=0, rendering=0
2026-07-14 19:24:08.846 DEBUG qt.scenegraph.time.renderloop: [window 0x7f48b5903e40][render thread 0x7f48b57a2c20] syncAndRender: frame rendered in 0ms, sync=0, render=0, swap=0
2026-07-14 19:24:08.877 DEBUG qt.scenegraph.time.renderloop: [window 0x7f48b5903e40][gui thread] polishAndSync: start, elapsed since last call: 31 ms
2026-07-14 19:24:08.877 DEBUG qt.scenegraph.time.renderloop: [window 0x7f48b5903e40][render thread 0x7f48b57a2c20] syncAndRender: start, elapsed since last call: 31 ms
2026-07-14 19:24:08.877 DEBUG qt.scenegraph.time.renderloop: [window 0x7f48b5903e40][gui thread] Frame prepared, polish=0 ms, lock=0 ms, blockedForSync=0 ms, animations=0 ms
2026-07-14 19:24:08.878 DEBUG qt.scenegraph.time.renderer: time in renderer: total=0ms, preprocess=0, updates=0, rendering=0
2026-07-14 19:24:08.878 DEBUG qt.scenegraph.time.renderloop: [window 0x7f48b5903e40][render thread 0x7f48b57a2c20] syncAndRender: frame rendered in 0ms, sync=0, render=0, swap=0
2026-07-14 19:24:08.878 DEBUG qt.scenegraph.time.renderloop: [window 0x7f48b5903e40][gui thread] polishAndSync: start, elapsed since last call: 0 ms
2026-07-14 19:24:08.878 DEBUG qt.scenegraph.time.renderloop: [window 0x7f48b5903e40][render thread 0x7f48b57a2c20] syncAndRender: start, elapsed since last call: 0 ms
2026-07-14 19:24:08.878 DEBUG qt.scenegraph.time.renderloop: [window 0x7f48b5903e40][gui thread] Frame prepared, polish=0 ms, lock=0 ms, blockedForSync=0 ms, animations=0 ms
2026-07-14 19:24:08.878 DEBUG qt.scenegraph.time.renderer: time in renderer: total=0ms, preprocess=0, updates=0, rendering=0
2026-07-14 19:24:08.878 DEBUG qt.scenegraph.time.renderloop: [window 0x7f48b5903e40][render thread 0x7f48b57a2c20] syncAndRender: frame rendered in 0ms, sync=0, render=0, swap=0
2026-07-14 19:24:08.911 DEBUG qt.scenegraph.time.renderloop: [window 0x7f48b5903e40][gui thread] polishAndSync: start, elapsed since last call: 32 ms
2026-07-14 19:24:08.911 DEBUG qt.scenegraph.time.renderloop: [window 0x7f48b5903e40][render thread 0x7f48b57a2c20] syncAndRender: start, elapsed since last call: 33 ms
2026-07-14 19:24:08.911 DEBUG qt.scenegraph.time.renderloop: [window 0x7f48b5903e40][gui thread] Frame prepared, polish=0 ms, lock=0 ms, blockedForSync=0 ms, animations=0 ms
2026-07-14 19:24:08.911 DEBUG qt.scenegraph.time.renderer: time in renderer: total=0ms, preprocess=0, updates=0, rendering=0
2026-07-14 19:24:08.912 DEBUG qt.scenegraph.time.renderloop: [window 0x7f48b5903e40][render thread 0x7f48b57a2c20] syncAndRender: frame rendered in 0ms, sync=0, render=0, swap=0
2026-07-14 19:24:08.912 DEBUG qt.scenegraph.time.renderloop: [window 0x7f48b5903e40][gui thread] polishAndSync: start, elapsed since last call: 1 ms
2026-07-14 19:24:08.912 DEBUG qt.scenegraph.time.renderloop: [window 0x7f48b5903e40][render thread 0x7f48b57a2c20] syncAndRender: start, elapsed since last call: 0 ms
2026-07-14 19:24:08.912 DEBUG qt.scenegraph.time.renderloop: [window 0x7f48b5903e40][gui thread] Frame prepared, polish=0 ms, lock=0 ms, blockedForSync=0 ms, animations=0 ms
2026-07-14 19:24:08.912 DEBUG qt.scenegraph.time.renderer: time in renderer: total=0ms, preprocess=0, updates=0, rendering=0
2026-07-14 19:24:08.912 DEBUG qt.scenegraph.time.renderloop: [window 0x7f48b5903e40][render thread 0x7f48b57a2c20] syncAndRender: frame rendered in 0ms, sync=0, render=0, swap=0
2026-07-14 19:24:08.944 DEBUG qt.scenegraph.time.renderloop: [window 0x7f48b5903e40][gui thread] polishAndSync: start, elapsed since last call: 31 ms
2026-07-14 19:24:08.944 DEBUG qt.scenegraph.time.renderloop: [window 0x7f48b5903e40][render thread 0x7f48b57a2c20] syncAndRender: start, elapsed since last call: 31 ms
2026-07-14 19:24:08.944 DEBUG qt.scenegraph.time.renderloop: [window 0x7f48b5903e40][gui thread] Frame prepared, polish=0 ms, lock=0 ms, blockedForSync=0 ms, animations=0 ms
2026-07-14 19:24:08.944 DEBUG qt.scenegraph.time.renderer: time in renderer: total=0ms, preprocess=0, updates=0, rendering=0
2026-07-14 19:24:08.944 DEBUG qt.scenegraph.time.renderloop: [window 0x7f48b5903e40][render thread 0x7f48b57a2c20] syncAndRender: frame rendered in 0ms, sync=0, render=0, swap=0
2026-07-14 19:24:08.945 DEBUG qt.scenegraph.time.renderloop: [window 0x7f48b5903e40][gui thread] polishAndSync: start, elapsed since last call: 1 ms
2026-07-14 19:24:08.945 DEBUG qt.scenegraph.time.renderloop: [window 0x7f48b5903e40][render thread 0x7f48b57a2c20] syncAndRender: start, elapsed since last call: 0 ms
2026-07-14 19:24:08.945 DEBUG qt.scenegraph.time.renderloop: [window 0x7f48b5903e40][gui thread] Frame prepared, polish=0 ms, lock=0 ms, blockedForSync=0 ms, animations=0 ms
2026-07-14 19:24:08.945 DEBUG qt.scenegraph.time.renderer: time in renderer: total=0ms, preprocess=0, updates=0, rendering=0
2026-07-14 19:24:08.945 DEBUG qt.scenegraph.time.renderloop: [window 0x7f48b5903e40][render thread 0x7f48b57a2c20] syncAndRender: frame rendered in 0ms, sync=0, render=0, swap=0
2026-07-14 19:24:08.976 DEBUG qt.scenegraph.time.renderloop: [window 0x7f48b5903e40][gui thread] polishAndSync: start, elapsed since last call: 31 ms
2026-07-14 19:24:08.977 DEBUG qt.scenegraph.time.renderloop: [window 0x7f48b5903e40][render thread 0x7f48b57a2c20] syncAndRender: start, elapsed since last call: 31 ms
2026-07-14 19:24:08.977 DEBUG qt.scenegraph.time.renderloop: [window 0x7f48b5903e40][gui thread] Frame prepared, polish=0 ms, lock=0 ms, blockedForSync=0 ms, animations=0 ms
2026-07-14 19:24:08.977 DEBUG qt.scenegraph.time.renderer: time in renderer: total=0ms, preprocess=0, updates=0, rendering=0
2026-07-14 19:24:08.977 DEBUG qt.scenegraph.time.renderloop: [window 0x7f48b5903e40][render thread 0x7f48b57a2c20] syncAndRender: frame rendered in 0ms, sync=0, render=0, swap=0
2026-07-14 19:24:08.977 DEBUG qt.scenegraph.time.renderloop: [window 0x7f48b5903e40][gui thread] polishAndSync: start, elapsed since last call: 1 ms
2026-07-14 19:24:08.978 DEBUG qt.scenegraph.time.renderloop: [window 0x7f48b5903e40][render thread 0x7f48b57a2c20] syncAndRender: start, elapsed since last call: 0 ms
2026-07-14 19:24:08.978 DEBUG qt.scenegraph.time.renderloop: [window 0x7f48b5903e40][gui thread] Frame prepared, polish=0 ms, lock=0 ms, blockedForSync=0 ms, animations=0 ms
2026-07-14 19:24:08.978 DEBUG qt.scenegraph.time.renderer: time in renderer: total=0ms, preprocess=0, updates=0, rendering=0
2026-07-14 19:24:08.978 DEBUG qt.scenegraph.time.renderloop: [window 0x7f48b5903e40][render thread 0x7f48b57a2c20] syncAndRender: frame rendered in 0ms, sync=0, render=0, swap=0
2026-07-14 19:24:09.009 DEBUG qt.scenegraph.time.renderloop: [window 0x7f48b5903e40][gui thread] polishAndSync: start, elapsed since last call: 31 ms
2026-07-14 19:24:09.010 DEBUG qt.scenegraph.time.renderloop: [window 0x7f48b5903e40][render thread 0x7f48b57a2c20] syncAndRender: start, elapsed since last call: 32 ms
2026-07-14 19:24:09.010 DEBUG qt.scenegraph.time.renderloop: [window 0x7f48b5903e40][gui thread] Frame prepared, polish=0 ms, lock=0 ms, blockedForSync=0 ms, animations=0 ms
2026-07-14 19:24:09.010 DEBUG qt.scenegraph.time.renderer: time in renderer: total=0ms, preprocess=0, updates=0, rendering=0
2026-07-14 19:24:09.010 DEBUG qt.scenegraph.time.renderloop: [window 0x7f48b5903e40][render thread 0x7f48b57a2c20] syncAndRender: frame rendered in 0ms, sync=0, render=0, swap=0
2026-07-14 19:24:09.010 DEBUG qt.scenegraph.time.renderloop: [window 0x7f48b5903e40][gui thread] polishAndSync: start, elapsed since last call: 1 ms
2026-07-14 19:24:09.010 DEBUG qt.scenegraph.time.renderloop: [window 0x7f48b5903e40][render thread 0x7f48b57a2c20] syncAndRender: start, elapsed since last call: 0 ms
2026-07-14 19:24:09.010 DEBUG qt.scenegraph.time.renderloop: [window 0x7f48b5903e40][gui thread] Frame prepared, polish=0 ms, lock=0 ms, blockedForSync=0 ms, animations=0 ms
2026-07-14 19:24:09.010 DEBUG qt.scenegraph.time.renderer: time in renderer: total=0ms, preprocess=0, updates=0, rendering=0
2026-07-14 19:24:09.011 DEBUG qt.scenegraph.time.renderloop: [window 0x7f48b5903e40][render thread 0x7f48b57a2c20] syncAndRender: frame rendered in 0ms, sync=0, render=0, swap=0
2026-07-14 19:24:09.043 DEBUG qt.scenegraph.time.renderloop: [window 0x7f48b5903e40][gui thread] polishAndSync: start, elapsed since last call: 32 ms
2026-07-14 19:24:09.043 DEBUG qt.scenegraph.time.renderloop: [window 0x7f48b5903e40][render thread 0x7f48b57a2c20] syncAndRender: start, elapsed since last call: 32 ms
2026-07-14 19:24:09.043 DEBUG qt.scenegraph.time.renderloop: [window 0x7f48b5903e40][gui thread] Frame prepared, polish=0 ms, lock=0 ms, blockedForSync=0 ms, animations=0 ms
2026-07-14 19:24:09.043 DEBUG qt.scenegraph.time.renderer: time in renderer: total=0ms, preprocess=0, updates=0, rendering=0
2026-07-14 19:24:09.044 DEBUG qt.scenegraph.time.renderloop: [window 0x7f48b5903e40][render thread 0x7f48b57a2c20] syncAndRender: frame rendered in 0ms, sync=0, render=0, swap=0
2026-07-14 19:24:09.044 DEBUG qt.scenegraph.time.renderloop: [window 0x7f48b5903e40][gui thread] polishAndSync: start, elapsed since last call: 1 ms
2026-07-14 19:24:09.044 DEBUG qt.scenegraph.time.renderloop: [window 0x7f48b5903e40][render thread 0x7f48b57a2c20] syncAndRender: start, elapsed since last call: 0 ms
2026-07-14 19:24:09.044 DEBUG qt.scenegraph.time.renderloop: [window 0x7f48b5903e40][gui thread] Frame prepared, polish=0 ms, lock=0 ms, blockedForSync=0 ms, animations=0 ms
2026-07-14 19:24:09.044 DEBUG qt.scenegraph.time.renderer: time in renderer: total=0ms, preprocess=0, updates=0, rendering=0
2026-07-14 19:24:09.044 DEBUG qt.scenegraph.time.renderloop: [window 0x7f48b5903e40][render thread 0x7f48b57a2c20] syncAndRender: frame rendered in 0ms, sync=0, render=0, swap=0
2026-07-14 19:24:09.076 DEBUG qt.scenegraph.time.renderloop: [window 0x7f48b5903e40][gui thread] polishAndSync: start, elapsed since last call: 31 ms
2026-07-14 19:24:09.076 DEBUG qt.scenegraph.time.renderloop: [window 0x7f48b5903e40][render thread 0x7f48b57a2c20] syncAndRender: start, elapsed since last call: 32 ms
2026-07-14 19:24:09.076 DEBUG qt.scenegraph.time.renderloop: [window 0x7f48b5903e40][gui thread] Frame prepared, polish=0 ms, lock=0 ms, blockedForSync=0 ms, animations=0 ms
2026-07-14 19:24:09.076 DEBUG qt.scenegraph.time.renderer: time in renderer: total=0ms, preprocess=0, updates=0, rendering=0
2026-07-14 19:24:09.077 DEBUG qt.scenegraph.time.renderloop: [window 0x7f48b5903e40][render thread 0x7f48b57a2c20] syncAndRender: frame rendered in 0ms, sync=0, render=0, swap=0
2026-07-14 19:24:09.077 DEBUG qt.scenegraph.time.renderloop: [window 0x7f48b5903e40][gui thread] polishAndSync: start, elapsed since last call: 1 ms
2026-07-14 19:24:09.077 DEBUG qt.scenegraph.time.renderloop: [window 0x7f48b5903e40][render thread 0x7f48b57a2c20] syncAndRender: start, elapsed since last call: 0 ms
2026-07-14 19:24:09.077 DEBUG qt.scenegraph.time.renderloop: [window 0x7f48b5903e40][gui thread] Frame prepared, polish=0 ms, lock=0 ms, blockedForSync=0 ms, animations=0 ms
2026-07-14 19:24:09.077 DEBUG qt.scenegraph.time.renderer: time in renderer: total=0ms, preprocess=0, updates=0, rendering=0
2026-07-14 19:24:09.077 DEBUG qt.scenegraph.time.renderloop: [window 0x7f48b5903e40][render thread 0x7f48b57a2c20] syncAndRender: frame rendered in 0ms, sync=0, render=0, swap=0
2026-07-14 19:24:09.109 DEBUG qt.scenegraph.time.renderloop: [window 0x7f48b5903e40][gui thread] polishAndSync: start, elapsed since last call: 31 ms
2026-07-14 19:24:09.109 DEBUG qt.scenegraph.time.renderloop: [window 0x7f48b5903e40][render thread 0x7f48b57a2c20] syncAndRender: start, elapsed since last call: 32 ms
2026-07-14 19:24:09.109 DEBUG qt.scenegraph.time.renderloop: [window 0x7f48b5903e40][gui thread] Frame prepared, polish=0 ms, lock=0 ms, blockedForSync=0 ms, animations=0 ms
2026-07-14 19:24:09.109 DEBUG qt.scenegraph.time.renderer: time in renderer: total=0ms, preprocess=0, updates=0, rendering=0
2026-07-14 19:24:09.109 DEBUG qt.scenegraph.time.renderloop: [window 0x7f48b5903e40][render thread 0x7f48b57a2c20] syncAndRender: frame rendered in 0ms, sync=0, render=0, swap=0
2026-07-14 19:24:09.110 DEBUG qt.scenegraph.time.renderloop: [window 0x7f48b5903e40][gui thread] polishAndSync: start, elapsed since last call: 1 ms
2026-07-14 19:24:09.110 DEBUG qt.scenegraph.time.renderloop: [window 0x7f48b5903e40][render thread 0x7f48b57a2c20] syncAndRender: start, elapsed since last call: 0 ms
2026-07-14 19:24:09.110 DEBUG qt.scenegraph.time.renderloop: [window 0x7f48b5903e40][gui thread] Frame prepared, polish=0 ms, lock=0 ms, blockedForSync=0 ms, animations=0 ms
2026-07-14 19:24:09.110 DEBUG qt.scenegraph.time.renderer: time in renderer: total=0ms, preprocess=0, updates=0, rendering=0
2026-07-14 19:24:09.110 DEBUG qt.scenegraph.time.renderloop: [window 0x7f48b5903e40][render thread 0x7f48b57a2c20] syncAndRender: frame rendered in 0ms, sync=0, render=0, swap=0
2026-07-14 19:24:09.141 DEBUG qt.scenegraph.time.renderloop: [window 0x7f48b5903e40][gui thread] polishAndSync: start, elapsed since last call: 31 ms
2026-07-14 19:24:09.142 DEBUG qt.scenegraph.time.renderloop: [window 0x7f48b5903e40][render thread 0x7f48b57a2c20] syncAndRender: start, elapsed since last call: 31 ms
2026-07-14 19:24:09.142 DEBUG qt.scenegraph.time.renderloop: [window 0x7f48b5903e40][gui thread] Frame prepared, polish=0 ms, lock=0 ms, blockedForSync=0 ms, animations=0 ms
2026-07-14 19:24:09.142 DEBUG qt.scenegraph.time.renderer: time in renderer: total=0ms, preprocess=0, updates=0, rendering=0
2026-07-14 19:24:09.142 DEBUG qt.scenegraph.time.renderloop: [window 0x7f48b5903e40][render thread 0x7f48b57a2c20] syncAndRender: frame rendered in 0ms, sync=0, render=0, swap=0
2026-07-14 19:24:09.142 DEBUG qt.scenegraph.time.renderloop: [window 0x7f48b5903e40][gui thread] polishAndSync: start, elapsed since last call: 1 ms
2026-07-14 19:24:09.142 DEBUG qt.scenegraph.time.renderloop: [window 0x7f48b5903e40][render thread 0x7f48b57a2c20] syncAndRender: start, elapsed since last call: 0 ms
2026-07-14 19:24:09.142 DEBUG qt.scenegraph.time.renderloop: [window 0x7f48b5903e40][gui thread] Frame prepared, polish=0 ms, lock=0 ms, blockedForSync=0 ms, animations=0 ms
2026-07-14 19:24:09.143 DEBUG qt.scenegraph.time.renderer: time in renderer: total=0ms, preprocess=0, updates=0, rendering=0
2026-07-14 19:24:09.143 DEBUG qt.scenegraph.time.renderloop: [window 0x7f48b5903e40][render thread 0x7f48b57a2c20] syncAndRender: frame rendered in 0ms, sync=0, render=0, swap=0
2026-07-14 19:24:09.176 DEBUG qt.scenegraph.time.renderloop: [window 0x7f48b5903e40][gui thread] polishAndSync: start, elapsed since last call: 33 ms
2026-07-14 19:24:09.176 DEBUG qt.scenegraph.time.renderloop: [window 0x7f48b5903e40][render thread 0x7f48b57a2c20] syncAndRender: start, elapsed since last call: 33 ms
2026-07-14 19:24:09.176 DEBUG qt.scenegraph.time.renderloop: [window 0x7f48b5903e40][gui thread] Frame prepared, polish=0 ms, lock=0 ms, blockedForSync=0 ms, animations=0 ms
2026-07-14 19:24:09.176 DEBUG qt.scenegraph.time.renderer: time in renderer: total=0ms, preprocess=0, updates=0, rendering=0
2026-07-14 19:24:09.176 DEBUG qt.scenegraph.time.renderloop: [window 0x7f48b5903e40][render thread 0x7f48b57a2c20] syncAndRender: frame rendered in 0ms, sync=0, render=0, swap=0
2026-07-14 19:24:09.177 DEBUG qt.scenegraph.time.renderloop: [window 0x7f48b3b9a3d0][gui thread] polishAndSync: start, elapsed since last call: 1954 ms
2026-07-14 19:24:09.177 DEBUG qt.scenegraph.time.renderloop: [window 0x7f48b3b9a3d0][render thread 0x7f48d880cd60] syncAndRender: start, elapsed since last call: 1954 ms
2026-07-14 19:24:09.177 DEBUG qt.scenegraph.time.renderloop: [window 0x7f48b3b9a3d0][gui thread] Frame prepared, polish=0 ms, lock=0 ms, blockedForSync=0 ms, animations=0 ms
2026-07-14 19:24:09.177 DEBUG qt.scenegraph.time.renderloop: [window 0x7f48b5903e40][gui thread] polishAndSync: start, elapsed since last call: 1 ms
2026-07-14 19:24:09.177 DEBUG qt.scenegraph.time.renderer: time in renderer: total=0ms, preprocess=0, updates=0, rendering=0
2026-07-14 19:24:09.177 DEBUG qt.scenegraph.time.renderloop: [window 0x7f48b5903e40][render thread 0x7f48b57a2c20] syncAndRender: start, elapsed since last call: 0 ms
2026-07-14 19:24:09.177 DEBUG qt.scenegraph.time.renderloop: [window 0x7f48b5903e40][gui thread] Frame prepared, polish=0 ms, lock=0 ms, blockedForSync=0 ms, animations=0 ms
2026-07-14 19:24:09.177 DEBUG qt.scenegraph.time.renderloop: [window 0x7f48b3b9a3d0][render thread 0x7f48d880cd60] syncAndRender: frame rendered in 0ms, sync=0, render=0, swap=0
2026-07-14 19:24:09.177 DEBUG qt.scenegraph.time.texture: atlastexture upload enqueued in: -9223357549938ms (16x16)
2026-07-14 19:24:09.177 DEBUG qt.scenegraph.time.texture: atlastexture upload enqueued in: -9223357549938ms (36x14)
2026-07-14 19:24:09.177 DEBUG qt.scenegraph.time.renderer: time in renderer: total=0ms, preprocess=0, updates=0, rendering=0
2026-07-14 19:24:09.178 DEBUG qt.scenegraph.time.renderloop: [window 0x7f48b5903e40][render thread 0x7f48b57a2c20] syncAndRender: frame rendered in 0ms, sync=0, render=0, swap=0
2026-07-14 19:24:09.183 DEBUG qt.scenegraph.time.renderloop: [window 0x7f48b3b9a3d0][gui thread] polishAndSync: start, elapsed since last call: 6 ms
2026-07-14 19:24:09.183 DEBUG qt.scenegraph.time.renderloop: [window 0x7f48b3b9a3d0][render thread 0x7f48d880cd60] syncAndRender: start, elapsed since last call: 6 ms
2026-07-14 19:24:09.183 DEBUG qt.scenegraph.time.renderloop: [window 0x7f48b3b9a3d0][gui thread] Frame prepared, polish=0 ms, lock=0 ms, blockedForSync=0 ms, animations=0 ms
2026-07-14 19:24:09.183 DEBUG qt.scenegraph.time.renderer: time in renderer: total=0ms, preprocess=0, updates=0, rendering=0
2026-07-14 19:24:09.183 DEBUG qt.scenegraph.time.renderloop: [window 0x7f48b3b9a3d0][render thread 0x7f48d880cd60] syncAndRender: frame rendered in 0ms, sync=0, render=0, swap=0
2026-07-14 19:24:09.184 DEBUG qt.scenegraph.time.renderloop: [window 0x7f48b5903e40][gui thread] polishAndSync: start, elapsed since last call: 7 ms
2026-07-14 19:24:09.184 DEBUG qt.scenegraph.time.renderloop: [window 0x7f48b5903e40][render thread 0x7f48b57a2c20] syncAndRender: start, elapsed since last call: 7 ms
2026-07-14 19:24:09.184 DEBUG qt.scenegraph.time.renderloop: [window 0x7f48b5903e40][gui thread] Frame prepared, polish=0 ms, lock=0 ms, blockedForSync=0 ms, animations=0 ms
2026-07-14 19:24:09.184 DEBUG qt.scenegraph.time.texture: atlastexture upload enqueued in: -9223357549931ms (36x14)
2026-07-14 19:24:09.184 DEBUG qt.scenegraph.time.renderer: time in renderer: total=0ms, preprocess=0, updates=0, rendering=0
2026-07-14 19:24:09.184 DEBUG qt.scenegraph.time.renderloop: [window 0x7f48b5903e40][render thread 0x7f48b57a2c20] syncAndRender: frame rendered in 0ms, sync=0, render=0, swap=0
2026-07-14 19:24:09.188 DEBUG qt.scenegraph.time.renderloop: [window 0x7f48b3b9a3d0][gui thread] polishAndSync: start, elapsed since last call: 5 ms
2026-07-14 19:24:09.189 DEBUG qt.scenegraph.time.renderloop: [window 0x7f48b3b9a3d0][render thread 0x7f48d880cd60] syncAndRender: start, elapsed since last call: 5 ms
2026-07-14 19:24:09.189 DEBUG qt.scenegraph.time.renderloop: [window 0x7f48b3b9a3d0][gui thread] Frame prepared, polish=0 ms, lock=0 ms, blockedForSync=0 ms, animations=0 ms
2026-07-14 19:24:09.189 DEBUG qt.scenegraph.time.renderer: time in renderer: total=0ms, preprocess=0, updates=0, rendering=0
2026-07-14 19:24:09.189 DEBUG qt.scenegraph.time.renderloop: [window 0x7f48b3b9a3d0][render thread 0x7f48d880cd60] syncAndRender: frame rendered in 0ms, sync=0, render=0, swap=0
2026-07-14 19:24:09.189 DEBUG qt.scenegraph.time.renderloop: [window 0x7f48b5903e40][gui thread] polishAndSync: start, elapsed since last call: 5 ms
2026-07-14 19:24:09.189 DEBUG qt.scenegraph.time.renderloop: [window 0x7f48b5903e40][render thread 0x7f48b57a2c20] syncAndRender: start, elapsed since last call: 5 ms
2026-07-14 19:24:09.189 DEBUG qt.scenegraph.time.renderloop: [window 0x7f48b5903e40][gui thread] Frame prepared, polish=0 ms, lock=0 ms, blockedForSync=0 ms, animations=0 ms
2026-07-14 19:24:09.189 DEBUG qt.scenegraph.time.texture: atlastexture upload enqueued in: -9223357549926ms (36x14)
2026-07-14 19:24:09.189 DEBUG qt.scenegraph.time.renderer: time in renderer: total=0ms, preprocess=0, updates=0, rendering=0
2026-07-14 19:24:09.189 DEBUG qt.scenegraph.time.renderloop: [window 0x7f48b5903e40][render thread 0x7f48b57a2c20] syncAndRender: frame rendered in 0ms, sync=0, render=0, swap=0
2026-07-14 19:24:09.195 DEBUG qt.scenegraph.time.renderloop: [window 0x7f48b3b9a3d0][gui thread] polishAndSync: start, elapsed since last call: 6 ms
2026-07-14 19:24:09.195 DEBUG qt.scenegraph.time.renderloop: [window 0x7f48b3b9a3d0][render thread 0x7f48d880cd60] syncAndRender: start, elapsed since last call: 6 ms
2026-07-14 19:24:09.196 DEBUG qt.scenegraph.time.renderloop: [window 0x7f48b3b9a3d0][gui thread] Frame prepared, polish=0 ms, lock=0 ms, blockedForSync=0 ms, animations=0 ms
2026-07-14 19:24:09.197 DEBUG qt.scenegraph.time.renderer: time in renderer: total=0ms, preprocess=0, updates=0, rendering=0
2026-07-14 19:24:09.197 DEBUG qt.scenegraph.time.renderloop: [window 0x7f48b3b9a3d0][render thread 0x7f48d880cd60] syncAndRender: frame rendered in 1ms, sync=0, render=1, swap=0
2026-07-14 19:24:09.207 DEBUG qt.scenegraph.time.renderloop: [window 0x7f48b5903e40][gui thread] polishAndSync: start, elapsed since last call: 18 ms
2026-07-14 19:24:09.208 DEBUG qt.scenegraph.time.renderloop: [window 0x7f48b5903e40][render thread 0x7f48b57a2c20] syncAndRender: start, elapsed since last call: 18 ms
2026-07-14 19:24:09.208 DEBUG qt.scenegraph.time.renderloop: [window 0x7f48b5903e40][gui thread] Frame prepared, polish=0 ms, lock=0 ms, blockedForSync=0 ms, animations=0 ms
2026-07-14 19:24:09.208 DEBUG qt.scenegraph.time.renderer: time in renderer: total=0ms, preprocess=0, updates=0, rendering=0
2026-07-14 19:24:09.208 DEBUG qt.scenegraph.time.renderloop: [window 0x7f48b5903e40][render thread 0x7f48b57a2c20] syncAndRender: frame rendered in 0ms, sync=0, render=0, swap=0
2026-07-14 19:24:09.209 DEBUG qt.scenegraph.time.renderloop: [window 0x7f48b5903e40][gui thread] polishAndSync: start, elapsed since last call: 1 ms
2026-07-14 19:24:09.209 DEBUG qt.scenegraph.time.renderloop: [window 0x7f48b5903e40][render thread 0x7f48b57a2c20] syncAndRender: start, elapsed since last call: 1 ms
2026-07-14 19:24:09.209 DEBUG qt.scenegraph.time.renderloop: [window 0x7f48b5903e40][gui thread] Frame prepared, polish=0 ms, lock=0 ms, blockedForSync=0 ms, animations=0 ms
2026-07-14 19:24:09.209 DEBUG qt.scenegraph.time.renderer: time in renderer: total=0ms, preprocess=0, updates=0, rendering=0
2026-07-14 19:24:09.210 DEBUG qt.scenegraph.time.renderloop: [window 0x7f48b5903e40][render thread 0x7f48b57a2c20] syncAndRender: frame rendered in 0ms, sync=0, render=0, swap=0
2026-07-14 19:24:09.238 DEBUG qt.scenegraph.time.renderloop: [window 0x7f48b5903e40][gui thread] polishAndSync: start, elapsed since last call: 28 ms
2026-07-14 19:24:09.238 DEBUG qt.scenegraph.time.renderloop: [window 0x7f48b5903e40][render thread 0x7f48b57a2c20] syncAndRender: start, elapsed since last call: 28 ms
2026-07-14 19:24:09.238 DEBUG qt.scenegraph.time.renderloop: [window 0x7f48b5903e40][gui thread] Frame prepared, polish=0 ms, lock=0 ms, blockedForSync=0 ms, animations=0 ms
2026-07-14 19:24:09.238 DEBUG qt.scenegraph.time.renderer: time in renderer: total=0ms, preprocess=0, updates=0, rendering=0
2026-07-14 19:24:09.238 DEBUG qt.scenegraph.time.renderloop: [window 0x7f48b5903e40][render thread 0x7f48b57a2c20] syncAndRender: frame rendered in 0ms, sync=0, render=0, swap=0
2026-07-14 19:24:09.239 DEBUG qt.scenegraph.time.renderloop: [window 0x7f48b5903e40][gui thread] polishAndSync: start, elapsed since last call: 0 ms
2026-07-14 19:24:09.239 DEBUG qt.scenegraph.time.renderloop: [window 0x7f48b5903e40][render thread 0x7f48b57a2c20] syncAndRender: start, elapsed since last call: 0 ms
2026-07-14 19:24:09.239 DEBUG qt.scenegraph.time.renderloop: [window 0x7f48b5903e40][gui thread] Frame prepared, polish=0 ms, lock=0 ms, blockedForSync=0 ms, animations=0 ms
2026-07-14 19:24:09.239 DEBUG qt.scenegraph.time.renderer: time in renderer: total=0ms, preprocess=0, updates=0, rendering=0
2026-07-14 19:24:09.239 DEBUG qt.scenegraph.time.renderloop: [window 0x7f48b5903e40][render thread 0x7f48b57a2c20] syncAndRender: frame rendered in 0ms, sync=0, render=0, swap=0
2026-07-14 19:24:09.261 DEBUG qt.scenegraph.time.renderloop: [window 0x7f48b5903e40][gui thread] polishAndSync: start, elapsed since last call: 22 ms
2026-07-14 19:24:09.262 DEBUG qt.scenegraph.time.renderloop: [window 0x7f48b5903e40][render thread 0x7f48b57a2c20] syncAndRender: start, elapsed since last call: 23 ms
2026-07-14 19:24:09.262 DEBUG qt.scenegraph.time.renderloop: [window 0x7f48b5903e40][gui thread] Frame prepared, polish=0 ms, lock=0 ms, blockedForSync=0 ms, animations=0 ms
2026-07-14 19:24:09.262 DEBUG qt.scenegraph.time.renderer: time in renderer: total=0ms, preprocess=0, updates=0, rendering=0
2026-07-14 19:24:09.262 DEBUG qt.scenegraph.time.renderloop: [window 0x7f48b5903e40][render thread 0x7f48b57a2c20] syncAndRender: frame rendered in 0ms, sync=0, render=0, swap=0
2026-07-14 19:24:09.262 DEBUG qt.scenegraph.time.renderloop: [window 0x7f48b5903e40][gui thread] polishAndSync: start, elapsed since last call: 1 ms
2026-07-14 19:24:09.262 DEBUG qt.scenegraph.time.renderloop: [window 0x7f48b5903e40][render thread 0x7f48b57a2c20] syncAndRender: start, elapsed since last call: 0 ms
2026-07-14 19:24:09.262 DEBUG qt.scenegraph.time.renderloop: [window 0x7f48b5903e40][gui thread] Frame prepared, polish=0 ms, lock=0 ms, blockedForSync=0 ms, animations=0 ms
2026-07-14 19:24:09.262 DEBUG qt.scenegraph.time.renderer: time in renderer: total=0ms, preprocess=0, updates=0, rendering=0
2026-07-14 19:24:09.263 DEBUG qt.scenegraph.time.renderloop: [window 0x7f48b5903e40][render thread 0x7f48b57a2c20] syncAndRender: frame rendered in 0ms, sync=0, render=0, swap=0
2026-07-14 19:24:09.291 DEBUG qt.scenegraph.time.renderloop: [window 0x7f48b5903e40][gui thread] polishAndSync: start, elapsed since last call: 29 ms
2026-07-14 19:24:09.292 DEBUG qt.scenegraph.time.renderloop: [window 0x7f48b5903e40][render thread 0x7f48b57a2c20] syncAndRender: start, elapsed since last call: 29 ms
2026-07-14 19:24:09.292 DEBUG qt.scenegraph.time.renderloop: [window 0x7f48b5903e40][gui thread] Frame prepared, polish=0 ms, lock=0 ms, blockedForSync=0 ms, animations=0 ms
2026-07-14 19:24:09.292 DEBUG qt.scenegraph.time.renderer: time in renderer: total=0ms, preprocess=0, updates=0, rendering=0
2026-07-14 19:24:09.292 DEBUG qt.scenegraph.time.renderloop: [window 0x7f48b5903e40][render thread 0x7f48b57a2c20] syncAndRender: frame rendered in 0ms, sync=0, render=0, swap=0
2026-07-14 19:24:09.292 DEBUG qt.scenegraph.time.renderloop: [window 0x7f48b5903e40][gui thread] polishAndSync: start, elapsed since last call: 0 ms
2026-07-14 19:24:09.292 DEBUG qt.scenegraph.time.renderloop: [window 0x7f48b5903e40][render thread 0x7f48b57a2c20] syncAndRender: start, elapsed since last call: 0 ms
2026-07-14 19:24:09.292 DEBUG qt.scenegraph.time.renderloop: [window 0x7f48b5903e40][gui thread] Frame prepared, polish=0 ms, lock=0 ms, blockedForSync=0 ms, animations=0 ms
2026-07-14 19:24:09.292 DEBUG qt.scenegraph.time.renderer: time in renderer: total=0ms, preprocess=0, updates=0, rendering=0
2026-07-14 19:24:09.293 DEBUG qt.scenegraph.time.renderloop: [window 0x7f48b5903e40][render thread 0x7f48b57a2c20] syncAndRender: frame rendered in 0ms, sync=0, render=0, swap=0
2026-07-14 19:24:09.321 DEBUG qt.scenegraph.time.renderloop: [window 0x7f48b5903e40][gui thread] polishAndSync: start, elapsed since last call: 28 ms
2026-07-14 19:24:09.322 DEBUG qt.scenegraph.time.renderloop: [window 0x7f48b5903e40][render thread 0x7f48b57a2c20] syncAndRender: start, elapsed since last call: 29 ms
2026-07-14 19:24:09.322 DEBUG qt.scenegraph.time.renderloop: [window 0x7f48b5903e40][gui thread] Frame prepared, polish=0 ms, lock=0 ms, blockedForSync=0 ms, animations=0 ms
2026-07-14 19:24:09.322 DEBUG qt.scenegraph.time.renderer: time in renderer: total=0ms, preprocess=0, updates=0, rendering=0
2026-07-14 19:24:09.322 DEBUG qt.scenegraph.time.renderloop: [window 0x7f48b5903e40][render thread 0x7f48b57a2c20] syncAndRender: frame rendered in 0ms, sync=0, render=0, swap=0
2026-07-14 19:24:09.322 DEBUG qt.scenegraph.time.renderloop: [window 0x7f48b5903e40][gui thread] polishAndSync: start, elapsed since last call: 1 ms
2026-07-14 19:24:09.322 DEBUG qt.scenegraph.time.renderloop: [window 0x7f48b5903e40][render thread 0x7f48b57a2c20] syncAndRender: start, elapsed since last call: 0 ms
2026-07-14 19:24:09.322 DEBUG qt.scenegraph.time.renderloop: [window 0x7f48b5903e40][gui thread] Frame prepared, polish=0 ms, lock=0 ms, blockedForSync=0 ms, animations=0 ms
2026-07-14 19:24:09.323 DEBUG qt.scenegraph.time.renderer: time in renderer: total=0ms, preprocess=0, updates=0, rendering=0
2026-07-14 19:24:09.323 DEBUG qt.scenegraph.time.renderloop: [window 0x7f48b5903e40][render thread 0x7f48b57a2c20] syncAndRender: frame rendered in 0ms, sync=0, render=0, swap=0
2026-07-14 19:24:09.351 DEBUG qt.scenegraph.time.renderloop: [window 0x7f48b5903e40][gui thread] polishAndSync: start, elapsed since last call: 28 ms
2026-07-14 19:24:09.351 DEBUG qt.scenegraph.time.renderloop: [window 0x7f48b5903e40][render thread 0x7f48b57a2c20] syncAndRender: start, elapsed since last call: 28 ms
2026-07-14 19:24:09.351 DEBUG qt.scenegraph.time.renderloop: [window 0x7f48b5903e40][gui thread] Frame prepared, polish=0 ms, lock=0 ms, blockedForSync=0 ms, animations=0 ms
2026-07-14 19:24:09.351 DEBUG qt.scenegraph.time.renderer: time in renderer: total=0ms, preprocess=0, updates=0, rendering=0
2026-07-14 19:24:09.351 DEBUG qt.scenegraph.time.renderloop: [window 0x7f48b5903e40][render thread 0x7f48b57a2c20] syncAndRender: frame rendered in 0ms, sync=0, render=0, swap=0
2026-07-14 19:24:09.352 DEBUG qt.scenegraph.time.renderloop: [window 0x7f48b5903e40][gui thread] polishAndSync: start, elapsed since last call: 1 ms
2026-07-14 19:24:09.352 DEBUG qt.scenegraph.time.renderloop: [window 0x7f48b5903e40][render thread 0x7f48b57a2c20] syncAndRender: start, elapsed since last call: 0 ms
2026-07-14 19:24:09.352 DEBUG qt.scenegraph.time.renderloop: [window 0x7f48b5903e40][gui thread] Frame prepared, polish=0 ms, lock=0 ms, blockedForSync=0 ms, animations=0 ms
2026-07-14 19:24:09.352 DEBUG qt.scenegraph.time.renderer: time in renderer: total=0ms, preprocess=0, updates=0, rendering=0
2026-07-14 19:24:09.352 DEBUG qt.scenegraph.time.renderloop: [window 0x7f48b5903e40][render thread 0x7f48b57a2c20] syncAndRender: frame rendered in 0ms, sync=0, render=0, swap=0
2026-07-14 19:24:09.376 DEBUG qt.scenegraph.time.renderloop: [window 0x7f48b5903e40][gui thread] polishAndSync: start, elapsed since last call: 23 ms
2026-07-14 19:24:09.376 DEBUG qt.scenegraph.time.renderloop: [window 0x7f48b5903e40][render thread 0x7f48b57a2c20] syncAndRender: start, elapsed since last call: 24 ms
2026-07-14 19:24:09.376 DEBUG qt.scenegraph.time.renderloop: [window 0x7f48b5903e40][gui thread] Frame prepared, polish=0 ms, lock=0 ms, blockedForSync=0 ms, animations=0 ms
2026-07-14 19:24:09.376 DEBUG qt.scenegraph.time.renderer: time in renderer: total=0ms, preprocess=0, updates=0, rendering=0
2026-07-14 19:24:09.376 DEBUG qt.scenegraph.time.renderloop: [window 0x7f48b5903e40][render thread 0x7f48b57a2c20] syncAndRender: frame rendered in 0ms, sync=0, render=0, swap=0
2026-07-14 19:24:09.377 DEBUG qt.scenegraph.time.renderloop: [window 0x7f48b5903e40][gui thread] polishAndSync: start, elapsed since last call: 0 ms
2026-07-14 19:24:09.377 DEBUG qt.scenegraph.time.renderloop: [window 0x7f48b5903e40][render thread 0x7f48b57a2c20] syncAndRender: start, elapsed since last call: 0 ms
2026-07-14 19:24:09.377 DEBUG qt.scenegraph.time.renderloop: [window 0x7f48b5903e40][gui thread] Frame prepared, polish=0 ms, lock=0 ms, blockedForSync=0 ms, animations=0 ms
2026-07-14 19:24:09.377 DEBUG qt.scenegraph.time.renderer: time in renderer: total=0ms, preprocess=0, updates=0, rendering=0
2026-07-14 19:24:09.377 DEBUG qt.scenegraph.time.renderloop: [window 0x7f48b5903e40][render thread 0x7f48b57a2c20] syncAndRender: frame rendered in 0ms, sync=0, render=0, swap=0
2026-07-14 19:24:09.405 DEBUG qt.scenegraph.time.renderloop: [window 0x7f48b5903e40][gui thread] polishAndSync: start, elapsed since last call: 28 ms
2026-07-14 19:24:09.406 DEBUG qt.scenegraph.time.renderloop: [window 0x7f48b5903e40][render thread 0x7f48b57a2c20] syncAndRender: start, elapsed since last call: 29 ms
2026-07-14 19:24:09.406 DEBUG qt.scenegraph.time.renderloop: [window 0x7f48b5903e40][gui thread] Frame prepared, polish=0 ms, lock=0 ms, blockedForSync=0 ms, animations=0 ms
2026-07-14 19:24:09.406 DEBUG qt.scenegraph.time.renderer: time in renderer: total=0ms, preprocess=0, updates=0, rendering=0
2026-07-14 19:24:09.406 DEBUG qt.scenegraph.time.renderloop: [window 0x7f48b5903e40][render thread 0x7f48b57a2c20] syncAndRender: frame rendered in 0ms, sync=0, render=0, swap=0
2026-07-14 19:24:09.406 DEBUG qt.scenegraph.time.renderloop: [window 0x7f48b5903e40][gui thread] polishAndSync: start, elapsed since last call: 1 ms
2026-07-14 19:24:09.407 DEBUG qt.scenegraph.time.renderloop: [window 0x7f48b5903e40][render thread 0x7f48b57a2c20] syncAndRender: start, elapsed since last call: 0 ms
2026-07-14 19:24:09.407 DEBUG qt.scenegraph.time.renderloop: [window 0x7f48b5903e40][gui thread] Frame prepared, polish=0 ms, lock=0 ms, blockedForSync=0 ms, animations=0 ms
2026-07-14 19:24:09.407 DEBUG qt.scenegraph.time.renderer: time in renderer: total=0ms, preprocess=0, updates=0, rendering=0
2026-07-14 19:24:09.407 DEBUG qt.scenegraph.time.renderloop: [window 0x7f48b5903e40][render thread 0x7f48b57a2c20] syncAndRender: frame rendered in 0ms, sync=0, render=0, swap=0
2026-07-14 19:24:09.435 DEBUG qt.scenegraph.time.renderloop: [window 0x7f48b5903e40][gui thread] polishAndSync: start, elapsed since last call: 28 ms
2026-07-14 19:24:09.436 DEBUG qt.scenegraph.time.renderloop: [window 0x7f48b5903e40][render thread 0x7f48b57a2c20] syncAndRender: start, elapsed since last call: 29 ms
2026-07-14 19:24:09.436 DEBUG qt.scenegraph.time.renderloop: [window 0x7f48b5903e40][gui thread] Frame prepared, polish=0 ms, lock=0 ms, blockedForSync=0 ms, animations=0 ms
2026-07-14 19:24:09.436 DEBUG qt.scenegraph.time.renderer: time in renderer: total=0ms, preprocess=0, updates=0, rendering=0
2026-07-14 19:24:09.436 DEBUG qt.scenegraph.time.renderloop: [window 0x7f48b5903e40][render thread 0x7f48b57a2c20] syncAndRender: frame rendered in 0ms, sync=0, render=0, swap=0
2026-07-14 19:24:09.436 DEBUG qt.scenegraph.time.renderloop: [window 0x7f48b5903e40][gui thread] polishAndSync: start, elapsed since last call: 1 ms
2026-07-14 19:24:09.436 DEBUG qt.scenegraph.time.renderloop: [window 0x7f48b5903e40][render thread 0x7f48b57a2c20] syncAndRender: start, elapsed since last call: 0 ms
2026-07-14 19:24:09.436 DEBUG qt.scenegraph.time.renderloop: [window 0x7f48b5903e40][gui thread] Frame prepared, polish=0 ms, lock=0 ms, blockedForSync=0 ms, animations=0 ms
2026-07-14 19:24:09.436 DEBUG qt.scenegraph.time.renderer: time in renderer: total=0ms, preprocess=0, updates=0, rendering=0
2026-07-14 19:24:09.436 DEBUG qt.scenegraph.time.renderloop: [window 0x7f48b5903e40][render thread 0x7f48b57a2c20] syncAndRender: frame rendered in 0ms, sync=0, render=0, swap=0
2026-07-14 19:24:09.485 DEBUG qt.scenegraph.time.renderloop: [window 0x7f48b5903e40][gui thread] polishAndSync: start, elapsed since last call: 48 ms
2026-07-14 19:24:09.487 DEBUG qt.scenegraph.time.renderloop: [window 0x7f48b5903e40][render thread 0x7f48b57a2c20] syncAndRender: start, elapsed since last call: 51 ms
2026-07-14 19:24:09.487 DEBUG qt.scenegraph.time.renderloop: [window 0x7f48b5903e40][gui thread] Frame prepared, polish=2 ms, lock=0 ms, blockedForSync=0 ms, animations=0 ms
2026-07-14 19:24:09.487 DEBUG qt.scenegraph.time.renderer: time in renderer: total=0ms, preprocess=0, updates=0, rendering=0
2026-07-14 19:24:09.487 DEBUG qt.scenegraph.time.renderloop: [window 0x7f48b5903e40][render thread 0x7f48b57a2c20] syncAndRender: frame rendered in 0ms, sync=0, render=0, swap=0
2026-07-14 19:24:09.488 DEBUG qt.scenegraph.time.renderloop: [window 0x7f48b5903e40][gui thread] polishAndSync: start, elapsed since last call: 3 ms
2026-07-14 19:24:09.488 DEBUG qt.scenegraph.time.renderloop: [window 0x7f48b5903e40][render thread 0x7f48b57a2c20] syncAndRender: start, elapsed since last call: 0 ms
2026-07-14 19:24:09.488 DEBUG qt.scenegraph.time.renderloop: [window 0x7f48b5903e40][gui thread] Frame prepared, polish=0 ms, lock=0 ms, blockedForSync=0 ms, animations=0 ms
2026-07-14 19:24:09.488 DEBUG qt.scenegraph.time.renderer: time in renderer: total=0ms, preprocess=0, updates=0, rendering=0
2026-07-14 19:24:09.489 DEBUG qt.scenegraph.time.renderloop: [window 0x7f48b5903e40][render thread 0x7f48b57a2c20] syncAndRender: frame rendered in 0ms, sync=0, render=0, swap=0
2026-07-14 19:24:09.518 DEBUG qt.scenegraph.time.renderloop: [window 0x7f48b5903e40][gui thread] polishAndSync: start, elapsed since last call: 30 ms
2026-07-14 19:24:09.519 DEBUG qt.scenegraph.time.renderloop: [window 0x7f48b5903e40][render thread 0x7f48b57a2c20] syncAndRender: start, elapsed since last call: 30 ms
2026-07-14 19:24:09.519 DEBUG qt.scenegraph.time.renderloop: [window 0x7f48b5903e40][gui thread] Frame prepared, polish=0 ms, lock=0 ms, blockedForSync=0 ms, animations=0 ms
2026-07-14 19:24:09.519 DEBUG qt.scenegraph.time.renderer: time in renderer: total=0ms, preprocess=0, updates=0, rendering=0
2026-07-14 19:24:09.519 DEBUG qt.scenegraph.time.renderloop: [window 0x7f48b5903e40][render thread 0x7f48b57a2c20] syncAndRender: frame rendered in 0ms, sync=0, render=0, swap=0
2026-07-14 19:24:09.520 DEBUG qt.scenegraph.time.renderloop: [window 0x7f48b5903e40][gui thread] polishAndSync: start, elapsed since last call: 1 ms
2026-07-14 19:24:09.520 DEBUG qt.scenegraph.time.renderloop: [window 0x7f48b5903e40][render thread 0x7f48b57a2c20] syncAndRender: start, elapsed since last call: 0 ms
2026-07-14 19:24:09.520 DEBUG qt.scenegraph.time.renderloop: [window 0x7f48b5903e40][gui thread] Frame prepared, polish=0 ms, lock=0 ms, blockedForSync=0 ms, animations=0 ms
2026-07-14 19:24:09.520 DEBUG qt.scenegraph.time.renderer: time in renderer: total=0ms, preprocess=0, updates=0, rendering=0
2026-07-14 19:24:09.520 DEBUG qt.scenegraph.time.renderloop: [window 0x7f48b5903e40][render thread 0x7f48b57a2c20] syncAndRender: frame rendered in 0ms, sync=0, render=0, swap=0
2026-07-14 19:24:09.551 DEBUG qt.scenegraph.time.renderloop: [window 0x7f48b5903e40][gui thread] polishAndSync: start, elapsed since last call: 31 ms
2026-07-14 19:24:09.552 DEBUG qt.scenegraph.time.renderloop: [window 0x7f48b5903e40][render thread 0x7f48b57a2c20] syncAndRender: start, elapsed since last call: 32 ms
2026-07-14 19:24:09.552 DEBUG qt.scenegraph.time.renderloop: [window 0x7f48b5903e40][gui thread] Frame prepared, polish=0 ms, lock=0 ms, blockedForSync=0 ms, animations=0 ms
2026-07-14 19:24:09.552 DEBUG qt.scenegraph.time.renderer: time in renderer: total=0ms, preprocess=0, updates=0, rendering=0
2026-07-14 19:24:09.552 DEBUG qt.scenegraph.time.renderloop: [window 0x7f48b5903e40][render thread 0x7f48b57a2c20] syncAndRender: frame rendered in 0ms, sync=0, render=0, swap=0
2026-07-14 19:24:09.552 DEBUG qt.scenegraph.time.renderloop: [window 0x7f48b5903e40][gui thread] polishAndSync: start, elapsed since last call: 1 ms
2026-07-14 19:24:09.552 DEBUG qt.scenegraph.time.renderloop: [window 0x7f48b5903e40][render thread 0x7f48b57a2c20] syncAndRender: start, elapsed since last call: 0 ms
2026-07-14 19:24:09.552 DEBUG qt.scenegraph.time.renderloop: [window 0x7f48b5903e40][gui thread] Frame prepared, polish=0 ms, lock=0 ms, blockedForSync=0 ms, animations=0 ms
2026-07-14 19:24:09.552 DEBUG qt.scenegraph.time.renderer: time in renderer: total=0ms, preprocess=0, updates=0, rendering=0
2026-07-14 19:24:09.553 DEBUG qt.scenegraph.time.renderloop: [window 0x7f48b5903e40][render thread 0x7f48b57a2c20] syncAndRender: frame rendered in 0ms, sync=0, render=0, swap=0
2026-07-14 19:24:09.570 DEBUG qt.scenegraph.time.renderloop: [window 0x7f48b5903e40][gui thread] polishAndSync: start, elapsed since last call: 17 ms
2026-07-14 19:24:09.570 DEBUG qt.scenegraph.time.renderloop: [window 0x7f48b5903e40][render thread 0x7f48b57a2c20] syncAndRender: start, elapsed since last call: 17 ms
2026-07-14 19:24:09.570 DEBUG qt.scenegraph.time.renderloop: [window 0x7f48b5903e40][gui thread] Frame prepared, polish=0 ms, lock=0 ms, blockedForSync=0 ms, animations=0 ms
2026-07-14 19:24:09.570 DEBUG qt.scenegraph.time.renderer: time in renderer: total=0ms, preprocess=0, updates=0, rendering=0
2026-07-14 19:24:09.570 DEBUG qt.scenegraph.time.renderloop: [window 0x7f48b5903e40][render thread 0x7f48b57a2c20] syncAndRender: frame rendered in 0ms, sync=0, render=0, swap=0
2026-07-14 19:24:09.571 DEBUG qt.scenegraph.time.renderloop: [window 0x7f48b3b9a3d0][gui thread] polishAndSync: start, elapsed since last call: 375 ms
2026-07-14 19:24:09.571 DEBUG qt.scenegraph.time.renderloop: [window 0x7f48b3b9a3d0][render thread 0x7f48d880cd60] syncAndRender: start, elapsed since last call: 375 ms
2026-07-14 19:24:09.571 DEBUG qt.scenegraph.time.renderloop: [window 0x7f48b3b9a3d0][gui thread] Frame prepared, polish=0 ms, lock=0 ms, blockedForSync=0 ms, animations=0 ms
2026-07-14 19:24:09.571 DEBUG qt.scenegraph.time.renderer: time in renderer: total=0ms, preprocess=0, updates=0, rendering=0
2026-07-14 19:24:09.571 DEBUG qt.scenegraph.time.renderloop: [window 0x7f48b3b9a3d0][render thread 0x7f48d880cd60] syncAndRender: frame rendered in 0ms, sync=0, render=0, swap=0
2026-07-14 19:24:09.578 DEBUG qt.scenegraph.time.renderloop: [window 0x7f48b5903e40][gui thread] polishAndSync: start, elapsed since last call: 7 ms
2026-07-14 19:24:09.578 DEBUG qt.scenegraph.time.renderloop: [window 0x7f48b5903e40][render thread 0x7f48b57a2c20] syncAndRender: start, elapsed since last call: 7 ms
2026-07-14 19:24:09.578 DEBUG qt.scenegraph.time.renderloop: [window 0x7f48b5903e40][gui thread] Frame prepared, polish=0 ms, lock=0 ms, blockedForSync=0 ms, animations=0 ms
2026-07-14 19:24:09.578 DEBUG qt.scenegraph.time.glyph: distancefield: 1 glyphs prepared in 0ms, rendering=0, upload=0
2026-07-14 19:24:09.578 DEBUG qt.scenegraph.time.renderer: time in renderer: total=0ms, preprocess=0, updates=0, rendering=0
2026-07-14 19:24:09.578 DEBUG qt.scenegraph.time.renderloop: [window 0x7f48b5903e40][render thread 0x7f48b57a2c20] syncAndRender: frame rendered in 0ms, sync=0, render=0, swap=0
2026-07-14 19:24:09.585 DEBUG qt.scenegraph.time.renderloop: [window 0x7f48b5903e40][gui thread] polishAndSync: start, elapsed since last call: 6 ms
2026-07-14 19:24:09.585 DEBUG qt.scenegraph.time.renderloop: [window 0x7f48b5903e40][render thread 0x7f48b57a2c20] syncAndRender: start, elapsed since last call: 6 ms
2026-07-14 19:24:09.585 DEBUG qt.scenegraph.time.renderloop: [window 0x7f48b5903e40][gui thread] Frame prepared, polish=0 ms, lock=0 ms, blockedForSync=0 ms, animations=0 ms
2026-07-14 19:24:09.585 DEBUG qt.scenegraph.time.renderer: time in renderer: total=0ms, preprocess=0, updates=0, rendering=0
2026-07-14 19:24:09.585 DEBUG qt.scenegraph.time.renderloop: [window 0x7f48b5903e40][render thread 0x7f48b57a2c20] syncAndRender: frame rendered in 0ms, sync=0, render=0, swap=0
2026-07-14 19:24:09.592 DEBUG qt.scenegraph.time.renderloop: [window 0x7f48b5903e40][gui thread] polishAndSync: start, elapsed since last call: 6 ms
2026-07-14 19:24:09.592 DEBUG qt.scenegraph.time.renderloop: [window 0x7f48b5903e40][render thread 0x7f48b57a2c20] syncAndRender: start, elapsed since last call: 7 ms
2026-07-14 19:24:09.592 DEBUG qt.scenegraph.time.renderloop: [window 0x7f48b5903e40][gui thread] Frame prepared, polish=0 ms, lock=0 ms, blockedForSync=0 ms, animations=0 ms
2026-07-14 19:24:09.592 DEBUG qt.scenegraph.time.renderer: time in renderer: total=0ms, preprocess=0, updates=0, rendering=0
2026-07-14 19:24:09.592 DEBUG qt.scenegraph.time.renderloop: [window 0x7f48b5903e40][render thread 0x7f48b57a2c20] syncAndRender: frame rendered in 0ms, sync=0, render=0, swap=0
2026-07-14 19:24:09.598 DEBUG qt.scenegraph.time.renderloop: [window 0x7f48b5903e40][gui thread] polishAndSync: start, elapsed since last call: 6 ms
2026-07-14 19:24:09.598 DEBUG qt.scenegraph.time.renderloop: [window 0x7f48b5903e40][render thread 0x7f48b57a2c20] syncAndRender: start, elapsed since last call: 6 ms
2026-07-14 19:24:09.599 DEBUG qt.scenegraph.time.renderloop: [window 0x7f48b5903e40][gui thread] Frame prepared, polish=0 ms, lock=0 ms, blockedForSync=0 ms, animations=0 ms
2026-07-14 19:24:09.599 DEBUG qt.scenegraph.time.renderer: time in renderer: total=0ms, preprocess=0, updates=0, rendering=0
2026-07-14 19:24:09.599 DEBUG qt.scenegraph.time.renderloop: [window 0x7f48b5903e40][render thread 0x7f48b57a2c20] syncAndRender: frame rendered in 0ms, sync=0, render=0, swap=0
2026-07-14 19:24:09.605 DEBUG qt.scenegraph.time.renderloop: [window 0x7f48b5903e40][gui thread] polishAndSync: start, elapsed since last call: 6 ms
2026-07-14 19:24:09.605 DEBUG qt.scenegraph.time.renderloop: [window 0x7f48b5903e40][render thread 0x7f48b57a2c20] syncAndRender: start, elapsed since last call: 6 ms
2026-07-14 19:24:09.605 DEBUG qt.scenegraph.time.renderloop: [window 0x7f48b5903e40][gui thread] Frame prepared, polish=0 ms, lock=0 ms, blockedForSync=0 ms, animations=0 ms
2026-07-14 19:24:09.606 DEBUG qt.scenegraph.time.renderer: time in renderer: total=0ms, preprocess=0, updates=0, rendering=0
2026-07-14 19:24:09.606 DEBUG qt.scenegraph.time.renderloop: [window 0x7f48b5903e40][render thread 0x7f48b57a2c20] syncAndRender: frame rendered in 0ms, sync=0, render=0, swap=0
2026-07-14 19:24:09.612 DEBUG qt.scenegraph.time.renderloop: [window 0x7f48b5903e40][gui thread] polishAndSync: start, elapsed since last call: 6 ms
2026-07-14 19:24:09.613 DEBUG qt.scenegraph.time.renderloop: [window 0x7f48b5903e40][render thread 0x7f48b57a2c20] syncAndRender: start, elapsed since last call: 7 ms
2026-07-14 19:24:09.613 DEBUG qt.scenegraph.time.renderloop: [window 0x7f48b5903e40][gui thread] Frame prepared, polish=0 ms, lock=0 ms, blockedForSync=0 ms, animations=0 ms
2026-07-14 19:24:09.613 DEBUG qt.scenegraph.time.renderer: time in renderer: total=0ms, preprocess=0, updates=0, rendering=0
2026-07-14 19:24:09.613 DEBUG qt.scenegraph.time.renderloop: [window 0x7f48b5903e40][render thread 0x7f48b57a2c20] syncAndRender: frame rendered in 0ms, sync=0, render=0, swap=0
2026-07-14 19:24:09.619 DEBUG qt.scenegraph.time.renderloop: [window 0x7f48b5903e40][gui thread] polishAndSync: start, elapsed since last call: 6 ms
2026-07-14 19:24:09.619 DEBUG qt.scenegraph.time.renderloop: [window 0x7f48b5903e40][render thread 0x7f48b57a2c20] syncAndRender: start, elapsed since last call: 6 ms
2026-07-14 19:24:09.619 DEBUG qt.scenegraph.time.renderloop: [window 0x7f48b5903e40][gui thread] Frame prepared, polish=0 ms, lock=0 ms, blockedForSync=0 ms, animations=0 ms
2026-07-14 19:24:09.619 DEBUG qt.scenegraph.time.renderer: time in renderer: total=0ms, preprocess=0, updates=0, rendering=0
2026-07-14 19:24:09.620 DEBUG qt.scenegraph.time.renderloop: [window 0x7f48b5903e40][render thread 0x7f48b57a2c20] syncAndRender: frame rendered in 0ms, sync=0, render=0, swap=0
2026-07-14 19:24:09.626 DEBUG qt.scenegraph.time.renderloop: [window 0x7f48b5903e40][gui thread] polishAndSync: start, elapsed since last call: 6 ms
2026-07-14 19:24:09.626 DEBUG qt.scenegraph.time.renderloop: [window 0x7f48b5903e40][render thread 0x7f48b57a2c20] syncAndRender: start, elapsed since last call: 6 ms
2026-07-14 19:24:09.626 DEBUG qt.scenegraph.time.renderloop: [window 0x7f48b5903e40][gui thread] Frame prepared, polish=0 ms, lock=0 ms, blockedForSync=0 ms, animations=0 ms
2026-07-14 19:24:09.626 DEBUG qt.scenegraph.time.renderer: time in renderer: total=0ms, preprocess=0, updates=0, rendering=0
2026-07-14 19:24:09.627 DEBUG qt.scenegraph.time.renderloop: [window 0x7f48b5903e40][render thread 0x7f48b57a2c20] syncAndRender: frame rendered in 0ms, sync=0, render=0, swap=0
2026-07-14 19:24:09.633 DEBUG qt.scenegraph.time.renderloop: [window 0x7f48b5903e40][gui thread] polishAndSync: start, elapsed since last call: 6 ms
2026-07-14 19:24:09.633 DEBUG qt.scenegraph.time.renderloop: [window 0x7f48b5903e40][render thread 0x7f48b57a2c20] syncAndRender: start, elapsed since last call: 7 ms
2026-07-14 19:24:09.633 DEBUG qt.scenegraph.time.renderloop: [window 0x7f48b5903e40][gui thread] Frame prepared, polish=0 ms, lock=0 ms, blockedForSync=0 ms, animations=0 ms
2026-07-14 19:24:09.633 DEBUG qt.scenegraph.time.renderer: time in renderer: total=0ms, preprocess=0, updates=0, rendering=0
2026-07-14 19:24:09.634 DEBUG qt.scenegraph.time.renderloop: [window 0x7f48b5903e40][render thread 0x7f48b57a2c20] syncAndRender: frame rendered in 0ms, sync=0, render=0, swap=0
2026-07-14 19:24:09.640 DEBUG qt.scenegraph.time.renderloop: [window 0x7f48b5903e40][gui thread] polishAndSync: start, elapsed since last call: 6 ms
2026-07-14 19:24:09.640 DEBUG qt.scenegraph.time.renderloop: [window 0x7f48b5903e40][render thread 0x7f48b57a2c20] syncAndRender: start, elapsed since last call: 6 ms
2026-07-14 19:24:09.640 DEBUG qt.scenegraph.time.renderloop: [window 0x7f48b5903e40][gui thread] Frame prepared, polish=0 ms, lock=0 ms, blockedForSync=0 ms, animations=0 ms
2026-07-14 19:24:09.640 DEBUG qt.scenegraph.time.renderer: time in renderer: total=0ms, preprocess=0, updates=0, rendering=0
2026-07-14 19:24:09.640 DEBUG qt.scenegraph.time.renderloop: [window 0x7f48b5903e40][render thread 0x7f48b57a2c20] syncAndRender: frame rendered in 0ms, sync=0, render=0, swap=0
2026-07-14 19:24:09.647 DEBUG qt.scenegraph.time.renderloop: [window 0x7f48b5903e40][gui thread] polishAndSync: start, elapsed since last call: 7 ms
2026-07-14 19:24:09.648 DEBUG qt.scenegraph.time.renderloop: [window 0x7f48b5903e40][render thread 0x7f48b57a2c20] syncAndRender: start, elapsed since last call: 7 ms
2026-07-14 19:24:09.648 DEBUG qt.scenegraph.time.renderloop: [window 0x7f48b5903e40][gui thread] Frame prepared, polish=0 ms, lock=0 ms, blockedForSync=0 ms, animations=0 ms
2026-07-14 19:24:09.648 DEBUG qt.scenegraph.time.renderer: time in renderer: total=0ms, preprocess=0, updates=0, rendering=0
2026-07-14 19:24:09.648 DEBUG qt.scenegraph.time.renderloop: [window 0x7f48b5903e40][render thread 0x7f48b57a2c20] syncAndRender: frame rendered in 0ms, sync=0, render=0, swap=0
2026-07-14 19:24:09.654 DEBUG qt.scenegraph.time.renderloop: [window 0x7f48b5903e40][gui thread] polishAndSync: start, elapsed since last call: 6 ms
2026-07-14 19:24:09.654 DEBUG qt.scenegraph.time.renderloop: [window 0x7f48b5903e40][render thread 0x7f48b57a2c20] syncAndRender: start, elapsed since last call: 6 ms
2026-07-14 19:24:09.654 DEBUG qt.scenegraph.time.renderloop: [window 0x7f48b5903e40][gui thread] Frame prepared, polish=0 ms, lock=0 ms, blockedForSync=0 ms, animations=0 ms
2026-07-14 19:24:09.654 DEBUG qt.scenegraph.time.renderloop: [window 0x7f48b5903e40][gui thread] polishAndSync: start, elapsed since last call: 0 ms
2026-07-14 19:24:09.654 DEBUG qt.scenegraph.time.renderer: time in renderer: total=0ms, preprocess=0, updates=0, rendering=0
2026-07-14 19:24:09.655 DEBUG qt.scenegraph.time.renderloop: [window 0x7f48b5903e40][render thread 0x7f48b57a2c20] syncAndRender: frame rendered in 0ms, sync=0, render=0, swap=0
2026-07-14 19:24:09.655 DEBUG qt.scenegraph.time.renderloop: [window 0x7f48b5903e40][render thread 0x7f48b57a2c20] syncAndRender: start, elapsed since last call: 0 ms
2026-07-14 19:24:09.655 DEBUG qt.scenegraph.time.renderloop: [window 0x7f48b5903e40][gui thread] Frame prepared, polish=0 ms, lock=0 ms, blockedForSync=0 ms, animations=0 ms
2026-07-14 19:24:09.655 DEBUG qt.scenegraph.time.renderer: time in renderer: total=0ms, preprocess=0, updates=0, rendering=0
2026-07-14 19:24:09.661 DEBUG qt.scenegraph.time.renderloop: [window 0x7f48b5903e40][gui thread] polishAndSync: start, elapsed since last call: 6 ms
2026-07-14 19:24:09.661 DEBUG qt.scenegraph.time.renderloop: [window 0x7f48b5903e40][render thread 0x7f48b57a2c20] syncAndRender: frame rendered in 6ms, sync=0, render=0, swap=6
2026-07-14 19:24:09.661 DEBUG qt.scenegraph.time.renderloop: [window 0x7f48b5903e40][render thread 0x7f48b57a2c20] syncAndRender: start, elapsed since last call: 6 ms
2026-07-14 19:24:09.661 DEBUG qt.scenegraph.time.renderloop: [window 0x7f48b5903e40][gui thread] Frame prepared, polish=0 ms, lock=0 ms, blockedForSync=0 ms, animations=0 ms
2026-07-14 19:24:09.661 DEBUG qt.scenegraph.time.renderer: time in renderer: total=0ms, preprocess=0, updates=0, rendering=0
2026-07-14 19:24:09.668 DEBUG qt.scenegraph.time.renderloop: [window 0x7f48b5903e40][gui thread] polishAndSync: start, elapsed since last call: 7 ms
2026-07-14 19:24:09.668 DEBUG qt.scenegraph.time.renderloop: [window 0x7f48b5903e40][render thread 0x7f48b57a2c20] syncAndRender: frame rendered in 6ms, sync=0, render=0, swap=6
2026-07-14 19:24:09.668 DEBUG qt.scenegraph.time.renderloop: [window 0x7f48b5903e40][render thread 0x7f48b57a2c20] syncAndRender: start, elapsed since last call: 6 ms
2026-07-14 19:24:09.668 DEBUG qt.scenegraph.time.renderloop: [window 0x7f48b5903e40][gui thread] Frame prepared, polish=0 ms, lock=0 ms, blockedForSync=0 ms, animations=0 ms
2026-07-14 19:24:09.668 DEBUG qt.scenegraph.time.renderer: time in renderer: total=0ms, preprocess=0, updates=0, rendering=0
2026-07-14 19:24:09.675 DEBUG qt.scenegraph.time.renderloop: [window 0x7f48b5903e40][gui thread] polishAndSync: start, elapsed since last call: 6 ms
2026-07-14 19:24:09.675 DEBUG qt.scenegraph.time.renderloop: [window 0x7f48b5903e40][render thread 0x7f48b57a2c20] syncAndRender: frame rendered in 6ms, sync=0, render=0, swap=6
2026-07-14 19:24:09.676 DEBUG qt.scenegraph.time.renderloop: [window 0x7f48b5903e40][render thread 0x7f48b57a2c20] syncAndRender: start, elapsed since last call: 7 ms
2026-07-14 19:24:09.676 DEBUG qt.scenegraph.time.renderloop: [window 0x7f48b5903e40][gui thread] Frame prepared, polish=0 ms, lock=0 ms, blockedForSync=0 ms, animations=0 ms
2026-07-14 19:24:09.676 DEBUG qt.scenegraph.time.renderer: time in renderer: total=0ms, preprocess=0, updates=0, rendering=0
2026-07-14 19:24:09.682 DEBUG qt.scenegraph.time.renderloop: [window 0x7f48b5903e40][gui thread] polishAndSync: start, elapsed since last call: 6 ms
2026-07-14 19:24:09.682 DEBUG qt.scenegraph.time.renderloop: [window 0x7f48b5903e40][render thread 0x7f48b57a2c20] syncAndRender: frame rendered in 6ms, sync=0, render=0, swap=6
2026-07-14 19:24:09.682 DEBUG qt.scenegraph.time.renderloop: [window 0x7f48b5903e40][render thread 0x7f48b57a2c20] syncAndRender: start, elapsed since last call: 6 ms
2026-07-14 19:24:09.682 DEBUG qt.scenegraph.time.renderloop: [window 0x7f48b5903e40][gui thread] Frame prepared, polish=0 ms, lock=0 ms, blockedForSync=0 ms, animations=0 ms
2026-07-14 19:24:09.682 DEBUG qt.scenegraph.time.renderer: time in renderer: total=0ms, preprocess=0, updates=0, rendering=0
2026-07-14 19:24:09.689 DEBUG qt.scenegraph.time.renderloop: [window 0x7f48b5903e40][gui thread] polishAndSync: start, elapsed since last call: 6 ms
2026-07-14 19:24:09.689 DEBUG qt.scenegraph.time.renderloop: [window 0x7f48b5903e40][render thread 0x7f48b57a2c20] syncAndRender: frame rendered in 6ms, sync=0, render=0, swap=6
2026-07-14 19:24:09.689 DEBUG qt.scenegraph.time.renderloop: [window 0x7f48b5903e40][render thread 0x7f48b57a2c20] syncAndRender: start, elapsed since last call: 6 ms
2026-07-14 19:24:09.689 DEBUG qt.scenegraph.time.renderloop: [window 0x7f48b5903e40][gui thread] Frame prepared, polish=0 ms, lock=0 ms, blockedForSync=0 ms, animations=0 ms
2026-07-14 19:24:09.689 DEBUG qt.scenegraph.time.renderer: time in renderer: total=0ms, preprocess=0, updates=0, rendering=0
2026-07-14 19:24:09.696 DEBUG qt.scenegraph.time.renderloop: [window 0x7f48b5903e40][gui thread] polishAndSync: start, elapsed since last call: 6 ms
2026-07-14 19:24:09.696 DEBUG qt.scenegraph.time.renderloop: [window 0x7f48b5903e40][render thread 0x7f48b57a2c20] syncAndRender: frame rendered in 6ms, sync=0, render=0, swap=6
2026-07-14 19:24:09.696 DEBUG qt.scenegraph.time.renderloop: [window 0x7f48b5903e40][render thread 0x7f48b57a2c20] syncAndRender: start, elapsed since last call: 6 ms
2026-07-14 19:24:09.696 DEBUG qt.scenegraph.time.renderloop: [window 0x7f48b5903e40][gui thread] Frame prepared, polish=0 ms, lock=0 ms, blockedForSync=0 ms, animations=0 ms
2026-07-14 19:24:09.696 DEBUG qt.scenegraph.time.renderer: time in renderer: total=0ms, preprocess=0, updates=0, rendering=0
2026-07-14 19:24:09.703 DEBUG qt.scenegraph.time.renderloop: [window 0x7f48b5903e40][gui thread] polishAndSync: start, elapsed since last call: 6 ms
2026-07-14 19:24:09.703 DEBUG qt.scenegraph.time.renderloop: [window 0x7f48b5903e40][render thread 0x7f48b57a2c20] syncAndRender: frame rendered in 6ms, sync=0, render=0, swap=6
2026-07-14 19:24:09.703 DEBUG qt.scenegraph.time.renderloop: [window 0x7f48b5903e40][render thread 0x7f48b57a2c20] syncAndRender: start, elapsed since last call: 7 ms
2026-07-14 19:24:09.703 DEBUG qt.scenegraph.time.renderloop: [window 0x7f48b5903e40][gui thread] Frame prepared, polish=0 ms, lock=0 ms, blockedForSync=0 ms, animations=0 ms
2026-07-14 19:24:09.703 DEBUG qt.scenegraph.time.renderer: time in renderer: total=0ms, preprocess=0, updates=0, rendering=0
2026-07-14 19:24:09.710 DEBUG qt.scenegraph.time.renderloop: [window 0x7f48b5903e40][gui thread] polishAndSync: start, elapsed since last call: 6 ms
2026-07-14 19:24:09.710 DEBUG qt.scenegraph.time.renderloop: [window 0x7f48b5903e40][render thread 0x7f48b57a2c20] syncAndRender: frame rendered in 6ms, sync=0, render=0, swap=6
2026-07-14 19:24:09.710 DEBUG qt.scenegraph.time.renderloop: [window 0x7f48b5903e40][render thread 0x7f48b57a2c20] syncAndRender: start, elapsed since last call: 6 ms
2026-07-14 19:24:09.710 DEBUG qt.scenegraph.time.renderloop: [window 0x7f48b5903e40][gui thread] Frame prepared, polish=0 ms, lock=0 ms, blockedForSync=0 ms, animations=0 ms
2026-07-14 19:24:09.710 DEBUG qt.scenegraph.time.renderer: time in renderer: total=0ms, preprocess=0, updates=0, rendering=0
2026-07-14 19:24:09.717 DEBUG qt.scenegraph.time.renderloop: [window 0x7f48b5903e40][gui thread] polishAndSync: start, elapsed since last call: 7 ms
2026-07-14 19:24:09.717 DEBUG qt.scenegraph.time.renderloop: [window 0x7f48b5903e40][render thread 0x7f48b57a2c20] syncAndRender: frame rendered in 7ms, sync=0, render=0, swap=6
2026-07-14 19:24:09.717 DEBUG qt.scenegraph.time.renderloop: [window 0x7f48b5903e40][render thread 0x7f48b57a2c20] syncAndRender: start, elapsed since last call: 7 ms
2026-07-14 19:24:09.717 DEBUG qt.scenegraph.time.renderloop: [window 0x7f48b5903e40][gui thread] Frame prepared, polish=0 ms, lock=0 ms, blockedForSync=0 ms, animations=0 ms
2026-07-14 19:24:09.717 DEBUG qt.scenegraph.time.renderer: time in renderer: total=0ms, preprocess=0, updates=0, rendering=0
2026-07-14 19:24:09.724 DEBUG qt.scenegraph.time.renderloop: [window 0x7f48b5903e40][gui thread] polishAndSync: start, elapsed since last call: 6 ms
2026-07-14 19:24:09.724 DEBUG qt.scenegraph.time.renderloop: [window 0x7f48b5903e40][render thread 0x7f48b57a2c20] syncAndRender: frame rendered in 6ms, sync=0, render=0, swap=6
2026-07-14 19:24:09.724 DEBUG qt.scenegraph.time.renderloop: [window 0x7f48b5903e40][render thread 0x7f48b57a2c20] syncAndRender: start, elapsed since last call: 6 ms
2026-07-14 19:24:09.724 DEBUG qt.scenegraph.time.renderloop: [window 0x7f48b5903e40][gui thread] Frame prepared, polish=0 ms, lock=0 ms, blockedForSync=0 ms, animations=0 ms
2026-07-14 19:24:09.724 DEBUG qt.scenegraph.time.renderer: time in renderer: total=0ms, preprocess=0, updates=0, rendering=0
2026-07-14 19:24:09.731 DEBUG qt.scenegraph.time.renderloop: [window 0x7f48b5903e40][gui thread] polishAndSync: start, elapsed since last call: 6 ms
2026-07-14 19:24:09.731 DEBUG qt.scenegraph.time.renderloop: [window 0x7f48b5903e40][render thread 0x7f48b57a2c20] syncAndRender: frame rendered in 6ms, sync=0, render=0, swap=6
2026-07-14 19:24:09.731 DEBUG qt.scenegraph.time.renderloop: [window 0x7f48b5903e40][render thread 0x7f48b57a2c20] syncAndRender: start, elapsed since last call: 7 ms
2026-07-14 19:24:09.731 DEBUG qt.scenegraph.time.renderloop: [window 0x7f48b5903e40][gui thread] Frame prepared, polish=0 ms, lock=0 ms, blockedForSync=0 ms, animations=0 ms
2026-07-14 19:24:09.731 DEBUG qt.scenegraph.time.renderer: time in renderer: total=0ms, preprocess=0, updates=0, rendering=0
2026-07-14 19:24:09.737 DEBUG qt.scenegraph.time.renderloop: [window 0x7f48b5903e40][gui thread] polishAndSync: start, elapsed since last call: 6 ms
2026-07-14 19:24:09.737 DEBUG qt.scenegraph.time.renderloop: [window 0x7f48b5903e40][render thread 0x7f48b57a2c20] syncAndRender: frame rendered in 6ms, sync=0, render=0, swap=6
2026-07-14 19:24:09.737 DEBUG qt.scenegraph.time.renderloop: [window 0x7f48b5903e40][render thread 0x7f48b57a2c20] syncAndRender: start, elapsed since last call: 6 ms
2026-07-14 19:24:09.738 DEBUG qt.scenegraph.time.renderloop: [window 0x7f48b5903e40][gui thread] Frame prepared, polish=0 ms, lock=0 ms, blockedForSync=0 ms, animations=0 ms
2026-07-14 19:24:09.738 DEBUG qt.scenegraph.time.renderer: time in renderer: total=0ms, preprocess=0, updates=0, rendering=0
2026-07-14 19:24:09.744 DEBUG qt.scenegraph.time.renderloop: [window 0x7f48b5903e40][gui thread] polishAndSync: start, elapsed since last call: 6 ms
2026-07-14 19:24:09.744 DEBUG qt.scenegraph.time.renderloop: [window 0x7f48b5903e40][render thread 0x7f48b57a2c20] syncAndRender: frame rendered in 6ms, sync=0, render=0, swap=6
2026-07-14 19:24:09.744 DEBUG qt.scenegraph.time.renderloop: [window 0x7f48b5903e40][render thread 0x7f48b57a2c20] syncAndRender: start, elapsed since last call: 6 ms
2026-07-14 19:24:09.744 DEBUG qt.scenegraph.time.renderloop: [window 0x7f48b5903e40][gui thread] Frame prepared, polish=0 ms, lock=0 ms, blockedForSync=0 ms, animations=0 ms
2026-07-14 19:24:09.745 DEBUG qt.scenegraph.time.renderer: time in renderer: total=0ms, preprocess=0, updates=0, rendering=0
2026-07-14 19:24:09.751 DEBUG qt.scenegraph.time.renderloop: [window 0x7f48b5903e40][render thread 0x7f48b57a2c20] syncAndRender: frame rendered in 6ms, sync=0, render=0, swap=6
2026-07-14 19:24:09.767 DEBUG qt.scenegraph.time.renderloop: [window 0x7f48b5903e40][gui thread] polishAndSync: start, elapsed since last call: 22 ms
2026-07-14 19:24:09.768 DEBUG qt.scenegraph.time.renderloop: [window 0x7f48b5903e40][render thread 0x7f48b57a2c20] syncAndRender: start, elapsed since last call: 23 ms
2026-07-14 19:24:09.768 DEBUG qt.scenegraph.time.renderloop: [window 0x7f48b5903e40][gui thread] Frame prepared, polish=0 ms, lock=0 ms, blockedForSync=0 ms, animations=0 ms
2026-07-14 19:24:09.768 DEBUG qt.scenegraph.time.renderer: time in renderer: total=0ms, preprocess=0, updates=0, rendering=0
2026-07-14 19:24:09.768 DEBUG qt.scenegraph.time.renderloop: [window 0x7f48b5903e40][render thread 0x7f48b57a2c20] syncAndRender: frame rendered in 0ms, sync=0, render=0, swap=0
2026-07-14 19:24:09.772 DEBUG qt.scenegraph.time.renderloop: [window 0x7f48b5903e40][gui thread] polishAndSync: start, elapsed since last call: 4 ms
2026-07-14 19:24:09.772 DEBUG qt.scenegraph.time.renderloop: [window 0x7f48b5903e40][render thread 0x7f48b57a2c20] syncAndRender: start, elapsed since last call: 4 ms
2026-07-14 19:24:09.772 DEBUG qt.scenegraph.time.renderloop: [window 0x7f48b5903e40][gui thread] Frame prepared, polish=0 ms, lock=0 ms, blockedForSync=0 ms, animations=0 ms
2026-07-14 19:24:09.772 DEBUG qt.scenegraph.time.renderer: time in renderer: total=0ms, preprocess=0, updates=0, rendering=0
2026-07-14 19:24:09.773 DEBUG qt.scenegraph.time.renderloop: [window 0x7f48b5903e40][render thread 0x7f48b57a2c20] syncAndRender: frame rendered in 0ms, sync=0, render=0, swap=0
2026-07-14 19:24:09.800 DEBUG qt.scenegraph.time.renderloop: [window 0x7f48b5903e40][gui thread] polishAndSync: start, elapsed since last call: 28 ms
2026-07-14 19:24:09.801 DEBUG qt.scenegraph.time.renderloop: [window 0x7f48b5903e40][render thread 0x7f48b57a2c20] syncAndRender: start, elapsed since last call: 28 ms
2026-07-14 19:24:09.801 DEBUG qt.scenegraph.time.renderloop: [window 0x7f48b5903e40][gui thread] Frame prepared, polish=0 ms, lock=0 ms, blockedForSync=0 ms, animations=0 ms
2026-07-14 19:24:09.801 DEBUG qt.scenegraph.time.renderer: time in renderer: total=0ms, preprocess=0, updates=0, rendering=0
2026-07-14 19:24:09.801 DEBUG qt.scenegraph.time.renderloop: [window 0x7f48b5903e40][render thread 0x7f48b57a2c20] syncAndRender: frame rendered in 0ms, sync=0, render=0, swap=0
2026-07-14 19:24:09.807 DEBUG qt.scenegraph.time.renderloop: [window 0x7f48b5903e40][gui thread] polishAndSync: start, elapsed since last call: 6 ms
2026-07-14 19:24:09.807 DEBUG qt.scenegraph.time.renderloop: [window 0x7f48b5903e40][render thread 0x7f48b57a2c20] syncAndRender: start, elapsed since last call: 6 ms
2026-07-14 19:24:09.807 DEBUG qt.scenegraph.time.renderloop: [window 0x7f48b5903e40][gui thread] Frame prepared, polish=0 ms, lock=0 ms, blockedForSync=0 ms, animations=0 ms
2026-07-14 19:24:09.807 DEBUG qt.scenegraph.time.renderer: time in renderer: total=0ms, preprocess=0, updates=0, rendering=0
2026-07-14 19:24:09.807 DEBUG qt.scenegraph.time.renderloop: [window 0x7f48b5903e40][render thread 0x7f48b57a2c20] syncAndRender: frame rendered in 0ms, sync=0, render=0, swap=0
2026-07-14 19:24:09.833 DEBUG qt.scenegraph.time.renderloop: [window 0x7f48b5903e40][gui thread] polishAndSync: start, elapsed since last call: 26 ms
2026-07-14 19:24:09.834 DEBUG qt.scenegraph.time.renderloop: [window 0x7f48b5903e40][render thread 0x7f48b57a2c20] syncAndRender: start, elapsed since last call: 26 ms
2026-07-14 19:24:09.834 DEBUG qt.scenegraph.time.renderloop: [window 0x7f48b5903e40][gui thread] Frame prepared, polish=0 ms, lock=0 ms, blockedForSync=0 ms, animations=0 ms
2026-07-14 19:24:09.834 DEBUG qt.scenegraph.time.renderer: time in renderer: total=0ms, preprocess=0, updates=0, rendering=0
2026-07-14 19:24:09.834 DEBUG qt.scenegraph.time.renderloop: [window 0x7f48b5903e40][render thread 0x7f48b57a2c20] syncAndRender: frame rendered in 0ms, sync=0, render=0, swap=0
2026-07-14 19:24:09.835 DEBUG qt.scenegraph.time.renderloop: [window 0x7f48b5903e40][gui thread] polishAndSync: start, elapsed since last call: 1 ms
2026-07-14 19:24:09.835 DEBUG qt.scenegraph.time.renderloop: [window 0x7f48b5903e40][render thread 0x7f48b57a2c20] syncAndRender: start, elapsed since last call: 1 ms
2026-07-14 19:24:09.835 DEBUG qt.scenegraph.time.renderloop: [window 0x7f48b5903e40][gui thread] Frame prepared, polish=0 ms, lock=0 ms, blockedForSync=0 ms, animations=0 ms
2026-07-14 19:24:09.835 DEBUG qt.scenegraph.time.renderer: time in renderer: total=0ms, preprocess=0, updates=0, rendering=0
2026-07-14 19:24:09.835 DEBUG qt.scenegraph.time.renderloop: [window 0x7f48b5903e40][render thread 0x7f48b57a2c20] syncAndRender: frame rendered in 0ms, sync=0, render=0, swap=0
2026-07-14 19:24:09.860 DEBUG qt.scenegraph.time.renderloop: [window 0x7f48b5903e40][gui thread] polishAndSync: start, elapsed since last call: 25 ms
2026-07-14 19:24:09.860 DEBUG qt.scenegraph.time.renderloop: [window 0x7f48b5903e40][render thread 0x7f48b57a2c20] syncAndRender: start, elapsed since last call: 25 ms
2026-07-14 19:24:09.860 DEBUG qt.scenegraph.time.renderloop: [window 0x7f48b5903e40][gui thread] Frame prepared, polish=0 ms, lock=0 ms, blockedForSync=0 ms, animations=0 ms
2026-07-14 19:24:09.860 DEBUG qt.scenegraph.time.renderer: time in renderer: total=0ms, preprocess=0, updates=0, rendering=0
2026-07-14 19:24:09.860 DEBUG qt.scenegraph.time.renderloop: [window 0x7f48b5903e40][render thread 0x7f48b57a2c20] syncAndRender: frame rendered in 0ms, sync=0, render=0, swap=0
2026-07-14 19:24:09.861 DEBUG qt.scenegraph.time.renderloop: [window 0x7f48b3b9a3d0][gui thread] polishAndSync: start, elapsed since last call: 290 ms
2026-07-14 19:24:09.861 DEBUG qt.scenegraph.time.renderloop: [window 0x7f48b3b9a3d0][render thread 0x7f48d880cd60] syncAndRender: start, elapsed since last call: 290 ms
2026-07-14 19:24:09.861 DEBUG qt.scenegraph.time.renderloop: [window 0x7f48b3b9a3d0][gui thread] Frame prepared, polish=0 ms, lock=0 ms, blockedForSync=0 ms, animations=0 ms
2026-07-14 19:24:09.861 DEBUG qt.scenegraph.time.renderer: time in renderer: total=0ms, preprocess=0, updates=0, rendering=0
2026-07-14 19:24:09.861 DEBUG qt.scenegraph.time.renderloop: [window 0x7f48b3b9a3d0][render thread 0x7f48d880cd60] syncAndRender: frame rendered in 0ms, sync=0, render=0, swap=0
2026-07-14 19:24:09.863 DEBUG qt.scenegraph.time.renderloop: [window 0x7f48b5903e40][gui thread] polishAndSync: start, elapsed since last call: 2 ms
2026-07-14 19:24:09.863 DEBUG qt.scenegraph.time.renderloop: [window 0x7f48b5903e40][render thread 0x7f48b57a2c20] syncAndRender: start, elapsed since last call: 2 ms
2026-07-14 19:24:09.863 DEBUG qt.scenegraph.time.renderloop: [window 0x7f48b5903e40][gui thread] Frame prepared, polish=0 ms, lock=0 ms, blockedForSync=0 ms, animations=0 ms
2026-07-14 19:24:09.863 DEBUG qt.scenegraph.time.glyph: distancefield: 1 glyphs prepared in 0ms, rendering=0, upload=0
2026-07-14 19:24:09.863 DEBUG qt.scenegraph.time.renderer: time in renderer: total=0ms, preprocess=0, updates=0, rendering=0
2026-07-14 19:24:09.863 DEBUG qt.scenegraph.time.renderloop: [window 0x7f48b5903e40][render thread 0x7f48b57a2c20] syncAndRender: frame rendered in 0ms, sync=0, render=0, swap=0
2026-07-14 19:24:09.870 DEBUG qt.scenegraph.time.renderloop: [window 0x7f48b5903e40][gui thread] polishAndSync: start, elapsed since last call: 6 ms
2026-07-14 19:24:09.870 DEBUG qt.scenegraph.time.renderloop: [window 0x7f48b5903e40][render thread 0x7f48b57a2c20] syncAndRender: start, elapsed since last call: 7 ms
2026-07-14 19:24:09.870 DEBUG qt.scenegraph.time.renderloop: [window 0x7f48b5903e40][gui thread] Frame prepared, polish=0 ms, lock=0 ms, blockedForSync=0 ms, animations=0 ms
2026-07-14 19:24:09.870 DEBUG qt.scenegraph.time.renderer: time in renderer: total=0ms, preprocess=0, updates=0, rendering=0
2026-07-14 19:24:09.870 DEBUG qt.scenegraph.time.renderloop: [window 0x7f48b5903e40][render thread 0x7f48b57a2c20] syncAndRender: frame rendered in 0ms, sync=0, render=0, swap=0
2026-07-14 19:24:09.877 DEBUG qt.scenegraph.time.renderloop: [window 0x7f48b5903e40][gui thread] polishAndSync: start, elapsed since last call: 7 ms
2026-07-14 19:24:09.877 DEBUG qt.scenegraph.time.renderloop: [window 0x7f48b5903e40][render thread 0x7f48b57a2c20] syncAndRender: start, elapsed since last call: 6 ms
2026-07-14 19:24:09.877 DEBUG qt.scenegraph.time.renderloop: [window 0x7f48b5903e40][gui thread] Frame prepared, polish=0 ms, lock=0 ms, blockedForSync=0 ms, animations=0 ms
2026-07-14 19:24:09.877 DEBUG qt.scenegraph.time.renderer: time in renderer: total=0ms, preprocess=0, updates=0, rendering=0
2026-07-14 19:24:09.877 DEBUG qt.scenegraph.time.renderloop: [window 0x7f48b5903e40][render thread 0x7f48b57a2c20] syncAndRender: frame rendered in 0ms, sync=0, render=0, swap=0
2026-07-14 19:24:09.884 DEBUG qt.scenegraph.time.renderloop: [window 0x7f48b5903e40][gui thread] polishAndSync: start, elapsed since last call: 6 ms
2026-07-14 19:24:09.884 DEBUG qt.scenegraph.time.renderloop: [window 0x7f48b5903e40][render thread 0x7f48b57a2c20] syncAndRender: start, elapsed since last call: 6 ms
2026-07-14 19:24:09.884 DEBUG qt.scenegraph.time.renderloop: [window 0x7f48b5903e40][gui thread] Frame prepared, polish=0 ms, lock=0 ms, blockedForSync=0 ms, animations=0 ms
2026-07-14 19:24:09.884 DEBUG qt.scenegraph.time.renderer: time in renderer: total=0ms, preprocess=0, updates=0, rendering=0
2026-07-14 19:24:09.884 DEBUG qt.scenegraph.time.renderloop: [window 0x7f48b5903e40][render thread 0x7f48b57a2c20] syncAndRender: frame rendered in 0ms, sync=0, render=0, swap=0
2026-07-14 19:24:09.890 DEBUG qt.scenegraph.time.renderloop: [window 0x7f48b5903e40][gui thread] polishAndSync: start, elapsed since last call: 6 ms
2026-07-14 19:24:09.890 DEBUG qt.scenegraph.time.renderloop: [window 0x7f48b5903e40][render thread 0x7f48b57a2c20] syncAndRender: start, elapsed since last call: 6 ms
2026-07-14 19:24:09.890 DEBUG qt.scenegraph.time.renderloop: [window 0x7f48b5903e40][gui thread] Frame prepared, polish=0 ms, lock=0 ms, blockedForSync=0 ms, animations=0 ms
2026-07-14 19:24:09.890 DEBUG qt.scenegraph.time.renderer: time in renderer: total=0ms, preprocess=0, updates=0, rendering=0
2026-07-14 19:24:09.891 DEBUG qt.scenegraph.time.renderloop: [window 0x7f48b5903e40][render thread 0x7f48b57a2c20] syncAndRender: frame rendered in 0ms, sync=0, render=0, swap=0
2026-07-14 19:24:09.897 DEBUG qt.scenegraph.time.renderloop: [window 0x7f48b5903e40][gui thread] polishAndSync: start, elapsed since last call: 6 ms
2026-07-14 19:24:09.898 DEBUG qt.scenegraph.time.renderloop: [window 0x7f48b5903e40][render thread 0x7f48b57a2c20] syncAndRender: start, elapsed since last call: 7 ms
2026-07-14 19:24:09.898 DEBUG qt.scenegraph.time.renderloop: [window 0x7f48b5903e40][gui thread] Frame prepared, polish=0 ms, lock=0 ms, blockedForSync=0 ms, animations=0 ms
2026-07-14 19:24:09.898 DEBUG qt.scenegraph.time.renderer: time in renderer: total=0ms, preprocess=0, updates=0, rendering=0
2026-07-14 19:24:09.898 DEBUG qt.scenegraph.time.renderloop: [window 0x7f48b5903e40][render thread 0x7f48b57a2c20] syncAndRender: frame rendered in 0ms, sync=0, render=0, swap=0
2026-07-14 19:24:09.904 DEBUG qt.scenegraph.time.renderloop: [window 0x7f48b5903e40][gui thread] polishAndSync: start, elapsed since last call: 6 ms
2026-07-14 19:24:09.904 DEBUG qt.scenegraph.time.renderloop: [window 0x7f48b5903e40][render thread 0x7f48b57a2c20] syncAndRender: start, elapsed since last call: 6 ms
2026-07-14 19:24:09.904 DEBUG qt.scenegraph.time.renderloop: [window 0x7f48b5903e40][gui thread] Frame prepared, polish=0 ms, lock=0 ms, blockedForSync=0 ms, animations=0 ms
2026-07-14 19:24:09.904 DEBUG qt.scenegraph.time.renderer: time in renderer: total=0ms, preprocess=0, updates=0, rendering=0
2026-07-14 19:24:09.905 DEBUG qt.scenegraph.time.renderloop: [window 0x7f48b5903e40][render thread 0x7f48b57a2c20] syncAndRender: frame rendered in 0ms, sync=0, render=0, swap=0
2026-07-14 19:24:09.911 DEBUG qt.scenegraph.time.renderloop: [window 0x7f48b5903e40][gui thread] polishAndSync: start, elapsed since last call: 6 ms
2026-07-14 19:24:09.911 DEBUG qt.scenegraph.time.renderloop: [window 0x7f48b5903e40][render thread 0x7f48b57a2c20] syncAndRender: start, elapsed since last call: 6 ms
2026-07-14 19:24:09.911 DEBUG qt.scenegraph.time.renderloop: [window 0x7f48b5903e40][gui thread] Frame prepared, polish=0 ms, lock=0 ms, blockedForSync=0 ms, animations=0 ms
2026-07-14 19:24:09.911 DEBUG qt.scenegraph.time.renderer: time in renderer: total=0ms, preprocess=0, updates=0, rendering=0
2026-07-14 19:24:09.911 DEBUG qt.scenegraph.time.renderloop: [window 0x7f48b5903e40][render thread 0x7f48b57a2c20] syncAndRender: frame rendered in 0ms, sync=0, render=0, swap=0
2026-07-14 19:24:09.918 DEBUG qt.scenegraph.time.renderloop: [window 0x7f48b5903e40][gui thread] polishAndSync: start, elapsed since last call: 6 ms
2026-07-14 19:24:09.918 DEBUG qt.scenegraph.time.renderloop: [window 0x7f48b5903e40][render thread 0x7f48b57a2c20] syncAndRender: start, elapsed since last call: 6 ms
2026-07-14 19:24:09.918 DEBUG qt.scenegraph.time.renderloop: [window 0x7f48b5903e40][gui thread] Frame prepared, polish=0 ms, lock=0 ms, blockedForSync=0 ms, animations=0 ms
2026-07-14 19:24:09.918 DEBUG qt.scenegraph.time.renderer: time in renderer: total=0ms, preprocess=0, updates=0, rendering=0
2026-07-14 19:24:09.918 DEBUG qt.scenegraph.time.renderloop: [window 0x7f48b5903e40][render thread 0x7f48b57a2c20] syncAndRender: frame rendered in 0ms, sync=0, render=0, swap=0
2026-07-14 19:24:09.925 DEBUG qt.scenegraph.time.renderloop: [window 0x7f48b5903e40][gui thread] polishAndSync: start, elapsed since last call: 7 ms
2026-07-14 19:24:09.925 DEBUG qt.scenegraph.time.renderloop: [window 0x7f48b5903e40][render thread 0x7f48b57a2c20] syncAndRender: start, elapsed since last call: 7 ms
2026-07-14 19:24:09.925 DEBUG qt.scenegraph.time.renderloop: [window 0x7f48b5903e40][gui thread] Frame prepared, polish=0 ms, lock=0 ms, blockedForSync=0 ms, animations=0 ms
2026-07-14 19:24:09.925 DEBUG qt.scenegraph.time.renderer: time in renderer: total=0ms, preprocess=0, updates=0, rendering=0
2026-07-14 19:24:09.925 DEBUG qt.scenegraph.time.renderloop: [window 0x7f48b5903e40][render thread 0x7f48b57a2c20] syncAndRender: frame rendered in 0ms, sync=0, render=0, swap=0
2026-07-14 19:24:09.932 DEBUG qt.scenegraph.time.renderloop: [window 0x7f48b5903e40][gui thread] polishAndSync: start, elapsed since last call: 6 ms
2026-07-14 19:24:09.932 DEBUG qt.scenegraph.time.renderloop: [window 0x7f48b5903e40][render thread 0x7f48b57a2c20] syncAndRender: start, elapsed since last call: 7 ms
2026-07-14 19:24:09.932 DEBUG qt.scenegraph.time.renderloop: [window 0x7f48b5903e40][gui thread] Frame prepared, polish=0 ms, lock=0 ms, blockedForSync=0 ms, animations=0 ms
2026-07-14 19:24:09.933 DEBUG qt.scenegraph.time.renderer: time in renderer: total=0ms, preprocess=0, updates=0, rendering=0
2026-07-14 19:24:09.933 DEBUG qt.scenegraph.time.renderloop: [window 0x7f48b5903e40][gui thread] polishAndSync: start, elapsed since last call: 0 ms
2026-07-14 19:24:09.933 DEBUG qt.scenegraph.time.renderloop: [window 0x7f48b5903e40][render thread 0x7f48b57a2c20] syncAndRender: frame rendered in 0ms, sync=0, render=0, swap=0
2026-07-14 19:24:09.933 DEBUG qt.scenegraph.time.renderloop: [window 0x7f48b5903e40][render thread 0x7f48b57a2c20] syncAndRender: start, elapsed since last call: 0 ms
2026-07-14 19:24:09.933 DEBUG qt.scenegraph.time.renderloop: [window 0x7f48b5903e40][gui thread] Frame prepared, polish=0 ms, lock=0 ms, blockedForSync=0 ms, animations=0 ms
2026-07-14 19:24:09.933 DEBUG qt.scenegraph.time.renderer: time in renderer: total=0ms, preprocess=0, updates=0, rendering=0
2026-07-14 19:24:09.939 DEBUG qt.scenegraph.time.renderloop: [window 0x7f48b5903e40][gui thread] polishAndSync: start, elapsed since last call: 6 ms
2026-07-14 19:24:09.939 DEBUG qt.scenegraph.time.renderloop: [window 0x7f48b5903e40][render thread 0x7f48b57a2c20] syncAndRender: frame rendered in 6ms, sync=0, render=0, swap=6
2026-07-14 19:24:09.939 DEBUG qt.scenegraph.time.renderloop: [window 0x7f48b5903e40][render thread 0x7f48b57a2c20] syncAndRender: start, elapsed since last call: 6 ms
2026-07-14 19:24:09.939 DEBUG qt.scenegraph.time.renderloop: [window 0x7f48b5903e40][gui thread] Frame prepared, polish=0 ms, lock=0 ms, blockedForSync=0 ms, animations=0 ms
2026-07-14 19:24:09.939 DEBUG qt.scenegraph.time.renderer: time in renderer: total=0ms, preprocess=0, updates=0, rendering=0
2026-07-14 19:24:09.946 DEBUG qt.scenegraph.time.renderloop: [window 0x7f48b5903e40][gui thread] polishAndSync: start, elapsed since last call: 7 ms
2026-07-14 19:24:09.946 DEBUG qt.scenegraph.time.renderloop: [window 0x7f48b5903e40][render thread 0x7f48b57a2c20] syncAndRender: frame rendered in 6ms, sync=0, render=0, swap=6
2026-07-14 19:24:09.946 DEBUG qt.scenegraph.time.renderloop: [window 0x7f48b5903e40][render thread 0x7f48b57a2c20] syncAndRender: start, elapsed since last call: 7 ms
2026-07-14 19:24:09.946 DEBUG qt.scenegraph.time.renderloop: [window 0x7f48b5903e40][gui thread] Frame prepared, polish=0 ms, lock=0 ms, blockedForSync=0 ms, animations=0 ms
2026-07-14 19:24:09.946 DEBUG qt.scenegraph.time.renderer: time in renderer: total=0ms, preprocess=0, updates=0, rendering=0
2026-07-14 19:24:09.953 DEBUG qt.scenegraph.time.renderloop: [window 0x7f48b5903e40][gui thread] polishAndSync: start, elapsed since last call: 6 ms
2026-07-14 19:24:09.953 DEBUG qt.scenegraph.time.renderloop: [window 0x7f48b5903e40][render thread 0x7f48b57a2c20] syncAndRender: frame rendered in 6ms, sync=0, render=0, swap=6
2026-07-14 19:24:09.953 DEBUG qt.scenegraph.time.renderloop: [window 0x7f48b5903e40][render thread 0x7f48b57a2c20] syncAndRender: start, elapsed since last call: 6 ms
2026-07-14 19:24:09.953 DEBUG qt.scenegraph.time.renderloop: [window 0x7f48b5903e40][gui thread] Frame prepared, polish=0 ms, lock=0 ms, blockedForSync=0 ms, animations=0 ms
2026-07-14 19:24:09.953 DEBUG qt.scenegraph.time.renderer: time in renderer: total=0ms, preprocess=0, updates=0, rendering=0
2026-07-14 19:24:09.960 DEBUG qt.scenegraph.time.renderloop: [window 0x7f48b5903e40][gui thread] polishAndSync: start, elapsed since last call: 6 ms
2026-07-14 19:24:09.960 DEBUG qt.scenegraph.time.renderloop: [window 0x7f48b5903e40][render thread 0x7f48b57a2c20] syncAndRender: frame rendered in 6ms, sync=0, render=0, swap=6
2026-07-14 19:24:09.960 DEBUG qt.scenegraph.time.renderloop: [window 0x7f48b5903e40][render thread 0x7f48b57a2c20] syncAndRender: start, elapsed since last call: 6 ms
2026-07-14 19:24:09.960 DEBUG qt.scenegraph.time.renderloop: [window 0x7f48b5903e40][gui thread] Frame prepared, polish=0 ms, lock=0 ms, blockedForSync=0 ms, animations=0 ms
2026-07-14 19:24:09.960 DEBUG qt.scenegraph.time.renderer: time in renderer: total=0ms, preprocess=0, updates=0, rendering=0
2026-07-14 19:24:09.967 DEBUG qt.scenegraph.time.renderloop: [window 0x7f48b5903e40][gui thread] polishAndSync: start, elapsed since last call: 6 ms
2026-07-14 19:24:09.967 DEBUG qt.scenegraph.time.renderloop: [window 0x7f48b5903e40][render thread 0x7f48b57a2c20] syncAndRender: frame rendered in 6ms, sync=0, render=0, swap=6
2026-07-14 19:24:09.967 DEBUG qt.scenegraph.time.renderloop: [window 0x7f48b5903e40][render thread 0x7f48b57a2c20] syncAndRender: start, elapsed since last call: 6 ms
2026-07-14 19:24:09.967 DEBUG qt.scenegraph.time.renderloop: [window 0x7f48b5903e40][gui thread] Frame prepared, polish=0 ms, lock=0 ms, blockedForSync=0 ms, animations=0 ms
2026-07-14 19:24:09.967 DEBUG qt.scenegraph.time.renderer: time in renderer: total=0ms, preprocess=0, updates=0, rendering=0
2026-07-14 19:24:09.974 DEBUG qt.scenegraph.time.renderloop: [window 0x7f48b5903e40][gui thread] polishAndSync: start, elapsed since last call: 6 ms
2026-07-14 19:24:09.974 DEBUG qt.scenegraph.time.renderloop: [window 0x7f48b5903e40][render thread 0x7f48b57a2c20] syncAndRender: frame rendered in 6ms, sync=0, render=0, swap=6
2026-07-14 19:24:09.974 DEBUG qt.scenegraph.time.renderloop: [window 0x7f48b5903e40][render thread 0x7f48b57a2c20] syncAndRender: start, elapsed since last call: 6 ms
2026-07-14 19:24:09.974 DEBUG qt.scenegraph.time.renderloop: [window 0x7f48b5903e40][gui thread] Frame prepared, polish=0 ms, lock=0 ms, blockedForSync=0 ms, animations=0 ms
2026-07-14 19:24:09.974 DEBUG qt.scenegraph.time.renderer: time in renderer: total=0ms, preprocess=0, updates=0, rendering=0
2026-07-14 19:24:09.981 DEBUG qt.scenegraph.time.renderloop: [window 0x7f48b5903e40][gui thread] polishAndSync: start, elapsed since last call: 6 ms
2026-07-14 19:24:09.981 DEBUG qt.scenegraph.time.renderloop: [window 0x7f48b5903e40][render thread 0x7f48b57a2c20] syncAndRender: frame rendered in 6ms, sync=0, render=0, swap=6
2026-07-14 19:24:09.981 DEBUG qt.scenegraph.time.renderloop: [window 0x7f48b5903e40][render thread 0x7f48b57a2c20] syncAndRender: start, elapsed since last call: 7 ms
2026-07-14 19:24:09.981 DEBUG qt.scenegraph.time.renderloop: [window 0x7f48b5903e40][gui thread] Frame prepared, polish=0 ms, lock=0 ms, blockedForSync=0 ms, animations=0 ms
2026-07-14 19:24:09.981 DEBUG qt.scenegraph.time.renderer: time in renderer: total=0ms, preprocess=0, updates=0, rendering=0
2026-07-14 19:24:09.988 DEBUG qt.scenegraph.time.renderloop: [window 0x7f48b5903e40][gui thread] polishAndSync: start, elapsed since last call: 6 ms
2026-07-14 19:24:09.988 DEBUG qt.scenegraph.time.renderloop: [window 0x7f48b5903e40][render thread 0x7f48b57a2c20] syncAndRender: frame rendered in 6ms, sync=0, render=0, swap=6
2026-07-14 19:24:09.988 DEBUG qt.scenegraph.time.renderloop: [window 0x7f48b5903e40][render thread 0x7f48b57a2c20] syncAndRender: start, elapsed since last call: 6 ms
2026-07-14 19:24:09.988 DEBUG qt.scenegraph.time.renderloop: [window 0x7f48b5903e40][gui thread] Frame prepared, polish=0 ms, lock=0 ms, blockedForSync=0 ms, animations=0 ms
2026-07-14 19:24:09.988 DEBUG qt.scenegraph.time.renderer: time in renderer: total=0ms, preprocess=0, updates=0, rendering=0
2026-07-14 19:24:09.995 DEBUG qt.scenegraph.time.renderloop: [window 0x7f48b5903e40][gui thread] polishAndSync: start, elapsed since last call: 6 ms
2026-07-14 19:24:09.995 DEBUG qt.scenegraph.time.renderloop: [window 0x7f48b5903e40][render thread 0x7f48b57a2c20] syncAndRender: frame rendered in 6ms, sync=0, render=0, swap=6
2026-07-14 19:24:09.995 DEBUG qt.scenegraph.time.renderloop: [window 0x7f48b5903e40][render thread 0x7f48b57a2c20] syncAndRender: start, elapsed since last call: 6 ms
2026-07-14 19:24:09.995 DEBUG qt.scenegraph.time.renderloop: [window 0x7f48b5903e40][gui thread] Frame prepared, polish=0 ms, lock=0 ms, blockedForSync=0 ms, animations=0 ms
2026-07-14 19:24:09.995 DEBUG qt.scenegraph.time.renderer: time in renderer: total=0ms, preprocess=0, updates=0, rendering=0
2026-07-14 19:24:10.001 DEBUG qt.scenegraph.time.renderloop: [window 0x7f48b5903e40][gui thread] polishAndSync: start, elapsed since last call: 6 ms
2026-07-14 19:24:10.001 DEBUG qt.scenegraph.time.renderloop: [window 0x7f48b5903e40][render thread 0x7f48b57a2c20] syncAndRender: frame rendered in 6ms, sync=0, render=0, swap=6
2026-07-14 19:24:10.002 DEBUG qt.scenegraph.time.renderloop: [window 0x7f48b5903e40][render thread 0x7f48b57a2c20] syncAndRender: start, elapsed since last call: 6 ms
2026-07-14 19:24:10.002 DEBUG qt.scenegraph.time.renderloop: [window 0x7f48b5903e40][gui thread] Frame prepared, polish=0 ms, lock=0 ms, blockedForSync=0 ms, animations=0 ms
2026-07-14 19:24:10.002 DEBUG qt.scenegraph.time.renderer: time in renderer: total=0ms, preprocess=0, updates=0, rendering=0
2026-07-14 19:24:10.008 DEBUG qt.scenegraph.time.renderloop: [window 0x7f48b5903e40][gui thread] polishAndSync: start, elapsed since last call: 6 ms
2026-07-14 19:24:10.008 DEBUG qt.scenegraph.time.renderloop: [window 0x7f48b5903e40][render thread 0x7f48b57a2c20] syncAndRender: frame rendered in 6ms, sync=0, render=0, swap=6
2026-07-14 19:24:10.008 DEBUG qt.scenegraph.time.renderloop: [window 0x7f48b5903e40][render thread 0x7f48b57a2c20] syncAndRender: start, elapsed since last call: 6 ms
2026-07-14 19:24:10.008 DEBUG qt.scenegraph.time.renderloop: [window 0x7f48b5903e40][gui thread] Frame prepared, polish=0 ms, lock=0 ms, blockedForSync=0 ms, animations=0 ms
2026-07-14 19:24:10.009 DEBUG qt.scenegraph.time.renderer: time in renderer: total=0ms, preprocess=0, updates=0, rendering=0
2026-07-14 19:24:10.015 DEBUG qt.scenegraph.time.renderloop: [window 0x7f48b5903e40][gui thread] polishAndSync: start, elapsed since last call: 6 ms
2026-07-14 19:24:10.015 DEBUG qt.scenegraph.time.renderloop: [window 0x7f48b5903e40][render thread 0x7f48b57a2c20] syncAndRender: frame rendered in 6ms, sync=0, render=0, swap=6
2026-07-14 19:24:10.016 DEBUG qt.scenegraph.time.renderloop: [window 0x7f48b5903e40][render thread 0x7f48b57a2c20] syncAndRender: start, elapsed since last call: 7 ms
2026-07-14 19:24:10.016 DEBUG qt.scenegraph.time.renderloop: [window 0x7f48b5903e40][gui thread] Frame prepared, polish=0 ms, lock=0 ms, blockedForSync=0 ms, animations=0 ms
2026-07-14 19:24:10.016 DEBUG qt.scenegraph.time.renderer: time in renderer: total=0ms, preprocess=0, updates=0, rendering=0
2026-07-14 19:24:10.022 DEBUG qt.scenegraph.time.renderloop: [window 0x7f48b5903e40][gui thread] polishAndSync: start, elapsed since last call: 6 ms
2026-07-14 19:24:10.022 DEBUG qt.scenegraph.time.renderloop: [window 0x7f48b5903e40][render thread 0x7f48b57a2c20] syncAndRender: frame rendered in 6ms, sync=0, render=0, swap=6
2026-07-14 19:24:10.022 DEBUG qt.scenegraph.time.renderloop: [window 0x7f48b5903e40][render thread 0x7f48b57a2c20] syncAndRender: start, elapsed since last call: 6 ms
2026-07-14 19:24:10.022 DEBUG qt.scenegraph.time.renderloop: [window 0x7f48b5903e40][gui thread] Frame prepared, polish=0 ms, lock=0 ms, blockedForSync=0 ms, animations=0 ms
2026-07-14 19:24:10.022 DEBUG qt.scenegraph.time.renderer: time in renderer: total=0ms, preprocess=0, updates=0, rendering=0
2026-07-14 19:24:10.029 DEBUG qt.scenegraph.time.renderloop: [window 0x7f48b5903e40][gui thread] polishAndSync: start, elapsed since last call: 6 ms
2026-07-14 19:24:10.029 DEBUG qt.scenegraph.time.renderloop: [window 0x7f48b5903e40][render thread 0x7f48b57a2c20] syncAndRender: frame rendered in 6ms, sync=0, render=0, swap=6
2026-07-14 19:24:10.029 DEBUG qt.scenegraph.time.renderloop: [window 0x7f48b5903e40][render thread 0x7f48b57a2c20] syncAndRender: start, elapsed since last call: 6 ms
2026-07-14 19:24:10.029 DEBUG qt.scenegraph.time.renderloop: [window 0x7f48b5903e40][gui thread] Frame prepared, polish=0 ms, lock=0 ms, blockedForSync=0 ms, animations=0 ms
2026-07-14 19:24:10.029 DEBUG qt.scenegraph.time.renderer: time in renderer: total=0ms, preprocess=0, updates=0, rendering=0
2026-07-14 19:24:10.036 DEBUG qt.scenegraph.time.renderloop: [window 0x7f48b5903e40][gui thread] polishAndSync: start, elapsed since last call: 6 ms
2026-07-14 19:24:10.036 DEBUG qt.scenegraph.time.renderloop: [window 0x7f48b5903e40][render thread 0x7f48b57a2c20] syncAndRender: frame rendered in 6ms, sync=0, render=0, swap=6
2026-07-14 19:24:10.036 DEBUG qt.scenegraph.time.renderloop: [window 0x7f48b5903e40][render thread 0x7f48b57a2c20] syncAndRender: start, elapsed since last call: 6 ms
2026-07-14 19:24:10.036 DEBUG qt.scenegraph.time.renderloop: [window 0x7f48b5903e40][gui thread] Frame prepared, polish=0 ms, lock=0 ms, blockedForSync=0 ms, animations=0 ms
2026-07-14 19:24:10.036 DEBUG qt.scenegraph.time.renderer: time in renderer: total=0ms, preprocess=0, updates=0, rendering=0
2026-07-14 19:24:10.043 DEBUG qt.scenegraph.time.renderloop: [window 0x7f48b5903e40][gui thread] polishAndSync: start, elapsed since last call: 6 ms
2026-07-14 19:24:10.043 DEBUG qt.scenegraph.time.renderloop: [window 0x7f48b5903e40][render thread 0x7f48b57a2c20] syncAndRender: frame rendered in 6ms, sync=0, render=0, swap=6
2026-07-14 19:24:10.043 DEBUG qt.scenegraph.time.renderloop: [window 0x7f48b5903e40][render thread 0x7f48b57a2c20] syncAndRender: start, elapsed since last call: 7 ms
2026-07-14 19:24:10.043 DEBUG qt.scenegraph.time.renderloop: [window 0x7f48b5903e40][gui thread] Frame prepared, polish=0 ms, lock=0 ms, blockedForSync=0 ms, animations=0 ms
2026-07-14 19:24:10.044 DEBUG qt.scenegraph.time.renderer: time in renderer: total=0ms, preprocess=0, updates=0, rendering=0
2026-07-14 19:24:10.050 DEBUG qt.scenegraph.time.renderloop: [window 0x7f48b5903e40][gui thread] polishAndSync: start, elapsed since last call: 6 ms
2026-07-14 19:24:10.050 DEBUG qt.scenegraph.time.renderloop: [window 0x7f48b5903e40][render thread 0x7f48b57a2c20] syncAndRender: frame rendered in 6ms, sync=0, render=0, swap=6
2026-07-14 19:24:10.050 DEBUG qt.scenegraph.time.renderloop: [window 0x7f48b5903e40][render thread 0x7f48b57a2c20] syncAndRender: start, elapsed since last call: 6 ms
2026-07-14 19:24:10.050 DEBUG qt.scenegraph.time.renderloop: [window 0x7f48b5903e40][gui thread] Frame prepared, polish=0 ms, lock=0 ms, blockedForSync=0 ms, animations=0 ms
2026-07-14 19:24:10.050 DEBUG qt.scenegraph.time.renderer: time in renderer: total=0ms, preprocess=0, updates=0, rendering=0
2026-07-14 19:24:10.057 DEBUG qt.scenegraph.time.renderloop: [window 0x7f48b5903e40][render thread 0x7f48b57a2c20] syncAndRender: frame rendered in 6ms, sync=0, render=0, swap=6
2026-07-14 19:24:10.075 DEBUG qt.scenegraph.time.renderloop: [window 0x7f48b5903e40][gui thread] polishAndSync: start, elapsed since last call: 25 ms
2026-07-14 19:24:10.076 DEBUG qt.scenegraph.time.renderloop: [window 0x7f48b5903e40][render thread 0x7f48b57a2c20] syncAndRender: start, elapsed since last call: 25 ms
2026-07-14 19:24:10.076 DEBUG qt.scenegraph.time.renderloop: [window 0x7f48b5903e40][gui thread] Frame prepared, polish=0 ms, lock=0 ms, blockedForSync=0 ms, animations=0 ms
2026-07-14 19:24:10.076 DEBUG qt.scenegraph.time.renderer: time in renderer: total=0ms, preprocess=0, updates=0, rendering=0
2026-07-14 19:24:10.076 DEBUG qt.scenegraph.time.renderloop: [window 0x7f48b5903e40][render thread 0x7f48b57a2c20] syncAndRender: frame rendered in 0ms, sync=0, render=0, swap=0
2026-07-14 19:24:10.078 DEBUG qt.scenegraph.time.renderloop: [window 0x7f48b5903e40][gui thread] polishAndSync: start, elapsed since last call: 2 ms
2026-07-14 19:24:10.078 DEBUG qt.scenegraph.time.renderloop: [window 0x7f48b5903e40][render thread 0x7f48b57a2c20] syncAndRender: start, elapsed since last call: 2 ms
2026-07-14 19:24:10.078 DEBUG qt.scenegraph.time.renderloop: [window 0x7f48b5903e40][gui thread] Frame prepared, polish=0 ms, lock=0 ms, blockedForSync=0 ms, animations=0 ms
2026-07-14 19:24:10.078 DEBUG qt.scenegraph.time.renderer: time in renderer: total=0ms, preprocess=0, updates=0, rendering=0
2026-07-14 19:24:10.078 DEBUG qt.scenegraph.time.renderloop: [window 0x7f48b5903e40][render thread 0x7f48b57a2c20] syncAndRender: frame rendered in 0ms, sync=0, render=0, swap=0
2026-07-14 19:24:10.109 DEBUG qt.scenegraph.time.renderloop: [window 0x7f48b5903e40][gui thread] polishAndSync: start, elapsed since last call: 31 ms
2026-07-14 19:24:10.110 DEBUG qt.scenegraph.time.renderloop: [window 0x7f48b5903e40][render thread 0x7f48b57a2c20] syncAndRender: start, elapsed since last call: 31 ms
2026-07-14 19:24:10.110 DEBUG qt.scenegraph.time.renderloop: [window 0x7f48b5903e40][gui thread] Frame prepared, polish=0 ms, lock=0 ms, blockedForSync=0 ms, animations=0 ms
2026-07-14 19:24:10.110 DEBUG qt.scenegraph.time.renderer: time in renderer: total=0ms, preprocess=0, updates=0, rendering=0
2026-07-14 19:24:10.110 DEBUG qt.scenegraph.time.renderloop: [window 0x7f48b5903e40][render thread 0x7f48b57a2c20] syncAndRender: frame rendered in 0ms, sync=0, render=0, swap=0
2026-07-14 19:24:10.113 DEBUG qt.scenegraph.time.renderloop: [window 0x7f48b5903e40][gui thread] polishAndSync: start, elapsed since last call: 3 ms
2026-07-14 19:24:10.113 DEBUG qt.scenegraph.time.renderloop: [window 0x7f48b5903e40][render thread 0x7f48b57a2c20] syncAndRender: start, elapsed since last call: 3 ms
2026-07-14 19:24:10.113 DEBUG qt.scenegraph.time.renderloop: [window 0x7f48b5903e40][gui thread] Frame prepared, polish=0 ms, lock=0 ms, blockedForSync=0 ms, animations=0 ms
2026-07-14 19:24:10.113 DEBUG qt.scenegraph.time.renderer: time in renderer: total=0ms, preprocess=0, updates=0, rendering=0
2026-07-14 19:24:10.113 DEBUG qt.scenegraph.time.renderloop: [window 0x7f48b5903e40][render thread 0x7f48b57a2c20] syncAndRender: frame rendered in 0ms, sync=0, render=0, swap=0
2026-07-14 19:24:10.142 DEBUG qt.scenegraph.time.renderloop: [window 0x7f48b5903e40][gui thread] polishAndSync: start, elapsed since last call: 28 ms
2026-07-14 19:24:10.142 DEBUG qt.scenegraph.time.renderloop: [window 0x7f48b5903e40][render thread 0x7f48b57a2c20] syncAndRender: start, elapsed since last call: 29 ms
2026-07-14 19:24:10.142 DEBUG qt.scenegraph.time.renderloop: [window 0x7f48b5903e40][gui thread] Frame prepared, polish=0 ms, lock=0 ms, blockedForSync=0 ms, animations=0 ms
2026-07-14 19:24:10.142 DEBUG qt.scenegraph.time.renderer: time in renderer: total=0ms, preprocess=0, updates=0, rendering=0
2026-07-14 19:24:10.142 DEBUG qt.scenegraph.time.renderloop: [window 0x7f48b5903e40][render thread 0x7f48b57a2c20] syncAndRender: frame rendered in 0ms, sync=0, render=0, swap=0
2026-07-14 19:24:10.148 DEBUG qt.scenegraph.time.renderloop: [window 0x7f48b5903e40][gui thread] polishAndSync: start, elapsed since last call: 6 ms
2026-07-14 19:24:10.148 DEBUG qt.scenegraph.time.renderloop: [window 0x7f48b5903e40][render thread 0x7f48b57a2c20] syncAndRender: start, elapsed since last call: 5 ms
2026-07-14 19:24:10.148 DEBUG qt.scenegraph.time.renderloop: [window 0x7f48b5903e40][gui thread] Frame prepared, polish=0 ms, lock=0 ms, blockedForSync=0 ms, animations=0 ms
2026-07-14 19:24:10.148 DEBUG qt.scenegraph.time.renderer: time in renderer: total=0ms, preprocess=0, updates=0, rendering=0
2026-07-14 19:24:10.148 DEBUG qt.scenegraph.time.renderloop: [window 0x7f48b5903e40][render thread 0x7f48b57a2c20] syncAndRender: frame rendered in 0ms, sync=0, render=0, swap=0
2026-07-14 19:24:10.175 DEBUG qt.scenegraph.time.renderloop: [window 0x7f48b5903e40][gui thread] polishAndSync: start, elapsed since last call: 27 ms
2026-07-14 19:24:10.175 DEBUG qt.scenegraph.time.renderloop: [window 0x7f48b5903e40][render thread 0x7f48b57a2c20] syncAndRender: start, elapsed since last call: 27 ms
2026-07-14 19:24:10.175 DEBUG qt.scenegraph.time.renderloop: [window 0x7f48b5903e40][gui thread] Frame prepared, polish=0 ms, lock=0 ms, blockedForSync=0 ms, animations=0 ms
2026-07-14 19:24:10.175 DEBUG qt.scenegraph.time.renderer: time in renderer: total=0ms, preprocess=0, updates=0, rendering=0
2026-07-14 19:24:10.175 DEBUG qt.scenegraph.time.renderloop: [window 0x7f48b5903e40][render thread 0x7f48b57a2c20] syncAndRender: frame rendered in 0ms, sync=0, render=0, swap=0
2026-07-14 19:24:10.176 DEBUG qt.scenegraph.time.renderloop: [window 0x7f48b5903e40][gui thread] polishAndSync: start, elapsed since last call: 1 ms
2026-07-14 19:24:10.176 DEBUG qt.scenegraph.time.renderloop: [window 0x7f48b5903e40][render thread 0x7f48b57a2c20] syncAndRender: start, elapsed since last call: 0 ms
2026-07-14 19:24:10.176 DEBUG qt.scenegraph.time.renderloop: [window 0x7f48b5903e40][gui thread] Frame prepared, polish=0 ms, lock=0 ms, blockedForSync=0 ms, animations=0 ms
2026-07-14 19:24:10.176 DEBUG qt.scenegraph.time.renderer: time in renderer: total=0ms, preprocess=0, updates=0, rendering=0
2026-07-14 19:24:10.176 DEBUG qt.scenegraph.time.renderloop: [window 0x7f48b5903e40][render thread 0x7f48b57a2c20] syncAndRender: frame rendered in 0ms, sync=0, render=0, swap=0
2026-07-14 19:24:10.207 DEBUG qt.scenegraph.time.renderloop: [window 0x7f48b5903e40][gui thread] polishAndSync: start, elapsed since last call: 31 ms
2026-07-14 19:24:10.208 DEBUG qt.scenegraph.time.renderloop: [window 0x7f48b5903e40][render thread 0x7f48b57a2c20] syncAndRender: start, elapsed since last call: 32 ms
2026-07-14 19:24:10.208 DEBUG qt.scenegraph.time.renderloop: [window 0x7f48b5903e40][gui thread] Frame prepared, polish=0 ms, lock=0 ms, blockedForSync=0 ms, animations=0 ms
2026-07-14 19:24:10.208 DEBUG qt.scenegraph.time.renderer: time in renderer: total=0ms, preprocess=0, updates=0, rendering=0
2026-07-14 19:24:10.208 DEBUG qt.scenegraph.time.renderloop: [window 0x7f48b5903e40][render thread 0x7f48b57a2c20] syncAndRender: frame rendered in 0ms, sync=0, render=0, swap=0
2026-07-14 19:24:10.208 DEBUG qt.scenegraph.time.renderloop: [window 0x7f48b5903e40][gui thread] polishAndSync: start, elapsed since last call: 1 ms
2026-07-14 19:24:10.208 DEBUG qt.scenegraph.time.renderloop: [window 0x7f48b5903e40][render thread 0x7f48b57a2c20] syncAndRender: start, elapsed since last call: 0 ms
2026-07-14 19:24:10.208 DEBUG qt.scenegraph.time.renderloop: [window 0x7f48b5903e40][gui thread] Frame prepared, polish=0 ms, lock=0 ms, blockedForSync=0 ms, animations=0 ms
2026-07-14 19:24:10.208 DEBUG qt.scenegraph.time.renderer: time in renderer: total=0ms, preprocess=0, updates=0, rendering=0
2026-07-14 19:24:10.209 DEBUG qt.scenegraph.time.renderloop: [window 0x7f48b5903e40][render thread 0x7f48b57a2c20] syncAndRender: frame rendered in 0ms, sync=0, render=0, swap=0
2026-07-14 19:24:10.241 DEBUG qt.scenegraph.time.renderloop: [window 0x7f48b5903e40][gui thread] polishAndSync: start, elapsed since last call: 32 ms
2026-07-14 19:24:10.242 DEBUG qt.scenegraph.time.renderloop: [window 0x7f48b5903e40][render thread 0x7f48b57a2c20] syncAndRender: start, elapsed since last call: 33 ms
2026-07-14 19:24:10.242 DEBUG qt.scenegraph.time.renderloop: [window 0x7f48b5903e40][gui thread] Frame prepared, polish=0 ms, lock=0 ms, blockedForSync=0 ms, animations=0 ms
2026-07-14 19:24:10.242 DEBUG qt.scenegraph.time.renderer: time in renderer: total=0ms, preprocess=0, updates=0, rendering=0
2026-07-14 19:24:10.242 DEBUG qt.scenegraph.time.renderloop: [window 0x7f48b5903e40][render thread 0x7f48b57a2c20] syncAndRender: frame rendered in 0ms, sync=0, render=0, swap=0
2026-07-14 19:24:10.242 DEBUG qt.scenegraph.time.renderloop: [window 0x7f48b5903e40][gui thread] polishAndSync: start, elapsed since last call: 1 ms
2026-07-14 19:24:10.242 DEBUG qt.scenegraph.time.renderloop: [window 0x7f48b5903e40][render thread 0x7f48b57a2c20] syncAndRender: start, elapsed since last call: 0 ms
2026-07-14 19:24:10.242 DEBUG qt.scenegraph.time.renderloop: [window 0x7f48b5903e40][gui thread] Frame prepared, polish=0 ms, lock=0 ms, blockedForSync=0 ms, animations=0 ms
2026-07-14 19:24:10.242 DEBUG qt.scenegraph.time.renderer: time in renderer: total=0ms, preprocess=0, updates=0, rendering=0
2026-07-14 19:24:10.243 DEBUG qt.scenegraph.time.renderloop: [window 0x7f48b5903e40][render thread 0x7f48b57a2c20] syncAndRender: frame rendered in 0ms, sync=0, render=0, swap=0
2026-07-14 19:24:10.274 DEBUG qt.scenegraph.time.renderloop: [window 0x7f48b5903e40][gui thread] polishAndSync: start, elapsed since last call: 31 ms
2026-07-14 19:24:10.274 DEBUG qt.scenegraph.time.renderloop: [window 0x7f48b5903e40][render thread 0x7f48b57a2c20] syncAndRender: start, elapsed since last call: 31 ms
2026-07-14 19:24:10.274 DEBUG qt.scenegraph.time.renderloop: [window 0x7f48b5903e40][gui thread] Frame prepared, polish=0 ms, lock=0 ms, blockedForSync=0 ms, animations=0 ms
2026-07-14 19:24:10.274 DEBUG qt.scenegraph.time.renderer: time in renderer: total=0ms, preprocess=0, updates=0, rendering=0
2026-07-14 19:24:10.275 DEBUG qt.scenegraph.time.renderloop: [window 0x7f48b5903e40][render thread 0x7f48b57a2c20] syncAndRender: frame rendered in 0ms, sync=0, render=0, swap=0
2026-07-14 19:24:10.275 DEBUG qt.scenegraph.time.renderloop: [window 0x7f48b5903e40][gui thread] polishAndSync: start, elapsed since last call: 1 ms
2026-07-14 19:24:10.275 DEBUG qt.scenegraph.time.renderloop: [window 0x7f48b5903e40][render thread 0x7f48b57a2c20] syncAndRender: start, elapsed since last call: 0 ms
2026-07-14 19:24:10.275 DEBUG qt.scenegraph.time.renderloop: [window 0x7f48b5903e40][gui thread] Frame prepared, polish=0 ms, lock=0 ms, blockedForSync=0 ms, animations=0 ms
2026-07-14 19:24:10.275 DEBUG qt.scenegraph.time.renderer: time in renderer: total=0ms, preprocess=0, updates=0, rendering=0
2026-07-14 19:24:10.275 DEBUG qt.scenegraph.time.renderloop: [window 0x7f48b5903e40][render thread 0x7f48b57a2c20] syncAndRender: frame rendered in 0ms, sync=0, render=0, swap=0
2026-07-14 19:24:10.307 DEBUG qt.scenegraph.time.renderloop: [window 0x7f48b5903e40][gui thread] polishAndSync: start, elapsed since last call: 31 ms
2026-07-14 19:24:10.309 DEBUG qt.scenegraph.time.renderloop: [window 0x7f48b5903e40][render thread 0x7f48b57a2c20] syncAndRender: start, elapsed since last call: 33 ms
2026-07-14 19:24:10.309 DEBUG qt.scenegraph.time.renderloop: [window 0x7f48b5903e40][gui thread] Frame prepared, polish=2 ms, lock=0 ms, blockedForSync=0 ms, animations=0 ms
2026-07-14 19:24:10.309 DEBUG qt.scenegraph.time.renderer: time in renderer: total=0ms, preprocess=0, updates=0, rendering=0
2026-07-14 19:24:10.309 DEBUG qt.scenegraph.time.renderloop: [window 0x7f48b5903e40][render thread 0x7f48b57a2c20] syncAndRender: frame rendered in 0ms, sync=0, render=0, swap=0
2026-07-14 19:24:10.310 DEBUG qt.scenegraph.time.renderloop: [window 0x7f48b5903e40][gui thread] polishAndSync: start, elapsed since last call: 3 ms
2026-07-14 19:24:10.310 DEBUG qt.scenegraph.time.renderloop: [window 0x7f48b5903e40][render thread 0x7f48b57a2c20] syncAndRender: start, elapsed since last call: 0 ms
2026-07-14 19:24:10.310 DEBUG qt.scenegraph.time.renderloop: [window 0x7f48b5903e40][gui thread] Frame prepared, polish=0 ms, lock=0 ms, blockedForSync=0 ms, animations=0 ms
2026-07-14 19:24:10.310 DEBUG qt.scenegraph.time.renderer: time in renderer: total=0ms, preprocess=0, updates=0, rendering=0
2026-07-14 19:24:10.310 DEBUG qt.scenegraph.time.renderloop: [window 0x7f48b5903e40][render thread 0x7f48b57a2c20] syncAndRender: frame rendered in 0ms, sync=0, render=0, swap=0
2026-07-14 19:24:10.339 DEBUG qt.scenegraph.time.renderloop: [window 0x7f48b5903e40][gui thread] polishAndSync: start, elapsed since last call: 29 ms
2026-07-14 19:24:10.340 DEBUG qt.scenegraph.time.renderloop: [window 0x7f48b5903e40][render thread 0x7f48b57a2c20] syncAndRender: start, elapsed since last call: 30 ms
2026-07-14 19:24:10.340 DEBUG qt.scenegraph.time.renderloop: [window 0x7f48b5903e40][gui thread] Frame prepared, polish=0 ms, lock=0 ms, blockedForSync=0 ms, animations=0 ms
2026-07-14 19:24:10.340 DEBUG qt.scenegraph.time.renderer: time in renderer: total=0ms, preprocess=0, updates=0, rendering=0
2026-07-14 19:24:10.340 DEBUG qt.scenegraph.time.renderloop: [window 0x7f48b5903e40][render thread 0x7f48b57a2c20] syncAndRender: frame rendered in 0ms, sync=0, render=0, swap=0
2026-07-14 19:24:10.340 DEBUG qt.scenegraph.time.renderloop: [window 0x7f48b5903e40][gui thread] polishAndSync: start, elapsed since last call: 1 ms
2026-07-14 19:24:10.340 DEBUG qt.scenegraph.time.renderloop: [window 0x7f48b5903e40][render thread 0x7f48b57a2c20] syncAndRender: start, elapsed since last call: 0 ms
2026-07-14 19:24:10.340 DEBUG qt.scenegraph.time.renderloop: [window 0x7f48b5903e40][gui thread] Frame prepared, polish=0 ms, lock=0 ms, blockedForSync=0 ms, animations=0 ms
2026-07-14 19:24:10.340 DEBUG qt.scenegraph.time.renderer: time in renderer: total=0ms, preprocess=0, updates=0, rendering=0
2026-07-14 19:24:10.341 DEBUG qt.scenegraph.time.renderloop: [window 0x7f48b5903e40][render thread 0x7f48b57a2c20] syncAndRender: frame rendered in 0ms, sync=0, render=0, swap=0
2026-07-14 19:24:10.372 DEBUG qt.scenegraph.time.renderloop: [window 0x7f48b5903e40][gui thread] polishAndSync: start, elapsed since last call: 31 ms
2026-07-14 19:24:10.373 DEBUG qt.scenegraph.time.renderloop: [window 0x7f48b5903e40][render thread 0x7f48b57a2c20] syncAndRender: start, elapsed since last call: 32 ms
2026-07-14 19:24:10.373 DEBUG qt.scenegraph.time.renderloop: [window 0x7f48b5903e40][gui thread] Frame prepared, polish=0 ms, lock=0 ms, blockedForSync=0 ms, animations=0 ms
2026-07-14 19:24:10.373 DEBUG qt.scenegraph.time.renderer: time in renderer: total=0ms, preprocess=0, updates=0, rendering=0
2026-07-14 19:24:10.373 DEBUG qt.scenegraph.time.renderloop: [window 0x7f48b5903e40][render thread 0x7f48b57a2c20] syncAndRender: frame rendered in 0ms, sync=0, render=0, swap=0
2026-07-14 19:24:10.373 DEBUG qt.scenegraph.time.renderloop: [window 0x7f48b5903e40][gui thread] polishAndSync: start, elapsed since last call: 1 ms
2026-07-14 19:24:10.373 DEBUG qt.scenegraph.time.renderloop: [window 0x7f48b5903e40][render thread 0x7f48b57a2c20] syncAndRender: start, elapsed since last call: 0 ms
2026-07-14 19:24:10.373 DEBUG qt.scenegraph.time.renderloop: [window 0x7f48b5903e40][gui thread] Frame prepared, polish=0 ms, lock=0 ms, blockedForSync=0 ms, animations=0 ms
2026-07-14 19:24:10.374 DEBUG qt.scenegraph.time.renderer: time in renderer: total=0ms, preprocess=0, updates=0, rendering=0
2026-07-14 19:24:10.374 DEBUG qt.scenegraph.time.renderloop: [window 0x7f48b5903e40][render thread 0x7f48b57a2c20] syncAndRender: frame rendered in 0ms, sync=0, render=0, swap=0
2026-07-14 19:24:10.406 DEBUG qt.scenegraph.time.renderloop: [window 0x7f48b5903e40][gui thread] polishAndSync: start, elapsed since last call: 32 ms
2026-07-14 19:24:10.406 DEBUG qt.scenegraph.time.renderloop: [window 0x7f48b5903e40][render thread 0x7f48b57a2c20] syncAndRender: start, elapsed since last call: 32 ms
2026-07-14 19:24:10.406 DEBUG qt.scenegraph.time.renderloop: [window 0x7f48b5903e40][gui thread] Frame prepared, polish=0 ms, lock=0 ms, blockedForSync=0 ms, animations=0 ms
2026-07-14 19:24:10.406 DEBUG qt.scenegraph.time.renderer: time in renderer: total=0ms, preprocess=0, updates=0, rendering=0
2026-07-14 19:24:10.407 DEBUG qt.scenegraph.time.renderloop: [window 0x7f48b5903e40][render thread 0x7f48b57a2c20] syncAndRender: frame rendered in 0ms, sync=0, render=0, swap=0
2026-07-14 19:24:10.407 DEBUG qt.scenegraph.time.renderloop: [window 0x7f48b5903e40][gui thread] polishAndSync: start, elapsed since last call: 1 ms
2026-07-14 19:24:10.407 DEBUG qt.scenegraph.time.renderloop: [window 0x7f48b5903e40][render thread 0x7f48b57a2c20] syncAndRender: start, elapsed since last call: 0 ms
2026-07-14 19:24:10.407 DEBUG qt.scenegraph.time.renderloop: [window 0x7f48b5903e40][gui thread] Frame prepared, polish=0 ms, lock=0 ms, blockedForSync=0 ms, animations=0 ms
2026-07-14 19:24:10.407 DEBUG qt.scenegraph.time.renderer: time in renderer: total=0ms, preprocess=0, updates=0, rendering=0
2026-07-14 19:24:10.407 DEBUG qt.scenegraph.time.renderloop: [window 0x7f48b5903e40][render thread 0x7f48b57a2c20] syncAndRender: frame rendered in 0ms, sync=0, render=0, swap=0
2026-07-14 19:24:10.439 DEBUG qt.scenegraph.time.renderloop: [window 0x7f48b5903e40][gui thread] polishAndSync: start, elapsed since last call: 31 ms
2026-07-14 19:24:10.439 DEBUG qt.scenegraph.time.renderloop: [window 0x7f48b5903e40][render thread 0x7f48b57a2c20] syncAndRender: start, elapsed since last call: 32 ms
2026-07-14 19:24:10.439 DEBUG qt.scenegraph.time.renderloop: [window 0x7f48b5903e40][gui thread] Frame prepared, polish=0 ms, lock=0 ms, blockedForSync=0 ms, animations=0 ms
2026-07-14 19:24:10.439 DEBUG qt.scenegraph.time.renderer: time in renderer: total=0ms, preprocess=0, updates=0, rendering=0
2026-07-14 19:24:10.439 DEBUG qt.scenegraph.time.renderloop: [window 0x7f48b5903e40][render thread 0x7f48b57a2c20] syncAndRender: frame rendered in 0ms, sync=0, render=0, swap=0
2026-07-14 19:24:10.439 DEBUG qt.scenegraph.time.renderloop: [window 0x7f48b5903e40][gui thread] polishAndSync: start, elapsed since last call: 0 ms
2026-07-14 19:24:10.440 DEBUG qt.scenegraph.time.renderloop: [window 0x7f48b5903e40][render thread 0x7f48b57a2c20] syncAndRender: start, elapsed since last call: 0 ms
2026-07-14 19:24:10.440 DEBUG qt.scenegraph.time.renderloop: [window 0x7f48b5903e40][gui thread] Frame prepared, polish=0 ms, lock=0 ms, blockedForSync=0 ms, animations=0 ms
2026-07-14 19:24:10.440 DEBUG qt.scenegraph.time.renderer: time in renderer: total=0ms, preprocess=0, updates=0, rendering=0
2026-07-14 19:24:10.440 DEBUG qt.scenegraph.time.renderloop: [window 0x7f48b5903e40][render thread 0x7f48b57a2c20] syncAndRender: frame rendered in 0ms, sync=0, render=0, swap=0
2026-07-14 19:24:10.471 DEBUG qt.scenegraph.time.renderloop: [window 0x7f48b5903e40][gui thread] polishAndSync: start, elapsed since last call: 31 ms
2026-07-14 19:24:10.472 DEBUG qt.scenegraph.time.renderloop: [window 0x7f48b5903e40][render thread 0x7f48b57a2c20] syncAndRender: start, elapsed since last call: 32 ms
2026-07-14 19:24:10.472 DEBUG qt.scenegraph.time.renderloop: [window 0x7f48b5903e40][gui thread] Frame prepared, polish=0 ms, lock=0 ms, blockedForSync=0 ms, animations=0 ms
2026-07-14 19:24:10.472 DEBUG qt.scenegraph.time.renderer: time in renderer: total=0ms, preprocess=0, updates=0, rendering=0
2026-07-14 19:24:10.472 DEBUG qt.scenegraph.time.renderloop: [window 0x7f48b5903e40][render thread 0x7f48b57a2c20] syncAndRender: frame rendered in 0ms, sync=0, render=0, swap=0
2026-07-14 19:24:10.472 DEBUG qt.scenegraph.time.renderloop: [window 0x7f48b5903e40][gui thread] polishAndSync: start, elapsed since last call: 0 ms
2026-07-14 19:24:10.472 DEBUG qt.scenegraph.time.renderloop: [window 0x7f48b5903e40][render thread 0x7f48b57a2c20] syncAndRender: start, elapsed since last call: 0 ms
2026-07-14 19:24:10.472 DEBUG qt.scenegraph.time.renderloop: [window 0x7f48b5903e40][gui thread] Frame prepared, polish=0 ms, lock=0 ms, blockedForSync=0 ms, animations=0 ms
2026-07-14 19:24:10.472 DEBUG qt.scenegraph.time.renderer: time in renderer: total=0ms, preprocess=0, updates=0, rendering=0
2026-07-14 19:24:10.473 DEBUG qt.scenegraph.time.renderloop: [window 0x7f48b5903e40][render thread 0x7f48b57a2c20] syncAndRender: frame rendered in 0ms, sync=0, render=0, swap=0
2026-07-14 19:24:10.504 DEBUG qt.scenegraph.time.renderloop: [window 0x7f48b5903e40][gui thread] polishAndSync: start, elapsed since last call: 31 ms
2026-07-14 19:24:10.505 DEBUG qt.scenegraph.time.renderloop: [window 0x7f48b5903e40][render thread 0x7f48b57a2c20] syncAndRender: start, elapsed since last call: 32 ms
2026-07-14 19:24:10.505 DEBUG qt.scenegraph.time.renderloop: [window 0x7f48b5903e40][gui thread] Frame prepared, polish=0 ms, lock=0 ms, blockedForSync=0 ms, animations=0 ms
2026-07-14 19:24:10.505 DEBUG qt.scenegraph.time.renderer: time in renderer: total=0ms, preprocess=0, updates=0, rendering=0
2026-07-14 19:24:10.505 DEBUG qt.scenegraph.time.renderloop: [window 0x7f48b5903e40][render thread 0x7f48b57a2c20] syncAndRender: frame rendered in 0ms, sync=0, render=0, swap=0
2026-07-14 19:24:10.505 DEBUG qt.scenegraph.time.renderloop: [window 0x7f48b5903e40][gui thread] polishAndSync: start, elapsed since last call: 1 ms
2026-07-14 19:24:10.505 DEBUG qt.scenegraph.time.renderloop: [window 0x7f48b5903e40][render thread 0x7f48b57a2c20] syncAndRender: start, elapsed since last call: 0 ms
2026-07-14 19:24:10.505 DEBUG qt.scenegraph.time.renderloop: [window 0x7f48b5903e40][gui thread] Frame prepared, polish=0 ms, lock=0 ms, blockedForSync=0 ms, animations=0 ms
2026-07-14 19:24:10.505 DEBUG qt.scenegraph.time.renderer: time in renderer: total=0ms, preprocess=0, updates=0, rendering=0
2026-07-14 19:24:10.506 DEBUG qt.scenegraph.time.renderloop: [window 0x7f48b5903e40][render thread 0x7f48b57a2c20] syncAndRender: frame rendered in 0ms, sync=0, render=0, swap=0
2026-07-14 19:24:10.538 DEBUG qt.scenegraph.time.renderloop: [window 0x7f48b5903e40][gui thread] polishAndSync: start, elapsed since last call: 32 ms
2026-07-14 19:24:10.538 DEBUG qt.scenegraph.time.renderloop: [window 0x7f48b5903e40][render thread 0x7f48b57a2c20] syncAndRender: start, elapsed since last call: 32 ms
2026-07-14 19:24:10.538 DEBUG qt.scenegraph.time.renderloop: [window 0x7f48b5903e40][gui thread] Frame prepared, polish=0 ms, lock=0 ms, blockedForSync=0 ms, animations=0 ms
2026-07-14 19:24:10.538 DEBUG qt.scenegraph.time.renderer: time in renderer: total=0ms, preprocess=0, updates=0, rendering=0
2026-07-14 19:24:10.539 DEBUG qt.scenegraph.time.renderloop: [window 0x7f48b5903e40][render thread 0x7f48b57a2c20] syncAndRender: frame rendered in 0ms, sync=0, render=0, swap=0
2026-07-14 19:24:10.539 DEBUG qt.scenegraph.time.renderloop: [window 0x7f48b5903e40][gui thread] polishAndSync: start, elapsed since last call: 1 ms
2026-07-14 19:24:10.539 DEBUG qt.scenegraph.time.renderloop: [window 0x7f48b5903e40][render thread 0x7f48b57a2c20] syncAndRender: start, elapsed since last call: 0 ms
2026-07-14 19:24:10.539 DEBUG qt.scenegraph.time.renderloop: [window 0x7f48b5903e40][gui thread] Frame prepared, polish=0 ms, lock=0 ms, blockedForSync=0 ms, animations=0 ms
2026-07-14 19:24:10.539 DEBUG qt.scenegraph.time.renderer: time in renderer: total=0ms, preprocess=0, updates=0, rendering=0
2026-07-14 19:24:10.539 DEBUG qt.scenegraph.time.renderloop: [window 0x7f48b5903e40][render thread 0x7f48b57a2c20] syncAndRender: frame rendered in 0ms, sync=0, render=0, swap=0
2026-07-14 19:24:10.571 DEBUG qt.scenegraph.time.renderloop: [window 0x7f48b5903e40][gui thread] polishAndSync: start, elapsed since last call: 31 ms
2026-07-14 19:24:10.571 DEBUG qt.scenegraph.time.renderloop: [window 0x7f48b5903e40][render thread 0x7f48b57a2c20] syncAndRender: start, elapsed since last call: 32 ms
2026-07-14 19:24:10.571 DEBUG qt.scenegraph.time.renderloop: [window 0x7f48b5903e40][gui thread] Frame prepared, polish=0 ms, lock=0 ms, blockedForSync=0 ms, animations=0 ms
2026-07-14 19:24:10.571 DEBUG qt.scenegraph.time.renderer: time in renderer: total=0ms, preprocess=0, updates=0, rendering=0
2026-07-14 19:24:10.572 DEBUG qt.scenegraph.time.renderloop: [window 0x7f48b5903e40][render thread 0x7f48b57a2c20] syncAndRender: frame rendered in 0ms, sync=0, render=0, swap=0
2026-07-14 19:24:10.572 DEBUG qt.scenegraph.time.renderloop: [window 0x7f48b5903e40][gui thread] polishAndSync: start, elapsed since last call: 1 ms
2026-07-14 19:24:10.572 DEBUG qt.scenegraph.time.renderloop: [window 0x7f48b5903e40][render thread 0x7f48b57a2c20] syncAndRender: start, elapsed since last call: 0 ms
2026-07-14 19:24:10.572 DEBUG qt.scenegraph.time.renderloop: [window 0x7f48b5903e40][gui thread] Frame prepared, polish=0 ms, lock=0 ms, blockedForSync=0 ms, animations=0 ms
2026-07-14 19:24:10.572 DEBUG qt.scenegraph.time.renderer: time in renderer: total=0ms, preprocess=0, updates=0, rendering=0
2026-07-14 19:24:10.572 DEBUG qt.scenegraph.time.renderloop: [window 0x7f48b5903e40][render thread 0x7f48b57a2c20] syncAndRender: frame rendered in 0ms, sync=0, render=0, swap=0
2026-07-14 19:24:10.603 DEBUG qt.scenegraph.time.renderloop: [window 0x7f48b5903e40][gui thread] polishAndSync: start, elapsed since last call: 31 ms
2026-07-14 19:24:10.604 DEBUG qt.scenegraph.time.renderloop: [window 0x7f48b5903e40][render thread 0x7f48b57a2c20] syncAndRender: start, elapsed since last call: 31 ms
2026-07-14 19:24:10.604 DEBUG qt.scenegraph.time.renderloop: [window 0x7f48b5903e40][gui thread] Frame prepared, polish=0 ms, lock=0 ms, blockedForSync=0 ms, animations=0 ms
2026-07-14 19:24:10.604 DEBUG qt.scenegraph.time.renderer: time in renderer: total=0ms, preprocess=0, updates=0, rendering=0
2026-07-14 19:24:10.604 DEBUG qt.scenegraph.time.renderloop: [window 0x7f48b5903e40][render thread 0x7f48b57a2c20] syncAndRender: frame rendered in 0ms, sync=0, render=0, swap=0
2026-07-14 19:24:10.604 DEBUG qt.scenegraph.time.renderloop: [window 0x7f48b5903e40][gui thread] polishAndSync: start, elapsed since last call: 1 ms
2026-07-14 19:24:10.604 DEBUG qt.scenegraph.time.renderloop: [window 0x7f48b5903e40][render thread 0x7f48b57a2c20] syncAndRender: start, elapsed since last call: 0 ms
2026-07-14 19:24:10.604 DEBUG qt.scenegraph.time.renderloop: [window 0x7f48b5903e40][gui thread] Frame prepared, polish=0 ms, lock=0 ms, blockedForSync=0 ms, animations=0 ms
2026-07-14 19:24:10.605 DEBUG qt.scenegraph.time.renderer: time in renderer: total=0ms, preprocess=0, updates=0, rendering=0
2026-07-14 19:24:10.605 DEBUG qt.scenegraph.time.renderloop: [window 0x7f48b5903e40][render thread 0x7f48b57a2c20] syncAndRender: frame rendered in 0ms, sync=0, render=0, swap=0
2026-07-14 19:24:10.636 DEBUG qt.scenegraph.time.renderloop: [window 0x7f48b5903e40][gui thread] polishAndSync: start, elapsed since last call: 31 ms
2026-07-14 19:24:10.637 DEBUG qt.scenegraph.time.renderloop: [window 0x7f48b5903e40][render thread 0x7f48b57a2c20] syncAndRender: start, elapsed since last call: 32 ms
2026-07-14 19:24:10.637 DEBUG qt.scenegraph.time.renderloop: [window 0x7f48b5903e40][gui thread] Frame prepared, polish=0 ms, lock=0 ms, blockedForSync=0 ms, animations=0 ms
2026-07-14 19:24:10.637 DEBUG qt.scenegraph.time.renderer: time in renderer: total=0ms, preprocess=0, updates=0, rendering=0
2026-07-14 19:24:10.637 DEBUG qt.scenegraph.time.renderloop: [window 0x7f48b5903e40][render thread 0x7f48b57a2c20] syncAndRender: frame rendered in 0ms, sync=0, render=0, swap=0
2026-07-14 19:24:10.637 DEBUG qt.scenegraph.time.renderloop: [window 0x7f48b5903e40][gui thread] polishAndSync: start, elapsed since last call: 1 ms
2026-07-14 19:24:10.637 DEBUG qt.scenegraph.time.renderloop: [window 0x7f48b5903e40][render thread 0x7f48b57a2c20] syncAndRender: start, elapsed since last call: 0 ms
2026-07-14 19:24:10.637 DEBUG qt.scenegraph.time.renderloop: [window 0x7f48b5903e40][gui thread] Frame prepared, polish=0 ms, lock=0 ms, blockedForSync=0 ms, animations=0 ms
2026-07-14 19:24:10.637 DEBUG qt.scenegraph.time.renderer: time in renderer: total=0ms, preprocess=0, updates=0, rendering=0
2026-07-14 19:24:10.638 DEBUG qt.scenegraph.time.renderloop: [window 0x7f48b5903e40][render thread 0x7f48b57a2c20] syncAndRender: frame rendered in 0ms, sync=0, render=0, swap=0
2026-07-14 19:24:10.670 DEBUG qt.scenegraph.time.renderloop: [window 0x7f48b5903e40][gui thread] polishAndSync: start, elapsed since last call: 32 ms
2026-07-14 19:24:10.670 DEBUG qt.scenegraph.time.renderloop: [window 0x7f48b5903e40][render thread 0x7f48b57a2c20] syncAndRender: start, elapsed since last call: 32 ms
2026-07-14 19:24:10.670 DEBUG qt.scenegraph.time.renderloop: [window 0x7f48b5903e40][gui thread] Frame prepared, polish=0 ms, lock=0 ms, blockedForSync=0 ms, animations=0 ms
2026-07-14 19:24:10.670 DEBUG qt.scenegraph.time.renderer: time in renderer: total=0ms, preprocess=0, updates=0, rendering=0
2026-07-14 19:24:10.670 DEBUG qt.scenegraph.time.renderloop: [window 0x7f48b5903e40][render thread 0x7f48b57a2c20] syncAndRender: frame rendered in 0ms, sync=0, render=0, swap=0
2026-07-14 19:24:10.670 DEBUG qt.scenegraph.time.renderloop: [window 0x7f48b3b9a3d0][gui thread] polishAndSync: start, elapsed since last call: 809 ms
2026-07-14 19:24:10.671 DEBUG qt.scenegraph.time.renderloop: [window 0x7f48b3b9a3d0][render thread 0x7f48d880cd60] syncAndRender: start, elapsed since last call: 809 ms
2026-07-14 19:24:10.671 DEBUG qt.scenegraph.time.renderloop: [window 0x7f48b3b9a3d0][gui thread] Frame prepared, polish=0 ms, lock=0 ms, blockedForSync=0 ms, animations=0 ms
2026-07-14 19:24:10.671 DEBUG qt.scenegraph.time.renderer: time in renderer: total=0ms, preprocess=0, updates=0, rendering=0
2026-07-14 19:24:10.671 DEBUG qt.scenegraph.time.renderloop: [window 0x7f48b3b9a3d0][render thread 0x7f48d880cd60] syncAndRender: frame rendered in 0ms, sync=0, render=0, swap=0
2026-07-14 19:24:10.676 DEBUG qt.scenegraph.time.renderloop: [window 0x7f48b5903e40][gui thread] polishAndSync: start, elapsed since last call: 5 ms
2026-07-14 19:24:10.676 DEBUG qt.scenegraph.time.renderloop: [window 0x7f48b5903e40][render thread 0x7f48b57a2c20] syncAndRender: start, elapsed since last call: 6 ms
2026-07-14 19:24:10.676 DEBUG qt.scenegraph.time.renderloop: [window 0x7f48b5903e40][gui thread] Frame prepared, polish=0 ms, lock=0 ms, blockedForSync=0 ms, animations=0 ms
2026-07-14 19:24:10.676 DEBUG qt.scenegraph.time.renderloop: [window 0x7f48b5903e40][gui thread] polishAndSync: start, elapsed since last call: 0 ms
2026-07-14 19:24:10.676 DEBUG qt.scenegraph.time.glyph: distancefield: 1 glyphs prepared in 0ms, rendering=0, upload=0
2026-07-14 19:24:10.676 DEBUG qt.scenegraph.time.renderer: time in renderer: total=0ms, preprocess=0, updates=0, rendering=0
2026-07-14 19:24:10.676 DEBUG qt.scenegraph.time.renderloop: [window 0x7f48b5903e40][render thread 0x7f48b57a2c20] syncAndRender: frame rendered in 0ms, sync=0, render=0, swap=0
2026-07-14 19:24:10.676 DEBUG qt.scenegraph.time.renderloop: [window 0x7f48b5903e40][render thread 0x7f48b57a2c20] syncAndRender: start, elapsed since last call: 0 ms
2026-07-14 19:24:10.676 DEBUG qt.scenegraph.time.renderloop: [window 0x7f48b5903e40][gui thread] Frame prepared, polish=0 ms, lock=0 ms, blockedForSync=0 ms, animations=0 ms
2026-07-14 19:24:10.676 DEBUG qt.scenegraph.time.renderer: time in renderer: total=0ms, preprocess=0, updates=0, rendering=0
2026-07-14 19:24:10.682 DEBUG qt.scenegraph.time.renderloop: [window 0x7f48b5903e40][gui thread] polishAndSync: start, elapsed since last call: 6 ms
2026-07-14 19:24:10.683 DEBUG qt.scenegraph.time.renderloop: [window 0x7f48b5903e40][render thread 0x7f48b57a2c20] syncAndRender: frame rendered in 6ms, sync=0, render=0, swap=6
2026-07-14 19:24:10.683 DEBUG qt.scenegraph.time.renderloop: [window 0x7f48b5903e40][render thread 0x7f48b57a2c20] syncAndRender: start, elapsed since last call: 6 ms
2026-07-14 19:24:10.683 DEBUG qt.scenegraph.time.renderloop: [window 0x7f48b5903e40][gui thread] Frame prepared, polish=0 ms, lock=0 ms, blockedForSync=0 ms, animations=0 ms
2026-07-14 19:24:10.683 DEBUG qt.scenegraph.time.renderer: time in renderer: total=0ms, preprocess=0, updates=0, rendering=0
2026-07-14 19:24:10.689 DEBUG qt.scenegraph.time.renderloop: [window 0x7f48b5903e40][gui thread] polishAndSync: start, elapsed since last call: 6 ms
2026-07-14 19:24:10.689 DEBUG qt.scenegraph.time.renderloop: [window 0x7f48b5903e40][render thread 0x7f48b57a2c20] syncAndRender: frame rendered in 6ms, sync=0, render=0, swap=6
2026-07-14 19:24:10.690 DEBUG qt.scenegraph.time.renderloop: [window 0x7f48b5903e40][render thread 0x7f48b57a2c20] syncAndRender: start, elapsed since last call: 6 ms
2026-07-14 19:24:10.690 DEBUG qt.scenegraph.time.renderloop: [window 0x7f48b5903e40][gui thread] Frame prepared, polish=0 ms, lock=0 ms, blockedForSync=0 ms, animations=0 ms
2026-07-14 19:24:10.690 DEBUG qt.scenegraph.time.renderer: time in renderer: total=0ms, preprocess=0, updates=0, rendering=0
2026-07-14 19:24:10.696 DEBUG qt.scenegraph.time.renderloop: [window 0x7f48b5903e40][gui thread] polishAndSync: start, elapsed since last call: 6 ms
2026-07-14 19:24:10.696 DEBUG qt.scenegraph.time.renderloop: [window 0x7f48b5903e40][render thread 0x7f48b57a2c20] syncAndRender: frame rendered in 6ms, sync=0, render=0, swap=6
2026-07-14 19:24:10.696 DEBUG qt.scenegraph.time.renderloop: [window 0x7f48b5903e40][render thread 0x7f48b57a2c20] syncAndRender: start, elapsed since last call: 6 ms
2026-07-14 19:24:10.696 DEBUG qt.scenegraph.time.renderloop: [window 0x7f48b5903e40][gui thread] Frame prepared, polish=0 ms, lock=0 ms, blockedForSync=0 ms, animations=0 ms
2026-07-14 19:24:10.696 DEBUG qt.scenegraph.time.renderer: time in renderer: total=0ms, preprocess=0, updates=0, rendering=0
2026-07-14 19:24:10.703 DEBUG qt.scenegraph.time.renderloop: [window 0x7f48b5903e40][gui thread] polishAndSync: start, elapsed since last call: 6 ms
2026-07-14 19:24:10.703 DEBUG qt.scenegraph.time.renderloop: [window 0x7f48b5903e40][render thread 0x7f48b57a2c20] syncAndRender: frame rendered in 6ms, sync=0, render=0, swap=6
2026-07-14 19:24:10.704 DEBUG qt.scenegraph.time.renderloop: [window 0x7f48b5903e40][render thread 0x7f48b57a2c20] syncAndRender: start, elapsed since last call: 7 ms
2026-07-14 19:24:10.704 DEBUG qt.scenegraph.time.renderloop: [window 0x7f48b5903e40][gui thread] Frame prepared, polish=0 ms, lock=0 ms, blockedForSync=0 ms, animations=0 ms
2026-07-14 19:24:10.704 DEBUG qt.scenegraph.time.renderer: time in renderer: total=0ms, preprocess=0, updates=0, rendering=0
2026-07-14 19:24:10.710 DEBUG qt.scenegraph.time.renderloop: [window 0x7f48b5903e40][gui thread] polishAndSync: start, elapsed since last call: 6 ms
2026-07-14 19:24:10.710 DEBUG qt.scenegraph.time.renderloop: [window 0x7f48b5903e40][render thread 0x7f48b57a2c20] syncAndRender: frame rendered in 6ms, sync=0, render=0, swap=6
2026-07-14 19:24:10.710 DEBUG qt.scenegraph.time.renderloop: [window 0x7f48b5903e40][render thread 0x7f48b57a2c20] syncAndRender: start, elapsed since last call: 6 ms
2026-07-14 19:24:10.710 DEBUG qt.scenegraph.time.renderloop: [window 0x7f48b5903e40][gui thread] Frame prepared, polish=0 ms, lock=0 ms, blockedForSync=0 ms, animations=0 ms
2026-07-14 19:24:10.710 DEBUG qt.scenegraph.time.renderer: time in renderer: total=0ms, preprocess=0, updates=0, rendering=0
2026-07-14 19:24:10.717 DEBUG qt.scenegraph.time.renderloop: [window 0x7f48b5903e40][gui thread] polishAndSync: start, elapsed since last call: 6 ms
2026-07-14 19:24:10.717 DEBUG qt.scenegraph.time.renderloop: [window 0x7f48b5903e40][render thread 0x7f48b57a2c20] syncAndRender: frame rendered in 6ms, sync=0, render=0, swap=6
2026-07-14 19:24:10.717 DEBUG qt.scenegraph.time.renderloop: [window 0x7f48b5903e40][render thread 0x7f48b57a2c20] syncAndRender: start, elapsed since last call: 6 ms
2026-07-14 19:24:10.717 DEBUG qt.scenegraph.time.renderloop: [window 0x7f48b5903e40][gui thread] Frame prepared, polish=0 ms, lock=0 ms, blockedForSync=0 ms, animations=0 ms
2026-07-14 19:24:10.717 DEBUG qt.scenegraph.time.renderer: time in renderer: total=0ms, preprocess=0, updates=0, rendering=0
2026-07-14 19:24:10.724 DEBUG qt.scenegraph.time.renderloop: [window 0x7f48b5903e40][gui thread] polishAndSync: start, elapsed since last call: 6 ms
2026-07-14 19:24:10.724 DEBUG qt.scenegraph.time.renderloop: [window 0x7f48b5903e40][render thread 0x7f48b57a2c20] syncAndRender: frame rendered in 6ms, sync=0, render=0, swap=6
2026-07-14 19:24:10.724 DEBUG qt.scenegraph.time.renderloop: [window 0x7f48b5903e40][render thread 0x7f48b57a2c20] syncAndRender: start, elapsed since last call: 6 ms
2026-07-14 19:24:10.724 DEBUG qt.scenegraph.time.renderloop: [window 0x7f48b5903e40][gui thread] Frame prepared, polish=0 ms, lock=0 ms, blockedForSync=0 ms, animations=0 ms
2026-07-14 19:24:10.724 DEBUG qt.scenegraph.time.renderer: time in renderer: total=0ms, preprocess=0, updates=0, rendering=0
2026-07-14 19:24:10.731 DEBUG qt.scenegraph.time.renderloop: [window 0x7f48b5903e40][gui thread] polishAndSync: start, elapsed since last call: 6 ms
2026-07-14 19:24:10.731 DEBUG qt.scenegraph.time.renderloop: [window 0x7f48b5903e40][render thread 0x7f48b57a2c20] syncAndRender: frame rendered in 6ms, sync=0, render=0, swap=6
2026-07-14 19:24:10.731 DEBUG qt.scenegraph.time.renderloop: [window 0x7f48b5903e40][render thread 0x7f48b57a2c20] syncAndRender: start, elapsed since last call: 7 ms
2026-07-14 19:24:10.732 DEBUG qt.scenegraph.time.renderloop: [window 0x7f48b5903e40][gui thread] Frame prepared, polish=0 ms, lock=0 ms, blockedForSync=0 ms, animations=0 ms
2026-07-14 19:24:10.732 DEBUG qt.scenegraph.time.renderer: time in renderer: total=0ms, preprocess=0, updates=0, rendering=0
2026-07-14 19:24:10.738 DEBUG qt.scenegraph.time.renderloop: [window 0x7f48b5903e40][gui thread] polishAndSync: start, elapsed since last call: 6 ms
2026-07-14 19:24:10.738 DEBUG qt.scenegraph.time.renderloop: [window 0x7f48b5903e40][render thread 0x7f48b57a2c20] syncAndRender: frame rendered in 6ms, sync=0, render=0, swap=6
2026-07-14 19:24:10.738 DEBUG qt.scenegraph.time.renderloop: [window 0x7f48b5903e40][render thread 0x7f48b57a2c20] syncAndRender: start, elapsed since last call: 6 ms
2026-07-14 19:24:10.738 DEBUG qt.scenegraph.time.renderloop: [window 0x7f48b5903e40][gui thread] Frame prepared, polish=0 ms, lock=0 ms, blockedForSync=0 ms, animations=0 ms
2026-07-14 19:24:10.738 DEBUG qt.scenegraph.time.renderer: time in renderer: total=0ms, preprocess=0, updates=0, rendering=0
2026-07-14 19:24:10.745 DEBUG qt.scenegraph.time.renderloop: [window 0x7f48b5903e40][gui thread] polishAndSync: start, elapsed since last call: 7 ms
2026-07-14 19:24:10.745 DEBUG qt.scenegraph.time.renderloop: [window 0x7f48b5903e40][render thread 0x7f48b57a2c20] syncAndRender: frame rendered in 6ms, sync=0, render=0, swap=6
2026-07-14 19:24:10.745 DEBUG qt.scenegraph.time.renderloop: [window 0x7f48b5903e40][render thread 0x7f48b57a2c20] syncAndRender: start, elapsed since last call: 7 ms
2026-07-14 19:24:10.745 DEBUG qt.scenegraph.time.renderloop: [window 0x7f48b5903e40][gui thread] Frame prepared, polish=0 ms, lock=0 ms, blockedForSync=0 ms, animations=0 ms
2026-07-14 19:24:10.745 DEBUG qt.scenegraph.time.renderer: time in renderer: total=0ms, preprocess=0, updates=0, rendering=0
2026-07-14 19:24:10.752 DEBUG qt.scenegraph.time.renderloop: [window 0x7f48b5903e40][gui thread] polishAndSync: start, elapsed since last call: 6 ms
2026-07-14 19:24:10.752 DEBUG qt.scenegraph.time.renderloop: [window 0x7f48b5903e40][render thread 0x7f48b57a2c20] syncAndRender: frame rendered in 6ms, sync=0, render=0, swap=6
2026-07-14 19:24:10.752 DEBUG qt.scenegraph.time.renderloop: [window 0x7f48b5903e40][render thread 0x7f48b57a2c20] syncAndRender: start, elapsed since last call: 6 ms
2026-07-14 19:24:10.752 DEBUG qt.scenegraph.time.renderloop: [window 0x7f48b5903e40][gui thread] Frame prepared, polish=0 ms, lock=0 ms, blockedForSync=0 ms, animations=0 ms
2026-07-14 19:24:10.752 DEBUG qt.scenegraph.time.renderer: time in renderer: total=0ms, preprocess=0, updates=0, rendering=0
2026-07-14 19:24:10.759 DEBUG qt.scenegraph.time.renderloop: [window 0x7f48b5903e40][gui thread] polishAndSync: start, elapsed since last call: 6 ms
2026-07-14 19:24:10.759 DEBUG qt.scenegraph.time.renderloop: [window 0x7f48b5903e40][render thread 0x7f48b57a2c20] syncAndRender: frame rendered in 6ms, sync=0, render=0, swap=6
2026-07-14 19:24:10.759 DEBUG qt.scenegraph.time.renderloop: [window 0x7f48b5903e40][render thread 0x7f48b57a2c20] syncAndRender: start, elapsed since last call: 6 ms
2026-07-14 19:24:10.759 DEBUG qt.scenegraph.time.renderloop: [window 0x7f48b5903e40][gui thread] Frame prepared, polish=0 ms, lock=0 ms, blockedForSync=0 ms, animations=0 ms
2026-07-14 19:24:10.759 DEBUG qt.scenegraph.time.renderer: time in renderer: total=0ms, preprocess=0, updates=0, rendering=0
2026-07-14 19:24:10.766 DEBUG qt.scenegraph.time.renderloop: [window 0x7f48b5903e40][gui thread] polishAndSync: start, elapsed since last call: 7 ms
2026-07-14 19:24:10.766 DEBUG qt.scenegraph.time.renderloop: [window 0x7f48b5903e40][render thread 0x7f48b57a2c20] syncAndRender: frame rendered in 7ms, sync=0, render=0, swap=6
2026-07-14 19:24:10.766 DEBUG qt.scenegraph.time.renderloop: [window 0x7f48b5903e40][render thread 0x7f48b57a2c20] syncAndRender: start, elapsed since last call: 7 ms
2026-07-14 19:24:10.767 DEBUG qt.scenegraph.time.renderloop: [window 0x7f48b5903e40][gui thread] Frame prepared, polish=0 ms, lock=0 ms, blockedForSync=0 ms, animations=0 ms
2026-07-14 19:24:10.767 DEBUG qt.scenegraph.time.renderer: time in renderer: total=0ms, preprocess=0, updates=0, rendering=0
2026-07-14 19:24:10.773 DEBUG qt.scenegraph.time.renderloop: [window 0x7f48b5903e40][gui thread] polishAndSync: start, elapsed since last call: 6 ms
2026-07-14 19:24:10.773 DEBUG qt.scenegraph.time.renderloop: [window 0x7f48b5903e40][render thread 0x7f48b57a2c20] syncAndRender: frame rendered in 6ms, sync=0, render=0, swap=6
2026-07-14 19:24:10.773 DEBUG qt.scenegraph.time.renderloop: [window 0x7f48b5903e40][render thread 0x7f48b57a2c20] syncAndRender: start, elapsed since last call: 6 ms
2026-07-14 19:24:10.773 DEBUG qt.scenegraph.time.renderloop: [window 0x7f48b5903e40][gui thread] Frame prepared, polish=0 ms, lock=0 ms, blockedForSync=0 ms, animations=0 ms
2026-07-14 19:24:10.773 DEBUG qt.scenegraph.time.renderer: time in renderer: total=0ms, preprocess=0, updates=0, rendering=0
2026-07-14 19:24:10.780 DEBUG qt.scenegraph.time.renderloop: [window 0x7f48b5903e40][gui thread] polishAndSync: start, elapsed since last call: 6 ms
2026-07-14 19:24:10.780 DEBUG qt.scenegraph.time.renderloop: [window 0x7f48b5903e40][render thread 0x7f48b57a2c20] syncAndRender: frame rendered in 6ms, sync=0, render=0, swap=6
2026-07-14 19:24:10.780 DEBUG qt.scenegraph.time.renderloop: [window 0x7f48b5903e40][render thread 0x7f48b57a2c20] syncAndRender: start, elapsed since last call: 6 ms
2026-07-14 19:24:10.780 DEBUG qt.scenegraph.time.renderloop: [window 0x7f48b5903e40][gui thread] Frame prepared, polish=0 ms, lock=0 ms, blockedForSync=0 ms, animations=0 ms
2026-07-14 19:24:10.780 DEBUG qt.scenegraph.time.renderer: time in renderer: total=0ms, preprocess=0, updates=0, rendering=0
2026-07-14 19:24:10.787 DEBUG qt.scenegraph.time.renderloop: [window 0x7f48b5903e40][gui thread] polishAndSync: start, elapsed since last call: 7 ms
2026-07-14 19:24:10.787 DEBUG qt.scenegraph.time.renderloop: [window 0x7f48b5903e40][render thread 0x7f48b57a2c20] syncAndRender: frame rendered in 6ms, sync=0, render=0, swap=6
2026-07-14 19:24:10.787 DEBUG qt.scenegraph.time.renderloop: [window 0x7f48b5903e40][render thread 0x7f48b57a2c20] syncAndRender: start, elapsed since last call: 7 ms
2026-07-14 19:24:10.787 DEBUG qt.scenegraph.time.renderloop: [window 0x7f48b5903e40][gui thread] Frame prepared, polish=0 ms, lock=0 ms, blockedForSync=0 ms, animations=0 ms
2026-07-14 19:24:10.787 DEBUG qt.scenegraph.time.renderer: time in renderer: total=0ms, preprocess=0, updates=0, rendering=0
2026-07-14 19:24:10.794 DEBUG qt.scenegraph.time.renderloop: [window 0x7f48b5903e40][gui thread] polishAndSync: start, elapsed since last call: 7 ms
2026-07-14 19:24:10.794 DEBUG qt.scenegraph.time.renderloop: [window 0x7f48b5903e40][render thread 0x7f48b57a2c20] syncAndRender: frame rendered in 6ms, sync=0, render=0, swap=6
2026-07-14 19:24:10.794 DEBUG qt.scenegraph.time.renderloop: [window 0x7f48b5903e40][render thread 0x7f48b57a2c20] syncAndRender: start, elapsed since last call: 6 ms
2026-07-14 19:24:10.794 DEBUG qt.scenegraph.time.renderloop: [window 0x7f48b5903e40][gui thread] Frame prepared, polish=0 ms, lock=0 ms, blockedForSync=0 ms, animations=0 ms
2026-07-14 19:24:10.794 DEBUG qt.scenegraph.time.renderer: time in renderer: total=0ms, preprocess=0, updates=0, rendering=0
2026-07-14 19:24:10.801 DEBUG qt.scenegraph.time.renderloop: [window 0x7f48b5903e40][gui thread] polishAndSync: start, elapsed since last call: 6 ms
2026-07-14 19:24:10.801 DEBUG qt.scenegraph.time.renderloop: [window 0x7f48b5903e40][render thread 0x7f48b57a2c20] syncAndRender: frame rendered in 6ms, sync=0, render=0, swap=6
2026-07-14 19:24:10.801 DEBUG qt.scenegraph.time.renderloop: [window 0x7f48b5903e40][render thread 0x7f48b57a2c20] syncAndRender: start, elapsed since last call: 7 ms
2026-07-14 19:24:10.801 DEBUG qt.scenegraph.time.renderloop: [window 0x7f48b5903e40][gui thread] Frame prepared, polish=0 ms, lock=0 ms, blockedForSync=0 ms, animations=0 ms
2026-07-14 19:24:10.801 DEBUG qt.scenegraph.time.renderer: time in renderer: total=0ms, preprocess=0, updates=0, rendering=0
2026-07-14 19:24:10.808 DEBUG qt.scenegraph.time.renderloop: [window 0x7f48b5903e40][gui thread] polishAndSync: start, elapsed since last call: 6 ms
2026-07-14 19:24:10.808 DEBUG qt.scenegraph.time.renderloop: [window 0x7f48b5903e40][render thread 0x7f48b57a2c20] syncAndRender: frame rendered in 6ms, sync=0, render=0, swap=6
2026-07-14 19:24:10.808 DEBUG qt.scenegraph.time.renderloop: [window 0x7f48b5903e40][render thread 0x7f48b57a2c20] syncAndRender: start, elapsed since last call: 6 ms
2026-07-14 19:24:10.808 DEBUG qt.scenegraph.time.renderloop: [window 0x7f48b5903e40][gui thread] Frame prepared, polish=0 ms, lock=0 ms, blockedForSync=0 ms, animations=0 ms
2026-07-14 19:24:10.808 DEBUG qt.scenegraph.time.renderer: time in renderer: total=0ms, preprocess=0, updates=0, rendering=0
2026-07-14 19:24:10.815 DEBUG qt.scenegraph.time.renderloop: [window 0x7f48b5903e40][gui thread] polishAndSync: start, elapsed since last call: 6 ms
2026-07-14 19:24:10.815 DEBUG qt.scenegraph.time.renderloop: [window 0x7f48b5903e40][render thread 0x7f48b57a2c20] syncAndRender: frame rendered in 6ms, sync=0, render=0, swap=6
2026-07-14 19:24:10.815 DEBUG qt.scenegraph.time.renderloop: [window 0x7f48b5903e40][render thread 0x7f48b57a2c20] syncAndRender: start, elapsed since last call: 7 ms
2026-07-14 19:24:10.815 DEBUG qt.scenegraph.time.renderloop: [window 0x7f48b5903e40][gui thread] Frame prepared, polish=0 ms, lock=0 ms, blockedForSync=0 ms, animations=0 ms
2026-07-14 19:24:10.815 DEBUG qt.scenegraph.time.renderer: time in renderer: total=0ms, preprocess=0, updates=0, rendering=0
2026-07-14 19:24:10.822 DEBUG qt.scenegraph.time.renderloop: [window 0x7f48b5903e40][gui thread] polishAndSync: start, elapsed since last call: 6 ms
2026-07-14 19:24:10.822 DEBUG qt.scenegraph.time.renderloop: [window 0x7f48b5903e40][render thread 0x7f48b57a2c20] syncAndRender: frame rendered in 6ms, sync=0, render=0, swap=6
2026-07-14 19:24:10.822 DEBUG qt.scenegraph.time.renderloop: [window 0x7f48b5903e40][render thread 0x7f48b57a2c20] syncAndRender: start, elapsed since last call: 6 ms
2026-07-14 19:24:10.822 DEBUG qt.scenegraph.time.renderloop: [window 0x7f48b5903e40][gui thread] Frame prepared, polish=0 ms, lock=0 ms, blockedForSync=0 ms, animations=0 ms
2026-07-14 19:24:10.822 DEBUG qt.scenegraph.time.renderer: time in renderer: total=0ms, preprocess=0, updates=0, rendering=0
2026-07-14 19:24:10.828 DEBUG qt.scenegraph.time.renderloop: [window 0x7f48b5903e40][gui thread] polishAndSync: start, elapsed since last call: 6 ms
2026-07-14 19:24:10.829 DEBUG qt.scenegraph.time.renderloop: [window 0x7f48b5903e40][render thread 0x7f48b57a2c20] syncAndRender: frame rendered in 6ms, sync=0, render=0, swap=6
2026-07-14 19:24:10.829 DEBUG qt.scenegraph.time.renderloop: [window 0x7f48b5903e40][render thread 0x7f48b57a2c20] syncAndRender: start, elapsed since last call: 6 ms
2026-07-14 19:24:10.829 DEBUG qt.scenegraph.time.renderloop: [window 0x7f48b5903e40][gui thread] Frame prepared, polish=0 ms, lock=0 ms, blockedForSync=0 ms, animations=0 ms
2026-07-14 19:24:10.829 DEBUG qt.scenegraph.time.renderer: time in renderer: total=0ms, preprocess=0, updates=0, rendering=0
2026-07-14 19:24:10.835 DEBUG qt.scenegraph.time.renderloop: [window 0x7f48b5903e40][gui thread] polishAndSync: start, elapsed since last call: 6 ms
2026-07-14 19:24:10.835 DEBUG qt.scenegraph.time.renderloop: [window 0x7f48b5903e40][render thread 0x7f48b57a2c20] syncAndRender: frame rendered in 6ms, sync=0, render=0, swap=6
2026-07-14 19:24:10.835 DEBUG qt.scenegraph.time.renderloop: [window 0x7f48b5903e40][render thread 0x7f48b57a2c20] syncAndRender: start, elapsed since last call: 6 ms
2026-07-14 19:24:10.835 DEBUG qt.scenegraph.time.renderloop: [window 0x7f48b5903e40][gui thread] Frame prepared, polish=0 ms, lock=0 ms, blockedForSync=0 ms, animations=0 ms
2026-07-14 19:24:10.835 DEBUG qt.scenegraph.time.renderer: time in renderer: total=0ms, preprocess=0, updates=0, rendering=0
2026-07-14 19:24:10.842 DEBUG qt.scenegraph.time.renderloop: [window 0x7f48b5903e40][gui thread] polishAndSync: start, elapsed since last call: 6 ms
2026-07-14 19:24:10.842 DEBUG qt.scenegraph.time.renderloop: [window 0x7f48b5903e40][render thread 0x7f48b57a2c20] syncAndRender: frame rendered in 6ms, sync=0, render=0, swap=6
2026-07-14 19:24:10.842 DEBUG qt.scenegraph.time.renderloop: [window 0x7f48b5903e40][render thread 0x7f48b57a2c20] syncAndRender: start, elapsed since last call: 6 ms
2026-07-14 19:24:10.842 DEBUG qt.scenegraph.time.renderloop: [window 0x7f48b5903e40][gui thread] Frame prepared, polish=0 ms, lock=0 ms, blockedForSync=0 ms, animations=0 ms
2026-07-14 19:24:10.842 DEBUG qt.scenegraph.time.renderer: time in renderer: total=0ms, preprocess=0, updates=0, rendering=0
2026-07-14 19:24:10.849 DEBUG qt.scenegraph.time.renderloop: [window 0x7f48b5903e40][gui thread] polishAndSync: start, elapsed since last call: 6 ms
2026-07-14 19:24:10.849 DEBUG qt.scenegraph.time.renderloop: [window 0x7f48b5903e40][render thread 0x7f48b57a2c20] syncAndRender: frame rendered in 6ms, sync=0, render=0, swap=6
2026-07-14 19:24:10.850 DEBUG qt.scenegraph.time.renderloop: [window 0x7f48b5903e40][render thread 0x7f48b57a2c20] syncAndRender: start, elapsed since last call: 7 ms
2026-07-14 19:24:10.850 DEBUG qt.scenegraph.time.renderloop: [window 0x7f48b5903e40][gui thread] Frame prepared, polish=0 ms, lock=0 ms, blockedForSync=0 ms, animations=0 ms
2026-07-14 19:24:10.850 DEBUG qt.scenegraph.time.renderer: time in renderer: total=0ms, preprocess=0, updates=0, rendering=0
2026-07-14 19:24:10.856 DEBUG qt.scenegraph.time.renderloop: [window 0x7f48b5903e40][gui thread] polishAndSync: start, elapsed since last call: 6 ms
2026-07-14 19:24:10.856 DEBUG qt.scenegraph.time.renderloop: [window 0x7f48b5903e40][render thread 0x7f48b57a2c20] syncAndRender: frame rendered in 6ms, sync=0, render=0, swap=6
2026-07-14 19:24:10.856 DEBUG qt.scenegraph.time.renderloop: [window 0x7f48b5903e40][render thread 0x7f48b57a2c20] syncAndRender: start, elapsed since last call: 6 ms
2026-07-14 19:24:10.856 DEBUG qt.scenegraph.time.renderloop: [window 0x7f48b5903e40][gui thread] Frame prepared, polish=0 ms, lock=0 ms, blockedForSync=0 ms, animations=0 ms
2026-07-14 19:24:10.856 DEBUG qt.scenegraph.time.renderer: time in renderer: total=0ms, preprocess=0, updates=0, rendering=0
2026-07-14 19:24:10.863 DEBUG qt.scenegraph.time.renderloop: [window 0x7f48b5903e40][render thread 0x7f48b57a2c20] syncAndRender: frame rendered in 7ms, sync=0, render=0, swap=6
2026-07-14 19:24:10.900 DEBUG qt.scenegraph.time.renderloop: [window 0x7f48b5903e40][gui thread] polishAndSync: start, elapsed since last call: 44 ms
2026-07-14 19:24:10.901 DEBUG qt.scenegraph.time.renderloop: [window 0x7f48b5903e40][render thread 0x7f48b57a2c20] syncAndRender: start, elapsed since last call: 44 ms
2026-07-14 19:24:10.901 DEBUG qt.scenegraph.time.renderloop: [window 0x7f48b5903e40][gui thread] Frame prepared, polish=0 ms, lock=0 ms, blockedForSync=0 ms, animations=0 ms
2026-07-14 19:24:10.901 DEBUG qt.scenegraph.time.renderer: time in renderer: total=0ms, preprocess=0, updates=0, rendering=0
2026-07-14 19:24:10.901 DEBUG qt.scenegraph.time.renderloop: [window 0x7f48b5903e40][render thread 0x7f48b57a2c20] syncAndRender: frame rendered in 0ms, sync=0, render=0, swap=0
2026-07-14 19:24:10.905 DEBUG qt.scenegraph.time.renderloop: [window 0x7f48b5903e40][gui thread] polishAndSync: start, elapsed since last call: 4 ms
2026-07-14 19:24:10.905 DEBUG qt.scenegraph.time.renderloop: [window 0x7f48b5903e40][render thread 0x7f48b57a2c20] syncAndRender: start, elapsed since last call: 4 ms
2026-07-14 19:24:10.905 DEBUG qt.scenegraph.time.renderloop: [window 0x7f48b5903e40][gui thread] Frame prepared, polish=0 ms, lock=0 ms, blockedForSync=0 ms, animations=0 ms
2026-07-14 19:24:10.905 DEBUG qt.scenegraph.time.renderer: time in renderer: total=0ms, preprocess=0, updates=0, rendering=0
2026-07-14 19:24:10.905 DEBUG qt.scenegraph.time.renderloop: [window 0x7f48b5903e40][render thread 0x7f48b57a2c20] syncAndRender: frame rendered in 0ms, sync=0, render=0, swap=0
2026-07-14 19:24:10.933 DEBUG qt.scenegraph.time.renderloop: [window 0x7f48b5903e40][gui thread] polishAndSync: start, elapsed since last call: 27 ms
2026-07-14 19:24:10.933 DEBUG qt.scenegraph.time.renderloop: [window 0x7f48b5903e40][render thread 0x7f48b57a2c20] syncAndRender: start, elapsed since last call: 28 ms
2026-07-14 19:24:10.933 DEBUG qt.scenegraph.time.renderloop: [window 0x7f48b5903e40][gui thread] Frame prepared, polish=0 ms, lock=0 ms, blockedForSync=0 ms, animations=0 ms
2026-07-14 19:24:10.933 DEBUG qt.scenegraph.time.renderer: time in renderer: total=0ms, preprocess=0, updates=0, rendering=0
2026-07-14 19:24:10.934 DEBUG qt.scenegraph.time.renderloop: [window 0x7f48b5903e40][render thread 0x7f48b57a2c20] syncAndRender: frame rendered in 0ms, sync=0, render=0, swap=0
2026-07-14 19:24:10.940 DEBUG qt.scenegraph.time.renderloop: [window 0x7f48b5903e40][gui thread] polishAndSync: start, elapsed since last call: 6 ms
2026-07-14 19:24:10.940 DEBUG qt.scenegraph.time.renderloop: [window 0x7f48b5903e40][render thread 0x7f48b57a2c20] syncAndRender: start, elapsed since last call: 6 ms
2026-07-14 19:24:10.940 DEBUG qt.scenegraph.time.renderloop: [window 0x7f48b5903e40][gui thread] Frame prepared, polish=0 ms, lock=0 ms, blockedForSync=0 ms, animations=0 ms
2026-07-14 19:24:10.940 DEBUG qt.scenegraph.time.renderer: time in renderer: total=0ms, preprocess=0, updates=0, rendering=0
2026-07-14 19:24:10.940 DEBUG qt.scenegraph.time.renderloop: [window 0x7f48b5903e40][render thread 0x7f48b57a2c20] syncAndRender: frame rendered in 0ms, sync=0, render=0, swap=0
2026-07-14 19:24:10.967 DEBUG qt.scenegraph.time.renderloop: [window 0x7f48b5903e40][gui thread] polishAndSync: start, elapsed since last call: 27 ms
2026-07-14 19:24:10.967 DEBUG qt.scenegraph.time.renderloop: [window 0x7f48b5903e40][render thread 0x7f48b57a2c20] syncAndRender: start, elapsed since last call: 27 ms
2026-07-14 19:24:10.967 DEBUG qt.scenegraph.time.renderloop: [window 0x7f48b5903e40][gui thread] Frame prepared, polish=0 ms, lock=0 ms, blockedForSync=0 ms, animations=0 ms
2026-07-14 19:24:10.967 DEBUG qt.scenegraph.time.renderer: time in renderer: total=0ms, preprocess=0, updates=0, rendering=0
2026-07-14 19:24:10.968 DEBUG qt.scenegraph.time.renderloop: [window 0x7f48b5903e40][render thread 0x7f48b57a2c20] syncAndRender: frame rendered in 0ms, sync=0, render=0, swap=0
2026-07-14 19:24:10.974 DEBUG qt.scenegraph.time.renderloop: [window 0x7f48b5903e40][gui thread] polishAndSync: start, elapsed since last call: 7 ms
2026-07-14 19:24:10.975 DEBUG qt.scenegraph.time.renderloop: [window 0x7f48b5903e40][render thread 0x7f48b57a2c20] syncAndRender: start, elapsed since last call: 7 ms
2026-07-14 19:24:10.975 DEBUG qt.scenegraph.time.renderloop: [window 0x7f48b5903e40][gui thread] Frame prepared, polish=0 ms, lock=0 ms, blockedForSync=0 ms, animations=0 ms
2026-07-14 19:24:10.975 DEBUG qt.scenegraph.time.renderer: time in renderer: total=0ms, preprocess=0, updates=0, rendering=0
2026-07-14 19:24:10.975 DEBUG qt.scenegraph.time.renderloop: [window 0x7f48b5903e40][render thread 0x7f48b57a2c20] syncAndRender: frame rendered in 0ms, sync=0, render=0, swap=0
2026-07-14 19:24:11.000 DEBUG qt.scenegraph.time.renderloop: [window 0x7f48b5903e40][gui thread] polishAndSync: start, elapsed since last call: 25 ms
2026-07-14 19:24:11.000 DEBUG qt.scenegraph.time.renderloop: [window 0x7f48b5903e40][render thread 0x7f48b57a2c20] syncAndRender: start, elapsed since last call: 25 ms
2026-07-14 19:24:11.000 DEBUG qt.scenegraph.time.renderloop: [window 0x7f48b5903e40][gui thread] Frame prepared, polish=0 ms, lock=0 ms, blockedForSync=0 ms, animations=0 ms
2026-07-14 19:24:11.000 DEBUG qt.scenegraph.time.renderer: time in renderer: total=0ms, preprocess=0, updates=0, rendering=0
2026-07-14 19:24:11.000 DEBUG qt.scenegraph.time.renderloop: [window 0x7f48b5903e40][render thread 0x7f48b57a2c20] syncAndRender: frame rendered in 0ms, sync=0, render=0, swap=0
2026-07-14 19:24:11.001 DEBUG qt.scenegraph.time.renderloop: [window 0x7f48b5903e40][gui thread] polishAndSync: start, elapsed since last call: 1 ms
2026-07-14 19:24:11.001 DEBUG qt.scenegraph.time.renderloop: [window 0x7f48b5903e40][render thread 0x7f48b57a2c20] syncAndRender: start, elapsed since last call: 0 ms
2026-07-14 19:24:11.001 DEBUG qt.scenegraph.time.renderloop: [window 0x7f48b5903e40][gui thread] Frame prepared, polish=0 ms, lock=0 ms, blockedForSync=0 ms, animations=0 ms
2026-07-14 19:24:11.001 DEBUG qt.scenegraph.time.renderer: time in renderer: total=0ms, preprocess=0, updates=0, rendering=0
2026-07-14 19:24:11.001 DEBUG qt.scenegraph.time.renderloop: [window 0x7f48b5903e40][render thread 0x7f48b57a2c20] syncAndRender: frame rendered in 0ms, sync=0, render=0, swap=0
2026-07-14 19:24:11.019 DEBUG qt.scenegraph.time.renderloop: [window 0x7f48b5903e40][gui thread] polishAndSync: start, elapsed since last call: 18 ms
2026-07-14 19:24:11.019 DEBUG qt.scenegraph.time.renderloop: [window 0x7f48b5903e40][render thread 0x7f48b57a2c20] syncAndRender: start, elapsed since last call: 18 ms
2026-07-14 19:24:11.019 DEBUG qt.scenegraph.time.renderloop: [window 0x7f48b5903e40][gui thread] Frame prepared, polish=0 ms, lock=0 ms, blockedForSync=0 ms, animations=0 ms
2026-07-14 19:24:11.019 DEBUG qt.scenegraph.time.renderloop: [window 0x7f48b3b9a3d0][gui thread] polishAndSync: start, elapsed since last call: 348 ms
2026-07-14 19:24:11.019 DEBUG qt.scenegraph.time.renderer: time in renderer: total=0ms, preprocess=0, updates=0, rendering=0
2026-07-14 19:24:11.019 DEBUG qt.scenegraph.time.renderloop: [window 0x7f48b3b9a3d0][render thread 0x7f48d880cd60] syncAndRender: start, elapsed since last call: 348 ms
2026-07-14 19:24:11.019 DEBUG qt.scenegraph.time.renderloop: [window 0x7f48b3b9a3d0][gui thread] Frame prepared, polish=0 ms, lock=0 ms, blockedForSync=0 ms, animations=0 ms
2026-07-14 19:24:11.019 DEBUG qt.scenegraph.time.renderer: time in renderer: total=0ms, preprocess=0, updates=0, rendering=0
2026-07-14 19:24:11.019 DEBUG qt.scenegraph.time.renderloop: [window 0x7f48b5903e40][render thread 0x7f48b57a2c20] syncAndRender: frame rendered in 0ms, sync=0, render=0, swap=0
2026-07-14 19:24:11.019 DEBUG qt.scenegraph.time.renderloop: [window 0x7f48b3b9a3d0][render thread 0x7f48d880cd60] syncAndRender: frame rendered in 0ms, sync=0, render=0, swap=0
2026-07-14 19:24:11.025 DEBUG qt.scenegraph.time.renderloop: [window 0x7f48b5903e40][gui thread] polishAndSync: start, elapsed since last call: 6 ms
2026-07-14 19:24:11.025 DEBUG qt.scenegraph.time.renderloop: [window 0x7f48b5903e40][render thread 0x7f48b57a2c20] syncAndRender: start, elapsed since last call: 6 ms
2026-07-14 19:24:11.025 DEBUG qt.scenegraph.time.renderloop: [window 0x7f48b5903e40][gui thread] Frame prepared, polish=0 ms, lock=0 ms, blockedForSync=0 ms, animations=0 ms
2026-07-14 19:24:11.025 DEBUG qt.scenegraph.time.renderer: time in renderer: total=0ms, preprocess=0, updates=0, rendering=0
2026-07-14 19:24:11.025 DEBUG qt.scenegraph.time.renderloop: [window 0x7f48b5903e40][render thread 0x7f48b57a2c20] syncAndRender: frame rendered in 0ms, sync=0, render=0, swap=0
2026-07-14 19:24:11.031 DEBUG qt.scenegraph.time.renderloop: [window 0x7f48b5903e40][gui thread] polishAndSync: start, elapsed since last call: 5 ms
2026-07-14 19:24:11.032 DEBUG qt.scenegraph.time.renderloop: [window 0x7f48b5903e40][render thread 0x7f48b57a2c20] syncAndRender: start, elapsed since last call: 6 ms
2026-07-14 19:24:11.032 DEBUG qt.scenegraph.time.renderloop: [window 0x7f48b5903e40][gui thread] Frame prepared, polish=0 ms, lock=0 ms, blockedForSync=0 ms, animations=0 ms
2026-07-14 19:24:11.032 DEBUG qt.scenegraph.time.renderer: time in renderer: total=0ms, preprocess=0, updates=0, rendering=0
2026-07-14 19:24:11.032 DEBUG qt.scenegraph.time.renderloop: [window 0x7f48b5903e40][render thread 0x7f48b57a2c20] syncAndRender: frame rendered in 0ms, sync=0, render=0, swap=0
2026-07-14 19:24:11.037 DEBUG qt.scenegraph.time.renderloop: [window 0x7f48b5903e40][gui thread] polishAndSync: start, elapsed since last call: 5 ms
2026-07-14 19:24:11.037 DEBUG qt.scenegraph.time.renderloop: [window 0x7f48b5903e40][render thread 0x7f48b57a2c20] syncAndRender: start, elapsed since last call: 5 ms
2026-07-14 19:24:11.037 DEBUG qt.scenegraph.time.renderloop: [window 0x7f48b5903e40][gui thread] Frame prepared, polish=0 ms, lock=0 ms, blockedForSync=0 ms, animations=0 ms
2026-07-14 19:24:11.037 DEBUG qt.scenegraph.time.renderloop: [window 0x7f48b5903e40][gui thread] polishAndSync: start, elapsed since last call: 0 ms
2026-07-14 19:24:11.037 DEBUG qt.scenegraph.time.renderer: time in renderer: total=0ms, preprocess=0, updates=0, rendering=0
2026-07-14 19:24:11.037 DEBUG qt.scenegraph.time.renderloop: [window 0x7f48b5903e40][render thread 0x7f48b57a2c20] syncAndRender: frame rendered in 0ms, sync=0, render=0, swap=0
2026-07-14 19:24:11.037 DEBUG qt.scenegraph.time.renderloop: [window 0x7f48b5903e40][render thread 0x7f48b57a2c20] syncAndRender: start, elapsed since last call: 0 ms
2026-07-14 19:24:11.037 DEBUG qt.scenegraph.time.renderloop: [window 0x7f48b5903e40][gui thread] Frame prepared, polish=0 ms, lock=0 ms, blockedForSync=0 ms, animations=0 ms
2026-07-14 19:24:11.037 DEBUG qt.scenegraph.time.renderer: time in renderer: total=0ms, preprocess=0, updates=0, rendering=0
2026-07-14 19:24:11.044 DEBUG qt.scenegraph.time.renderloop: [window 0x7f48b5903e40][gui thread] polishAndSync: start, elapsed since last call: 6 ms
2026-07-14 19:24:11.044 DEBUG qt.scenegraph.time.renderloop: [window 0x7f48b5903e40][render thread 0x7f48b57a2c20] syncAndRender: frame rendered in 6ms, sync=0, render=0, swap=6
2026-07-14 19:24:11.044 DEBUG qt.scenegraph.time.renderloop: [window 0x7f48b5903e40][render thread 0x7f48b57a2c20] syncAndRender: start, elapsed since last call: 6 ms
2026-07-14 19:24:11.044 DEBUG qt.scenegraph.time.renderloop: [window 0x7f48b5903e40][gui thread] Frame prepared, polish=0 ms, lock=0 ms, blockedForSync=0 ms, animations=0 ms
2026-07-14 19:24:11.044 DEBUG qt.scenegraph.time.renderer: time in renderer: total=0ms, preprocess=0, updates=0, rendering=0
2026-07-14 19:24:11.051 DEBUG qt.scenegraph.time.renderloop: [window 0x7f48b5903e40][render thread 0x7f48b57a2c20] syncAndRender: frame rendered in 6ms, sync=0, render=0, swap=6
2026-07-14 19:24:11.051 DEBUG qt.scenegraph.time.renderloop: [window 0x7f48b5903e40][gui thread] polishAndSync: start, elapsed since last call: 6 ms
2026-07-14 19:24:11.051 DEBUG qt.scenegraph.time.renderloop: [window 0x7f48b5903e40][render thread 0x7f48b57a2c20] syncAndRender: start, elapsed since last call: 6 ms
2026-07-14 19:24:11.051 DEBUG qt.scenegraph.time.renderloop: [window 0x7f48b5903e40][gui thread] Frame prepared, polish=0 ms, lock=0 ms, blockedForSync=0 ms, animations=0 ms
2026-07-14 19:24:11.051 DEBUG qt.scenegraph.time.renderer: time in renderer: total=0ms, preprocess=0, updates=0, rendering=0
2026-07-14 19:24:11.058 DEBUG qt.scenegraph.time.renderloop: [window 0x7f48b5903e40][render thread 0x7f48b57a2c20] syncAndRender: frame rendered in 7ms, sync=0, render=0, swap=6
2026-07-14 19:24:11.058 DEBUG qt.scenegraph.time.renderloop: [window 0x7f48b5903e40][gui thread] polishAndSync: start, elapsed since last call: 7 ms
2026-07-14 19:24:11.058 DEBUG qt.scenegraph.time.renderloop: [window 0x7f48b5903e40][render thread 0x7f48b57a2c20] syncAndRender: start, elapsed since last call: 7 ms
2026-07-14 19:24:11.058 DEBUG qt.scenegraph.time.renderloop: [window 0x7f48b5903e40][gui thread] Frame prepared, polish=0 ms, lock=0 ms, blockedForSync=0 ms, animations=0 ms
2026-07-14 19:24:11.058 DEBUG qt.scenegraph.time.renderer: time in renderer: total=0ms, preprocess=0, updates=0, rendering=0
2026-07-14 19:24:11.065 DEBUG qt.scenegraph.time.renderloop: [window 0x7f48b5903e40][gui thread] polishAndSync: start, elapsed since last call: 6 ms
2026-07-14 19:24:11.065 DEBUG qt.scenegraph.time.renderloop: [window 0x7f48b5903e40][render thread 0x7f48b57a2c20] syncAndRender: frame rendered in 6ms, sync=0, render=0, swap=6
2026-07-14 19:24:11.065 DEBUG qt.scenegraph.time.renderloop: [window 0x7f48b5903e40][render thread 0x7f48b57a2c20] syncAndRender: start, elapsed since last call: 7 ms
2026-07-14 19:24:11.065 DEBUG qt.scenegraph.time.renderloop: [window 0x7f48b5903e40][gui thread] Frame prepared, polish=0 ms, lock=0 ms, blockedForSync=0 ms, animations=0 ms
2026-07-14 19:24:11.065 DEBUG qt.scenegraph.time.renderer: time in renderer: total=0ms, preprocess=0, updates=0, rendering=0
2026-07-14 19:24:11.072 DEBUG qt.scenegraph.time.renderloop: [window 0x7f48b5903e40][gui thread] polishAndSync: start, elapsed since last call: 6 ms
2026-07-14 19:24:11.072 DEBUG qt.scenegraph.time.renderloop: [window 0x7f48b5903e40][render thread 0x7f48b57a2c20] syncAndRender: frame rendered in 6ms, sync=0, render=0, swap=6
2026-07-14 19:24:11.072 DEBUG qt.scenegraph.time.renderloop: [window 0x7f48b5903e40][render thread 0x7f48b57a2c20] syncAndRender: start, elapsed since last call: 6 ms
2026-07-14 19:24:11.072 DEBUG qt.scenegraph.time.renderloop: [window 0x7f48b5903e40][gui thread] Frame prepared, polish=0 ms, lock=0 ms, blockedForSync=0 ms, animations=0 ms
2026-07-14 19:24:11.072 DEBUG qt.scenegraph.time.renderer: time in renderer: total=0ms, preprocess=0, updates=0, rendering=0
2026-07-14 19:24:11.079 DEBUG qt.scenegraph.time.renderloop: [window 0x7f48b5903e40][gui thread] polishAndSync: start, elapsed since last call: 6 ms
2026-07-14 19:24:11.079 DEBUG qt.scenegraph.time.renderloop: [window 0x7f48b5903e40][render thread 0x7f48b57a2c20] syncAndRender: frame rendered in 6ms, sync=0, render=0, swap=6
2026-07-14 19:24:11.079 DEBUG qt.scenegraph.time.renderloop: [window 0x7f48b5903e40][render thread 0x7f48b57a2c20] syncAndRender: start, elapsed since last call: 6 ms
2026-07-14 19:24:11.079 DEBUG qt.scenegraph.time.renderloop: [window 0x7f48b5903e40][gui thread] Frame prepared, polish=0 ms, lock=0 ms, blockedForSync=0 ms, animations=0 ms
2026-07-14 19:24:11.079 DEBUG qt.scenegraph.time.renderer: time in renderer: total=0ms, preprocess=0, updates=0, rendering=0
2026-07-14 19:24:11.086 DEBUG qt.scenegraph.time.renderloop: [window 0x7f48b5903e40][gui thread] polishAndSync: start, elapsed since last call: 6 ms
2026-07-14 19:24:11.086 DEBUG qt.scenegraph.time.renderloop: [window 0x7f48b5903e40][render thread 0x7f48b57a2c20] syncAndRender: frame rendered in 6ms, sync=0, render=0, swap=6
2026-07-14 19:24:11.086 DEBUG qt.scenegraph.time.renderloop: [window 0x7f48b5903e40][render thread 0x7f48b57a2c20] syncAndRender: start, elapsed since last call: 6 ms
2026-07-14 19:24:11.086 DEBUG qt.scenegraph.time.renderloop: [window 0x7f48b5903e40][gui thread] Frame prepared, polish=0 ms, lock=0 ms, blockedForSync=0 ms, animations=0 ms
2026-07-14 19:24:11.086 DEBUG qt.scenegraph.time.renderer: time in renderer: total=0ms, preprocess=0, updates=0, rendering=0
2026-07-14 19:24:11.093 DEBUG qt.scenegraph.time.renderloop: [window 0x7f48b5903e40][gui thread] polishAndSync: start, elapsed since last call: 6 ms
2026-07-14 19:24:11.093 DEBUG qt.scenegraph.time.renderloop: [window 0x7f48b5903e40][render thread 0x7f48b57a2c20] syncAndRender: frame rendered in 6ms, sync=0, render=0, swap=6
2026-07-14 19:24:11.093 DEBUG qt.scenegraph.time.renderloop: [window 0x7f48b5903e40][render thread 0x7f48b57a2c20] syncAndRender: start, elapsed since last call: 7 ms
2026-07-14 19:24:11.093 DEBUG qt.scenegraph.time.renderloop: [window 0x7f48b5903e40][gui thread] Frame prepared, polish=0 ms, lock=0 ms, blockedForSync=0 ms, animations=0 ms
2026-07-14 19:24:11.093 DEBUG qt.scenegraph.time.renderer: time in renderer: total=0ms, preprocess=0, updates=0, rendering=0
2026-07-14 19:24:11.099 DEBUG qt.scenegraph.time.renderloop: [window 0x7f48b5903e40][gui thread] polishAndSync: start, elapsed since last call: 6 ms
2026-07-14 19:24:11.099 DEBUG qt.scenegraph.time.renderloop: [window 0x7f48b5903e40][render thread 0x7f48b57a2c20] syncAndRender: frame rendered in 6ms, sync=0, render=0, swap=6
2026-07-14 19:24:11.100 DEBUG qt.scenegraph.time.renderloop: [window 0x7f48b5903e40][render thread 0x7f48b57a2c20] syncAndRender: start, elapsed since last call: 6 ms
2026-07-14 19:24:11.100 DEBUG qt.scenegraph.time.renderloop: [window 0x7f48b5903e40][gui thread] Frame prepared, polish=0 ms, lock=0 ms, blockedForSync=0 ms, animations=0 ms
2026-07-14 19:24:11.100 DEBUG qt.scenegraph.time.renderer: time in renderer: total=0ms, preprocess=0, updates=0, rendering=0
2026-07-14 19:24:11.106 DEBUG qt.scenegraph.time.renderloop: [window 0x7f48b5903e40][gui thread] polishAndSync: start, elapsed since last call: 6 ms
2026-07-14 19:24:11.106 DEBUG qt.scenegraph.time.renderloop: [window 0x7f48b5903e40][render thread 0x7f48b57a2c20] syncAndRender: frame rendered in 6ms, sync=0, render=0, swap=6
2026-07-14 19:24:11.106 DEBUG qt.scenegraph.time.renderloop: [window 0x7f48b5903e40][render thread 0x7f48b57a2c20] syncAndRender: start, elapsed since last call: 6 ms
2026-07-14 19:24:11.106 DEBUG qt.scenegraph.time.renderloop: [window 0x7f48b5903e40][gui thread] Frame prepared, polish=0 ms, lock=0 ms, blockedForSync=0 ms, animations=0 ms
2026-07-14 19:24:11.107 DEBUG qt.scenegraph.time.renderer: time in renderer: total=0ms, preprocess=0, updates=0, rendering=0
2026-07-14 19:24:11.114 DEBUG qt.scenegraph.time.renderloop: [window 0x7f48b5903e40][gui thread] polishAndSync: start, elapsed since last call: 7 ms
2026-07-14 19:24:11.114 DEBUG qt.scenegraph.time.renderloop: [window 0x7f48b5903e40][render thread 0x7f48b57a2c20] syncAndRender: frame rendered in 7ms, sync=0, render=0, swap=7
2026-07-14 19:24:11.114 DEBUG qt.scenegraph.time.renderloop: [window 0x7f48b5903e40][render thread 0x7f48b57a2c20] syncAndRender: start, elapsed since last call: 7 ms
2026-07-14 19:24:11.114 DEBUG qt.scenegraph.time.renderloop: [window 0x7f48b5903e40][gui thread] Frame prepared, polish=0 ms, lock=0 ms, blockedForSync=0 ms, animations=0 ms
2026-07-14 19:24:11.114 DEBUG qt.scenegraph.time.texture: atlastexture upload enqueued in: -9223357548001ms (16x16)
2026-07-14 19:24:11.114 DEBUG qt.scenegraph.time.texture: atlastexture upload enqueued in: -9223357548001ms (36x14)
2026-07-14 19:24:11.114 DEBUG qt.scenegraph.time.renderer: time in renderer: total=0ms, preprocess=0, updates=0, rendering=0
2026-07-14 19:24:11.116 DEBUG qt.scenegraph.time.renderloop: [window 0x7f48b3b9a3d0][gui thread] polishAndSync: start, elapsed since last call: 96 ms
2026-07-14 19:24:11.116 DEBUG qt.scenegraph.time.renderloop: [window 0x7f48b3b9a3d0][render thread 0x7f48d880cd60] syncAndRender: start, elapsed since last call: 96 ms
2026-07-14 19:24:11.116 DEBUG qt.scenegraph.time.renderloop: [window 0x7f48b3b9a3d0][gui thread] Frame prepared, polish=0 ms, lock=0 ms, blockedForSync=0 ms, animations=0 ms
2026-07-14 19:24:11.116 DEBUG qt.scenegraph.time.renderer: time in renderer: total=0ms, preprocess=0, updates=0, rendering=0
2026-07-14 19:24:11.116 DEBUG qt.scenegraph.time.renderloop: [window 0x7f48b3b9a3d0][render thread 0x7f48d880cd60] syncAndRender: frame rendered in 0ms, sync=0, render=0, swap=0
2026-07-14 19:24:11.121 DEBUG qt.scenegraph.time.renderloop: [window 0x7f48b5903e40][gui thread] polishAndSync: start, elapsed since last call: 6 ms
2026-07-14 19:24:11.121 DEBUG qt.scenegraph.time.renderloop: [window 0x7f48b5903e40][render thread 0x7f48b57a2c20] syncAndRender: frame rendered in 6ms, sync=0, render=0, swap=6
2026-07-14 19:24:11.121 DEBUG qt.scenegraph.time.renderloop: [window 0x7f48b5903e40][render thread 0x7f48b57a2c20] syncAndRender: start, elapsed since last call: 6 ms
2026-07-14 19:24:11.121 DEBUG qt.scenegraph.time.renderloop: [window 0x7f48b5903e40][gui thread] Frame prepared, polish=0 ms, lock=0 ms, blockedForSync=0 ms, animations=0 ms
2026-07-14 19:24:11.121 DEBUG qt.scenegraph.time.renderloop: [window 0x7f48b3b9a3d0][gui thread] polishAndSync: start, elapsed since last call: 4 ms
2026-07-14 19:24:11.121 DEBUG qt.scenegraph.time.renderloop: [window 0x7f48b3b9a3d0][render thread 0x7f48d880cd60] syncAndRender: start, elapsed since last call: 4 ms
2026-07-14 19:24:11.121 DEBUG qt.scenegraph.time.renderloop: [window 0x7f48b3b9a3d0][gui thread] Frame prepared, polish=0 ms, lock=0 ms, blockedForSync=0 ms, animations=0 ms
2026-07-14 19:24:11.121 DEBUG qt.scenegraph.time.renderer: time in renderer: total=0ms, preprocess=0, updates=0, rendering=0
2026-07-14 19:24:11.121 DEBUG qt.scenegraph.time.texture: atlastexture upload enqueued in: -9223357547995ms (36x14)
2026-07-14 19:24:11.121 DEBUG qt.scenegraph.time.renderer: time in renderer: total=0ms, preprocess=0, updates=0, rendering=0
2026-07-14 19:24:11.121 DEBUG qt.scenegraph.time.renderloop: [window 0x7f48b3b9a3d0][render thread 0x7f48d880cd60] syncAndRender: frame rendered in 0ms, sync=0, render=0, swap=0
2026-07-14 19:24:11.127 DEBUG qt.scenegraph.time.renderloop: [window 0x7f48b5903e40][gui thread] polishAndSync: start, elapsed since last call: 6 ms
2026-07-14 19:24:11.127 DEBUG qt.scenegraph.time.renderloop: [window 0x7f48b5903e40][render thread 0x7f48b57a2c20] syncAndRender: frame rendered in 6ms, sync=0, render=0, swap=6
2026-07-14 19:24:11.128 DEBUG qt.scenegraph.time.renderloop: [window 0x7f48b5903e40][render thread 0x7f48b57a2c20] syncAndRender: start, elapsed since last call: 7 ms
2026-07-14 19:24:11.128 DEBUG qt.scenegraph.time.renderloop: [window 0x7f48b5903e40][gui thread] Frame prepared, polish=0 ms, lock=0 ms, blockedForSync=0 ms, animations=0 ms
2026-07-14 19:24:11.128 DEBUG qt.scenegraph.time.renderloop: [window 0x7f48b3b9a3d0][gui thread] polishAndSync: start, elapsed since last call: 7 ms
2026-07-14 19:24:11.128 DEBUG qt.scenegraph.time.renderloop: [window 0x7f48b3b9a3d0][render thread 0x7f48d880cd60] syncAndRender: start, elapsed since last call: 7 ms
2026-07-14 19:24:11.128 DEBUG qt.scenegraph.time.renderloop: [window 0x7f48b3b9a3d0][gui thread] Frame prepared, polish=0 ms, lock=0 ms, blockedForSync=0 ms, animations=0 ms
2026-07-14 19:24:11.128 DEBUG qt.scenegraph.time.texture: atlastexture upload enqueued in: -9223357547987ms (36x14)
2026-07-14 19:24:11.128 DEBUG qt.scenegraph.time.renderer: time in renderer: total=0ms, preprocess=0, updates=0, rendering=0
2026-07-14 19:24:11.128 DEBUG qt.scenegraph.time.renderer: time in renderer: total=0ms, preprocess=0, updates=0, rendering=0
2026-07-14 19:24:11.128 DEBUG qt.scenegraph.time.renderloop: [window 0x7f48b3b9a3d0][render thread 0x7f48d880cd60] syncAndRender: frame rendered in 0ms, sync=0, render=0, swap=0
2026-07-14 19:24:11.134 DEBUG qt.scenegraph.time.renderloop: [window 0x7f48b5903e40][gui thread] polishAndSync: start, elapsed since last call: 6 ms
2026-07-14 19:24:11.134 DEBUG qt.scenegraph.time.renderloop: [window 0x7f48b5903e40][render thread 0x7f48b57a2c20] syncAndRender: frame rendered in 6ms, sync=0, render=0, swap=6
2026-07-14 19:24:11.134 DEBUG qt.scenegraph.time.renderloop: [window 0x7f48b5903e40][render thread 0x7f48b57a2c20] syncAndRender: start, elapsed since last call: 6 ms
2026-07-14 19:24:11.134 DEBUG qt.scenegraph.time.renderloop: [window 0x7f48b5903e40][gui thread] Frame prepared, polish=0 ms, lock=0 ms, blockedForSync=0 ms, animations=0 ms
2026-07-14 19:24:11.134 DEBUG qt.scenegraph.time.renderer: time in renderer: total=0ms, preprocess=0, updates=0, rendering=0
2026-07-14 19:24:11.141 DEBUG qt.scenegraph.time.renderloop: [window 0x7f48b5903e40][gui thread] polishAndSync: start, elapsed since last call: 7 ms
2026-07-14 19:24:11.141 DEBUG qt.scenegraph.time.renderloop: [window 0x7f48b5903e40][render thread 0x7f48b57a2c20] syncAndRender: frame rendered in 7ms, sync=0, render=0, swap=7
2026-07-14 19:24:11.141 DEBUG qt.scenegraph.time.renderloop: [window 0x7f48b5903e40][render thread 0x7f48b57a2c20] syncAndRender: start, elapsed since last call: 7 ms
2026-07-14 19:24:11.142 DEBUG qt.scenegraph.time.renderloop: [window 0x7f48b5903e40][gui thread] Frame prepared, polish=0 ms, lock=0 ms, blockedForSync=0 ms, animations=0 ms
2026-07-14 19:24:11.142 DEBUG qt.scenegraph.time.renderer: time in renderer: total=0ms, preprocess=0, updates=0, rendering=0
2026-07-14 19:24:11.148 DEBUG qt.scenegraph.time.renderloop: [window 0x7f48b5903e40][gui thread] polishAndSync: start, elapsed since last call: 6 ms
2026-07-14 19:24:11.148 DEBUG qt.scenegraph.time.renderloop: [window 0x7f48b5903e40][render thread 0x7f48b57a2c20] syncAndRender: frame rendered in 6ms, sync=0, render=0, swap=6
2026-07-14 19:24:11.150 DEBUG qt.scenegraph.time.renderloop: [window 0x7f48b5903e40][render thread 0x7f48b57a2c20] syncAndRender: start, elapsed since last call: 8 ms
2026-07-14 19:24:11.150 DEBUG qt.scenegraph.time.renderloop: [window 0x7f48b5903e40][gui thread] Frame prepared, polish=2 ms, lock=0 ms, blockedForSync=0 ms, animations=0 ms
2026-07-14 19:24:11.150 DEBUG qt.scenegraph.time.renderer: time in renderer: total=0ms, preprocess=0, updates=0, rendering=0
2026-07-14 19:24:11.155 DEBUG qt.scenegraph.time.renderloop: [window 0x7f48b5903e40][gui thread] polishAndSync: start, elapsed since last call: 6 ms
2026-07-14 19:24:11.155 DEBUG qt.scenegraph.time.renderloop: [window 0x7f48b5903e40][render thread 0x7f48b57a2c20] syncAndRender: frame rendered in 4ms, sync=0, render=0, swap=4
2026-07-14 19:24:11.155 DEBUG qt.scenegraph.time.renderloop: [window 0x7f48b5903e40][render thread 0x7f48b57a2c20] syncAndRender: start, elapsed since last call: 4 ms
2026-07-14 19:24:11.155 DEBUG qt.scenegraph.time.renderloop: [window 0x7f48b5903e40][gui thread] Frame prepared, polish=0 ms, lock=0 ms, blockedForSync=0 ms, animations=0 ms
2026-07-14 19:24:11.155 DEBUG qt.scenegraph.time.renderer: time in renderer: total=0ms, preprocess=0, updates=0, rendering=0
2026-07-14 19:24:11.162 DEBUG qt.scenegraph.time.renderloop: [window 0x7f48b5903e40][gui thread] polishAndSync: start, elapsed since last call: 7 ms
2026-07-14 19:24:11.162 DEBUG qt.scenegraph.time.renderloop: [window 0x7f48b5903e40][render thread 0x7f48b57a2c20] syncAndRender: frame rendered in 7ms, sync=0, render=0, swap=6
2026-07-14 19:24:11.162 DEBUG qt.scenegraph.time.renderloop: [window 0x7f48b5903e40][render thread 0x7f48b57a2c20] syncAndRender: start, elapsed since last call: 7 ms
2026-07-14 19:24:11.162 DEBUG qt.scenegraph.time.renderloop: [window 0x7f48b5903e40][gui thread] Frame prepared, polish=0 ms, lock=0 ms, blockedForSync=0 ms, animations=0 ms
2026-07-14 19:24:11.162 DEBUG qt.scenegraph.time.renderer: time in renderer: total=0ms, preprocess=0, updates=0, rendering=0
2026-07-14 19:24:11.169 DEBUG qt.scenegraph.time.renderloop: [window 0x7f48b5903e40][gui thread] polishAndSync: start, elapsed since last call: 7 ms
2026-07-14 19:24:11.169 DEBUG qt.scenegraph.time.renderloop: [window 0x7f48b5903e40][render thread 0x7f48b57a2c20] syncAndRender: frame rendered in 6ms, sync=0, render=0, swap=6
2026-07-14 19:24:11.169 DEBUG qt.scenegraph.time.renderloop: [window 0x7f48b5903e40][render thread 0x7f48b57a2c20] syncAndRender: start, elapsed since last call: 7 ms
2026-07-14 19:24:11.169 DEBUG qt.scenegraph.time.renderloop: [window 0x7f48b5903e40][gui thread] Frame prepared, polish=0 ms, lock=0 ms, blockedForSync=0 ms, animations=0 ms
2026-07-14 19:24:11.169 DEBUG qt.scenegraph.time.renderer: time in renderer: total=0ms, preprocess=0, updates=0, rendering=0
2026-07-14 19:24:11.176 DEBUG qt.scenegraph.time.renderloop: [window 0x7f48b5903e40][gui thread] polishAndSync: start, elapsed since last call: 7 ms
2026-07-14 19:24:11.176 DEBUG qt.scenegraph.time.renderloop: [window 0x7f48b5903e40][render thread 0x7f48b57a2c20] syncAndRender: frame rendered in 6ms, sync=0, render=0, swap=6
2026-07-14 19:24:11.176 DEBUG qt.scenegraph.time.renderloop: [window 0x7f48b5903e40][render thread 0x7f48b57a2c20] syncAndRender: start, elapsed since last call: 7 ms
2026-07-14 19:24:11.177 DEBUG qt.scenegraph.time.renderloop: [window 0x7f48b5903e40][gui thread] Frame prepared, polish=0 ms, lock=0 ms, blockedForSync=0 ms, animations=0 ms
2026-07-14 19:24:11.177 DEBUG qt.scenegraph.time.renderer: time in renderer: total=0ms, preprocess=0, updates=0, rendering=0
2026-07-14 19:24:11.183 DEBUG qt.scenegraph.time.renderloop: [window 0x7f48b5903e40][gui thread] polishAndSync: start, elapsed since last call: 6 ms
2026-07-14 19:24:11.183 DEBUG qt.scenegraph.time.renderloop: [window 0x7f48b5903e40][render thread 0x7f48b57a2c20] syncAndRender: frame rendered in 6ms, sync=0, render=0, swap=6
2026-07-14 19:24:11.183 DEBUG qt.scenegraph.time.renderloop: [window 0x7f48b5903e40][render thread 0x7f48b57a2c20] syncAndRender: start, elapsed since last call: 6 ms
2026-07-14 19:24:11.183 DEBUG qt.scenegraph.time.renderloop: [window 0x7f48b5903e40][gui thread] Frame prepared, polish=0 ms, lock=0 ms, blockedForSync=0 ms, animations=0 ms
2026-07-14 19:24:11.183 DEBUG qt.scenegraph.time.renderer: time in renderer: total=0ms, preprocess=0, updates=0, rendering=0
2026-07-14 19:24:11.190 DEBUG qt.scenegraph.time.renderloop: [window 0x7f48b5903e40][gui thread] polishAndSync: start, elapsed since last call: 6 ms
2026-07-14 19:24:11.190 DEBUG qt.scenegraph.time.renderloop: [window 0x7f48b5903e40][render thread 0x7f48b57a2c20] syncAndRender: frame rendered in 6ms, sync=0, render=0, swap=6
2026-07-14 19:24:11.190 DEBUG qt.scenegraph.time.renderloop: [window 0x7f48b5903e40][render thread 0x7f48b57a2c20] syncAndRender: start, elapsed since last call: 6 ms
2026-07-14 19:24:11.190 DEBUG qt.scenegraph.time.renderloop: [window 0x7f48b5903e40][gui thread] Frame prepared, polish=0 ms, lock=0 ms, blockedForSync=0 ms, animations=0 ms
2026-07-14 19:24:11.190 DEBUG qt.scenegraph.time.renderer: time in renderer: total=0ms, preprocess=0, updates=0, rendering=0
2026-07-14 19:24:11.197 DEBUG qt.scenegraph.time.renderloop: [window 0x7f48b5903e40][gui thread] polishAndSync: start, elapsed since last call: 7 ms
2026-07-14 19:24:11.197 DEBUG qt.scenegraph.time.renderloop: [window 0x7f48b5903e40][render thread 0x7f48b57a2c20] syncAndRender: frame rendered in 7ms, sync=0, render=0, swap=6
2026-07-14 19:24:11.197 DEBUG qt.scenegraph.time.renderloop: [window 0x7f48b5903e40][render thread 0x7f48b57a2c20] syncAndRender: start, elapsed since last call: 7 ms
2026-07-14 19:24:11.197 DEBUG qt.scenegraph.time.renderloop: [window 0x7f48b5903e40][gui thread] Frame prepared, polish=0 ms, lock=0 ms, blockedForSync=0 ms, animations=0 ms
2026-07-14 19:24:11.197 DEBUG qt.scenegraph.time.renderer: time in renderer: total=0ms, preprocess=0, updates=0, rendering=0
2026-07-14 19:24:11.204 DEBUG qt.scenegraph.time.renderloop: [window 0x7f48b5903e40][render thread 0x7f48b57a2c20] syncAndRender: frame rendered in 6ms, sync=0, render=0, swap=6
2026-07-14 19:24:11.215 DEBUG qt.scenegraph.time.renderloop: [window 0x7f48b5903e40][gui thread] polishAndSync: start, elapsed since last call: 17 ms
2026-07-14 19:24:11.215 DEBUG qt.scenegraph.time.renderloop: [window 0x7f48b5903e40][render thread 0x7f48b57a2c20] syncAndRender: start, elapsed since last call: 18 ms
2026-07-14 19:24:11.215 DEBUG qt.scenegraph.time.renderloop: [window 0x7f48b5903e40][gui thread] Frame prepared, polish=0 ms, lock=0 ms, blockedForSync=0 ms, animations=0 ms
2026-07-14 19:24:11.215 DEBUG qt.scenegraph.time.renderer: time in renderer: total=0ms, preprocess=0, updates=0, rendering=0
2026-07-14 19:24:11.215 DEBUG qt.scenegraph.time.renderloop: [window 0x7f48b5903e40][render thread 0x7f48b57a2c20] syncAndRender: frame rendered in 0ms, sync=0, render=0, swap=0
2026-07-14 19:24:11.218 DEBUG qt.scenegraph.time.renderloop: [window 0x7f48b5903e40][gui thread] polishAndSync: start, elapsed since last call: 2 ms
2026-07-14 19:24:11.218 DEBUG qt.scenegraph.time.renderloop: [window 0x7f48b5903e40][render thread 0x7f48b57a2c20] syncAndRender: start, elapsed since last call: 2 ms
2026-07-14 19:24:11.218 DEBUG qt.scenegraph.time.renderloop: [window 0x7f48b5903e40][gui thread] Frame prepared, polish=0 ms, lock=0 ms, blockedForSync=0 ms, animations=0 ms
2026-07-14 19:24:11.218 DEBUG qt.scenegraph.time.renderer: time in renderer: total=0ms, preprocess=0, updates=0, rendering=0
2026-07-14 19:24:11.218 DEBUG qt.scenegraph.time.renderloop: [window 0x7f48b5903e40][render thread 0x7f48b57a2c20] syncAndRender: frame rendered in 0ms, sync=0, render=0, swap=0
2026-07-14 19:24:11.248 DEBUG qt.scenegraph.time.renderloop: [window 0x7f48b5903e40][gui thread] polishAndSync: start, elapsed since last call: 30 ms
2026-07-14 19:24:11.248 DEBUG qt.scenegraph.time.renderloop: [window 0x7f48b5903e40][render thread 0x7f48b57a2c20] syncAndRender: start, elapsed since last call: 30 ms
2026-07-14 19:24:11.248 DEBUG qt.scenegraph.time.renderloop: [window 0x7f48b5903e40][gui thread] Frame prepared, polish=0 ms, lock=0 ms, blockedForSync=0 ms, animations=0 ms
2026-07-14 19:24:11.248 DEBUG qt.scenegraph.time.renderer: time in renderer: total=0ms, preprocess=0, updates=0, rendering=0
2026-07-14 19:24:11.248 DEBUG qt.scenegraph.time.renderloop: [window 0x7f48b5903e40][render thread 0x7f48b57a2c20] syncAndRender: frame rendered in 0ms, sync=0, render=0, swap=0
2026-07-14 19:24:11.253 DEBUG qt.scenegraph.time.renderloop: [window 0x7f48b5903e40][gui thread] polishAndSync: start, elapsed since last call: 4 ms
2026-07-14 19:24:11.253 DEBUG qt.scenegraph.time.renderloop: [window 0x7f48b5903e40][render thread 0x7f48b57a2c20] syncAndRender: start, elapsed since last call: 4 ms
2026-07-14 19:24:11.253 DEBUG qt.scenegraph.time.renderloop: [window 0x7f48b5903e40][gui thread] Frame prepared, polish=0 ms, lock=0 ms, blockedForSync=0 ms, animations=0 ms
2026-07-14 19:24:11.253 DEBUG qt.scenegraph.time.renderer: time in renderer: total=0ms, preprocess=0, updates=0, rendering=0
2026-07-14 19:24:11.253 DEBUG qt.scenegraph.time.renderloop: [window 0x7f48b5903e40][render thread 0x7f48b57a2c20] syncAndRender: frame rendered in 0ms, sync=0, render=0, swap=0
2026-07-14 19:24:11.281 DEBUG qt.scenegraph.time.renderloop: [window 0x7f48b5903e40][gui thread] polishAndSync: start, elapsed since last call: 28 ms
2026-07-14 19:24:11.281 DEBUG qt.scenegraph.time.renderloop: [window 0x7f48b5903e40][render thread 0x7f48b57a2c20] syncAndRender: start, elapsed since last call: 28 ms
2026-07-14 19:24:11.281 DEBUG qt.scenegraph.time.renderloop: [window 0x7f48b5903e40][gui thread] Frame prepared, polish=0 ms, lock=0 ms, blockedForSync=0 ms, animations=0 ms
2026-07-14 19:24:11.281 DEBUG qt.scenegraph.time.renderer: time in renderer: total=0ms, preprocess=0, updates=0, rendering=0
2026-07-14 19:24:11.281 DEBUG qt.scenegraph.time.renderloop: [window 0x7f48b5903e40][render thread 0x7f48b57a2c20] syncAndRender: frame rendered in 0ms, sync=0, render=0, swap=0
2026-07-14 19:24:11.287 DEBUG qt.scenegraph.time.renderloop: [window 0x7f48b5903e40][gui thread] polishAndSync: start, elapsed since last call: 6 ms
2026-07-14 19:24:11.287 DEBUG qt.scenegraph.time.renderloop: [window 0x7f48b5903e40][render thread 0x7f48b57a2c20] syncAndRender: start, elapsed since last call: 6 ms
2026-07-14 19:24:11.287 DEBUG qt.scenegraph.time.renderloop: [window 0x7f48b5903e40][gui thread] Frame prepared, polish=0 ms, lock=0 ms, blockedForSync=0 ms, animations=0 ms
2026-07-14 19:24:11.287 DEBUG qt.scenegraph.time.renderer: time in renderer: total=0ms, preprocess=0, updates=0, rendering=0
2026-07-14 19:24:11.288 DEBUG qt.scenegraph.time.renderloop: [window 0x7f48b5903e40][render thread 0x7f48b57a2c20] syncAndRender: frame rendered in 0ms, sync=0, render=0, swap=0
2026-07-14 19:24:11.313 DEBUG qt.scenegraph.time.renderloop: [window 0x7f48b5903e40][gui thread] polishAndSync: start, elapsed since last call: 26 ms
2026-07-14 19:24:11.314 DEBUG qt.scenegraph.time.renderloop: [window 0x7f48b5903e40][render thread 0x7f48b57a2c20] syncAndRender: start, elapsed since last call: 26 ms
2026-07-14 19:24:11.314 DEBUG qt.scenegraph.time.renderloop: [window 0x7f48b5903e40][gui thread] Frame prepared, polish=0 ms, lock=0 ms, blockedForSync=0 ms, animations=0 ms
2026-07-14 19:24:11.314 DEBUG qt.scenegraph.time.renderer: time in renderer: total=0ms, preprocess=0, updates=0, rendering=0
2026-07-14 19:24:11.314 DEBUG qt.scenegraph.time.renderloop: [window 0x7f48b5903e40][render thread 0x7f48b57a2c20] syncAndRender: frame rendered in 0ms, sync=0, render=0, swap=0
2026-07-14 19:24:11.315 DEBUG qt.scenegraph.time.renderloop: [window 0x7f48b5903e40][gui thread] polishAndSync: start, elapsed since last call: 1 ms
2026-07-14 19:24:11.315 DEBUG qt.scenegraph.time.renderloop: [window 0x7f48b5903e40][render thread 0x7f48b57a2c20] syncAndRender: start, elapsed since last call: 1 ms
2026-07-14 19:24:11.315 DEBUG qt.scenegraph.time.renderloop: [window 0x7f48b5903e40][gui thread] Frame prepared, polish=0 ms, lock=0 ms, blockedForSync=0 ms, animations=0 ms
2026-07-14 19:24:11.315 DEBUG qt.scenegraph.time.renderer: time in renderer: total=0ms, preprocess=0, updates=0, rendering=0
2026-07-14 19:24:11.315 DEBUG qt.scenegraph.time.renderloop: [window 0x7f48b5903e40][render thread 0x7f48b57a2c20] syncAndRender: frame rendered in 0ms, sync=0, render=0, swap=0
2026-07-14 19:24:11.346 DEBUG qt.scenegraph.time.renderloop: [window 0x7f48b5903e40][gui thread] polishAndSync: start, elapsed since last call: 31 ms
2026-07-14 19:24:11.346 DEBUG qt.scenegraph.time.renderloop: [window 0x7f48b5903e40][render thread 0x7f48b57a2c20] syncAndRender: start, elapsed since last call: 31 ms
2026-07-14 19:24:11.346 DEBUG qt.scenegraph.time.renderloop: [window 0x7f48b5903e40][gui thread] Frame prepared, polish=0 ms, lock=0 ms, blockedForSync=0 ms, animations=0 ms
2026-07-14 19:24:11.346 DEBUG qt.scenegraph.time.renderer: time in renderer: total=0ms, preprocess=0, updates=0, rendering=0
2026-07-14 19:24:11.347 DEBUG qt.scenegraph.time.renderloop: [window 0x7f48b5903e40][render thread 0x7f48b57a2c20] syncAndRender: frame rendered in 0ms, sync=0, render=0, swap=0
2026-07-14 19:24:11.350 DEBUG qt.scenegraph.time.renderloop: [window 0x7f48b5903e40][gui thread] polishAndSync: start, elapsed since last call: 3 ms
2026-07-14 19:24:11.350 DEBUG qt.scenegraph.time.renderloop: [window 0x7f48b5903e40][render thread 0x7f48b57a2c20] syncAndRender: start, elapsed since last call: 3 ms
2026-07-14 19:24:11.350 DEBUG qt.scenegraph.time.renderloop: [window 0x7f48b5903e40][gui thread] Frame prepared, polish=0 ms, lock=0 ms, blockedForSync=0 ms, animations=0 ms
2026-07-14 19:24:11.350 DEBUG qt.scenegraph.time.renderer: time in renderer: total=0ms, preprocess=0, updates=0, rendering=0
2026-07-14 19:24:11.350 DEBUG qt.scenegraph.time.renderloop: [window 0x7f48b5903e40][render thread 0x7f48b57a2c20] syncAndRender: frame rendered in 0ms, sync=0, render=0, swap=0
2026-07-14 19:24:11.380 DEBUG qt.scenegraph.time.renderloop: [window 0x7f48b5903e40][gui thread] polishAndSync: start, elapsed since last call: 30 ms
2026-07-14 19:24:11.380 DEBUG qt.scenegraph.time.renderloop: [window 0x7f48b5903e40][render thread 0x7f48b57a2c20] syncAndRender: start, elapsed since last call: 30 ms
2026-07-14 19:24:11.380 DEBUG qt.scenegraph.time.renderloop: [window 0x7f48b5903e40][gui thread] Frame prepared, polish=0 ms, lock=0 ms, blockedForSync=0 ms, animations=0 ms
2026-07-14 19:24:11.380 DEBUG qt.scenegraph.time.renderer: time in renderer: total=0ms, preprocess=0, updates=0, rendering=0
2026-07-14 19:24:11.381 DEBUG qt.scenegraph.time.renderloop: [window 0x7f48b5903e40][render thread 0x7f48b57a2c20] syncAndRender: frame rendered in 0ms, sync=0, render=0, swap=0
2026-07-14 19:24:11.381 DEBUG qt.scenegraph.time.renderloop: [window 0x7f48b5903e40][gui thread] polishAndSync: start, elapsed since last call: 1 ms
2026-07-14 19:24:11.381 DEBUG qt.scenegraph.time.renderloop: [window 0x7f48b5903e40][render thread 0x7f48b57a2c20] syncAndRender: start, elapsed since last call: 0 ms
2026-07-14 19:24:11.381 DEBUG qt.scenegraph.time.renderloop: [window 0x7f48b5903e40][gui thread] Frame prepared, polish=0 ms, lock=0 ms, blockedForSync=0 ms, animations=0 ms
2026-07-14 19:24:11.381 DEBUG qt.scenegraph.time.renderer: time in renderer: total=0ms, preprocess=0, updates=0, rendering=0
2026-07-14 19:24:11.381 DEBUG qt.scenegraph.time.renderloop: [window 0x7f48b5903e40][render thread 0x7f48b57a2c20] syncAndRender: frame rendered in 0ms, sync=0, render=0, swap=0
2026-07-14 19:24:11.413 DEBUG qt.scenegraph.time.renderloop: [window 0x7f48b5903e40][gui thread] polishAndSync: start, elapsed since last call: 31 ms
2026-07-14 19:24:11.413 DEBUG qt.scenegraph.time.renderloop: [window 0x7f48b5903e40][render thread 0x7f48b57a2c20] syncAndRender: start, elapsed since last call: 31 ms
2026-07-14 19:24:11.413 DEBUG qt.scenegraph.time.renderloop: [window 0x7f48b5903e40][gui thread] Frame prepared, polish=0 ms, lock=0 ms, blockedForSync=0 ms, animations=0 ms
2026-07-14 19:24:11.413 DEBUG qt.scenegraph.time.renderer: time in renderer: total=0ms, preprocess=0, updates=0, rendering=0
2026-07-14 19:24:11.413 DEBUG qt.scenegraph.time.renderloop: [window 0x7f48b5903e40][render thread 0x7f48b57a2c20] syncAndRender: frame rendered in 0ms, sync=0, render=0, swap=0
2026-07-14 19:24:11.414 DEBUG qt.scenegraph.time.renderloop: [window 0x7f48b5903e40][gui thread] polishAndSync: start, elapsed since last call: 1 ms
2026-07-14 19:24:11.414 DEBUG qt.scenegraph.time.renderloop: [window 0x7f48b5903e40][render thread 0x7f48b57a2c20] syncAndRender: start, elapsed since last call: 0 ms
2026-07-14 19:24:11.414 DEBUG qt.scenegraph.time.renderloop: [window 0x7f48b5903e40][gui thread] Frame prepared, polish=0 ms, lock=0 ms, blockedForSync=0 ms, animations=0 ms
2026-07-14 19:24:11.414 DEBUG qt.scenegraph.time.renderer: time in renderer: total=0ms, preprocess=0, updates=0, rendering=0
2026-07-14 19:24:11.414 DEBUG qt.scenegraph.time.renderloop: [window 0x7f48b5903e40][render thread 0x7f48b57a2c20] syncAndRender: frame rendered in 0ms, sync=0, render=0, swap=0
2026-07-14 19:24:11.445 DEBUG qt.scenegraph.time.renderloop: [window 0x7f48b5903e40][gui thread] polishAndSync: start, elapsed since last call: 31 ms
2026-07-14 19:24:11.446 DEBUG qt.scenegraph.time.renderloop: [window 0x7f48b5903e40][render thread 0x7f48b57a2c20] syncAndRender: start, elapsed since last call: 31 ms
2026-07-14 19:24:11.446 DEBUG qt.scenegraph.time.renderloop: [window 0x7f48b5903e40][gui thread] Frame prepared, polish=0 ms, lock=0 ms, blockedForSync=0 ms, animations=0 ms
2026-07-14 19:24:11.446 DEBUG qt.scenegraph.time.renderer: time in renderer: total=0ms, preprocess=0, updates=0, rendering=0
2026-07-14 19:24:11.446 DEBUG qt.scenegraph.time.renderloop: [window 0x7f48b5903e40][render thread 0x7f48b57a2c20] syncAndRender: frame rendered in 0ms, sync=0, render=0, swap=0
2026-07-14 19:24:11.446 DEBUG qt.scenegraph.time.renderloop: [window 0x7f48b5903e40][gui thread] polishAndSync: start, elapsed since last call: 1 ms
2026-07-14 19:24:11.446 DEBUG qt.scenegraph.time.renderloop: [window 0x7f48b5903e40][render thread 0x7f48b57a2c20] syncAndRender: start, elapsed since last call: 0 ms
2026-07-14 19:24:11.446 DEBUG qt.scenegraph.time.renderloop: [window 0x7f48b5903e40][gui thread] Frame prepared, polish=0 ms, lock=0 ms, blockedForSync=0 ms, animations=0 ms
2026-07-14 19:24:11.446 DEBUG qt.scenegraph.time.renderer: time in renderer: total=0ms, preprocess=0, updates=0, rendering=0
2026-07-14 19:24:11.447 DEBUG qt.scenegraph.time.renderloop: [window 0x7f48b5903e40][render thread 0x7f48b57a2c20] syncAndRender: frame rendered in 0ms, sync=0, render=0, swap=0
2026-07-14 19:24:11.478 DEBUG qt.scenegraph.time.renderloop: [window 0x7f48b5903e40][gui thread] polishAndSync: start, elapsed since last call: 31 ms
2026-07-14 19:24:11.479 DEBUG qt.scenegraph.time.renderloop: [window 0x7f48b5903e40][render thread 0x7f48b57a2c20] syncAndRender: start, elapsed since last call: 32 ms
2026-07-14 19:24:11.479 DEBUG qt.scenegraph.time.renderloop: [window 0x7f48b5903e40][gui thread] Frame prepared, polish=0 ms, lock=0 ms, blockedForSync=0 ms, animations=0 ms
2026-07-14 19:24:11.479 DEBUG qt.scenegraph.time.renderer: time in renderer: total=0ms, preprocess=0, updates=0, rendering=0
2026-07-14 19:24:11.479 DEBUG qt.scenegraph.time.renderloop: [window 0x7f48b5903e40][render thread 0x7f48b57a2c20] syncAndRender: frame rendered in 0ms, sync=0, render=0, swap=0
2026-07-14 19:24:11.479 DEBUG qt.scenegraph.time.renderloop: [window 0x7f48b5903e40][gui thread] polishAndSync: start, elapsed since last call: 0 ms
2026-07-14 19:24:11.479 DEBUG qt.scenegraph.time.renderloop: [window 0x7f48b5903e40][render thread 0x7f48b57a2c20] syncAndRender: start, elapsed since last call: 0 ms
2026-07-14 19:24:11.479 DEBUG qt.scenegraph.time.renderloop: [window 0x7f48b5903e40][gui thread] Frame prepared, polish=0 ms, lock=0 ms, blockedForSync=0 ms, animations=0 ms
2026-07-14 19:24:11.479 DEBUG qt.scenegraph.time.renderer: time in renderer: total=0ms, preprocess=0, updates=0, rendering=0
2026-07-14 19:24:11.480 DEBUG qt.scenegraph.time.renderloop: [window 0x7f48b5903e40][render thread 0x7f48b57a2c20] syncAndRender: frame rendered in 0ms, sync=0, render=0, swap=0
2026-07-14 19:24:11.511 DEBUG qt.scenegraph.time.renderloop: [window 0x7f48b5903e40][gui thread] polishAndSync: start, elapsed since last call: 31 ms
2026-07-14 19:24:11.511 DEBUG qt.scenegraph.time.renderloop: [window 0x7f48b5903e40][render thread 0x7f48b57a2c20] syncAndRender: start, elapsed since last call: 31 ms
2026-07-14 19:24:11.511 DEBUG qt.scenegraph.time.renderloop: [window 0x7f48b5903e40][gui thread] Frame prepared, polish=0 ms, lock=0 ms, blockedForSync=0 ms, animations=0 ms
2026-07-14 19:24:11.511 DEBUG qt.scenegraph.time.renderer: time in renderer: total=0ms, preprocess=0, updates=0, rendering=0
2026-07-14 19:24:11.511 DEBUG qt.scenegraph.time.renderloop: [window 0x7f48b5903e40][render thread 0x7f48b57a2c20] syncAndRender: frame rendered in 0ms, sync=0, render=0, swap=0
2026-07-14 19:24:11.516 DEBUG qt.scenegraph.time.renderloop: [window 0x7f48b5903e40][gui thread] polishAndSync: start, elapsed since last call: 5 ms
2026-07-14 19:24:11.516 DEBUG qt.scenegraph.time.renderloop: [window 0x7f48b5903e40][render thread 0x7f48b57a2c20] syncAndRender: start, elapsed since last call: 5 ms
2026-07-14 19:24:11.517 DEBUG qt.scenegraph.time.renderloop: [window 0x7f48b5903e40][gui thread] Frame prepared, polish=0 ms, lock=0 ms, blockedForSync=0 ms, animations=0 ms
2026-07-14 19:24:11.517 DEBUG qt.scenegraph.time.renderer: time in renderer: total=0ms, preprocess=0, updates=0, rendering=0
2026-07-14 19:24:11.517 DEBUG qt.scenegraph.time.renderloop: [window 0x7f48b5903e40][render thread 0x7f48b57a2c20] syncAndRender: frame rendered in 0ms, sync=0, render=0, swap=0
2026-07-14 19:24:11.545 DEBUG qt.scenegraph.time.renderloop: [window 0x7f48b5903e40][gui thread] polishAndSync: start, elapsed since last call: 28 ms
2026-07-14 19:24:11.545 DEBUG qt.scenegraph.time.renderloop: [window 0x7f48b5903e40][render thread 0x7f48b57a2c20] syncAndRender: start, elapsed since last call: 28 ms
2026-07-14 19:24:11.545 DEBUG qt.scenegraph.time.renderloop: [window 0x7f48b5903e40][gui thread] Frame prepared, polish=0 ms, lock=0 ms, blockedForSync=0 ms, animations=0 ms
2026-07-14 19:24:11.545 DEBUG qt.scenegraph.time.renderer: time in renderer: total=0ms, preprocess=0, updates=0, rendering=0
2026-07-14 19:24:11.545 DEBUG qt.scenegraph.time.renderloop: [window 0x7f48b5903e40][render thread 0x7f48b57a2c20] syncAndRender: frame rendered in 0ms, sync=0, render=0, swap=0
2026-07-14 19:24:11.546 DEBUG qt.scenegraph.time.renderloop: [window 0x7f48b5903e40][gui thread] polishAndSync: start, elapsed since last call: 1 ms
2026-07-14 19:24:11.546 DEBUG qt.scenegraph.time.renderloop: [window 0x7f48b5903e40][render thread 0x7f48b57a2c20] syncAndRender: start, elapsed since last call: 0 ms
2026-07-14 19:24:11.546 DEBUG qt.scenegraph.time.renderloop: [window 0x7f48b5903e40][gui thread] Frame prepared, polish=0 ms, lock=0 ms, blockedForSync=0 ms, animations=0 ms
2026-07-14 19:24:11.546 DEBUG qt.scenegraph.time.renderer: time in renderer: total=0ms, preprocess=0, updates=0, rendering=0
2026-07-14 19:24:11.546 DEBUG qt.scenegraph.time.renderloop: [window 0x7f48b5903e40][render thread 0x7f48b57a2c20] syncAndRender: frame rendered in 0ms, sync=0, render=0, swap=0
2026-07-14 19:24:11.577 DEBUG qt.scenegraph.time.renderloop: [window 0x7f48b5903e40][gui thread] polishAndSync: start, elapsed since last call: 31 ms
2026-07-14 19:24:11.578 DEBUG qt.scenegraph.time.renderloop: [window 0x7f48b5903e40][render thread 0x7f48b57a2c20] syncAndRender: start, elapsed since last call: 31 ms
2026-07-14 19:24:11.578 DEBUG qt.scenegraph.time.renderloop: [window 0x7f48b5903e40][gui thread] Frame prepared, polish=0 ms, lock=0 ms, blockedForSync=0 ms, animations=0 ms
2026-07-14 19:24:11.578 DEBUG qt.scenegraph.time.renderer: time in renderer: total=0ms, preprocess=0, updates=0, rendering=0
2026-07-14 19:24:11.578 DEBUG qt.scenegraph.time.renderloop: [window 0x7f48b5903e40][render thread 0x7f48b57a2c20] syncAndRender: frame rendered in 0ms, sync=0, render=0, swap=0
2026-07-14 19:24:11.578 DEBUG qt.scenegraph.time.renderloop: [window 0x7f48b5903e40][gui thread] polishAndSync: start, elapsed since last call: 0 ms
2026-07-14 19:24:11.578 DEBUG qt.scenegraph.time.renderloop: [window 0x7f48b5903e40][render thread 0x7f48b57a2c20] syncAndRender: start, elapsed since last call: 0 ms
2026-07-14 19:24:11.578 DEBUG qt.scenegraph.time.renderloop: [window 0x7f48b5903e40][gui thread] Frame prepared, polish=0 ms, lock=0 ms, blockedForSync=0 ms, animations=0 ms
2026-07-14 19:24:11.578 DEBUG qt.scenegraph.time.renderer: time in renderer: total=0ms, preprocess=0, updates=0, rendering=0
2026-07-14 19:24:11.579 DEBUG qt.scenegraph.time.renderloop: [window 0x7f48b5903e40][render thread 0x7f48b57a2c20] syncAndRender: frame rendered in 0ms, sync=0, render=0, swap=0
2026-07-14 19:24:11.610 DEBUG qt.scenegraph.time.renderloop: [window 0x7f48b5903e40][gui thread] polishAndSync: start, elapsed since last call: 31 ms
2026-07-14 19:24:11.611 DEBUG qt.scenegraph.time.renderloop: [window 0x7f48b5903e40][render thread 0x7f48b57a2c20] syncAndRender: start, elapsed since last call: 32 ms
2026-07-14 19:24:11.611 DEBUG qt.scenegraph.time.renderloop: [window 0x7f48b5903e40][gui thread] Frame prepared, polish=0 ms, lock=0 ms, blockedForSync=0 ms, animations=0 ms
2026-07-14 19:24:11.611 DEBUG qt.scenegraph.time.renderer: time in renderer: total=0ms, preprocess=0, updates=0, rendering=0
2026-07-14 19:24:11.611 DEBUG qt.scenegraph.time.renderloop: [window 0x7f48b5903e40][render thread 0x7f48b57a2c20] syncAndRender: frame rendered in 0ms, sync=0, render=0, swap=0
2026-07-14 19:24:11.611 DEBUG qt.scenegraph.time.renderloop: [window 0x7f48b5903e40][gui thread] polishAndSync: start, elapsed since last call: 1 ms
2026-07-14 19:24:11.611 DEBUG qt.scenegraph.time.renderloop: [window 0x7f48b5903e40][render thread 0x7f48b57a2c20] syncAndRender: start, elapsed since last call: 0 ms
2026-07-14 19:24:11.611 DEBUG qt.scenegraph.time.renderloop: [window 0x7f48b5903e40][gui thread] Frame prepared, polish=0 ms, lock=0 ms, blockedForSync=0 ms, animations=0 ms
2026-07-14 19:24:11.612 DEBUG qt.scenegraph.time.renderer: time in renderer: total=0ms, preprocess=0, updates=0, rendering=0
2026-07-14 19:24:11.612 DEBUG qt.scenegraph.time.renderloop: [window 0x7f48b5903e40][render thread 0x7f48b57a2c20] syncAndRender: frame rendered in 0ms, sync=0, render=0, swap=0
2026-07-14 19:24:11.643 DEBUG qt.scenegraph.time.renderloop: [window 0x7f48b5903e40][gui thread] polishAndSync: start, elapsed since last call: 31 ms
2026-07-14 19:24:11.643 DEBUG qt.scenegraph.time.renderloop: [window 0x7f48b5903e40][render thread 0x7f48b57a2c20] syncAndRender: start, elapsed since last call: 31 ms
2026-07-14 19:24:11.643 DEBUG qt.scenegraph.time.renderloop: [window 0x7f48b5903e40][gui thread] Frame prepared, polish=0 ms, lock=0 ms, blockedForSync=0 ms, animations=0 ms
2026-07-14 19:24:11.643 DEBUG qt.scenegraph.time.renderer: time in renderer: total=0ms, preprocess=0, updates=0, rendering=0
2026-07-14 19:24:11.644 DEBUG qt.scenegraph.time.renderloop: [window 0x7f48b5903e40][render thread 0x7f48b57a2c20] syncAndRender: frame rendered in 0ms, sync=0, render=0, swap=0
2026-07-14 19:24:11.644 DEBUG qt.scenegraph.time.renderloop: [window 0x7f48b5903e40][gui thread] polishAndSync: start, elapsed since last call: 1 ms
2026-07-14 19:24:11.644 DEBUG qt.scenegraph.time.renderloop: [window 0x7f48b5903e40][render thread 0x7f48b57a2c20] syncAndRender: start, elapsed since last call: 0 ms
2026-07-14 19:24:11.644 DEBUG qt.scenegraph.time.renderloop: [window 0x7f48b5903e40][gui thread] Frame prepared, polish=0 ms, lock=0 ms, blockedForSync=0 ms, animations=0 ms
2026-07-14 19:24:11.644 DEBUG qt.scenegraph.time.renderer: time in renderer: total=0ms, preprocess=0, updates=0, rendering=0
2026-07-14 19:24:11.644 DEBUG qt.scenegraph.time.renderloop: [window 0x7f48b5903e40][render thread 0x7f48b57a2c20] syncAndRender: frame rendered in 0ms, sync=0, render=0, swap=0
2026-07-14 19:24:11.677 DEBUG qt.scenegraph.time.renderloop: [window 0x7f48b5903e40][gui thread] polishAndSync: start, elapsed since last call: 32 ms
2026-07-14 19:24:11.677 DEBUG qt.scenegraph.time.renderloop: [window 0x7f48b5903e40][render thread 0x7f48b57a2c20] syncAndRender: start, elapsed since last call: 33 ms
2026-07-14 19:24:11.677 DEBUG qt.scenegraph.time.renderloop: [window 0x7f48b5903e40][gui thread] Frame prepared, polish=0 ms, lock=0 ms, blockedForSync=0 ms, animations=0 ms
2026-07-14 19:24:11.677 DEBUG qt.scenegraph.time.renderer: time in renderer: total=0ms, preprocess=0, updates=0, rendering=0
2026-07-14 19:24:11.677 DEBUG qt.scenegraph.time.renderloop: [window 0x7f48b5903e40][render thread 0x7f48b57a2c20] syncAndRender: frame rendered in 0ms, sync=0, render=0, swap=0
2026-07-14 19:24:11.683 DEBUG qt.scenegraph.time.renderloop: [window 0x7f48b5903e40][gui thread] polishAndSync: start, elapsed since last call: 6 ms
2026-07-14 19:24:11.683 DEBUG qt.scenegraph.time.renderloop: [window 0x7f48b5903e40][render thread 0x7f48b57a2c20] syncAndRender: start, elapsed since last call: 6 ms
2026-07-14 19:24:11.683 DEBUG qt.scenegraph.time.renderloop: [window 0x7f48b5903e40][gui thread] Frame prepared, polish=0 ms, lock=0 ms, blockedForSync=0 ms, animations=0 ms
2026-07-14 19:24:11.683 DEBUG qt.scenegraph.time.renderer: time in renderer: total=0ms, preprocess=0, updates=0, rendering=0
2026-07-14 19:24:11.684 DEBUG qt.scenegraph.time.renderloop: [window 0x7f48b5903e40][render thread 0x7f48b57a2c20] syncAndRender: frame rendered in 0ms, sync=0, render=0, swap=0
2026-07-14 19:24:11.709 DEBUG qt.scenegraph.time.renderloop: [window 0x7f48b5903e40][gui thread] polishAndSync: start, elapsed since last call: 26 ms
2026-07-14 19:24:11.710 DEBUG qt.scenegraph.time.renderloop: [window 0x7f48b5903e40][render thread 0x7f48b57a2c20] syncAndRender: start, elapsed since last call: 26 ms
2026-07-14 19:24:11.710 DEBUG qt.scenegraph.time.renderloop: [window 0x7f48b5903e40][gui thread] Frame prepared, polish=0 ms, lock=0 ms, blockedForSync=0 ms, animations=0 ms
2026-07-14 19:24:11.710 DEBUG qt.scenegraph.time.renderer: time in renderer: total=0ms, preprocess=0, updates=0, rendering=0
2026-07-14 19:24:11.710 DEBUG qt.scenegraph.time.renderloop: [window 0x7f48b5903e40][render thread 0x7f48b57a2c20] syncAndRender: frame rendered in 0ms, sync=0, render=0, swap=0
2026-07-14 19:24:11.710 DEBUG qt.scenegraph.time.renderloop: [window 0x7f48b5903e40][gui thread] polishAndSync: start, elapsed since last call: 0 ms
2026-07-14 19:24:11.710 DEBUG qt.scenegraph.time.renderloop: [window 0x7f48b5903e40][render thread 0x7f48b57a2c20] syncAndRender: start, elapsed since last call: 0 ms
2026-07-14 19:24:11.710 DEBUG qt.scenegraph.time.renderloop: [window 0x7f48b5903e40][gui thread] Frame prepared, polish=0 ms, lock=0 ms, blockedForSync=0 ms, animations=0 ms
2026-07-14 19:24:11.710 DEBUG qt.scenegraph.time.renderer: time in renderer: total=0ms, preprocess=0, updates=0, rendering=0
2026-07-14 19:24:11.711 DEBUG qt.scenegraph.time.renderloop: [window 0x7f48b5903e40][render thread 0x7f48b57a2c20] syncAndRender: frame rendered in 0ms, sync=0, render=0, swap=0
2026-07-14 19:24:11.727 DEBUG qt.scenegraph.time.renderloop: [window 0x7f48b5903e40][gui thread] polishAndSync: start, elapsed since last call: 16 ms
2026-07-14 19:24:11.727 DEBUG qt.scenegraph.time.renderloop: [window 0x7f48b5903e40][render thread 0x7f48b57a2c20] syncAndRender: start, elapsed since last call: 16 ms
2026-07-14 19:24:11.727 DEBUG qt.scenegraph.time.renderloop: [window 0x7f48b5903e40][gui thread] Frame prepared, polish=0 ms, lock=0 ms, blockedForSync=0 ms, animations=0 ms
2026-07-14 19:24:11.727 DEBUG qt.scenegraph.time.renderloop: [window 0x7f48b3b9a3d0][gui thread] polishAndSync: start, elapsed since last call: 599 ms
2026-07-14 19:24:11.727 DEBUG qt.scenegraph.time.renderloop: [window 0x7f48b3b9a3d0][render thread 0x7f48d880cd60] syncAndRender: start, elapsed since last call: 599 ms
2026-07-14 19:24:11.727 DEBUG qt.scenegraph.time.renderloop: [window 0x7f48b3b9a3d0][gui thread] Frame prepared, polish=0 ms, lock=0 ms, blockedForSync=0 ms, animations=0 ms
2026-07-14 19:24:11.727 DEBUG qt.scenegraph.time.glyph: distancefield: 1 glyphs prepared in 0ms, rendering=0, upload=0
2026-07-14 19:24:11.727 DEBUG qt.scenegraph.time.renderer: time in renderer: total=0ms, preprocess=0, updates=0, rendering=0
2026-07-14 19:24:11.727 DEBUG qt.scenegraph.time.renderer: time in renderer: total=0ms, preprocess=0, updates=0, rendering=0
2026-07-14 19:24:11.727 DEBUG qt.scenegraph.time.renderloop: [window 0x7f48b3b9a3d0][render thread 0x7f48d880cd60] syncAndRender: frame rendered in 0ms, sync=0, render=0, swap=0
2026-07-14 19:24:11.727 DEBUG qt.scenegraph.time.renderloop: [window 0x7f48b5903e40][render thread 0x7f48b57a2c20] syncAndRender: frame rendered in 0ms, sync=0, render=0, swap=0
2026-07-14 19:24:11.733 DEBUG qt.scenegraph.time.renderloop: [window 0x7f48b5903e40][gui thread] polishAndSync: start, elapsed since last call: 6 ms
2026-07-14 19:24:11.733 DEBUG qt.scenegraph.time.renderloop: [window 0x7f48b5903e40][render thread 0x7f48b57a2c20] syncAndRender: start, elapsed since last call: 6 ms
2026-07-14 19:24:11.733 DEBUG qt.scenegraph.time.renderloop: [window 0x7f48b5903e40][gui thread] Frame prepared, polish=0 ms, lock=0 ms, blockedForSync=0 ms, animations=0 ms
2026-07-14 19:24:11.733 DEBUG qt.scenegraph.time.renderer: time in renderer: total=0ms, preprocess=0, updates=0, rendering=0
2026-07-14 19:24:11.734 DEBUG qt.scenegraph.time.renderloop: [window 0x7f48b5903e40][render thread 0x7f48b57a2c20] syncAndRender: frame rendered in 0ms, sync=0, render=0, swap=0
2026-07-14 19:24:11.739 DEBUG qt.scenegraph.time.renderloop: [window 0x7f48b5903e40][gui thread] polishAndSync: start, elapsed since last call: 5 ms
2026-07-14 19:24:11.739 DEBUG qt.scenegraph.time.renderloop: [window 0x7f48b5903e40][render thread 0x7f48b57a2c20] syncAndRender: start, elapsed since last call: 5 ms
2026-07-14 19:24:11.739 DEBUG qt.scenegraph.time.renderloop: [window 0x7f48b5903e40][gui thread] Frame prepared, polish=0 ms, lock=0 ms, blockedForSync=0 ms, animations=0 ms
2026-07-14 19:24:11.739 DEBUG qt.scenegraph.time.renderer: time in renderer: total=0ms, preprocess=0, updates=0, rendering=0
2026-07-14 19:24:11.739 DEBUG qt.scenegraph.time.renderloop: [window 0x7f48b5903e40][render thread 0x7f48b57a2c20] syncAndRender: frame rendered in 0ms, sync=0, render=0, swap=0
2026-07-14 19:24:11.746 DEBUG qt.scenegraph.time.renderloop: [window 0x7f48b5903e40][gui thread] polishAndSync: start, elapsed since last call: 6 ms
2026-07-14 19:24:11.746 DEBUG qt.scenegraph.time.renderloop: [window 0x7f48b5903e40][render thread 0x7f48b57a2c20] syncAndRender: start, elapsed since last call: 7 ms
2026-07-14 19:24:11.746 DEBUG qt.scenegraph.time.renderloop: [window 0x7f48b5903e40][gui thread] Frame prepared, polish=0 ms, lock=0 ms, blockedForSync=0 ms, animations=0 ms
2026-07-14 19:24:11.746 DEBUG qt.scenegraph.time.renderer: time in renderer: total=0ms, preprocess=0, updates=0, rendering=0
2026-07-14 19:24:11.747 DEBUG qt.scenegraph.time.renderloop: [window 0x7f48b5903e40][render thread 0x7f48b57a2c20] syncAndRender: frame rendered in 0ms, sync=0, render=0, swap=0
2026-07-14 19:24:11.753 DEBUG qt.scenegraph.time.renderloop: [window 0x7f48b5903e40][gui thread] polishAndSync: start, elapsed since last call: 7 ms
2026-07-14 19:24:11.753 DEBUG qt.scenegraph.time.renderloop: [window 0x7f48b5903e40][render thread 0x7f48b57a2c20] syncAndRender: start, elapsed since last call: 6 ms
2026-07-14 19:24:11.753 DEBUG qt.scenegraph.time.renderloop: [window 0x7f48b5903e40][gui thread] Frame prepared, polish=0 ms, lock=0 ms, blockedForSync=0 ms, animations=0 ms
2026-07-14 19:24:11.753 DEBUG qt.scenegraph.time.renderer: time in renderer: total=0ms, preprocess=0, updates=0, rendering=0
2026-07-14 19:24:11.753 DEBUG qt.scenegraph.time.renderloop: [window 0x7f48b5903e40][render thread 0x7f48b57a2c20] syncAndRender: frame rendered in 0ms, sync=0, render=0, swap=0
2026-07-14 19:24:11.760 DEBUG qt.scenegraph.time.renderloop: [window 0x7f48b5903e40][gui thread] polishAndSync: start, elapsed since last call: 6 ms
2026-07-14 19:24:11.760 DEBUG qt.scenegraph.time.renderloop: [window 0x7f48b5903e40][render thread 0x7f48b57a2c20] syncAndRender: start, elapsed since last call: 6 ms
2026-07-14 19:24:11.760 DEBUG qt.scenegraph.time.renderloop: [window 0x7f48b5903e40][gui thread] Frame prepared, polish=0 ms, lock=0 ms, blockedForSync=0 ms, animations=0 ms
2026-07-14 19:24:11.760 DEBUG qt.scenegraph.time.renderer: time in renderer: total=0ms, preprocess=0, updates=0, rendering=0
2026-07-14 19:24:11.760 DEBUG qt.scenegraph.time.renderloop: [window 0x7f48b5903e40][render thread 0x7f48b57a2c20] syncAndRender: frame rendered in 0ms, sync=0, render=0, swap=0
2026-07-14 19:24:11.767 DEBUG qt.scenegraph.time.renderloop: [window 0x7f48b5903e40][gui thread] polishAndSync: start, elapsed since last call: 6 ms
2026-07-14 19:24:11.767 DEBUG qt.scenegraph.time.renderloop: [window 0x7f48b5903e40][render thread 0x7f48b57a2c20] syncAndRender: start, elapsed since last call: 6 ms
2026-07-14 19:24:11.767 DEBUG qt.scenegraph.time.renderloop: [window 0x7f48b5903e40][gui thread] Frame prepared, polish=0 ms, lock=0 ms, blockedForSync=0 ms, animations=0 ms
2026-07-14 19:24:11.767 DEBUG qt.scenegraph.time.renderer: time in renderer: total=0ms, preprocess=0, updates=0, rendering=0
2026-07-14 19:24:11.767 DEBUG qt.scenegraph.time.renderloop: [window 0x7f48b5903e40][render thread 0x7f48b57a2c20] syncAndRender: frame rendered in 0ms, sync=0, render=0, swap=0
2026-07-14 19:24:11.774 DEBUG qt.scenegraph.time.renderloop: [window 0x7f48b5903e40][gui thread] polishAndSync: start, elapsed since last call: 6 ms
2026-07-14 19:24:11.774 DEBUG qt.scenegraph.time.renderloop: [window 0x7f48b5903e40][render thread 0x7f48b57a2c20] syncAndRender: start, elapsed since last call: 7 ms
2026-07-14 19:24:11.774 DEBUG qt.scenegraph.time.renderloop: [window 0x7f48b5903e40][gui thread] Frame prepared, polish=0 ms, lock=0 ms, blockedForSync=0 ms, animations=0 ms
2026-07-14 19:24:11.774 DEBUG qt.scenegraph.time.renderer: time in renderer: total=0ms, preprocess=0, updates=0, rendering=0
2026-07-14 19:24:11.774 DEBUG qt.scenegraph.time.renderloop: [window 0x7f48b5903e40][render thread 0x7f48b57a2c20] syncAndRender: frame rendered in 0ms, sync=0, render=0, swap=0
2026-07-14 19:24:11.781 DEBUG qt.scenegraph.time.renderloop: [window 0x7f48b5903e40][gui thread] polishAndSync: start, elapsed since last call: 6 ms
2026-07-14 19:24:11.781 DEBUG qt.scenegraph.time.renderloop: [window 0x7f48b5903e40][render thread 0x7f48b57a2c20] syncAndRender: start, elapsed since last call: 6 ms
2026-07-14 19:24:11.781 DEBUG qt.scenegraph.time.renderloop: [window 0x7f48b5903e40][gui thread] Frame prepared, polish=0 ms, lock=0 ms, blockedForSync=0 ms, animations=0 ms
2026-07-14 19:24:11.781 DEBUG qt.scenegraph.time.renderer: time in renderer: total=0ms, preprocess=0, updates=0, rendering=0
2026-07-14 19:24:11.781 DEBUG qt.scenegraph.time.renderloop: [window 0x7f48b5903e40][render thread 0x7f48b57a2c20] syncAndRender: frame rendered in 0ms, sync=0, render=0, swap=0
2026-07-14 19:24:11.788 DEBUG qt.scenegraph.time.renderloop: [window 0x7f48b5903e40][gui thread] polishAndSync: start, elapsed since last call: 6 ms
2026-07-14 19:24:11.788 DEBUG qt.scenegraph.time.renderloop: [window 0x7f48b5903e40][render thread 0x7f48b57a2c20] syncAndRender: start, elapsed since last call: 6 ms
2026-07-14 19:24:11.788 DEBUG qt.scenegraph.time.renderloop: [window 0x7f48b5903e40][gui thread] Frame prepared, polish=0 ms, lock=0 ms, blockedForSync=0 ms, animations=0 ms
2026-07-14 19:24:11.788 DEBUG qt.scenegraph.time.renderer: time in renderer: total=0ms, preprocess=0, updates=0, rendering=0
2026-07-14 19:24:11.788 DEBUG qt.scenegraph.time.renderloop: [window 0x7f48b5903e40][render thread 0x7f48b57a2c20] syncAndRender: frame rendered in 0ms, sync=0, render=0, swap=0
2026-07-14 19:24:11.794 DEBUG qt.scenegraph.time.renderloop: [window 0x7f48b5903e40][gui thread] polishAndSync: start, elapsed since last call: 6 ms
2026-07-14 19:24:11.794 DEBUG qt.scenegraph.time.renderloop: [window 0x7f48b5903e40][render thread 0x7f48b57a2c20] syncAndRender: start, elapsed since last call: 6 ms
2026-07-14 19:24:11.794 DEBUG qt.scenegraph.time.renderloop: [window 0x7f48b5903e40][gui thread] Frame prepared, polish=0 ms, lock=0 ms, blockedForSync=0 ms, animations=0 ms
2026-07-14 19:24:11.795 DEBUG qt.scenegraph.time.renderer: time in renderer: total=0ms, preprocess=0, updates=0, rendering=0
2026-07-14 19:24:11.795 DEBUG qt.scenegraph.time.renderloop: [window 0x7f48b5903e40][render thread 0x7f48b57a2c20] syncAndRender: frame rendered in 0ms, sync=0, render=0, swap=0
2026-07-14 19:24:11.801 DEBUG qt.scenegraph.time.renderloop: [window 0x7f48b5903e40][gui thread] polishAndSync: start, elapsed since last call: 6 ms
2026-07-14 19:24:11.802 DEBUG qt.scenegraph.time.renderloop: [window 0x7f48b5903e40][render thread 0x7f48b57a2c20] syncAndRender: start, elapsed since last call: 7 ms
2026-07-14 19:24:11.802 DEBUG qt.scenegraph.time.renderloop: [window 0x7f48b5903e40][gui thread] Frame prepared, polish=0 ms, lock=0 ms, blockedForSync=0 ms, animations=0 ms
2026-07-14 19:24:11.802 DEBUG qt.scenegraph.time.renderer: time in renderer: total=0ms, preprocess=0, updates=0, rendering=0
2026-07-14 19:24:11.802 DEBUG qt.scenegraph.time.renderloop: [window 0x7f48b5903e40][render thread 0x7f48b57a2c20] syncAndRender: frame rendered in 0ms, sync=0, render=0, swap=0
2026-07-14 19:24:11.808 DEBUG qt.scenegraph.time.renderloop: [window 0x7f48b5903e40][gui thread] polishAndSync: start, elapsed since last call: 6 ms
2026-07-14 19:24:11.808 DEBUG qt.scenegraph.time.renderloop: [window 0x7f48b5903e40][render thread 0x7f48b57a2c20] syncAndRender: start, elapsed since last call: 6 ms
2026-07-14 19:24:11.808 DEBUG qt.scenegraph.time.renderloop: [window 0x7f48b5903e40][gui thread] Frame prepared, polish=0 ms, lock=0 ms, blockedForSync=0 ms, animations=0 ms
2026-07-14 19:24:11.809 DEBUG qt.scenegraph.time.renderer: time in renderer: total=0ms, preprocess=0, updates=0, rendering=0
2026-07-14 19:24:11.809 DEBUG qt.scenegraph.time.renderloop: [window 0x7f48b5903e40][render thread 0x7f48b57a2c20] syncAndRender: frame rendered in 0ms, sync=0, render=0, swap=0
2026-07-14 19:24:11.815 DEBUG qt.scenegraph.time.renderloop: [window 0x7f48b5903e40][gui thread] polishAndSync: start, elapsed since last call: 6 ms
2026-07-14 19:24:11.815 DEBUG qt.scenegraph.time.renderloop: [window 0x7f48b5903e40][render thread 0x7f48b57a2c20] syncAndRender: start, elapsed since last call: 6 ms
2026-07-14 19:24:11.815 DEBUG qt.scenegraph.time.renderloop: [window 0x7f48b5903e40][gui thread] Frame prepared, polish=0 ms, lock=0 ms, blockedForSync=0 ms, animations=0 ms
2026-07-14 19:24:11.815 DEBUG qt.scenegraph.time.renderer: time in renderer: total=0ms, preprocess=0, updates=0, rendering=0
2026-07-14 19:24:11.816 DEBUG qt.scenegraph.time.renderloop: [window 0x7f48b5903e40][render thread 0x7f48b57a2c20] syncAndRender: frame rendered in 0ms, sync=0, render=0, swap=0
2026-07-14 19:24:11.822 DEBUG qt.scenegraph.time.renderloop: [window 0x7f48b5903e40][gui thread] polishAndSync: start, elapsed since last call: 6 ms
2026-07-14 19:24:11.822 DEBUG qt.scenegraph.time.renderloop: [window 0x7f48b5903e40][render thread 0x7f48b57a2c20] syncAndRender: start, elapsed since last call: 6 ms
2026-07-14 19:24:11.822 DEBUG qt.scenegraph.time.renderloop: [window 0x7f48b5903e40][gui thread] Frame prepared, polish=0 ms, lock=0 ms, blockedForSync=0 ms, animations=0 ms
2026-07-14 19:24:11.822 DEBUG qt.scenegraph.time.renderer: time in renderer: total=0ms, preprocess=0, updates=0, rendering=0
2026-07-14 19:24:11.823 DEBUG qt.scenegraph.time.renderloop: [window 0x7f48b5903e40][render thread 0x7f48b57a2c20] syncAndRender: frame rendered in 0ms, sync=0, render=0, swap=0
2026-07-14 19:24:11.829 DEBUG qt.scenegraph.time.renderloop: [window 0x7f48b5903e40][gui thread] polishAndSync: start, elapsed since last call: 6 ms
2026-07-14 19:24:11.830 DEBUG qt.scenegraph.time.renderloop: [window 0x7f48b5903e40][render thread 0x7f48b57a2c20] syncAndRender: start, elapsed since last call: 7 ms
2026-07-14 19:24:11.830 DEBUG qt.scenegraph.time.renderloop: [window 0x7f48b5903e40][gui thread] Frame prepared, polish=0 ms, lock=0 ms, blockedForSync=0 ms, animations=0 ms
2026-07-14 19:24:11.830 DEBUG qt.scenegraph.time.renderer: time in renderer: total=0ms, preprocess=0, updates=0, rendering=0
2026-07-14 19:24:11.830 DEBUG qt.scenegraph.time.renderloop: [window 0x7f48b5903e40][render thread 0x7f48b57a2c20] syncAndRender: frame rendered in 0ms, sync=0, render=0, swap=0
2026-07-14 19:24:11.836 DEBUG qt.scenegraph.time.renderloop: [window 0x7f48b5903e40][gui thread] polishAndSync: start, elapsed since last call: 6 ms
2026-07-14 19:24:11.836 DEBUG qt.scenegraph.time.renderloop: [window 0x7f48b5903e40][render thread 0x7f48b57a2c20] syncAndRender: start, elapsed since last call: 6 ms
2026-07-14 19:24:11.836 DEBUG qt.scenegraph.time.renderloop: [window 0x7f48b5903e40][gui thread] Frame prepared, polish=0 ms, lock=0 ms, blockedForSync=0 ms, animations=0 ms
2026-07-14 19:24:11.836 DEBUG qt.scenegraph.time.renderer: time in renderer: total=0ms, preprocess=0, updates=0, rendering=0
2026-07-14 19:24:11.837 DEBUG qt.scenegraph.time.renderloop: [window 0x7f48b5903e40][render thread 0x7f48b57a2c20] syncAndRender: frame rendered in 0ms, sync=0, render=0, swap=0
2026-07-14 19:24:11.843 DEBUG qt.scenegraph.time.renderloop: [window 0x7f48b5903e40][gui thread] polishAndSync: start, elapsed since last call: 7 ms
2026-07-14 19:24:11.843 DEBUG qt.scenegraph.time.renderloop: [window 0x7f48b5903e40][render thread 0x7f48b57a2c20] syncAndRender: start, elapsed since last call: 7 ms
2026-07-14 19:24:11.843 DEBUG qt.scenegraph.time.renderloop: [window 0x7f48b5903e40][gui thread] Frame prepared, polish=0 ms, lock=0 ms, blockedForSync=0 ms, animations=0 ms
2026-07-14 19:24:11.843 DEBUG qt.scenegraph.time.renderer: time in renderer: total=0ms, preprocess=0, updates=0, rendering=0
2026-07-14 19:24:11.844 DEBUG qt.scenegraph.time.renderloop: [window 0x7f48b5903e40][render thread 0x7f48b57a2c20] syncAndRender: frame rendered in 0ms, sync=0, render=0, swap=0
2026-07-14 19:24:11.850 DEBUG qt.scenegraph.time.renderloop: [window 0x7f48b5903e40][gui thread] polishAndSync: start, elapsed since last call: 7 ms
2026-07-14 19:24:11.850 DEBUG qt.scenegraph.time.renderloop: [window 0x7f48b5903e40][render thread 0x7f48b57a2c20] syncAndRender: start, elapsed since last call: 7 ms
2026-07-14 19:24:11.850 DEBUG qt.scenegraph.time.renderloop: [window 0x7f48b5903e40][gui thread] Frame prepared, polish=0 ms, lock=0 ms, blockedForSync=0 ms, animations=0 ms
2026-07-14 19:24:11.851 DEBUG qt.scenegraph.time.renderer: time in renderer: total=0ms, preprocess=0, updates=0, rendering=0
2026-07-14 19:24:11.851 DEBUG qt.scenegraph.time.renderloop: [window 0x7f48b5903e40][render thread 0x7f48b57a2c20] syncAndRender: frame rendered in 0ms, sync=0, render=0, swap=0
2026-07-14 19:24:11.857 DEBUG qt.scenegraph.time.renderloop: [window 0x7f48b5903e40][gui thread] polishAndSync: start, elapsed since last call: 6 ms
2026-07-14 19:24:11.857 DEBUG qt.scenegraph.time.renderloop: [window 0x7f48b5903e40][render thread 0x7f48b57a2c20] syncAndRender: start, elapsed since last call: 6 ms
2026-07-14 19:24:11.857 DEBUG qt.scenegraph.time.renderloop: [window 0x7f48b5903e40][gui thread] Frame prepared, polish=0 ms, lock=0 ms, blockedForSync=0 ms, animations=0 ms
2026-07-14 19:24:11.857 DEBUG qt.scenegraph.time.renderer: time in renderer: total=0ms, preprocess=0, updates=0, rendering=0
2026-07-14 19:24:11.858 DEBUG qt.scenegraph.time.renderloop: [window 0x7f48b5903e40][render thread 0x7f48b57a2c20] syncAndRender: frame rendered in 0ms, sync=0, render=0, swap=0
2026-07-14 19:24:11.864 DEBUG qt.scenegraph.time.renderloop: [window 0x7f48b5903e40][gui thread] polishAndSync: start, elapsed since last call: 6 ms
2026-07-14 19:24:11.864 DEBUG qt.scenegraph.time.renderloop: [window 0x7f48b5903e40][render thread 0x7f48b57a2c20] syncAndRender: start, elapsed since last call: 7 ms
2026-07-14 19:24:11.864 DEBUG qt.scenegraph.time.renderloop: [window 0x7f48b5903e40][gui thread] Frame prepared, polish=0 ms, lock=0 ms, blockedForSync=0 ms, animations=0 ms
2026-07-14 19:24:11.864 DEBUG qt.scenegraph.time.renderer: time in renderer: total=0ms, preprocess=0, updates=0, rendering=0
2026-07-14 19:24:11.865 DEBUG qt.scenegraph.time.renderloop: [window 0x7f48b5903e40][render thread 0x7f48b57a2c20] syncAndRender: frame rendered in 0ms, sync=0, render=0, swap=0
2026-07-14 19:24:11.871 DEBUG qt.scenegraph.time.renderloop: [window 0x7f48b5903e40][gui thread] polishAndSync: start, elapsed since last call: 6 ms
2026-07-14 19:24:11.871 DEBUG qt.scenegraph.time.renderloop: [window 0x7f48b5903e40][render thread 0x7f48b57a2c20] syncAndRender: start, elapsed since last call: 6 ms
2026-07-14 19:24:11.871 DEBUG qt.scenegraph.time.renderloop: [window 0x7f48b5903e40][gui thread] Frame prepared, polish=0 ms, lock=0 ms, blockedForSync=0 ms, animations=0 ms
2026-07-14 19:24:11.871 DEBUG qt.scenegraph.time.renderloop: [window 0x7f48b5903e40][gui thread] polishAndSync: start, elapsed since last call: 0 ms
2026-07-14 19:24:11.871 DEBUG qt.scenegraph.time.renderer: time in renderer: total=0ms, preprocess=0, updates=0, rendering=0
2026-07-14 19:24:11.871 DEBUG qt.scenegraph.time.renderloop: [window 0x7f48b5903e40][render thread 0x7f48b57a2c20] syncAndRender: frame rendered in 0ms, sync=0, render=0, swap=0
2026-07-14 19:24:11.871 DEBUG qt.scenegraph.time.renderloop: [window 0x7f48b5903e40][render thread 0x7f48b57a2c20] syncAndRender: start, elapsed since last call: 0 ms
2026-07-14 19:24:11.871 DEBUG qt.scenegraph.time.renderloop: [window 0x7f48b5903e40][gui thread] Frame prepared, polish=0 ms, lock=0 ms, blockedForSync=0 ms, animations=0 ms
2026-07-14 19:24:11.871 DEBUG qt.scenegraph.time.renderer: time in renderer: total=0ms, preprocess=0, updates=0, rendering=0
2026-07-14 19:24:11.878 DEBUG qt.scenegraph.time.renderloop: [window 0x7f48b5903e40][gui thread] polishAndSync: start, elapsed since last call: 6 ms
2026-07-14 19:24:11.878 DEBUG qt.scenegraph.time.renderloop: [window 0x7f48b5903e40][render thread 0x7f48b57a2c20] syncAndRender: frame rendered in 6ms, sync=0, render=0, swap=6
2026-07-14 19:24:11.878 DEBUG qt.scenegraph.time.renderloop: [window 0x7f48b5903e40][render thread 0x7f48b57a2c20] syncAndRender: start, elapsed since last call: 6 ms
2026-07-14 19:24:11.878 DEBUG qt.scenegraph.time.renderloop: [window 0x7f48b5903e40][gui thread] Frame prepared, polish=0 ms, lock=0 ms, blockedForSync=0 ms, animations=0 ms
2026-07-14 19:24:11.878 DEBUG qt.scenegraph.time.renderer: time in renderer: total=0ms, preprocess=0, updates=0, rendering=0
2026-07-14 19:24:11.885 DEBUG qt.scenegraph.time.renderloop: [window 0x7f48b5903e40][gui thread] polishAndSync: start, elapsed since last call: 6 ms
2026-07-14 19:24:11.885 DEBUG qt.scenegraph.time.renderloop: [window 0x7f48b5903e40][render thread 0x7f48b57a2c20] syncAndRender: frame rendered in 6ms, sync=0, render=0, swap=6
2026-07-14 19:24:11.885 DEBUG qt.scenegraph.time.renderloop: [window 0x7f48b5903e40][render thread 0x7f48b57a2c20] syncAndRender: start, elapsed since last call: 7 ms
2026-07-14 19:24:11.885 DEBUG qt.scenegraph.time.renderloop: [window 0x7f48b5903e40][gui thread] Frame prepared, polish=0 ms, lock=0 ms, blockedForSync=0 ms, animations=0 ms
2026-07-14 19:24:11.885 DEBUG qt.scenegraph.time.renderer: time in renderer: total=0ms, preprocess=0, updates=0, rendering=0
2026-07-14 19:24:11.892 DEBUG qt.scenegraph.time.renderloop: [window 0x7f48b5903e40][gui thread] polishAndSync: start, elapsed since last call: 7 ms
2026-07-14 19:24:11.892 DEBUG qt.scenegraph.time.renderloop: [window 0x7f48b5903e40][render thread 0x7f48b57a2c20] syncAndRender: frame rendered in 6ms, sync=0, render=0, swap=6
2026-07-14 19:24:11.892 DEBUG qt.scenegraph.time.renderloop: [window 0x7f48b5903e40][render thread 0x7f48b57a2c20] syncAndRender: start, elapsed since last call: 6 ms
2026-07-14 19:24:11.892 DEBUG qt.scenegraph.time.renderloop: [window 0x7f48b5903e40][gui thread] Frame prepared, polish=0 ms, lock=0 ms, blockedForSync=0 ms, animations=0 ms
2026-07-14 19:24:11.892 DEBUG qt.scenegraph.time.renderer: time in renderer: total=0ms, preprocess=0, updates=0, rendering=0
2026-07-14 19:24:11.899 DEBUG qt.scenegraph.time.renderloop: [window 0x7f48b5903e40][gui thread] polishAndSync: start, elapsed since last call: 6 ms
2026-07-14 19:24:11.899 DEBUG qt.scenegraph.time.renderloop: [window 0x7f48b5903e40][render thread 0x7f48b57a2c20] syncAndRender: frame rendered in 6ms, sync=0, render=0, swap=6
2026-07-14 19:24:11.899 DEBUG qt.scenegraph.time.renderloop: [window 0x7f48b5903e40][render thread 0x7f48b57a2c20] syncAndRender: start, elapsed since last call: 6 ms
2026-07-14 19:24:11.899 DEBUG qt.scenegraph.time.renderloop: [window 0x7f48b5903e40][gui thread] Frame prepared, polish=0 ms, lock=0 ms, blockedForSync=0 ms, animations=0 ms
2026-07-14 19:24:11.899 DEBUG qt.scenegraph.time.renderer: time in renderer: total=0ms, preprocess=0, updates=0, rendering=0
2026-07-14 19:24:11.906 DEBUG qt.scenegraph.time.renderloop: [window 0x7f48b5903e40][gui thread] polishAndSync: start, elapsed since last call: 6 ms
2026-07-14 19:24:11.906 DEBUG qt.scenegraph.time.renderloop: [window 0x7f48b5903e40][render thread 0x7f48b57a2c20] syncAndRender: frame rendered in 6ms, sync=0, render=0, swap=6
2026-07-14 19:24:11.906 DEBUG qt.scenegraph.time.renderloop: [window 0x7f48b5903e40][render thread 0x7f48b57a2c20] syncAndRender: start, elapsed since last call: 6 ms
2026-07-14 19:24:11.906 DEBUG qt.scenegraph.time.renderloop: [window 0x7f48b5903e40][gui thread] Frame prepared, polish=0 ms, lock=0 ms, blockedForSync=0 ms, animations=0 ms
2026-07-14 19:24:11.906 DEBUG qt.scenegraph.time.renderer: time in renderer: total=0ms, preprocess=0, updates=0, rendering=0
2026-07-14 19:24:11.913 DEBUG qt.scenegraph.time.renderloop: [window 0x7f48b5903e40][render thread 0x7f48b57a2c20] syncAndRender: frame rendered in 6ms, sync=0, render=0, swap=6
2026-07-14 19:24:11.927 DEBUG qt.scenegraph.time.renderloop: [window 0x7f48b5903e40][gui thread] polishAndSync: start, elapsed since last call: 20 ms
2026-07-14 19:24:11.927 DEBUG qt.scenegraph.time.renderloop: [window 0x7f48b5903e40][render thread 0x7f48b57a2c20] syncAndRender: start, elapsed since last call: 21 ms
2026-07-14 19:24:11.927 DEBUG qt.scenegraph.time.renderloop: [window 0x7f48b5903e40][gui thread] Frame prepared, polish=0 ms, lock=0 ms, blockedForSync=0 ms, animations=0 ms
2026-07-14 19:24:11.927 DEBUG qt.scenegraph.time.renderer: time in renderer: total=0ms, preprocess=0, updates=0, rendering=0
2026-07-14 19:24:11.927 DEBUG qt.scenegraph.time.renderloop: [window 0x7f48b5903e40][render thread 0x7f48b57a2c20] syncAndRender: frame rendered in 0ms, sync=0, render=0, swap=0
2026-07-14 19:24:11.933 DEBUG qt.scenegraph.time.renderloop: [window 0x7f48b5903e40][gui thread] polishAndSync: start, elapsed since last call: 6 ms
2026-07-14 19:24:11.933 DEBUG qt.scenegraph.time.renderloop: [window 0x7f48b5903e40][render thread 0x7f48b57a2c20] syncAndRender: start, elapsed since last call: 6 ms
2026-07-14 19:24:11.933 DEBUG qt.scenegraph.time.renderloop: [window 0x7f48b5903e40][gui thread] Frame prepared, polish=0 ms, lock=0 ms, blockedForSync=0 ms, animations=0 ms
2026-07-14 19:24:11.934 DEBUG qt.scenegraph.time.renderer: time in renderer: total=0ms, preprocess=0, updates=0, rendering=0
2026-07-14 19:24:11.934 DEBUG qt.scenegraph.time.renderloop: [window 0x7f48b5903e40][render thread 0x7f48b57a2c20] syncAndRender: frame rendered in 0ms, sync=0, render=0, swap=0
2026-07-14 19:24:11.960 DEBUG qt.scenegraph.time.renderloop: [window 0x7f48b5903e40][gui thread] polishAndSync: start, elapsed since last call: 27 ms
2026-07-14 19:24:11.961 DEBUG qt.scenegraph.time.renderloop: [window 0x7f48b5903e40][render thread 0x7f48b57a2c20] syncAndRender: start, elapsed since last call: 27 ms
2026-07-14 19:24:11.961 DEBUG qt.scenegraph.time.renderloop: [window 0x7f48b5903e40][gui thread] Frame prepared, polish=0 ms, lock=0 ms, blockedForSync=0 ms, animations=0 ms
2026-07-14 19:24:11.961 DEBUG qt.scenegraph.time.renderer: time in renderer: total=0ms, preprocess=0, updates=0, rendering=0
2026-07-14 19:24:11.961 DEBUG qt.scenegraph.time.renderloop: [window 0x7f48b5903e40][render thread 0x7f48b57a2c20] syncAndRender: frame rendered in 0ms, sync=0, render=0, swap=0
2026-07-14 19:24:11.968 DEBUG qt.scenegraph.time.renderloop: [window 0x7f48b5903e40][gui thread] polishAndSync: start, elapsed since last call: 7 ms
2026-07-14 19:24:11.968 DEBUG qt.scenegraph.time.renderloop: [window 0x7f48b5903e40][render thread 0x7f48b57a2c20] syncAndRender: start, elapsed since last call: 7 ms
2026-07-14 19:24:11.968 DEBUG qt.scenegraph.time.renderloop: [window 0x7f48b5903e40][gui thread] Frame prepared, polish=0 ms, lock=0 ms, blockedForSync=0 ms, animations=0 ms
2026-07-14 19:24:11.968 DEBUG qt.scenegraph.time.renderer: time in renderer: total=0ms, preprocess=0, updates=0, rendering=0
2026-07-14 19:24:11.969 DEBUG qt.scenegraph.time.renderloop: [window 0x7f48b5903e40][render thread 0x7f48b57a2c20] syncAndRender: frame rendered in 0ms, sync=0, render=0, swap=0
2026-07-14 19:24:11.993 DEBUG qt.scenegraph.time.renderloop: [window 0x7f48b5903e40][gui thread] polishAndSync: start, elapsed since last call: 25 ms
2026-07-14 19:24:11.994 DEBUG qt.scenegraph.time.renderloop: [window 0x7f48b5903e40][render thread 0x7f48b57a2c20] syncAndRender: start, elapsed since last call: 25 ms
2026-07-14 19:24:11.994 DEBUG qt.scenegraph.time.renderloop: [window 0x7f48b5903e40][gui thread] Frame prepared, polish=0 ms, lock=0 ms, blockedForSync=0 ms, animations=0 ms
2026-07-14 19:24:11.994 DEBUG qt.scenegraph.time.renderer: time in renderer: total=0ms, preprocess=0, updates=0, rendering=0
2026-07-14 19:24:11.994 DEBUG qt.scenegraph.time.renderloop: [window 0x7f48b5903e40][render thread 0x7f48b57a2c20] syncAndRender: frame rendered in 0ms, sync=0, render=0, swap=0
2026-07-14 19:24:11.996 DEBUG qt.scenegraph.time.renderloop: [window 0x7f48b5903e40][gui thread] polishAndSync: start, elapsed since last call: 2 ms
2026-07-14 19:24:11.996 DEBUG qt.scenegraph.time.renderloop: [window 0x7f48b5903e40][render thread 0x7f48b57a2c20] syncAndRender: start, elapsed since last call: 2 ms
2026-07-14 19:24:11.996 DEBUG qt.scenegraph.time.renderloop: [window 0x7f48b5903e40][gui thread] Frame prepared, polish=0 ms, lock=0 ms, blockedForSync=0 ms, animations=0 ms
2026-07-14 19:24:11.996 DEBUG qt.scenegraph.time.renderer: time in renderer: total=0ms, preprocess=0, updates=0, rendering=0
2026-07-14 19:24:11.996 DEBUG qt.scenegraph.time.renderloop: [window 0x7f48b5903e40][render thread 0x7f48b57a2c20] syncAndRender: frame rendered in 0ms, sync=0, render=0, swap=0
2026-07-14 19:24:12.026 DEBUG qt.scenegraph.time.renderloop: [window 0x7f48b5903e40][gui thread] polishAndSync: start, elapsed since last call: 30 ms
2026-07-14 19:24:12.029 DEBUG qt.scenegraph.time.renderloop: [window 0x7f48b5903e40][render thread 0x7f48b57a2c20] syncAndRender: start, elapsed since last call: 32 ms
2026-07-14 19:24:12.029 DEBUG qt.scenegraph.time.renderloop: [window 0x7f48b5903e40][gui thread] Frame prepared, polish=2 ms, lock=0 ms, blockedForSync=0 ms, animations=0 ms
2026-07-14 19:24:12.029 DEBUG qt.scenegraph.time.renderer: time in renderer: total=0ms, preprocess=0, updates=0, rendering=0
2026-07-14 19:24:12.029 DEBUG qt.scenegraph.time.renderloop: [window 0x7f48b5903e40][render thread 0x7f48b57a2c20] syncAndRender: frame rendered in 0ms, sync=0, render=0, swap=0
2026-07-14 19:24:12.031 DEBUG qt.scenegraph.time.renderloop: [window 0x7f48b5903e40][gui thread] polishAndSync: start, elapsed since last call: 4 ms
2026-07-14 19:24:12.031 DEBUG qt.scenegraph.time.renderloop: [window 0x7f48b5903e40][render thread 0x7f48b57a2c20] syncAndRender: start, elapsed since last call: 2 ms
2026-07-14 19:24:12.031 DEBUG qt.scenegraph.time.renderloop: [window 0x7f48b5903e40][gui thread] Frame prepared, polish=0 ms, lock=0 ms, blockedForSync=0 ms, animations=0 ms
2026-07-14 19:24:12.031 DEBUG qt.scenegraph.time.renderer: time in renderer: total=0ms, preprocess=0, updates=0, rendering=0
2026-07-14 19:24:12.031 DEBUG qt.scenegraph.time.renderloop: [window 0x7f48b5903e40][render thread 0x7f48b57a2c20] syncAndRender: frame rendered in 0ms, sync=0, render=0, swap=0
2026-07-14 19:24:12.059 DEBUG qt.scenegraph.time.renderloop: [window 0x7f48b5903e40][gui thread] polishAndSync: start, elapsed since last call: 28 ms
2026-07-14 19:24:12.060 DEBUG qt.scenegraph.time.renderloop: [window 0x7f48b5903e40][render thread 0x7f48b57a2c20] syncAndRender: start, elapsed since last call: 29 ms
2026-07-14 19:24:12.060 DEBUG qt.scenegraph.time.renderloop: [window 0x7f48b5903e40][gui thread] Frame prepared, polish=0 ms, lock=0 ms, blockedForSync=0 ms, animations=0 ms
2026-07-14 19:24:12.060 DEBUG qt.scenegraph.time.renderer: time in renderer: total=0ms, preprocess=0, updates=0, rendering=0
2026-07-14 19:24:12.060 DEBUG qt.scenegraph.time.renderloop: [window 0x7f48b5903e40][render thread 0x7f48b57a2c20] syncAndRender: frame rendered in 0ms, sync=0, render=0, swap=0
2026-07-14 19:24:12.065 DEBUG qt.scenegraph.time.renderloop: [window 0x7f48b5903e40][gui thread] polishAndSync: start, elapsed since last call: 6 ms
2026-07-14 19:24:12.065 DEBUG qt.scenegraph.time.renderloop: [window 0x7f48b5903e40][render thread 0x7f48b57a2c20] syncAndRender: start, elapsed since last call: 5 ms
2026-07-14 19:24:12.065 DEBUG qt.scenegraph.time.renderloop: [window 0x7f48b5903e40][gui thread] Frame prepared, polish=0 ms, lock=0 ms, blockedForSync=0 ms, animations=0 ms
2026-07-14 19:24:12.066 DEBUG qt.scenegraph.time.renderer: time in renderer: total=0ms, preprocess=0, updates=0, rendering=0
2026-07-14 19:24:12.066 DEBUG qt.scenegraph.time.renderloop: [window 0x7f48b5903e40][render thread 0x7f48b57a2c20] syncAndRender: frame rendered in 0ms, sync=0, render=0, swap=0
2026-07-14 19:24:12.092 DEBUG qt.scenegraph.time.renderloop: [window 0x7f48b5903e40][gui thread] polishAndSync: start, elapsed since last call: 26 ms
2026-07-14 19:24:12.092 DEBUG qt.scenegraph.time.renderloop: [window 0x7f48b5903e40][render thread 0x7f48b57a2c20] syncAndRender: start, elapsed since last call: 26 ms
2026-07-14 19:24:12.092 DEBUG qt.scenegraph.time.renderloop: [window 0x7f48b5903e40][gui thread] Frame prepared, polish=0 ms, lock=0 ms, blockedForSync=0 ms, animations=0 ms
2026-07-14 19:24:12.092 DEBUG qt.scenegraph.time.renderer: time in renderer: total=0ms, preprocess=0, updates=0, rendering=0
2026-07-14 19:24:12.092 DEBUG qt.scenegraph.time.renderloop: [window 0x7f48b5903e40][render thread 0x7f48b57a2c20] syncAndRender: frame rendered in 0ms, sync=0, render=0, swap=0
2026-07-14 19:24:12.093 DEBUG qt.scenegraph.time.renderloop: [window 0x7f48b5903e40][gui thread] polishAndSync: start, elapsed since last call: 1 ms
2026-07-14 19:24:12.093 DEBUG qt.scenegraph.time.renderloop: [window 0x7f48b5903e40][render thread 0x7f48b57a2c20] syncAndRender: start, elapsed since last call: 1 ms
2026-07-14 19:24:12.093 DEBUG qt.scenegraph.time.renderloop: [window 0x7f48b5903e40][gui thread] Frame prepared, polish=0 ms, lock=0 ms, blockedForSync=0 ms, animations=0 ms
2026-07-14 19:24:12.093 DEBUG qt.scenegraph.time.renderer: time in renderer: total=0ms, preprocess=0, updates=0, rendering=0
2026-07-14 19:24:12.094 DEBUG qt.scenegraph.time.renderloop: [window 0x7f48b5903e40][render thread 0x7f48b57a2c20] syncAndRender: frame rendered in 0ms, sync=0, render=0, swap=0
2026-07-14 19:24:12.125 DEBUG qt.scenegraph.time.renderloop: [window 0x7f48b5903e40][gui thread] polishAndSync: start, elapsed since last call: 32 ms
2026-07-14 19:24:12.126 DEBUG qt.scenegraph.time.renderloop: [window 0x7f48b5903e40][render thread 0x7f48b57a2c20] syncAndRender: start, elapsed since last call: 32 ms
2026-07-14 19:24:12.126 DEBUG qt.scenegraph.time.renderloop: [window 0x7f48b5903e40][gui thread] Frame prepared, polish=0 ms, lock=0 ms, blockedForSync=0 ms, animations=0 ms
2026-07-14 19:24:12.126 DEBUG qt.scenegraph.time.renderer: time in renderer: total=0ms, preprocess=0, updates=0, rendering=0
2026-07-14 19:24:12.126 DEBUG qt.scenegraph.time.renderloop: [window 0x7f48b5903e40][render thread 0x7f48b57a2c20] syncAndRender: frame rendered in 0ms, sync=0, render=0, swap=0
2026-07-14 19:24:12.128 DEBUG qt.scenegraph.time.renderloop: [window 0x7f48b5903e40][gui thread] polishAndSync: start, elapsed since last call: 2 ms
2026-07-14 19:24:12.128 DEBUG qt.scenegraph.time.renderloop: [window 0x7f48b5903e40][render thread 0x7f48b57a2c20] syncAndRender: start, elapsed since last call: 2 ms
2026-07-14 19:24:12.128 DEBUG qt.scenegraph.time.renderloop: [window 0x7f48b5903e40][gui thread] Frame prepared, polish=0 ms, lock=0 ms, blockedForSync=0 ms, animations=0 ms
2026-07-14 19:24:12.128 DEBUG qt.scenegraph.time.renderer: time in renderer: total=0ms, preprocess=0, updates=0, rendering=0
2026-07-14 19:24:12.128 DEBUG qt.scenegraph.time.renderloop: [window 0x7f48b5903e40][render thread 0x7f48b57a2c20] syncAndRender: frame rendered in 0ms, sync=0, render=0, swap=0
2026-07-14 19:24:12.158 DEBUG qt.scenegraph.time.renderloop: [window 0x7f48b5903e40][gui thread] polishAndSync: start, elapsed since last call: 30 ms
2026-07-14 19:24:12.159 DEBUG qt.scenegraph.time.renderloop: [window 0x7f48b5903e40][render thread 0x7f48b57a2c20] syncAndRender: start, elapsed since last call: 30 ms
2026-07-14 19:24:12.159 DEBUG qt.scenegraph.time.renderloop: [window 0x7f48b5903e40][gui thread] Frame prepared, polish=0 ms, lock=0 ms, blockedForSync=0 ms, animations=0 ms
2026-07-14 19:24:12.159 DEBUG qt.scenegraph.time.renderer: time in renderer: total=0ms, preprocess=0, updates=0, rendering=0
2026-07-14 19:24:12.159 DEBUG qt.scenegraph.time.renderloop: [window 0x7f48b5903e40][render thread 0x7f48b57a2c20] syncAndRender: frame rendered in 0ms, sync=0, render=0, swap=0
2026-07-14 19:24:12.163 DEBUG qt.scenegraph.time.renderloop: [window 0x7f48b5903e40][gui thread] polishAndSync: start, elapsed since last call: 4 ms
2026-07-14 19:24:12.163 DEBUG qt.scenegraph.time.renderloop: [window 0x7f48b5903e40][render thread 0x7f48b57a2c20] syncAndRender: start, elapsed since last call: 4 ms
2026-07-14 19:24:12.163 DEBUG qt.scenegraph.time.renderer: time in renderer: total=0ms, preprocess=0, updates=0, rendering=0
2026-07-14 19:24:12.163 DEBUG qt.scenegraph.time.renderloop: [window 0x7f48b5903e40][gui thread] Frame prepared, polish=0 ms, lock=0 ms, blockedForSync=0 ms, animations=0 ms
2026-07-14 19:24:12.163 DEBUG qt.scenegraph.time.renderloop: [window 0x7f48b5903e40][render thread 0x7f48b57a2c20] syncAndRender: frame rendered in 0ms, sync=0, render=0, swap=0
2026-07-14 19:24:12.190 DEBUG qt.scenegraph.time.renderloop: [window 0x7f48b5903e40][gui thread] polishAndSync: start, elapsed since last call: 27 ms
2026-07-14 19:24:12.191 DEBUG qt.scenegraph.time.renderloop: [window 0x7f48b5903e40][render thread 0x7f48b57a2c20] syncAndRender: start, elapsed since last call: 27 ms
2026-07-14 19:24:12.191 DEBUG qt.scenegraph.time.renderloop: [window 0x7f48b5903e40][gui thread] Frame prepared, polish=0 ms, lock=0 ms, blockedForSync=0 ms, animations=0 ms
2026-07-14 19:24:12.191 DEBUG qt.scenegraph.time.renderer: time in renderer: total=0ms, preprocess=0, updates=0, rendering=0
2026-07-14 19:24:12.191 DEBUG qt.scenegraph.time.renderloop: [window 0x7f48b5903e40][render thread 0x7f48b57a2c20] syncAndRender: frame rendered in 0ms, sync=0, render=0, swap=0
2026-07-14 19:24:12.198 DEBUG qt.scenegraph.time.renderloop: [window 0x7f48b5903e40][gui thread] polishAndSync: start, elapsed since last call: 7 ms
2026-07-14 19:24:12.198 DEBUG qt.scenegraph.time.renderloop: [window 0x7f48b5903e40][render thread 0x7f48b57a2c20] syncAndRender: start, elapsed since last call: 6 ms
2026-07-14 19:24:12.198 DEBUG qt.scenegraph.time.renderloop: [window 0x7f48b5903e40][gui thread] Frame prepared, polish=0 ms, lock=0 ms, blockedForSync=0 ms, animations=0 ms
2026-07-14 19:24:12.198 DEBUG qt.scenegraph.time.renderer: time in renderer: total=0ms, preprocess=0, updates=0, rendering=0
2026-07-14 19:24:12.198 DEBUG qt.scenegraph.time.renderloop: [window 0x7f48b5903e40][render thread 0x7f48b57a2c20] syncAndRender: frame rendered in 0ms, sync=0, render=0, swap=0
2026-07-14 19:24:12.224 DEBUG qt.scenegraph.time.renderloop: [window 0x7f48b5903e40][gui thread] polishAndSync: start, elapsed since last call: 25 ms
2026-07-14 19:24:12.224 DEBUG qt.scenegraph.time.renderloop: [window 0x7f48b5903e40][render thread 0x7f48b57a2c20] syncAndRender: start, elapsed since last call: 26 ms
2026-07-14 19:24:12.224 DEBUG qt.scenegraph.time.renderloop: [window 0x7f48b5903e40][gui thread] Frame prepared, polish=0 ms, lock=0 ms, blockedForSync=0 ms, animations=0 ms
2026-07-14 19:24:12.224 DEBUG qt.scenegraph.time.renderer: time in renderer: total=0ms, preprocess=0, updates=0, rendering=0
2026-07-14 19:24:12.224 DEBUG qt.scenegraph.time.renderloop: [window 0x7f48b5903e40][render thread 0x7f48b57a2c20] syncAndRender: frame rendered in 0ms, sync=0, render=0, swap=0
2026-07-14 19:24:12.225 DEBUG qt.scenegraph.time.renderloop: [window 0x7f48b5903e40][gui thread] polishAndSync: start, elapsed since last call: 1 ms
2026-07-14 19:24:12.225 DEBUG qt.scenegraph.time.renderloop: [window 0x7f48b5903e40][render thread 0x7f48b57a2c20] syncAndRender: start, elapsed since last call: 1 ms
2026-07-14 19:24:12.225 DEBUG qt.scenegraph.time.renderer: time in renderer: total=0ms, preprocess=0, updates=0, rendering=0
2026-07-14 19:24:12.226 DEBUG qt.scenegraph.time.renderloop: [window 0x7f48b5903e40][gui thread] Frame prepared, polish=0 ms, lock=0 ms, blockedForSync=0 ms, animations=0 ms
2026-07-14 19:24:12.226 DEBUG qt.scenegraph.time.renderloop: [window 0x7f48b5903e40][render thread 0x7f48b57a2c20] syncAndRender: frame rendered in 0ms, sync=0, render=0, swap=0
2026-07-14 19:24:12.257 DEBUG qt.scenegraph.time.renderloop: [window 0x7f48b5903e40][gui thread] polishAndSync: start, elapsed since last call: 32 ms
2026-07-14 19:24:12.258 DEBUG qt.scenegraph.time.renderloop: [window 0x7f48b5903e40][render thread 0x7f48b57a2c20] syncAndRender: start, elapsed since last call: 32 ms
2026-07-14 19:24:12.258 DEBUG qt.scenegraph.time.renderloop: [window 0x7f48b5903e40][gui thread] Frame prepared, polish=0 ms, lock=0 ms, blockedForSync=0 ms, animations=0 ms
2026-07-14 19:24:12.258 DEBUG qt.scenegraph.time.renderer: time in renderer: total=0ms, preprocess=0, updates=0, rendering=0
2026-07-14 19:24:12.258 DEBUG qt.scenegraph.time.renderloop: [window 0x7f48b5903e40][render thread 0x7f48b57a2c20] syncAndRender: frame rendered in 0ms, sync=0, render=0, swap=0
2026-07-14 19:24:12.260 DEBUG qt.scenegraph.time.renderloop: [window 0x7f48b5903e40][gui thread] polishAndSync: start, elapsed since last call: 2 ms
2026-07-14 19:24:12.260 DEBUG qt.scenegraph.time.renderloop: [window 0x7f48b5903e40][render thread 0x7f48b57a2c20] syncAndRender: start, elapsed since last call: 2 ms
2026-07-14 19:24:12.260 DEBUG qt.scenegraph.time.renderloop: [window 0x7f48b5903e40][gui thread] Frame prepared, polish=0 ms, lock=0 ms, blockedForSync=0 ms, animations=0 ms
2026-07-14 19:24:12.260 DEBUG qt.scenegraph.time.renderer: time in renderer: total=0ms, preprocess=0, updates=0, rendering=0
2026-07-14 19:24:12.260 DEBUG qt.scenegraph.time.renderloop: [window 0x7f48b5903e40][render thread 0x7f48b57a2c20] syncAndRender: frame rendered in 0ms, sync=0, render=0, swap=0
2026-07-14 19:24:12.290 DEBUG qt.scenegraph.time.renderloop: [window 0x7f48b5903e40][gui thread] polishAndSync: start, elapsed since last call: 30 ms
2026-07-14 19:24:12.291 DEBUG qt.scenegraph.time.renderloop: [window 0x7f48b5903e40][render thread 0x7f48b57a2c20] syncAndRender: start, elapsed since last call: 30 ms
2026-07-14 19:24:12.291 DEBUG qt.scenegraph.time.renderloop: [window 0x7f48b5903e40][gui thread] Frame prepared, polish=0 ms, lock=0 ms, blockedForSync=0 ms, animations=0 ms
2026-07-14 19:24:12.291 DEBUG qt.scenegraph.time.renderer: time in renderer: total=0ms, preprocess=0, updates=0, rendering=0
2026-07-14 19:24:12.291 DEBUG qt.scenegraph.time.renderloop: [window 0x7f48b5903e40][render thread 0x7f48b57a2c20] syncAndRender: frame rendered in 0ms, sync=0, render=0, swap=0
2026-07-14 19:24:12.295 DEBUG qt.scenegraph.time.renderloop: [window 0x7f48b5903e40][gui thread] polishAndSync: start, elapsed since last call: 4 ms
2026-07-14 19:24:12.295 DEBUG qt.scenegraph.time.renderloop: [window 0x7f48b5903e40][render thread 0x7f48b57a2c20] syncAndRender: start, elapsed since last call: 3 ms
2026-07-14 19:24:12.295 DEBUG qt.scenegraph.time.renderloop: [window 0x7f48b5903e40][gui thread] Frame prepared, polish=0 ms, lock=0 ms, blockedForSync=0 ms, animations=0 ms
2026-07-14 19:24:12.295 DEBUG qt.scenegraph.time.renderer: time in renderer: total=0ms, preprocess=0, updates=0, rendering=0
2026-07-14 19:24:12.295 DEBUG qt.scenegraph.time.renderloop: [window 0x7f48b5903e40][render thread 0x7f48b57a2c20] syncAndRender: frame rendered in 0ms, sync=0, render=0, swap=0
2026-07-14 19:24:12.323 DEBUG qt.scenegraph.time.renderloop: [window 0x7f48b5903e40][gui thread] polishAndSync: start, elapsed since last call: 28 ms
2026-07-14 19:24:12.323 DEBUG qt.scenegraph.time.renderloop: [window 0x7f48b5903e40][render thread 0x7f48b57a2c20] syncAndRender: start, elapsed since last call: 28 ms
2026-07-14 19:24:12.323 DEBUG qt.scenegraph.time.renderloop: [window 0x7f48b5903e40][gui thread] Frame prepared, polish=0 ms, lock=0 ms, blockedForSync=0 ms, animations=0 ms
2026-07-14 19:24:12.323 DEBUG qt.scenegraph.time.renderer: time in renderer: total=0ms, preprocess=0, updates=0, rendering=0
2026-07-14 19:24:12.324 DEBUG qt.scenegraph.time.renderloop: [window 0x7f48b5903e40][render thread 0x7f48b57a2c20] syncAndRender: frame rendered in 0ms, sync=0, render=0, swap=0
2026-07-14 19:24:12.329 DEBUG qt.scenegraph.time.renderloop: [window 0x7f48b5903e40][gui thread] polishAndSync: start, elapsed since last call: 6 ms
2026-07-14 19:24:12.330 DEBUG qt.scenegraph.time.renderloop: [window 0x7f48b5903e40][render thread 0x7f48b57a2c20] syncAndRender: start, elapsed since last call: 6 ms
2026-07-14 19:24:12.330 DEBUG qt.scenegraph.time.renderloop: [window 0x7f48b5903e40][gui thread] Frame prepared, polish=0 ms, lock=0 ms, blockedForSync=0 ms, animations=0 ms
2026-07-14 19:24:12.330 DEBUG qt.scenegraph.time.renderer: time in renderer: total=0ms, preprocess=0, updates=0, rendering=0
2026-07-14 19:24:12.330 DEBUG qt.scenegraph.time.renderloop: [window 0x7f48b5903e40][render thread 0x7f48b57a2c20] syncAndRender: frame rendered in 0ms, sync=0, render=0, swap=0
2026-07-14 19:24:12.356 DEBUG qt.scenegraph.time.renderloop: [window 0x7f48b5903e40][gui thread] polishAndSync: start, elapsed since last call: 26 ms
2026-07-14 19:24:12.357 DEBUG qt.scenegraph.time.renderloop: [window 0x7f48b5903e40][render thread 0x7f48b57a2c20] syncAndRender: start, elapsed since last call: 27 ms
2026-07-14 19:24:12.357 DEBUG qt.scenegraph.time.renderloop: [window 0x7f48b5903e40][gui thread] Frame prepared, polish=0 ms, lock=0 ms, blockedForSync=0 ms, animations=0 ms
2026-07-14 19:24:12.357 DEBUG qt.scenegraph.time.renderer: time in renderer: total=0ms, preprocess=0, updates=0, rendering=0
2026-07-14 19:24:12.357 DEBUG qt.scenegraph.time.renderloop: [window 0x7f48b5903e40][render thread 0x7f48b57a2c20] syncAndRender: frame rendered in 0ms, sync=0, render=0, swap=0
2026-07-14 19:24:12.364 DEBUG qt.scenegraph.time.renderloop: [window 0x7f48b5903e40][gui thread] polishAndSync: start, elapsed since last call: 7 ms
2026-07-14 19:24:12.364 DEBUG qt.scenegraph.time.renderloop: [window 0x7f48b5903e40][render thread 0x7f48b57a2c20] syncAndRender: start, elapsed since last call: 7 ms
2026-07-14 19:24:12.364 DEBUG qt.scenegraph.time.renderloop: [window 0x7f48b5903e40][gui thread] Frame prepared, polish=0 ms, lock=0 ms, blockedForSync=0 ms, animations=0 ms
2026-07-14 19:24:12.364 DEBUG qt.scenegraph.time.renderer: time in renderer: total=0ms, preprocess=0, updates=0, rendering=0
2026-07-14 19:24:12.365 DEBUG qt.scenegraph.time.renderloop: [window 0x7f48b5903e40][render thread 0x7f48b57a2c20] syncAndRender: frame rendered in 0ms, sync=0, render=0, swap=0
2026-07-14 19:24:12.389 DEBUG qt.scenegraph.time.renderloop: [window 0x7f48b5903e40][gui thread] polishAndSync: start, elapsed since last call: 25 ms
2026-07-14 19:24:12.390 DEBUG qt.scenegraph.time.renderloop: [window 0x7f48b5903e40][render thread 0x7f48b57a2c20] syncAndRender: start, elapsed since last call: 25 ms
2026-07-14 19:24:12.390 DEBUG qt.scenegraph.time.renderloop: [window 0x7f48b5903e40][gui thread] Frame prepared, polish=0 ms, lock=0 ms, blockedForSync=0 ms, animations=0 ms
2026-07-14 19:24:12.390 DEBUG qt.scenegraph.time.renderer: time in renderer: total=0ms, preprocess=0, updates=0, rendering=0
2026-07-14 19:24:12.390 DEBUG qt.scenegraph.time.renderloop: [window 0x7f48b5903e40][render thread 0x7f48b57a2c20] syncAndRender: frame rendered in 0ms, sync=0, render=0, swap=0
2026-07-14 19:24:12.392 DEBUG qt.scenegraph.time.renderloop: [window 0x7f48b5903e40][gui thread] polishAndSync: start, elapsed since last call: 2 ms
2026-07-14 19:24:12.392 DEBUG qt.scenegraph.time.renderloop: [window 0x7f48b5903e40][render thread 0x7f48b57a2c20] syncAndRender: start, elapsed since last call: 2 ms
2026-07-14 19:24:12.392 DEBUG qt.scenegraph.time.renderloop: [window 0x7f48b5903e40][gui thread] Frame prepared, polish=0 ms, lock=0 ms, blockedForSync=0 ms, animations=0 ms
2026-07-14 19:24:12.392 DEBUG qt.scenegraph.time.renderer: time in renderer: total=0ms, preprocess=0, updates=0, rendering=0
2026-07-14 19:24:12.393 DEBUG qt.scenegraph.time.renderloop: [window 0x7f48b5903e40][render thread 0x7f48b57a2c20] syncAndRender: frame rendered in 0ms, sync=0, render=0, swap=0
2026-07-14 19:24:12.423 DEBUG qt.scenegraph.time.renderloop: [window 0x7f48b5903e40][gui thread] polishAndSync: start, elapsed since last call: 31 ms
2026-07-14 19:24:12.424 DEBUG qt.scenegraph.time.renderloop: [window 0x7f48b5903e40][render thread 0x7f48b57a2c20] syncAndRender: start, elapsed since last call: 31 ms
2026-07-14 19:24:12.424 DEBUG qt.scenegraph.time.renderloop: [window 0x7f48b5903e40][gui thread] Frame prepared, polish=0 ms, lock=0 ms, blockedForSync=0 ms, animations=0 ms
2026-07-14 19:24:12.424 DEBUG qt.scenegraph.time.renderer: time in renderer: total=0ms, preprocess=0, updates=0, rendering=0
2026-07-14 19:24:12.424 DEBUG qt.scenegraph.time.renderloop: [window 0x7f48b5903e40][render thread 0x7f48b57a2c20] syncAndRender: frame rendered in 0ms, sync=0, render=0, swap=0
2026-07-14 19:24:12.427 DEBUG qt.scenegraph.time.renderloop: [window 0x7f48b5903e40][gui thread] polishAndSync: start, elapsed since last call: 3 ms
2026-07-14 19:24:12.427 DEBUG qt.scenegraph.time.renderloop: [window 0x7f48b5903e40][render thread 0x7f48b57a2c20] syncAndRender: start, elapsed since last call: 3 ms
2026-07-14 19:24:12.427 DEBUG qt.scenegraph.time.renderloop: [window 0x7f48b5903e40][gui thread] Frame prepared, polish=0 ms, lock=0 ms, blockedForSync=0 ms, animations=0 ms
2026-07-14 19:24:12.427 DEBUG qt.scenegraph.time.renderer: time in renderer: total=0ms, preprocess=0, updates=0, rendering=0
2026-07-14 19:24:12.427 DEBUG qt.scenegraph.time.renderloop: [window 0x7f48b5903e40][render thread 0x7f48b57a2c20] syncAndRender: frame rendered in 0ms, sync=0, render=0, swap=0
2026-07-14 19:24:12.456 DEBUG qt.scenegraph.time.renderloop: [window 0x7f48b5903e40][gui thread] polishAndSync: start, elapsed since last call: 28 ms
2026-07-14 19:24:12.456 DEBUG qt.scenegraph.time.renderloop: [window 0x7f48b5903e40][render thread 0x7f48b57a2c20] syncAndRender: start, elapsed since last call: 29 ms
2026-07-14 19:24:12.456 DEBUG qt.scenegraph.time.renderloop: [window 0x7f48b5903e40][gui thread] Frame prepared, polish=0 ms, lock=0 ms, blockedForSync=0 ms, animations=0 ms
2026-07-14 19:24:12.456 DEBUG qt.scenegraph.time.renderer: time in renderer: total=0ms, preprocess=0, updates=0, rendering=0
2026-07-14 19:24:12.456 DEBUG qt.scenegraph.time.renderloop: [window 0x7f48b5903e40][render thread 0x7f48b57a2c20] syncAndRender: frame rendered in 0ms, sync=0, render=0, swap=0
2026-07-14 19:24:12.462 DEBUG qt.scenegraph.time.renderloop: [window 0x7f48b5903e40][gui thread] polishAndSync: start, elapsed since last call: 5 ms
2026-07-14 19:24:12.462 DEBUG qt.scenegraph.time.renderloop: [window 0x7f48b5903e40][render thread 0x7f48b57a2c20] syncAndRender: start, elapsed since last call: 5 ms
2026-07-14 19:24:12.462 DEBUG qt.scenegraph.time.renderloop: [window 0x7f48b5903e40][gui thread] Frame prepared, polish=0 ms, lock=0 ms, blockedForSync=0 ms, animations=0 ms
2026-07-14 19:24:12.462 DEBUG qt.scenegraph.time.renderer: time in renderer: total=0ms, preprocess=0, updates=0, rendering=0
2026-07-14 19:24:12.462 DEBUG qt.scenegraph.time.renderloop: [window 0x7f48b5903e40][render thread 0x7f48b57a2c20] syncAndRender: frame rendered in 0ms, sync=0, render=0, swap=0
2026-07-14 19:24:12.488 DEBUG qt.scenegraph.time.renderloop: [window 0x7f48b5903e40][gui thread] polishAndSync: start, elapsed since last call: 26 ms
2026-07-14 19:24:12.489 DEBUG qt.scenegraph.time.renderloop: [window 0x7f48b5903e40][render thread 0x7f48b57a2c20] syncAndRender: start, elapsed since last call: 27 ms
2026-07-14 19:24:12.489 DEBUG qt.scenegraph.time.renderloop: [window 0x7f48b5903e40][gui thread] Frame prepared, polish=0 ms, lock=0 ms, blockedForSync=0 ms, animations=0 ms
2026-07-14 19:24:12.489 DEBUG qt.scenegraph.time.renderer: time in renderer: total=0ms, preprocess=0, updates=0, rendering=0
2026-07-14 19:24:12.489 DEBUG qt.scenegraph.time.renderloop: [window 0x7f48b5903e40][render thread 0x7f48b57a2c20] syncAndRender: frame rendered in 0ms, sync=0, render=0, swap=0
2026-07-14 19:24:12.491 DEBUG qt.scenegraph.time.renderloop: [window 0x7f48b3b9a3d0][gui thread] polishAndSync: start, elapsed since last call: 764 ms
2026-07-14 19:24:12.491 DEBUG qt.scenegraph.time.renderloop: [window 0x7f48b3b9a3d0][render thread 0x7f48d880cd60] syncAndRender: start, elapsed since last call: 764 ms
2026-07-14 19:24:12.492 DEBUG qt.scenegraph.time.renderloop: [window 0x7f48b3b9a3d0][gui thread] Frame prepared, polish=0 ms, lock=0 ms, blockedForSync=0 ms, animations=0 ms
2026-07-14 19:24:12.492 DEBUG qt.scenegraph.time.renderer: time in renderer: total=0ms, preprocess=0, updates=0, rendering=0
2026-07-14 19:24:12.492 DEBUG qt.scenegraph.time.renderloop: [window 0x7f48b3b9a3d0][gui thread] polishAndSync: start, elapsed since last call: 0 ms
2026-07-14 19:24:12.492 DEBUG qt.scenegraph.time.renderloop: [window 0x7f48b3b9a3d0][render thread 0x7f48d880cd60] syncAndRender: frame rendered in 0ms, sync=0, render=0, swap=0
2026-07-14 19:24:12.492 DEBUG qt.scenegraph.time.renderloop: [window 0x7f48b3b9a3d0][render thread 0x7f48d880cd60] syncAndRender: start, elapsed since last call: 0 ms
2026-07-14 19:24:12.492 DEBUG qt.scenegraph.time.renderloop: [window 0x7f48b3b9a3d0][gui thread] Frame prepared, polish=0 ms, lock=0 ms, blockedForSync=0 ms, animations=0 ms
2026-07-14 19:24:12.492 DEBUG qt.scenegraph.time.renderer: time in renderer: total=0ms, preprocess=0, updates=0, rendering=0
2026-07-14 19:24:12.496 DEBUG qt.scenegraph.time.renderloop: [window 0x7f48b5903e40][gui thread] polishAndSync: start, elapsed since last call: 7 ms
2026-07-14 19:24:12.496 DEBUG qt.scenegraph.time.renderloop: [window 0x7f48b3b9a3d0][render thread 0x7f48d880cd60] syncAndRender: frame rendered in 4ms, sync=0, render=0, swap=4
2026-07-14 19:24:12.496 DEBUG qt.scenegraph.time.renderloop: [window 0x7f48b5903e40][render thread 0x7f48b57a2c20] syncAndRender: start, elapsed since last call: 7 ms
2026-07-14 19:24:12.496 DEBUG qt.scenegraph.time.renderloop: [window 0x7f48b5903e40][gui thread] Frame prepared, polish=0 ms, lock=0 ms, blockedForSync=0 ms, animations=0 ms
2026-07-14 19:24:12.496 DEBUG qt.scenegraph.time.renderer: time in renderer: total=0ms, preprocess=0, updates=0, rendering=0
2026-07-14 19:24:12.497 DEBUG qt.scenegraph.time.renderloop: [window 0x7f48b5903e40][render thread 0x7f48b57a2c20] syncAndRender: frame rendered in 0ms, sync=0, render=0, swap=0
2026-07-14 19:24:12.503 DEBUG qt.scenegraph.time.renderloop: [window 0x7f48b3b9a3d0][gui thread] polishAndSync: start, elapsed since last call: 11 ms
2026-07-14 19:24:12.503 DEBUG qt.scenegraph.time.renderloop: [window 0x7f48b3b9a3d0][render thread 0x7f48d880cd60] syncAndRender: start, elapsed since last call: 11 ms
2026-07-14 19:24:12.503 DEBUG qt.scenegraph.time.renderloop: [window 0x7f48b3b9a3d0][gui thread] Frame prepared, polish=0 ms, lock=0 ms, blockedForSync=0 ms, animations=0 ms
2026-07-14 19:24:12.503 DEBUG qt.scenegraph.time.renderer: time in renderer: total=0ms, preprocess=0, updates=0, rendering=0
2026-07-14 19:24:12.504 DEBUG qt.scenegraph.time.renderloop: [window 0x7f48b3b9a3d0][render thread 0x7f48d880cd60] syncAndRender: frame rendered in 0ms, sync=0, render=0, swap=0
2026-07-14 19:24:12.510 DEBUG qt.scenegraph.time.renderloop: [window 0x7f48b3b9a3d0][gui thread] polishAndSync: start, elapsed since last call: 7 ms
2026-07-14 19:24:12.510 DEBUG qt.scenegraph.time.renderloop: [window 0x7f48b3b9a3d0][render thread 0x7f48d880cd60] syncAndRender: start, elapsed since last call: 7 ms
2026-07-14 19:24:12.510 DEBUG qt.scenegraph.time.renderloop: [window 0x7f48b3b9a3d0][gui thread] Frame prepared, polish=0 ms, lock=0 ms, blockedForSync=0 ms, animations=0 ms
2026-07-14 19:24:12.510 DEBUG qt.scenegraph.time.renderloop: [window 0x7f48b3b9a3d0][gui thread] polishAndSync: start, elapsed since last call: 0 ms
2026-07-14 19:24:12.510 DEBUG qt.scenegraph.time.renderer: time in renderer: total=0ms, preprocess=0, updates=0, rendering=0
2026-07-14 19:24:12.511 DEBUG qt.scenegraph.time.renderloop: [window 0x7f48b3b9a3d0][render thread 0x7f48d880cd60] syncAndRender: frame rendered in 0ms, sync=0, render=0, swap=0
2026-07-14 19:24:12.511 DEBUG qt.scenegraph.time.renderloop: [window 0x7f48b3b9a3d0][render thread 0x7f48d880cd60] syncAndRender: start, elapsed since last call: 0 ms
2026-07-14 19:24:12.511 DEBUG qt.scenegraph.time.renderloop: [window 0x7f48b3b9a3d0][gui thread] Frame prepared, polish=0 ms, lock=0 ms, blockedForSync=0 ms, animations=0 ms
2026-07-14 19:24:12.511 DEBUG qt.scenegraph.time.renderer: time in renderer: total=0ms, preprocess=0, updates=0, rendering=0
2026-07-14 19:24:12.517 DEBUG qt.scenegraph.time.renderloop: [window 0x7f48b3b9a3d0][render thread 0x7f48d880cd60] syncAndRender: frame rendered in 6ms, sync=0, render=0, swap=6
2026-07-14 19:24:12.517 DEBUG qt.scenegraph.time.renderloop: [window 0x7f48b3b9a3d0][gui thread] polishAndSync: start, elapsed since last call: 6 ms
2026-07-14 19:24:12.517 DEBUG qt.scenegraph.time.renderloop: [window 0x7f48b3b9a3d0][render thread 0x7f48d880cd60] syncAndRender: start, elapsed since last call: 6 ms
2026-07-14 19:24:12.517 DEBUG qt.scenegraph.time.renderloop: [window 0x7f48b3b9a3d0][gui thread] Frame prepared, polish=0 ms, lock=0 ms, blockedForSync=0 ms, animations=0 ms
2026-07-14 19:24:12.517 DEBUG qt.scenegraph.time.renderer: time in renderer: total=0ms, preprocess=0, updates=0, rendering=0
2026-07-14 19:24:12.522 DEBUG qt.scenegraph.time.renderloop: [window 0x7f48b5903e40][gui thread] polishAndSync: start, elapsed since last call: 26 ms
2026-07-14 19:24:12.523 DEBUG qt.scenegraph.time.renderloop: [window 0x7f48b5903e40][render thread 0x7f48b57a2c20] syncAndRender: start, elapsed since last call: 26 ms
2026-07-14 19:24:12.523 DEBUG qt.scenegraph.time.renderloop: [window 0x7f48b5903e40][gui thread] Frame prepared, polish=0 ms, lock=0 ms, blockedForSync=0 ms, animations=0 ms
2026-07-14 19:24:12.523 DEBUG qt.scenegraph.time.renderer: time in renderer: total=0ms, preprocess=0, updates=0, rendering=0
2026-07-14 19:24:12.523 DEBUG qt.scenegraph.time.renderloop: [window 0x7f48b5903e40][render thread 0x7f48b57a2c20] syncAndRender: frame rendered in 0ms, sync=0, render=0, swap=0
2026-07-14 19:24:12.524 DEBUG qt.scenegraph.time.renderloop: [window 0x7f48b5903e40][gui thread] polishAndSync: start, elapsed since last call: 1 ms
2026-07-14 19:24:12.524 DEBUG qt.scenegraph.time.renderloop: [window 0x7f48b3b9a3d0][render thread 0x7f48d880cd60] syncAndRender: frame rendered in 6ms, sync=0, render=0, swap=6
2026-07-14 19:24:12.524 DEBUG qt.scenegraph.time.renderloop: [window 0x7f48b5903e40][render thread 0x7f48b57a2c20] syncAndRender: start, elapsed since last call: 1 ms
2026-07-14 19:24:12.524 DEBUG qt.scenegraph.time.renderloop: [window 0x7f48b5903e40][gui thread] Frame prepared, polish=0 ms, lock=0 ms, blockedForSync=0 ms, animations=0 ms
2026-07-14 19:24:12.524 DEBUG qt.scenegraph.time.renderloop: [window 0x7f48b3b9a3d0][gui thread] polishAndSync: start, elapsed since last call: 6 ms
2026-07-14 19:24:12.524 DEBUG qt.scenegraph.time.renderloop: [window 0x7f48b3b9a3d0][render thread 0x7f48d880cd60] syncAndRender: start, elapsed since last call: 6 ms
2026-07-14 19:24:12.524 DEBUG qt.scenegraph.time.renderer: time in renderer: total=0ms, preprocess=0, updates=0, rendering=0
2026-07-14 19:24:12.524 DEBUG qt.scenegraph.time.renderloop: [window 0x7f48b3b9a3d0][gui thread] Frame prepared, polish=0 ms, lock=0 ms, blockedForSync=0 ms, animations=0 ms
2026-07-14 19:24:12.524 DEBUG qt.scenegraph.time.renderer: time in renderer: total=0ms, preprocess=0, updates=0, rendering=0
2026-07-14 19:24:12.525 DEBUG qt.scenegraph.time.renderloop: [window 0x7f48b5903e40][render thread 0x7f48b57a2c20] syncAndRender: frame rendered in 0ms, sync=0, render=0, swap=0
2026-07-14 19:24:12.531 DEBUG qt.scenegraph.time.renderloop: [window 0x7f48b3b9a3d0][gui thread] polishAndSync: start, elapsed since last call: 7 ms
2026-07-14 19:24:12.531 DEBUG qt.scenegraph.time.renderloop: [window 0x7f48b3b9a3d0][render thread 0x7f48d880cd60] syncAndRender: frame rendered in 7ms, sync=0, render=0, swap=6
2026-07-14 19:24:12.531 DEBUG qt.scenegraph.time.renderloop: [window 0x7f48b3b9a3d0][render thread 0x7f48d880cd60] syncAndRender: start, elapsed since last call: 7 ms
2026-07-14 19:24:12.531 DEBUG qt.scenegraph.time.renderloop: [window 0x7f48b3b9a3d0][gui thread] Frame prepared, polish=0 ms, lock=0 ms, blockedForSync=0 ms, animations=0 ms
2026-07-14 19:24:12.531 DEBUG qt.scenegraph.time.renderer: time in renderer: total=0ms, preprocess=0, updates=0, rendering=0
2026-07-14 19:24:12.538 DEBUG qt.scenegraph.time.renderloop: [window 0x7f48b3b9a3d0][gui thread] polishAndSync: start, elapsed since last call: 6 ms
2026-07-14 19:24:12.538 DEBUG qt.scenegraph.time.renderloop: [window 0x7f48b3b9a3d0][render thread 0x7f48d880cd60] syncAndRender: frame rendered in 6ms, sync=0, render=0, swap=6
2026-07-14 19:24:12.538 DEBUG qt.scenegraph.time.renderloop: [window 0x7f48b3b9a3d0][render thread 0x7f48d880cd60] syncAndRender: start, elapsed since last call: 7 ms
2026-07-14 19:24:12.538 DEBUG qt.scenegraph.time.renderloop: [window 0x7f48b3b9a3d0][gui thread] Frame prepared, polish=0 ms, lock=0 ms, blockedForSync=0 ms, animations=0 ms
2026-07-14 19:24:12.538 DEBUG qt.scenegraph.time.renderer: time in renderer: total=0ms, preprocess=0, updates=0, rendering=0
2026-07-14 19:24:12.545 DEBUG qt.scenegraph.time.renderloop: [window 0x7f48b3b9a3d0][gui thread] polishAndSync: start, elapsed since last call: 6 ms
2026-07-14 19:24:12.545 DEBUG qt.scenegraph.time.renderloop: [window 0x7f48b3b9a3d0][render thread 0x7f48d880cd60] syncAndRender: frame rendered in 6ms, sync=0, render=0, swap=6
2026-07-14 19:24:12.545 DEBUG qt.scenegraph.time.renderloop: [window 0x7f48b3b9a3d0][render thread 0x7f48d880cd60] syncAndRender: start, elapsed since last call: 6 ms
2026-07-14 19:24:12.545 DEBUG qt.scenegraph.time.renderloop: [window 0x7f48b3b9a3d0][gui thread] Frame prepared, polish=0 ms, lock=0 ms, blockedForSync=0 ms, animations=0 ms
2026-07-14 19:24:12.545 DEBUG qt.scenegraph.time.renderer: time in renderer: total=0ms, preprocess=0, updates=0, rendering=0
2026-07-14 19:24:12.546 DEBUG qt.scenegraph.time.renderloop: [window 0x7f48b5903e40][gui thread] polishAndSync: start, elapsed since last call: 21 ms
2026-07-14 19:24:12.546 DEBUG qt.scenegraph.time.renderloop: [window 0x7f48b5903e40][render thread 0x7f48b57a2c20] syncAndRender: start, elapsed since last call: 21 ms
2026-07-14 19:24:12.546 DEBUG qt.scenegraph.time.renderloop: [window 0x7f48b5903e40][gui thread] Frame prepared, polish=0 ms, lock=0 ms, blockedForSync=0 ms, animations=0 ms
2026-07-14 19:24:12.546 DEBUG qt.scenegraph.time.renderer: time in renderer: total=0ms, preprocess=0, updates=0, rendering=0
2026-07-14 19:24:12.547 DEBUG qt.scenegraph.time.renderloop: [window 0x7f48b5903e40][render thread 0x7f48b57a2c20] syncAndRender: frame rendered in 0ms, sync=0, render=0, swap=0
2026-07-14 19:24:12.552 DEBUG qt.scenegraph.time.renderloop: [window 0x7f48b5903e40][gui thread] polishAndSync: start, elapsed since last call: 6 ms
2026-07-14 19:24:12.552 DEBUG qt.scenegraph.time.renderloop: [window 0x7f48b3b9a3d0][render thread 0x7f48d880cd60] syncAndRender: frame rendered in 6ms, sync=0, render=0, swap=6
2026-07-14 19:24:12.552 DEBUG qt.scenegraph.time.renderloop: [window 0x7f48b5903e40][render thread 0x7f48b57a2c20] syncAndRender: start, elapsed since last call: 5 ms
2026-07-14 19:24:12.552 DEBUG qt.scenegraph.time.renderloop: [window 0x7f48b5903e40][gui thread] Frame prepared, polish=0 ms, lock=0 ms, blockedForSync=0 ms, animations=0 ms
2026-07-14 19:24:12.552 DEBUG qt.scenegraph.time.renderloop: [window 0x7f48b3b9a3d0][gui thread] polishAndSync: start, elapsed since last call: 7 ms
2026-07-14 19:24:12.552 DEBUG qt.scenegraph.time.renderloop: [window 0x7f48b3b9a3d0][render thread 0x7f48d880cd60] syncAndRender: start, elapsed since last call: 7 ms
2026-07-14 19:24:12.552 DEBUG qt.scenegraph.time.renderloop: [window 0x7f48b3b9a3d0][gui thread] Frame prepared, polish=0 ms, lock=0 ms, blockedForSync=0 ms, animations=0 ms
2026-07-14 19:24:12.552 DEBUG qt.scenegraph.time.renderer: time in renderer: total=0ms, preprocess=0, updates=0, rendering=0
2026-07-14 19:24:12.552 DEBUG qt.scenegraph.time.renderer: time in renderer: total=0ms, preprocess=0, updates=0, rendering=0
2026-07-14 19:24:12.552 DEBUG qt.scenegraph.time.renderloop: [window 0x7f48b5903e40][render thread 0x7f48b57a2c20] syncAndRender: frame rendered in 0ms, sync=0, render=0, swap=0
2026-07-14 19:24:12.559 DEBUG qt.scenegraph.time.renderloop: [window 0x7f48b3b9a3d0][gui thread] polishAndSync: start, elapsed since last call: 6 ms
2026-07-14 19:24:12.559 DEBUG qt.scenegraph.time.renderloop: [window 0x7f48b3b9a3d0][render thread 0x7f48d880cd60] syncAndRender: frame rendered in 6ms, sync=0, render=0, swap=6
2026-07-14 19:24:12.559 DEBUG qt.scenegraph.time.renderloop: [window 0x7f48b3b9a3d0][render thread 0x7f48d880cd60] syncAndRender: start, elapsed since last call: 6 ms
2026-07-14 19:24:12.559 DEBUG qt.scenegraph.time.renderloop: [window 0x7f48b3b9a3d0][gui thread] Frame prepared, polish=0 ms, lock=0 ms, blockedForSync=0 ms, animations=0 ms
2026-07-14 19:24:12.559 DEBUG qt.scenegraph.time.renderer: time in renderer: total=0ms, preprocess=0, updates=0, rendering=0
2026-07-14 19:24:12.566 DEBUG qt.scenegraph.time.renderloop: [window 0x7f48b3b9a3d0][gui thread] polishAndSync: start, elapsed since last call: 6 ms
2026-07-14 19:24:12.566 DEBUG qt.scenegraph.time.renderloop: [window 0x7f48b3b9a3d0][render thread 0x7f48d880cd60] syncAndRender: frame rendered in 6ms, sync=0, render=0, swap=6
2026-07-14 19:24:12.566 DEBUG qt.scenegraph.time.renderloop: [window 0x7f48b3b9a3d0][render thread 0x7f48d880cd60] syncAndRender: start, elapsed since last call: 6 ms
2026-07-14 19:24:12.566 DEBUG qt.scenegraph.time.renderloop: [window 0x7f48b3b9a3d0][gui thread] Frame prepared, polish=0 ms, lock=0 ms, blockedForSync=0 ms, animations=0 ms
2026-07-14 19:24:12.566 DEBUG qt.scenegraph.time.renderer: time in renderer: total=0ms, preprocess=0, updates=0, rendering=0
2026-07-14 19:24:12.573 DEBUG qt.scenegraph.time.renderloop: [window 0x7f48b3b9a3d0][gui thread] polishAndSync: start, elapsed since last call: 6 ms
2026-07-14 19:24:12.573 DEBUG qt.scenegraph.time.renderloop: [window 0x7f48b3b9a3d0][render thread 0x7f48d880cd60] syncAndRender: frame rendered in 6ms, sync=0, render=0, swap=6
2026-07-14 19:24:12.573 DEBUG qt.scenegraph.time.renderloop: [window 0x7f48b3b9a3d0][render thread 0x7f48d880cd60] syncAndRender: start, elapsed since last call: 6 ms
2026-07-14 19:24:12.573 DEBUG qt.scenegraph.time.renderloop: [window 0x7f48b3b9a3d0][gui thread] Frame prepared, polish=0 ms, lock=0 ms, blockedForSync=0 ms, animations=0 ms
2026-07-14 19:24:12.573 DEBUG qt.scenegraph.time.renderer: time in renderer: total=0ms, preprocess=0, updates=0, rendering=0
2026-07-14 19:24:12.577 DEBUG qt.scenegraph.time.renderloop: [window 0x7f48b5903e40][gui thread] polishAndSync: start, elapsed since last call: 24 ms
2026-07-14 19:24:12.577 DEBUG qt.scenegraph.time.renderloop: [window 0x7f48b5903e40][render thread 0x7f48b57a2c20] syncAndRender: start, elapsed since last call: 25 ms
2026-07-14 19:24:12.577 DEBUG qt.scenegraph.time.renderloop: [window 0x7f48b5903e40][gui thread] Frame prepared, polish=0 ms, lock=0 ms, blockedForSync=0 ms, animations=0 ms
2026-07-14 19:24:12.577 DEBUG qt.scenegraph.time.renderer: time in renderer: total=0ms, preprocess=0, updates=0, rendering=0
2026-07-14 19:24:12.577 DEBUG qt.scenegraph.time.renderloop: [window 0x7f48b5903e40][render thread 0x7f48b57a2c20] syncAndRender: frame rendered in 0ms, sync=0, render=0, swap=0
2026-07-14 19:24:12.580 DEBUG qt.scenegraph.time.renderloop: [window 0x7f48b5903e40][gui thread] polishAndSync: start, elapsed since last call: 3 ms
2026-07-14 19:24:12.580 DEBUG qt.scenegraph.time.renderloop: [window 0x7f48b3b9a3d0][render thread 0x7f48d880cd60] syncAndRender: frame rendered in 6ms, sync=0, render=0, swap=6
2026-07-14 19:24:12.580 DEBUG qt.scenegraph.time.renderloop: [window 0x7f48b5903e40][render thread 0x7f48b57a2c20] syncAndRender: start, elapsed since last call: 2 ms
2026-07-14 19:24:12.580 DEBUG qt.scenegraph.time.renderloop: [window 0x7f48b5903e40][gui thread] Frame prepared, polish=0 ms, lock=0 ms, blockedForSync=0 ms, animations=0 ms
2026-07-14 19:24:12.580 DEBUG qt.scenegraph.time.renderloop: [window 0x7f48b3b9a3d0][gui thread] polishAndSync: start, elapsed since last call: 7 ms
2026-07-14 19:24:12.580 DEBUG qt.scenegraph.time.renderloop: [window 0x7f48b3b9a3d0][render thread 0x7f48d880cd60] syncAndRender: start, elapsed since last call: 7 ms
2026-07-14 19:24:12.580 DEBUG qt.scenegraph.time.renderloop: [window 0x7f48b3b9a3d0][gui thread] Frame prepared, polish=0 ms, lock=0 ms, blockedForSync=0 ms, animations=0 ms
2026-07-14 19:24:12.580 DEBUG qt.scenegraph.time.renderer: time in renderer: total=0ms, preprocess=0, updates=0, rendering=0
2026-07-14 19:24:12.580 DEBUG qt.scenegraph.time.renderer: time in renderer: total=0ms, preprocess=0, updates=0, rendering=0
2026-07-14 19:24:12.580 DEBUG qt.scenegraph.time.renderloop: [window 0x7f48b5903e40][render thread 0x7f48b57a2c20] syncAndRender: frame rendered in 0ms, sync=0, render=0, swap=0
2026-07-14 19:24:12.587 DEBUG qt.scenegraph.time.renderloop: [window 0x7f48b3b9a3d0][gui thread] polishAndSync: start, elapsed since last call: 6 ms
2026-07-14 19:24:12.587 DEBUG qt.scenegraph.time.renderloop: [window 0x7f48b3b9a3d0][render thread 0x7f48d880cd60] syncAndRender: frame rendered in 6ms, sync=0, render=0, swap=6
2026-07-14 19:24:12.587 DEBUG qt.scenegraph.time.renderloop: [window 0x7f48b3b9a3d0][render thread 0x7f48d880cd60] syncAndRender: start, elapsed since last call: 7 ms
2026-07-14 19:24:12.587 DEBUG qt.scenegraph.time.renderloop: [window 0x7f48b3b9a3d0][gui thread] Frame prepared, polish=0 ms, lock=0 ms, blockedForSync=0 ms, animations=0 ms
2026-07-14 19:24:12.587 DEBUG qt.scenegraph.time.renderer: time in renderer: total=0ms, preprocess=0, updates=0, rendering=0
2026-07-14 19:24:12.594 DEBUG qt.scenegraph.time.renderloop: [window 0x7f48b3b9a3d0][gui thread] polishAndSync: start, elapsed since last call: 6 ms
2026-07-14 19:24:12.594 DEBUG qt.scenegraph.time.renderloop: [window 0x7f48b3b9a3d0][render thread 0x7f48d880cd60] syncAndRender: frame rendered in 6ms, sync=0, render=0, swap=6
2026-07-14 19:24:12.594 DEBUG qt.scenegraph.time.renderloop: [window 0x7f48b3b9a3d0][render thread 0x7f48d880cd60] syncAndRender: start, elapsed since last call: 6 ms
2026-07-14 19:24:12.594 DEBUG qt.scenegraph.time.renderloop: [window 0x7f48b3b9a3d0][gui thread] Frame prepared, polish=0 ms, lock=0 ms, blockedForSync=0 ms, animations=0 ms
2026-07-14 19:24:12.594 DEBUG qt.scenegraph.time.renderer: time in renderer: total=0ms, preprocess=0, updates=0, rendering=0
2026-07-14 19:24:12.601 DEBUG qt.scenegraph.time.renderloop: [window 0x7f48b3b9a3d0][gui thread] polishAndSync: start, elapsed since last call: 6 ms
2026-07-14 19:24:12.601 DEBUG qt.scenegraph.time.renderloop: [window 0x7f48b3b9a3d0][render thread 0x7f48d880cd60] syncAndRender: frame rendered in 6ms, sync=0, render=0, swap=6
2026-07-14 19:24:12.601 DEBUG qt.scenegraph.time.renderloop: [window 0x7f48b3b9a3d0][render thread 0x7f48d880cd60] syncAndRender: start, elapsed since last call: 6 ms
2026-07-14 19:24:12.601 DEBUG qt.scenegraph.time.renderloop: [window 0x7f48b3b9a3d0][gui thread] Frame prepared, polish=0 ms, lock=0 ms, blockedForSync=0 ms, animations=0 ms
2026-07-14 19:24:12.601 DEBUG qt.scenegraph.time.renderer: time in renderer: total=0ms, preprocess=0, updates=0, rendering=0
2026-07-14 19:24:12.606 DEBUG qt.scenegraph.time.renderloop: [window 0x7f48b5903e40][gui thread] polishAndSync: start, elapsed since last call: 26 ms
2026-07-14 19:24:12.607 DEBUG qt.scenegraph.time.renderloop: [window 0x7f48b5903e40][render thread 0x7f48b57a2c20] syncAndRender: start, elapsed since last call: 27 ms
2026-07-14 19:24:12.607 DEBUG qt.scenegraph.time.renderloop: [window 0x7f48b5903e40][gui thread] Frame prepared, polish=0 ms, lock=0 ms, blockedForSync=0 ms, animations=0 ms
2026-07-14 19:24:12.607 DEBUG qt.scenegraph.time.renderer: time in renderer: total=0ms, preprocess=0, updates=0, rendering=0
2026-07-14 19:24:12.607 DEBUG qt.scenegraph.time.renderloop: [window 0x7f48b5903e40][render thread 0x7f48b57a2c20] syncAndRender: frame rendered in 0ms, sync=0, render=0, swap=0
2026-07-14 19:24:12.608 DEBUG qt.scenegraph.time.renderloop: [window 0x7f48b3b9a3d0][gui thread] polishAndSync: start, elapsed since last call: 7 ms
2026-07-14 19:24:12.608 DEBUG qt.scenegraph.time.renderloop: [window 0x7f48b3b9a3d0][render thread 0x7f48d880cd60] syncAndRender: frame rendered in 7ms, sync=0, render=0, swap=6
2026-07-14 19:24:12.608 DEBUG qt.scenegraph.time.renderloop: [window 0x7f48b3b9a3d0][render thread 0x7f48d880cd60] syncAndRender: start, elapsed since last call: 7 ms
2026-07-14 19:24:12.608 DEBUG qt.scenegraph.time.renderloop: [window 0x7f48b3b9a3d0][gui thread] Frame prepared, polish=0 ms, lock=0 ms, blockedForSync=0 ms, animations=0 ms
2026-07-14 19:24:12.608 DEBUG qt.scenegraph.time.renderer: time in renderer: total=0ms, preprocess=0, updates=0, rendering=0
2026-07-14 19:24:12.614 DEBUG qt.scenegraph.time.renderloop: [window 0x7f48b5903e40][gui thread] polishAndSync: start, elapsed since last call: 7 ms
2026-07-14 19:24:12.614 DEBUG qt.scenegraph.time.renderloop: [window 0x7f48b3b9a3d0][render thread 0x7f48d880cd60] syncAndRender: frame rendered in 6ms, sync=0, render=0, swap=6
2026-07-14 19:24:12.614 DEBUG qt.scenegraph.time.renderloop: [window 0x7f48b5903e40][render thread 0x7f48b57a2c20] syncAndRender: start, elapsed since last call: 7 ms
2026-07-14 19:24:12.614 DEBUG qt.scenegraph.time.renderloop: [window 0x7f48b5903e40][gui thread] Frame prepared, polish=0 ms, lock=0 ms, blockedForSync=0 ms, animations=0 ms
2026-07-14 19:24:12.614 DEBUG qt.scenegraph.time.renderloop: [window 0x7f48b3b9a3d0][gui thread] polishAndSync: start, elapsed since last call: 6 ms
2026-07-14 19:24:12.614 DEBUG qt.scenegraph.time.renderloop: [window 0x7f48b3b9a3d0][render thread 0x7f48d880cd60] syncAndRender: start, elapsed since last call: 6 ms
2026-07-14 19:24:12.615 DEBUG qt.scenegraph.time.renderloop: [window 0x7f48b3b9a3d0][gui thread] Frame prepared, polish=0 ms, lock=0 ms, blockedForSync=0 ms, animations=0 ms
2026-07-14 19:24:12.615 DEBUG qt.scenegraph.time.renderer: time in renderer: total=0ms, preprocess=0, updates=0, rendering=0
2026-07-14 19:24:12.615 DEBUG qt.scenegraph.time.renderer: time in renderer: total=0ms, preprocess=0, updates=0, rendering=0
2026-07-14 19:24:12.615 DEBUG qt.scenegraph.time.renderloop: [window 0x7f48b5903e40][render thread 0x7f48b57a2c20] syncAndRender: frame rendered in 0ms, sync=0, render=0, swap=0
2026-07-14 19:24:12.621 DEBUG qt.scenegraph.time.renderloop: [window 0x7f48b3b9a3d0][render thread 0x7f48d880cd60] syncAndRender: frame rendered in 6ms, sync=0, render=0, swap=6
2026-07-14 19:24:12.622 DEBUG qt.scenegraph.time.renderloop: [window 0x7f48b5903e40][gui thread] polishAndSync: start, elapsed since last call: 7 ms
2026-07-14 19:24:12.622 DEBUG qt.scenegraph.time.renderloop: [window 0x7f48b5903e40][render thread 0x7f48b57a2c20] syncAndRender: start, elapsed since last call: 7 ms
2026-07-14 19:24:12.622 DEBUG qt.scenegraph.time.renderloop: [window 0x7f48b5903e40][gui thread] Frame prepared, polish=0 ms, lock=0 ms, blockedForSync=0 ms, animations=0 ms
2026-07-14 19:24:12.622 DEBUG qt.scenegraph.time.renderloop: [window 0x7f48b5903e40][gui thread] polishAndSync: start, elapsed since last call: 0 ms
2026-07-14 19:24:12.622 DEBUG qt.scenegraph.time.renderer: time in renderer: total=0ms, preprocess=0, updates=0, rendering=0
2026-07-14 19:24:12.622 DEBUG qt.scenegraph.time.renderloop: [window 0x7f48b5903e40][render thread 0x7f48b57a2c20] syncAndRender: frame rendered in 0ms, sync=0, render=0, swap=0
2026-07-14 19:24:12.622 DEBUG qt.scenegraph.time.renderloop: [window 0x7f48b5903e40][render thread 0x7f48b57a2c20] syncAndRender: start, elapsed since last call: 0 ms
2026-07-14 19:24:12.622 DEBUG qt.scenegraph.time.renderer: time in renderer: total=0ms, preprocess=0, updates=0, rendering=0
2026-07-14 19:24:12.622 DEBUG qt.scenegraph.time.renderloop: [window 0x7f48b5903e40][gui thread] Frame prepared, polish=0 ms, lock=0 ms, blockedForSync=0 ms, animations=0 ms
2026-07-14 19:24:12.622 DEBUG qt.scenegraph.general: Total time spent on pipeline creation during the lifetime of the QRhi 0x7f489aa0c008 was 0 ms
2026-07-14 19:24:12.622 DEBUG qt.scenegraph.general: Writing pipeline cache contents (106055 bytes) for QRhi 0x7f489aa0c008 to '/home/alarisco/.cache/quickshell/qtpipelinecache-x86_64-little_endian-lp64/qqpc_opengl'
2026-07-14 19:24:12.629 DEBUG qt.scenegraph.time.renderloop: [window 0x7f48b5903e40][render thread 0x7f48b57a2c20] syncAndRender: frame rendered in 6ms, sync=0, render=0, swap=6
2026-07-14 19:24:12.629 DEBUG qt.scenegraph.time.renderloop: [window 0x7f48b5903e40][gui thread] polishAndSync: start, elapsed since last call: 7 ms
2026-07-14 19:24:12.629 DEBUG qt.scenegraph.time.renderloop: [window 0x7f48b5903e40][render thread 0x7f48b57a2c20] syncAndRender: start, elapsed since last call: 7 ms
2026-07-14 19:24:12.629 DEBUG qt.scenegraph.time.renderloop: [window 0x7f48b5903e40][gui thread] Frame prepared, polish=0 ms, lock=0 ms, blockedForSync=0 ms, animations=0 ms
2026-07-14 19:24:12.629 DEBUG qt.scenegraph.time.renderer: time in renderer: total=0ms, preprocess=0, updates=0, rendering=0
2026-07-14 19:24:12.635 DEBUG qt.scenegraph.time.renderloop: [window 0x7f48b5903e40][gui thread] polishAndSync: start, elapsed since last call: 6 ms
2026-07-14 19:24:12.635 DEBUG qt.scenegraph.time.renderloop: [window 0x7f48b5903e40][render thread 0x7f48b57a2c20] syncAndRender: frame rendered in 6ms, sync=0, render=0, swap=6
2026-07-14 19:24:12.636 DEBUG qt.scenegraph.time.renderloop: [window 0x7f48b5903e40][render thread 0x7f48b57a2c20] syncAndRender: start, elapsed since last call: 6 ms
2026-07-14 19:24:12.636 DEBUG qt.scenegraph.time.renderloop: [window 0x7f48b5903e40][gui thread] Frame prepared, polish=0 ms, lock=0 ms, blockedForSync=0 ms, animations=0 ms
2026-07-14 19:24:12.636 DEBUG qt.scenegraph.time.renderer: time in renderer: total=0ms, preprocess=0, updates=0, rendering=0
2026-07-14 19:24:12.642 DEBUG qt.scenegraph.time.renderloop: [window 0x7f48b5903e40][gui thread] polishAndSync: start, elapsed since last call: 6 ms
2026-07-14 19:24:12.642 DEBUG qt.scenegraph.time.renderloop: [window 0x7f48b5903e40][render thread 0x7f48b57a2c20] syncAndRender: frame rendered in 6ms, sync=0, render=0, swap=6
2026-07-14 19:24:12.642 DEBUG qt.scenegraph.time.renderloop: [window 0x7f48b5903e40][render thread 0x7f48b57a2c20] syncAndRender: start, elapsed since last call: 6 ms
2026-07-14 19:24:12.642 DEBUG qt.scenegraph.time.renderloop: [window 0x7f48b5903e40][gui thread] Frame prepared, polish=0 ms, lock=0 ms, blockedForSync=0 ms, animations=0 ms
2026-07-14 19:24:12.642 DEBUG qt.scenegraph.time.renderer: time in renderer: total=0ms, preprocess=0, updates=0, rendering=0
2026-07-14 19:24:12.649 DEBUG qt.scenegraph.time.renderloop: [window 0x7f48b5903e40][render thread 0x7f48b57a2c20] syncAndRender: frame rendered in 6ms, sync=0, render=0, swap=6
2026-07-14 19:24:12.686 DEBUG qt.scenegraph.time.renderloop: [window 0x7f48b5903e40][gui thread] polishAndSync: start, elapsed since last call: 43 ms
2026-07-14 19:24:12.686 DEBUG qt.scenegraph.time.renderloop: [window 0x7f48b5903e40][render thread 0x7f48b57a2c20] syncAndRender: start, elapsed since last call: 43 ms
2026-07-14 19:24:12.686 DEBUG qt.scenegraph.time.renderloop: [window 0x7f48b5903e40][gui thread] Frame prepared, polish=0 ms, lock=0 ms, blockedForSync=0 ms, animations=0 ms
2026-07-14 19:24:12.686 DEBUG qt.scenegraph.time.renderer: time in renderer: total=0ms, preprocess=0, updates=0, rendering=0
2026-07-14 19:24:12.686 DEBUG qt.scenegraph.time.renderloop: [window 0x7f48b5903e40][render thread 0x7f48b57a2c20] syncAndRender: frame rendered in 0ms, sync=0, render=0, swap=0
2026-07-14 19:24:12.691 DEBUG qt.scenegraph.time.renderloop: [window 0x7f48b5903e40][gui thread] polishAndSync: start, elapsed since last call: 5 ms
2026-07-14 19:24:12.691 DEBUG qt.scenegraph.time.renderloop: [window 0x7f48b5903e40][render thread 0x7f48b57a2c20] syncAndRender: start, elapsed since last call: 5 ms
2026-07-14 19:24:12.691 DEBUG qt.scenegraph.time.renderloop: [window 0x7f48b5903e40][gui thread] Frame prepared, polish=0 ms, lock=0 ms, blockedForSync=0 ms, animations=0 ms
2026-07-14 19:24:12.691 DEBUG qt.scenegraph.time.renderer: time in renderer: total=0ms, preprocess=0, updates=0, rendering=0
2026-07-14 19:24:12.691 DEBUG qt.scenegraph.time.renderloop: [window 0x7f48b5903e40][render thread 0x7f48b57a2c20] syncAndRender: frame rendered in 0ms, sync=0, render=0, swap=0
2026-07-14 19:24:12.719 DEBUG qt.scenegraph.time.renderloop: [window 0x7f48b5903e40][gui thread] polishAndSync: start, elapsed since last call: 28 ms
2026-07-14 19:24:12.719 DEBUG qt.scenegraph.time.renderloop: [window 0x7f48b5903e40][render thread 0x7f48b57a2c20] syncAndRender: start, elapsed since last call: 28 ms
2026-07-14 19:24:12.719 DEBUG qt.scenegraph.time.renderloop: [window 0x7f48b5903e40][gui thread] Frame prepared, polish=0 ms, lock=0 ms, blockedForSync=0 ms, animations=0 ms
2026-07-14 19:24:12.719 DEBUG qt.scenegraph.time.renderer: time in renderer: total=0ms, preprocess=0, updates=0, rendering=0
2026-07-14 19:24:12.720 DEBUG qt.scenegraph.time.renderloop: [window 0x7f48b5903e40][render thread 0x7f48b57a2c20] syncAndRender: frame rendered in 0ms, sync=0, render=0, swap=0
2026-07-14 19:24:12.726 DEBUG qt.scenegraph.time.renderloop: [window 0x7f48b5903e40][gui thread] polishAndSync: start, elapsed since last call: 6 ms
2026-07-14 19:24:12.726 DEBUG qt.scenegraph.time.renderloop: [window 0x7f48b5903e40][render thread 0x7f48b57a2c20] syncAndRender: start, elapsed since last call: 6 ms
2026-07-14 19:24:12.726 DEBUG qt.scenegraph.time.renderloop: [window 0x7f48b5903e40][gui thread] Frame prepared, polish=0 ms, lock=0 ms, blockedForSync=0 ms, animations=0 ms
2026-07-14 19:24:12.726 DEBUG qt.scenegraph.time.renderer: time in renderer: total=0ms, preprocess=0, updates=0, rendering=0
2026-07-14 19:24:12.726 DEBUG qt.scenegraph.time.renderloop: [window 0x7f48b5903e40][render thread 0x7f48b57a2c20] syncAndRender: frame rendered in 0ms, sync=0, render=0, swap=0
2026-07-14 19:24:12.753 DEBUG qt.scenegraph.time.renderloop: [window 0x7f48b5903e40][gui thread] polishAndSync: start, elapsed since last call: 27 ms
2026-07-14 19:24:12.753 DEBUG qt.scenegraph.time.renderloop: [window 0x7f48b5903e40][render thread 0x7f48b57a2c20] syncAndRender: start, elapsed since last call: 27 ms
2026-07-14 19:24:12.753 DEBUG qt.scenegraph.time.renderloop: [window 0x7f48b5903e40][gui thread] Frame prepared, polish=0 ms, lock=0 ms, blockedForSync=0 ms, animations=0 ms
2026-07-14 19:24:12.753 DEBUG qt.scenegraph.time.renderer: time in renderer: total=0ms, preprocess=0, updates=0, rendering=0
2026-07-14 19:24:12.754 DEBUG qt.scenegraph.time.renderloop: [window 0x7f48b5903e40][render thread 0x7f48b57a2c20] syncAndRender: frame rendered in 0ms, sync=0, render=0, swap=0
2026-07-14 19:24:12.760 DEBUG qt.scenegraph.time.renderloop: [window 0x7f48b5903e40][gui thread] polishAndSync: start, elapsed since last call: 7 ms
2026-07-14 19:24:12.760 DEBUG qt.scenegraph.time.renderloop: [window 0x7f48b5903e40][render thread 0x7f48b57a2c20] syncAndRender: start, elapsed since last call: 7 ms
2026-07-14 19:24:12.760 DEBUG qt.scenegraph.time.renderloop: [window 0x7f48b5903e40][gui thread] Frame prepared, polish=0 ms, lock=0 ms, blockedForSync=0 ms, animations=0 ms
2026-07-14 19:24:12.760 DEBUG qt.scenegraph.time.renderer: time in renderer: total=0ms, preprocess=0, updates=0, rendering=0
2026-07-14 19:24:12.761 DEBUG qt.scenegraph.time.renderloop: [window 0x7f48b5903e40][render thread 0x7f48b57a2c20] syncAndRender: frame rendered in 0ms, sync=0, render=0, swap=0
2026-07-14 19:24:12.786 DEBUG qt.scenegraph.time.renderloop: [window 0x7f48b5903e40][gui thread] polishAndSync: start, elapsed since last call: 25 ms
2026-07-14 19:24:12.786 DEBUG qt.scenegraph.time.renderloop: [window 0x7f48b5903e40][render thread 0x7f48b57a2c20] syncAndRender: start, elapsed since last call: 25 ms
2026-07-14 19:24:12.786 DEBUG qt.scenegraph.time.renderloop: [window 0x7f48b5903e40][gui thread] Frame prepared, polish=0 ms, lock=0 ms, blockedForSync=0 ms, animations=0 ms
2026-07-14 19:24:12.786 DEBUG qt.scenegraph.time.renderer: time in renderer: total=0ms, preprocess=0, updates=0, rendering=0
2026-07-14 19:24:12.786 DEBUG qt.scenegraph.time.renderloop: [window 0x7f48b5903e40][render thread 0x7f48b57a2c20] syncAndRender: frame rendered in 0ms, sync=0, render=0, swap=0
2026-07-14 19:24:12.788 DEBUG qt.scenegraph.time.renderloop: [window 0x7f48b5903e40][gui thread] polishAndSync: start, elapsed since last call: 2 ms
2026-07-14 19:24:12.788 DEBUG qt.scenegraph.time.renderloop: [window 0x7f48b5903e40][render thread 0x7f48b57a2c20] syncAndRender: start, elapsed since last call: 2 ms
2026-07-14 19:24:12.788 DEBUG qt.scenegraph.time.renderloop: [window 0x7f48b5903e40][gui thread] Frame prepared, polish=0 ms, lock=0 ms, blockedForSync=0 ms, animations=0 ms
2026-07-14 19:24:12.788 DEBUG qt.scenegraph.time.renderer: time in renderer: total=0ms, preprocess=0, updates=0, rendering=0
2026-07-14 19:24:12.788 DEBUG qt.scenegraph.time.renderloop: [window 0x7f48b5903e40][render thread 0x7f48b57a2c20] syncAndRender: frame rendered in 0ms, sync=0, render=0, swap=0
2026-07-14 19:24:12.818 DEBUG qt.scenegraph.time.renderloop: [window 0x7f48b5903e40][gui thread] polishAndSync: start, elapsed since last call: 30 ms
2026-07-14 19:24:12.819 DEBUG qt.scenegraph.time.renderloop: [window 0x7f48b5903e40][render thread 0x7f48b57a2c20] syncAndRender: start, elapsed since last call: 30 ms
2026-07-14 19:24:12.819 DEBUG qt.scenegraph.time.renderloop: [window 0x7f48b5903e40][gui thread] Frame prepared, polish=0 ms, lock=0 ms, blockedForSync=0 ms, animations=0 ms
2026-07-14 19:24:12.819 DEBUG qt.scenegraph.time.renderer: time in renderer: total=0ms, preprocess=0, updates=0, rendering=0
2026-07-14 19:24:12.819 DEBUG qt.scenegraph.time.renderloop: [window 0x7f48b5903e40][render thread 0x7f48b57a2c20] syncAndRender: frame rendered in 0ms, sync=0, render=0, swap=0
2026-07-14 19:24:12.823 DEBUG qt.scenegraph.time.renderloop: [window 0x7f48b5903e40][gui thread] polishAndSync: start, elapsed since last call: 4 ms
2026-07-14 19:24:12.823 DEBUG qt.scenegraph.time.renderloop: [window 0x7f48b5903e40][render thread 0x7f48b57a2c20] syncAndRender: start, elapsed since last call: 4 ms
2026-07-14 19:24:12.823 DEBUG qt.scenegraph.time.renderloop: [window 0x7f48b5903e40][gui thread] Frame prepared, polish=0 ms, lock=0 ms, blockedForSync=0 ms, animations=0 ms
2026-07-14 19:24:12.823 DEBUG qt.scenegraph.time.renderer: time in renderer: total=0ms, preprocess=0, updates=0, rendering=0
2026-07-14 19:24:12.823 DEBUG qt.scenegraph.time.renderloop: [window 0x7f48b5903e40][render thread 0x7f48b57a2c20] syncAndRender: frame rendered in 0ms, sync=0, render=0, swap=0
2026-07-14 19:24:12.851 DEBUG qt.scenegraph.time.renderloop: [window 0x7f48b5903e40][gui thread] polishAndSync: start, elapsed since last call: 28 ms
2026-07-14 19:24:12.851 DEBUG qt.scenegraph.time.renderloop: [window 0x7f48b5903e40][render thread 0x7f48b57a2c20] syncAndRender: start, elapsed since last call: 28 ms
2026-07-14 19:24:12.851 DEBUG qt.scenegraph.time.renderloop: [window 0x7f48b5903e40][gui thread] Frame prepared, polish=0 ms, lock=0 ms, blockedForSync=0 ms, animations=0 ms
2026-07-14 19:24:12.851 DEBUG qt.scenegraph.time.renderer: time in renderer: total=0ms, preprocess=0, updates=0, rendering=0
2026-07-14 19:24:12.851 DEBUG qt.scenegraph.time.renderloop: [window 0x7f48b5903e40][render thread 0x7f48b57a2c20] syncAndRender: frame rendered in 0ms, sync=0, render=0, swap=0
2026-07-14 19:24:12.858 DEBUG qt.scenegraph.time.renderloop: [window 0x7f48b5903e40][gui thread] polishAndSync: start, elapsed since last call: 6 ms
2026-07-14 19:24:12.858 DEBUG qt.scenegraph.time.renderloop: [window 0x7f48b5903e40][render thread 0x7f48b57a2c20] syncAndRender: start, elapsed since last call: 6 ms
2026-07-14 19:24:12.858 DEBUG qt.scenegraph.time.renderloop: [window 0x7f48b5903e40][gui thread] Frame prepared, polish=0 ms, lock=0 ms, blockedForSync=0 ms, animations=0 ms
2026-07-14 19:24:12.858 DEBUG qt.scenegraph.time.renderer: time in renderer: total=0ms, preprocess=0, updates=0, rendering=0
2026-07-14 19:24:12.858 DEBUG qt.scenegraph.time.renderloop: [window 0x7f48b5903e40][render thread 0x7f48b57a2c20] syncAndRender: frame rendered in 0ms, sync=0, render=0, swap=0
2026-07-14 19:24:12.885 DEBUG qt.scenegraph.time.renderloop: [window 0x7f48b5903e40][gui thread] polishAndSync: start, elapsed since last call: 27 ms
2026-07-14 19:24:12.885 DEBUG qt.scenegraph.time.renderloop: [window 0x7f48b5903e40][render thread 0x7f48b57a2c20] syncAndRender: start, elapsed since last call: 27 ms
2026-07-14 19:24:12.885 DEBUG qt.scenegraph.time.renderloop: [window 0x7f48b5903e40][gui thread] Frame prepared, polish=0 ms, lock=0 ms, blockedForSync=0 ms, animations=0 ms
2026-07-14 19:24:12.885 DEBUG qt.scenegraph.time.renderer: time in renderer: total=0ms, preprocess=0, updates=0, rendering=0
2026-07-14 19:24:12.885 DEBUG qt.scenegraph.time.renderloop: [window 0x7f48b5903e40][render thread 0x7f48b57a2c20] syncAndRender: frame rendered in 0ms, sync=0, render=0, swap=0
2026-07-14 19:24:12.892 DEBUG qt.scenegraph.time.renderloop: [window 0x7f48b5903e40][gui thread] polishAndSync: start, elapsed since last call: 7 ms
2026-07-14 19:24:12.892 DEBUG qt.scenegraph.time.renderloop: [window 0x7f48b5903e40][render thread 0x7f48b57a2c20] syncAndRender: start, elapsed since last call: 7 ms
2026-07-14 19:24:12.892 DEBUG qt.scenegraph.time.renderloop: [window 0x7f48b5903e40][gui thread] Frame prepared, polish=0 ms, lock=0 ms, blockedForSync=0 ms, animations=0 ms
2026-07-14 19:24:12.892 DEBUG qt.scenegraph.time.renderer: time in renderer: total=0ms, preprocess=0, updates=0, rendering=0
2026-07-14 19:24:12.893 DEBUG qt.scenegraph.time.renderloop: [window 0x7f48b5903e40][render thread 0x7f48b57a2c20] syncAndRender: frame rendered in 0ms, sync=0, render=0, swap=0
2026-07-14 19:24:12.918 DEBUG qt.scenegraph.time.renderloop: [window 0x7f48b5903e40][gui thread] polishAndSync: start, elapsed since last call: 25 ms
2026-07-14 19:24:12.920 DEBUG qt.scenegraph.time.renderloop: [window 0x7f48b5903e40][render thread 0x7f48b57a2c20] syncAndRender: start, elapsed since last call: 27 ms
2026-07-14 19:24:12.920 DEBUG qt.scenegraph.time.renderloop: [window 0x7f48b5903e40][gui thread] Frame prepared, polish=2 ms, lock=0 ms, blockedForSync=0 ms, animations=0 ms
2026-07-14 19:24:12.920 DEBUG qt.scenegraph.time.renderer: time in renderer: total=0ms, preprocess=0, updates=0, rendering=0
2026-07-14 19:24:12.920 DEBUG qt.scenegraph.time.renderloop: [window 0x7f48b5903e40][render thread 0x7f48b57a2c20] syncAndRender: frame rendered in 0ms, sync=0, render=0, swap=0
2026-07-14 19:24:12.927 DEBUG qt.scenegraph.time.renderloop: [window 0x7f48b5903e40][gui thread] polishAndSync: start, elapsed since last call: 9 ms
2026-07-14 19:24:12.927 DEBUG qt.scenegraph.time.renderloop: [window 0x7f48b5903e40][render thread 0x7f48b57a2c20] syncAndRender: start, elapsed since last call: 7 ms
2026-07-14 19:24:12.927 DEBUG qt.scenegraph.time.renderloop: [window 0x7f48b5903e40][gui thread] Frame prepared, polish=0 ms, lock=0 ms, blockedForSync=0 ms, animations=0 ms
2026-07-14 19:24:12.927 DEBUG qt.scenegraph.time.renderer: time in renderer: total=0ms, preprocess=0, updates=0, rendering=0
2026-07-14 19:24:12.928 DEBUG qt.scenegraph.time.renderloop: [window 0x7f48b5903e40][render thread 0x7f48b57a2c20] syncAndRender: frame rendered in 0ms, sync=0, render=0, swap=0
2026-07-14 19:24:12.950 DEBUG qt.scenegraph.time.renderloop: [window 0x7f48b5903e40][gui thread] polishAndSync: start, elapsed since last call: 23 ms
2026-07-14 19:24:12.951 DEBUG qt.scenegraph.time.renderloop: [window 0x7f48b5903e40][render thread 0x7f48b57a2c20] syncAndRender: start, elapsed since last call: 23 ms
2026-07-14 19:24:12.951 DEBUG qt.scenegraph.time.renderloop: [window 0x7f48b5903e40][gui thread] Frame prepared, polish=0 ms, lock=0 ms, blockedForSync=0 ms, animations=0 ms
2026-07-14 19:24:12.951 DEBUG qt.scenegraph.time.renderer: time in renderer: total=0ms, preprocess=0, updates=0, rendering=0
2026-07-14 19:24:12.951 DEBUG qt.scenegraph.time.renderloop: [window 0x7f48b5903e40][render thread 0x7f48b57a2c20] syncAndRender: frame rendered in 0ms, sync=0, render=0, swap=0
2026-07-14 19:24:12.955 DEBUG qt.scenegraph.time.renderloop: [window 0x7f48b5903e40][gui thread] polishAndSync: start, elapsed since last call: 4 ms
2026-07-14 19:24:12.955 DEBUG qt.scenegraph.time.renderloop: [window 0x7f48b5903e40][render thread 0x7f48b57a2c20] syncAndRender: start, elapsed since last call: 4 ms
2026-07-14 19:24:12.955 DEBUG qt.scenegraph.time.renderloop: [window 0x7f48b5903e40][gui thread] Frame prepared, polish=0 ms, lock=0 ms, blockedForSync=0 ms, animations=0 ms
2026-07-14 19:24:12.955 DEBUG qt.scenegraph.time.renderer: time in renderer: total=0ms, preprocess=0, updates=0, rendering=0
2026-07-14 19:24:12.955 DEBUG qt.scenegraph.time.renderloop: [window 0x7f48b5903e40][render thread 0x7f48b57a2c20] syncAndRender: frame rendered in 0ms, sync=0, render=0, swap=0
2026-07-14 19:24:12.983 DEBUG qt.scenegraph.time.renderloop: [window 0x7f48b5903e40][gui thread] polishAndSync: start, elapsed since last call: 28 ms
2026-07-14 19:24:12.983 DEBUG qt.scenegraph.time.renderloop: [window 0x7f48b5903e40][render thread 0x7f48b57a2c20] syncAndRender: start, elapsed since last call: 28 ms
2026-07-14 19:24:12.983 DEBUG qt.scenegraph.time.renderloop: [window 0x7f48b5903e40][gui thread] Frame prepared, polish=0 ms, lock=0 ms, blockedForSync=0 ms, animations=0 ms
2026-07-14 19:24:12.983 DEBUG qt.scenegraph.time.renderer: time in renderer: total=0ms, preprocess=0, updates=0, rendering=0
2026-07-14 19:24:12.984 DEBUG qt.scenegraph.time.renderloop: [window 0x7f48b5903e40][render thread 0x7f48b57a2c20] syncAndRender: frame rendered in 0ms, sync=0, render=0, swap=0
2026-07-14 19:24:12.990 DEBUG qt.scenegraph.time.renderloop: [window 0x7f48b5903e40][gui thread] polishAndSync: start, elapsed since last call: 6 ms
2026-07-14 19:24:12.990 DEBUG qt.scenegraph.time.renderloop: [window 0x7f48b5903e40][render thread 0x7f48b57a2c20] syncAndRender: start, elapsed since last call: 6 ms
2026-07-14 19:24:12.990 DEBUG qt.scenegraph.time.renderloop: [window 0x7f48b5903e40][gui thread] Frame prepared, polish=0 ms, lock=0 ms, blockedForSync=0 ms, animations=0 ms
2026-07-14 19:24:12.990 DEBUG qt.scenegraph.time.renderer: time in renderer: total=0ms, preprocess=0, updates=0, rendering=0
2026-07-14 19:24:12.990 DEBUG qt.scenegraph.time.renderloop: [window 0x7f48b5903e40][render thread 0x7f48b57a2c20] syncAndRender: frame rendered in 0ms, sync=0, render=0, swap=0
2026-07-14 19:24:13.017 DEBUG qt.scenegraph.time.renderloop: [window 0x7f48b5903e40][gui thread] polishAndSync: start, elapsed since last call: 27 ms
2026-07-14 19:24:13.017 DEBUG qt.scenegraph.time.renderloop: [window 0x7f48b5903e40][render thread 0x7f48b57a2c20] syncAndRender: start, elapsed since last call: 27 ms
2026-07-14 19:24:13.017 DEBUG qt.scenegraph.time.renderloop: [window 0x7f48b5903e40][gui thread] Frame prepared, polish=0 ms, lock=0 ms, blockedForSync=0 ms, animations=0 ms
2026-07-14 19:24:13.017 DEBUG qt.scenegraph.time.renderer: time in renderer: total=0ms, preprocess=0, updates=0, rendering=0
2026-07-14 19:24:13.017 DEBUG qt.scenegraph.time.renderloop: [window 0x7f48b5903e40][render thread 0x7f48b57a2c20] syncAndRender: frame rendered in 0ms, sync=0, render=0, swap=0
2026-07-14 19:24:13.024 DEBUG qt.scenegraph.time.renderloop: [window 0x7f48b5903e40][gui thread] polishAndSync: start, elapsed since last call: 7 ms
2026-07-14 19:24:13.024 DEBUG qt.scenegraph.time.renderloop: [window 0x7f48b5903e40][render thread 0x7f48b57a2c20] syncAndRender: start, elapsed since last call: 7 ms
2026-07-14 19:24:13.024 DEBUG qt.scenegraph.time.renderloop: [window 0x7f48b5903e40][gui thread] Frame prepared, polish=0 ms, lock=0 ms, blockedForSync=0 ms, animations=0 ms
2026-07-14 19:24:13.025 DEBUG qt.scenegraph.time.renderer: time in renderer: total=0ms, preprocess=0, updates=0, rendering=0
2026-07-14 19:24:13.025 DEBUG qt.scenegraph.time.renderloop: [window 0x7f48b5903e40][render thread 0x7f48b57a2c20] syncAndRender: frame rendered in 0ms, sync=0, render=0, swap=0
2026-07-14 19:24:13.050 DEBUG qt.scenegraph.time.renderloop: [window 0x7f48b5903e40][gui thread] polishAndSync: start, elapsed since last call: 25 ms
2026-07-14 19:24:13.050 DEBUG qt.scenegraph.time.renderloop: [window 0x7f48b5903e40][render thread 0x7f48b57a2c20] syncAndRender: start, elapsed since last call: 25 ms
2026-07-14 19:24:13.050 DEBUG qt.scenegraph.time.renderloop: [window 0x7f48b5903e40][gui thread] Frame prepared, polish=0 ms, lock=0 ms, blockedForSync=0 ms, animations=0 ms
2026-07-14 19:24:13.050 DEBUG qt.scenegraph.time.renderer: time in renderer: total=0ms, preprocess=0, updates=0, rendering=0
2026-07-14 19:24:13.050 DEBUG qt.scenegraph.time.renderloop: [window 0x7f48b5903e40][render thread 0x7f48b57a2c20] syncAndRender: frame rendered in 0ms, sync=0, render=0, swap=0
2026-07-14 19:24:13.052 DEBUG qt.scenegraph.time.renderloop: [window 0x7f48b5903e40][gui thread] polishAndSync: start, elapsed since last call: 2 ms
2026-07-14 19:24:13.052 DEBUG qt.scenegraph.time.renderloop: [window 0x7f48b5903e40][render thread 0x7f48b57a2c20] syncAndRender: start, elapsed since last call: 2 ms
2026-07-14 19:24:13.052 DEBUG qt.scenegraph.time.renderloop: [window 0x7f48b5903e40][gui thread] Frame prepared, polish=0 ms, lock=0 ms, blockedForSync=0 ms, animations=0 ms
2026-07-14 19:24:13.052 DEBUG qt.scenegraph.time.renderer: time in renderer: total=0ms, preprocess=0, updates=0, rendering=0
2026-07-14 19:24:13.053 DEBUG qt.scenegraph.time.renderloop: [window 0x7f48b5903e40][render thread 0x7f48b57a2c20] syncAndRender: frame rendered in 0ms, sync=0, render=0, swap=0
2026-07-14 19:24:13.082 DEBUG qt.scenegraph.time.renderloop: [window 0x7f48b5903e40][gui thread] polishAndSync: start, elapsed since last call: 29 ms
2026-07-14 19:24:13.083 DEBUG qt.scenegraph.time.renderloop: [window 0x7f48b5903e40][render thread 0x7f48b57a2c20] syncAndRender: start, elapsed since last call: 30 ms
2026-07-14 19:24:13.083 DEBUG qt.scenegraph.time.renderloop: [window 0x7f48b5903e40][gui thread] Frame prepared, polish=0 ms, lock=0 ms, blockedForSync=0 ms, animations=0 ms
2026-07-14 19:24:13.083 DEBUG qt.scenegraph.time.renderer: time in renderer: total=0ms, preprocess=0, updates=0, rendering=0
2026-07-14 19:24:13.083 DEBUG qt.scenegraph.time.renderloop: [window 0x7f48b5903e40][render thread 0x7f48b57a2c20] syncAndRender: frame rendered in 0ms, sync=0, render=0, swap=0
2026-07-14 19:24:13.087 DEBUG qt.scenegraph.time.renderloop: [window 0x7f48b5903e40][gui thread] polishAndSync: start, elapsed since last call: 4 ms
2026-07-14 19:24:13.087 DEBUG qt.scenegraph.time.renderloop: [window 0x7f48b5903e40][render thread 0x7f48b57a2c20] syncAndRender: start, elapsed since last call: 4 ms
2026-07-14 19:24:13.087 DEBUG qt.scenegraph.time.renderloop: [window 0x7f48b5903e40][gui thread] Frame prepared, polish=0 ms, lock=0 ms, blockedForSync=0 ms, animations=0 ms
2026-07-14 19:24:13.087 DEBUG qt.scenegraph.time.renderer: time in renderer: total=0ms, preprocess=0, updates=0, rendering=0
2026-07-14 19:24:13.088 DEBUG qt.scenegraph.time.renderloop: [window 0x7f48b5903e40][render thread 0x7f48b57a2c20] syncAndRender: frame rendered in 0ms, sync=0, render=0, swap=0
2026-07-14 19:24:13.094 DEBUG qt.scenegraph.time.renderloop: [window 0x7f48b5903e40][gui thread] polishAndSync: start, elapsed since last call: 7 ms
2026-07-14 19:24:13.095 DEBUG qt.scenegraph.time.renderloop: [window 0x7f48b5903e40][render thread 0x7f48b57a2c20] syncAndRender: start, elapsed since last call: 7 ms
2026-07-14 19:24:13.095 DEBUG qt.scenegraph.time.renderloop: [window 0x7f48b5903e40][gui thread] Frame prepared, polish=0 ms, lock=0 ms, blockedForSync=0 ms, animations=0 ms
2026-07-14 19:24:13.095 DEBUG qt.scenegraph.time.renderloop: [window 0x7f48b5903e40][gui thread] polishAndSync: start, elapsed since last call: 0 ms
2026-07-14 19:24:13.095 DEBUG qt.scenegraph.time.texture: atlastexture upload enqueued in: -9223357546021ms (16x16)
2026-07-14 19:24:13.095 DEBUG qt.scenegraph.time.texture: atlastexture upload enqueued in: -9223357546020ms (16x16)
2026-07-14 19:24:13.095 DEBUG qt.scenegraph.time.texture: atlastexture upload enqueued in: -9223357546020ms (36x14)
2026-07-14 19:24:13.095 DEBUG qt.scenegraph.time.renderer: time in renderer: total=0ms, preprocess=0, updates=0, rendering=0
2026-07-14 19:24:13.096 DEBUG qt.scenegraph.time.renderloop: [window 0x7f48b5903e40][render thread 0x7f48b57a2c20] syncAndRender: frame rendered in 1ms, sync=0, render=0, swap=0
2026-07-14 19:24:13.096 DEBUG qt.scenegraph.time.renderloop: [window 0x7f48b5903e40][render thread 0x7f48b57a2c20] syncAndRender: start, elapsed since last call: 1 ms
2026-07-14 19:24:13.096 DEBUG qt.scenegraph.time.renderloop: [window 0x7f48b5903e40][gui thread] Frame prepared, polish=0 ms, lock=0 ms, blockedForSync=1 ms, animations=0 ms
2026-07-14 19:24:13.096 DEBUG qt.scenegraph.time.renderer: time in renderer: total=0ms, preprocess=0, updates=0, rendering=0
2026-07-14 19:24:13.101 DEBUG qt.scenegraph.time.renderloop: [window 0x7f48b5903e40][gui thread] polishAndSync: start, elapsed since last call: 6 ms
2026-07-14 19:24:13.101 DEBUG qt.scenegraph.time.renderloop: [window 0x7f48b5903e40][render thread 0x7f48b57a2c20] syncAndRender: frame rendered in 5ms, sync=0, render=0, swap=5
2026-07-14 19:24:13.101 DEBUG qt.scenegraph.time.renderloop: [window 0x7f48b5903e40][render thread 0x7f48b57a2c20] syncAndRender: start, elapsed since last call: 5 ms
2026-07-14 19:24:13.101 DEBUG qt.scenegraph.time.renderloop: [window 0x7f48b5903e40][gui thread] Frame prepared, polish=0 ms, lock=0 ms, blockedForSync=0 ms, animations=0 ms
2026-07-14 19:24:13.101 DEBUG qt.scenegraph.time.texture: atlastexture upload enqueued in: -9223357546014ms (36x14)
2026-07-14 19:24:13.101 DEBUG qt.scenegraph.time.renderer: time in renderer: total=0ms, preprocess=0, updates=0, rendering=0
2026-07-14 19:24:13.108 DEBUG qt.scenegraph.time.renderloop: [window 0x7f48b5903e40][gui thread] polishAndSync: start, elapsed since last call: 6 ms
2026-07-14 19:24:13.108 DEBUG qt.scenegraph.time.renderloop: [window 0x7f48b5903e40][render thread 0x7f48b57a2c20] syncAndRender: frame rendered in 6ms, sync=0, render=0, swap=6
2026-07-14 19:24:13.108 DEBUG qt.scenegraph.time.renderloop: [window 0x7f48b5903e40][render thread 0x7f48b57a2c20] syncAndRender: start, elapsed since last call: 6 ms
2026-07-14 19:24:13.108 DEBUG qt.scenegraph.time.renderloop: [window 0x7f48b5903e40][gui thread] Frame prepared, polish=0 ms, lock=0 ms, blockedForSync=0 ms, animations=0 ms
2026-07-14 19:24:13.108 DEBUG qt.scenegraph.time.renderer: time in renderer: total=0ms, preprocess=0, updates=0, rendering=0
2026-07-14 19:24:13.115 DEBUG qt.scenegraph.time.renderloop: [window 0x7f48b5903e40][gui thread] polishAndSync: start, elapsed since last call: 7 ms
2026-07-14 19:24:13.115 DEBUG qt.scenegraph.time.renderloop: [window 0x7f48b5903e40][render thread 0x7f48b57a2c20] syncAndRender: frame rendered in 7ms, sync=0, render=0, swap=7
2026-07-14 19:24:13.115 DEBUG qt.scenegraph.time.renderloop: [window 0x7f48b5903e40][render thread 0x7f48b57a2c20] syncAndRender: start, elapsed since last call: 7 ms
2026-07-14 19:24:13.115 DEBUG qt.scenegraph.time.renderloop: [window 0x7f48b5903e40][gui thread] Frame prepared, polish=0 ms, lock=0 ms, blockedForSync=0 ms, animations=0 ms
2026-07-14 19:24:13.115 DEBUG qt.scenegraph.time.renderer: time in renderer: total=0ms, preprocess=0, updates=0, rendering=0
2026-07-14 19:24:13.122 DEBUG qt.scenegraph.time.renderloop: [window 0x7f48b5903e40][gui thread] polishAndSync: start, elapsed since last call: 6 ms
2026-07-14 19:24:13.122 DEBUG qt.scenegraph.time.renderloop: [window 0x7f48b5903e40][render thread 0x7f48b57a2c20] syncAndRender: frame rendered in 6ms, sync=0, render=0, swap=6
2026-07-14 19:24:13.122 DEBUG qt.scenegraph.time.renderloop: [window 0x7f48b5903e40][render thread 0x7f48b57a2c20] syncAndRender: start, elapsed since last call: 6 ms
2026-07-14 19:24:13.122 DEBUG qt.scenegraph.time.renderloop: [window 0x7f48b5903e40][gui thread] Frame prepared, polish=0 ms, lock=0 ms, blockedForSync=0 ms, animations=0 ms
2026-07-14 19:24:13.122 DEBUG qt.scenegraph.time.renderer: time in renderer: total=0ms, preprocess=0, updates=0, rendering=0
2026-07-14 19:24:13.129 DEBUG qt.scenegraph.time.renderloop: [window 0x7f48b5903e40][gui thread] polishAndSync: start, elapsed since last call: 6 ms
2026-07-14 19:24:13.129 DEBUG qt.scenegraph.time.renderloop: [window 0x7f48b5903e40][render thread 0x7f48b57a2c20] syncAndRender: frame rendered in 6ms, sync=0, render=0, swap=6
2026-07-14 19:24:13.129 DEBUG qt.scenegraph.time.renderloop: [window 0x7f48b5903e40][render thread 0x7f48b57a2c20] syncAndRender: start, elapsed since last call: 6 ms
2026-07-14 19:24:13.129 DEBUG qt.scenegraph.time.renderloop: [window 0x7f48b5903e40][gui thread] Frame prepared, polish=0 ms, lock=0 ms, blockedForSync=0 ms, animations=0 ms
2026-07-14 19:24:13.129 DEBUG qt.scenegraph.time.renderer: time in renderer: total=0ms, preprocess=0, updates=0, rendering=0
2026-07-14 19:24:13.136 DEBUG qt.scenegraph.time.renderloop: [window 0x7f48b5903e40][render thread 0x7f48b57a2c20] syncAndRender: frame rendered in 6ms, sync=0, render=0, swap=6
2026-07-14 19:24:13.136 DEBUG qt.scenegraph.time.renderloop: [window 0x7f48b5903e40][gui thread] polishAndSync: start, elapsed since last call: 6 ms
2026-07-14 19:24:13.136 DEBUG qt.scenegraph.time.renderloop: [window 0x7f48b5903e40][render thread 0x7f48b57a2c20] syncAndRender: start, elapsed since last call: 6 ms
2026-07-14 19:24:13.136 DEBUG qt.scenegraph.time.renderloop: [window 0x7f48b5903e40][gui thread] Frame prepared, polish=0 ms, lock=0 ms, blockedForSync=0 ms, animations=0 ms
2026-07-14 19:24:13.136 DEBUG qt.scenegraph.time.renderer: time in renderer: total=0ms, preprocess=0, updates=0, rendering=0
2026-07-14 19:24:13.143 DEBUG qt.scenegraph.time.renderloop: [window 0x7f48b5903e40][gui thread] polishAndSync: start, elapsed since last call: 7 ms
2026-07-14 19:24:13.143 DEBUG qt.scenegraph.time.renderloop: [window 0x7f48b5903e40][render thread 0x7f48b57a2c20] syncAndRender: frame rendered in 7ms, sync=0, render=0, swap=6
2026-07-14 19:24:13.143 DEBUG qt.scenegraph.time.renderloop: [window 0x7f48b5903e40][render thread 0x7f48b57a2c20] syncAndRender: start, elapsed since last call: 7 ms
2026-07-14 19:24:13.143 DEBUG qt.scenegraph.time.renderloop: [window 0x7f48b5903e40][gui thread] Frame prepared, polish=0 ms, lock=0 ms, blockedForSync=0 ms, animations=0 ms
2026-07-14 19:24:13.143 DEBUG qt.scenegraph.time.renderer: time in renderer: total=0ms, preprocess=0, updates=0, rendering=0
2026-07-14 19:24:13.150 DEBUG qt.scenegraph.time.renderloop: [window 0x7f48b5903e40][gui thread] polishAndSync: start, elapsed since last call: 6 ms
2026-07-14 19:24:13.150 DEBUG qt.scenegraph.time.renderloop: [window 0x7f48b5903e40][render thread 0x7f48b57a2c20] syncAndRender: frame rendered in 6ms, sync=0, render=0, swap=6
2026-07-14 19:24:13.150 DEBUG qt.scenegraph.time.renderloop: [window 0x7f48b5903e40][render thread 0x7f48b57a2c20] syncAndRender: start, elapsed since last call: 7 ms
2026-07-14 19:24:13.150 DEBUG qt.scenegraph.time.renderloop: [window 0x7f48b5903e40][gui thread] Frame prepared, polish=0 ms, lock=0 ms, blockedForSync=0 ms, animations=0 ms
2026-07-14 19:24:13.150 DEBUG qt.scenegraph.time.renderer: time in renderer: total=0ms, preprocess=0, updates=0, rendering=0
2026-07-14 19:24:13.156 DEBUG qt.scenegraph.time.renderloop: [window 0x7f48b5903e40][gui thread] polishAndSync: start, elapsed since last call: 6 ms
2026-07-14 19:24:13.156 DEBUG qt.scenegraph.time.renderloop: [window 0x7f48b5903e40][render thread 0x7f48b57a2c20] syncAndRender: frame rendered in 6ms, sync=0, render=0, swap=6
2026-07-14 19:24:13.156 DEBUG qt.scenegraph.time.renderloop: [window 0x7f48b5903e40][render thread 0x7f48b57a2c20] syncAndRender: start, elapsed since last call: 6 ms
2026-07-14 19:24:13.157 DEBUG qt.scenegraph.time.renderloop: [window 0x7f48b5903e40][gui thread] Frame prepared, polish=0 ms, lock=0 ms, blockedForSync=0 ms, animations=0 ms
2026-07-14 19:24:13.157 DEBUG qt.scenegraph.time.renderer: time in renderer: total=0ms, preprocess=0, updates=0, rendering=0
2026-07-14 19:24:13.163 DEBUG qt.scenegraph.time.renderloop: [window 0x7f48b5903e40][gui thread] polishAndSync: start, elapsed since last call: 7 ms
2026-07-14 19:24:13.163 DEBUG qt.scenegraph.time.renderloop: [window 0x7f48b5903e40][render thread 0x7f48b57a2c20] syncAndRender: frame rendered in 7ms, sync=0, render=0, swap=6
2026-07-14 19:24:13.164 DEBUG qt.scenegraph.time.renderloop: [window 0x7f48b5903e40][render thread 0x7f48b57a2c20] syncAndRender: start, elapsed since last call: 7 ms
2026-07-14 19:24:13.164 DEBUG qt.scenegraph.time.renderloop: [window 0x7f48b5903e40][gui thread] Frame prepared, polish=0 ms, lock=0 ms, blockedForSync=0 ms, animations=0 ms
2026-07-14 19:24:13.164 DEBUG qt.scenegraph.time.renderer: time in renderer: total=0ms, preprocess=0, updates=0, rendering=0
2026-07-14 19:24:13.171 DEBUG qt.scenegraph.time.renderloop: [window 0x7f48b5903e40][gui thread] polishAndSync: start, elapsed since last call: 7 ms
2026-07-14 19:24:13.171 DEBUG qt.scenegraph.time.renderloop: [window 0x7f48b5903e40][render thread 0x7f48b57a2c20] syncAndRender: frame rendered in 6ms, sync=0, render=0, swap=6
2026-07-14 19:24:13.171 DEBUG qt.scenegraph.time.renderloop: [window 0x7f48b5903e40][render thread 0x7f48b57a2c20] syncAndRender: start, elapsed since last call: 7 ms
2026-07-14 19:24:13.171 DEBUG qt.scenegraph.time.renderloop: [window 0x7f48b5903e40][gui thread] Frame prepared, polish=0 ms, lock=0 ms, blockedForSync=0 ms, animations=0 ms
2026-07-14 19:24:13.171 DEBUG qt.scenegraph.time.renderer: time in renderer: total=0ms, preprocess=0, updates=0, rendering=0
2026-07-14 19:24:13.177 DEBUG qt.scenegraph.time.renderloop: [window 0x7f48b5903e40][gui thread] polishAndSync: start, elapsed since last call: 6 ms
2026-07-14 19:24:13.177 DEBUG qt.scenegraph.time.renderloop: [window 0x7f48b5903e40][render thread 0x7f48b57a2c20] syncAndRender: frame rendered in 6ms, sync=0, render=0, swap=6
2026-07-14 19:24:13.178 DEBUG qt.scenegraph.time.renderloop: [window 0x7f48b5903e40][render thread 0x7f48b57a2c20] syncAndRender: start, elapsed since last call: 7 ms
2026-07-14 19:24:13.178 DEBUG qt.scenegraph.time.renderloop: [window 0x7f48b5903e40][gui thread] Frame prepared, polish=0 ms, lock=0 ms, blockedForSync=0 ms, animations=0 ms
2026-07-14 19:24:13.178 DEBUG qt.scenegraph.time.renderer: time in renderer: total=0ms, preprocess=0, updates=0, rendering=0
2026-07-14 19:24:13.184 DEBUG qt.scenegraph.time.renderloop: [window 0x7f48b5903e40][gui thread] polishAndSync: start, elapsed since last call: 6 ms
2026-07-14 19:24:13.184 DEBUG qt.scenegraph.time.renderloop: [window 0x7f48b5903e40][render thread 0x7f48b57a2c20] syncAndRender: frame rendered in 6ms, sync=0, render=0, swap=6
2026-07-14 19:24:13.184 DEBUG qt.scenegraph.time.renderloop: [window 0x7f48b5903e40][render thread 0x7f48b57a2c20] syncAndRender: start, elapsed since last call: 6 ms
2026-07-14 19:24:13.184 DEBUG qt.scenegraph.time.renderloop: [window 0x7f48b5903e40][gui thread] Frame prepared, polish=0 ms, lock=0 ms, blockedForSync=0 ms, animations=0 ms
2026-07-14 19:24:13.184 DEBUG qt.scenegraph.time.renderer: time in renderer: total=0ms, preprocess=0, updates=0, rendering=0
2026-07-14 19:24:13.191 DEBUG qt.scenegraph.time.renderloop: [window 0x7f48b5903e40][gui thread] polishAndSync: start, elapsed since last call: 7 ms
2026-07-14 19:24:13.191 DEBUG qt.scenegraph.time.renderloop: [window 0x7f48b5903e40][render thread 0x7f48b57a2c20] syncAndRender: frame rendered in 6ms, sync=0, render=0, swap=6
2026-07-14 19:24:13.191 DEBUG qt.scenegraph.time.renderloop: [window 0x7f48b5903e40][render thread 0x7f48b57a2c20] syncAndRender: start, elapsed since last call: 7 ms
2026-07-14 19:24:13.191 DEBUG qt.scenegraph.time.renderloop: [window 0x7f48b5903e40][gui thread] Frame prepared, polish=0 ms, lock=0 ms, blockedForSync=0 ms, animations=0 ms
2026-07-14 19:24:13.191 DEBUG qt.scenegraph.time.renderer: time in renderer: total=0ms, preprocess=0, updates=0, rendering=0
2026-07-14 19:24:13.198 DEBUG qt.scenegraph.time.renderloop: [window 0x7f48b5903e40][gui thread] polishAndSync: start, elapsed since last call: 6 ms
2026-07-14 19:24:13.198 DEBUG qt.scenegraph.time.renderloop: [window 0x7f48b5903e40][render thread 0x7f48b57a2c20] syncAndRender: frame rendered in 6ms, sync=0, render=0, swap=6
2026-07-14 19:24:13.198 DEBUG qt.scenegraph.time.renderloop: [window 0x7f48b5903e40][render thread 0x7f48b57a2c20] syncAndRender: start, elapsed since last call: 6 ms
2026-07-14 19:24:13.198 DEBUG qt.scenegraph.time.renderloop: [window 0x7f48b5903e40][gui thread] Frame prepared, polish=0 ms, lock=0 ms, blockedForSync=0 ms, animations=0 ms
2026-07-14 19:24:13.198 DEBUG qt.scenegraph.time.renderer: time in renderer: total=0ms, preprocess=0, updates=0, rendering=0
2026-07-14 19:24:13.205 DEBUG qt.scenegraph.time.renderloop: [window 0x7f48b5903e40][gui thread] polishAndSync: start, elapsed since last call: 7 ms
2026-07-14 19:24:13.205 DEBUG qt.scenegraph.time.renderloop: [window 0x7f48b5903e40][render thread 0x7f48b57a2c20] syncAndRender: frame rendered in 7ms, sync=0, render=0, swap=7
2026-07-14 19:24:13.205 DEBUG qt.scenegraph.time.renderloop: [window 0x7f48b5903e40][render thread 0x7f48b57a2c20] syncAndRender: start, elapsed since last call: 7 ms
2026-07-14 19:24:13.205 DEBUG qt.scenegraph.time.renderloop: [window 0x7f48b5903e40][gui thread] Frame prepared, polish=0 ms, lock=0 ms, blockedForSync=0 ms, animations=0 ms
2026-07-14 19:24:13.205 DEBUG qt.scenegraph.time.renderer: time in renderer: total=0ms, preprocess=0, updates=0, rendering=0
2026-07-14 19:24:13.212 DEBUG qt.scenegraph.time.renderloop: [window 0x7f48b5903e40][gui thread] polishAndSync: start, elapsed since last call: 7 ms
2026-07-14 19:24:13.212 DEBUG qt.scenegraph.time.renderloop: [window 0x7f48b5903e40][render thread 0x7f48b57a2c20] syncAndRender: frame rendered in 6ms, sync=0, render=0, swap=6
2026-07-14 19:24:13.213 DEBUG qt.scenegraph.time.renderloop: [window 0x7f48b5903e40][render thread 0x7f48b57a2c20] syncAndRender: start, elapsed since last call: 7 ms
2026-07-14 19:24:13.213 DEBUG qt.scenegraph.time.renderloop: [window 0x7f48b5903e40][gui thread] Frame prepared, polish=0 ms, lock=0 ms, blockedForSync=0 ms, animations=0 ms
2026-07-14 19:24:13.213 DEBUG qt.scenegraph.time.renderer: time in renderer: total=0ms, preprocess=0, updates=0, rendering=0
2026-07-14 19:24:13.219 DEBUG qt.scenegraph.time.renderloop: [window 0x7f48b5903e40][gui thread] polishAndSync: start, elapsed since last call: 6 ms
2026-07-14 19:24:13.219 DEBUG qt.scenegraph.time.renderloop: [window 0x7f48b5903e40][render thread 0x7f48b57a2c20] syncAndRender: frame rendered in 6ms, sync=0, render=0, swap=6
2026-07-14 19:24:13.219 DEBUG qt.scenegraph.time.renderloop: [window 0x7f48b5903e40][render thread 0x7f48b57a2c20] syncAndRender: start, elapsed since last call: 6 ms
2026-07-14 19:24:13.219 DEBUG qt.scenegraph.time.renderloop: [window 0x7f48b5903e40][gui thread] Frame prepared, polish=0 ms, lock=0 ms, blockedForSync=0 ms, animations=0 ms
2026-07-14 19:24:13.220 DEBUG qt.scenegraph.time.renderer: time in renderer: total=0ms, preprocess=0, updates=0, rendering=0
2026-07-14 19:24:13.226 DEBUG qt.scenegraph.time.renderloop: [window 0x7f48b5903e40][gui thread] polishAndSync: start, elapsed since last call: 6 ms
2026-07-14 19:24:13.226 DEBUG qt.scenegraph.time.renderloop: [window 0x7f48b5903e40][render thread 0x7f48b57a2c20] syncAndRender: frame rendered in 6ms, sync=0, render=0, swap=6
2026-07-14 19:24:13.226 DEBUG qt.scenegraph.time.renderloop: [window 0x7f48b5903e40][render thread 0x7f48b57a2c20] syncAndRender: start, elapsed since last call: 6 ms
2026-07-14 19:24:13.226 DEBUG qt.scenegraph.time.renderloop: [window 0x7f48b5903e40][gui thread] Frame prepared, polish=0 ms, lock=0 ms, blockedForSync=0 ms, animations=0 ms
2026-07-14 19:24:13.226 DEBUG qt.scenegraph.time.renderer: time in renderer: total=0ms, preprocess=0, updates=0, rendering=0
2026-07-14 19:24:13.233 DEBUG qt.scenegraph.time.renderloop: [window 0x7f48b5903e40][gui thread] polishAndSync: start, elapsed since last call: 6 ms
2026-07-14 19:24:13.233 DEBUG qt.scenegraph.time.renderloop: [window 0x7f48b5903e40][render thread 0x7f48b57a2c20] syncAndRender: frame rendered in 6ms, sync=0, render=0, swap=6
2026-07-14 19:24:13.233 DEBUG qt.scenegraph.time.renderloop: [window 0x7f48b5903e40][render thread 0x7f48b57a2c20] syncAndRender: start, elapsed since last call: 6 ms
2026-07-14 19:24:13.233 DEBUG qt.scenegraph.time.renderloop: [window 0x7f48b5903e40][gui thread] Frame prepared, polish=0 ms, lock=0 ms, blockedForSync=0 ms, animations=0 ms
2026-07-14 19:24:13.233 DEBUG qt.scenegraph.time.renderer: time in renderer: total=0ms, preprocess=0, updates=0, rendering=0
2026-07-14 19:24:13.240 DEBUG qt.scenegraph.time.renderloop: [window 0x7f48b5903e40][gui thread] polishAndSync: start, elapsed since last call: 6 ms
2026-07-14 19:24:13.240 DEBUG qt.scenegraph.time.renderloop: [window 0x7f48b5903e40][render thread 0x7f48b57a2c20] syncAndRender: frame rendered in 6ms, sync=0, render=0, swap=6
2026-07-14 19:24:13.240 DEBUG qt.scenegraph.time.renderloop: [window 0x7f48b5903e40][render thread 0x7f48b57a2c20] syncAndRender: start, elapsed since last call: 6 ms
2026-07-14 19:24:13.240 DEBUG qt.scenegraph.time.renderloop: [window 0x7f48b5903e40][gui thread] Frame prepared, polish=0 ms, lock=0 ms, blockedForSync=0 ms, animations=0 ms
2026-07-14 19:24:13.240 DEBUG qt.scenegraph.time.renderer: time in renderer: total=0ms, preprocess=0, updates=0, rendering=0
2026-07-14 19:24:13.247 DEBUG qt.scenegraph.time.renderloop: [window 0x7f48b5903e40][gui thread] polishAndSync: start, elapsed since last call: 7 ms
2026-07-14 19:24:13.247 DEBUG qt.scenegraph.time.renderloop: [window 0x7f48b5903e40][render thread 0x7f48b57a2c20] syncAndRender: frame rendered in 7ms, sync=0, render=0, swap=7
2026-07-14 19:24:13.247 DEBUG qt.scenegraph.time.renderloop: [window 0x7f48b5903e40][render thread 0x7f48b57a2c20] syncAndRender: start, elapsed since last call: 7 ms
2026-07-14 19:24:13.247 DEBUG qt.scenegraph.time.renderloop: [window 0x7f48b5903e40][gui thread] Frame prepared, polish=0 ms, lock=0 ms, blockedForSync=0 ms, animations=0 ms
2026-07-14 19:24:13.247 DEBUG qt.scenegraph.time.renderer: time in renderer: total=0ms, preprocess=0, updates=0, rendering=0
2026-07-14 19:24:13.254 DEBUG qt.scenegraph.time.renderloop: [window 0x7f48b5903e40][gui thread] polishAndSync: start, elapsed since last call: 6 ms
2026-07-14 19:24:13.254 DEBUG qt.scenegraph.time.renderloop: [window 0x7f48b5903e40][render thread 0x7f48b57a2c20] syncAndRender: frame rendered in 6ms, sync=0, render=0, swap=6
2026-07-14 19:24:13.254 DEBUG qt.scenegraph.time.renderloop: [window 0x7f48b5903e40][render thread 0x7f48b57a2c20] syncAndRender: start, elapsed since last call: 6 ms
2026-07-14 19:24:13.254 DEBUG qt.scenegraph.time.renderloop: [window 0x7f48b5903e40][gui thread] Frame prepared, polish=0 ms, lock=0 ms, blockedForSync=0 ms, animations=0 ms
2026-07-14 19:24:13.254 DEBUG qt.scenegraph.time.renderer: time in renderer: total=0ms, preprocess=0, updates=0, rendering=0
2026-07-14 19:24:13.261 DEBUG qt.scenegraph.time.renderloop: [window 0x7f48b5903e40][gui thread] polishAndSync: start, elapsed since last call: 6 ms
2026-07-14 19:24:13.261 DEBUG qt.scenegraph.time.renderloop: [window 0x7f48b5903e40][render thread 0x7f48b57a2c20] syncAndRender: frame rendered in 6ms, sync=0, render=0, swap=6
2026-07-14 19:24:13.261 DEBUG qt.scenegraph.time.renderloop: [window 0x7f48b5903e40][render thread 0x7f48b57a2c20] syncAndRender: start, elapsed since last call: 6 ms
2026-07-14 19:24:13.261 DEBUG qt.scenegraph.time.renderloop: [window 0x7f48b5903e40][gui thread] Frame prepared, polish=0 ms, lock=0 ms, blockedForSync=0 ms, animations=0 ms
2026-07-14 19:24:13.261 DEBUG qt.scenegraph.time.renderer: time in renderer: total=0ms, preprocess=0, updates=0, rendering=0
2026-07-14 19:24:13.268 DEBUG qt.scenegraph.time.renderloop: [window 0x7f48b5903e40][gui thread] polishAndSync: start, elapsed since last call: 6 ms
2026-07-14 19:24:13.268 DEBUG qt.scenegraph.time.renderloop: [window 0x7f48b5903e40][render thread 0x7f48b57a2c20] syncAndRender: frame rendered in 6ms, sync=0, render=0, swap=6
2026-07-14 19:24:13.268 DEBUG qt.scenegraph.time.renderloop: [window 0x7f48b5903e40][render thread 0x7f48b57a2c20] syncAndRender: start, elapsed since last call: 6 ms
2026-07-14 19:24:13.268 DEBUG qt.scenegraph.time.renderloop: [window 0x7f48b5903e40][gui thread] Frame prepared, polish=0 ms, lock=0 ms, blockedForSync=0 ms, animations=0 ms
2026-07-14 19:24:13.268 DEBUG qt.scenegraph.time.renderer: time in renderer: total=0ms, preprocess=0, updates=0, rendering=0
2026-07-14 19:24:13.275 DEBUG qt.scenegraph.time.renderloop: [window 0x7f48b5903e40][gui thread] polishAndSync: start, elapsed since last call: 6 ms
2026-07-14 19:24:13.275 DEBUG qt.scenegraph.time.renderloop: [window 0x7f48b5903e40][render thread 0x7f48b57a2c20] syncAndRender: frame rendered in 6ms, sync=0, render=0, swap=6
2026-07-14 19:24:13.275 DEBUG qt.scenegraph.time.renderloop: [window 0x7f48b5903e40][render thread 0x7f48b57a2c20] syncAndRender: start, elapsed since last call: 6 ms
2026-07-14 19:24:13.275 DEBUG qt.scenegraph.time.renderloop: [window 0x7f48b5903e40][gui thread] Frame prepared, polish=0 ms, lock=0 ms, blockedForSync=0 ms, animations=0 ms
2026-07-14 19:24:13.275 DEBUG qt.scenegraph.time.renderer: time in renderer: total=0ms, preprocess=0, updates=0, rendering=0
2026-07-14 19:24:13.282 DEBUG qt.scenegraph.time.renderloop: [window 0x7f48b5903e40][gui thread] polishAndSync: start, elapsed since last call: 6 ms
2026-07-14 19:24:13.282 DEBUG qt.scenegraph.time.renderloop: [window 0x7f48b5903e40][render thread 0x7f48b57a2c20] syncAndRender: frame rendered in 6ms, sync=0, render=0, swap=6
2026-07-14 19:24:13.282 DEBUG qt.scenegraph.time.renderloop: [window 0x7f48b5903e40][render thread 0x7f48b57a2c20] syncAndRender: start, elapsed since last call: 7 ms
2026-07-14 19:24:13.282 DEBUG qt.scenegraph.time.renderloop: [window 0x7f48b5903e40][gui thread] Frame prepared, polish=0 ms, lock=0 ms, blockedForSync=0 ms, animations=0 ms
2026-07-14 19:24:13.282 DEBUG qt.scenegraph.time.renderer: time in renderer: total=0ms, preprocess=0, updates=0, rendering=0
2026-07-14 19:24:13.288 DEBUG qt.scenegraph.time.renderloop: [window 0x7f48b5903e40][gui thread] polishAndSync: start, elapsed since last call: 6 ms
2026-07-14 19:24:13.288 DEBUG qt.scenegraph.time.renderloop: [window 0x7f48b5903e40][render thread 0x7f48b57a2c20] syncAndRender: frame rendered in 6ms, sync=0, render=0, swap=6
2026-07-14 19:24:13.289 DEBUG qt.scenegraph.time.renderloop: [window 0x7f48b5903e40][render thread 0x7f48b57a2c20] syncAndRender: start, elapsed since last call: 6 ms
2026-07-14 19:24:13.289 DEBUG qt.scenegraph.time.renderloop: [window 0x7f48b5903e40][gui thread] Frame prepared, polish=0 ms, lock=0 ms, blockedForSync=0 ms, animations=0 ms
2026-07-14 19:24:13.289 DEBUG qt.scenegraph.time.renderer: time in renderer: total=0ms, preprocess=0, updates=0, rendering=0
2026-07-14 19:24:13.295 DEBUG qt.scenegraph.time.renderloop: [window 0x7f48b5903e40][gui thread] polishAndSync: start, elapsed since last call: 6 ms
2026-07-14 19:24:13.295 DEBUG qt.scenegraph.time.renderloop: [window 0x7f48b5903e40][render thread 0x7f48b57a2c20] syncAndRender: frame rendered in 6ms, sync=0, render=0, swap=6
2026-07-14 19:24:13.295 DEBUG qt.scenegraph.time.renderloop: [window 0x7f48b5903e40][render thread 0x7f48b57a2c20] syncAndRender: start, elapsed since last call: 6 ms
2026-07-14 19:24:13.295 DEBUG qt.scenegraph.time.renderloop: [window 0x7f48b5903e40][gui thread] Frame prepared, polish=0 ms, lock=0 ms, blockedForSync=0 ms, animations=0 ms
2026-07-14 19:24:13.295 DEBUG qt.scenegraph.time.renderer: time in renderer: total=0ms, preprocess=0, updates=0, rendering=0
2026-07-14 19:24:13.302 DEBUG qt.scenegraph.time.renderloop: [window 0x7f48b5903e40][gui thread] polishAndSync: start, elapsed since last call: 7 ms
2026-07-14 19:24:13.302 DEBUG qt.scenegraph.time.renderloop: [window 0x7f48b5903e40][render thread 0x7f48b57a2c20] syncAndRender: frame rendered in 6ms, sync=0, render=0, swap=6
2026-07-14 19:24:13.302 DEBUG qt.scenegraph.time.renderloop: [window 0x7f48b5903e40][render thread 0x7f48b57a2c20] syncAndRender: start, elapsed since last call: 7 ms
2026-07-14 19:24:13.302 DEBUG qt.scenegraph.time.renderloop: [window 0x7f48b5903e40][gui thread] Frame prepared, polish=0 ms, lock=0 ms, blockedForSync=0 ms, animations=0 ms
2026-07-14 19:24:13.302 DEBUG qt.scenegraph.time.renderer: time in renderer: total=0ms, preprocess=0, updates=0, rendering=0
2026-07-14 19:24:13.309 DEBUG qt.scenegraph.time.renderloop: [window 0x7f48b5903e40][gui thread] polishAndSync: start, elapsed since last call: 6 ms
2026-07-14 19:24:13.309 DEBUG qt.scenegraph.time.renderloop: [window 0x7f48b5903e40][render thread 0x7f48b57a2c20] syncAndRender: frame rendered in 6ms, sync=0, render=0, swap=6
2026-07-14 19:24:13.310 DEBUG qt.scenegraph.time.renderloop: [window 0x7f48b5903e40][render thread 0x7f48b57a2c20] syncAndRender: start, elapsed since last call: 7 ms
2026-07-14 19:24:13.310 DEBUG qt.scenegraph.time.renderloop: [window 0x7f48b5903e40][gui thread] Frame prepared, polish=0 ms, lock=0 ms, blockedForSync=0 ms, animations=0 ms
2026-07-14 19:24:13.310 DEBUG qt.scenegraph.time.renderer: time in renderer: total=0ms, preprocess=0, updates=0, rendering=0
2026-07-14 19:24:13.316 DEBUG qt.scenegraph.time.renderloop: [window 0x7f48b5903e40][gui thread] polishAndSync: start, elapsed since last call: 6 ms
2026-07-14 19:24:13.316 DEBUG qt.scenegraph.time.renderloop: [window 0x7f48b5903e40][render thread 0x7f48b57a2c20] syncAndRender: frame rendered in 6ms, sync=0, render=0, swap=6
2026-07-14 19:24:13.316 DEBUG qt.scenegraph.time.renderloop: [window 0x7f48b5903e40][render thread 0x7f48b57a2c20] syncAndRender: start, elapsed since last call: 6 ms
2026-07-14 19:24:13.316 DEBUG qt.scenegraph.time.renderloop: [window 0x7f48b5903e40][gui thread] Frame prepared, polish=0 ms, lock=0 ms, blockedForSync=0 ms, animations=0 ms
2026-07-14 19:24:13.317 DEBUG qt.scenegraph.time.renderer: time in renderer: total=0ms, preprocess=0, updates=0, rendering=0
2026-07-14 19:24:13.323 DEBUG qt.scenegraph.time.renderloop: [window 0x7f48b5903e40][gui thread] polishAndSync: start, elapsed since last call: 7 ms
2026-07-14 19:24:13.323 DEBUG qt.scenegraph.time.renderloop: [window 0x7f48b5903e40][render thread 0x7f48b57a2c20] syncAndRender: frame rendered in 7ms, sync=0, render=0, swap=6
2026-07-14 19:24:13.323 DEBUG qt.scenegraph.time.renderloop: [window 0x7f48b5903e40][render thread 0x7f48b57a2c20] syncAndRender: start, elapsed since last call: 7 ms
2026-07-14 19:24:13.323 DEBUG qt.scenegraph.time.renderloop: [window 0x7f48b5903e40][gui thread] Frame prepared, polish=0 ms, lock=0 ms, blockedForSync=0 ms, animations=0 ms
2026-07-14 19:24:13.323 DEBUG qt.scenegraph.time.renderer: time in renderer: total=0ms, preprocess=0, updates=0, rendering=0
2026-07-14 19:24:13.330 DEBUG qt.scenegraph.time.renderloop: [window 0x7f48b5903e40][gui thread] polishAndSync: start, elapsed since last call: 6 ms
2026-07-14 19:24:13.330 DEBUG qt.scenegraph.time.renderloop: [window 0x7f48b5903e40][render thread 0x7f48b57a2c20] syncAndRender: frame rendered in 6ms, sync=0, render=0, swap=6
2026-07-14 19:24:13.330 DEBUG qt.scenegraph.time.renderloop: [window 0x7f48b5903e40][render thread 0x7f48b57a2c20] syncAndRender: start, elapsed since last call: 6 ms
2026-07-14 19:24:13.330 DEBUG qt.scenegraph.time.renderloop: [window 0x7f48b5903e40][gui thread] Frame prepared, polish=0 ms, lock=0 ms, blockedForSync=0 ms, animations=0 ms
2026-07-14 19:24:13.330 DEBUG qt.scenegraph.time.renderer: time in renderer: total=0ms, preprocess=0, updates=0, rendering=0
2026-07-14 19:24:13.337 DEBUG qt.scenegraph.time.renderloop: [window 0x7f48b5903e40][gui thread] polishAndSync: start, elapsed since last call: 7 ms
2026-07-14 19:24:13.337 DEBUG qt.scenegraph.time.renderloop: [window 0x7f48b5903e40][render thread 0x7f48b57a2c20] syncAndRender: frame rendered in 7ms, sync=0, render=0, swap=6
2026-07-14 19:24:13.337 DEBUG qt.scenegraph.time.renderloop: [window 0x7f48b5903e40][render thread 0x7f48b57a2c20] syncAndRender: start, elapsed since last call: 7 ms
2026-07-14 19:24:13.337 DEBUG qt.scenegraph.time.renderloop: [window 0x7f48b5903e40][gui thread] Frame prepared, polish=0 ms, lock=0 ms, blockedForSync=0 ms, animations=0 ms
2026-07-14 19:24:13.337 DEBUG qt.scenegraph.time.renderer: time in renderer: total=0ms, preprocess=0, updates=0, rendering=0
2026-07-14 19:24:13.344 DEBUG qt.scenegraph.time.renderloop: [window 0x7f48b5903e40][gui thread] polishAndSync: start, elapsed since last call: 6 ms
2026-07-14 19:24:13.344 DEBUG qt.scenegraph.time.renderloop: [window 0x7f48b5903e40][render thread 0x7f48b57a2c20] syncAndRender: frame rendered in 6ms, sync=0, render=0, swap=6
2026-07-14 19:24:13.345 DEBUG qt.scenegraph.time.renderloop: [window 0x7f48b5903e40][render thread 0x7f48b57a2c20] syncAndRender: start, elapsed since last call: 7 ms
2026-07-14 19:24:13.345 DEBUG qt.scenegraph.time.renderloop: [window 0x7f48b5903e40][gui thread] Frame prepared, polish=0 ms, lock=0 ms, blockedForSync=0 ms, animations=0 ms
2026-07-14 19:24:13.345 DEBUG qt.scenegraph.time.renderer: time in renderer: total=0ms, preprocess=0, updates=0, rendering=0
2026-07-14 19:24:13.351 DEBUG qt.scenegraph.time.renderloop: [window 0x7f48b5903e40][gui thread] polishAndSync: start, elapsed since last call: 6 ms
2026-07-14 19:24:13.351 DEBUG qt.scenegraph.time.renderloop: [window 0x7f48b5903e40][render thread 0x7f48b57a2c20] syncAndRender: frame rendered in 6ms, sync=0, render=0, swap=6
2026-07-14 19:24:13.351 DEBUG qt.scenegraph.time.renderloop: [window 0x7f48b5903e40][render thread 0x7f48b57a2c20] syncAndRender: start, elapsed since last call: 6 ms
2026-07-14 19:24:13.351 DEBUG qt.scenegraph.time.renderloop: [window 0x7f48b5903e40][gui thread] Frame prepared, polish=0 ms, lock=0 ms, blockedForSync=0 ms, animations=0 ms
2026-07-14 19:24:13.351 DEBUG qt.scenegraph.time.renderer: time in renderer: total=0ms, preprocess=0, updates=0, rendering=0
2026-07-14 19:24:13.358 DEBUG qt.scenegraph.time.renderloop: [window 0x7f48b5903e40][gui thread] polishAndSync: start, elapsed since last call: 7 ms
2026-07-14 19:24:13.358 DEBUG qt.scenegraph.time.renderloop: [window 0x7f48b5903e40][render thread 0x7f48b57a2c20] syncAndRender: frame rendered in 7ms, sync=0, render=0, swap=7
2026-07-14 19:24:13.358 DEBUG qt.scenegraph.time.renderloop: [window 0x7f48b5903e40][render thread 0x7f48b57a2c20] syncAndRender: start, elapsed since last call: 7 ms
2026-07-14 19:24:13.358 DEBUG qt.scenegraph.time.renderloop: [window 0x7f48b5903e40][gui thread] Frame prepared, polish=0 ms, lock=0 ms, blockedForSync=0 ms, animations=0 ms
2026-07-14 19:24:13.358 DEBUG qt.scenegraph.time.renderer: time in renderer: total=0ms, preprocess=0, updates=0, rendering=0
2026-07-14 19:24:13.365 DEBUG qt.scenegraph.time.renderloop: [window 0x7f48b5903e40][render thread 0x7f48b57a2c20] syncAndRender: frame rendered in 6ms, sync=0, render=0, swap=6
2026-07-14 19:24:13.365 DEBUG qt.scenegraph.time.renderloop: [window 0x7f48b5903e40][gui thread] polishAndSync: start, elapsed since last call: 6 ms
2026-07-14 19:24:13.365 DEBUG qt.scenegraph.time.renderloop: [window 0x7f48b5903e40][render thread 0x7f48b57a2c20] syncAndRender: start, elapsed since last call: 6 ms
2026-07-14 19:24:13.365 DEBUG qt.scenegraph.time.renderloop: [window 0x7f48b5903e40][gui thread] Frame prepared, polish=0 ms, lock=0 ms, blockedForSync=0 ms, animations=0 ms
2026-07-14 19:24:13.365 DEBUG qt.scenegraph.time.renderer: time in renderer: total=0ms, preprocess=0, updates=0, rendering=0
2026-07-14 19:24:13.372 DEBUG qt.scenegraph.time.renderloop: [window 0x7f48b5903e40][gui thread] polishAndSync: start, elapsed since last call: 6 ms
2026-07-14 19:24:13.372 DEBUG qt.scenegraph.time.renderloop: [window 0x7f48b5903e40][render thread 0x7f48b57a2c20] syncAndRender: frame rendered in 6ms, sync=0, render=0, swap=6
2026-07-14 19:24:13.372 DEBUG qt.scenegraph.time.renderloop: [window 0x7f48b5903e40][render thread 0x7f48b57a2c20] syncAndRender: start, elapsed since last call: 6 ms
2026-07-14 19:24:13.372 DEBUG qt.scenegraph.time.renderloop: [window 0x7f48b5903e40][gui thread] Frame prepared, polish=0 ms, lock=0 ms, blockedForSync=0 ms, animations=0 ms
2026-07-14 19:24:13.372 DEBUG qt.scenegraph.time.renderer: time in renderer: total=0ms, preprocess=0, updates=0, rendering=0
2026-07-14 19:24:13.379 DEBUG qt.scenegraph.time.renderloop: [window 0x7f48b5903e40][gui thread] polishAndSync: start, elapsed since last call: 6 ms
2026-07-14 19:24:13.379 DEBUG qt.scenegraph.time.renderloop: [window 0x7f48b5903e40][render thread 0x7f48b57a2c20] syncAndRender: frame rendered in 6ms, sync=0, render=0, swap=6
2026-07-14 19:24:13.379 DEBUG qt.scenegraph.time.renderloop: [window 0x7f48b5903e40][render thread 0x7f48b57a2c20] syncAndRender: start, elapsed since last call: 7 ms
2026-07-14 19:24:13.379 DEBUG qt.scenegraph.time.renderloop: [window 0x7f48b5903e40][gui thread] Frame prepared, polish=0 ms, lock=0 ms, blockedForSync=0 ms, animations=0 ms
2026-07-14 19:24:13.379 DEBUG qt.scenegraph.time.renderer: time in renderer: total=0ms, preprocess=0, updates=0, rendering=0
2026-07-14 19:24:13.386 DEBUG qt.scenegraph.time.renderloop: [window 0x7f48b5903e40][gui thread] polishAndSync: start, elapsed since last call: 6 ms
2026-07-14 19:24:13.386 DEBUG qt.scenegraph.time.renderloop: [window 0x7f48b5903e40][render thread 0x7f48b57a2c20] syncAndRender: frame rendered in 6ms, sync=0, render=0, swap=6
2026-07-14 19:24:13.386 DEBUG qt.scenegraph.time.renderloop: [window 0x7f48b5903e40][render thread 0x7f48b57a2c20] syncAndRender: start, elapsed since last call: 6 ms
2026-07-14 19:24:13.386 DEBUG qt.scenegraph.time.renderloop: [window 0x7f48b5903e40][gui thread] Frame prepared, polish=0 ms, lock=0 ms, blockedForSync=0 ms, animations=0 ms
2026-07-14 19:24:13.386 DEBUG qt.scenegraph.time.renderer: time in renderer: total=0ms, preprocess=0, updates=0, rendering=0
2026-07-14 19:24:13.393 DEBUG qt.scenegraph.time.renderloop: [window 0x7f48b5903e40][gui thread] polishAndSync: start, elapsed since last call: 6 ms
2026-07-14 19:24:13.393 DEBUG qt.scenegraph.time.renderloop: [window 0x7f48b5903e40][render thread 0x7f48b57a2c20] syncAndRender: frame rendered in 6ms, sync=0, render=0, swap=6
2026-07-14 19:24:13.393 DEBUG qt.scenegraph.time.renderloop: [window 0x7f48b5903e40][render thread 0x7f48b57a2c20] syncAndRender: start, elapsed since last call: 6 ms
2026-07-14 19:24:13.393 DEBUG qt.scenegraph.time.renderloop: [window 0x7f48b5903e40][gui thread] Frame prepared, polish=0 ms, lock=0 ms, blockedForSync=0 ms, animations=0 ms
2026-07-14 19:24:13.393 DEBUG qt.scenegraph.time.renderer: time in renderer: total=0ms, preprocess=0, updates=0, rendering=0
2026-07-14 19:24:13.400 DEBUG qt.scenegraph.time.renderloop: [window 0x7f48b5903e40][render thread 0x7f48b57a2c20] syncAndRender: frame rendered in 7ms, sync=0, render=0, swap=6
2026-07-14 19:24:13.412 DEBUG qt.scenegraph.time.renderloop: [window 0x7f48b5903e40][gui thread] polishAndSync: start, elapsed since last call: 18 ms
2026-07-14 19:24:13.412 DEBUG qt.scenegraph.time.renderloop: [window 0x7f48b5903e40][render thread 0x7f48b57a2c20] syncAndRender: start, elapsed since last call: 19 ms
2026-07-14 19:24:13.412 DEBUG qt.scenegraph.time.renderloop: [window 0x7f48b5903e40][gui thread] Frame prepared, polish=0 ms, lock=0 ms, blockedForSync=0 ms, animations=0 ms
2026-07-14 19:24:13.412 DEBUG qt.scenegraph.time.renderer: time in renderer: total=0ms, preprocess=0, updates=0, rendering=0
2026-07-14 19:24:13.412 DEBUG qt.scenegraph.time.renderloop: [window 0x7f48b5903e40][render thread 0x7f48b57a2c20] syncAndRender: frame rendered in 0ms, sync=0, render=0, swap=0
2026-07-14 19:24:13.414 DEBUG qt.scenegraph.time.renderloop: [window 0x7f48b5903e40][gui thread] polishAndSync: start, elapsed since last call: 1 ms
2026-07-14 19:24:13.414 DEBUG qt.scenegraph.time.renderloop: [window 0x7f48b5903e40][render thread 0x7f48b57a2c20] syncAndRender: start, elapsed since last call: 1 ms
2026-07-14 19:24:13.414 DEBUG qt.scenegraph.time.renderloop: [window 0x7f48b5903e40][gui thread] Frame prepared, polish=0 ms, lock=0 ms, blockedForSync=0 ms, animations=0 ms
2026-07-14 19:24:13.414 DEBUG qt.scenegraph.time.renderer: time in renderer: total=0ms, preprocess=0, updates=0, rendering=0
2026-07-14 19:24:13.414 DEBUG qt.scenegraph.time.renderloop: [window 0x7f48b5903e40][render thread 0x7f48b57a2c20] syncAndRender: frame rendered in 0ms, sync=0, render=0, swap=0
2026-07-14 19:24:13.446 DEBUG qt.scenegraph.time.renderloop: [window 0x7f48b5903e40][gui thread] polishAndSync: start, elapsed since last call: 32 ms
2026-07-14 19:24:13.446 DEBUG qt.scenegraph.time.renderloop: [window 0x7f48b5903e40][render thread 0x7f48b57a2c20] syncAndRender: start, elapsed since last call: 32 ms
2026-07-14 19:24:13.446 DEBUG qt.scenegraph.time.renderloop: [window 0x7f48b5903e40][gui thread] Frame prepared, polish=0 ms, lock=0 ms, blockedForSync=0 ms, animations=0 ms
2026-07-14 19:24:13.446 DEBUG qt.scenegraph.time.renderer: time in renderer: total=0ms, preprocess=0, updates=0, rendering=0
2026-07-14 19:24:13.446 DEBUG qt.scenegraph.time.renderloop: [window 0x7f48b5903e40][render thread 0x7f48b57a2c20] syncAndRender: frame rendered in 0ms, sync=0, render=0, swap=0
2026-07-14 19:24:13.448 DEBUG qt.scenegraph.time.renderloop: [window 0x7f48b5903e40][gui thread] polishAndSync: start, elapsed since last call: 2 ms
2026-07-14 19:24:13.448 DEBUG qt.scenegraph.time.renderloop: [window 0x7f48b5903e40][render thread 0x7f48b57a2c20] syncAndRender: start, elapsed since last call: 2 ms
2026-07-14 19:24:13.448 DEBUG qt.scenegraph.time.renderloop: [window 0x7f48b5903e40][gui thread] Frame prepared, polish=0 ms, lock=0 ms, blockedForSync=0 ms, animations=0 ms
2026-07-14 19:24:13.448 DEBUG qt.scenegraph.time.renderer: time in renderer: total=0ms, preprocess=0, updates=0, rendering=0
2026-07-14 19:24:13.449 DEBUG qt.scenegraph.time.renderloop: [window 0x7f48b5903e40][render thread 0x7f48b57a2c20] syncAndRender: frame rendered in 0ms, sync=0, render=0, swap=0
2026-07-14 19:24:13.478 DEBUG qt.scenegraph.time.renderloop: [window 0x7f48b5903e40][gui thread] polishAndSync: start, elapsed since last call: 30 ms
2026-07-14 19:24:13.479 DEBUG qt.scenegraph.time.renderloop: [window 0x7f48b5903e40][render thread 0x7f48b57a2c20] syncAndRender: start, elapsed since last call: 30 ms
2026-07-14 19:24:13.479 DEBUG qt.scenegraph.time.renderloop: [window 0x7f48b5903e40][gui thread] Frame prepared, polish=0 ms, lock=0 ms, blockedForSync=0 ms, animations=0 ms
2026-07-14 19:24:13.479 DEBUG qt.scenegraph.time.renderer: time in renderer: total=0ms, preprocess=0, updates=0, rendering=0
2026-07-14 19:24:13.479 DEBUG qt.scenegraph.time.renderloop: [window 0x7f48b5903e40][render thread 0x7f48b57a2c20] syncAndRender: frame rendered in 0ms, sync=0, render=0, swap=0
2026-07-14 19:24:13.483 DEBUG qt.scenegraph.time.renderloop: [window 0x7f48b5903e40][gui thread] polishAndSync: start, elapsed since last call: 4 ms
2026-07-14 19:24:13.483 DEBUG qt.scenegraph.time.renderloop: [window 0x7f48b5903e40][render thread 0x7f48b57a2c20] syncAndRender: start, elapsed since last call: 4 ms
2026-07-14 19:24:13.483 DEBUG qt.scenegraph.time.renderloop: [window 0x7f48b5903e40][gui thread] Frame prepared, polish=0 ms, lock=0 ms, blockedForSync=0 ms, animations=0 ms
2026-07-14 19:24:13.483 DEBUG qt.scenegraph.time.renderer: time in renderer: total=0ms, preprocess=0, updates=0, rendering=0
2026-07-14 19:24:13.483 DEBUG qt.scenegraph.time.renderloop: [window 0x7f48b5903e40][render thread 0x7f48b57a2c20] syncAndRender: frame rendered in 0ms, sync=0, render=0, swap=0
2026-07-14 19:24:13.511 DEBUG qt.scenegraph.time.renderloop: [window 0x7f48b5903e40][gui thread] polishAndSync: start, elapsed since last call: 28 ms
2026-07-14 19:24:13.512 DEBUG qt.scenegraph.time.renderloop: [window 0x7f48b5903e40][render thread 0x7f48b57a2c20] syncAndRender: start, elapsed since last call: 28 ms
2026-07-14 19:24:13.512 DEBUG qt.scenegraph.time.renderloop: [window 0x7f48b5903e40][gui thread] Frame prepared, polish=0 ms, lock=0 ms, blockedForSync=0 ms, animations=0 ms
2026-07-14 19:24:13.512 DEBUG qt.scenegraph.time.renderer: time in renderer: total=0ms, preprocess=0, updates=0, rendering=0
2026-07-14 19:24:13.512 DEBUG qt.scenegraph.time.renderloop: [window 0x7f48b5903e40][render thread 0x7f48b57a2c20] syncAndRender: frame rendered in 0ms, sync=0, render=0, swap=0
2026-07-14 19:24:13.518 DEBUG qt.scenegraph.time.renderloop: [window 0x7f48b5903e40][gui thread] polishAndSync: start, elapsed since last call: 6 ms
2026-07-14 19:24:13.518 DEBUG qt.scenegraph.time.renderloop: [window 0x7f48b5903e40][render thread 0x7f48b57a2c20] syncAndRender: start, elapsed since last call: 6 ms
2026-07-14 19:24:13.518 DEBUG qt.scenegraph.time.renderloop: [window 0x7f48b5903e40][gui thread] Frame prepared, polish=0 ms, lock=0 ms, blockedForSync=0 ms, animations=0 ms
2026-07-14 19:24:13.518 DEBUG qt.scenegraph.time.renderer: time in renderer: total=0ms, preprocess=0, updates=0, rendering=0
2026-07-14 19:24:13.518 DEBUG qt.scenegraph.time.renderloop: [window 0x7f48b5903e40][render thread 0x7f48b57a2c20] syncAndRender: frame rendered in 0ms, sync=0, render=0, swap=0
2026-07-14 19:24:13.544 DEBUG qt.scenegraph.time.renderloop: [window 0x7f48b5903e40][gui thread] polishAndSync: start, elapsed since last call: 26 ms
2026-07-14 19:24:13.544 DEBUG qt.scenegraph.time.renderloop: [window 0x7f48b5903e40][render thread 0x7f48b57a2c20] syncAndRender: start, elapsed since last call: 26 ms
2026-07-14 19:24:13.544 DEBUG qt.scenegraph.time.renderloop: [window 0x7f48b5903e40][gui thread] Frame prepared, polish=0 ms, lock=0 ms, blockedForSync=0 ms, animations=0 ms
2026-07-14 19:24:13.544 DEBUG qt.scenegraph.time.renderer: time in renderer: total=0ms, preprocess=0, updates=0, rendering=0
2026-07-14 19:24:13.544 DEBUG qt.scenegraph.time.renderloop: [window 0x7f48b5903e40][render thread 0x7f48b57a2c20] syncAndRender: frame rendered in 0ms, sync=0, render=0, swap=0
2026-07-14 19:24:13.546 DEBUG qt.scenegraph.time.renderloop: [window 0x7f48b5903e40][gui thread] polishAndSync: start, elapsed since last call: 1 ms
2026-07-14 19:24:13.546 DEBUG qt.scenegraph.time.renderloop: [window 0x7f48b5903e40][render thread 0x7f48b57a2c20] syncAndRender: start, elapsed since last call: 1 ms
2026-07-14 19:24:13.546 DEBUG qt.scenegraph.time.renderloop: [window 0x7f48b5903e40][gui thread] Frame prepared, polish=0 ms, lock=0 ms, blockedForSync=0 ms, animations=0 ms
2026-07-14 19:24:13.546 DEBUG qt.scenegraph.time.renderer: time in renderer: total=0ms, preprocess=0, updates=0, rendering=0
2026-07-14 19:24:13.546 DEBUG qt.scenegraph.time.renderloop: [window 0x7f48b5903e40][render thread 0x7f48b57a2c20] syncAndRender: frame rendered in 0ms, sync=0, render=0, swap=0
2026-07-14 19:24:13.578 DEBUG qt.scenegraph.time.renderloop: [window 0x7f48b5903e40][gui thread] polishAndSync: start, elapsed since last call: 32 ms
2026-07-14 19:24:13.578 DEBUG qt.scenegraph.time.renderloop: [window 0x7f48b5903e40][render thread 0x7f48b57a2c20] syncAndRender: start, elapsed since last call: 32 ms
2026-07-14 19:24:13.578 DEBUG qt.scenegraph.time.renderloop: [window 0x7f48b5903e40][gui thread] Frame prepared, polish=0 ms, lock=0 ms, blockedForSync=0 ms, animations=0 ms
2026-07-14 19:24:13.578 DEBUG qt.scenegraph.time.renderer: time in renderer: total=0ms, preprocess=0, updates=0, rendering=0
2026-07-14 19:24:13.579 DEBUG qt.scenegraph.time.renderloop: [window 0x7f48b5903e40][render thread 0x7f48b57a2c20] syncAndRender: frame rendered in 0ms, sync=0, render=0, swap=0
2026-07-14 19:24:13.580 DEBUG qt.scenegraph.time.renderloop: [window 0x7f48b5903e40][gui thread] polishAndSync: start, elapsed since last call: 2 ms
2026-07-14 19:24:13.580 DEBUG qt.scenegraph.time.renderloop: [window 0x7f48b5903e40][render thread 0x7f48b57a2c20] syncAndRender: start, elapsed since last call: 2 ms
2026-07-14 19:24:13.581 DEBUG qt.scenegraph.time.renderloop: [window 0x7f48b5903e40][gui thread] Frame prepared, polish=0 ms, lock=0 ms, blockedForSync=0 ms, animations=0 ms
2026-07-14 19:24:13.581 DEBUG qt.scenegraph.time.renderer: time in renderer: total=0ms, preprocess=0, updates=0, rendering=0
2026-07-14 19:24:13.581 DEBUG qt.scenegraph.time.renderloop: [window 0x7f48b5903e40][render thread 0x7f48b57a2c20] syncAndRender: frame rendered in 0ms, sync=0, render=0, swap=0
2026-07-14 19:24:13.611 DEBUG qt.scenegraph.time.renderloop: [window 0x7f48b5903e40][gui thread] polishAndSync: start, elapsed since last call: 30 ms
2026-07-14 19:24:13.611 DEBUG qt.scenegraph.time.renderloop: [window 0x7f48b5903e40][render thread 0x7f48b57a2c20] syncAndRender: start, elapsed since last call: 30 ms
2026-07-14 19:24:13.611 DEBUG qt.scenegraph.time.renderloop: [window 0x7f48b5903e40][gui thread] Frame prepared, polish=0 ms, lock=0 ms, blockedForSync=0 ms, animations=0 ms
2026-07-14 19:24:13.611 DEBUG qt.scenegraph.time.renderer: time in renderer: total=0ms, preprocess=0, updates=0, rendering=0
2026-07-14 19:24:13.611 DEBUG qt.scenegraph.time.renderloop: [window 0x7f48b5903e40][render thread 0x7f48b57a2c20] syncAndRender: frame rendered in 0ms, sync=0, render=0, swap=0
2026-07-14 19:24:13.615 DEBUG qt.scenegraph.time.renderloop: [window 0x7f48b5903e40][gui thread] polishAndSync: start, elapsed since last call: 4 ms
2026-07-14 19:24:13.615 DEBUG qt.scenegraph.time.renderloop: [window 0x7f48b5903e40][render thread 0x7f48b57a2c20] syncAndRender: start, elapsed since last call: 4 ms
2026-07-14 19:24:13.615 DEBUG qt.scenegraph.time.renderloop: [window 0x7f48b5903e40][gui thread] Frame prepared, polish=0 ms, lock=0 ms, blockedForSync=0 ms, animations=0 ms
2026-07-14 19:24:13.615 DEBUG qt.scenegraph.time.renderer: time in renderer: total=0ms, preprocess=0, updates=0, rendering=0
2026-07-14 19:24:13.615 DEBUG qt.scenegraph.time.renderloop: [window 0x7f48b5903e40][render thread 0x7f48b57a2c20] syncAndRender: frame rendered in 0ms, sync=0, render=0, swap=0
2026-07-14 19:24:13.643 DEBUG qt.scenegraph.time.renderloop: [window 0x7f48b5903e40][gui thread] polishAndSync: start, elapsed since last call: 28 ms
2026-07-14 19:24:13.644 DEBUG qt.scenegraph.time.renderloop: [window 0x7f48b5903e40][render thread 0x7f48b57a2c20] syncAndRender: start, elapsed since last call: 28 ms
2026-07-14 19:24:13.644 DEBUG qt.scenegraph.time.renderloop: [window 0x7f48b5903e40][gui thread] Frame prepared, polish=0 ms, lock=0 ms, blockedForSync=0 ms, animations=0 ms
2026-07-14 19:24:13.644 DEBUG qt.scenegraph.time.renderer: time in renderer: total=0ms, preprocess=0, updates=0, rendering=0
2026-07-14 19:24:13.644 DEBUG qt.scenegraph.time.renderloop: [window 0x7f48b5903e40][render thread 0x7f48b57a2c20] syncAndRender: frame rendered in 0ms, sync=0, render=0, swap=0
2026-07-14 19:24:13.650 DEBUG qt.scenegraph.time.renderloop: [window 0x7f48b5903e40][gui thread] polishAndSync: start, elapsed since last call: 6 ms
2026-07-14 19:24:13.650 DEBUG qt.scenegraph.time.renderloop: [window 0x7f48b5903e40][render thread 0x7f48b57a2c20] syncAndRender: start, elapsed since last call: 6 ms
2026-07-14 19:24:13.650 DEBUG qt.scenegraph.time.renderloop: [window 0x7f48b5903e40][gui thread] Frame prepared, polish=0 ms, lock=0 ms, blockedForSync=0 ms, animations=0 ms
2026-07-14 19:24:13.650 DEBUG qt.scenegraph.time.renderer: time in renderer: total=0ms, preprocess=0, updates=0, rendering=0
2026-07-14 19:24:13.650 DEBUG qt.scenegraph.time.renderloop: [window 0x7f48b5903e40][render thread 0x7f48b57a2c20] syncAndRender: frame rendered in 0ms, sync=0, render=0, swap=0
2026-07-14 19:24:13.676 DEBUG qt.scenegraph.time.renderloop: [window 0x7f48b5903e40][gui thread] polishAndSync: start, elapsed since last call: 26 ms
2026-07-14 19:24:13.676 DEBUG qt.scenegraph.time.renderloop: [window 0x7f48b5903e40][render thread 0x7f48b57a2c20] syncAndRender: start, elapsed since last call: 26 ms
2026-07-14 19:24:13.677 DEBUG qt.scenegraph.time.renderloop: [window 0x7f48b5903e40][gui thread] Frame prepared, polish=0 ms, lock=0 ms, blockedForSync=0 ms, animations=0 ms
2026-07-14 19:24:13.677 DEBUG qt.scenegraph.time.renderer: time in renderer: total=0ms, preprocess=0, updates=0, rendering=0
2026-07-14 19:24:13.677 DEBUG qt.scenegraph.time.renderloop: [window 0x7f48b5903e40][render thread 0x7f48b57a2c20] syncAndRender: frame rendered in 0ms, sync=0, render=0, swap=0
2026-07-14 19:24:13.678 DEBUG qt.scenegraph.time.renderloop: [window 0x7f48b5903e40][gui thread] polishAndSync: start, elapsed since last call: 1 ms
2026-07-14 19:24:13.678 DEBUG qt.scenegraph.time.renderloop: [window 0x7f48b5903e40][render thread 0x7f48b57a2c20] syncAndRender: start, elapsed since last call: 1 ms
2026-07-14 19:24:13.678 DEBUG qt.scenegraph.time.renderloop: [window 0x7f48b5903e40][gui thread] Frame prepared, polish=0 ms, lock=0 ms, blockedForSync=0 ms, animations=0 ms
2026-07-14 19:24:13.678 DEBUG qt.scenegraph.time.renderer: time in renderer: total=0ms, preprocess=0, updates=0, rendering=0
2026-07-14 19:24:13.678 DEBUG qt.scenegraph.time.renderloop: [window 0x7f48b5903e40][render thread 0x7f48b57a2c20] syncAndRender: frame rendered in 0ms, sync=0, render=0, swap=0
2026-07-14 19:24:13.710 DEBUG qt.scenegraph.time.renderloop: [window 0x7f48b5903e40][gui thread] polishAndSync: start, elapsed since last call: 32 ms
2026-07-14 19:24:13.710 DEBUG qt.scenegraph.time.renderloop: [window 0x7f48b5903e40][render thread 0x7f48b57a2c20] syncAndRender: start, elapsed since last call: 32 ms
2026-07-14 19:24:13.710 DEBUG qt.scenegraph.time.renderloop: [window 0x7f48b5903e40][gui thread] Frame prepared, polish=0 ms, lock=0 ms, blockedForSync=0 ms, animations=0 ms
2026-07-14 19:24:13.710 DEBUG qt.scenegraph.time.renderer: time in renderer: total=0ms, preprocess=0, updates=0, rendering=0
2026-07-14 19:24:13.711 DEBUG qt.scenegraph.time.renderloop: [window 0x7f48b5903e40][render thread 0x7f48b57a2c20] syncAndRender: frame rendered in 0ms, sync=0, render=0, swap=0
2026-07-14 19:24:13.712 DEBUG qt.scenegraph.time.renderloop: [window 0x7f48b5903e40][gui thread] polishAndSync: start, elapsed since last call: 2 ms
2026-07-14 19:24:13.712 DEBUG qt.scenegraph.time.renderloop: [window 0x7f48b5903e40][render thread 0x7f48b57a2c20] syncAndRender: start, elapsed since last call: 2 ms
2026-07-14 19:24:13.713 DEBUG qt.scenegraph.time.renderloop: [window 0x7f48b5903e40][gui thread] Frame prepared, polish=0 ms, lock=0 ms, blockedForSync=0 ms, animations=0 ms
2026-07-14 19:24:13.713 DEBUG qt.scenegraph.time.renderer: time in renderer: total=0ms, preprocess=0, updates=0, rendering=0
2026-07-14 19:24:13.713 DEBUG qt.scenegraph.time.renderloop: [window 0x7f48b5903e40][render thread 0x7f48b57a2c20] syncAndRender: frame rendered in 0ms, sync=0, render=0, swap=0
2026-07-14 19:24:13.743 DEBUG qt.scenegraph.time.renderloop: [window 0x7f48b5903e40][gui thread] polishAndSync: start, elapsed since last call: 30 ms
2026-07-14 19:24:13.743 DEBUG qt.scenegraph.time.renderloop: [window 0x7f48b5903e40][render thread 0x7f48b57a2c20] syncAndRender: start, elapsed since last call: 30 ms
2026-07-14 19:24:13.743 DEBUG qt.scenegraph.time.renderloop: [window 0x7f48b5903e40][gui thread] Frame prepared, polish=0 ms, lock=0 ms, blockedForSync=0 ms, animations=0 ms
2026-07-14 19:24:13.743 DEBUG qt.scenegraph.time.renderer: time in renderer: total=0ms, preprocess=0, updates=0, rendering=0
2026-07-14 19:24:13.743 DEBUG qt.scenegraph.time.renderloop: [window 0x7f48b5903e40][render thread 0x7f48b57a2c20] syncAndRender: frame rendered in 0ms, sync=0, render=0, swap=0
2026-07-14 19:24:13.747 DEBUG qt.scenegraph.time.renderloop: [window 0x7f48b5903e40][gui thread] polishAndSync: start, elapsed since last call: 4 ms
2026-07-14 19:24:13.747 DEBUG qt.scenegraph.time.renderloop: [window 0x7f48b5903e40][render thread 0x7f48b57a2c20] syncAndRender: start, elapsed since last call: 4 ms
2026-07-14 19:24:13.747 DEBUG qt.scenegraph.time.renderloop: [window 0x7f48b5903e40][gui thread] Frame prepared, polish=0 ms, lock=0 ms, blockedForSync=0 ms, animations=0 ms
2026-07-14 19:24:13.747 DEBUG qt.scenegraph.time.renderer: time in renderer: total=0ms, preprocess=0, updates=0, rendering=0
2026-07-14 19:24:13.747 DEBUG qt.scenegraph.time.renderloop: [window 0x7f48b5903e40][render thread 0x7f48b57a2c20] syncAndRender: frame rendered in 0ms, sync=0, render=0, swap=0
2026-07-14 19:24:13.775 DEBUG qt.scenegraph.time.renderloop: [window 0x7f48b5903e40][gui thread] polishAndSync: start, elapsed since last call: 27 ms
2026-07-14 19:24:13.777 DEBUG qt.scenegraph.time.renderloop: [window 0x7f48b5903e40][render thread 0x7f48b57a2c20] syncAndRender: start, elapsed since last call: 29 ms
2026-07-14 19:24:13.777 DEBUG qt.scenegraph.time.renderloop: [window 0x7f48b5903e40][gui thread] Frame prepared, polish=2 ms, lock=0 ms, blockedForSync=0 ms, animations=0 ms
2026-07-14 19:24:13.777 DEBUG qt.scenegraph.time.renderer: time in renderer: total=0ms, preprocess=0, updates=0, rendering=0
2026-07-14 19:24:13.777 DEBUG qt.scenegraph.time.renderloop: [window 0x7f48b5903e40][render thread 0x7f48b57a2c20] syncAndRender: frame rendered in 0ms, sync=0, render=0, swap=0
2026-07-14 19:24:13.782 DEBUG qt.scenegraph.time.renderloop: [window 0x7f48b5903e40][gui thread] polishAndSync: start, elapsed since last call: 7 ms
2026-07-14 19:24:13.782 DEBUG qt.scenegraph.time.renderloop: [window 0x7f48b5903e40][render thread 0x7f48b57a2c20] syncAndRender: start, elapsed since last call: 4 ms
2026-07-14 19:24:13.782 DEBUG qt.scenegraph.time.renderloop: [window 0x7f48b5903e40][gui thread] Frame prepared, polish=0 ms, lock=0 ms, blockedForSync=0 ms, animations=0 ms
2026-07-14 19:24:13.782 DEBUG qt.scenegraph.time.renderer: time in renderer: total=0ms, preprocess=0, updates=0, rendering=0
2026-07-14 19:24:13.782 DEBUG qt.scenegraph.time.renderloop: [window 0x7f48b5903e40][render thread 0x7f48b57a2c20] syncAndRender: frame rendered in 0ms, sync=0, render=0, swap=0
2026-07-14 19:24:13.808 DEBUG qt.scenegraph.time.renderloop: [window 0x7f48b5903e40][gui thread] polishAndSync: start, elapsed since last call: 25 ms
2026-07-14 19:24:13.808 DEBUG qt.scenegraph.time.renderloop: [window 0x7f48b5903e40][render thread 0x7f48b57a2c20] syncAndRender: start, elapsed since last call: 26 ms
2026-07-14 19:24:13.808 DEBUG qt.scenegraph.time.renderloop: [window 0x7f48b5903e40][gui thread] Frame prepared, polish=0 ms, lock=0 ms, blockedForSync=0 ms, animations=0 ms
2026-07-14 19:24:13.809 DEBUG qt.scenegraph.time.renderer: time in renderer: total=0ms, preprocess=0, updates=0, rendering=0
2026-07-14 19:24:13.809 DEBUG qt.scenegraph.time.renderloop: [window 0x7f48b5903e40][render thread 0x7f48b57a2c20] syncAndRender: frame rendered in 0ms, sync=0, render=0, swap=0
2026-07-14 19:24:13.810 DEBUG qt.scenegraph.time.renderloop: [window 0x7f48b5903e40][gui thread] polishAndSync: start, elapsed since last call: 1 ms
2026-07-14 19:24:13.810 DEBUG qt.scenegraph.time.renderloop: [window 0x7f48b5903e40][render thread 0x7f48b57a2c20] syncAndRender: start, elapsed since last call: 1 ms
2026-07-14 19:24:13.810 DEBUG qt.scenegraph.time.renderloop: [window 0x7f48b5903e40][gui thread] Frame prepared, polish=0 ms, lock=0 ms, blockedForSync=0 ms, animations=0 ms
2026-07-14 19:24:13.810 DEBUG qt.scenegraph.time.renderer: time in renderer: total=0ms, preprocess=0, updates=0, rendering=0
2026-07-14 19:24:13.810 DEBUG qt.scenegraph.time.renderloop: [window 0x7f48b5903e40][render thread 0x7f48b57a2c20] syncAndRender: frame rendered in 0ms, sync=0, render=0, swap=0
2026-07-14 19:24:13.842 DEBUG qt.scenegraph.time.renderloop: [window 0x7f48b5903e40][gui thread] polishAndSync: start, elapsed since last call: 32 ms
2026-07-14 19:24:13.842 DEBUG qt.scenegraph.time.renderloop: [window 0x7f48b5903e40][render thread 0x7f48b57a2c20] syncAndRender: start, elapsed since last call: 32 ms
2026-07-14 19:24:13.842 DEBUG qt.scenegraph.time.renderloop: [window 0x7f48b5903e40][gui thread] Frame prepared, polish=0 ms, lock=0 ms, blockedForSync=0 ms, animations=0 ms
2026-07-14 19:24:13.842 DEBUG qt.scenegraph.time.renderer: time in renderer: total=0ms, preprocess=0, updates=0, rendering=0
2026-07-14 19:24:13.842 DEBUG qt.scenegraph.time.renderloop: [window 0x7f48b5903e40][render thread 0x7f48b57a2c20] syncAndRender: frame rendered in 0ms, sync=0, render=0, swap=0
2026-07-14 19:24:13.844 DEBUG qt.scenegraph.time.renderloop: [window 0x7f48b5903e40][gui thread] polishAndSync: start, elapsed since last call: 2 ms
2026-07-14 19:24:13.844 DEBUG qt.scenegraph.time.renderloop: [window 0x7f48b5903e40][render thread 0x7f48b57a2c20] syncAndRender: start, elapsed since last call: 2 ms
2026-07-14 19:24:13.844 DEBUG qt.scenegraph.time.renderloop: [window 0x7f48b5903e40][gui thread] Frame prepared, polish=0 ms, lock=0 ms, blockedForSync=0 ms, animations=0 ms
2026-07-14 19:24:13.844 DEBUG qt.scenegraph.time.renderer: time in renderer: total=0ms, preprocess=0, updates=0, rendering=0
2026-07-14 19:24:13.845 DEBUG qt.scenegraph.time.renderloop: [window 0x7f48b5903e40][render thread 0x7f48b57a2c20] syncAndRender: frame rendered in 0ms, sync=0, render=0, swap=0
2026-07-14 19:24:13.875 DEBUG qt.scenegraph.time.renderloop: [window 0x7f48b5903e40][gui thread] polishAndSync: start, elapsed since last call: 30 ms
2026-07-14 19:24:13.875 DEBUG qt.scenegraph.time.renderloop: [window 0x7f48b5903e40][render thread 0x7f48b57a2c20] syncAndRender: start, elapsed since last call: 30 ms
2026-07-14 19:24:13.875 DEBUG qt.scenegraph.time.renderloop: [window 0x7f48b5903e40][gui thread] Frame prepared, polish=0 ms, lock=0 ms, blockedForSync=0 ms, animations=0 ms
2026-07-14 19:24:13.875 DEBUG qt.scenegraph.time.renderer: time in renderer: total=0ms, preprocess=0, updates=0, rendering=0
2026-07-14 19:24:13.875 DEBUG qt.scenegraph.time.renderloop: [window 0x7f48b5903e40][render thread 0x7f48b57a2c20] syncAndRender: frame rendered in 0ms, sync=0, render=0, swap=0
2026-07-14 19:24:13.879 DEBUG qt.scenegraph.time.renderloop: [window 0x7f48b5903e40][gui thread] polishAndSync: start, elapsed since last call: 4 ms
2026-07-14 19:24:13.879 DEBUG qt.scenegraph.time.renderloop: [window 0x7f48b5903e40][render thread 0x7f48b57a2c20] syncAndRender: start, elapsed since last call: 4 ms
2026-07-14 19:24:13.879 DEBUG qt.scenegraph.time.renderloop: [window 0x7f48b5903e40][gui thread] Frame prepared, polish=0 ms, lock=0 ms, blockedForSync=0 ms, animations=0 ms
2026-07-14 19:24:13.879 DEBUG qt.scenegraph.time.renderer: time in renderer: total=0ms, preprocess=0, updates=0, rendering=0
2026-07-14 19:24:13.879 DEBUG qt.scenegraph.time.renderloop: [window 0x7f48b5903e40][render thread 0x7f48b57a2c20] syncAndRender: frame rendered in 0ms, sync=0, render=0, swap=0
2026-07-14 19:24:13.907 DEBUG qt.scenegraph.time.renderloop: [window 0x7f48b5903e40][gui thread] polishAndSync: start, elapsed since last call: 28 ms
2026-07-14 19:24:13.908 DEBUG qt.scenegraph.time.renderloop: [window 0x7f48b5903e40][render thread 0x7f48b57a2c20] syncAndRender: start, elapsed since last call: 28 ms
2026-07-14 19:24:13.908 DEBUG qt.scenegraph.time.renderloop: [window 0x7f48b5903e40][gui thread] Frame prepared, polish=0 ms, lock=0 ms, blockedForSync=0 ms, animations=0 ms
2026-07-14 19:24:13.908 DEBUG qt.scenegraph.time.renderer: time in renderer: total=0ms, preprocess=0, updates=0, rendering=0
2026-07-14 19:24:13.908 DEBUG qt.scenegraph.time.renderloop: [window 0x7f48b5903e40][render thread 0x7f48b57a2c20] syncAndRender: frame rendered in 0ms, sync=0, render=0, swap=0
2026-07-14 19:24:13.914 DEBUG qt.scenegraph.time.renderloop: [window 0x7f48b5903e40][gui thread] polishAndSync: start, elapsed since last call: 6 ms
2026-07-14 19:24:13.914 DEBUG qt.scenegraph.time.renderloop: [window 0x7f48b5903e40][render thread 0x7f48b57a2c20] syncAndRender: start, elapsed since last call: 6 ms
2026-07-14 19:24:13.914 DEBUG qt.scenegraph.time.renderloop: [window 0x7f48b5903e40][gui thread] Frame prepared, polish=0 ms, lock=0 ms, blockedForSync=0 ms, animations=0 ms
2026-07-14 19:24:13.914 DEBUG qt.scenegraph.time.renderer: time in renderer: total=0ms, preprocess=0, updates=0, rendering=0
2026-07-14 19:24:13.914 DEBUG qt.scenegraph.time.renderloop: [window 0x7f48b5903e40][render thread 0x7f48b57a2c20] syncAndRender: frame rendered in 0ms, sync=0, render=0, swap=0
2026-07-14 19:24:13.940 DEBUG qt.scenegraph.time.renderloop: [window 0x7f48b5903e40][gui thread] polishAndSync: start, elapsed since last call: 26 ms
2026-07-14 19:24:13.940 DEBUG qt.scenegraph.time.renderloop: [window 0x7f48b5903e40][render thread 0x7f48b57a2c20] syncAndRender: start, elapsed since last call: 26 ms
2026-07-14 19:24:13.940 DEBUG qt.scenegraph.time.renderloop: [window 0x7f48b5903e40][gui thread] Frame prepared, polish=0 ms, lock=0 ms, blockedForSync=0 ms, animations=0 ms
2026-07-14 19:24:13.941 DEBUG qt.scenegraph.time.renderer: time in renderer: total=0ms, preprocess=0, updates=0, rendering=0
2026-07-14 19:24:13.941 DEBUG qt.scenegraph.time.renderloop: [window 0x7f48b5903e40][render thread 0x7f48b57a2c20] syncAndRender: frame rendered in 0ms, sync=0, render=0, swap=0
2026-07-14 19:24:13.942 DEBUG qt.scenegraph.time.renderloop: [window 0x7f48b5903e40][gui thread] polishAndSync: start, elapsed since last call: 1 ms
2026-07-14 19:24:13.942 DEBUG qt.scenegraph.time.renderloop: [window 0x7f48b5903e40][render thread 0x7f48b57a2c20] syncAndRender: start, elapsed since last call: 1 ms
2026-07-14 19:24:13.942 DEBUG qt.scenegraph.time.renderloop: [window 0x7f48b5903e40][gui thread] Frame prepared, polish=0 ms, lock=0 ms, blockedForSync=0 ms, animations=0 ms
2026-07-14 19:24:13.942 DEBUG qt.scenegraph.time.renderer: time in renderer: total=0ms, preprocess=0, updates=0, rendering=0
2026-07-14 19:24:13.942 DEBUG qt.scenegraph.time.renderloop: [window 0x7f48b5903e40][render thread 0x7f48b57a2c20] syncAndRender: frame rendered in 0ms, sync=0, render=0, swap=0
2026-07-14 19:24:13.974 DEBUG qt.scenegraph.time.renderloop: [window 0x7f48b5903e40][gui thread] polishAndSync: start, elapsed since last call: 32 ms
2026-07-14 19:24:13.974 DEBUG qt.scenegraph.time.renderloop: [window 0x7f48b5903e40][render thread 0x7f48b57a2c20] syncAndRender: start, elapsed since last call: 32 ms
2026-07-14 19:24:13.974 DEBUG qt.scenegraph.time.renderloop: [window 0x7f48b5903e40][gui thread] Frame prepared, polish=0 ms, lock=0 ms, blockedForSync=0 ms, animations=0 ms
2026-07-14 19:24:13.974 DEBUG qt.scenegraph.time.renderer: time in renderer: total=0ms, preprocess=0, updates=0, rendering=0
2026-07-14 19:24:13.974 DEBUG qt.scenegraph.time.renderloop: [window 0x7f48b5903e40][render thread 0x7f48b57a2c20] syncAndRender: frame rendered in 0ms, sync=0, render=0, swap=0
2026-07-14 19:24:13.976 DEBUG qt.scenegraph.time.renderloop: [window 0x7f48b5903e40][gui thread] polishAndSync: start, elapsed since last call: 2 ms
2026-07-14 19:24:13.976 DEBUG qt.scenegraph.time.renderloop: [window 0x7f48b5903e40][render thread 0x7f48b57a2c20] syncAndRender: start, elapsed since last call: 2 ms
2026-07-14 19:24:13.976 DEBUG qt.scenegraph.time.renderloop: [window 0x7f48b5903e40][gui thread] Frame prepared, polish=0 ms, lock=0 ms, blockedForSync=0 ms, animations=0 ms
2026-07-14 19:24:13.976 DEBUG qt.scenegraph.time.renderer: time in renderer: total=0ms, preprocess=0, updates=0, rendering=0
2026-07-14 19:24:13.977 DEBUG qt.scenegraph.time.renderloop: [window 0x7f48b5903e40][render thread 0x7f48b57a2c20] syncAndRender: frame rendered in 0ms, sync=0, render=0, swap=0
2026-07-14 19:24:14.006 DEBUG qt.scenegraph.time.renderloop: [window 0x7f48b5903e40][gui thread] polishAndSync: start, elapsed since last call: 29 ms
2026-07-14 19:24:14.007 DEBUG qt.scenegraph.time.renderloop: [window 0x7f48b5903e40][render thread 0x7f48b57a2c20] syncAndRender: start, elapsed since last call: 30 ms
2026-07-14 19:24:14.007 DEBUG qt.scenegraph.time.renderloop: [window 0x7f48b5903e40][gui thread] Frame prepared, polish=0 ms, lock=0 ms, blockedForSync=0 ms, animations=0 ms
2026-07-14 19:24:14.007 DEBUG qt.scenegraph.time.renderer: time in renderer: total=0ms, preprocess=0, updates=0, rendering=0
2026-07-14 19:24:14.007 DEBUG qt.scenegraph.time.renderloop: [window 0x7f48b5903e40][render thread 0x7f48b57a2c20] syncAndRender: frame rendered in 0ms, sync=0, render=0, swap=0
2026-07-14 19:24:14.011 DEBUG qt.scenegraph.time.renderloop: [window 0x7f48b5903e40][gui thread] polishAndSync: start, elapsed since last call: 5 ms
2026-07-14 19:24:14.011 DEBUG qt.scenegraph.time.renderloop: [window 0x7f48b5903e40][render thread 0x7f48b57a2c20] syncAndRender: start, elapsed since last call: 4 ms
2026-07-14 19:24:14.011 DEBUG qt.scenegraph.time.renderloop: [window 0x7f48b5903e40][gui thread] Frame prepared, polish=0 ms, lock=0 ms, blockedForSync=0 ms, animations=0 ms
2026-07-14 19:24:14.011 DEBUG qt.scenegraph.time.renderer: time in renderer: total=0ms, preprocess=0, updates=0, rendering=0
2026-07-14 19:24:14.012 DEBUG qt.scenegraph.time.renderloop: [window 0x7f48b5903e40][render thread 0x7f48b57a2c20] syncAndRender: frame rendered in 0ms, sync=0, render=0, swap=0
2026-07-14 19:24:14.040 DEBUG qt.scenegraph.time.renderloop: [window 0x7f48b5903e40][gui thread] polishAndSync: start, elapsed since last call: 28 ms
2026-07-14 19:24:14.040 DEBUG qt.scenegraph.time.renderloop: [window 0x7f48b5903e40][render thread 0x7f48b57a2c20] syncAndRender: start, elapsed since last call: 28 ms
2026-07-14 19:24:14.040 DEBUG qt.scenegraph.time.renderloop: [window 0x7f48b5903e40][gui thread] Frame prepared, polish=0 ms, lock=0 ms, blockedForSync=0 ms, animations=0 ms
2026-07-14 19:24:14.040 DEBUG qt.scenegraph.time.renderer: time in renderer: total=0ms, preprocess=0, updates=0, rendering=0
2026-07-14 19:24:14.040 DEBUG qt.scenegraph.time.renderloop: [window 0x7f48b5903e40][render thread 0x7f48b57a2c20] syncAndRender: frame rendered in 0ms, sync=0, render=0, swap=0
2026-07-14 19:24:14.046 DEBUG qt.scenegraph.time.renderloop: [window 0x7f48b5903e40][gui thread] polishAndSync: start, elapsed since last call: 6 ms
2026-07-14 19:24:14.046 DEBUG qt.scenegraph.time.renderloop: [window 0x7f48b5903e40][render thread 0x7f48b57a2c20] syncAndRender: start, elapsed since last call: 6 ms
2026-07-14 19:24:14.046 DEBUG qt.scenegraph.time.renderloop: [window 0x7f48b5903e40][gui thread] Frame prepared, polish=0 ms, lock=0 ms, blockedForSync=0 ms, animations=0 ms
2026-07-14 19:24:14.046 DEBUG qt.scenegraph.time.renderer: time in renderer: total=0ms, preprocess=0, updates=0, rendering=0
2026-07-14 19:24:14.047 DEBUG qt.scenegraph.time.renderloop: [window 0x7f48b5903e40][render thread 0x7f48b57a2c20] syncAndRender: frame rendered in 0ms, sync=0, render=0, swap=0
2026-07-14 19:24:14.072 DEBUG qt.scenegraph.time.renderloop: [window 0x7f48b5903e40][gui thread] polishAndSync: start, elapsed since last call: 26 ms
2026-07-14 19:24:14.073 DEBUG qt.scenegraph.time.renderloop: [window 0x7f48b5903e40][render thread 0x7f48b57a2c20] syncAndRender: start, elapsed since last call: 26 ms
2026-07-14 19:24:14.073 DEBUG qt.scenegraph.time.renderloop: [window 0x7f48b5903e40][gui thread] Frame prepared, polish=0 ms, lock=0 ms, blockedForSync=0 ms, animations=0 ms
2026-07-14 19:24:14.073 DEBUG qt.scenegraph.time.renderer: time in renderer: total=0ms, preprocess=0, updates=0, rendering=0
2026-07-14 19:24:14.073 DEBUG qt.scenegraph.time.renderloop: [window 0x7f48b5903e40][render thread 0x7f48b57a2c20] syncAndRender: frame rendered in 0ms, sync=0, render=0, swap=0
2026-07-14 19:24:14.074 DEBUG qt.scenegraph.time.renderloop: [window 0x7f48b5903e40][gui thread] polishAndSync: start, elapsed since last call: 1 ms
2026-07-14 19:24:14.074 DEBUG qt.scenegraph.time.renderloop: [window 0x7f48b5903e40][render thread 0x7f48b57a2c20] syncAndRender: start, elapsed since last call: 1 ms
2026-07-14 19:24:14.074 DEBUG qt.scenegraph.time.renderloop: [window 0x7f48b5903e40][gui thread] Frame prepared, polish=0 ms, lock=0 ms, blockedForSync=0 ms, animations=0 ms
2026-07-14 19:24:14.074 DEBUG qt.scenegraph.time.renderer: time in renderer: total=0ms, preprocess=0, updates=0, rendering=0
2026-07-14 19:24:14.074 DEBUG qt.scenegraph.time.renderloop: [window 0x7f48b5903e40][render thread 0x7f48b57a2c20] syncAndRender: frame rendered in 0ms, sync=0, render=0, swap=0
2026-07-14 19:24:14.105 DEBUG qt.scenegraph.time.renderloop: [window 0x7f48b5903e40][gui thread] polishAndSync: start, elapsed since last call: 31 ms
2026-07-14 19:24:14.106 DEBUG qt.scenegraph.time.renderloop: [window 0x7f48b5903e40][render thread 0x7f48b57a2c20] syncAndRender: start, elapsed since last call: 31 ms
2026-07-14 19:24:14.106 DEBUG qt.scenegraph.time.renderloop: [window 0x7f48b5903e40][gui thread] Frame prepared, polish=0 ms, lock=0 ms, blockedForSync=0 ms, animations=0 ms
2026-07-14 19:24:14.106 DEBUG qt.scenegraph.time.renderer: time in renderer: total=0ms, preprocess=0, updates=0, rendering=0
2026-07-14 19:24:14.106 DEBUG qt.scenegraph.time.renderloop: [window 0x7f48b5903e40][render thread 0x7f48b57a2c20] syncAndRender: frame rendered in 0ms, sync=0, render=0, swap=0
2026-07-14 19:24:14.109 DEBUG qt.scenegraph.time.renderloop: [window 0x7f48b5903e40][gui thread] polishAndSync: start, elapsed since last call: 3 ms
2026-07-14 19:24:14.109 DEBUG qt.scenegraph.time.renderloop: [window 0x7f48b5903e40][render thread 0x7f48b57a2c20] syncAndRender: start, elapsed since last call: 2 ms
2026-07-14 19:24:14.109 DEBUG qt.scenegraph.time.renderloop: [window 0x7f48b5903e40][gui thread] Frame prepared, polish=0 ms, lock=0 ms, blockedForSync=0 ms, animations=0 ms
2026-07-14 19:24:14.109 DEBUG qt.scenegraph.time.renderer: time in renderer: total=0ms, preprocess=0, updates=0, rendering=0
2026-07-14 19:24:14.109 DEBUG qt.scenegraph.time.renderloop: [window 0x7f48b5903e40][render thread 0x7f48b57a2c20] syncAndRender: frame rendered in 0ms, sync=0, render=0, swap=0
2026-07-14 19:24:14.138 DEBUG qt.scenegraph.time.renderloop: [window 0x7f48b5903e40][gui thread] polishAndSync: start, elapsed since last call: 29 ms
2026-07-14 19:24:14.138 DEBUG qt.scenegraph.time.renderloop: [window 0x7f48b5903e40][render thread 0x7f48b57a2c20] syncAndRender: start, elapsed since last call: 29 ms
2026-07-14 19:24:14.138 DEBUG qt.scenegraph.time.renderloop: [window 0x7f48b5903e40][gui thread] Frame prepared, polish=0 ms, lock=0 ms, blockedForSync=0 ms, animations=0 ms
2026-07-14 19:24:14.138 DEBUG qt.scenegraph.time.renderer: time in renderer: total=0ms, preprocess=0, updates=0, rendering=0
2026-07-14 19:24:14.139 DEBUG qt.scenegraph.time.renderloop: [window 0x7f48b5903e40][render thread 0x7f48b57a2c20] syncAndRender: frame rendered in 0ms, sync=0, render=0, swap=0
2026-07-14 19:24:14.143 DEBUG qt.scenegraph.time.renderloop: [window 0x7f48b5903e40][gui thread] polishAndSync: start, elapsed since last call: 5 ms
2026-07-14 19:24:14.143 DEBUG qt.scenegraph.time.renderloop: [window 0x7f48b5903e40][render thread 0x7f48b57a2c20] syncAndRender: start, elapsed since last call: 4 ms
2026-07-14 19:24:14.143 DEBUG qt.scenegraph.time.renderloop: [window 0x7f48b5903e40][gui thread] Frame prepared, polish=0 ms, lock=0 ms, blockedForSync=0 ms, animations=0 ms
2026-07-14 19:24:14.143 DEBUG qt.scenegraph.time.renderer: time in renderer: total=0ms, preprocess=0, updates=0, rendering=0
2026-07-14 19:24:14.144 DEBUG qt.scenegraph.time.renderloop: [window 0x7f48b5903e40][render thread 0x7f48b57a2c20] syncAndRender: frame rendered in 0ms, sync=0, render=0, swap=0
2026-07-14 19:24:14.172 DEBUG qt.scenegraph.time.renderloop: [window 0x7f48b5903e40][gui thread] polishAndSync: start, elapsed since last call: 28 ms
2026-07-14 19:24:14.172 DEBUG qt.scenegraph.time.renderloop: [window 0x7f48b5903e40][render thread 0x7f48b57a2c20] syncAndRender: start, elapsed since last call: 28 ms
2026-07-14 19:24:14.172 DEBUG qt.scenegraph.time.renderloop: [window 0x7f48b5903e40][gui thread] Frame prepared, polish=0 ms, lock=0 ms, blockedForSync=0 ms, animations=0 ms
2026-07-14 19:24:14.172 DEBUG qt.scenegraph.time.renderer: time in renderer: total=0ms, preprocess=0, updates=0, rendering=0
2026-07-14 19:24:14.172 DEBUG qt.scenegraph.time.renderloop: [window 0x7f48b5903e40][render thread 0x7f48b57a2c20] syncAndRender: frame rendered in 0ms, sync=0, render=0, swap=0
2026-07-14 19:24:14.178 DEBUG qt.scenegraph.time.renderloop: [window 0x7f48b5903e40][gui thread] polishAndSync: start, elapsed since last call: 6 ms
2026-07-14 19:24:14.178 DEBUG qt.scenegraph.time.renderloop: [window 0x7f48b5903e40][render thread 0x7f48b57a2c20] syncAndRender: start, elapsed since last call: 6 ms
2026-07-14 19:24:14.178 DEBUG qt.scenegraph.time.renderloop: [window 0x7f48b5903e40][gui thread] Frame prepared, polish=0 ms, lock=0 ms, blockedForSync=0 ms, animations=0 ms
2026-07-14 19:24:14.178 DEBUG qt.scenegraph.time.renderer: time in renderer: total=0ms, preprocess=0, updates=0, rendering=0
2026-07-14 19:24:14.178 DEBUG qt.scenegraph.time.renderloop: [window 0x7f48b5903e40][render thread 0x7f48b57a2c20] syncAndRender: frame rendered in 0ms, sync=0, render=0, swap=0
2026-07-14 19:24:14.204 DEBUG qt.scenegraph.time.renderloop: [window 0x7f48b5903e40][gui thread] polishAndSync: start, elapsed since last call: 26 ms
2026-07-14 19:24:14.205 DEBUG qt.scenegraph.time.renderloop: [window 0x7f48b5903e40][render thread 0x7f48b57a2c20] syncAndRender: start, elapsed since last call: 26 ms
2026-07-14 19:24:14.205 DEBUG qt.scenegraph.time.renderloop: [window 0x7f48b5903e40][gui thread] Frame prepared, polish=0 ms, lock=0 ms, blockedForSync=0 ms, animations=0 ms
2026-07-14 19:24:14.205 DEBUG qt.scenegraph.time.renderer: time in renderer: total=0ms, preprocess=0, updates=0, rendering=0
2026-07-14 19:24:14.205 DEBUG qt.scenegraph.time.renderloop: [window 0x7f48b5903e40][render thread 0x7f48b57a2c20] syncAndRender: frame rendered in 0ms, sync=0, render=0, swap=0
2026-07-14 19:24:14.206 DEBUG qt.scenegraph.time.renderloop: [window 0x7f48b5903e40][gui thread] polishAndSync: start, elapsed since last call: 1 ms
2026-07-14 19:24:14.206 DEBUG qt.scenegraph.time.renderloop: [window 0x7f48b5903e40][render thread 0x7f48b57a2c20] syncAndRender: start, elapsed since last call: 1 ms
2026-07-14 19:24:14.206 DEBUG qt.scenegraph.time.renderloop: [window 0x7f48b5903e40][gui thread] Frame prepared, polish=0 ms, lock=0 ms, blockedForSync=0 ms, animations=0 ms
2026-07-14 19:24:14.206 DEBUG qt.scenegraph.time.renderer: time in renderer: total=0ms, preprocess=0, updates=0, rendering=0
2026-07-14 19:24:14.206 DEBUG qt.scenegraph.time.renderloop: [window 0x7f48b5903e40][render thread 0x7f48b57a2c20] syncAndRender: frame rendered in 0ms, sync=0, render=0, swap=0
2026-07-14 19:24:14.238 DEBUG qt.scenegraph.time.renderloop: [window 0x7f48b5903e40][gui thread] polishAndSync: start, elapsed since last call: 32 ms
2026-07-14 19:24:14.238 DEBUG qt.scenegraph.time.renderloop: [window 0x7f48b5903e40][render thread 0x7f48b57a2c20] syncAndRender: start, elapsed since last call: 32 ms
2026-07-14 19:24:14.238 DEBUG qt.scenegraph.time.renderloop: [window 0x7f48b5903e40][gui thread] Frame prepared, polish=0 ms, lock=0 ms, blockedForSync=0 ms, animations=0 ms
2026-07-14 19:24:14.238 DEBUG qt.scenegraph.time.renderer: time in renderer: total=0ms, preprocess=0, updates=0, rendering=0
2026-07-14 19:24:14.239 DEBUG qt.scenegraph.time.renderloop: [window 0x7f48b5903e40][render thread 0x7f48b57a2c20] syncAndRender: frame rendered in 0ms, sync=0, render=0, swap=0
2026-07-14 19:24:14.241 DEBUG qt.scenegraph.time.renderloop: [window 0x7f48b5903e40][gui thread] polishAndSync: start, elapsed since last call: 3 ms
2026-07-14 19:24:14.241 DEBUG qt.scenegraph.time.renderloop: [window 0x7f48b5903e40][render thread 0x7f48b57a2c20] syncAndRender: start, elapsed since last call: 2 ms
2026-07-14 19:24:14.241 DEBUG qt.scenegraph.time.renderloop: [window 0x7f48b5903e40][gui thread] Frame prepared, polish=0 ms, lock=0 ms, blockedForSync=0 ms, animations=0 ms
2026-07-14 19:24:14.241 DEBUG qt.scenegraph.time.renderer: time in renderer: total=0ms, preprocess=0, updates=0, rendering=0
2026-07-14 19:24:14.242 DEBUG qt.scenegraph.time.renderloop: [window 0x7f48b5903e40][render thread 0x7f48b57a2c20] syncAndRender: frame rendered in 0ms, sync=0, render=0, swap=0
2026-07-14 19:24:14.271 DEBUG qt.scenegraph.time.renderloop: [window 0x7f48b5903e40][gui thread] polishAndSync: start, elapsed since last call: 29 ms
2026-07-14 19:24:14.271 DEBUG qt.scenegraph.time.renderloop: [window 0x7f48b5903e40][render thread 0x7f48b57a2c20] syncAndRender: start, elapsed since last call: 30 ms
2026-07-14 19:24:14.272 DEBUG qt.scenegraph.time.renderloop: [window 0x7f48b5903e40][gui thread] Frame prepared, polish=0 ms, lock=0 ms, blockedForSync=0 ms, animations=0 ms
2026-07-14 19:24:14.272 DEBUG qt.scenegraph.time.renderer: time in renderer: total=0ms, preprocess=0, updates=0, rendering=0
2026-07-14 19:24:14.272 DEBUG qt.scenegraph.time.renderloop: [window 0x7f48b5903e40][render thread 0x7f48b57a2c20] syncAndRender: frame rendered in 0ms, sync=0, render=0, swap=0
2026-07-14 19:24:14.276 DEBUG qt.scenegraph.time.renderloop: [window 0x7f48b5903e40][gui thread] polishAndSync: start, elapsed since last call: 4 ms
2026-07-14 19:24:14.276 DEBUG qt.scenegraph.time.renderloop: [window 0x7f48b5903e40][render thread 0x7f48b57a2c20] syncAndRender: start, elapsed since last call: 4 ms
2026-07-14 19:24:14.276 DEBUG qt.scenegraph.time.renderloop: [window 0x7f48b5903e40][gui thread] Frame prepared, polish=0 ms, lock=0 ms, blockedForSync=0 ms, animations=0 ms
2026-07-14 19:24:14.276 DEBUG qt.scenegraph.time.renderer: time in renderer: total=0ms, preprocess=0, updates=0, rendering=0
2026-07-14 19:24:14.276 DEBUG qt.scenegraph.time.renderloop: [window 0x7f48b5903e40][render thread 0x7f48b57a2c20] syncAndRender: frame rendered in 0ms, sync=0, render=0, swap=0
2026-07-14 19:24:14.304 DEBUG qt.scenegraph.time.renderloop: [window 0x7f48b5903e40][gui thread] polishAndSync: start, elapsed since last call: 28 ms
2026-07-14 19:24:14.304 DEBUG qt.scenegraph.time.renderloop: [window 0x7f48b5903e40][render thread 0x7f48b57a2c20] syncAndRender: start, elapsed since last call: 28 ms
2026-07-14 19:24:14.305 DEBUG qt.scenegraph.time.renderloop: [window 0x7f48b5903e40][gui thread] Frame prepared, polish=0 ms, lock=0 ms, blockedForSync=0 ms, animations=0 ms
2026-07-14 19:24:14.305 DEBUG qt.scenegraph.time.renderer: time in renderer: total=0ms, preprocess=0, updates=0, rendering=0
2026-07-14 19:24:14.305 DEBUG qt.scenegraph.time.renderloop: [window 0x7f48b5903e40][render thread 0x7f48b57a2c20] syncAndRender: frame rendered in 0ms, sync=0, render=0, swap=0
2026-07-14 19:24:14.310 DEBUG qt.scenegraph.time.renderloop: [window 0x7f48b5903e40][gui thread] polishAndSync: start, elapsed since last call: 6 ms
2026-07-14 19:24:14.310 DEBUG qt.scenegraph.time.renderloop: [window 0x7f48b5903e40][render thread 0x7f48b57a2c20] syncAndRender: start, elapsed since last call: 5 ms
2026-07-14 19:24:14.310 DEBUG qt.scenegraph.time.renderloop: [window 0x7f48b5903e40][gui thread] Frame prepared, polish=0 ms, lock=0 ms, blockedForSync=0 ms, animations=0 ms
2026-07-14 19:24:14.310 DEBUG qt.scenegraph.time.renderer: time in renderer: total=0ms, preprocess=0, updates=0, rendering=0
2026-07-14 19:24:14.311 DEBUG qt.scenegraph.time.renderloop: [window 0x7f48b5903e40][render thread 0x7f48b57a2c20] syncAndRender: frame rendered in 0ms, sync=0, render=0, swap=0
2026-07-14 19:24:14.336 DEBUG qt.scenegraph.time.renderloop: [window 0x7f48b5903e40][gui thread] polishAndSync: start, elapsed since last call: 25 ms
2026-07-14 19:24:14.336 DEBUG qt.scenegraph.time.renderloop: [window 0x7f48b5903e40][render thread 0x7f48b57a2c20] syncAndRender: start, elapsed since last call: 26 ms
2026-07-14 19:24:14.337 DEBUG qt.scenegraph.time.renderloop: [window 0x7f48b5903e40][gui thread] Frame prepared, polish=0 ms, lock=0 ms, blockedForSync=0 ms, animations=0 ms
2026-07-14 19:24:14.337 DEBUG qt.scenegraph.time.renderer: time in renderer: total=0ms, preprocess=0, updates=0, rendering=0
2026-07-14 19:24:14.337 DEBUG qt.scenegraph.time.renderloop: [window 0x7f48b5903e40][render thread 0x7f48b57a2c20] syncAndRender: frame rendered in 0ms, sync=0, render=0, swap=0
2026-07-14 19:24:14.338 DEBUG qt.scenegraph.time.renderloop: [window 0x7f48b5903e40][gui thread] polishAndSync: start, elapsed since last call: 1 ms
2026-07-14 19:24:14.338 DEBUG qt.scenegraph.time.renderloop: [window 0x7f48b5903e40][render thread 0x7f48b57a2c20] syncAndRender: start, elapsed since last call: 1 ms
2026-07-14 19:24:14.338 DEBUG qt.scenegraph.time.renderloop: [window 0x7f48b5903e40][gui thread] Frame prepared, polish=0 ms, lock=0 ms, blockedForSync=0 ms, animations=0 ms
2026-07-14 19:24:14.338 DEBUG qt.scenegraph.time.renderer: time in renderer: total=0ms, preprocess=0, updates=0, rendering=0
2026-07-14 19:24:14.338 DEBUG qt.scenegraph.time.renderloop: [window 0x7f48b5903e40][render thread 0x7f48b57a2c20] syncAndRender: frame rendered in 0ms, sync=0, render=0, swap=0
2026-07-14 19:24:14.370 DEBUG qt.scenegraph.time.renderloop: [window 0x7f48b5903e40][gui thread] polishAndSync: start, elapsed since last call: 32 ms
2026-07-14 19:24:14.370 DEBUG qt.scenegraph.time.renderloop: [window 0x7f48b5903e40][render thread 0x7f48b57a2c20] syncAndRender: start, elapsed since last call: 32 ms
2026-07-14 19:24:14.370 DEBUG qt.scenegraph.time.renderloop: [window 0x7f48b5903e40][gui thread] Frame prepared, polish=0 ms, lock=0 ms, blockedForSync=0 ms, animations=0 ms
2026-07-14 19:24:14.370 DEBUG qt.scenegraph.time.renderer: time in renderer: total=0ms, preprocess=0, updates=0, rendering=0
2026-07-14 19:24:14.371 DEBUG qt.scenegraph.time.renderloop: [window 0x7f48b5903e40][render thread 0x7f48b57a2c20] syncAndRender: frame rendered in 0ms, sync=0, render=0, swap=0
2026-07-14 19:24:14.373 DEBUG qt.scenegraph.time.renderloop: [window 0x7f48b5903e40][gui thread] polishAndSync: start, elapsed since last call: 2 ms
2026-07-14 19:24:14.373 DEBUG qt.scenegraph.time.renderloop: [window 0x7f48b5903e40][render thread 0x7f48b57a2c20] syncAndRender: start, elapsed since last call: 2 ms
2026-07-14 19:24:14.373 DEBUG qt.scenegraph.time.renderloop: [window 0x7f48b5903e40][gui thread] Frame prepared, polish=0 ms, lock=0 ms, blockedForSync=0 ms, animations=0 ms
2026-07-14 19:24:14.373 DEBUG qt.scenegraph.time.renderer: time in renderer: total=0ms, preprocess=0, updates=0, rendering=0
2026-07-14 19:24:14.373 DEBUG qt.scenegraph.time.renderloop: [window 0x7f48b5903e40][render thread 0x7f48b57a2c20] syncAndRender: frame rendered in 0ms, sync=0, render=0, swap=0
2026-07-14 19:24:14.403 DEBUG qt.scenegraph.time.renderloop: [window 0x7f48b5903e40][gui thread] polishAndSync: start, elapsed since last call: 30 ms
2026-07-14 19:24:14.403 DEBUG qt.scenegraph.time.renderloop: [window 0x7f48b5903e40][render thread 0x7f48b57a2c20] syncAndRender: start, elapsed since last call: 30 ms
2026-07-14 19:24:14.403 DEBUG qt.scenegraph.time.renderloop: [window 0x7f48b5903e40][gui thread] Frame prepared, polish=0 ms, lock=0 ms, blockedForSync=0 ms, animations=0 ms
2026-07-14 19:24:14.403 DEBUG qt.scenegraph.time.renderer: time in renderer: total=0ms, preprocess=0, updates=0, rendering=0
2026-07-14 19:24:14.403 DEBUG qt.scenegraph.time.renderloop: [window 0x7f48b5903e40][render thread 0x7f48b57a2c20] syncAndRender: frame rendered in 0ms, sync=0, render=0, swap=0
2026-07-14 19:24:14.407 DEBUG qt.scenegraph.time.renderloop: [window 0x7f48b5903e40][gui thread] polishAndSync: start, elapsed since last call: 4 ms
2026-07-14 19:24:14.407 DEBUG qt.scenegraph.time.renderloop: [window 0x7f48b5903e40][render thread 0x7f48b57a2c20] syncAndRender: start, elapsed since last call: 4 ms
2026-07-14 19:24:14.407 DEBUG qt.scenegraph.time.renderloop: [window 0x7f48b5903e40][gui thread] Frame prepared, polish=0 ms, lock=0 ms, blockedForSync=0 ms, animations=0 ms
2026-07-14 19:24:14.407 DEBUG qt.scenegraph.time.renderer: time in renderer: total=0ms, preprocess=0, updates=0, rendering=0
2026-07-14 19:24:14.408 DEBUG qt.scenegraph.time.renderloop: [window 0x7f48b5903e40][render thread 0x7f48b57a2c20] syncAndRender: frame rendered in 0ms, sync=0, render=0, swap=0
2026-07-14 19:24:14.436 DEBUG qt.scenegraph.time.renderloop: [window 0x7f48b5903e40][gui thread] polishAndSync: start, elapsed since last call: 28 ms
2026-07-14 19:24:14.436 DEBUG qt.scenegraph.time.renderloop: [window 0x7f48b5903e40][render thread 0x7f48b57a2c20] syncAndRender: start, elapsed since last call: 28 ms
2026-07-14 19:24:14.436 DEBUG qt.scenegraph.time.renderloop: [window 0x7f48b5903e40][gui thread] Frame prepared, polish=0 ms, lock=0 ms, blockedForSync=0 ms, animations=0 ms
2026-07-14 19:24:14.436 DEBUG qt.scenegraph.time.renderer: time in renderer: total=0ms, preprocess=0, updates=0, rendering=0
2026-07-14 19:24:14.436 DEBUG qt.scenegraph.time.renderloop: [window 0x7f48b5903e40][render thread 0x7f48b57a2c20] syncAndRender: frame rendered in 0ms, sync=0, render=0, swap=0
2026-07-14 19:24:14.442 DEBUG qt.scenegraph.time.renderloop: [window 0x7f48b5903e40][gui thread] polishAndSync: start, elapsed since last call: 6 ms
2026-07-14 19:24:14.442 DEBUG qt.scenegraph.time.renderloop: [window 0x7f48b5903e40][render thread 0x7f48b57a2c20] syncAndRender: start, elapsed since last call: 6 ms
2026-07-14 19:24:14.442 DEBUG qt.scenegraph.time.renderloop: [window 0x7f48b5903e40][gui thread] Frame prepared, polish=0 ms, lock=0 ms, blockedForSync=0 ms, animations=0 ms
2026-07-14 19:24:14.442 DEBUG qt.scenegraph.time.renderer: time in renderer: total=0ms, preprocess=0, updates=0, rendering=0
2026-07-14 19:24:14.442 DEBUG qt.scenegraph.time.renderloop: [window 0x7f48b5903e40][render thread 0x7f48b57a2c20] syncAndRender: frame rendered in 0ms, sync=0, render=0, swap=0
2026-07-14 19:24:14.468 DEBUG qt.scenegraph.time.renderloop: [window 0x7f48b5903e40][gui thread] polishAndSync: start, elapsed since last call: 26 ms
2026-07-14 19:24:14.469 DEBUG qt.scenegraph.time.renderloop: [window 0x7f48b5903e40][render thread 0x7f48b57a2c20] syncAndRender: start, elapsed since last call: 26 ms
2026-07-14 19:24:14.469 DEBUG qt.scenegraph.time.renderloop: [window 0x7f48b5903e40][gui thread] Frame prepared, polish=0 ms, lock=0 ms, blockedForSync=0 ms, animations=0 ms
2026-07-14 19:24:14.469 DEBUG qt.scenegraph.time.renderer: time in renderer: total=0ms, preprocess=0, updates=0, rendering=0
2026-07-14 19:24:14.469 DEBUG qt.scenegraph.time.renderloop: [window 0x7f48b5903e40][render thread 0x7f48b57a2c20] syncAndRender: frame rendered in 0ms, sync=0, render=0, swap=0
2026-07-14 19:24:14.477 DEBUG qt.scenegraph.time.renderloop: [window 0x7f48b5903e40][gui thread] polishAndSync: start, elapsed since last call: 8 ms
2026-07-14 19:24:14.477 DEBUG qt.scenegraph.time.renderloop: [window 0x7f48b5903e40][render thread 0x7f48b57a2c20] syncAndRender: start, elapsed since last call: 8 ms
2026-07-14 19:24:14.477 DEBUG qt.scenegraph.time.renderloop: [window 0x7f48b5903e40][gui thread] Frame prepared, polish=0 ms, lock=0 ms, blockedForSync=0 ms, animations=0 ms
2026-07-14 19:24:14.477 DEBUG qt.scenegraph.time.renderer: time in renderer: total=0ms, preprocess=0, updates=0, rendering=0
2026-07-14 19:24:14.477 DEBUG qt.scenegraph.time.renderloop: [window 0x7f48b5903e40][render thread 0x7f48b57a2c20] syncAndRender: frame rendered in 0ms, sync=0, render=0, swap=0
2026-07-14 19:24:14.501 DEBUG qt.scenegraph.time.renderloop: [window 0x7f48b5903e40][gui thread] polishAndSync: start, elapsed since last call: 24 ms
2026-07-14 19:24:14.501 DEBUG qt.scenegraph.time.renderloop: [window 0x7f48b5903e40][render thread 0x7f48b57a2c20] syncAndRender: start, elapsed since last call: 24 ms
2026-07-14 19:24:14.501 DEBUG qt.scenegraph.time.renderloop: [window 0x7f48b5903e40][gui thread] Frame prepared, polish=0 ms, lock=0 ms, blockedForSync=0 ms, animations=0 ms
2026-07-14 19:24:14.502 DEBUG qt.scenegraph.time.renderer: time in renderer: total=0ms, preprocess=0, updates=0, rendering=0
2026-07-14 19:24:14.502 DEBUG qt.scenegraph.time.renderloop: [window 0x7f48b5903e40][render thread 0x7f48b57a2c20] syncAndRender: frame rendered in 0ms, sync=0, render=0, swap=0
2026-07-14 19:24:14.505 DEBUG qt.scenegraph.time.renderloop: [window 0x7f48b5903e40][gui thread] polishAndSync: start, elapsed since last call: 3 ms
2026-07-14 19:24:14.505 DEBUG qt.scenegraph.time.renderloop: [window 0x7f48b5903e40][render thread 0x7f48b57a2c20] syncAndRender: start, elapsed since last call: 3 ms
2026-07-14 19:24:14.505 DEBUG qt.scenegraph.time.renderloop: [window 0x7f48b5903e40][gui thread] Frame prepared, polish=0 ms, lock=0 ms, blockedForSync=0 ms, animations=0 ms
2026-07-14 19:24:14.505 DEBUG qt.scenegraph.time.renderer: time in renderer: total=0ms, preprocess=0, updates=0, rendering=0
2026-07-14 19:24:14.505 DEBUG qt.scenegraph.time.renderloop: [window 0x7f48b5903e40][render thread 0x7f48b57a2c20] syncAndRender: frame rendered in 0ms, sync=0, render=0, swap=0
2026-07-14 19:24:14.535 DEBUG qt.scenegraph.time.renderloop: [window 0x7f48b5903e40][gui thread] polishAndSync: start, elapsed since last call: 30 ms
2026-07-14 19:24:14.535 DEBUG qt.scenegraph.time.renderloop: [window 0x7f48b5903e40][render thread 0x7f48b57a2c20] syncAndRender: start, elapsed since last call: 30 ms
2026-07-14 19:24:14.535 DEBUG qt.scenegraph.time.renderloop: [window 0x7f48b5903e40][gui thread] Frame prepared, polish=0 ms, lock=0 ms, blockedForSync=0 ms, animations=0 ms
2026-07-14 19:24:14.535 DEBUG qt.scenegraph.time.renderer: time in renderer: total=0ms, preprocess=0, updates=0, rendering=0
2026-07-14 19:24:14.536 DEBUG qt.scenegraph.time.renderloop: [window 0x7f48b5903e40][render thread 0x7f48b57a2c20] syncAndRender: frame rendered in 0ms, sync=0, render=0, swap=0
2026-07-14 19:24:14.539 DEBUG qt.scenegraph.time.renderloop: [window 0x7f48b5903e40][gui thread] polishAndSync: start, elapsed since last call: 4 ms
2026-07-14 19:24:14.539 DEBUG qt.scenegraph.time.renderloop: [window 0x7f48b5903e40][render thread 0x7f48b57a2c20] syncAndRender: start, elapsed since last call: 4 ms
2026-07-14 19:24:14.539 DEBUG qt.scenegraph.time.renderloop: [window 0x7f48b5903e40][gui thread] Frame prepared, polish=0 ms, lock=0 ms, blockedForSync=0 ms, animations=0 ms
2026-07-14 19:24:14.539 DEBUG qt.scenegraph.time.renderer: time in renderer: total=0ms, preprocess=0, updates=0, rendering=0
2026-07-14 19:24:14.540 DEBUG qt.scenegraph.time.renderloop: [window 0x7f48b5903e40][render thread 0x7f48b57a2c20] syncAndRender: frame rendered in 0ms, sync=0, render=0, swap=0
2026-07-14 19:24:14.568 DEBUG qt.scenegraph.time.renderloop: [window 0x7f48b5903e40][gui thread] polishAndSync: start, elapsed since last call: 28 ms
2026-07-14 19:24:14.568 DEBUG qt.scenegraph.time.renderloop: [window 0x7f48b5903e40][render thread 0x7f48b57a2c20] syncAndRender: start, elapsed since last call: 28 ms
2026-07-14 19:24:14.568 DEBUG qt.scenegraph.time.renderloop: [window 0x7f48b5903e40][gui thread] Frame prepared, polish=0 ms, lock=0 ms, blockedForSync=0 ms, animations=0 ms
2026-07-14 19:24:14.568 DEBUG qt.scenegraph.time.renderer: time in renderer: total=0ms, preprocess=0, updates=0, rendering=0
2026-07-14 19:24:14.568 DEBUG qt.scenegraph.time.renderloop: [window 0x7f48b5903e40][render thread 0x7f48b57a2c20] syncAndRender: frame rendered in 0ms, sync=0, render=0, swap=0
2026-07-14 19:24:14.574 DEBUG qt.scenegraph.time.renderloop: [window 0x7f48b5903e40][gui thread] polishAndSync: start, elapsed since last call: 6 ms
2026-07-14 19:24:14.574 DEBUG qt.scenegraph.time.renderloop: [window 0x7f48b5903e40][render thread 0x7f48b57a2c20] syncAndRender: start, elapsed since last call: 6 ms
2026-07-14 19:24:14.574 DEBUG qt.scenegraph.time.renderloop: [window 0x7f48b5903e40][gui thread] Frame prepared, polish=0 ms, lock=0 ms, blockedForSync=0 ms, animations=0 ms
2026-07-14 19:24:14.574 DEBUG qt.scenegraph.time.renderer: time in renderer: total=0ms, preprocess=0, updates=0, rendering=0
2026-07-14 19:24:14.575 DEBUG qt.scenegraph.time.renderloop: [window 0x7f48b5903e40][render thread 0x7f48b57a2c20] syncAndRender: frame rendered in 0ms, sync=0, render=0, swap=0
2026-07-14 19:24:14.600 DEBUG qt.scenegraph.time.renderloop: [window 0x7f48b5903e40][gui thread] polishAndSync: start, elapsed since last call: 26 ms
2026-07-14 19:24:14.601 DEBUG qt.scenegraph.time.renderloop: [window 0x7f48b5903e40][render thread 0x7f48b57a2c20] syncAndRender: start, elapsed since last call: 26 ms
2026-07-14 19:24:14.601 DEBUG qt.scenegraph.time.renderloop: [window 0x7f48b5903e40][gui thread] Frame prepared, polish=0 ms, lock=0 ms, blockedForSync=0 ms, animations=0 ms
2026-07-14 19:24:14.601 DEBUG qt.scenegraph.time.renderer: time in renderer: total=0ms, preprocess=0, updates=0, rendering=0
2026-07-14 19:24:14.601 DEBUG qt.scenegraph.time.renderloop: [window 0x7f48b5903e40][render thread 0x7f48b57a2c20] syncAndRender: frame rendered in 0ms, sync=0, render=0, swap=0
2026-07-14 19:24:14.602 DEBUG qt.scenegraph.time.renderloop: [window 0x7f48b5903e40][gui thread] polishAndSync: start, elapsed since last call: 1 ms
2026-07-14 19:24:14.602 DEBUG qt.scenegraph.time.renderloop: [window 0x7f48b5903e40][render thread 0x7f48b57a2c20] syncAndRender: start, elapsed since last call: 1 ms
2026-07-14 19:24:14.602 DEBUG qt.scenegraph.time.renderloop: [window 0x7f48b5903e40][gui thread] Frame prepared, polish=0 ms, lock=0 ms, blockedForSync=0 ms, animations=0 ms
2026-07-14 19:24:14.602 DEBUG qt.scenegraph.time.renderer: time in renderer: total=0ms, preprocess=0, updates=0, rendering=0
2026-07-14 19:24:14.602 DEBUG qt.scenegraph.time.renderloop: [window 0x7f48b5903e40][render thread 0x7f48b57a2c20] syncAndRender: frame rendered in 0ms, sync=0, render=0, swap=0
2026-07-14 19:24:14.634 DEBUG qt.scenegraph.time.renderloop: [window 0x7f48b5903e40][gui thread] polishAndSync: start, elapsed since last call: 32 ms
2026-07-14 19:24:14.635 DEBUG qt.scenegraph.time.renderloop: [window 0x7f48b5903e40][render thread 0x7f48b57a2c20] syncAndRender: start, elapsed since last call: 32 ms
2026-07-14 19:24:14.635 DEBUG qt.scenegraph.time.renderloop: [window 0x7f48b5903e40][gui thread] Frame prepared, polish=0 ms, lock=0 ms, blockedForSync=0 ms, animations=0 ms
2026-07-14 19:24:14.635 DEBUG qt.scenegraph.time.renderer: time in renderer: total=0ms, preprocess=0, updates=0, rendering=0
2026-07-14 19:24:14.635 DEBUG qt.scenegraph.time.renderloop: [window 0x7f48b5903e40][render thread 0x7f48b57a2c20] syncAndRender: frame rendered in 0ms, sync=0, render=0, swap=0
2026-07-14 19:24:14.637 DEBUG qt.scenegraph.time.renderloop: [window 0x7f48b5903e40][gui thread] polishAndSync: start, elapsed since last call: 2 ms
2026-07-14 19:24:14.637 DEBUG qt.scenegraph.time.renderloop: [window 0x7f48b5903e40][render thread 0x7f48b57a2c20] syncAndRender: start, elapsed since last call: 2 ms
2026-07-14 19:24:14.637 DEBUG qt.scenegraph.time.renderloop: [window 0x7f48b5903e40][gui thread] Frame prepared, polish=0 ms, lock=0 ms, blockedForSync=0 ms, animations=0 ms
2026-07-14 19:24:14.637 DEBUG qt.scenegraph.time.renderer: time in renderer: total=0ms, preprocess=0, updates=0, rendering=0
2026-07-14 19:24:14.637 DEBUG qt.scenegraph.time.renderloop: [window 0x7f48b5903e40][render thread 0x7f48b57a2c20] syncAndRender: frame rendered in 0ms, sync=0, render=0, swap=0
2026-07-14 19:24:14.667 DEBUG qt.scenegraph.time.renderloop: [window 0x7f48b5903e40][gui thread] polishAndSync: start, elapsed since last call: 30 ms
2026-07-14 19:24:14.669 DEBUG qt.scenegraph.time.renderloop: [window 0x7f48b5903e40][render thread 0x7f48b57a2c20] syncAndRender: start, elapsed since last call: 32 ms
2026-07-14 19:24:14.669 DEBUG qt.scenegraph.time.renderloop: [window 0x7f48b5903e40][gui thread] Frame prepared, polish=2 ms, lock=0 ms, blockedForSync=0 ms, animations=0 ms
2026-07-14 19:24:14.669 DEBUG qt.scenegraph.time.renderer: time in renderer: total=0ms, preprocess=0, updates=0, rendering=0
2026-07-14 19:24:14.669 DEBUG qt.scenegraph.time.renderloop: [window 0x7f48b5903e40][render thread 0x7f48b57a2c20] syncAndRender: frame rendered in 0ms, sync=0, render=0, swap=0
2026-07-14 19:24:14.671 DEBUG qt.scenegraph.time.renderloop: [window 0x7f48b5903e40][gui thread] polishAndSync: start, elapsed since last call: 4 ms
2026-07-14 19:24:14.671 DEBUG qt.scenegraph.time.renderloop: [window 0x7f48b5903e40][render thread 0x7f48b57a2c20] syncAndRender: start, elapsed since last call: 2 ms
2026-07-14 19:24:14.671 DEBUG qt.scenegraph.time.renderloop: [window 0x7f48b5903e40][gui thread] Frame prepared, polish=0 ms, lock=0 ms, blockedForSync=0 ms, animations=0 ms
2026-07-14 19:24:14.671 DEBUG qt.scenegraph.time.renderer: time in renderer: total=0ms, preprocess=0, updates=0, rendering=0
2026-07-14 19:24:14.672 DEBUG qt.scenegraph.time.renderloop: [window 0x7f48b5903e40][render thread 0x7f48b57a2c20] syncAndRender: frame rendered in 0ms, sync=0, render=0, swap=0
2026-07-14 19:24:14.700 DEBUG qt.scenegraph.time.renderloop: [window 0x7f48b5903e40][gui thread] polishAndSync: start, elapsed since last call: 28 ms
2026-07-14 19:24:14.700 DEBUG qt.scenegraph.time.renderloop: [window 0x7f48b5903e40][render thread 0x7f48b57a2c20] syncAndRender: start, elapsed since last call: 28 ms
2026-07-14 19:24:14.700 DEBUG qt.scenegraph.time.renderloop: [window 0x7f48b5903e40][gui thread] Frame prepared, polish=0 ms, lock=0 ms, blockedForSync=0 ms, animations=0 ms
2026-07-14 19:24:14.700 DEBUG qt.scenegraph.time.renderer: time in renderer: total=0ms, preprocess=0, updates=0, rendering=0
2026-07-14 19:24:14.700 DEBUG qt.scenegraph.time.renderloop: [window 0x7f48b5903e40][render thread 0x7f48b57a2c20] syncAndRender: frame rendered in 0ms, sync=0, render=0, swap=0
2026-07-14 19:24:14.706 DEBUG qt.scenegraph.time.renderloop: [window 0x7f48b5903e40][gui thread] polishAndSync: start, elapsed since last call: 6 ms
2026-07-14 19:24:14.706 DEBUG qt.scenegraph.time.renderloop: [window 0x7f48b5903e40][render thread 0x7f48b57a2c20] syncAndRender: start, elapsed since last call: 6 ms
2026-07-14 19:24:14.706 DEBUG qt.scenegraph.time.renderloop: [window 0x7f48b5903e40][gui thread] Frame prepared, polish=0 ms, lock=0 ms, blockedForSync=0 ms, animations=0 ms
2026-07-14 19:24:14.706 DEBUG qt.scenegraph.time.renderer: time in renderer: total=0ms, preprocess=0, updates=0, rendering=0
2026-07-14 19:24:14.706 DEBUG qt.scenegraph.time.renderloop: [window 0x7f48b5903e40][render thread 0x7f48b57a2c20] syncAndRender: frame rendered in 0ms, sync=0, render=0, swap=0
2026-07-14 19:24:14.732 DEBUG qt.scenegraph.time.renderloop: [window 0x7f48b5903e40][gui thread] polishAndSync: start, elapsed since last call: 26 ms
2026-07-14 19:24:14.733 DEBUG qt.scenegraph.time.renderloop: [window 0x7f48b5903e40][render thread 0x7f48b57a2c20] syncAndRender: start, elapsed since last call: 26 ms
2026-07-14 19:24:14.733 DEBUG qt.scenegraph.time.renderloop: [window 0x7f48b5903e40][gui thread] Frame prepared, polish=0 ms, lock=0 ms, blockedForSync=0 ms, animations=0 ms
2026-07-14 19:24:14.733 DEBUG qt.scenegraph.time.renderer: time in renderer: total=0ms, preprocess=0, updates=0, rendering=0
2026-07-14 19:24:14.733 DEBUG qt.scenegraph.time.renderloop: [window 0x7f48b5903e40][render thread 0x7f48b57a2c20] syncAndRender: frame rendered in 0ms, sync=0, render=0, swap=0
2026-07-14 19:24:14.734 DEBUG qt.scenegraph.time.renderloop: [window 0x7f48b5903e40][gui thread] polishAndSync: start, elapsed since last call: 1 ms
2026-07-14 19:24:14.734 DEBUG qt.scenegraph.time.renderloop: [window 0x7f48b5903e40][render thread 0x7f48b57a2c20] syncAndRender: start, elapsed since last call: 1 ms
2026-07-14 19:24:14.734 DEBUG qt.scenegraph.time.renderloop: [window 0x7f48b5903e40][gui thread] Frame prepared, polish=0 ms, lock=0 ms, blockedForSync=0 ms, animations=0 ms
2026-07-14 19:24:14.734 DEBUG qt.scenegraph.time.renderer: time in renderer: total=0ms, preprocess=0, updates=0, rendering=0
2026-07-14 19:24:14.734 DEBUG qt.scenegraph.time.renderloop: [window 0x7f48b5903e40][render thread 0x7f48b57a2c20] syncAndRender: frame rendered in 0ms, sync=0, render=0, swap=0
2026-07-14 19:24:14.765 DEBUG qt.scenegraph.time.renderloop: [window 0x7f48b5903e40][gui thread] polishAndSync: start, elapsed since last call: 31 ms
2026-07-14 19:24:14.766 DEBUG qt.scenegraph.time.renderloop: [window 0x7f48b5903e40][render thread 0x7f48b57a2c20] syncAndRender: start, elapsed since last call: 31 ms
2026-07-14 19:24:14.766 DEBUG qt.scenegraph.time.renderloop: [window 0x7f48b5903e40][gui thread] Frame prepared, polish=0 ms, lock=0 ms, blockedForSync=0 ms, animations=0 ms
2026-07-14 19:24:14.766 DEBUG qt.scenegraph.time.renderer: time in renderer: total=0ms, preprocess=0, updates=0, rendering=0
2026-07-14 19:24:14.766 DEBUG qt.scenegraph.time.renderloop: [window 0x7f48b5903e40][render thread 0x7f48b57a2c20] syncAndRender: frame rendered in 0ms, sync=0, render=0, swap=0
2026-07-14 19:24:14.769 DEBUG qt.scenegraph.time.renderloop: [window 0x7f48b5903e40][gui thread] polishAndSync: start, elapsed since last call: 3 ms
2026-07-14 19:24:14.769 DEBUG qt.scenegraph.time.renderloop: [window 0x7f48b5903e40][render thread 0x7f48b57a2c20] syncAndRender: start, elapsed since last call: 3 ms
2026-07-14 19:24:14.769 DEBUG qt.scenegraph.time.renderloop: [window 0x7f48b5903e40][gui thread] Frame prepared, polish=0 ms, lock=0 ms, blockedForSync=0 ms, animations=0 ms
2026-07-14 19:24:14.769 DEBUG qt.scenegraph.time.renderer: time in renderer: total=0ms, preprocess=0, updates=0, rendering=0
2026-07-14 19:24:14.769 DEBUG qt.scenegraph.time.renderloop: [window 0x7f48b5903e40][render thread 0x7f48b57a2c20] syncAndRender: frame rendered in 0ms, sync=0, render=0, swap=0
2026-07-14 19:24:14.799 DEBUG qt.scenegraph.time.renderloop: [window 0x7f48b5903e40][gui thread] polishAndSync: start, elapsed since last call: 30 ms
2026-07-14 19:24:14.799 DEBUG qt.scenegraph.time.renderloop: [window 0x7f48b5903e40][render thread 0x7f48b57a2c20] syncAndRender: start, elapsed since last call: 30 ms
2026-07-14 19:24:14.799 DEBUG qt.scenegraph.time.renderloop: [window 0x7f48b5903e40][gui thread] Frame prepared, polish=0 ms, lock=0 ms, blockedForSync=0 ms, animations=0 ms
2026-07-14 19:24:14.800 DEBUG qt.scenegraph.time.renderer: time in renderer: total=0ms, preprocess=0, updates=0, rendering=0
2026-07-14 19:24:14.800 DEBUG qt.scenegraph.time.renderloop: [window 0x7f48b5903e40][render thread 0x7f48b57a2c20] syncAndRender: frame rendered in 0ms, sync=0, render=0, swap=0
2026-07-14 19:24:14.804 DEBUG qt.scenegraph.time.renderloop: [window 0x7f48b5903e40][gui thread] polishAndSync: start, elapsed since last call: 4 ms
2026-07-14 19:24:14.804 DEBUG qt.scenegraph.time.renderloop: [window 0x7f48b5903e40][render thread 0x7f48b57a2c20] syncAndRender: start, elapsed since last call: 4 ms
2026-07-14 19:24:14.804 DEBUG qt.scenegraph.time.renderloop: [window 0x7f48b5903e40][gui thread] Frame prepared, polish=0 ms, lock=0 ms, blockedForSync=0 ms, animations=0 ms
2026-07-14 19:24:14.804 DEBUG qt.scenegraph.time.renderer: time in renderer: total=0ms, preprocess=0, updates=0, rendering=0
2026-07-14 19:24:14.804 DEBUG qt.scenegraph.time.renderloop: [window 0x7f48b5903e40][render thread 0x7f48b57a2c20] syncAndRender: frame rendered in 0ms, sync=0, render=0, swap=0
2026-07-14 19:24:14.832 DEBUG qt.scenegraph.time.renderloop: [window 0x7f48b5903e40][gui thread] polishAndSync: start, elapsed since last call: 27 ms
2026-07-14 19:24:14.832 DEBUG qt.scenegraph.time.renderloop: [window 0x7f48b5903e40][render thread 0x7f48b57a2c20] syncAndRender: start, elapsed since last call: 28 ms
2026-07-14 19:24:14.832 DEBUG qt.scenegraph.time.renderloop: [window 0x7f48b5903e40][gui thread] Frame prepared, polish=0 ms, lock=0 ms, blockedForSync=0 ms, animations=0 ms
2026-07-14 19:24:14.832 DEBUG qt.scenegraph.time.renderer: time in renderer: total=0ms, preprocess=0, updates=0, rendering=0
2026-07-14 19:24:14.832 DEBUG qt.scenegraph.time.renderloop: [window 0x7f48b5903e40][render thread 0x7f48b57a2c20] syncAndRender: frame rendered in 0ms, sync=0, render=0, swap=0
2026-07-14 19:24:14.838 DEBUG qt.scenegraph.time.renderloop: [window 0x7f48b5903e40][gui thread] polishAndSync: start, elapsed since last call: 6 ms
2026-07-14 19:24:14.838 DEBUG qt.scenegraph.time.renderloop: [window 0x7f48b5903e40][render thread 0x7f48b57a2c20] syncAndRender: start, elapsed since last call: 6 ms
2026-07-14 19:24:14.838 DEBUG qt.scenegraph.time.renderloop: [window 0x7f48b5903e40][gui thread] Frame prepared, polish=0 ms, lock=0 ms, blockedForSync=0 ms, animations=0 ms
2026-07-14 19:24:14.838 DEBUG qt.scenegraph.time.renderer: time in renderer: total=0ms, preprocess=0, updates=0, rendering=0
2026-07-14 19:24:14.839 DEBUG qt.scenegraph.time.renderloop: [window 0x7f48b5903e40][render thread 0x7f48b57a2c20] syncAndRender: frame rendered in 0ms, sync=0, render=0, swap=0
2026-07-14 19:24:14.864 DEBUG qt.scenegraph.time.renderloop: [window 0x7f48b5903e40][gui thread] polishAndSync: start, elapsed since last call: 26 ms
2026-07-14 19:24:14.865 DEBUG qt.scenegraph.time.renderloop: [window 0x7f48b5903e40][render thread 0x7f48b57a2c20] syncAndRender: start, elapsed since last call: 26 ms
2026-07-14 19:24:14.865 DEBUG qt.scenegraph.time.renderloop: [window 0x7f48b5903e40][gui thread] Frame prepared, polish=0 ms, lock=0 ms, blockedForSync=0 ms, animations=0 ms
2026-07-14 19:24:14.865 DEBUG qt.scenegraph.time.renderer: time in renderer: total=0ms, preprocess=0, updates=0, rendering=0
2026-07-14 19:24:14.865 DEBUG qt.scenegraph.time.renderloop: [window 0x7f48b5903e40][render thread 0x7f48b57a2c20] syncAndRender: frame rendered in 0ms, sync=0, render=0, swap=0
2026-07-14 19:24:14.866 DEBUG qt.scenegraph.time.renderloop: [window 0x7f48b5903e40][gui thread] polishAndSync: start, elapsed since last call: 1 ms
2026-07-14 19:24:14.866 DEBUG qt.scenegraph.time.renderloop: [window 0x7f48b5903e40][render thread 0x7f48b57a2c20] syncAndRender: start, elapsed since last call: 1 ms
2026-07-14 19:24:14.866 DEBUG qt.scenegraph.time.renderloop: [window 0x7f48b5903e40][gui thread] Frame prepared, polish=0 ms, lock=0 ms, blockedForSync=0 ms, animations=0 ms
2026-07-14 19:24:14.866 DEBUG qt.scenegraph.time.renderer: time in renderer: total=0ms, preprocess=0, updates=0, rendering=0
2026-07-14 19:24:14.866 DEBUG qt.scenegraph.time.renderloop: [window 0x7f48b5903e40][render thread 0x7f48b57a2c20] syncAndRender: frame rendered in 0ms, sync=0, render=0, swap=0
2026-07-14 19:24:14.897 DEBUG qt.scenegraph.time.renderloop: [window 0x7f48b5903e40][gui thread] polishAndSync: start, elapsed since last call: 31 ms
2026-07-14 19:24:14.897 DEBUG qt.scenegraph.time.renderloop: [window 0x7f48b5903e40][render thread 0x7f48b57a2c20] syncAndRender: start, elapsed since last call: 31 ms
2026-07-14 19:24:14.897 DEBUG qt.scenegraph.time.renderloop: [window 0x7f48b5903e40][gui thread] Frame prepared, polish=0 ms, lock=0 ms, blockedForSync=0 ms, animations=0 ms
2026-07-14 19:24:14.897 DEBUG qt.scenegraph.time.renderer: time in renderer: total=0ms, preprocess=0, updates=0, rendering=0
2026-07-14 19:24:14.898 DEBUG qt.scenegraph.time.renderloop: [window 0x7f48b5903e40][render thread 0x7f48b57a2c20] syncAndRender: frame rendered in 0ms, sync=0, render=0, swap=0
2026-07-14 19:24:14.901 DEBUG qt.scenegraph.time.renderloop: [window 0x7f48b5903e40][gui thread] polishAndSync: start, elapsed since last call: 3 ms
2026-07-14 19:24:14.901 DEBUG qt.scenegraph.time.renderloop: [window 0x7f48b5903e40][render thread 0x7f48b57a2c20] syncAndRender: start, elapsed since last call: 3 ms
2026-07-14 19:24:14.901 DEBUG qt.scenegraph.time.renderloop: [window 0x7f48b5903e40][gui thread] Frame prepared, polish=0 ms, lock=0 ms, blockedForSync=0 ms, animations=0 ms
2026-07-14 19:24:14.901 DEBUG qt.scenegraph.time.renderer: time in renderer: total=0ms, preprocess=0, updates=0, rendering=0
2026-07-14 19:24:14.901 DEBUG qt.scenegraph.time.renderloop: [window 0x7f48b5903e40][render thread 0x7f48b57a2c20] syncAndRender: frame rendered in 0ms, sync=0, render=0, swap=0
2026-07-14 19:24:14.931 DEBUG qt.scenegraph.time.renderloop: [window 0x7f48b5903e40][gui thread] polishAndSync: start, elapsed since last call: 30 ms
2026-07-14 19:24:14.931 DEBUG qt.scenegraph.time.renderloop: [window 0x7f48b5903e40][render thread 0x7f48b57a2c20] syncAndRender: start, elapsed since last call: 30 ms
2026-07-14 19:24:14.931 DEBUG qt.scenegraph.time.renderloop: [window 0x7f48b5903e40][gui thread] Frame prepared, polish=0 ms, lock=0 ms, blockedForSync=0 ms, animations=0 ms
2026-07-14 19:24:14.931 DEBUG qt.scenegraph.time.renderer: time in renderer: total=0ms, preprocess=0, updates=0, rendering=0
2026-07-14 19:24:14.931 DEBUG qt.scenegraph.time.renderloop: [window 0x7f48b5903e40][render thread 0x7f48b57a2c20] syncAndRender: frame rendered in 0ms, sync=0, render=0, swap=0
2026-07-14 19:24:14.935 DEBUG qt.scenegraph.time.renderloop: [window 0x7f48b5903e40][gui thread] polishAndSync: start, elapsed since last call: 4 ms
2026-07-14 19:24:14.935 DEBUG qt.scenegraph.time.renderloop: [window 0x7f48b5903e40][render thread 0x7f48b57a2c20] syncAndRender: start, elapsed since last call: 4 ms
2026-07-14 19:24:14.935 DEBUG qt.scenegraph.time.renderloop: [window 0x7f48b5903e40][gui thread] Frame prepared, polish=0 ms, lock=0 ms, blockedForSync=0 ms, animations=0 ms
2026-07-14 19:24:14.935 DEBUG qt.scenegraph.time.renderer: time in renderer: total=0ms, preprocess=0, updates=0, rendering=0
2026-07-14 19:24:14.936 DEBUG qt.scenegraph.time.renderloop: [window 0x7f48b5903e40][render thread 0x7f48b57a2c20] syncAndRender: frame rendered in 0ms, sync=0, render=0, swap=0
2026-07-14 19:24:14.964 DEBUG qt.scenegraph.time.renderloop: [window 0x7f48b5903e40][gui thread] polishAndSync: start, elapsed since last call: 28 ms
2026-07-14 19:24:14.964 DEBUG qt.scenegraph.time.renderloop: [window 0x7f48b5903e40][render thread 0x7f48b57a2c20] syncAndRender: start, elapsed since last call: 28 ms
2026-07-14 19:24:14.964 DEBUG qt.scenegraph.time.renderloop: [window 0x7f48b5903e40][gui thread] Frame prepared, polish=0 ms, lock=0 ms, blockedForSync=0 ms, animations=0 ms
2026-07-14 19:24:14.964 DEBUG qt.scenegraph.time.renderer: time in renderer: total=0ms, preprocess=0, updates=0, rendering=0
2026-07-14 19:24:14.964 DEBUG qt.scenegraph.time.renderloop: [window 0x7f48b5903e40][render thread 0x7f48b57a2c20] syncAndRender: frame rendered in 0ms, sync=0, render=0, swap=0
2026-07-14 19:24:14.970 DEBUG qt.scenegraph.time.renderloop: [window 0x7f48b5903e40][gui thread] polishAndSync: start, elapsed since last call: 6 ms
2026-07-14 19:24:14.970 DEBUG qt.scenegraph.time.renderloop: [window 0x7f48b5903e40][render thread 0x7f48b57a2c20] syncAndRender: start, elapsed since last call: 6 ms
2026-07-14 19:24:14.970 DEBUG qt.scenegraph.time.renderloop: [window 0x7f48b5903e40][gui thread] Frame prepared, polish=0 ms, lock=0 ms, blockedForSync=0 ms, animations=0 ms
2026-07-14 19:24:14.970 DEBUG qt.scenegraph.time.renderer: time in renderer: total=0ms, preprocess=0, updates=0, rendering=0
2026-07-14 19:24:14.971 DEBUG qt.scenegraph.time.renderloop: [window 0x7f48b5903e40][render thread 0x7f48b57a2c20] syncAndRender: frame rendered in 0ms, sync=0, render=0, swap=0
2026-07-14 19:24:14.997 DEBUG qt.scenegraph.time.renderloop: [window 0x7f48b5903e40][gui thread] polishAndSync: start, elapsed since last call: 26 ms
2026-07-14 19:24:14.997 DEBUG qt.scenegraph.time.renderloop: [window 0x7f48b5903e40][render thread 0x7f48b57a2c20] syncAndRender: start, elapsed since last call: 26 ms
2026-07-14 19:24:14.997 DEBUG qt.scenegraph.time.renderloop: [window 0x7f48b5903e40][gui thread] Frame prepared, polish=0 ms, lock=0 ms, blockedForSync=0 ms, animations=0 ms
2026-07-14 19:24:14.997 DEBUG qt.scenegraph.time.renderer: time in renderer: total=0ms, preprocess=0, updates=0, rendering=0
2026-07-14 19:24:14.997 DEBUG qt.scenegraph.time.renderloop: [window 0x7f48b5903e40][render thread 0x7f48b57a2c20] syncAndRender: frame rendered in 0ms, sync=0, render=0, swap=0
2026-07-14 19:24:14.998 DEBUG qt.scenegraph.time.renderloop: [window 0x7f48b5903e40][gui thread] polishAndSync: start, elapsed since last call: 1 ms
2026-07-14 19:24:14.998 DEBUG qt.scenegraph.time.renderloop: [window 0x7f48b5903e40][render thread 0x7f48b57a2c20] syncAndRender: start, elapsed since last call: 1 ms
2026-07-14 19:24:14.998 DEBUG qt.scenegraph.time.renderloop: [window 0x7f48b5903e40][gui thread] Frame prepared, polish=0 ms, lock=0 ms, blockedForSync=0 ms, animations=0 ms
2026-07-14 19:24:14.998 DEBUG qt.scenegraph.time.renderer: time in renderer: total=0ms, preprocess=0, updates=0, rendering=0
2026-07-14 19:24:14.998 DEBUG qt.scenegraph.time.renderloop: [window 0x7f48b5903e40][render thread 0x7f48b57a2c20] syncAndRender: frame rendered in 0ms, sync=0, render=0, swap=0
2026-07-14 19:24:15.029 DEBUG qt.scenegraph.time.renderloop: [window 0x7f48b5903e40][gui thread] polishAndSync: start, elapsed since last call: 31 ms
2026-07-14 19:24:15.029 DEBUG qt.scenegraph.time.renderloop: [window 0x7f48b5903e40][render thread 0x7f48b57a2c20] syncAndRender: start, elapsed since last call: 31 ms
2026-07-14 19:24:15.029 DEBUG qt.scenegraph.time.renderloop: [window 0x7f48b5903e40][gui thread] Frame prepared, polish=0 ms, lock=0 ms, blockedForSync=0 ms, animations=0 ms
2026-07-14 19:24:15.029 DEBUG qt.scenegraph.time.renderer: time in renderer: total=0ms, preprocess=0, updates=0, rendering=0
2026-07-14 19:24:15.030 DEBUG qt.scenegraph.time.renderloop: [window 0x7f48b5903e40][render thread 0x7f48b57a2c20] syncAndRender: frame rendered in 0ms, sync=0, render=0, swap=0
2026-07-14 19:24:15.033 DEBUG qt.scenegraph.time.renderloop: [window 0x7f48b5903e40][gui thread] polishAndSync: start, elapsed since last call: 3 ms
2026-07-14 19:24:15.033 DEBUG qt.scenegraph.time.renderloop: [window 0x7f48b5903e40][render thread 0x7f48b57a2c20] syncAndRender: start, elapsed since last call: 3 ms
2026-07-14 19:24:15.033 DEBUG qt.scenegraph.time.renderloop: [window 0x7f48b5903e40][gui thread] Frame prepared, polish=0 ms, lock=0 ms, blockedForSync=0 ms, animations=0 ms
2026-07-14 19:24:15.033 DEBUG qt.scenegraph.time.renderer: time in renderer: total=0ms, preprocess=0, updates=0, rendering=0
2026-07-14 19:24:15.033 DEBUG qt.scenegraph.time.renderloop: [window 0x7f48b5903e40][render thread 0x7f48b57a2c20] syncAndRender: frame rendered in 0ms, sync=0, render=0, swap=0
2026-07-14 19:24:15.063 DEBUG qt.scenegraph.time.renderloop: [window 0x7f48b5903e40][gui thread] polishAndSync: start, elapsed since last call: 30 ms
2026-07-14 19:24:15.063 DEBUG qt.scenegraph.time.renderloop: [window 0x7f48b5903e40][render thread 0x7f48b57a2c20] syncAndRender: start, elapsed since last call: 30 ms
2026-07-14 19:24:15.063 DEBUG qt.scenegraph.time.renderloop: [window 0x7f48b5903e40][gui thread] Frame prepared, polish=0 ms, lock=0 ms, blockedForSync=0 ms, animations=0 ms
2026-07-14 19:24:15.064 DEBUG qt.scenegraph.time.renderer: time in renderer: total=0ms, preprocess=0, updates=0, rendering=0
2026-07-14 19:24:15.064 DEBUG qt.scenegraph.time.renderloop: [window 0x7f48b5903e40][render thread 0x7f48b57a2c20] syncAndRender: frame rendered in 0ms, sync=0, render=0, swap=0
2026-07-14 19:24:15.067 DEBUG qt.scenegraph.time.renderloop: [window 0x7f48b5903e40][gui thread] polishAndSync: start, elapsed since last call: 4 ms
2026-07-14 19:24:15.067 DEBUG qt.scenegraph.time.renderloop: [window 0x7f48b5903e40][render thread 0x7f48b57a2c20] syncAndRender: start, elapsed since last call: 4 ms
2026-07-14 19:24:15.068 DEBUG qt.scenegraph.time.renderloop: [window 0x7f48b5903e40][gui thread] Frame prepared, polish=0 ms, lock=0 ms, blockedForSync=0 ms, animations=0 ms
2026-07-14 19:24:15.068 DEBUG qt.scenegraph.time.renderer: time in renderer: total=0ms, preprocess=0, updates=0, rendering=0
2026-07-14 19:24:15.068 DEBUG qt.scenegraph.time.renderloop: [window 0x7f48b5903e40][render thread 0x7f48b57a2c20] syncAndRender: frame rendered in 0ms, sync=0, render=0, swap=0
2026-07-14 19:24:15.092 DEBUG qt.scenegraph.time.renderloop: [window 0x7f48b5903e40][gui thread] polishAndSync: start, elapsed since last call: 24 ms
2026-07-14 19:24:15.092 DEBUG qt.scenegraph.time.renderloop: [window 0x7f48b5903e40][render thread 0x7f48b57a2c20] syncAndRender: start, elapsed since last call: 24 ms
2026-07-14 19:24:15.092 DEBUG qt.scenegraph.time.renderloop: [window 0x7f48b5903e40][gui thread] Frame prepared, polish=0 ms, lock=0 ms, blockedForSync=0 ms, animations=0 ms
2026-07-14 19:24:15.092 DEBUG qt.scenegraph.time.renderloop: [window 0x7f48b5903e40][gui thread] polishAndSync: start, elapsed since last call: 0 ms
2026-07-14 19:24:15.092 DEBUG qt.scenegraph.time.texture: atlastexture upload enqueued in: -9223357544023ms (16x16)
2026-07-14 19:24:15.092 DEBUG qt.scenegraph.time.texture: atlastexture upload enqueued in: -9223357544023ms (36x14)
2026-07-14 19:24:15.092 DEBUG qt.scenegraph.time.renderer: time in renderer: total=0ms, preprocess=0, updates=0, rendering=0
2026-07-14 19:24:15.093 DEBUG qt.scenegraph.time.renderloop: [window 0x7f48b5903e40][render thread 0x7f48b57a2c20] syncAndRender: frame rendered in 1ms, sync=0, render=0, swap=0
2026-07-14 19:24:15.093 DEBUG qt.scenegraph.time.renderloop: [window 0x7f48b5903e40][render thread 0x7f48b57a2c20] syncAndRender: start, elapsed since last call: 1 ms
2026-07-14 19:24:15.093 DEBUG qt.scenegraph.time.renderloop: [window 0x7f48b5903e40][gui thread] Frame prepared, polish=0 ms, lock=0 ms, blockedForSync=0 ms, animations=0 ms
2026-07-14 19:24:15.093 DEBUG qt.scenegraph.time.renderer: time in renderer: total=0ms, preprocess=0, updates=0, rendering=0
2026-07-14 19:24:15.096 DEBUG qt.scenegraph.time.renderloop: [window 0x7f48b5903e40][gui thread] polishAndSync: start, elapsed since last call: 3 ms
2026-07-14 19:24:15.096 DEBUG qt.scenegraph.time.renderloop: [window 0x7f48b5903e40][render thread 0x7f48b57a2c20] syncAndRender: frame rendered in 2ms, sync=0, render=0, swap=2
2026-07-14 19:24:15.096 DEBUG qt.scenegraph.time.renderloop: [window 0x7f48b5903e40][render thread 0x7f48b57a2c20] syncAndRender: start, elapsed since last call: 3 ms
2026-07-14 19:24:15.096 DEBUG qt.scenegraph.time.renderloop: [window 0x7f48b5903e40][gui thread] Frame prepared, polish=0 ms, lock=0 ms, blockedForSync=0 ms, animations=0 ms
2026-07-14 19:24:15.096 DEBUG qt.scenegraph.time.renderer: time in renderer: total=0ms, preprocess=0, updates=0, rendering=0
2026-07-14 19:24:15.102 DEBUG qt.scenegraph.time.renderloop: [window 0x7f48b5903e40][gui thread] polishAndSync: start, elapsed since last call: 6 ms
2026-07-14 19:24:15.102 DEBUG qt.scenegraph.time.renderloop: [window 0x7f48b5903e40][render thread 0x7f48b57a2c20] syncAndRender: frame rendered in 6ms, sync=0, render=0, swap=6
2026-07-14 19:24:15.103 DEBUG qt.scenegraph.time.renderloop: [window 0x7f48b5903e40][render thread 0x7f48b57a2c20] syncAndRender: start, elapsed since last call: 6 ms
2026-07-14 19:24:15.103 DEBUG qt.scenegraph.time.renderloop: [window 0x7f48b5903e40][gui thread] Frame prepared, polish=0 ms, lock=0 ms, blockedForSync=0 ms, animations=0 ms
2026-07-14 19:24:15.103 DEBUG qt.scenegraph.time.texture: atlastexture upload enqueued in: -9223357544013ms (36x14)
2026-07-14 19:24:15.103 DEBUG qt.scenegraph.time.renderer: time in renderer: total=0ms, preprocess=0, updates=0, rendering=0
2026-07-14 19:24:15.109 DEBUG qt.scenegraph.time.renderloop: [window 0x7f48b5903e40][gui thread] polishAndSync: start, elapsed since last call: 6 ms
2026-07-14 19:24:15.109 DEBUG qt.scenegraph.time.renderloop: [window 0x7f48b5903e40][render thread 0x7f48b57a2c20] syncAndRender: frame rendered in 6ms, sync=0, render=0, swap=6
2026-07-14 19:24:15.109 DEBUG qt.scenegraph.time.renderloop: [window 0x7f48b5903e40][render thread 0x7f48b57a2c20] syncAndRender: start, elapsed since last call: 6 ms
2026-07-14 19:24:15.110 DEBUG qt.scenegraph.time.renderloop: [window 0x7f48b5903e40][gui thread] Frame prepared, polish=0 ms, lock=0 ms, blockedForSync=0 ms, animations=0 ms
2026-07-14 19:24:15.110 DEBUG qt.scenegraph.time.renderer: time in renderer: total=0ms, preprocess=0, updates=0, rendering=0
2026-07-14 19:24:15.116 DEBUG qt.scenegraph.time.renderloop: [window 0x7f48b5903e40][gui thread] polishAndSync: start, elapsed since last call: 6 ms
2026-07-14 19:24:15.116 DEBUG qt.scenegraph.time.renderloop: [window 0x7f48b5903e40][render thread 0x7f48b57a2c20] syncAndRender: frame rendered in 6ms, sync=0, render=0, swap=6
2026-07-14 19:24:15.116 DEBUG qt.scenegraph.time.renderloop: [window 0x7f48b5903e40][render thread 0x7f48b57a2c20] syncAndRender: start, elapsed since last call: 6 ms
2026-07-14 19:24:15.117 DEBUG qt.scenegraph.time.renderloop: [window 0x7f48b5903e40][gui thread] Frame prepared, polish=0 ms, lock=0 ms, blockedForSync=0 ms, animations=0 ms
2026-07-14 19:24:15.117 DEBUG qt.scenegraph.time.renderer: time in renderer: total=0ms, preprocess=0, updates=0, rendering=0
2026-07-14 19:24:15.123 DEBUG qt.scenegraph.time.renderloop: [window 0x7f48b5903e40][gui thread] polishAndSync: start, elapsed since last call: 6 ms
2026-07-14 19:24:15.123 DEBUG qt.scenegraph.time.renderloop: [window 0x7f48b5903e40][render thread 0x7f48b57a2c20] syncAndRender: frame rendered in 6ms, sync=0, render=0, swap=6
2026-07-14 19:24:15.123 DEBUG qt.scenegraph.time.renderloop: [window 0x7f48b5903e40][render thread 0x7f48b57a2c20] syncAndRender: start, elapsed since last call: 6 ms
2026-07-14 19:24:15.123 DEBUG qt.scenegraph.time.renderloop: [window 0x7f48b5903e40][gui thread] Frame prepared, polish=0 ms, lock=0 ms, blockedForSync=0 ms, animations=0 ms
2026-07-14 19:24:15.123 DEBUG qt.scenegraph.time.renderer: time in renderer: total=0ms, preprocess=0, updates=0, rendering=0
2026-07-14 19:24:15.130 DEBUG qt.scenegraph.time.renderloop: [window 0x7f48b5903e40][gui thread] polishAndSync: start, elapsed since last call: 6 ms
2026-07-14 19:24:15.130 DEBUG qt.scenegraph.time.renderloop: [window 0x7f48b5903e40][render thread 0x7f48b57a2c20] syncAndRender: frame rendered in 6ms, sync=0, render=0, swap=6
2026-07-14 19:24:15.130 DEBUG qt.scenegraph.time.renderloop: [window 0x7f48b5903e40][render thread 0x7f48b57a2c20] syncAndRender: start, elapsed since last call: 7 ms
2026-07-14 19:24:15.131 DEBUG qt.scenegraph.time.renderloop: [window 0x7f48b5903e40][gui thread] Frame prepared, polish=0 ms, lock=0 ms, blockedForSync=0 ms, animations=0 ms
2026-07-14 19:24:15.131 DEBUG qt.scenegraph.time.renderer: time in renderer: total=0ms, preprocess=0, updates=0, rendering=0
2026-07-14 19:24:15.137 DEBUG qt.scenegraph.time.renderloop: [window 0x7f48b5903e40][gui thread] polishAndSync: start, elapsed since last call: 6 ms
2026-07-14 19:24:15.137 DEBUG qt.scenegraph.time.renderloop: [window 0x7f48b5903e40][render thread 0x7f48b57a2c20] syncAndRender: frame rendered in 6ms, sync=0, render=0, swap=6
2026-07-14 19:24:15.137 DEBUG qt.scenegraph.time.renderloop: [window 0x7f48b5903e40][render thread 0x7f48b57a2c20] syncAndRender: start, elapsed since last call: 6 ms
2026-07-14 19:24:15.137 DEBUG qt.scenegraph.time.renderloop: [window 0x7f48b5903e40][gui thread] Frame prepared, polish=0 ms, lock=0 ms, blockedForSync=0 ms, animations=0 ms
2026-07-14 19:24:15.137 DEBUG qt.scenegraph.time.renderer: time in renderer: total=0ms, preprocess=0, updates=0, rendering=0
2026-07-14 19:24:15.144 DEBUG qt.scenegraph.time.renderloop: [window 0x7f48b5903e40][gui thread] polishAndSync: start, elapsed since last call: 6 ms
2026-07-14 19:24:15.144 DEBUG qt.scenegraph.time.renderloop: [window 0x7f48b5903e40][render thread 0x7f48b57a2c20] syncAndRender: frame rendered in 6ms, sync=0, render=0, swap=6
2026-07-14 19:24:15.144 DEBUG qt.scenegraph.time.renderloop: [window 0x7f48b5903e40][render thread 0x7f48b57a2c20] syncAndRender: start, elapsed since last call: 6 ms
2026-07-14 19:24:15.144 DEBUG qt.scenegraph.time.renderloop: [window 0x7f48b5903e40][gui thread] Frame prepared, polish=0 ms, lock=0 ms, blockedForSync=0 ms, animations=0 ms
2026-07-14 19:24:15.144 DEBUG qt.scenegraph.time.renderer: time in renderer: total=0ms, preprocess=0, updates=0, rendering=0
2026-07-14 19:24:15.151 DEBUG qt.scenegraph.time.renderloop: [window 0x7f48b5903e40][gui thread] polishAndSync: start, elapsed since last call: 6 ms
2026-07-14 19:24:15.151 DEBUG qt.scenegraph.time.renderloop: [window 0x7f48b5903e40][render thread 0x7f48b57a2c20] syncAndRender: frame rendered in 6ms, sync=0, render=0, swap=6
2026-07-14 19:24:15.151 DEBUG qt.scenegraph.time.renderloop: [window 0x7f48b5903e40][render thread 0x7f48b57a2c20] syncAndRender: start, elapsed since last call: 6 ms
2026-07-14 19:24:15.151 DEBUG qt.scenegraph.time.renderloop: [window 0x7f48b5903e40][gui thread] Frame prepared, polish=0 ms, lock=0 ms, blockedForSync=0 ms, animations=0 ms
2026-07-14 19:24:15.151 DEBUG qt.scenegraph.time.renderer: time in renderer: total=0ms, preprocess=0, updates=0, rendering=0
2026-07-14 19:24:15.158 DEBUG qt.scenegraph.time.renderloop: [window 0x7f48b5903e40][gui thread] polishAndSync: start, elapsed since last call: 6 ms
2026-07-14 19:24:15.158 DEBUG qt.scenegraph.time.renderloop: [window 0x7f48b5903e40][render thread 0x7f48b57a2c20] syncAndRender: frame rendered in 6ms, sync=0, render=0, swap=6
2026-07-14 19:24:15.158 DEBUG qt.scenegraph.time.renderloop: [window 0x7f48b5903e40][render thread 0x7f48b57a2c20] syncAndRender: start, elapsed since last call: 7 ms
2026-07-14 19:24:15.158 DEBUG qt.scenegraph.time.renderloop: [window 0x7f48b5903e40][gui thread] Frame prepared, polish=0 ms, lock=0 ms, blockedForSync=0 ms, animations=0 ms
2026-07-14 19:24:15.158 DEBUG qt.scenegraph.time.renderer: time in renderer: total=0ms, preprocess=0, updates=0, rendering=0
2026-07-14 19:24:15.165 DEBUG qt.scenegraph.time.renderloop: [window 0x7f48b5903e40][render thread 0x7f48b57a2c20] syncAndRender: frame rendered in 6ms, sync=0, render=0, swap=6
2026-07-14 19:24:15.165 DEBUG qt.scenegraph.time.renderloop: [window 0x7f48b5903e40][gui thread] polishAndSync: start, elapsed since last call: 6 ms
2026-07-14 19:24:15.165 DEBUG qt.scenegraph.time.renderloop: [window 0x7f48b5903e40][render thread 0x7f48b57a2c20] syncAndRender: start, elapsed since last call: 6 ms
2026-07-14 19:24:15.165 DEBUG qt.scenegraph.time.renderloop: [window 0x7f48b5903e40][gui thread] Frame prepared, polish=0 ms, lock=0 ms, blockedForSync=0 ms, animations=0 ms
2026-07-14 19:24:15.165 DEBUG qt.scenegraph.time.renderer: time in renderer: total=0ms, preprocess=0, updates=0, rendering=0
2026-07-14 19:24:15.172 DEBUG qt.scenegraph.time.renderloop: [window 0x7f48b5903e40][gui thread] polishAndSync: start, elapsed since last call: 6 ms
2026-07-14 19:24:15.172 DEBUG qt.scenegraph.time.renderloop: [window 0x7f48b5903e40][render thread 0x7f48b57a2c20] syncAndRender: frame rendered in 6ms, sync=0, render=0, swap=6
2026-07-14 19:24:15.172 DEBUG qt.scenegraph.time.renderloop: [window 0x7f48b5903e40][render thread 0x7f48b57a2c20] syncAndRender: start, elapsed since last call: 6 ms
2026-07-14 19:24:15.172 DEBUG qt.scenegraph.time.renderloop: [window 0x7f48b5903e40][gui thread] Frame prepared, polish=0 ms, lock=0 ms, blockedForSync=0 ms, animations=0 ms
2026-07-14 19:24:15.172 DEBUG qt.scenegraph.time.renderer: time in renderer: total=0ms, preprocess=0, updates=0, rendering=0
2026-07-14 19:24:15.179 DEBUG qt.scenegraph.time.renderloop: [window 0x7f48b5903e40][gui thread] polishAndSync: start, elapsed since last call: 6 ms
2026-07-14 19:24:15.179 DEBUG qt.scenegraph.time.renderloop: [window 0x7f48b5903e40][render thread 0x7f48b57a2c20] syncAndRender: frame rendered in 6ms, sync=0, render=0, swap=6
2026-07-14 19:24:15.179 DEBUG qt.scenegraph.time.renderloop: [window 0x7f48b5903e40][render thread 0x7f48b57a2c20] syncAndRender: start, elapsed since last call: 6 ms
2026-07-14 19:24:15.179 DEBUG qt.scenegraph.time.renderloop: [window 0x7f48b5903e40][gui thread] Frame prepared, polish=0 ms, lock=0 ms, blockedForSync=0 ms, animations=0 ms
2026-07-14 19:24:15.179 DEBUG qt.scenegraph.time.renderer: time in renderer: total=0ms, preprocess=0, updates=0, rendering=0
2026-07-14 19:24:15.186 DEBUG qt.scenegraph.time.renderloop: [window 0x7f48b5903e40][gui thread] polishAndSync: start, elapsed since last call: 6 ms
2026-07-14 19:24:15.186 DEBUG qt.scenegraph.time.renderloop: [window 0x7f48b5903e40][render thread 0x7f48b57a2c20] syncAndRender: frame rendered in 6ms, sync=0, render=0, swap=6
2026-07-14 19:24:15.186 DEBUG qt.scenegraph.time.renderloop: [window 0x7f48b5903e40][render thread 0x7f48b57a2c20] syncAndRender: start, elapsed since last call: 6 ms
2026-07-14 19:24:15.186 DEBUG qt.scenegraph.time.renderloop: [window 0x7f48b5903e40][gui thread] Frame prepared, polish=0 ms, lock=0 ms, blockedForSync=0 ms, animations=0 ms
2026-07-14 19:24:15.186 DEBUG qt.scenegraph.time.renderer: time in renderer: total=0ms, preprocess=0, updates=0, rendering=0
2026-07-14 19:24:15.193 DEBUG qt.scenegraph.time.renderloop: [window 0x7f48b5903e40][gui thread] polishAndSync: start, elapsed since last call: 6 ms
2026-07-14 19:24:15.193 DEBUG qt.scenegraph.time.renderloop: [window 0x7f48b5903e40][render thread 0x7f48b57a2c20] syncAndRender: frame rendered in 6ms, sync=0, render=0, swap=6
2026-07-14 19:24:15.193 DEBUG qt.scenegraph.time.renderloop: [window 0x7f48b5903e40][render thread 0x7f48b57a2c20] syncAndRender: start, elapsed since last call: 7 ms
2026-07-14 19:24:15.193 DEBUG qt.scenegraph.time.renderloop: [window 0x7f48b5903e40][gui thread] Frame prepared, polish=0 ms, lock=0 ms, blockedForSync=0 ms, animations=0 ms
2026-07-14 19:24:15.193 DEBUG qt.scenegraph.time.renderer: time in renderer: total=0ms, preprocess=0, updates=0, rendering=0
2026-07-14 19:24:15.199 DEBUG qt.scenegraph.time.renderloop: [window 0x7f48b5903e40][gui thread] polishAndSync: start, elapsed since last call: 6 ms
2026-07-14 19:24:15.199 DEBUG qt.scenegraph.time.renderloop: [window 0x7f48b5903e40][render thread 0x7f48b57a2c20] syncAndRender: frame rendered in 6ms, sync=0, render=0, swap=6
2026-07-14 19:24:15.199 DEBUG qt.scenegraph.time.renderloop: [window 0x7f48b5903e40][render thread 0x7f48b57a2c20] syncAndRender: start, elapsed since last call: 6 ms
2026-07-14 19:24:15.200 DEBUG qt.scenegraph.time.renderloop: [window 0x7f48b5903e40][gui thread] Frame prepared, polish=0 ms, lock=0 ms, blockedForSync=0 ms, animations=0 ms
2026-07-14 19:24:15.200 DEBUG qt.scenegraph.time.renderer: time in renderer: total=0ms, preprocess=0, updates=0, rendering=0
2026-07-14 19:24:15.206 DEBUG qt.scenegraph.time.renderloop: [window 0x7f48b5903e40][gui thread] polishAndSync: start, elapsed since last call: 6 ms
2026-07-14 19:24:15.206 DEBUG qt.scenegraph.time.renderloop: [window 0x7f48b5903e40][render thread 0x7f48b57a2c20] syncAndRender: frame rendered in 6ms, sync=0, render=0, swap=6
2026-07-14 19:24:15.206 DEBUG qt.scenegraph.time.renderloop: [window 0x7f48b5903e40][render thread 0x7f48b57a2c20] syncAndRender: start, elapsed since last call: 6 ms
2026-07-14 19:24:15.206 DEBUG qt.scenegraph.time.renderloop: [window 0x7f48b5903e40][gui thread] Frame prepared, polish=0 ms, lock=0 ms, blockedForSync=0 ms, animations=0 ms
2026-07-14 19:24:15.206 DEBUG qt.scenegraph.time.renderer: time in renderer: total=0ms, preprocess=0, updates=0, rendering=0
2026-07-14 19:24:15.213 DEBUG qt.scenegraph.time.renderloop: [window 0x7f48b5903e40][gui thread] polishAndSync: start, elapsed since last call: 6 ms
2026-07-14 19:24:15.213 DEBUG qt.scenegraph.time.renderloop: [window 0x7f48b5903e40][render thread 0x7f48b57a2c20] syncAndRender: frame rendered in 6ms, sync=0, render=0, swap=6
2026-07-14 19:24:15.213 DEBUG qt.scenegraph.time.renderloop: [window 0x7f48b5903e40][render thread 0x7f48b57a2c20] syncAndRender: start, elapsed since last call: 6 ms
2026-07-14 19:24:15.213 DEBUG qt.scenegraph.time.renderloop: [window 0x7f48b5903e40][gui thread] Frame prepared, polish=0 ms, lock=0 ms, blockedForSync=0 ms, animations=0 ms
2026-07-14 19:24:15.213 DEBUG qt.scenegraph.time.renderer: time in renderer: total=0ms, preprocess=0, updates=0, rendering=0
2026-07-14 19:24:15.220 DEBUG qt.scenegraph.time.renderloop: [window 0x7f48b5903e40][gui thread] polishAndSync: start, elapsed since last call: 6 ms
2026-07-14 19:24:15.220 DEBUG qt.scenegraph.time.renderloop: [window 0x7f48b5903e40][render thread 0x7f48b57a2c20] syncAndRender: frame rendered in 6ms, sync=0, render=0, swap=6
2026-07-14 19:24:15.220 DEBUG qt.scenegraph.time.renderloop: [window 0x7f48b5903e40][render thread 0x7f48b57a2c20] syncAndRender: start, elapsed since last call: 6 ms
2026-07-14 19:24:15.220 DEBUG qt.scenegraph.time.renderloop: [window 0x7f48b5903e40][gui thread] Frame prepared, polish=0 ms, lock=0 ms, blockedForSync=0 ms, animations=0 ms
2026-07-14 19:24:15.220 DEBUG qt.scenegraph.time.renderer: time in renderer: total=0ms, preprocess=0, updates=0, rendering=0
2026-07-14 19:24:15.227 DEBUG qt.scenegraph.time.renderloop: [window 0x7f48b5903e40][gui thread] polishAndSync: start, elapsed since last call: 6 ms
2026-07-14 19:24:15.227 DEBUG qt.scenegraph.time.renderloop: [window 0x7f48b5903e40][render thread 0x7f48b57a2c20] syncAndRender: frame rendered in 6ms, sync=0, render=0, swap=6
2026-07-14 19:24:15.228 DEBUG qt.scenegraph.time.renderloop: [window 0x7f48b5903e40][render thread 0x7f48b57a2c20] syncAndRender: start, elapsed since last call: 7 ms
2026-07-14 19:24:15.228 DEBUG qt.scenegraph.time.renderloop: [window 0x7f48b5903e40][gui thread] Frame prepared, polish=0 ms, lock=0 ms, blockedForSync=0 ms, animations=0 ms
2026-07-14 19:24:15.228 DEBUG qt.scenegraph.time.renderer: time in renderer: total=0ms, preprocess=0, updates=0, rendering=0
2026-07-14 19:24:15.234 DEBUG qt.scenegraph.time.renderloop: [window 0x7f48b5903e40][gui thread] polishAndSync: start, elapsed since last call: 7 ms
2026-07-14 19:24:15.234 DEBUG qt.scenegraph.time.renderloop: [window 0x7f48b5903e40][render thread 0x7f48b57a2c20] syncAndRender: frame rendered in 6ms, sync=0, render=0, swap=6
2026-07-14 19:24:15.235 DEBUG qt.scenegraph.time.renderloop: [window 0x7f48b5903e40][render thread 0x7f48b57a2c20] syncAndRender: start, elapsed since last call: 6 ms
2026-07-14 19:24:15.235 DEBUG qt.scenegraph.time.renderloop: [window 0x7f48b5903e40][gui thread] Frame prepared, polish=0 ms, lock=0 ms, blockedForSync=0 ms, animations=0 ms
2026-07-14 19:24:15.235 DEBUG qt.scenegraph.time.renderer: time in renderer: total=0ms, preprocess=0, updates=0, rendering=0
2026-07-14 19:24:15.241 DEBUG qt.scenegraph.time.renderloop: [window 0x7f48b5903e40][gui thread] polishAndSync: start, elapsed since last call: 7 ms
2026-07-14 19:24:15.241 DEBUG qt.scenegraph.time.renderloop: [window 0x7f48b5903e40][render thread 0x7f48b57a2c20] syncAndRender: frame rendered in 6ms, sync=0, render=0, swap=6
2026-07-14 19:24:15.241 DEBUG qt.scenegraph.time.renderloop: [window 0x7f48b5903e40][render thread 0x7f48b57a2c20] syncAndRender: start, elapsed since last call: 6 ms
2026-07-14 19:24:15.242 DEBUG qt.scenegraph.time.renderloop: [window 0x7f48b5903e40][gui thread] Frame prepared, polish=0 ms, lock=0 ms, blockedForSync=0 ms, animations=0 ms
2026-07-14 19:24:15.242 DEBUG qt.scenegraph.time.renderer: time in renderer: total=0ms, preprocess=0, updates=0, rendering=0
2026-07-14 19:24:15.248 DEBUG qt.scenegraph.time.renderloop: [window 0x7f48b5903e40][gui thread] polishAndSync: start, elapsed since last call: 6 ms
2026-07-14 19:24:15.248 DEBUG qt.scenegraph.time.renderloop: [window 0x7f48b5903e40][render thread 0x7f48b57a2c20] syncAndRender: frame rendered in 6ms, sync=0, render=0, swap=6
2026-07-14 19:24:15.248 DEBUG qt.scenegraph.time.renderloop: [window 0x7f48b5903e40][render thread 0x7f48b57a2c20] syncAndRender: start, elapsed since last call: 6 ms
2026-07-14 19:24:15.248 DEBUG qt.scenegraph.time.renderloop: [window 0x7f48b5903e40][gui thread] Frame prepared, polish=0 ms, lock=0 ms, blockedForSync=0 ms, animations=0 ms
2026-07-14 19:24:15.248 DEBUG qt.scenegraph.time.renderer: time in renderer: total=0ms, preprocess=0, updates=0, rendering=0
2026-07-14 19:24:15.255 DEBUG qt.scenegraph.time.renderloop: [window 0x7f48b5903e40][gui thread] polishAndSync: start, elapsed since last call: 7 ms
2026-07-14 19:24:15.255 DEBUG qt.scenegraph.time.renderloop: [window 0x7f48b5903e40][render thread 0x7f48b57a2c20] syncAndRender: frame rendered in 7ms, sync=0, render=0, swap=7
2026-07-14 19:24:15.255 DEBUG qt.scenegraph.time.renderloop: [window 0x7f48b5903e40][render thread 0x7f48b57a2c20] syncAndRender: start, elapsed since last call: 7 ms
2026-07-14 19:24:15.256 DEBUG qt.scenegraph.time.renderloop: [window 0x7f48b5903e40][gui thread] Frame prepared, polish=0 ms, lock=0 ms, blockedForSync=0 ms, animations=0 ms
2026-07-14 19:24:15.256 DEBUG qt.scenegraph.time.renderer: time in renderer: total=0ms, preprocess=0, updates=0, rendering=0
2026-07-14 19:24:15.262 DEBUG qt.scenegraph.time.renderloop: [window 0x7f48b5903e40][gui thread] polishAndSync: start, elapsed since last call: 6 ms
2026-07-14 19:24:15.262 DEBUG qt.scenegraph.time.renderloop: [window 0x7f48b5903e40][render thread 0x7f48b57a2c20] syncAndRender: frame rendered in 6ms, sync=0, render=0, swap=6
2026-07-14 19:24:15.263 DEBUG qt.scenegraph.time.renderloop: [window 0x7f48b5903e40][render thread 0x7f48b57a2c20] syncAndRender: start, elapsed since last call: 7 ms
2026-07-14 19:24:15.263 DEBUG qt.scenegraph.time.renderloop: [window 0x7f48b5903e40][gui thread] Frame prepared, polish=0 ms, lock=0 ms, blockedForSync=0 ms, animations=0 ms
2026-07-14 19:24:15.263 DEBUG qt.scenegraph.time.renderer: time in renderer: total=0ms, preprocess=0, updates=0, rendering=0
2026-07-14 19:24:15.269 DEBUG qt.scenegraph.time.renderloop: [window 0x7f48b5903e40][gui thread] polishAndSync: start, elapsed since last call: 6 ms
2026-07-14 19:24:15.269 DEBUG qt.scenegraph.time.renderloop: [window 0x7f48b5903e40][render thread 0x7f48b57a2c20] syncAndRender: frame rendered in 6ms, sync=0, render=0, swap=6
2026-07-14 19:24:15.269 DEBUG qt.scenegraph.time.renderloop: [window 0x7f48b5903e40][render thread 0x7f48b57a2c20] syncAndRender: start, elapsed since last call: 6 ms
2026-07-14 19:24:15.269 DEBUG qt.scenegraph.time.renderloop: [window 0x7f48b5903e40][gui thread] Frame prepared, polish=0 ms, lock=0 ms, blockedForSync=0 ms, animations=0 ms
2026-07-14 19:24:15.269 DEBUG qt.scenegraph.time.renderer: time in renderer: total=0ms, preprocess=0, updates=0, rendering=0
2026-07-14 19:24:15.276 DEBUG qt.scenegraph.time.renderloop: [window 0x7f48b5903e40][gui thread] polishAndSync: start, elapsed since last call: 6 ms
2026-07-14 19:24:15.276 DEBUG qt.scenegraph.time.renderloop: [window 0x7f48b5903e40][render thread 0x7f48b57a2c20] syncAndRender: frame rendered in 6ms, sync=0, render=0, swap=6
2026-07-14 19:24:15.276 DEBUG qt.scenegraph.time.renderloop: [window 0x7f48b5903e40][render thread 0x7f48b57a2c20] syncAndRender: start, elapsed since last call: 6 ms
2026-07-14 19:24:15.276 DEBUG qt.scenegraph.time.renderloop: [window 0x7f48b5903e40][gui thread] Frame prepared, polish=0 ms, lock=0 ms, blockedForSync=0 ms, animations=0 ms
2026-07-14 19:24:15.276 DEBUG qt.scenegraph.time.renderer: time in renderer: total=0ms, preprocess=0, updates=0, rendering=0
2026-07-14 19:24:15.283 DEBUG qt.scenegraph.time.renderloop: [window 0x7f48b5903e40][gui thread] polishAndSync: start, elapsed since last call: 6 ms
2026-07-14 19:24:15.283 DEBUG qt.scenegraph.time.renderloop: [window 0x7f48b5903e40][render thread 0x7f48b57a2c20] syncAndRender: frame rendered in 6ms, sync=0, render=0, swap=6
2026-07-14 19:24:15.283 DEBUG qt.scenegraph.time.renderloop: [window 0x7f48b5903e40][render thread 0x7f48b57a2c20] syncAndRender: start, elapsed since last call: 6 ms
2026-07-14 19:24:15.283 DEBUG qt.scenegraph.time.renderloop: [window 0x7f48b5903e40][gui thread] Frame prepared, polish=0 ms, lock=0 ms, blockedForSync=0 ms, animations=0 ms
2026-07-14 19:24:15.283 DEBUG qt.scenegraph.time.renderer: time in renderer: total=0ms, preprocess=0, updates=0, rendering=0
2026-07-14 19:24:15.290 DEBUG qt.scenegraph.time.renderloop: [window 0x7f48b5903e40][gui thread] polishAndSync: start, elapsed since last call: 7 ms
2026-07-14 19:24:15.290 DEBUG qt.scenegraph.time.renderloop: [window 0x7f48b5903e40][render thread 0x7f48b57a2c20] syncAndRender: frame rendered in 7ms, sync=0, render=0, swap=7
2026-07-14 19:24:15.290 DEBUG qt.scenegraph.time.renderloop: [window 0x7f48b5903e40][render thread 0x7f48b57a2c20] syncAndRender: start, elapsed since last call: 7 ms
2026-07-14 19:24:15.290 DEBUG qt.scenegraph.time.renderloop: [window 0x7f48b5903e40][gui thread] Frame prepared, polish=0 ms, lock=0 ms, blockedForSync=0 ms, animations=0 ms
2026-07-14 19:24:15.290 DEBUG qt.scenegraph.time.renderer: time in renderer: total=0ms, preprocess=0, updates=0, rendering=0
2026-07-14 19:24:15.297 DEBUG qt.scenegraph.time.renderloop: [window 0x7f48b5903e40][gui thread] polishAndSync: start, elapsed since last call: 6 ms
2026-07-14 19:24:15.297 DEBUG qt.scenegraph.time.renderloop: [window 0x7f48b5903e40][render thread 0x7f48b57a2c20] syncAndRender: frame rendered in 6ms, sync=0, render=0, swap=6
2026-07-14 19:24:15.297 DEBUG qt.scenegraph.time.renderloop: [window 0x7f48b5903e40][render thread 0x7f48b57a2c20] syncAndRender: start, elapsed since last call: 6 ms
2026-07-14 19:24:15.297 DEBUG qt.scenegraph.time.renderloop: [window 0x7f48b5903e40][gui thread] Frame prepared, polish=0 ms, lock=0 ms, blockedForSync=0 ms, animations=0 ms
2026-07-14 19:24:15.297 DEBUG qt.scenegraph.time.renderer: time in renderer: total=0ms, preprocess=0, updates=0, rendering=0
2026-07-14 19:24:15.304 DEBUG qt.scenegraph.time.renderloop: [window 0x7f48b5903e40][gui thread] polishAndSync: start, elapsed since last call: 6 ms
2026-07-14 19:24:15.304 DEBUG qt.scenegraph.time.renderloop: [window 0x7f48b5903e40][render thread 0x7f48b57a2c20] syncAndRender: frame rendered in 6ms, sync=0, render=0, swap=6
2026-07-14 19:24:15.304 DEBUG qt.scenegraph.time.renderloop: [window 0x7f48b5903e40][render thread 0x7f48b57a2c20] syncAndRender: start, elapsed since last call: 6 ms
2026-07-14 19:24:15.304 DEBUG qt.scenegraph.time.renderloop: [window 0x7f48b5903e40][gui thread] Frame prepared, polish=0 ms, lock=0 ms, blockedForSync=0 ms, animations=0 ms
2026-07-14 19:24:15.304 DEBUG qt.scenegraph.time.renderer: time in renderer: total=0ms, preprocess=0, updates=0, rendering=0
2026-07-14 19:24:15.311 DEBUG qt.scenegraph.time.renderloop: [window 0x7f48b5903e40][gui thread] polishAndSync: start, elapsed since last call: 6 ms
2026-07-14 19:24:15.311 DEBUG qt.scenegraph.time.renderloop: [window 0x7f48b5903e40][render thread 0x7f48b57a2c20] syncAndRender: frame rendered in 6ms, sync=0, render=0, swap=6
2026-07-14 19:24:15.311 DEBUG qt.scenegraph.time.renderloop: [window 0x7f48b5903e40][render thread 0x7f48b57a2c20] syncAndRender: start, elapsed since last call: 6 ms
2026-07-14 19:24:15.311 DEBUG qt.scenegraph.time.renderloop: [window 0x7f48b5903e40][gui thread] Frame prepared, polish=0 ms, lock=0 ms, blockedForSync=0 ms, animations=0 ms
2026-07-14 19:24:15.311 DEBUG qt.scenegraph.time.renderer: time in renderer: total=0ms, preprocess=0, updates=0, rendering=0
2026-07-14 19:24:15.318 DEBUG qt.scenegraph.time.renderloop: [window 0x7f48b5903e40][gui thread] polishAndSync: start, elapsed since last call: 6 ms
2026-07-14 19:24:15.318 DEBUG qt.scenegraph.time.renderloop: [window 0x7f48b5903e40][render thread 0x7f48b57a2c20] syncAndRender: frame rendered in 6ms, sync=0, render=0, swap=6
2026-07-14 19:24:15.318 DEBUG qt.scenegraph.time.renderloop: [window 0x7f48b5903e40][render thread 0x7f48b57a2c20] syncAndRender: start, elapsed since last call: 6 ms
2026-07-14 19:24:15.318 DEBUG qt.scenegraph.time.renderloop: [window 0x7f48b5903e40][gui thread] Frame prepared, polish=0 ms, lock=0 ms, blockedForSync=0 ms, animations=0 ms
2026-07-14 19:24:15.318 DEBUG qt.scenegraph.time.renderer: time in renderer: total=0ms, preprocess=0, updates=0, rendering=0
2026-07-14 19:24:15.325 DEBUG qt.scenegraph.time.renderloop: [window 0x7f48b5903e40][gui thread] polishAndSync: start, elapsed since last call: 6 ms
2026-07-14 19:24:15.325 DEBUG qt.scenegraph.time.renderloop: [window 0x7f48b5903e40][render thread 0x7f48b57a2c20] syncAndRender: frame rendered in 6ms, sync=0, render=0, swap=6
2026-07-14 19:24:15.325 DEBUG qt.scenegraph.time.renderloop: [window 0x7f48b5903e40][render thread 0x7f48b57a2c20] syncAndRender: start, elapsed since last call: 7 ms
2026-07-14 19:24:15.325 DEBUG qt.scenegraph.time.renderloop: [window 0x7f48b5903e40][gui thread] Frame prepared, polish=0 ms, lock=0 ms, blockedForSync=0 ms, animations=0 ms
2026-07-14 19:24:15.325 DEBUG qt.scenegraph.time.renderer: time in renderer: total=0ms, preprocess=0, updates=0, rendering=0
2026-07-14 19:24:15.332 DEBUG qt.scenegraph.time.renderloop: [window 0x7f48b5903e40][gui thread] polishAndSync: start, elapsed since last call: 6 ms
2026-07-14 19:24:15.332 DEBUG qt.scenegraph.time.renderloop: [window 0x7f48b5903e40][render thread 0x7f48b57a2c20] syncAndRender: frame rendered in 6ms, sync=0, render=0, swap=6
2026-07-14 19:24:15.332 DEBUG qt.scenegraph.time.renderloop: [window 0x7f48b5903e40][render thread 0x7f48b57a2c20] syncAndRender: start, elapsed since last call: 6 ms
2026-07-14 19:24:15.332 DEBUG qt.scenegraph.time.renderloop: [window 0x7f48b5903e40][gui thread] Frame prepared, polish=0 ms, lock=0 ms, blockedForSync=0 ms, animations=0 ms
2026-07-14 19:24:15.332 DEBUG qt.scenegraph.time.renderer: time in renderer: total=0ms, preprocess=0, updates=0, rendering=0
2026-07-14 19:24:15.338 DEBUG qt.scenegraph.time.renderloop: [window 0x7f48b5903e40][gui thread] polishAndSync: start, elapsed since last call: 6 ms
2026-07-14 19:24:15.338 DEBUG qt.scenegraph.time.renderloop: [window 0x7f48b5903e40][render thread 0x7f48b57a2c20] syncAndRender: frame rendered in 6ms, sync=0, render=0, swap=6
2026-07-14 19:24:15.338 DEBUG qt.scenegraph.time.renderloop: [window 0x7f48b5903e40][render thread 0x7f48b57a2c20] syncAndRender: start, elapsed since last call: 6 ms
2026-07-14 19:24:15.339 DEBUG qt.scenegraph.time.renderloop: [window 0x7f48b5903e40][gui thread] Frame prepared, polish=0 ms, lock=0 ms, blockedForSync=0 ms, animations=0 ms
2026-07-14 19:24:15.339 DEBUG qt.scenegraph.time.renderer: time in renderer: total=0ms, preprocess=0, updates=0, rendering=0
2026-07-14 19:24:15.345 DEBUG qt.scenegraph.time.renderloop: [window 0x7f48b5903e40][gui thread] polishAndSync: start, elapsed since last call: 6 ms
2026-07-14 19:24:15.345 DEBUG qt.scenegraph.time.renderloop: [window 0x7f48b5903e40][render thread 0x7f48b57a2c20] syncAndRender: frame rendered in 6ms, sync=0, render=0, swap=6
2026-07-14 19:24:15.345 DEBUG qt.scenegraph.time.renderloop: [window 0x7f48b5903e40][render thread 0x7f48b57a2c20] syncAndRender: start, elapsed since last call: 6 ms
2026-07-14 19:24:15.345 DEBUG qt.scenegraph.time.renderloop: [window 0x7f48b5903e40][gui thread] Frame prepared, polish=0 ms, lock=0 ms, blockedForSync=0 ms, animations=0 ms
2026-07-14 19:24:15.346 DEBUG qt.scenegraph.time.renderer: time in renderer: total=0ms, preprocess=0, updates=0, rendering=0
2026-07-14 19:24:15.352 DEBUG qt.scenegraph.time.renderloop: [window 0x7f48b5903e40][gui thread] polishAndSync: start, elapsed since last call: 6 ms
2026-07-14 19:24:15.352 DEBUG qt.scenegraph.time.renderloop: [window 0x7f48b5903e40][render thread 0x7f48b57a2c20] syncAndRender: frame rendered in 6ms, sync=0, render=0, swap=6
2026-07-14 19:24:15.352 DEBUG qt.scenegraph.time.renderloop: [window 0x7f48b5903e40][render thread 0x7f48b57a2c20] syncAndRender: start, elapsed since last call: 6 ms
2026-07-14 19:24:15.352 DEBUG qt.scenegraph.time.renderloop: [window 0x7f48b5903e40][gui thread] Frame prepared, polish=0 ms, lock=0 ms, blockedForSync=0 ms, animations=0 ms
2026-07-14 19:24:15.352 DEBUG qt.scenegraph.time.renderer: time in renderer: total=0ms, preprocess=0, updates=0, rendering=0
2026-07-14 19:24:15.359 DEBUG qt.scenegraph.time.renderloop: [window 0x7f48b5903e40][render thread 0x7f48b57a2c20] syncAndRender: frame rendered in 6ms, sync=0, render=0, swap=6
2026-07-14 19:24:15.359 DEBUG qt.scenegraph.time.renderloop: [window 0x7f48b5903e40][gui thread] polishAndSync: start, elapsed since last call: 6 ms
2026-07-14 19:24:15.360 DEBUG qt.scenegraph.time.renderloop: [window 0x7f48b5903e40][render thread 0x7f48b57a2c20] syncAndRender: start, elapsed since last call: 7 ms
2026-07-14 19:24:15.360 DEBUG qt.scenegraph.time.renderloop: [window 0x7f48b5903e40][gui thread] Frame prepared, polish=0 ms, lock=0 ms, blockedForSync=0 ms, animations=0 ms
2026-07-14 19:24:15.360 DEBUG qt.scenegraph.time.renderer: time in renderer: total=0ms, preprocess=0, updates=0, rendering=0
2026-07-14 19:24:15.366 DEBUG qt.scenegraph.time.renderloop: [window 0x7f48b5903e40][gui thread] polishAndSync: start, elapsed since last call: 6 ms
2026-07-14 19:24:15.366 DEBUG qt.scenegraph.time.renderloop: [window 0x7f48b5903e40][render thread 0x7f48b57a2c20] syncAndRender: frame rendered in 6ms, sync=0, render=0, swap=6
2026-07-14 19:24:15.366 DEBUG qt.scenegraph.time.renderloop: [window 0x7f48b5903e40][render thread 0x7f48b57a2c20] syncAndRender: start, elapsed since last call: 6 ms
2026-07-14 19:24:15.366 DEBUG qt.scenegraph.time.renderloop: [window 0x7f48b5903e40][gui thread] Frame prepared, polish=0 ms, lock=0 ms, blockedForSync=0 ms, animations=0 ms
2026-07-14 19:24:15.367 DEBUG qt.scenegraph.time.renderer: time in renderer: total=0ms, preprocess=0, updates=0, rendering=0
2026-07-14 19:24:15.373 DEBUG qt.scenegraph.time.renderloop: [window 0x7f48b5903e40][gui thread] polishAndSync: start, elapsed since last call: 7 ms
2026-07-14 19:24:15.373 DEBUG qt.scenegraph.time.renderloop: [window 0x7f48b5903e40][render thread 0x7f48b57a2c20] syncAndRender: frame rendered in 7ms, sync=0, render=0, swap=6
2026-07-14 19:24:15.373 DEBUG qt.scenegraph.time.renderloop: [window 0x7f48b5903e40][render thread 0x7f48b57a2c20] syncAndRender: start, elapsed since last call: 7 ms
2026-07-14 19:24:15.374 DEBUG qt.scenegraph.time.renderloop: [window 0x7f48b5903e40][gui thread] Frame prepared, polish=0 ms, lock=0 ms, blockedForSync=0 ms, animations=0 ms
2026-07-14 19:24:15.374 DEBUG qt.scenegraph.time.renderer: time in renderer: total=0ms, preprocess=0, updates=0, rendering=0
2026-07-14 19:24:15.380 DEBUG qt.scenegraph.time.renderloop: [window 0x7f48b5903e40][gui thread] polishAndSync: start, elapsed since last call: 6 ms
2026-07-14 19:24:15.380 DEBUG qt.scenegraph.time.renderloop: [window 0x7f48b5903e40][render thread 0x7f48b57a2c20] syncAndRender: frame rendered in 6ms, sync=0, render=0, swap=6
2026-07-14 19:24:15.380 DEBUG qt.scenegraph.time.renderloop: [window 0x7f48b5903e40][render thread 0x7f48b57a2c20] syncAndRender: start, elapsed since last call: 6 ms
2026-07-14 19:24:15.380 DEBUG qt.scenegraph.time.renderloop: [window 0x7f48b5903e40][gui thread] Frame prepared, polish=0 ms, lock=0 ms, blockedForSync=0 ms, animations=0 ms
2026-07-14 19:24:15.380 DEBUG qt.scenegraph.time.renderer: time in renderer: total=0ms, preprocess=0, updates=0, rendering=0
2026-07-14 19:24:15.387 DEBUG qt.scenegraph.time.renderloop: [window 0x7f48b5903e40][gui thread] polishAndSync: start, elapsed since last call: 6 ms
2026-07-14 19:24:15.387 DEBUG qt.scenegraph.time.renderloop: [window 0x7f48b5903e40][render thread 0x7f48b57a2c20] syncAndRender: frame rendered in 6ms, sync=0, render=0, swap=6
2026-07-14 19:24:15.387 DEBUG qt.scenegraph.time.renderloop: [window 0x7f48b5903e40][render thread 0x7f48b57a2c20] syncAndRender: start, elapsed since last call: 6 ms
2026-07-14 19:24:15.387 DEBUG qt.scenegraph.time.renderloop: [window 0x7f48b5903e40][gui thread] Frame prepared, polish=0 ms, lock=0 ms, blockedForSync=0 ms, animations=0 ms
2026-07-14 19:24:15.387 DEBUG qt.scenegraph.time.renderer: time in renderer: total=0ms, preprocess=0, updates=0, rendering=0
2026-07-14 19:24:15.394 DEBUG qt.scenegraph.time.renderloop: [window 0x7f48b5903e40][gui thread] polishAndSync: start, elapsed since last call: 6 ms
2026-07-14 19:24:15.394 DEBUG qt.scenegraph.time.renderloop: [window 0x7f48b5903e40][render thread 0x7f48b57a2c20] syncAndRender: frame rendered in 6ms, sync=0, render=0, swap=6
2026-07-14 19:24:15.394 DEBUG qt.scenegraph.time.renderloop: [window 0x7f48b5903e40][render thread 0x7f48b57a2c20] syncAndRender: start, elapsed since last call: 7 ms
2026-07-14 19:24:15.394 DEBUG qt.scenegraph.time.renderloop: [window 0x7f48b5903e40][gui thread] Frame prepared, polish=0 ms, lock=0 ms, blockedForSync=0 ms, animations=0 ms
2026-07-14 19:24:15.394 DEBUG qt.scenegraph.time.renderer: time in renderer: total=0ms, preprocess=0, updates=0, rendering=0
2026-07-14 19:24:15.401 DEBUG qt.scenegraph.time.renderloop: [window 0x7f48b5903e40][gui thread] polishAndSync: start, elapsed since last call: 6 ms
2026-07-14 19:24:15.401 DEBUG qt.scenegraph.time.renderloop: [window 0x7f48b5903e40][render thread 0x7f48b57a2c20] syncAndRender: frame rendered in 6ms, sync=0, render=0, swap=6
2026-07-14 19:24:15.401 DEBUG qt.scenegraph.time.renderloop: [window 0x7f48b5903e40][render thread 0x7f48b57a2c20] syncAndRender: start, elapsed since last call: 6 ms
2026-07-14 19:24:15.401 DEBUG qt.scenegraph.time.renderloop: [window 0x7f48b5903e40][gui thread] Frame prepared, polish=0 ms, lock=0 ms, blockedForSync=0 ms, animations=0 ms
2026-07-14 19:24:15.401 DEBUG qt.scenegraph.time.renderer: time in renderer: total=0ms, preprocess=0, updates=0, rendering=0
2026-07-14 19:24:15.408 DEBUG qt.scenegraph.time.renderloop: [window 0x7f48b5903e40][render thread 0x7f48b57a2c20] syncAndRender: frame rendered in 6ms, sync=0, render=0, swap=6
2026-07-14 19:24:15.425 DEBUG qt.scenegraph.time.renderloop: [window 0x7f48b5903e40][gui thread] polishAndSync: start, elapsed since last call: 24 ms
2026-07-14 19:24:15.425 DEBUG qt.scenegraph.time.renderloop: [window 0x7f48b5903e40][render thread 0x7f48b57a2c20] syncAndRender: start, elapsed since last call: 24 ms
2026-07-14 19:24:15.425 DEBUG qt.scenegraph.time.renderloop: [window 0x7f48b5903e40][gui thread] Frame prepared, polish=0 ms, lock=0 ms, blockedForSync=0 ms, animations=0 ms
2026-07-14 19:24:15.425 DEBUG qt.scenegraph.time.renderer: time in renderer: total=0ms, preprocess=0, updates=0, rendering=0
2026-07-14 19:24:15.426 DEBUG qt.scenegraph.time.renderloop: [window 0x7f48b5903e40][render thread 0x7f48b57a2c20] syncAndRender: frame rendered in 0ms, sync=0, render=0, swap=0
2026-07-14 19:24:15.429 DEBUG qt.scenegraph.time.renderloop: [window 0x7f48b5903e40][gui thread] polishAndSync: start, elapsed since last call: 3 ms
2026-07-14 19:24:15.429 DEBUG qt.scenegraph.time.renderloop: [window 0x7f48b5903e40][render thread 0x7f48b57a2c20] syncAndRender: start, elapsed since last call: 3 ms
2026-07-14 19:24:15.429 DEBUG qt.scenegraph.time.renderloop: [window 0x7f48b5903e40][gui thread] Frame prepared, polish=0 ms, lock=0 ms, blockedForSync=0 ms, animations=0 ms
2026-07-14 19:24:15.429 DEBUG qt.scenegraph.time.renderer: time in renderer: total=0ms, preprocess=0, updates=0, rendering=0
2026-07-14 19:24:15.429 DEBUG qt.scenegraph.time.renderloop: [window 0x7f48b5903e40][render thread 0x7f48b57a2c20] syncAndRender: frame rendered in 0ms, sync=0, render=0, swap=0
2026-07-14 19:24:15.459 DEBUG qt.scenegraph.time.renderloop: [window 0x7f48b5903e40][gui thread] polishAndSync: start, elapsed since last call: 30 ms
2026-07-14 19:24:15.459 DEBUG qt.scenegraph.time.renderloop: [window 0x7f48b5903e40][render thread 0x7f48b57a2c20] syncAndRender: start, elapsed since last call: 30 ms
2026-07-14 19:24:15.459 DEBUG qt.scenegraph.time.renderloop: [window 0x7f48b5903e40][gui thread] Frame prepared, polish=0 ms, lock=0 ms, blockedForSync=0 ms, animations=0 ms
2026-07-14 19:24:15.459 DEBUG qt.scenegraph.time.renderer: time in renderer: total=0ms, preprocess=0, updates=0, rendering=0
2026-07-14 19:24:15.459 DEBUG qt.scenegraph.time.renderloop: [window 0x7f48b5903e40][render thread 0x7f48b57a2c20] syncAndRender: frame rendered in 0ms, sync=0, render=0, swap=0
2026-07-14 19:24:15.464 DEBUG qt.scenegraph.time.renderloop: [window 0x7f48b5903e40][gui thread] polishAndSync: start, elapsed since last call: 4 ms
2026-07-14 19:24:15.464 DEBUG qt.scenegraph.time.renderloop: [window 0x7f48b5903e40][render thread 0x7f48b57a2c20] syncAndRender: start, elapsed since last call: 4 ms
2026-07-14 19:24:15.464 DEBUG qt.scenegraph.time.renderloop: [window 0x7f48b5903e40][gui thread] Frame prepared, polish=0 ms, lock=0 ms, blockedForSync=0 ms, animations=0 ms
2026-07-14 19:24:15.464 DEBUG qt.scenegraph.time.renderer: time in renderer: total=0ms, preprocess=0, updates=0, rendering=0
2026-07-14 19:24:15.464 DEBUG qt.scenegraph.time.renderloop: [window 0x7f48b5903e40][render thread 0x7f48b57a2c20] syncAndRender: frame rendered in 0ms, sync=0, render=0, swap=0
2026-07-14 19:24:15.492 DEBUG qt.scenegraph.time.renderloop: [window 0x7f48b5903e40][gui thread] polishAndSync: start, elapsed since last call: 28 ms
2026-07-14 19:24:15.492 DEBUG qt.scenegraph.time.renderloop: [window 0x7f48b5903e40][render thread 0x7f48b57a2c20] syncAndRender: start, elapsed since last call: 28 ms
2026-07-14 19:24:15.492 DEBUG qt.scenegraph.time.renderloop: [window 0x7f48b5903e40][gui thread] Frame prepared, polish=0 ms, lock=0 ms, blockedForSync=0 ms, animations=0 ms
2026-07-14 19:24:15.492 DEBUG qt.scenegraph.time.renderer: time in renderer: total=0ms, preprocess=0, updates=0, rendering=0
2026-07-14 19:24:15.493 DEBUG qt.scenegraph.time.renderloop: [window 0x7f48b5903e40][render thread 0x7f48b57a2c20] syncAndRender: frame rendered in 0ms, sync=0, render=0, swap=0
2026-07-14 19:24:15.493 DEBUG qt.scenegraph.time.renderloop: [window 0x7f48b5903e40][gui thread] polishAndSync: start, elapsed since last call: 1 ms
2026-07-14 19:24:15.493 DEBUG qt.scenegraph.time.renderloop: [window 0x7f48b5903e40][render thread 0x7f48b57a2c20] syncAndRender: start, elapsed since last call: 0 ms
2026-07-14 19:24:15.493 DEBUG qt.scenegraph.time.renderloop: [window 0x7f48b5903e40][gui thread] Frame prepared, polish=0 ms, lock=0 ms, blockedForSync=0 ms, animations=0 ms
2026-07-14 19:24:15.493 DEBUG qt.scenegraph.time.renderer: time in renderer: total=0ms, preprocess=0, updates=0, rendering=0
2026-07-14 19:24:15.493 DEBUG qt.scenegraph.time.renderloop: [window 0x7f48b5903e40][render thread 0x7f48b57a2c20] syncAndRender: frame rendered in 0ms, sync=0, render=0, swap=0
2026-07-14 19:24:15.524 DEBUG qt.scenegraph.time.renderloop: [window 0x7f48b5903e40][gui thread] polishAndSync: start, elapsed since last call: 31 ms
2026-07-14 19:24:15.527 DEBUG qt.scenegraph.time.renderloop: [window 0x7f48b5903e40][render thread 0x7f48b57a2c20] syncAndRender: start, elapsed since last call: 33 ms
2026-07-14 19:24:15.527 DEBUG qt.scenegraph.time.renderloop: [window 0x7f48b5903e40][gui thread] Frame prepared, polish=2 ms, lock=0 ms, blockedForSync=0 ms, animations=0 ms
2026-07-14 19:24:15.527 DEBUG qt.scenegraph.time.renderer: time in renderer: total=0ms, preprocess=0, updates=0, rendering=0
2026-07-14 19:24:15.527 DEBUG qt.scenegraph.time.renderloop: [window 0x7f48b5903e40][render thread 0x7f48b57a2c20] syncAndRender: frame rendered in 0ms, sync=0, render=0, swap=0
2026-07-14 19:24:15.533 DEBUG qt.scenegraph.time.renderloop: [window 0x7f48b5903e40][gui thread] polishAndSync: start, elapsed since last call: 8 ms
2026-07-14 19:24:15.533 DEBUG qt.scenegraph.time.renderloop: [window 0x7f48b5903e40][render thread 0x7f48b57a2c20] syncAndRender: start, elapsed since last call: 6 ms
2026-07-14 19:24:15.533 DEBUG qt.scenegraph.time.renderloop: [window 0x7f48b5903e40][gui thread] Frame prepared, polish=0 ms, lock=0 ms, blockedForSync=0 ms, animations=0 ms
2026-07-14 19:24:15.533 DEBUG qt.scenegraph.time.renderer: time in renderer: total=0ms, preprocess=0, updates=0, rendering=0
2026-07-14 19:24:15.534 DEBUG qt.scenegraph.time.renderloop: [window 0x7f48b5903e40][render thread 0x7f48b57a2c20] syncAndRender: frame rendered in 0ms, sync=0, render=0, swap=0
2026-07-14 19:24:15.557 DEBUG qt.scenegraph.time.renderloop: [window 0x7f48b5903e40][gui thread] polishAndSync: start, elapsed since last call: 23 ms
2026-07-14 19:24:15.558 DEBUG qt.scenegraph.time.renderloop: [window 0x7f48b5903e40][render thread 0x7f48b57a2c20] syncAndRender: start, elapsed since last call: 24 ms
2026-07-14 19:24:15.558 DEBUG qt.scenegraph.time.renderloop: [window 0x7f48b5903e40][gui thread] Frame prepared, polish=0 ms, lock=0 ms, blockedForSync=0 ms, animations=0 ms
2026-07-14 19:24:15.558 DEBUG qt.scenegraph.time.renderer: time in renderer: total=0ms, preprocess=0, updates=0, rendering=0
2026-07-14 19:24:15.558 DEBUG qt.scenegraph.time.renderloop: [window 0x7f48b5903e40][render thread 0x7f48b57a2c20] syncAndRender: frame rendered in 0ms, sync=0, render=0, swap=0
2026-07-14 19:24:15.561 DEBUG qt.scenegraph.time.renderloop: [window 0x7f48b5903e40][gui thread] polishAndSync: start, elapsed since last call: 3 ms
2026-07-14 19:24:15.561 DEBUG qt.scenegraph.time.renderloop: [window 0x7f48b5903e40][render thread 0x7f48b57a2c20] syncAndRender: start, elapsed since last call: 3 ms
2026-07-14 19:24:15.561 DEBUG qt.scenegraph.time.renderloop: [window 0x7f48b5903e40][gui thread] Frame prepared, polish=0 ms, lock=0 ms, blockedForSync=0 ms, animations=0 ms
2026-07-14 19:24:15.561 DEBUG qt.scenegraph.time.renderer: time in renderer: total=0ms, preprocess=0, updates=0, rendering=0
2026-07-14 19:24:15.561 DEBUG qt.scenegraph.time.renderloop: [window 0x7f48b5903e40][render thread 0x7f48b57a2c20] syncAndRender: frame rendered in 0ms, sync=0, render=0, swap=0
2026-07-14 19:24:15.591 DEBUG qt.scenegraph.time.renderloop: [window 0x7f48b5903e40][gui thread] polishAndSync: start, elapsed since last call: 30 ms
2026-07-14 19:24:15.592 DEBUG qt.scenegraph.time.renderloop: [window 0x7f48b5903e40][render thread 0x7f48b57a2c20] syncAndRender: start, elapsed since last call: 30 ms
2026-07-14 19:24:15.592 DEBUG qt.scenegraph.time.renderloop: [window 0x7f48b5903e40][gui thread] Frame prepared, polish=0 ms, lock=0 ms, blockedForSync=0 ms, animations=0 ms
2026-07-14 19:24:15.592 DEBUG qt.scenegraph.time.renderer: time in renderer: total=0ms, preprocess=0, updates=0, rendering=0
2026-07-14 19:24:15.592 DEBUG qt.scenegraph.time.renderloop: [window 0x7f48b5903e40][render thread 0x7f48b57a2c20] syncAndRender: frame rendered in 0ms, sync=0, render=0, swap=0
2026-07-14 19:24:15.596 DEBUG qt.scenegraph.time.renderloop: [window 0x7f48b5903e40][gui thread] polishAndSync: start, elapsed since last call: 4 ms
2026-07-14 19:24:15.596 DEBUG qt.scenegraph.time.renderloop: [window 0x7f48b5903e40][render thread 0x7f48b57a2c20] syncAndRender: start, elapsed since last call: 3 ms
2026-07-14 19:24:15.596 DEBUG qt.scenegraph.time.renderloop: [window 0x7f48b5903e40][gui thread] Frame prepared, polish=0 ms, lock=0 ms, blockedForSync=0 ms, animations=0 ms
2026-07-14 19:24:15.596 DEBUG qt.scenegraph.time.renderer: time in renderer: total=0ms, preprocess=0, updates=0, rendering=0
2026-07-14 19:24:15.596 DEBUG qt.scenegraph.time.renderloop: [window 0x7f48b5903e40][render thread 0x7f48b57a2c20] syncAndRender: frame rendered in 0ms, sync=0, render=0, swap=0
2026-07-14 19:24:15.624 DEBUG qt.scenegraph.time.renderloop: [window 0x7f48b5903e40][gui thread] polishAndSync: start, elapsed since last call: 27 ms
2026-07-14 19:24:15.624 DEBUG qt.scenegraph.time.renderloop: [window 0x7f48b5903e40][render thread 0x7f48b57a2c20] syncAndRender: start, elapsed since last call: 28 ms
2026-07-14 19:24:15.624 DEBUG qt.scenegraph.time.renderloop: [window 0x7f48b5903e40][gui thread] Frame prepared, polish=0 ms, lock=0 ms, blockedForSync=0 ms, animations=0 ms
2026-07-14 19:24:15.624 DEBUG qt.scenegraph.time.renderer: time in renderer: total=0ms, preprocess=0, updates=0, rendering=0
2026-07-14 19:24:15.624 DEBUG qt.scenegraph.time.renderloop: [window 0x7f48b5903e40][render thread 0x7f48b57a2c20] syncAndRender: frame rendered in 0ms, sync=0, render=0, swap=0
2026-07-14 19:24:15.630 DEBUG qt.scenegraph.time.renderloop: [window 0x7f48b5903e40][gui thread] polishAndSync: start, elapsed since last call: 6 ms
2026-07-14 19:24:15.630 DEBUG qt.scenegraph.time.renderloop: [window 0x7f48b5903e40][render thread 0x7f48b57a2c20] syncAndRender: start, elapsed since last call: 6 ms
2026-07-14 19:24:15.630 DEBUG qt.scenegraph.time.renderloop: [window 0x7f48b5903e40][gui thread] Frame prepared, polish=0 ms, lock=0 ms, blockedForSync=0 ms, animations=0 ms
2026-07-14 19:24:15.630 DEBUG qt.scenegraph.time.renderer: time in renderer: total=0ms, preprocess=0, updates=0, rendering=0
2026-07-14 19:24:15.631 DEBUG qt.scenegraph.time.renderloop: [window 0x7f48b5903e40][render thread 0x7f48b57a2c20] syncAndRender: frame rendered in 0ms, sync=0, render=0, swap=0
2026-07-14 19:24:15.656 DEBUG qt.scenegraph.time.renderloop: [window 0x7f48b5903e40][gui thread] polishAndSync: start, elapsed since last call: 26 ms
2026-07-14 19:24:15.657 DEBUG qt.scenegraph.time.renderloop: [window 0x7f48b5903e40][render thread 0x7f48b57a2c20] syncAndRender: start, elapsed since last call: 26 ms
2026-07-14 19:24:15.657 DEBUG qt.scenegraph.time.renderloop: [window 0x7f48b5903e40][gui thread] Frame prepared, polish=0 ms, lock=0 ms, blockedForSync=0 ms, animations=0 ms
2026-07-14 19:24:15.657 DEBUG qt.scenegraph.time.renderer: time in renderer: total=0ms, preprocess=0, updates=0, rendering=0
2026-07-14 19:24:15.657 DEBUG qt.scenegraph.time.renderloop: [window 0x7f48b5903e40][render thread 0x7f48b57a2c20] syncAndRender: frame rendered in 0ms, sync=0, render=0, swap=0
2026-07-14 19:24:15.658 DEBUG qt.scenegraph.time.renderloop: [window 0x7f48b5903e40][gui thread] polishAndSync: start, elapsed since last call: 1 ms
2026-07-14 19:24:15.658 DEBUG qt.scenegraph.time.renderloop: [window 0x7f48b5903e40][render thread 0x7f48b57a2c20] syncAndRender: start, elapsed since last call: 1 ms
2026-07-14 19:24:15.658 DEBUG qt.scenegraph.time.renderloop: [window 0x7f48b5903e40][gui thread] Frame prepared, polish=0 ms, lock=0 ms, blockedForSync=0 ms, animations=0 ms
2026-07-14 19:24:15.658 DEBUG qt.scenegraph.time.renderer: time in renderer: total=0ms, preprocess=0, updates=0, rendering=0
2026-07-14 19:24:15.658 DEBUG qt.scenegraph.time.renderloop: [window 0x7f48b5903e40][render thread 0x7f48b57a2c20] syncAndRender: frame rendered in 0ms, sync=0, render=0, swap=0
2026-07-14 19:24:15.689 DEBUG qt.scenegraph.time.renderloop: [window 0x7f48b5903e40][gui thread] polishAndSync: start, elapsed since last call: 31 ms
2026-07-14 19:24:15.690 DEBUG qt.scenegraph.time.renderloop: [window 0x7f48b5903e40][render thread 0x7f48b57a2c20] syncAndRender: start, elapsed since last call: 31 ms
2026-07-14 19:24:15.690 DEBUG qt.scenegraph.time.renderloop: [window 0x7f48b5903e40][gui thread] Frame prepared, polish=0 ms, lock=0 ms, blockedForSync=0 ms, animations=0 ms
2026-07-14 19:24:15.690 DEBUG qt.scenegraph.time.renderer: time in renderer: total=0ms, preprocess=0, updates=0, rendering=0
2026-07-14 19:24:15.690 DEBUG qt.scenegraph.time.renderloop: [window 0x7f48b5903e40][render thread 0x7f48b57a2c20] syncAndRender: frame rendered in 0ms, sync=0, render=0, swap=0
2026-07-14 19:24:15.693 DEBUG qt.scenegraph.time.renderloop: [window 0x7f48b5903e40][gui thread] polishAndSync: start, elapsed since last call: 3 ms
2026-07-14 19:24:15.693 DEBUG qt.scenegraph.time.renderloop: [window 0x7f48b5903e40][render thread 0x7f48b57a2c20] syncAndRender: start, elapsed since last call: 3 ms
2026-07-14 19:24:15.693 DEBUG qt.scenegraph.time.renderloop: [window 0x7f48b5903e40][gui thread] Frame prepared, polish=0 ms, lock=0 ms, blockedForSync=0 ms, animations=0 ms
2026-07-14 19:24:15.693 DEBUG qt.scenegraph.time.renderer: time in renderer: total=0ms, preprocess=0, updates=0, rendering=0
2026-07-14 19:24:15.693 DEBUG qt.scenegraph.time.renderloop: [window 0x7f48b5903e40][render thread 0x7f48b57a2c20] syncAndRender: frame rendered in 0ms, sync=0, render=0, swap=0
2026-07-14 19:24:15.722 DEBUG qt.scenegraph.time.renderloop: [window 0x7f48b5903e40][gui thread] polishAndSync: start, elapsed since last call: 29 ms
2026-07-14 19:24:15.722 DEBUG qt.scenegraph.time.renderloop: [window 0x7f48b5903e40][render thread 0x7f48b57a2c20] syncAndRender: start, elapsed since last call: 29 ms
2026-07-14 19:24:15.722 DEBUG qt.scenegraph.time.renderloop: [window 0x7f48b5903e40][gui thread] Frame prepared, polish=0 ms, lock=0 ms, blockedForSync=0 ms, animations=0 ms
2026-07-14 19:24:15.722 DEBUG qt.scenegraph.time.renderer: time in renderer: total=0ms, preprocess=0, updates=0, rendering=0
2026-07-14 19:24:15.723 DEBUG qt.scenegraph.time.renderloop: [window 0x7f48b5903e40][render thread 0x7f48b57a2c20] syncAndRender: frame rendered in 0ms, sync=0, render=0, swap=0
2026-07-14 19:24:15.728 DEBUG qt.scenegraph.time.renderloop: [window 0x7f48b5903e40][gui thread] polishAndSync: start, elapsed since last call: 5 ms
2026-07-14 19:24:15.728 DEBUG qt.scenegraph.time.renderloop: [window 0x7f48b5903e40][render thread 0x7f48b57a2c20] syncAndRender: start, elapsed since last call: 5 ms
2026-07-14 19:24:15.728 DEBUG qt.scenegraph.time.renderloop: [window 0x7f48b5903e40][gui thread] Frame prepared, polish=0 ms, lock=0 ms, blockedForSync=0 ms, animations=0 ms
2026-07-14 19:24:15.728 DEBUG qt.scenegraph.time.renderer: time in renderer: total=0ms, preprocess=0, updates=0, rendering=0
2026-07-14 19:24:15.728 DEBUG qt.scenegraph.time.renderloop: [window 0x7f48b5903e40][render thread 0x7f48b57a2c20] syncAndRender: frame rendered in 0ms, sync=0, render=0, swap=0
2026-07-14 19:24:15.756 DEBUG qt.scenegraph.time.renderloop: [window 0x7f48b5903e40][gui thread] polishAndSync: start, elapsed since last call: 28 ms
2026-07-14 19:24:15.756 DEBUG qt.scenegraph.time.renderloop: [window 0x7f48b5903e40][render thread 0x7f48b57a2c20] syncAndRender: start, elapsed since last call: 28 ms
2026-07-14 19:24:15.756 DEBUG qt.scenegraph.time.renderloop: [window 0x7f48b5903e40][gui thread] Frame prepared, polish=0 ms, lock=0 ms, blockedForSync=0 ms, animations=0 ms
2026-07-14 19:24:15.756 DEBUG qt.scenegraph.time.renderer: time in renderer: total=0ms, preprocess=0, updates=0, rendering=0
2026-07-14 19:24:15.757 DEBUG qt.scenegraph.time.renderloop: [window 0x7f48b5903e40][render thread 0x7f48b57a2c20] syncAndRender: frame rendered in 0ms, sync=0, render=0, swap=0
2026-07-14 19:24:15.762 DEBUG qt.scenegraph.time.renderloop: [window 0x7f48b5903e40][gui thread] polishAndSync: start, elapsed since last call: 6 ms
2026-07-14 19:24:15.763 DEBUG qt.scenegraph.time.renderloop: [window 0x7f48b5903e40][render thread 0x7f48b57a2c20] syncAndRender: start, elapsed since last call: 6 ms
2026-07-14 19:24:15.763 DEBUG qt.scenegraph.time.renderloop: [window 0x7f48b5903e40][gui thread] Frame prepared, polish=0 ms, lock=0 ms, blockedForSync=0 ms, animations=0 ms
2026-07-14 19:24:15.763 DEBUG qt.scenegraph.time.renderer: time in renderer: total=0ms, preprocess=0, updates=0, rendering=0
2026-07-14 19:24:15.763 DEBUG qt.scenegraph.time.renderloop: [window 0x7f48b5903e40][render thread 0x7f48b57a2c20] syncAndRender: frame rendered in 0ms, sync=0, render=0, swap=0
2026-07-14 19:24:15.789 DEBUG qt.scenegraph.time.renderloop: [window 0x7f48b5903e40][gui thread] polishAndSync: start, elapsed since last call: 26 ms
2026-07-14 19:24:15.789 DEBUG qt.scenegraph.time.renderloop: [window 0x7f48b5903e40][render thread 0x7f48b57a2c20] syncAndRender: start, elapsed since last call: 26 ms
2026-07-14 19:24:15.789 DEBUG qt.scenegraph.time.renderloop: [window 0x7f48b5903e40][gui thread] Frame prepared, polish=0 ms, lock=0 ms, blockedForSync=0 ms, animations=0 ms
2026-07-14 19:24:15.789 DEBUG qt.scenegraph.time.renderer: time in renderer: total=0ms, preprocess=0, updates=0, rendering=0
2026-07-14 19:24:15.789 DEBUG qt.scenegraph.time.renderloop: [window 0x7f48b5903e40][render thread 0x7f48b57a2c20] syncAndRender: frame rendered in 0ms, sync=0, render=0, swap=0
2026-07-14 19:24:15.790 DEBUG qt.scenegraph.time.renderloop: [window 0x7f48b5903e40][gui thread] polishAndSync: start, elapsed since last call: 1 ms
2026-07-14 19:24:15.790 DEBUG qt.scenegraph.time.renderloop: [window 0x7f48b5903e40][render thread 0x7f48b57a2c20] syncAndRender: start, elapsed since last call: 1 ms
2026-07-14 19:24:15.790 DEBUG qt.scenegraph.time.renderloop: [window 0x7f48b5903e40][gui thread] Frame prepared, polish=0 ms, lock=0 ms, blockedForSync=0 ms, animations=0 ms
2026-07-14 19:24:15.790 DEBUG qt.scenegraph.time.renderer: time in renderer: total=0ms, preprocess=0, updates=0, rendering=0
2026-07-14 19:24:15.791 DEBUG qt.scenegraph.time.renderloop: [window 0x7f48b5903e40][render thread 0x7f48b57a2c20] syncAndRender: frame rendered in 0ms, sync=0, render=0, swap=0
2026-07-14 19:24:15.822 DEBUG qt.scenegraph.time.renderloop: [window 0x7f48b5903e40][gui thread] polishAndSync: start, elapsed since last call: 31 ms
2026-07-14 19:24:15.822 DEBUG qt.scenegraph.time.renderloop: [window 0x7f48b5903e40][render thread 0x7f48b57a2c20] syncAndRender: start, elapsed since last call: 31 ms
2026-07-14 19:24:15.822 DEBUG qt.scenegraph.time.renderloop: [window 0x7f48b5903e40][gui thread] Frame prepared, polish=0 ms, lock=0 ms, blockedForSync=0 ms, animations=0 ms
2026-07-14 19:24:15.822 DEBUG qt.scenegraph.time.renderer: time in renderer: total=0ms, preprocess=0, updates=0, rendering=0
2026-07-14 19:24:15.822 DEBUG qt.scenegraph.time.renderloop: [window 0x7f48b5903e40][render thread 0x7f48b57a2c20] syncAndRender: frame rendered in 0ms, sync=0, render=0, swap=0
2026-07-14 19:24:15.825 DEBUG qt.scenegraph.time.renderloop: [window 0x7f48b5903e40][gui thread] polishAndSync: start, elapsed since last call: 3 ms
2026-07-14 19:24:15.825 DEBUG qt.scenegraph.time.renderloop: [window 0x7f48b5903e40][render thread 0x7f48b57a2c20] syncAndRender: start, elapsed since last call: 3 ms
2026-07-14 19:24:15.825 DEBUG qt.scenegraph.time.renderloop: [window 0x7f48b5903e40][gui thread] Frame prepared, polish=0 ms, lock=0 ms, blockedForSync=0 ms, animations=0 ms
2026-07-14 19:24:15.825 DEBUG qt.scenegraph.time.renderer: time in renderer: total=0ms, preprocess=0, updates=0, rendering=0
2026-07-14 19:24:15.826 DEBUG qt.scenegraph.time.renderloop: [window 0x7f48b5903e40][render thread 0x7f48b57a2c20] syncAndRender: frame rendered in 0ms, sync=0, render=0, swap=0
2026-07-14 19:24:15.854 DEBUG qt.scenegraph.time.renderloop: [window 0x7f48b5903e40][gui thread] polishAndSync: start, elapsed since last call: 28 ms
2026-07-14 19:24:15.854 DEBUG qt.scenegraph.time.renderloop: [window 0x7f48b5903e40][render thread 0x7f48b57a2c20] syncAndRender: start, elapsed since last call: 29 ms
2026-07-14 19:24:15.854 DEBUG qt.scenegraph.time.renderloop: [window 0x7f48b5903e40][gui thread] Frame prepared, polish=0 ms, lock=0 ms, blockedForSync=0 ms, animations=0 ms
2026-07-14 19:24:15.854 DEBUG qt.scenegraph.time.renderer: time in renderer: total=0ms, preprocess=0, updates=0, rendering=0
2026-07-14 19:24:15.855 DEBUG qt.scenegraph.time.renderloop: [window 0x7f48b5903e40][render thread 0x7f48b57a2c20] syncAndRender: frame rendered in 0ms, sync=0, render=0, swap=0
2026-07-14 19:24:15.860 DEBUG qt.scenegraph.time.renderloop: [window 0x7f48b5903e40][gui thread] polishAndSync: start, elapsed since last call: 5 ms
2026-07-14 19:24:15.860 DEBUG qt.scenegraph.time.renderloop: [window 0x7f48b5903e40][render thread 0x7f48b57a2c20] syncAndRender: start, elapsed since last call: 5 ms
2026-07-14 19:24:15.860 DEBUG qt.scenegraph.time.renderloop: [window 0x7f48b5903e40][gui thread] Frame prepared, polish=0 ms, lock=0 ms, blockedForSync=0 ms, animations=0 ms
2026-07-14 19:24:15.860 DEBUG qt.scenegraph.time.renderer: time in renderer: total=0ms, preprocess=0, updates=0, rendering=0
2026-07-14 19:24:15.860 DEBUG qt.scenegraph.time.renderloop: [window 0x7f48b5903e40][render thread 0x7f48b57a2c20] syncAndRender: frame rendered in 0ms, sync=0, render=0, swap=0
2026-07-14 19:24:15.888 DEBUG qt.scenegraph.time.renderloop: [window 0x7f48b5903e40][gui thread] polishAndSync: start, elapsed since last call: 28 ms
2026-07-14 19:24:15.888 DEBUG qt.scenegraph.time.renderloop: [window 0x7f48b5903e40][render thread 0x7f48b57a2c20] syncAndRender: start, elapsed since last call: 28 ms
2026-07-14 19:24:15.888 DEBUG qt.scenegraph.time.renderloop: [window 0x7f48b5903e40][gui thread] Frame prepared, polish=0 ms, lock=0 ms, blockedForSync=0 ms, animations=0 ms
2026-07-14 19:24:15.888 DEBUG qt.scenegraph.time.renderer: time in renderer: total=0ms, preprocess=0, updates=0, rendering=0
2026-07-14 19:24:15.889 DEBUG qt.scenegraph.time.renderloop: [window 0x7f48b5903e40][render thread 0x7f48b57a2c20] syncAndRender: frame rendered in 0ms, sync=0, render=0, swap=0
2026-07-14 19:24:15.894 DEBUG qt.scenegraph.time.renderloop: [window 0x7f48b5903e40][gui thread] polishAndSync: start, elapsed since last call: 6 ms
2026-07-14 19:24:15.895 DEBUG qt.scenegraph.time.renderloop: [window 0x7f48b5903e40][render thread 0x7f48b57a2c20] syncAndRender: start, elapsed since last call: 6 ms
2026-07-14 19:24:15.895 DEBUG qt.scenegraph.time.renderloop: [window 0x7f48b5903e40][gui thread] Frame prepared, polish=0 ms, lock=0 ms, blockedForSync=0 ms, animations=0 ms
2026-07-14 19:24:15.895 DEBUG qt.scenegraph.time.renderer: time in renderer: total=0ms, preprocess=0, updates=0, rendering=0
2026-07-14 19:24:15.895 DEBUG qt.scenegraph.time.renderloop: [window 0x7f48b5903e40][render thread 0x7f48b57a2c20] syncAndRender: frame rendered in 0ms, sync=0, render=0, swap=0
2026-07-14 19:24:15.921 DEBUG qt.scenegraph.time.renderloop: [window 0x7f48b5903e40][gui thread] polishAndSync: start, elapsed since last call: 26 ms
2026-07-14 19:24:15.921 DEBUG qt.scenegraph.time.renderloop: [window 0x7f48b5903e40][render thread 0x7f48b57a2c20] syncAndRender: start, elapsed since last call: 26 ms
2026-07-14 19:24:15.921 DEBUG qt.scenegraph.time.renderloop: [window 0x7f48b5903e40][gui thread] Frame prepared, polish=0 ms, lock=0 ms, blockedForSync=0 ms, animations=0 ms
2026-07-14 19:24:15.921 DEBUG qt.scenegraph.time.renderer: time in renderer: total=0ms, preprocess=0, updates=0, rendering=0
2026-07-14 19:24:15.921 DEBUG qt.scenegraph.time.renderloop: [window 0x7f48b5903e40][render thread 0x7f48b57a2c20] syncAndRender: frame rendered in 0ms, sync=0, render=0, swap=0
2026-07-14 19:24:15.922 DEBUG qt.scenegraph.time.renderloop: [window 0x7f48b5903e40][gui thread] polishAndSync: start, elapsed since last call: 1 ms
2026-07-14 19:24:15.922 DEBUG qt.scenegraph.time.renderloop: [window 0x7f48b5903e40][render thread 0x7f48b57a2c20] syncAndRender: start, elapsed since last call: 1 ms
2026-07-14 19:24:15.922 DEBUG qt.scenegraph.time.renderloop: [window 0x7f48b5903e40][gui thread] Frame prepared, polish=0 ms, lock=0 ms, blockedForSync=0 ms, animations=0 ms
2026-07-14 19:24:15.922 DEBUG qt.scenegraph.time.renderer: time in renderer: total=0ms, preprocess=0, updates=0, rendering=0
2026-07-14 19:24:15.923 DEBUG qt.scenegraph.time.renderloop: [window 0x7f48b5903e40][render thread 0x7f48b57a2c20] syncAndRender: frame rendered in 0ms, sync=0, render=0, swap=0
2026-07-14 19:24:15.954 DEBUG qt.scenegraph.time.renderloop: [window 0x7f48b5903e40][gui thread] polishAndSync: start, elapsed since last call: 31 ms
2026-07-14 19:24:15.954 DEBUG qt.scenegraph.time.renderloop: [window 0x7f48b5903e40][render thread 0x7f48b57a2c20] syncAndRender: start, elapsed since last call: 31 ms
2026-07-14 19:24:15.954 DEBUG qt.scenegraph.time.renderloop: [window 0x7f48b5903e40][gui thread] Frame prepared, polish=0 ms, lock=0 ms, blockedForSync=0 ms, animations=0 ms
2026-07-14 19:24:15.954 DEBUG qt.scenegraph.time.renderer: time in renderer: total=0ms, preprocess=0, updates=0, rendering=0
2026-07-14 19:24:15.954 DEBUG qt.scenegraph.time.renderloop: [window 0x7f48b5903e40][render thread 0x7f48b57a2c20] syncAndRender: frame rendered in 0ms, sync=0, render=0, swap=0
2026-07-14 19:24:15.954 DEBUG qt.scenegraph.time.renderloop: [window 0x7f48b5903e40][gui thread] polishAndSync: start, elapsed since last call: 0 ms
2026-07-14 19:24:15.954 DEBUG qt.scenegraph.time.renderloop: [window 0x7f48b5903e40][render thread 0x7f48b57a2c20] syncAndRender: start, elapsed since last call: 0 ms
2026-07-14 19:24:15.954 DEBUG qt.scenegraph.time.renderloop: [window 0x7f48b5903e40][gui thread] Frame prepared, polish=0 ms, lock=0 ms, blockedForSync=0 ms, animations=0 ms
2026-07-14 19:24:15.955 DEBUG qt.scenegraph.time.renderer: time in renderer: total=0ms, preprocess=0, updates=0, rendering=0
2026-07-14 19:24:15.955 DEBUG qt.scenegraph.time.renderloop: [window 0x7f48b5903e40][render thread 0x7f48b57a2c20] syncAndRender: frame rendered in 0ms, sync=0, render=0, swap=0
2026-07-14 19:24:15.986 DEBUG qt.scenegraph.time.renderloop: [window 0x7f48b5903e40][gui thread] polishAndSync: start, elapsed since last call: 31 ms
2026-07-14 19:24:15.987 DEBUG qt.scenegraph.time.renderloop: [window 0x7f48b5903e40][render thread 0x7f48b57a2c20] syncAndRender: start, elapsed since last call: 32 ms
2026-07-14 19:24:15.987 DEBUG qt.scenegraph.time.renderloop: [window 0x7f48b5903e40][gui thread] Frame prepared, polish=0 ms, lock=0 ms, blockedForSync=0 ms, animations=0 ms
2026-07-14 19:24:15.987 DEBUG qt.scenegraph.time.renderer: time in renderer: total=0ms, preprocess=0, updates=0, rendering=0
2026-07-14 19:24:15.987 DEBUG qt.scenegraph.time.renderloop: [window 0x7f48b5903e40][render thread 0x7f48b57a2c20] syncAndRender: frame rendered in 0ms, sync=0, render=0, swap=0
2026-07-14 19:24:15.992 DEBUG qt.scenegraph.time.renderloop: [window 0x7f48b5903e40][gui thread] polishAndSync: start, elapsed since last call: 5 ms
2026-07-14 19:24:15.992 DEBUG qt.scenegraph.time.renderloop: [window 0x7f48b5903e40][render thread 0x7f48b57a2c20] syncAndRender: start, elapsed since last call: 5 ms
2026-07-14 19:24:15.992 DEBUG qt.scenegraph.time.renderloop: [window 0x7f48b5903e40][gui thread] Frame prepared, polish=0 ms, lock=0 ms, blockedForSync=0 ms, animations=0 ms
2026-07-14 19:24:15.992 DEBUG qt.scenegraph.time.renderer: time in renderer: total=0ms, preprocess=0, updates=0, rendering=0
2026-07-14 19:24:15.992 DEBUG qt.scenegraph.time.renderloop: [window 0x7f48b5903e40][render thread 0x7f48b57a2c20] syncAndRender: frame rendered in 0ms, sync=0, render=0, swap=0
2026-07-14 19:24:16.020 DEBUG qt.scenegraph.time.renderloop: [window 0x7f48b5903e40][gui thread] polishAndSync: start, elapsed since last call: 28 ms
2026-07-14 19:24:16.020 DEBUG qt.scenegraph.time.renderloop: [window 0x7f48b5903e40][render thread 0x7f48b57a2c20] syncAndRender: start, elapsed since last call: 28 ms
2026-07-14 19:24:16.020 DEBUG qt.scenegraph.time.renderloop: [window 0x7f48b5903e40][gui thread] Frame prepared, polish=0 ms, lock=0 ms, blockedForSync=0 ms, animations=0 ms
2026-07-14 19:24:16.020 DEBUG qt.scenegraph.time.renderer: time in renderer: total=0ms, preprocess=0, updates=0, rendering=0
2026-07-14 19:24:16.020 DEBUG qt.scenegraph.time.renderloop: [window 0x7f48b5903e40][render thread 0x7f48b57a2c20] syncAndRender: frame rendered in 0ms, sync=0, render=0, swap=0
2026-07-14 19:24:16.026 DEBUG qt.scenegraph.time.renderloop: [window 0x7f48b5903e40][gui thread] polishAndSync: start, elapsed since last call: 6 ms
2026-07-14 19:24:16.026 DEBUG qt.scenegraph.time.renderloop: [window 0x7f48b5903e40][render thread 0x7f48b57a2c20] syncAndRender: start, elapsed since last call: 6 ms
2026-07-14 19:24:16.026 DEBUG qt.scenegraph.time.renderloop: [window 0x7f48b5903e40][gui thread] Frame prepared, polish=0 ms, lock=0 ms, blockedForSync=0 ms, animations=0 ms
2026-07-14 19:24:16.027 DEBUG qt.scenegraph.time.renderer: time in renderer: total=0ms, preprocess=0, updates=0, rendering=0
2026-07-14 19:24:16.027 DEBUG qt.scenegraph.time.renderloop: [window 0x7f48b5903e40][render thread 0x7f48b57a2c20] syncAndRender: frame rendered in 0ms, sync=0, render=0, swap=0
2026-07-14 19:24:16.053 DEBUG qt.scenegraph.time.renderloop: [window 0x7f48b5903e40][gui thread] polishAndSync: start, elapsed since last call: 26 ms
2026-07-14 19:24:16.053 DEBUG qt.scenegraph.time.renderloop: [window 0x7f48b5903e40][render thread 0x7f48b57a2c20] syncAndRender: start, elapsed since last call: 26 ms
2026-07-14 19:24:16.053 DEBUG qt.scenegraph.time.renderloop: [window 0x7f48b5903e40][gui thread] Frame prepared, polish=0 ms, lock=0 ms, blockedForSync=0 ms, animations=0 ms
2026-07-14 19:24:16.053 DEBUG qt.scenegraph.time.renderer: time in renderer: total=0ms, preprocess=0, updates=0, rendering=0
2026-07-14 19:24:16.053 DEBUG qt.scenegraph.time.renderloop: [window 0x7f48b5903e40][render thread 0x7f48b57a2c20] syncAndRender: frame rendered in 0ms, sync=0, render=0, swap=0
2026-07-14 19:24:16.054 DEBUG qt.scenegraph.time.renderloop: [window 0x7f48b5903e40][gui thread] polishAndSync: start, elapsed since last call: 1 ms
2026-07-14 19:24:16.054 DEBUG qt.scenegraph.time.renderloop: [window 0x7f48b5903e40][render thread 0x7f48b57a2c20] syncAndRender: start, elapsed since last call: 1 ms
2026-07-14 19:24:16.054 DEBUG qt.scenegraph.time.renderloop: [window 0x7f48b5903e40][gui thread] Frame prepared, polish=0 ms, lock=0 ms, blockedForSync=0 ms, animations=0 ms
2026-07-14 19:24:16.054 DEBUG qt.scenegraph.time.renderer: time in renderer: total=0ms, preprocess=0, updates=0, rendering=0
2026-07-14 19:24:16.055 DEBUG qt.scenegraph.time.renderloop: [window 0x7f48b5903e40][render thread 0x7f48b57a2c20] syncAndRender: frame rendered in 0ms, sync=0, render=0, swap=0
2026-07-14 19:24:16.086 DEBUG qt.scenegraph.time.renderloop: [window 0x7f48b5903e40][gui thread] polishAndSync: start, elapsed since last call: 31 ms
2026-07-14 19:24:16.086 DEBUG qt.scenegraph.time.renderloop: [window 0x7f48b5903e40][render thread 0x7f48b57a2c20] syncAndRender: start, elapsed since last call: 31 ms
2026-07-14 19:24:16.086 DEBUG qt.scenegraph.time.renderloop: [window 0x7f48b5903e40][gui thread] Frame prepared, polish=0 ms, lock=0 ms, blockedForSync=0 ms, animations=0 ms
2026-07-14 19:24:16.086 DEBUG qt.scenegraph.time.renderer: time in renderer: total=0ms, preprocess=0, updates=0, rendering=0
2026-07-14 19:24:16.086 DEBUG qt.scenegraph.time.renderloop: [window 0x7f48b5903e40][render thread 0x7f48b57a2c20] syncAndRender: frame rendered in 0ms, sync=0, render=0, swap=0
2026-07-14 19:24:16.089 DEBUG qt.scenegraph.time.renderloop: [window 0x7f48b5903e40][gui thread] polishAndSync: start, elapsed since last call: 3 ms
2026-07-14 19:24:16.089 DEBUG qt.scenegraph.time.renderloop: [window 0x7f48b5903e40][render thread 0x7f48b57a2c20] syncAndRender: start, elapsed since last call: 3 ms
2026-07-14 19:24:16.089 DEBUG qt.scenegraph.time.renderloop: [window 0x7f48b5903e40][gui thread] Frame prepared, polish=0 ms, lock=0 ms, blockedForSync=0 ms, animations=0 ms
2026-07-14 19:24:16.089 DEBUG qt.scenegraph.time.renderer: time in renderer: total=0ms, preprocess=0, updates=0, rendering=0
2026-07-14 19:24:16.089 DEBUG qt.scenegraph.time.renderloop: [window 0x7f48b5903e40][render thread 0x7f48b57a2c20] syncAndRender: frame rendered in 0ms, sync=0, render=0, swap=0
2026-07-14 19:24:16.118 DEBUG qt.scenegraph.time.renderloop: [window 0x7f48b5903e40][gui thread] polishAndSync: start, elapsed since last call: 29 ms
2026-07-14 19:24:16.118 DEBUG qt.scenegraph.time.renderloop: [window 0x7f48b5903e40][render thread 0x7f48b57a2c20] syncAndRender: start, elapsed since last call: 29 ms
2026-07-14 19:24:16.118 DEBUG qt.scenegraph.time.renderloop: [window 0x7f48b5903e40][gui thread] Frame prepared, polish=0 ms, lock=0 ms, blockedForSync=0 ms, animations=0 ms
2026-07-14 19:24:16.118 DEBUG qt.scenegraph.time.renderer: time in renderer: total=0ms, preprocess=0, updates=0, rendering=0
2026-07-14 19:24:16.119 DEBUG qt.scenegraph.time.renderloop: [window 0x7f48b5903e40][render thread 0x7f48b57a2c20] syncAndRender: frame rendered in 0ms, sync=0, render=0, swap=0
2026-07-14 19:24:16.119 DEBUG qt.scenegraph.time.renderloop: [window 0x7f48b5903e40][gui thread] polishAndSync: start, elapsed since last call: 1 ms
2026-07-14 19:24:16.119 DEBUG qt.scenegraph.time.renderloop: [window 0x7f48b5903e40][render thread 0x7f48b57a2c20] syncAndRender: start, elapsed since last call: 0 ms
2026-07-14 19:24:16.119 DEBUG qt.scenegraph.time.renderloop: [window 0x7f48b5903e40][gui thread] Frame prepared, polish=0 ms, lock=0 ms, blockedForSync=0 ms, animations=0 ms
2026-07-14 19:24:16.119 DEBUG qt.scenegraph.time.renderer: time in renderer: total=0ms, preprocess=0, updates=0, rendering=0
2026-07-14 19:24:16.119 DEBUG qt.scenegraph.time.renderloop: [window 0x7f48b5903e40][render thread 0x7f48b57a2c20] syncAndRender: frame rendered in 0ms, sync=0, render=0, swap=0
2026-07-14 19:24:16.152 DEBUG qt.scenegraph.time.renderloop: [window 0x7f48b5903e40][gui thread] polishAndSync: start, elapsed since last call: 32 ms
2026-07-14 19:24:16.152 DEBUG qt.scenegraph.time.renderloop: [window 0x7f48b5903e40][render thread 0x7f48b57a2c20] syncAndRender: start, elapsed since last call: 33 ms
2026-07-14 19:24:16.152 DEBUG qt.scenegraph.time.renderloop: [window 0x7f48b5903e40][gui thread] Frame prepared, polish=0 ms, lock=0 ms, blockedForSync=0 ms, animations=0 ms
2026-07-14 19:24:16.152 DEBUG qt.scenegraph.time.renderer: time in renderer: total=0ms, preprocess=0, updates=0, rendering=0
2026-07-14 19:24:16.153 DEBUG qt.scenegraph.time.renderloop: [window 0x7f48b5903e40][render thread 0x7f48b57a2c20] syncAndRender: frame rendered in 0ms, sync=0, render=0, swap=0
2026-07-14 19:24:16.153 DEBUG qt.scenegraph.time.renderloop: [window 0x7f48b5903e40][gui thread] polishAndSync: start, elapsed since last call: 1 ms
2026-07-14 19:24:16.153 DEBUG qt.scenegraph.time.renderloop: [window 0x7f48b5903e40][render thread 0x7f48b57a2c20] syncAndRender: start, elapsed since last call: 0 ms
2026-07-14 19:24:16.153 DEBUG qt.scenegraph.time.renderloop: [window 0x7f48b5903e40][gui thread] Frame prepared, polish=0 ms, lock=0 ms, blockedForSync=0 ms, animations=0 ms
2026-07-14 19:24:16.153 DEBUG qt.scenegraph.time.renderer: time in renderer: total=0ms, preprocess=0, updates=0, rendering=0
2026-07-14 19:24:16.153 DEBUG qt.scenegraph.time.renderloop: [window 0x7f48b5903e40][render thread 0x7f48b57a2c20] syncAndRender: frame rendered in 0ms, sync=0, render=0, swap=0
2026-07-14 19:24:16.185 DEBUG qt.scenegraph.time.renderloop: [window 0x7f48b5903e40][gui thread] polishAndSync: start, elapsed since last call: 31 ms
2026-07-14 19:24:16.185 DEBUG qt.scenegraph.time.renderloop: [window 0x7f48b5903e40][render thread 0x7f48b57a2c20] syncAndRender: start, elapsed since last call: 32 ms
2026-07-14 19:24:16.185 DEBUG qt.scenegraph.time.renderloop: [window 0x7f48b5903e40][gui thread] Frame prepared, polish=0 ms, lock=0 ms, blockedForSync=0 ms, animations=0 ms
2026-07-14 19:24:16.185 DEBUG qt.scenegraph.time.renderer: time in renderer: total=0ms, preprocess=0, updates=0, rendering=0
2026-07-14 19:24:16.185 DEBUG qt.scenegraph.time.renderloop: [window 0x7f48b5903e40][render thread 0x7f48b57a2c20] syncAndRender: frame rendered in 0ms, sync=0, render=0, swap=0
2026-07-14 19:24:16.186 DEBUG qt.scenegraph.time.renderloop: [window 0x7f48b5903e40][gui thread] polishAndSync: start, elapsed since last call: 1 ms
2026-07-14 19:24:16.186 DEBUG qt.scenegraph.time.renderloop: [window 0x7f48b5903e40][render thread 0x7f48b57a2c20] syncAndRender: start, elapsed since last call: 1 ms
2026-07-14 19:24:16.186 DEBUG qt.scenegraph.time.renderloop: [window 0x7f48b5903e40][gui thread] Frame prepared, polish=0 ms, lock=0 ms, blockedForSync=0 ms, animations=0 ms
2026-07-14 19:24:16.186 DEBUG qt.scenegraph.time.renderer: time in renderer: total=0ms, preprocess=0, updates=0, rendering=0
2026-07-14 19:24:16.187 DEBUG qt.scenegraph.time.renderloop: [window 0x7f48b5903e40][render thread 0x7f48b57a2c20] syncAndRender: frame rendered in 0ms, sync=0, render=0, swap=0
2026-07-14 19:24:16.217 DEBUG qt.scenegraph.time.renderloop: [window 0x7f48b5903e40][gui thread] polishAndSync: start, elapsed since last call: 31 ms
2026-07-14 19:24:16.218 DEBUG qt.scenegraph.time.renderloop: [window 0x7f48b5903e40][render thread 0x7f48b57a2c20] syncAndRender: start, elapsed since last call: 31 ms
2026-07-14 19:24:16.218 DEBUG qt.scenegraph.time.renderloop: [window 0x7f48b5903e40][gui thread] Frame prepared, polish=0 ms, lock=0 ms, blockedForSync=0 ms, animations=0 ms
2026-07-14 19:24:16.218 DEBUG qt.scenegraph.time.renderer: time in renderer: total=0ms, preprocess=0, updates=0, rendering=0
2026-07-14 19:24:16.218 DEBUG qt.scenegraph.time.renderloop: [window 0x7f48b5903e40][render thread 0x7f48b57a2c20] syncAndRender: frame rendered in 0ms, sync=0, render=0, swap=0
2026-07-14 19:24:16.221 DEBUG qt.scenegraph.time.renderloop: [window 0x7f48b5903e40][gui thread] polishAndSync: start, elapsed since last call: 3 ms
2026-07-14 19:24:16.221 DEBUG qt.scenegraph.time.renderloop: [window 0x7f48b5903e40][render thread 0x7f48b57a2c20] syncAndRender: start, elapsed since last call: 3 ms
2026-07-14 19:24:16.221 DEBUG qt.scenegraph.time.renderloop: [window 0x7f48b5903e40][gui thread] Frame prepared, polish=0 ms, lock=0 ms, blockedForSync=0 ms, animations=0 ms
2026-07-14 19:24:16.221 DEBUG qt.scenegraph.time.renderer: time in renderer: total=0ms, preprocess=0, updates=0, rendering=0
2026-07-14 19:24:16.221 DEBUG qt.scenegraph.time.renderloop: [window 0x7f48b5903e40][render thread 0x7f48b57a2c20] syncAndRender: frame rendered in 0ms, sync=0, render=0, swap=0
2026-07-14 19:24:16.250 DEBUG qt.scenegraph.time.renderloop: [window 0x7f48b5903e40][gui thread] polishAndSync: start, elapsed since last call: 29 ms
2026-07-14 19:24:16.251 DEBUG qt.scenegraph.time.renderloop: [window 0x7f48b5903e40][render thread 0x7f48b57a2c20] syncAndRender: start, elapsed since last call: 29 ms
2026-07-14 19:24:16.251 DEBUG qt.scenegraph.time.renderloop: [window 0x7f48b5903e40][gui thread] Frame prepared, polish=0 ms, lock=0 ms, blockedForSync=0 ms, animations=0 ms
2026-07-14 19:24:16.251 DEBUG qt.scenegraph.time.renderer: time in renderer: total=0ms, preprocess=0, updates=0, rendering=0
2026-07-14 19:24:16.251 DEBUG qt.scenegraph.time.renderloop: [window 0x7f48b5903e40][render thread 0x7f48b57a2c20] syncAndRender: frame rendered in 0ms, sync=0, render=0, swap=0
2026-07-14 19:24:16.256 DEBUG qt.scenegraph.time.renderloop: [window 0x7f48b5903e40][gui thread] polishAndSync: start, elapsed since last call: 5 ms
2026-07-14 19:24:16.256 DEBUG qt.scenegraph.time.renderloop: [window 0x7f48b5903e40][render thread 0x7f48b57a2c20] syncAndRender: start, elapsed since last call: 5 ms
2026-07-14 19:24:16.256 DEBUG qt.scenegraph.time.renderloop: [window 0x7f48b5903e40][gui thread] Frame prepared, polish=0 ms, lock=0 ms, blockedForSync=0 ms, animations=0 ms
2026-07-14 19:24:16.256 DEBUG qt.scenegraph.time.renderer: time in renderer: total=0ms, preprocess=0, updates=0, rendering=0
2026-07-14 19:24:16.256 DEBUG qt.scenegraph.time.renderloop: [window 0x7f48b5903e40][render thread 0x7f48b57a2c20] syncAndRender: frame rendered in 0ms, sync=0, render=0, swap=0
2026-07-14 19:24:16.284 DEBUG qt.scenegraph.time.renderloop: [window 0x7f48b5903e40][gui thread] polishAndSync: start, elapsed since last call: 28 ms
2026-07-14 19:24:16.284 DEBUG qt.scenegraph.time.renderloop: [window 0x7f48b5903e40][render thread 0x7f48b57a2c20] syncAndRender: start, elapsed since last call: 28 ms
2026-07-14 19:24:16.284 DEBUG qt.scenegraph.time.renderloop: [window 0x7f48b5903e40][gui thread] Frame prepared, polish=0 ms, lock=0 ms, blockedForSync=0 ms, animations=0 ms
2026-07-14 19:24:16.284 DEBUG qt.scenegraph.time.renderer: time in renderer: total=0ms, preprocess=0, updates=0, rendering=0
2026-07-14 19:24:16.285 DEBUG qt.scenegraph.time.renderloop: [window 0x7f48b5903e40][render thread 0x7f48b57a2c20] syncAndRender: frame rendered in 0ms, sync=0, render=0, swap=0
2026-07-14 19:24:16.285 DEBUG qt.scenegraph.time.renderloop: [window 0x7f48b5903e40][gui thread] polishAndSync: start, elapsed since last call: 1 ms
2026-07-14 19:24:16.285 DEBUG qt.scenegraph.time.renderloop: [window 0x7f48b5903e40][render thread 0x7f48b57a2c20] syncAndRender: start, elapsed since last call: 0 ms
2026-07-14 19:24:16.285 DEBUG qt.scenegraph.time.renderloop: [window 0x7f48b5903e40][gui thread] Frame prepared, polish=0 ms, lock=0 ms, blockedForSync=0 ms, animations=0 ms
2026-07-14 19:24:16.285 DEBUG qt.scenegraph.time.renderer: time in renderer: total=0ms, preprocess=0, updates=0, rendering=0
2026-07-14 19:24:16.285 DEBUG qt.scenegraph.time.renderloop: [window 0x7f48b5903e40][render thread 0x7f48b57a2c20] syncAndRender: frame rendered in 0ms, sync=0, render=0, swap=0
2026-07-14 19:24:16.317 DEBUG qt.scenegraph.time.renderloop: [window 0x7f48b5903e40][gui thread] polishAndSync: start, elapsed since last call: 31 ms
2026-07-14 19:24:16.317 DEBUG qt.scenegraph.time.renderloop: [window 0x7f48b5903e40][render thread 0x7f48b57a2c20] syncAndRender: start, elapsed since last call: 31 ms
2026-07-14 19:24:16.317 DEBUG qt.scenegraph.time.renderloop: [window 0x7f48b5903e40][gui thread] Frame prepared, polish=0 ms, lock=0 ms, blockedForSync=0 ms, animations=0 ms
2026-07-14 19:24:16.317 DEBUG qt.scenegraph.time.renderer: time in renderer: total=0ms, preprocess=0, updates=0, rendering=0
2026-07-14 19:24:16.317 DEBUG qt.scenegraph.time.renderloop: [window 0x7f48b5903e40][render thread 0x7f48b57a2c20] syncAndRender: frame rendered in 0ms, sync=0, render=0, swap=0
2026-07-14 19:24:16.318 DEBUG qt.scenegraph.time.renderloop: [window 0x7f48b5903e40][gui thread] polishAndSync: start, elapsed since last call: 1 ms
2026-07-14 19:24:16.318 DEBUG qt.scenegraph.time.renderloop: [window 0x7f48b5903e40][render thread 0x7f48b57a2c20] syncAndRender: start, elapsed since last call: 1 ms
2026-07-14 19:24:16.318 DEBUG qt.scenegraph.time.renderloop: [window 0x7f48b5903e40][gui thread] Frame prepared, polish=0 ms, lock=0 ms, blockedForSync=0 ms, animations=0 ms
2026-07-14 19:24:16.318 DEBUG qt.scenegraph.time.renderer: time in renderer: total=0ms, preprocess=0, updates=0, rendering=0
2026-07-14 19:24:16.319 DEBUG qt.scenegraph.time.renderloop: [window 0x7f48b5903e40][render thread 0x7f48b57a2c20] syncAndRender: frame rendered in 0ms, sync=0, render=0, swap=0
2026-07-14 19:24:16.350 DEBUG qt.scenegraph.time.renderloop: [window 0x7f48b5903e40][gui thread] polishAndSync: start, elapsed since last call: 31 ms
2026-07-14 19:24:16.350 DEBUG qt.scenegraph.time.renderloop: [window 0x7f48b5903e40][render thread 0x7f48b57a2c20] syncAndRender: start, elapsed since last call: 31 ms
2026-07-14 19:24:16.350 DEBUG qt.scenegraph.time.renderloop: [window 0x7f48b5903e40][gui thread] Frame prepared, polish=0 ms, lock=0 ms, blockedForSync=0 ms, animations=0 ms
2026-07-14 19:24:16.350 DEBUG qt.scenegraph.time.renderer: time in renderer: total=0ms, preprocess=0, updates=0, rendering=0
2026-07-14 19:24:16.350 DEBUG qt.scenegraph.time.renderloop: [window 0x7f48b5903e40][render thread 0x7f48b57a2c20] syncAndRender: frame rendered in 0ms, sync=0, render=0, swap=0
2026-07-14 19:24:16.351 DEBUG qt.scenegraph.time.renderloop: [window 0x7f48b5903e40][gui thread] polishAndSync: start, elapsed since last call: 1 ms
2026-07-14 19:24:16.351 DEBUG qt.scenegraph.time.renderloop: [window 0x7f48b5903e40][render thread 0x7f48b57a2c20] syncAndRender: start, elapsed since last call: 0 ms
2026-07-14 19:24:16.351 DEBUG qt.scenegraph.time.renderloop: [window 0x7f48b5903e40][gui thread] Frame prepared, polish=0 ms, lock=0 ms, blockedForSync=0 ms, animations=0 ms
2026-07-14 19:24:16.351 DEBUG qt.scenegraph.time.renderer: time in renderer: total=0ms, preprocess=0, updates=0, rendering=0
2026-07-14 19:24:16.351 DEBUG qt.scenegraph.time.renderloop: [window 0x7f48b5903e40][render thread 0x7f48b57a2c20] syncAndRender: frame rendered in 0ms, sync=0, render=0, swap=0
2026-07-14 19:24:16.382 DEBUG qt.scenegraph.time.renderloop: [window 0x7f48b5903e40][gui thread] polishAndSync: start, elapsed since last call: 31 ms
2026-07-14 19:24:16.383 DEBUG qt.scenegraph.time.renderloop: [window 0x7f48b5903e40][render thread 0x7f48b57a2c20] syncAndRender: start, elapsed since last call: 32 ms
2026-07-14 19:24:16.383 DEBUG qt.scenegraph.time.renderloop: [window 0x7f48b5903e40][gui thread] Frame prepared, polish=0 ms, lock=0 ms, blockedForSync=0 ms, animations=0 ms
2026-07-14 19:24:16.383 DEBUG qt.scenegraph.time.renderer: time in renderer: total=0ms, preprocess=0, updates=0, rendering=0
2026-07-14 19:24:16.383 DEBUG qt.scenegraph.time.renderloop: [window 0x7f48b5903e40][render thread 0x7f48b57a2c20] syncAndRender: frame rendered in 0ms, sync=0, render=0, swap=0
2026-07-14 19:24:16.383 DEBUG qt.scenegraph.time.renderloop: [window 0x7f48b5903e40][gui thread] polishAndSync: start, elapsed since last call: 1 ms
2026-07-14 19:24:16.383 DEBUG qt.scenegraph.time.renderloop: [window 0x7f48b5903e40][render thread 0x7f48b57a2c20] syncAndRender: start, elapsed since last call: 0 ms
2026-07-14 19:24:16.383 DEBUG qt.scenegraph.time.renderloop: [window 0x7f48b5903e40][gui thread] Frame prepared, polish=0 ms, lock=0 ms, blockedForSync=0 ms, animations=0 ms
2026-07-14 19:24:16.384 DEBUG qt.scenegraph.time.renderer: time in renderer: total=0ms, preprocess=0, updates=0, rendering=0
2026-07-14 19:24:16.384 DEBUG qt.scenegraph.time.renderloop: [window 0x7f48b5903e40][render thread 0x7f48b57a2c20] syncAndRender: frame rendered in 0ms, sync=0, render=0, swap=0
2026-07-14 19:24:16.416 DEBUG qt.scenegraph.time.renderloop: [window 0x7f48b5903e40][gui thread] polishAndSync: start, elapsed since last call: 32 ms
2026-07-14 19:24:16.418 DEBUG qt.scenegraph.time.renderloop: [window 0x7f48b5903e40][render thread 0x7f48b57a2c20] syncAndRender: start, elapsed since last call: 34 ms
2026-07-14 19:24:16.418 DEBUG qt.scenegraph.time.renderloop: [window 0x7f48b5903e40][gui thread] Frame prepared, polish=2 ms, lock=0 ms, blockedForSync=0 ms, animations=0 ms
2026-07-14 19:24:16.418 DEBUG qt.scenegraph.time.renderer: time in renderer: total=0ms, preprocess=0, updates=0, rendering=0
2026-07-14 19:24:16.418 DEBUG qt.scenegraph.time.renderloop: [window 0x7f48b5903e40][render thread 0x7f48b57a2c20] syncAndRender: frame rendered in 0ms, sync=0, render=0, swap=0
2026-07-14 19:24:16.419 DEBUG qt.scenegraph.time.renderloop: [window 0x7f48b5903e40][gui thread] polishAndSync: start, elapsed since last call: 3 ms
2026-07-14 19:24:16.419 DEBUG qt.scenegraph.time.renderloop: [window 0x7f48b5903e40][render thread 0x7f48b57a2c20] syncAndRender: start, elapsed since last call: 1 ms
2026-07-14 19:24:16.419 DEBUG qt.scenegraph.time.renderloop: [window 0x7f48b5903e40][gui thread] Frame prepared, polish=0 ms, lock=0 ms, blockedForSync=0 ms, animations=0 ms
2026-07-14 19:24:16.419 DEBUG qt.scenegraph.time.renderer: time in renderer: total=0ms, preprocess=0, updates=0, rendering=0
2026-07-14 19:24:16.420 DEBUG qt.scenegraph.time.renderloop: [window 0x7f48b5903e40][render thread 0x7f48b57a2c20] syncAndRender: frame rendered in 0ms, sync=0, render=0, swap=0
2026-07-14 19:24:16.449 DEBUG qt.scenegraph.time.renderloop: [window 0x7f48b5903e40][gui thread] polishAndSync: start, elapsed since last call: 29 ms
2026-07-14 19:24:16.449 DEBUG qt.scenegraph.time.renderloop: [window 0x7f48b5903e40][render thread 0x7f48b57a2c20] syncAndRender: start, elapsed since last call: 30 ms
2026-07-14 19:24:16.449 DEBUG qt.scenegraph.time.renderloop: [window 0x7f48b5903e40][gui thread] Frame prepared, polish=0 ms, lock=0 ms, blockedForSync=0 ms, animations=0 ms
2026-07-14 19:24:16.449 DEBUG qt.scenegraph.time.renderer: time in renderer: total=0ms, preprocess=0, updates=0, rendering=0
2026-07-14 19:24:16.450 DEBUG qt.scenegraph.time.renderloop: [window 0x7f48b5903e40][render thread 0x7f48b57a2c20] syncAndRender: frame rendered in 0ms, sync=0, render=0, swap=0
2026-07-14 19:24:16.450 DEBUG qt.scenegraph.time.renderloop: [window 0x7f48b5903e40][gui thread] polishAndSync: start, elapsed since last call: 1 ms
2026-07-14 19:24:16.450 DEBUG qt.scenegraph.time.renderloop: [window 0x7f48b5903e40][render thread 0x7f48b57a2c20] syncAndRender: start, elapsed since last call: 0 ms
2026-07-14 19:24:16.450 DEBUG qt.scenegraph.time.renderloop: [window 0x7f48b5903e40][gui thread] Frame prepared, polish=0 ms, lock=0 ms, blockedForSync=0 ms, animations=0 ms
2026-07-14 19:24:16.450 DEBUG qt.scenegraph.time.renderer: time in renderer: total=0ms, preprocess=0, updates=0, rendering=0
2026-07-14 19:24:16.450 DEBUG qt.scenegraph.time.renderloop: [window 0x7f48b5903e40][render thread 0x7f48b57a2c20] syncAndRender: frame rendered in 0ms, sync=0, render=0, swap=0
2026-07-14 19:24:16.482 DEBUG qt.scenegraph.time.renderloop: [window 0x7f48b5903e40][gui thread] polishAndSync: start, elapsed since last call: 31 ms
2026-07-14 19:24:16.482 DEBUG qt.scenegraph.time.renderloop: [window 0x7f48b5903e40][render thread 0x7f48b57a2c20] syncAndRender: start, elapsed since last call: 32 ms
2026-07-14 19:24:16.482 DEBUG qt.scenegraph.time.renderloop: [window 0x7f48b5903e40][gui thread] Frame prepared, polish=0 ms, lock=0 ms, blockedForSync=0 ms, animations=0 ms
2026-07-14 19:24:16.482 DEBUG qt.scenegraph.time.renderer: time in renderer: total=0ms, preprocess=0, updates=0, rendering=0
2026-07-14 19:24:16.482 DEBUG qt.scenegraph.time.renderloop: [window 0x7f48b5903e40][render thread 0x7f48b57a2c20] syncAndRender: frame rendered in 0ms, sync=0, render=0, swap=0
2026-07-14 19:24:16.483 DEBUG qt.scenegraph.time.renderloop: [window 0x7f48b5903e40][gui thread] polishAndSync: start, elapsed since last call: 1 ms
2026-07-14 19:24:16.483 DEBUG qt.scenegraph.time.renderloop: [window 0x7f48b5903e40][render thread 0x7f48b57a2c20] syncAndRender: start, elapsed since last call: 0 ms
2026-07-14 19:24:16.483 DEBUG qt.scenegraph.time.renderloop: [window 0x7f48b5903e40][gui thread] Frame prepared, polish=0 ms, lock=0 ms, blockedForSync=0 ms, animations=0 ms
2026-07-14 19:24:16.483 DEBUG qt.scenegraph.time.renderer: time in renderer: total=0ms, preprocess=0, updates=0, rendering=0
2026-07-14 19:24:16.483 DEBUG qt.scenegraph.time.renderloop: [window 0x7f48b5903e40][render thread 0x7f48b57a2c20] syncAndRender: frame rendered in 0ms, sync=0, render=0, swap=0
2026-07-14 19:24:16.514 DEBUG qt.scenegraph.time.renderloop: [window 0x7f48b5903e40][gui thread] polishAndSync: start, elapsed since last call: 31 ms
2026-07-14 19:24:16.515 DEBUG qt.scenegraph.time.renderloop: [window 0x7f48b5903e40][render thread 0x7f48b57a2c20] syncAndRender: start, elapsed since last call: 31 ms
2026-07-14 19:24:16.515 DEBUG qt.scenegraph.time.renderloop: [window 0x7f48b5903e40][gui thread] Frame prepared, polish=0 ms, lock=0 ms, blockedForSync=0 ms, animations=0 ms
2026-07-14 19:24:16.515 DEBUG qt.scenegraph.time.renderer: time in renderer: total=0ms, preprocess=0, updates=0, rendering=0
2026-07-14 19:24:16.515 DEBUG qt.scenegraph.time.renderloop: [window 0x7f48b5903e40][render thread 0x7f48b57a2c20] syncAndRender: frame rendered in 0ms, sync=0, render=0, swap=0
2026-07-14 19:24:16.515 DEBUG qt.scenegraph.time.renderloop: [window 0x7f48b5903e40][gui thread] polishAndSync: start, elapsed since last call: 1 ms
2026-07-14 19:24:16.515 DEBUG qt.scenegraph.time.renderloop: [window 0x7f48b5903e40][render thread 0x7f48b57a2c20] syncAndRender: start, elapsed since last call: 0 ms
2026-07-14 19:24:16.515 DEBUG qt.scenegraph.time.renderloop: [window 0x7f48b5903e40][gui thread] Frame prepared, polish=0 ms, lock=0 ms, blockedForSync=0 ms, animations=0 ms
2026-07-14 19:24:16.515 DEBUG qt.scenegraph.time.renderer: time in renderer: total=0ms, preprocess=0, updates=0, rendering=0
2026-07-14 19:24:16.516 DEBUG qt.scenegraph.time.renderloop: [window 0x7f48b5903e40][render thread 0x7f48b57a2c20] syncAndRender: frame rendered in 0ms, sync=0, render=0, swap=0
2026-07-14 19:24:16.547 DEBUG qt.scenegraph.time.renderloop: [window 0x7f48b5903e40][gui thread] polishAndSync: start, elapsed since last call: 31 ms
2026-07-14 19:24:16.547 DEBUG qt.scenegraph.time.renderloop: [window 0x7f48b5903e40][render thread 0x7f48b57a2c20] syncAndRender: start, elapsed since last call: 31 ms
2026-07-14 19:24:16.547 DEBUG qt.scenegraph.time.renderloop: [window 0x7f48b5903e40][gui thread] Frame prepared, polish=0 ms, lock=0 ms, blockedForSync=0 ms, animations=0 ms
2026-07-14 19:24:16.547 DEBUG qt.scenegraph.time.renderer: time in renderer: total=0ms, preprocess=0, updates=0, rendering=0
2026-07-14 19:24:16.548 DEBUG qt.scenegraph.time.renderloop: [window 0x7f48b5903e40][render thread 0x7f48b57a2c20] syncAndRender: frame rendered in 0ms, sync=0, render=0, swap=0
2026-07-14 19:24:16.548 DEBUG qt.scenegraph.time.renderloop: [window 0x7f48b5903e40][gui thread] polishAndSync: start, elapsed since last call: 0 ms
2026-07-14 19:24:16.548 DEBUG qt.scenegraph.time.renderloop: [window 0x7f48b5903e40][render thread 0x7f48b57a2c20] syncAndRender: start, elapsed since last call: 0 ms
2026-07-14 19:24:16.548 DEBUG qt.scenegraph.time.renderloop: [window 0x7f48b5903e40][gui thread] Frame prepared, polish=0 ms, lock=0 ms, blockedForSync=0 ms, animations=0 ms
2026-07-14 19:24:16.548 DEBUG qt.scenegraph.time.renderer: time in renderer: total=0ms, preprocess=0, updates=0, rendering=0
2026-07-14 19:24:16.548 DEBUG qt.scenegraph.time.renderloop: [window 0x7f48b5903e40][render thread 0x7f48b57a2c20] syncAndRender: frame rendered in 0ms, sync=0, render=0, swap=0
2026-07-14 19:24:16.581 DEBUG qt.scenegraph.time.renderloop: [window 0x7f48b5903e40][gui thread] polishAndSync: start, elapsed since last call: 32 ms
2026-07-14 19:24:16.581 DEBUG qt.scenegraph.time.renderloop: [window 0x7f48b5903e40][render thread 0x7f48b57a2c20] syncAndRender: start, elapsed since last call: 33 ms
2026-07-14 19:24:16.581 DEBUG qt.scenegraph.time.renderloop: [window 0x7f48b5903e40][gui thread] Frame prepared, polish=0 ms, lock=0 ms, blockedForSync=0 ms, animations=0 ms
2026-07-14 19:24:16.581 DEBUG qt.scenegraph.time.renderer: time in renderer: total=0ms, preprocess=0, updates=0, rendering=0
2026-07-14 19:24:16.581 DEBUG qt.scenegraph.time.renderloop: [window 0x7f48b5903e40][render thread 0x7f48b57a2c20] syncAndRender: frame rendered in 0ms, sync=0, render=0, swap=0
2026-07-14 19:24:16.582 DEBUG qt.scenegraph.time.renderloop: [window 0x7f48b5903e40][gui thread] polishAndSync: start, elapsed since last call: 0 ms
2026-07-14 19:24:16.582 DEBUG qt.scenegraph.time.renderloop: [window 0x7f48b5903e40][render thread 0x7f48b57a2c20] syncAndRender: start, elapsed since last call: 0 ms
2026-07-14 19:24:16.582 DEBUG qt.scenegraph.time.renderloop: [window 0x7f48b5903e40][gui thread] Frame prepared, polish=0 ms, lock=0 ms, blockedForSync=0 ms, animations=0 ms
2026-07-14 19:24:16.582 DEBUG qt.scenegraph.time.renderer: time in renderer: total=0ms, preprocess=0, updates=0, rendering=0
2026-07-14 19:24:16.582 DEBUG qt.scenegraph.time.renderloop: [window 0x7f48b5903e40][render thread 0x7f48b57a2c20] syncAndRender: frame rendered in 0ms, sync=0, render=0, swap=0
2026-07-14 19:24:16.614 DEBUG qt.scenegraph.time.renderloop: [window 0x7f48b5903e40][gui thread] polishAndSync: start, elapsed since last call: 31 ms
2026-07-14 19:24:16.614 DEBUG qt.scenegraph.time.renderloop: [window 0x7f48b5903e40][render thread 0x7f48b57a2c20] syncAndRender: start, elapsed since last call: 32 ms
2026-07-14 19:24:16.614 DEBUG qt.scenegraph.time.renderloop: [window 0x7f48b5903e40][gui thread] Frame prepared, polish=0 ms, lock=0 ms, blockedForSync=0 ms, animations=0 ms
2026-07-14 19:24:16.614 DEBUG qt.scenegraph.time.renderer: time in renderer: total=0ms, preprocess=0, updates=0, rendering=0
2026-07-14 19:24:16.614 DEBUG qt.scenegraph.time.renderloop: [window 0x7f48b5903e40][render thread 0x7f48b57a2c20] syncAndRender: frame rendered in 0ms, sync=0, render=0, swap=0
2026-07-14 19:24:16.615 DEBUG qt.scenegraph.time.renderloop: [window 0x7f48b5903e40][gui thread] polishAndSync: start, elapsed since last call: 0 ms
2026-07-14 19:24:16.615 DEBUG qt.scenegraph.time.renderloop: [window 0x7f48b5903e40][render thread 0x7f48b57a2c20] syncAndRender: start, elapsed since last call: 0 ms
2026-07-14 19:24:16.615 DEBUG qt.scenegraph.time.renderloop: [window 0x7f48b5903e40][gui thread] Frame prepared, polish=0 ms, lock=0 ms, blockedForSync=0 ms, animations=0 ms
2026-07-14 19:24:16.615 DEBUG qt.scenegraph.time.renderer: time in renderer: total=0ms, preprocess=0, updates=0, rendering=0
2026-07-14 19:24:16.615 DEBUG qt.scenegraph.time.renderloop: [window 0x7f48b5903e40][render thread 0x7f48b57a2c20] syncAndRender: frame rendered in 0ms, sync=0, render=0, swap=0
2026-07-14 19:24:16.646 DEBUG qt.scenegraph.time.renderloop: [window 0x7f48b5903e40][gui thread] polishAndSync: start, elapsed since last call: 31 ms
2026-07-14 19:24:16.647 DEBUG qt.scenegraph.time.renderloop: [window 0x7f48b5903e40][render thread 0x7f48b57a2c20] syncAndRender: start, elapsed since last call: 31 ms
2026-07-14 19:24:16.647 DEBUG qt.scenegraph.time.renderloop: [window 0x7f48b5903e40][gui thread] Frame prepared, polish=0 ms, lock=0 ms, blockedForSync=0 ms, animations=0 ms
2026-07-14 19:24:16.647 DEBUG qt.scenegraph.time.renderer: time in renderer: total=0ms, preprocess=0, updates=0, rendering=0
2026-07-14 19:24:16.647 DEBUG qt.scenegraph.time.renderloop: [window 0x7f48b5903e40][render thread 0x7f48b57a2c20] syncAndRender: frame rendered in 0ms, sync=0, render=0, swap=0
2026-07-14 19:24:16.648 DEBUG qt.scenegraph.time.renderloop: [window 0x7f48b5903e40][gui thread] polishAndSync: start, elapsed since last call: 1 ms
2026-07-14 19:24:16.648 DEBUG qt.scenegraph.time.renderloop: [window 0x7f48b5903e40][render thread 0x7f48b57a2c20] syncAndRender: start, elapsed since last call: 1 ms
2026-07-14 19:24:16.648 DEBUG qt.scenegraph.time.renderloop: [window 0x7f48b5903e40][gui thread] Frame prepared, polish=0 ms, lock=0 ms, blockedForSync=0 ms, animations=0 ms
2026-07-14 19:24:16.648 DEBUG qt.scenegraph.time.renderer: time in renderer: total=0ms, preprocess=0, updates=0, rendering=0
2026-07-14 19:24:16.648 DEBUG qt.scenegraph.time.renderloop: [window 0x7f48b5903e40][render thread 0x7f48b57a2c20] syncAndRender: frame rendered in 0ms, sync=0, render=0, swap=0
2026-07-14 19:24:16.680 DEBUG qt.scenegraph.time.renderloop: [window 0x7f48b5903e40][gui thread] polishAndSync: start, elapsed since last call: 32 ms
2026-07-14 19:24:16.680 DEBUG qt.scenegraph.time.renderloop: [window 0x7f48b5903e40][render thread 0x7f48b57a2c20] syncAndRender: start, elapsed since last call: 32 ms
2026-07-14 19:24:16.681 DEBUG qt.scenegraph.time.renderloop: [window 0x7f48b5903e40][gui thread] Frame prepared, polish=0 ms, lock=0 ms, blockedForSync=0 ms, animations=0 ms
2026-07-14 19:24:16.681 DEBUG qt.scenegraph.time.renderer: time in renderer: total=0ms, preprocess=0, updates=0, rendering=0
2026-07-14 19:24:16.681 DEBUG qt.scenegraph.time.renderloop: [window 0x7f48b5903e40][render thread 0x7f48b57a2c20] syncAndRender: frame rendered in 0ms, sync=0, render=0, swap=0
2026-07-14 19:24:16.681 DEBUG qt.scenegraph.time.renderloop: [window 0x7f48b5903e40][gui thread] polishAndSync: start, elapsed since last call: 0 ms
2026-07-14 19:24:16.681 DEBUG qt.scenegraph.time.renderloop: [window 0x7f48b5903e40][render thread 0x7f48b57a2c20] syncAndRender: start, elapsed since last call: 0 ms
2026-07-14 19:24:16.681 DEBUG qt.scenegraph.time.renderloop: [window 0x7f48b5903e40][gui thread] Frame prepared, polish=0 ms, lock=0 ms, blockedForSync=0 ms, animations=0 ms
2026-07-14 19:24:16.681 DEBUG qt.scenegraph.time.renderer: time in renderer: total=0ms, preprocess=0, updates=0, rendering=0
2026-07-14 19:24:16.681 DEBUG qt.scenegraph.time.renderloop: [window 0x7f48b5903e40][render thread 0x7f48b57a2c20] syncAndRender: frame rendered in 0ms, sync=0, render=0, swap=0
2026-07-14 19:24:16.713 DEBUG qt.scenegraph.time.renderloop: [window 0x7f48b5903e40][gui thread] polishAndSync: start, elapsed since last call: 31 ms
2026-07-14 19:24:16.713 DEBUG qt.scenegraph.time.renderloop: [window 0x7f48b5903e40][render thread 0x7f48b57a2c20] syncAndRender: start, elapsed since last call: 32 ms
2026-07-14 19:24:16.713 DEBUG qt.scenegraph.time.renderloop: [window 0x7f48b5903e40][gui thread] Frame prepared, polish=0 ms, lock=0 ms, blockedForSync=0 ms, animations=0 ms
2026-07-14 19:24:16.713 DEBUG qt.scenegraph.time.renderer: time in renderer: total=0ms, preprocess=0, updates=0, rendering=0
2026-07-14 19:24:16.713 DEBUG qt.scenegraph.time.renderloop: [window 0x7f48b5903e40][render thread 0x7f48b57a2c20] syncAndRender: frame rendered in 0ms, sync=0, render=0, swap=0
2026-07-14 19:24:16.714 DEBUG qt.scenegraph.time.renderloop: [window 0x7f48b5903e40][gui thread] polishAndSync: start, elapsed since last call: 0 ms
2026-07-14 19:24:16.714 DEBUG qt.scenegraph.time.renderloop: [window 0x7f48b5903e40][render thread 0x7f48b57a2c20] syncAndRender: start, elapsed since last call: 0 ms
2026-07-14 19:24:16.714 DEBUG qt.scenegraph.time.renderloop: [window 0x7f48b5903e40][gui thread] Frame prepared, polish=0 ms, lock=0 ms, blockedForSync=0 ms, animations=0 ms
2026-07-14 19:24:16.714 DEBUG qt.scenegraph.time.renderer: time in renderer: total=0ms, preprocess=0, updates=0, rendering=0
2026-07-14 19:24:16.714 DEBUG qt.scenegraph.time.renderloop: [window 0x7f48b5903e40][render thread 0x7f48b57a2c20] syncAndRender: frame rendered in 0ms, sync=0, render=0, swap=0
2026-07-14 19:24:16.745 DEBUG qt.scenegraph.time.renderloop: [window 0x7f48b5903e40][gui thread] polishAndSync: start, elapsed since last call: 31 ms
2026-07-14 19:24:16.746 DEBUG qt.scenegraph.time.renderloop: [window 0x7f48b5903e40][render thread 0x7f48b57a2c20] syncAndRender: start, elapsed since last call: 32 ms
2026-07-14 19:24:16.746 DEBUG qt.scenegraph.time.renderloop: [window 0x7f48b5903e40][gui thread] Frame prepared, polish=0 ms, lock=0 ms, blockedForSync=0 ms, animations=0 ms
2026-07-14 19:24:16.746 DEBUG qt.scenegraph.time.renderer: time in renderer: total=0ms, preprocess=0, updates=0, rendering=0
2026-07-14 19:24:16.746 DEBUG qt.scenegraph.time.renderloop: [window 0x7f48b5903e40][render thread 0x7f48b57a2c20] syncAndRender: frame rendered in 0ms, sync=0, render=0, swap=0
2026-07-14 19:24:16.747 DEBUG qt.scenegraph.time.renderloop: [window 0x7f48b5903e40][gui thread] polishAndSync: start, elapsed since last call: 1 ms
2026-07-14 19:24:16.747 DEBUG qt.scenegraph.time.renderloop: [window 0x7f48b5903e40][render thread 0x7f48b57a2c20] syncAndRender: start, elapsed since last call: 0 ms
2026-07-14 19:24:16.747 DEBUG qt.scenegraph.time.renderloop: [window 0x7f48b5903e40][gui thread] Frame prepared, polish=0 ms, lock=0 ms, blockedForSync=0 ms, animations=0 ms
2026-07-14 19:24:16.747 DEBUG qt.scenegraph.time.renderer: time in renderer: total=0ms, preprocess=0, updates=0, rendering=0
2026-07-14 19:24:16.747 DEBUG qt.scenegraph.time.renderloop: [window 0x7f48b5903e40][render thread 0x7f48b57a2c20] syncAndRender: frame rendered in 0ms, sync=0, render=0, swap=0
2026-07-14 19:24:16.778 DEBUG qt.scenegraph.time.renderloop: [window 0x7f48b5903e40][gui thread] polishAndSync: start, elapsed since last call: 31 ms
2026-07-14 19:24:16.779 DEBUG qt.scenegraph.time.renderloop: [window 0x7f48b5903e40][render thread 0x7f48b57a2c20] syncAndRender: start, elapsed since last call: 32 ms
2026-07-14 19:24:16.779 DEBUG qt.scenegraph.time.renderloop: [window 0x7f48b5903e40][gui thread] Frame prepared, polish=0 ms, lock=0 ms, blockedForSync=0 ms, animations=0 ms
2026-07-14 19:24:16.779 DEBUG qt.scenegraph.time.renderer: time in renderer: total=0ms, preprocess=0, updates=0, rendering=0
2026-07-14 19:24:16.779 DEBUG qt.scenegraph.time.renderloop: [window 0x7f48b5903e40][render thread 0x7f48b57a2c20] syncAndRender: frame rendered in 0ms, sync=0, render=0, swap=0
2026-07-14 19:24:16.779 DEBUG qt.scenegraph.time.renderloop: [window 0x7f48b5903e40][gui thread] polishAndSync: start, elapsed since last call: 1 ms
2026-07-14 19:24:16.779 DEBUG qt.scenegraph.time.renderloop: [window 0x7f48b5903e40][render thread 0x7f48b57a2c20] syncAndRender: start, elapsed since last call: 0 ms
2026-07-14 19:24:16.779 DEBUG qt.scenegraph.time.renderloop: [window 0x7f48b5903e40][gui thread] Frame prepared, polish=0 ms, lock=0 ms, blockedForSync=0 ms, animations=0 ms
2026-07-14 19:24:16.779 DEBUG qt.scenegraph.time.renderer: time in renderer: total=0ms, preprocess=0, updates=0, rendering=0
2026-07-14 19:24:16.780 DEBUG qt.scenegraph.time.renderloop: [window 0x7f48b5903e40][render thread 0x7f48b57a2c20] syncAndRender: frame rendered in 0ms, sync=0, render=0, swap=0
2026-07-14 19:24:16.811 DEBUG qt.scenegraph.time.renderloop: [window 0x7f48b5903e40][gui thread] polishAndSync: start, elapsed since last call: 31 ms
2026-07-14 19:24:16.811 DEBUG qt.scenegraph.time.renderloop: [window 0x7f48b5903e40][render thread 0x7f48b57a2c20] syncAndRender: start, elapsed since last call: 31 ms
2026-07-14 19:24:16.811 DEBUG qt.scenegraph.time.renderloop: [window 0x7f48b5903e40][gui thread] Frame prepared, polish=0 ms, lock=0 ms, blockedForSync=0 ms, animations=0 ms
2026-07-14 19:24:16.811 DEBUG qt.scenegraph.time.renderer: time in renderer: total=0ms, preprocess=0, updates=0, rendering=0
2026-07-14 19:24:16.812 DEBUG qt.scenegraph.time.renderloop: [window 0x7f48b5903e40][render thread 0x7f48b57a2c20] syncAndRender: frame rendered in 0ms, sync=0, render=0, swap=0
2026-07-14 19:24:16.812 DEBUG qt.scenegraph.time.renderloop: [window 0x7f48b5903e40][gui thread] polishAndSync: start, elapsed since last call: 1 ms
2026-07-14 19:24:16.812 DEBUG qt.scenegraph.time.renderloop: [window 0x7f48b5903e40][render thread 0x7f48b57a2c20] syncAndRender: start, elapsed since last call: 0 ms
2026-07-14 19:24:16.812 DEBUG qt.scenegraph.time.renderloop: [window 0x7f48b5903e40][gui thread] Frame prepared, polish=0 ms, lock=0 ms, blockedForSync=0 ms, animations=0 ms
2026-07-14 19:24:16.812 DEBUG qt.scenegraph.time.renderer: time in renderer: total=0ms, preprocess=0, updates=0, rendering=0
2026-07-14 19:24:16.812 DEBUG qt.scenegraph.time.renderloop: [window 0x7f48b5903e40][render thread 0x7f48b57a2c20] syncAndRender: frame rendered in 0ms, sync=0, render=0, swap=0
2026-07-14 19:24:16.845 DEBUG qt.scenegraph.time.renderloop: [window 0x7f48b5903e40][gui thread] polishAndSync: start, elapsed since last call: 32 ms
2026-07-14 19:24:16.845 DEBUG qt.scenegraph.time.renderloop: [window 0x7f48b5903e40][render thread 0x7f48b57a2c20] syncAndRender: start, elapsed since last call: 33 ms
2026-07-14 19:24:16.845 DEBUG qt.scenegraph.time.renderer: time in renderer: total=0ms, preprocess=0, updates=0, rendering=0
2026-07-14 19:24:16.845 DEBUG qt.scenegraph.time.renderloop: [window 0x7f48b5903e40][gui thread] Frame prepared, polish=0 ms, lock=0 ms, blockedForSync=0 ms, animations=0 ms
2026-07-14 19:24:16.846 DEBUG qt.scenegraph.time.renderloop: [window 0x7f48b5903e40][render thread 0x7f48b57a2c20] syncAndRender: frame rendered in 0ms, sync=0, render=0, swap=0
2026-07-14 19:24:16.846 DEBUG qt.scenegraph.time.renderloop: [window 0x7f48b5903e40][gui thread] polishAndSync: start, elapsed since last call: 1 ms
2026-07-14 19:24:16.846 DEBUG qt.scenegraph.time.renderloop: [window 0x7f48b5903e40][render thread 0x7f48b57a2c20] syncAndRender: start, elapsed since last call: 0 ms
2026-07-14 19:24:16.846 DEBUG qt.scenegraph.time.renderloop: [window 0x7f48b5903e40][gui thread] Frame prepared, polish=0 ms, lock=0 ms, blockedForSync=0 ms, animations=0 ms
2026-07-14 19:24:16.846 DEBUG qt.scenegraph.time.renderer: time in renderer: total=0ms, preprocess=0, updates=0, rendering=0
2026-07-14 19:24:16.846 DEBUG qt.scenegraph.time.renderloop: [window 0x7f48b5903e40][render thread 0x7f48b57a2c20] syncAndRender: frame rendered in 0ms, sync=0, render=0, swap=0
2026-07-14 19:24:16.878 DEBUG qt.scenegraph.time.renderloop: [window 0x7f48b5903e40][gui thread] polishAndSync: start, elapsed since last call: 31 ms
2026-07-14 19:24:16.878 DEBUG qt.scenegraph.time.renderloop: [window 0x7f48b5903e40][render thread 0x7f48b57a2c20] syncAndRender: start, elapsed since last call: 31 ms
2026-07-14 19:24:16.878 DEBUG qt.scenegraph.time.renderloop: [window 0x7f48b5903e40][gui thread] Frame prepared, polish=0 ms, lock=0 ms, blockedForSync=0 ms, animations=0 ms
2026-07-14 19:24:16.878 DEBUG qt.scenegraph.time.renderer: time in renderer: total=0ms, preprocess=0, updates=0, rendering=0
2026-07-14 19:24:16.878 DEBUG qt.scenegraph.time.renderloop: [window 0x7f48b5903e40][render thread 0x7f48b57a2c20] syncAndRender: frame rendered in 0ms, sync=0, render=0, swap=0
2026-07-14 19:24:16.879 DEBUG qt.scenegraph.time.renderloop: [window 0x7f48b5903e40][gui thread] polishAndSync: start, elapsed since last call: 0 ms
2026-07-14 19:24:16.879 DEBUG qt.scenegraph.time.renderloop: [window 0x7f48b5903e40][render thread 0x7f48b57a2c20] syncAndRender: start, elapsed since last call: 0 ms
2026-07-14 19:24:16.879 DEBUG qt.scenegraph.time.renderloop: [window 0x7f48b5903e40][gui thread] Frame prepared, polish=0 ms, lock=0 ms, blockedForSync=0 ms, animations=0 ms
2026-07-14 19:24:16.879 DEBUG qt.scenegraph.time.renderer: time in renderer: total=0ms, preprocess=0, updates=0, rendering=0
2026-07-14 19:24:16.879 DEBUG qt.scenegraph.time.renderloop: [window 0x7f48b5903e40][render thread 0x7f48b57a2c20] syncAndRender: frame rendered in 0ms, sync=0, render=0, swap=0
2026-07-14 19:24:16.910 DEBUG qt.scenegraph.time.renderloop: [window 0x7f48b5903e40][gui thread] polishAndSync: start, elapsed since last call: 31 ms
2026-07-14 19:24:16.911 DEBUG qt.scenegraph.time.renderloop: [window 0x7f48b5903e40][render thread 0x7f48b57a2c20] syncAndRender: start, elapsed since last call: 32 ms
2026-07-14 19:24:16.911 DEBUG qt.scenegraph.time.renderloop: [window 0x7f48b5903e40][gui thread] Frame prepared, polish=0 ms, lock=0 ms, blockedForSync=0 ms, animations=0 ms
2026-07-14 19:24:16.911 DEBUG qt.scenegraph.time.renderer: time in renderer: total=0ms, preprocess=0, updates=0, rendering=0
2026-07-14 19:24:16.911 DEBUG qt.scenegraph.time.renderloop: [window 0x7f48b5903e40][render thread 0x7f48b57a2c20] syncAndRender: frame rendered in 0ms, sync=0, render=0, swap=0
2026-07-14 19:24:16.911 DEBUG qt.scenegraph.time.renderloop: [window 0x7f48b5903e40][gui thread] polishAndSync: start, elapsed since last call: 1 ms
2026-07-14 19:24:16.912 DEBUG qt.scenegraph.time.renderloop: [window 0x7f48b5903e40][render thread 0x7f48b57a2c20] syncAndRender: start, elapsed since last call: 0 ms
2026-07-14 19:24:16.912 DEBUG qt.scenegraph.time.renderloop: [window 0x7f48b5903e40][gui thread] Frame prepared, polish=0 ms, lock=0 ms, blockedForSync=0 ms, animations=0 ms
2026-07-14 19:24:16.912 DEBUG qt.scenegraph.time.renderer: time in renderer: total=0ms, preprocess=0, updates=0, rendering=0
2026-07-14 19:24:16.912 DEBUG qt.scenegraph.time.renderloop: [window 0x7f48b5903e40][render thread 0x7f48b57a2c20] syncAndRender: frame rendered in 0ms, sync=0, render=0, swap=0
2026-07-14 19:24:16.943 DEBUG qt.scenegraph.time.renderloop: [window 0x7f48b5903e40][gui thread] polishAndSync: start, elapsed since last call: 31 ms
2026-07-14 19:24:16.943 DEBUG qt.scenegraph.time.renderloop: [window 0x7f48b5903e40][render thread 0x7f48b57a2c20] syncAndRender: start, elapsed since last call: 31 ms
2026-07-14 19:24:16.944 DEBUG qt.scenegraph.time.renderloop: [window 0x7f48b5903e40][gui thread] Frame prepared, polish=0 ms, lock=0 ms, blockedForSync=0 ms, animations=0 ms
2026-07-14 19:24:16.944 DEBUG qt.scenegraph.time.renderer: time in renderer: total=0ms, preprocess=0, updates=0, rendering=0
2026-07-14 19:24:16.944 DEBUG qt.scenegraph.time.renderloop: [window 0x7f48b5903e40][render thread 0x7f48b57a2c20] syncAndRender: frame rendered in 0ms, sync=0, render=0, swap=0
2026-07-14 19:24:16.944 DEBUG qt.scenegraph.time.renderloop: [window 0x7f48b5903e40][gui thread] polishAndSync: start, elapsed since last call: 1 ms
2026-07-14 19:24:16.944 DEBUG qt.scenegraph.time.renderloop: [window 0x7f48b5903e40][render thread 0x7f48b57a2c20] syncAndRender: start, elapsed since last call: 0 ms
2026-07-14 19:24:16.944 DEBUG qt.scenegraph.time.renderloop: [window 0x7f48b5903e40][gui thread] Frame prepared, polish=0 ms, lock=0 ms, blockedForSync=0 ms, animations=0 ms
2026-07-14 19:24:16.944 DEBUG qt.scenegraph.time.renderer: time in renderer: total=0ms, preprocess=0, updates=0, rendering=0
2026-07-14 19:24:16.944 DEBUG qt.scenegraph.time.renderloop: [window 0x7f48b5903e40][render thread 0x7f48b57a2c20] syncAndRender: frame rendered in 0ms, sync=0, render=0, swap=0
2026-07-14 19:24:16.977 DEBUG qt.scenegraph.time.renderloop: [window 0x7f48b5903e40][gui thread] polishAndSync: start, elapsed since last call: 32 ms
2026-07-14 19:24:16.977 DEBUG qt.scenegraph.time.renderloop: [window 0x7f48b5903e40][render thread 0x7f48b57a2c20] syncAndRender: start, elapsed since last call: 33 ms
2026-07-14 19:24:16.977 DEBUG qt.scenegraph.time.renderloop: [window 0x7f48b5903e40][gui thread] Frame prepared, polish=0 ms, lock=0 ms, blockedForSync=0 ms, animations=0 ms
2026-07-14 19:24:16.977 DEBUG qt.scenegraph.time.renderer: time in renderer: total=0ms, preprocess=0, updates=0, rendering=0
2026-07-14 19:24:16.977 DEBUG qt.scenegraph.time.renderloop: [window 0x7f48b5903e40][render thread 0x7f48b57a2c20] syncAndRender: frame rendered in 0ms, sync=0, render=0, swap=0
2026-07-14 19:24:16.978 DEBUG qt.scenegraph.time.renderloop: [window 0x7f48b5903e40][gui thread] polishAndSync: start, elapsed since last call: 0 ms
2026-07-14 19:24:16.978 DEBUG qt.scenegraph.time.renderloop: [window 0x7f48b5903e40][render thread 0x7f48b57a2c20] syncAndRender: start, elapsed since last call: 0 ms
2026-07-14 19:24:16.978 DEBUG qt.scenegraph.time.renderloop: [window 0x7f48b5903e40][gui thread] Frame prepared, polish=0 ms, lock=0 ms, blockedForSync=0 ms, animations=0 ms
2026-07-14 19:24:16.978 DEBUG qt.scenegraph.time.renderer: time in renderer: total=0ms, preprocess=0, updates=0, rendering=0
2026-07-14 19:24:16.978 DEBUG qt.scenegraph.time.renderloop: [window 0x7f48b5903e40][render thread 0x7f48b57a2c20] syncAndRender: frame rendered in 0ms, sync=0, render=0, swap=0
2026-07-14 19:24:17.010 DEBUG qt.scenegraph.time.renderloop: [window 0x7f48b5903e40][gui thread] polishAndSync: start, elapsed since last call: 31 ms
2026-07-14 19:24:17.010 DEBUG qt.scenegraph.time.renderloop: [window 0x7f48b5903e40][render thread 0x7f48b57a2c20] syncAndRender: start, elapsed since last call: 32 ms
2026-07-14 19:24:17.010 DEBUG qt.scenegraph.time.renderloop: [window 0x7f48b5903e40][gui thread] Frame prepared, polish=0 ms, lock=0 ms, blockedForSync=0 ms, animations=0 ms
2026-07-14 19:24:17.010 DEBUG qt.scenegraph.time.renderer: time in renderer: total=0ms, preprocess=0, updates=0, rendering=0
2026-07-14 19:24:17.010 DEBUG qt.scenegraph.time.renderloop: [window 0x7f48b5903e40][render thread 0x7f48b57a2c20] syncAndRender: frame rendered in 0ms, sync=0, render=0, swap=0
2026-07-14 19:24:17.013 DEBUG qt.scenegraph.time.renderloop: [window 0x7f48b5903e40][gui thread] polishAndSync: start, elapsed since last call: 3 ms
2026-07-14 19:24:17.013 DEBUG qt.scenegraph.time.renderloop: [window 0x7f48b5903e40][render thread 0x7f48b57a2c20] syncAndRender: start, elapsed since last call: 3 ms
2026-07-14 19:24:17.013 DEBUG qt.scenegraph.time.renderloop: [window 0x7f48b5903e40][gui thread] Frame prepared, polish=0 ms, lock=0 ms, blockedForSync=0 ms, animations=0 ms
2026-07-14 19:24:17.013 DEBUG qt.scenegraph.time.renderer: time in renderer: total=0ms, preprocess=0, updates=0, rendering=0
2026-07-14 19:24:17.013 DEBUG qt.scenegraph.time.renderloop: [window 0x7f48b5903e40][render thread 0x7f48b57a2c20] syncAndRender: frame rendered in 0ms, sync=0, render=0, swap=0
2026-07-14 19:24:17.042 DEBUG qt.scenegraph.time.renderloop: [window 0x7f48b5903e40][gui thread] polishAndSync: start, elapsed since last call: 29 ms
2026-07-14 19:24:17.043 DEBUG qt.scenegraph.time.renderloop: [window 0x7f48b5903e40][render thread 0x7f48b57a2c20] syncAndRender: start, elapsed since last call: 29 ms
2026-07-14 19:24:17.043 DEBUG qt.scenegraph.time.renderloop: [window 0x7f48b5903e40][gui thread] Frame prepared, polish=0 ms, lock=0 ms, blockedForSync=0 ms, animations=0 ms
2026-07-14 19:24:17.043 DEBUG qt.scenegraph.time.renderer: time in renderer: total=0ms, preprocess=0, updates=0, rendering=0
2026-07-14 19:24:17.043 DEBUG qt.scenegraph.time.renderloop: [window 0x7f48b5903e40][render thread 0x7f48b57a2c20] syncAndRender: frame rendered in 0ms, sync=0, render=0, swap=0
2026-07-14 19:24:17.043 DEBUG qt.scenegraph.time.renderloop: [window 0x7f48b5903e40][gui thread] polishAndSync: start, elapsed since last call: 0 ms
2026-07-14 19:24:17.043 DEBUG qt.scenegraph.time.renderloop: [window 0x7f48b5903e40][render thread 0x7f48b57a2c20] syncAndRender: start, elapsed since last call: 0 ms
2026-07-14 19:24:17.044 DEBUG qt.scenegraph.time.renderloop: [window 0x7f48b5903e40][gui thread] Frame prepared, polish=0 ms, lock=0 ms, blockedForSync=0 ms, animations=0 ms
2026-07-14 19:24:17.044 DEBUG qt.scenegraph.time.renderer: time in renderer: total=0ms, preprocess=0, updates=0, rendering=0
2026-07-14 19:24:17.044 DEBUG qt.scenegraph.time.renderloop: [window 0x7f48b5903e40][render thread 0x7f48b57a2c20] syncAndRender: frame rendered in 0ms, sync=0, render=0, swap=0
2026-07-14 19:24:17.075 DEBUG qt.scenegraph.time.renderloop: [window 0x7f48b5903e40][gui thread] polishAndSync: start, elapsed since last call: 31 ms
2026-07-14 19:24:17.076 DEBUG qt.scenegraph.time.renderloop: [window 0x7f48b5903e40][render thread 0x7f48b57a2c20] syncAndRender: start, elapsed since last call: 32 ms
2026-07-14 19:24:17.076 DEBUG qt.scenegraph.time.renderloop: [window 0x7f48b5903e40][gui thread] Frame prepared, polish=0 ms, lock=0 ms, blockedForSync=0 ms, animations=0 ms
2026-07-14 19:24:17.076 DEBUG qt.scenegraph.time.renderer: time in renderer: total=0ms, preprocess=0, updates=0, rendering=0
2026-07-14 19:24:17.076 DEBUG qt.scenegraph.time.renderloop: [window 0x7f48b5903e40][render thread 0x7f48b57a2c20] syncAndRender: frame rendered in 0ms, sync=0, render=0, swap=0
2026-07-14 19:24:17.076 DEBUG qt.scenegraph.time.renderloop: [window 0x7f48b5903e40][gui thread] polishAndSync: start, elapsed since last call: 1 ms
2026-07-14 19:24:17.076 DEBUG qt.scenegraph.time.renderloop: [window 0x7f48b5903e40][render thread 0x7f48b57a2c20] syncAndRender: start, elapsed since last call: 0 ms
2026-07-14 19:24:17.076 DEBUG qt.scenegraph.time.renderloop: [window 0x7f48b5903e40][gui thread] Frame prepared, polish=0 ms, lock=0 ms, blockedForSync=0 ms, animations=0 ms
2026-07-14 19:24:17.076 DEBUG qt.scenegraph.time.renderer: time in renderer: total=0ms, preprocess=0, updates=0, rendering=0
2026-07-14 19:24:17.077 DEBUG qt.scenegraph.time.renderloop: [window 0x7f48b5903e40][render thread 0x7f48b57a2c20] syncAndRender: frame rendered in 0ms, sync=0, render=0, swap=0
2026-07-14 19:24:17.092 DEBUG qt.scenegraph.time.renderloop: [window 0x7f48b5903e40][gui thread] polishAndSync: start, elapsed since last call: 15 ms
2026-07-14 19:24:17.092 DEBUG qt.scenegraph.time.renderloop: [window 0x7f48b5903e40][render thread 0x7f48b57a2c20] syncAndRender: start, elapsed since last call: 15 ms
2026-07-14 19:24:17.092 DEBUG qt.scenegraph.time.renderloop: [window 0x7f48b5903e40][gui thread] Frame prepared, polish=0 ms, lock=0 ms, blockedForSync=0 ms, animations=0 ms
2026-07-14 19:24:17.092 DEBUG qt.scenegraph.time.renderloop: [window 0x7f48b5903e40][gui thread] polishAndSync: start, elapsed since last call: 0 ms
2026-07-14 19:24:17.092 DEBUG qt.scenegraph.time.texture: atlastexture upload enqueued in: -9223357542023ms (16x16)
2026-07-14 19:24:17.092 DEBUG qt.scenegraph.time.texture: atlastexture upload enqueued in: -9223357542023ms (36x14)
2026-07-14 19:24:17.092 DEBUG qt.scenegraph.time.renderer: time in renderer: total=0ms, preprocess=0, updates=0, rendering=0
2026-07-14 19:24:17.093 DEBUG qt.scenegraph.time.renderloop: [window 0x7f48b5903e40][render thread 0x7f48b57a2c20] syncAndRender: frame rendered in 0ms, sync=0, render=0, swap=0
2026-07-14 19:24:17.093 DEBUG qt.scenegraph.time.renderloop: [window 0x7f48b5903e40][render thread 0x7f48b57a2c20] syncAndRender: start, elapsed since last call: 0 ms
2026-07-14 19:24:17.093 DEBUG qt.scenegraph.time.renderloop: [window 0x7f48b5903e40][gui thread] Frame prepared, polish=0 ms, lock=0 ms, blockedForSync=0 ms, animations=0 ms
2026-07-14 19:24:17.093 DEBUG qt.scenegraph.time.renderer: time in renderer: total=0ms, preprocess=0, updates=0, rendering=0
2026-07-14 19:24:17.093 DEBUG qt.scenegraph.time.renderloop: [window 0x7f48b5903e40][gui thread] polishAndSync: start, elapsed since last call: 1 ms
2026-07-14 19:24:17.094 DEBUG qt.scenegraph.time.renderloop: [window 0x7f48b5903e40][render thread 0x7f48b57a2c20] syncAndRender: frame rendered in 0ms, sync=0, render=0, swap=0
2026-07-14 19:24:17.094 DEBUG qt.scenegraph.time.renderloop: [window 0x7f48b5903e40][render thread 0x7f48b57a2c20] syncAndRender: start, elapsed since last call: 0 ms
2026-07-14 19:24:17.094 DEBUG qt.scenegraph.time.renderloop: [window 0x7f48b5903e40][gui thread] Frame prepared, polish=0 ms, lock=0 ms, blockedForSync=0 ms, animations=0 ms
2026-07-14 19:24:17.094 DEBUG qt.scenegraph.time.renderer: time in renderer: total=0ms, preprocess=0, updates=0, rendering=0
2026-07-14 19:24:17.097 DEBUG qt.scenegraph.time.renderloop: [window 0x7f48b5903e40][gui thread] polishAndSync: start, elapsed since last call: 3 ms
2026-07-14 19:24:17.097 DEBUG qt.scenegraph.time.renderloop: [window 0x7f48b5903e40][render thread 0x7f48b57a2c20] syncAndRender: frame rendered in 3ms, sync=0, render=0, swap=3
2026-07-14 19:24:17.097 DEBUG qt.scenegraph.time.renderloop: [window 0x7f48b5903e40][render thread 0x7f48b57a2c20] syncAndRender: start, elapsed since last call: 3 ms
2026-07-14 19:24:17.097 DEBUG qt.scenegraph.time.renderloop: [window 0x7f48b5903e40][gui thread] Frame prepared, polish=0 ms, lock=0 ms, blockedForSync=0 ms, animations=0 ms
2026-07-14 19:24:17.097 DEBUG qt.scenegraph.time.renderer: time in renderer: total=0ms, preprocess=0, updates=0, rendering=0
2026-07-14 19:24:17.104 DEBUG qt.scenegraph.time.renderloop: [window 0x7f48b5903e40][gui thread] polishAndSync: start, elapsed since last call: 6 ms
2026-07-14 19:24:17.104 DEBUG qt.scenegraph.time.renderloop: [window 0x7f48b5903e40][render thread 0x7f48b57a2c20] syncAndRender: frame rendered in 6ms, sync=0, render=0, swap=6
2026-07-14 19:24:17.104 DEBUG qt.scenegraph.time.renderloop: [window 0x7f48b5903e40][render thread 0x7f48b57a2c20] syncAndRender: start, elapsed since last call: 7 ms
2026-07-14 19:24:17.104 DEBUG qt.scenegraph.time.renderloop: [window 0x7f48b5903e40][gui thread] Frame prepared, polish=0 ms, lock=0 ms, blockedForSync=0 ms, animations=0 ms
2026-07-14 19:24:17.104 DEBUG qt.scenegraph.time.texture: atlastexture upload enqueued in: -9223357542011ms (36x14)
2026-07-14 19:24:17.104 DEBUG qt.scenegraph.time.renderer: time in renderer: total=0ms, preprocess=0, updates=0, rendering=0
2026-07-14 19:24:17.111 DEBUG qt.scenegraph.time.renderloop: [window 0x7f48b5903e40][gui thread] polishAndSync: start, elapsed since last call: 7 ms
2026-07-14 19:24:17.111 DEBUG qt.scenegraph.time.renderloop: [window 0x7f48b5903e40][render thread 0x7f48b57a2c20] syncAndRender: frame rendered in 6ms, sync=0, render=0, swap=6
2026-07-14 19:24:17.111 DEBUG qt.scenegraph.time.renderloop: [window 0x7f48b5903e40][render thread 0x7f48b57a2c20] syncAndRender: start, elapsed since last call: 6 ms
2026-07-14 19:24:17.111 DEBUG qt.scenegraph.time.renderloop: [window 0x7f48b5903e40][gui thread] Frame prepared, polish=0 ms, lock=0 ms, blockedForSync=0 ms, animations=0 ms
2026-07-14 19:24:17.111 DEBUG qt.scenegraph.time.renderer: time in renderer: total=0ms, preprocess=0, updates=0, rendering=0
2026-07-14 19:24:17.117 DEBUG qt.scenegraph.time.renderloop: [window 0x7f48b5903e40][gui thread] polishAndSync: start, elapsed since last call: 6 ms
2026-07-14 19:24:17.117 DEBUG qt.scenegraph.time.renderloop: [window 0x7f48b5903e40][render thread 0x7f48b57a2c20] syncAndRender: frame rendered in 6ms, sync=0, render=0, swap=6
2026-07-14 19:24:17.118 DEBUG qt.scenegraph.time.renderloop: [window 0x7f48b5903e40][render thread 0x7f48b57a2c20] syncAndRender: start, elapsed since last call: 6 ms
2026-07-14 19:24:17.118 DEBUG qt.scenegraph.time.renderloop: [window 0x7f48b5903e40][gui thread] Frame prepared, polish=0 ms, lock=0 ms, blockedForSync=0 ms, animations=0 ms
2026-07-14 19:24:17.118 DEBUG qt.scenegraph.time.renderer: time in renderer: total=0ms, preprocess=0, updates=0, rendering=0
2026-07-14 19:24:17.124 DEBUG qt.scenegraph.time.renderloop: [window 0x7f48b5903e40][gui thread] polishAndSync: start, elapsed since last call: 6 ms
2026-07-14 19:24:17.124 DEBUG qt.scenegraph.time.renderloop: [window 0x7f48b5903e40][render thread 0x7f48b57a2c20] syncAndRender: frame rendered in 6ms, sync=0, render=0, swap=6
2026-07-14 19:24:17.124 DEBUG qt.scenegraph.time.renderloop: [window 0x7f48b5903e40][render thread 0x7f48b57a2c20] syncAndRender: start, elapsed since last call: 6 ms
2026-07-14 19:24:17.124 DEBUG qt.scenegraph.time.renderloop: [window 0x7f48b5903e40][gui thread] Frame prepared, polish=0 ms, lock=0 ms, blockedForSync=0 ms, animations=0 ms
2026-07-14 19:24:17.124 DEBUG qt.scenegraph.time.renderer: time in renderer: total=0ms, preprocess=0, updates=0, rendering=0
2026-07-14 19:24:17.132 DEBUG qt.scenegraph.time.renderloop: [window 0x7f48b5903e40][gui thread] polishAndSync: start, elapsed since last call: 7 ms
2026-07-14 19:24:17.132 DEBUG qt.scenegraph.time.renderloop: [window 0x7f48b5903e40][render thread 0x7f48b57a2c20] syncAndRender: frame rendered in 7ms, sync=0, render=0, swap=7
2026-07-14 19:24:17.132 DEBUG qt.scenegraph.time.renderloop: [window 0x7f48b5903e40][render thread 0x7f48b57a2c20] syncAndRender: start, elapsed since last call: 7 ms
2026-07-14 19:24:17.132 DEBUG qt.scenegraph.time.renderloop: [window 0x7f48b5903e40][gui thread] Frame prepared, polish=0 ms, lock=0 ms, blockedForSync=0 ms, animations=0 ms
2026-07-14 19:24:17.132 DEBUG qt.scenegraph.time.renderer: time in renderer: total=0ms, preprocess=0, updates=0, rendering=0
2026-07-14 19:24:17.138 DEBUG qt.scenegraph.time.renderloop: [window 0x7f48b5903e40][gui thread] polishAndSync: start, elapsed since last call: 6 ms
2026-07-14 19:24:17.138 DEBUG qt.scenegraph.time.renderloop: [window 0x7f48b5903e40][render thread 0x7f48b57a2c20] syncAndRender: frame rendered in 6ms, sync=0, render=0, swap=6
2026-07-14 19:24:17.139 DEBUG qt.scenegraph.time.renderloop: [window 0x7f48b5903e40][render thread 0x7f48b57a2c20] syncAndRender: start, elapsed since last call: 7 ms
2026-07-14 19:24:17.139 DEBUG qt.scenegraph.time.renderloop: [window 0x7f48b5903e40][gui thread] Frame prepared, polish=0 ms, lock=0 ms, blockedForSync=0 ms, animations=0 ms
2026-07-14 19:24:17.139 DEBUG qt.scenegraph.time.renderer: time in renderer: total=0ms, preprocess=0, updates=0, rendering=0
2026-07-14 19:24:17.145 DEBUG qt.scenegraph.time.renderloop: [window 0x7f48b5903e40][gui thread] polishAndSync: start, elapsed since last call: 7 ms
2026-07-14 19:24:17.145 DEBUG qt.scenegraph.time.renderloop: [window 0x7f48b5903e40][render thread 0x7f48b57a2c20] syncAndRender: frame rendered in 6ms, sync=0, render=0, swap=6
2026-07-14 19:24:17.145 DEBUG qt.scenegraph.time.renderloop: [window 0x7f48b5903e40][render thread 0x7f48b57a2c20] syncAndRender: start, elapsed since last call: 6 ms
2026-07-14 19:24:17.145 DEBUG qt.scenegraph.time.renderloop: [window 0x7f48b5903e40][gui thread] Frame prepared, polish=0 ms, lock=0 ms, blockedForSync=0 ms, animations=0 ms
2026-07-14 19:24:17.145 DEBUG qt.scenegraph.time.renderer: time in renderer: total=0ms, preprocess=0, updates=0, rendering=0
2026-07-14 19:24:17.152 DEBUG qt.scenegraph.time.renderloop: [window 0x7f48b5903e40][gui thread] polishAndSync: start, elapsed since last call: 6 ms
2026-07-14 19:24:17.152 DEBUG qt.scenegraph.time.renderloop: [window 0x7f48b5903e40][render thread 0x7f48b57a2c20] syncAndRender: frame rendered in 6ms, sync=0, render=0, swap=6
2026-07-14 19:24:17.152 DEBUG qt.scenegraph.time.renderloop: [window 0x7f48b5903e40][render thread 0x7f48b57a2c20] syncAndRender: start, elapsed since last call: 6 ms
2026-07-14 19:24:17.152 DEBUG qt.scenegraph.time.renderloop: [window 0x7f48b5903e40][gui thread] Frame prepared, polish=0 ms, lock=0 ms, blockedForSync=0 ms, animations=0 ms
2026-07-14 19:24:17.152 DEBUG qt.scenegraph.time.renderer: time in renderer: total=0ms, preprocess=0, updates=0, rendering=0
2026-07-14 19:24:17.159 DEBUG qt.scenegraph.time.renderloop: [window 0x7f48b5903e40][gui thread] polishAndSync: start, elapsed since last call: 6 ms
2026-07-14 19:24:17.159 DEBUG qt.scenegraph.time.renderloop: [window 0x7f48b5903e40][render thread 0x7f48b57a2c20] syncAndRender: frame rendered in 6ms, sync=0, render=0, swap=6
2026-07-14 19:24:17.159 DEBUG qt.scenegraph.time.renderloop: [window 0x7f48b5903e40][render thread 0x7f48b57a2c20] syncAndRender: start, elapsed since last call: 6 ms
2026-07-14 19:24:17.159 DEBUG qt.scenegraph.time.renderloop: [window 0x7f48b5903e40][gui thread] Frame prepared, polish=0 ms, lock=0 ms, blockedForSync=0 ms, animations=0 ms
2026-07-14 19:24:17.159 DEBUG qt.scenegraph.time.renderer: time in renderer: total=0ms, preprocess=0, updates=0, rendering=0
2026-07-14 19:24:17.166 DEBUG qt.scenegraph.time.renderloop: [window 0x7f48b5903e40][gui thread] polishAndSync: start, elapsed since last call: 7 ms
2026-07-14 19:24:17.166 DEBUG qt.scenegraph.time.renderloop: [window 0x7f48b5903e40][render thread 0x7f48b57a2c20] syncAndRender: frame rendered in 7ms, sync=0, render=0, swap=7
2026-07-14 19:24:17.167 DEBUG qt.scenegraph.time.renderloop: [window 0x7f48b5903e40][render thread 0x7f48b57a2c20] syncAndRender: start, elapsed since last call: 7 ms
2026-07-14 19:24:17.167 DEBUG qt.scenegraph.time.renderloop: [window 0x7f48b5903e40][gui thread] Frame prepared, polish=0 ms, lock=0 ms, blockedForSync=0 ms, animations=0 ms
2026-07-14 19:24:17.167 DEBUG qt.scenegraph.time.renderer: time in renderer: total=0ms, preprocess=0, updates=0, rendering=0
2026-07-14 19:24:17.173 DEBUG qt.scenegraph.time.renderloop: [window 0x7f48b5903e40][gui thread] polishAndSync: start, elapsed since last call: 6 ms
2026-07-14 19:24:17.173 DEBUG qt.scenegraph.time.renderloop: [window 0x7f48b5903e40][render thread 0x7f48b57a2c20] syncAndRender: frame rendered in 6ms, sync=0, render=0, swap=6
2026-07-14 19:24:17.173 DEBUG qt.scenegraph.time.renderloop: [window 0x7f48b5903e40][render thread 0x7f48b57a2c20] syncAndRender: start, elapsed since last call: 6 ms
2026-07-14 19:24:17.173 DEBUG qt.scenegraph.time.renderloop: [window 0x7f48b5903e40][gui thread] Frame prepared, polish=0 ms, lock=0 ms, blockedForSync=0 ms, animations=0 ms
2026-07-14 19:24:17.173 DEBUG qt.scenegraph.time.renderer: time in renderer: total=0ms, preprocess=0, updates=0, rendering=0
2026-07-14 19:24:17.180 DEBUG qt.scenegraph.time.renderloop: [window 0x7f48b5903e40][gui thread] polishAndSync: start, elapsed since last call: 6 ms
2026-07-14 19:24:17.180 DEBUG qt.scenegraph.time.renderloop: [window 0x7f48b5903e40][render thread 0x7f48b57a2c20] syncAndRender: frame rendered in 6ms, sync=0, render=0, swap=6
2026-07-14 19:24:17.180 DEBUG qt.scenegraph.time.renderloop: [window 0x7f48b5903e40][render thread 0x7f48b57a2c20] syncAndRender: start, elapsed since last call: 6 ms
2026-07-14 19:24:17.180 DEBUG qt.scenegraph.time.renderloop: [window 0x7f48b5903e40][gui thread] Frame prepared, polish=0 ms, lock=0 ms, blockedForSync=0 ms, animations=0 ms
2026-07-14 19:24:17.180 DEBUG qt.scenegraph.time.renderer: time in renderer: total=0ms, preprocess=0, updates=0, rendering=0
2026-07-14 19:24:17.187 DEBUG qt.scenegraph.time.renderloop: [window 0x7f48b5903e40][gui thread] polishAndSync: start, elapsed since last call: 6 ms
2026-07-14 19:24:17.187 DEBUG qt.scenegraph.time.renderloop: [window 0x7f48b5903e40][render thread 0x7f48b57a2c20] syncAndRender: frame rendered in 6ms, sync=0, render=0, swap=6
2026-07-14 19:24:17.187 DEBUG qt.scenegraph.time.renderloop: [window 0x7f48b5903e40][render thread 0x7f48b57a2c20] syncAndRender: start, elapsed since last call: 6 ms
2026-07-14 19:24:17.187 DEBUG qt.scenegraph.time.renderloop: [window 0x7f48b5903e40][gui thread] Frame prepared, polish=0 ms, lock=0 ms, blockedForSync=0 ms, animations=0 ms
2026-07-14 19:24:17.187 DEBUG qt.scenegraph.time.renderer: time in renderer: total=0ms, preprocess=0, updates=0, rendering=0
2026-07-14 19:24:17.194 DEBUG qt.scenegraph.time.renderloop: [window 0x7f48b5903e40][gui thread] polishAndSync: start, elapsed since last call: 7 ms
2026-07-14 19:24:17.194 DEBUG qt.scenegraph.time.renderloop: [window 0x7f48b5903e40][render thread 0x7f48b57a2c20] syncAndRender: frame rendered in 7ms, sync=0, render=0, swap=6
2026-07-14 19:24:17.194 DEBUG qt.scenegraph.time.renderloop: [window 0x7f48b5903e40][render thread 0x7f48b57a2c20] syncAndRender: start, elapsed since last call: 7 ms
2026-07-14 19:24:17.194 DEBUG qt.scenegraph.time.renderer: time in renderer: total=0ms, preprocess=0, updates=0, rendering=0
2026-07-14 19:24:17.194 DEBUG qt.scenegraph.time.renderloop: [window 0x7f48b5903e40][gui thread] Frame prepared, polish=0 ms, lock=0 ms, blockedForSync=0 ms, animations=0 ms
2026-07-14 19:24:17.201 DEBUG qt.scenegraph.time.renderloop: [window 0x7f48b5903e40][gui thread] polishAndSync: start, elapsed since last call: 6 ms
2026-07-14 19:24:17.201 DEBUG qt.scenegraph.time.renderloop: [window 0x7f48b5903e40][render thread 0x7f48b57a2c20] syncAndRender: frame rendered in 6ms, sync=0, render=0, swap=6
2026-07-14 19:24:17.201 DEBUG qt.scenegraph.time.renderloop: [window 0x7f48b5903e40][render thread 0x7f48b57a2c20] syncAndRender: start, elapsed since last call: 7 ms
2026-07-14 19:24:17.201 DEBUG qt.scenegraph.time.renderloop: [window 0x7f48b5903e40][gui thread] Frame prepared, polish=0 ms, lock=0 ms, blockedForSync=0 ms, animations=0 ms
2026-07-14 19:24:17.201 DEBUG qt.scenegraph.time.renderer: time in renderer: total=0ms, preprocess=0, updates=0, rendering=0
2026-07-14 19:24:17.208 DEBUG qt.scenegraph.time.renderloop: [window 0x7f48b5903e40][gui thread] polishAndSync: start, elapsed since last call: 6 ms
2026-07-14 19:24:17.208 DEBUG qt.scenegraph.time.renderloop: [window 0x7f48b5903e40][render thread 0x7f48b57a2c20] syncAndRender: frame rendered in 6ms, sync=0, render=0, swap=6
2026-07-14 19:24:17.208 DEBUG qt.scenegraph.time.renderloop: [window 0x7f48b5903e40][render thread 0x7f48b57a2c20] syncAndRender: start, elapsed since last call: 6 ms
2026-07-14 19:24:17.208 DEBUG qt.scenegraph.time.renderloop: [window 0x7f48b5903e40][gui thread] Frame prepared, polish=0 ms, lock=0 ms, blockedForSync=0 ms, animations=0 ms
2026-07-14 19:24:17.208 DEBUG qt.scenegraph.time.renderer: time in renderer: total=0ms, preprocess=0, updates=0, rendering=0
2026-07-14 19:24:17.215 DEBUG qt.scenegraph.time.renderloop: [window 0x7f48b5903e40][gui thread] polishAndSync: start, elapsed since last call: 6 ms
2026-07-14 19:24:17.215 DEBUG qt.scenegraph.time.renderloop: [window 0x7f48b5903e40][render thread 0x7f48b57a2c20] syncAndRender: frame rendered in 6ms, sync=0, render=0, swap=6
2026-07-14 19:24:17.215 DEBUG qt.scenegraph.time.renderloop: [window 0x7f48b5903e40][render thread 0x7f48b57a2c20] syncAndRender: start, elapsed since last call: 6 ms
2026-07-14 19:24:17.215 DEBUG qt.scenegraph.time.renderloop: [window 0x7f48b5903e40][gui thread] Frame prepared, polish=0 ms, lock=0 ms, blockedForSync=0 ms, animations=0 ms
2026-07-14 19:24:17.215 DEBUG qt.scenegraph.time.renderer: time in renderer: total=0ms, preprocess=0, updates=0, rendering=0
2026-07-14 19:24:17.222 DEBUG qt.scenegraph.time.renderloop: [window 0x7f48b5903e40][gui thread] polishAndSync: start, elapsed since last call: 6 ms
2026-07-14 19:24:17.222 DEBUG qt.scenegraph.time.renderloop: [window 0x7f48b5903e40][render thread 0x7f48b57a2c20] syncAndRender: frame rendered in 6ms, sync=0, render=0, swap=6
2026-07-14 19:24:17.222 DEBUG qt.scenegraph.time.renderloop: [window 0x7f48b5903e40][render thread 0x7f48b57a2c20] syncAndRender: start, elapsed since last call: 6 ms
2026-07-14 19:24:17.222 DEBUG qt.scenegraph.time.renderloop: [window 0x7f48b5903e40][gui thread] Frame prepared, polish=0 ms, lock=0 ms, blockedForSync=0 ms, animations=0 ms
2026-07-14 19:24:17.222 DEBUG qt.scenegraph.time.renderer: time in renderer: total=0ms, preprocess=0, updates=0, rendering=0
2026-07-14 19:24:17.229 DEBUG qt.scenegraph.time.renderloop: [window 0x7f48b5903e40][render thread 0x7f48b57a2c20] syncAndRender: frame rendered in 7ms, sync=0, render=0, swap=6
2026-07-14 19:24:17.229 DEBUG qt.scenegraph.time.renderloop: [window 0x7f48b5903e40][gui thread] polishAndSync: start, elapsed since last call: 7 ms
2026-07-14 19:24:17.229 DEBUG qt.scenegraph.time.renderloop: [window 0x7f48b5903e40][render thread 0x7f48b57a2c20] syncAndRender: start, elapsed since last call: 7 ms
2026-07-14 19:24:17.229 DEBUG qt.scenegraph.time.renderer: time in renderer: total=0ms, preprocess=0, updates=0, rendering=0
2026-07-14 19:24:17.229 DEBUG qt.scenegraph.time.renderloop: [window 0x7f48b5903e40][gui thread] Frame prepared, polish=0 ms, lock=0 ms, blockedForSync=0 ms, animations=0 ms
2026-07-14 19:24:17.236 DEBUG qt.scenegraph.time.renderloop: [window 0x7f48b5903e40][gui thread] polishAndSync: start, elapsed since last call: 6 ms
2026-07-14 19:24:17.236 DEBUG qt.scenegraph.time.renderloop: [window 0x7f48b5903e40][render thread 0x7f48b57a2c20] syncAndRender: frame rendered in 6ms, sync=0, render=0, swap=6
2026-07-14 19:24:17.236 DEBUG qt.scenegraph.time.renderloop: [window 0x7f48b5903e40][render thread 0x7f48b57a2c20] syncAndRender: start, elapsed since last call: 7 ms
2026-07-14 19:24:17.236 DEBUG qt.scenegraph.time.renderloop: [window 0x7f48b5903e40][gui thread] Frame prepared, polish=0 ms, lock=0 ms, blockedForSync=0 ms, animations=0 ms
2026-07-14 19:24:17.236 DEBUG qt.scenegraph.time.renderer: time in renderer: total=0ms, preprocess=0, updates=0, rendering=0
2026-07-14 19:24:17.242 DEBUG qt.scenegraph.time.renderloop: [window 0x7f48b5903e40][gui thread] polishAndSync: start, elapsed since last call: 6 ms
2026-07-14 19:24:17.242 DEBUG qt.scenegraph.time.renderloop: [window 0x7f48b5903e40][render thread 0x7f48b57a2c20] syncAndRender: frame rendered in 6ms, sync=0, render=0, swap=6
2026-07-14 19:24:17.242 DEBUG qt.scenegraph.time.renderloop: [window 0x7f48b5903e40][render thread 0x7f48b57a2c20] syncAndRender: start, elapsed since last call: 6 ms
2026-07-14 19:24:17.243 DEBUG qt.scenegraph.time.renderloop: [window 0x7f48b5903e40][gui thread] Frame prepared, polish=0 ms, lock=0 ms, blockedForSync=0 ms, animations=0 ms
2026-07-14 19:24:17.243 DEBUG qt.scenegraph.time.renderer: time in renderer: total=0ms, preprocess=0, updates=0, rendering=0
2026-07-14 19:24:17.249 DEBUG qt.scenegraph.time.renderloop: [window 0x7f48b5903e40][gui thread] polishAndSync: start, elapsed since last call: 6 ms
2026-07-14 19:24:17.249 DEBUG qt.scenegraph.time.renderloop: [window 0x7f48b5903e40][render thread 0x7f48b57a2c20] syncAndRender: frame rendered in 6ms, sync=0, render=0, swap=6
2026-07-14 19:24:17.249 DEBUG qt.scenegraph.time.renderloop: [window 0x7f48b5903e40][render thread 0x7f48b57a2c20] syncAndRender: start, elapsed since last call: 6 ms
2026-07-14 19:24:17.250 DEBUG qt.scenegraph.time.renderloop: [window 0x7f48b5903e40][gui thread] Frame prepared, polish=0 ms, lock=0 ms, blockedForSync=0 ms, animations=0 ms
2026-07-14 19:24:17.250 DEBUG qt.scenegraph.time.renderer: time in renderer: total=0ms, preprocess=0, updates=0, rendering=0
2026-07-14 19:24:17.256 DEBUG qt.scenegraph.time.renderloop: [window 0x7f48b5903e40][render thread 0x7f48b57a2c20] syncAndRender: frame rendered in 6ms, sync=0, render=0, swap=6
2026-07-14 19:24:17.256 DEBUG qt.scenegraph.time.renderloop: [window 0x7f48b5903e40][gui thread] polishAndSync: start, elapsed since last call: 6 ms
2026-07-14 19:24:17.256 DEBUG qt.scenegraph.time.renderloop: [window 0x7f48b5903e40][render thread 0x7f48b57a2c20] syncAndRender: start, elapsed since last call: 6 ms
2026-07-14 19:24:17.256 DEBUG qt.scenegraph.time.renderloop: [window 0x7f48b5903e40][gui thread] Frame prepared, polish=0 ms, lock=0 ms, blockedForSync=0 ms, animations=0 ms
2026-07-14 19:24:17.256 DEBUG qt.scenegraph.time.renderer: time in renderer: total=0ms, preprocess=0, updates=0, rendering=0
2026-07-14 19:24:17.263 DEBUG qt.scenegraph.time.renderloop: [window 0x7f48b5903e40][gui thread] polishAndSync: start, elapsed since last call: 6 ms
2026-07-14 19:24:17.263 DEBUG qt.scenegraph.time.renderloop: [window 0x7f48b5903e40][render thread 0x7f48b57a2c20] syncAndRender: frame rendered in 6ms, sync=0, render=0, swap=6
2026-07-14 19:24:17.263 DEBUG qt.scenegraph.time.renderloop: [window 0x7f48b5903e40][render thread 0x7f48b57a2c20] syncAndRender: start, elapsed since last call: 6 ms
2026-07-14 19:24:17.263 DEBUG qt.scenegraph.time.renderloop: [window 0x7f48b5903e40][gui thread] Frame prepared, polish=0 ms, lock=0 ms, blockedForSync=0 ms, animations=0 ms
2026-07-14 19:24:17.263 DEBUG qt.scenegraph.time.renderer: time in renderer: total=0ms, preprocess=0, updates=0, rendering=0
2026-07-14 19:24:17.271 DEBUG qt.scenegraph.time.renderloop: [window 0x7f48b5903e40][gui thread] polishAndSync: start, elapsed since last call: 7 ms
2026-07-14 19:24:17.271 DEBUG qt.scenegraph.time.renderloop: [window 0x7f48b5903e40][render thread 0x7f48b57a2c20] syncAndRender: frame rendered in 7ms, sync=0, render=0, swap=7
2026-07-14 19:24:17.273 DEBUG qt.scenegraph.time.renderloop: [window 0x7f48b5903e40][render thread 0x7f48b57a2c20] syncAndRender: start, elapsed since last call: 9 ms
2026-07-14 19:24:17.273 DEBUG qt.scenegraph.time.renderer: time in renderer: total=0ms, preprocess=0, updates=0, rendering=0
2026-07-14 19:24:17.273 DEBUG qt.scenegraph.time.renderloop: [window 0x7f48b5903e40][gui thread] Frame prepared, polish=2 ms, lock=0 ms, blockedForSync=0 ms, animations=0 ms
2026-07-14 19:24:17.277 DEBUG qt.scenegraph.time.renderloop: [window 0x7f48b5903e40][render thread 0x7f48b57a2c20] syncAndRender: frame rendered in 4ms, sync=0, render=0, swap=4
2026-07-14 19:24:17.277 DEBUG qt.scenegraph.time.renderloop: [window 0x7f48b5903e40][gui thread] polishAndSync: start, elapsed since last call: 6 ms
2026-07-14 19:24:17.277 DEBUG qt.scenegraph.time.renderloop: [window 0x7f48b5903e40][render thread 0x7f48b57a2c20] syncAndRender: start, elapsed since last call: 4 ms
2026-07-14 19:24:17.277 DEBUG qt.scenegraph.time.renderloop: [window 0x7f48b5903e40][gui thread] Frame prepared, polish=0 ms, lock=0 ms, blockedForSync=0 ms, animations=0 ms
2026-07-14 19:24:17.277 DEBUG qt.scenegraph.time.renderer: time in renderer: total=0ms, preprocess=0, updates=0, rendering=0
2026-07-14 19:24:17.284 DEBUG qt.scenegraph.time.renderloop: [window 0x7f48b5903e40][gui thread] polishAndSync: start, elapsed since last call: 6 ms
2026-07-14 19:24:17.284 DEBUG qt.scenegraph.time.renderloop: [window 0x7f48b5903e40][render thread 0x7f48b57a2c20] syncAndRender: frame rendered in 6ms, sync=0, render=0, swap=6
2026-07-14 19:24:17.284 DEBUG qt.scenegraph.time.renderloop: [window 0x7f48b5903e40][render thread 0x7f48b57a2c20] syncAndRender: start, elapsed since last call: 6 ms
2026-07-14 19:24:17.284 DEBUG qt.scenegraph.time.renderloop: [window 0x7f48b5903e40][gui thread] Frame prepared, polish=0 ms, lock=0 ms, blockedForSync=0 ms, animations=0 ms
2026-07-14 19:24:17.284 DEBUG qt.scenegraph.time.renderer: time in renderer: total=0ms, preprocess=0, updates=0, rendering=0
2026-07-14 19:24:17.291 DEBUG qt.scenegraph.time.renderloop: [window 0x7f48b5903e40][gui thread] polishAndSync: start, elapsed since last call: 7 ms
2026-07-14 19:24:17.291 DEBUG qt.scenegraph.time.renderloop: [window 0x7f48b5903e40][render thread 0x7f48b57a2c20] syncAndRender: frame rendered in 6ms, sync=0, render=0, swap=6
2026-07-14 19:24:17.291 DEBUG qt.scenegraph.time.renderloop: [window 0x7f48b5903e40][render thread 0x7f48b57a2c20] syncAndRender: start, elapsed since last call: 7 ms
2026-07-14 19:24:17.291 DEBUG qt.scenegraph.time.renderloop: [window 0x7f48b5903e40][gui thread] Frame prepared, polish=0 ms, lock=0 ms, blockedForSync=0 ms, animations=0 ms
2026-07-14 19:24:17.291 DEBUG qt.scenegraph.time.renderer: time in renderer: total=0ms, preprocess=0, updates=0, rendering=0
2026-07-14 19:24:17.298 DEBUG qt.scenegraph.time.renderloop: [window 0x7f48b5903e40][gui thread] polishAndSync: start, elapsed since last call: 6 ms
2026-07-14 19:24:17.298 DEBUG qt.scenegraph.time.renderloop: [window 0x7f48b5903e40][render thread 0x7f48b57a2c20] syncAndRender: frame rendered in 6ms, sync=0, render=0, swap=6
2026-07-14 19:24:17.298 DEBUG qt.scenegraph.time.renderloop: [window 0x7f48b5903e40][render thread 0x7f48b57a2c20] syncAndRender: start, elapsed since last call: 7 ms
2026-07-14 19:24:17.298 DEBUG qt.scenegraph.time.renderloop: [window 0x7f48b5903e40][gui thread] Frame prepared, polish=0 ms, lock=0 ms, blockedForSync=0 ms, animations=0 ms
2026-07-14 19:24:17.299 DEBUG qt.scenegraph.time.renderer: time in renderer: total=0ms, preprocess=0, updates=0, rendering=0
2026-07-14 19:24:17.305 DEBUG qt.scenegraph.time.renderloop: [window 0x7f48b5903e40][gui thread] polishAndSync: start, elapsed since last call: 7 ms
2026-07-14 19:24:17.305 DEBUG qt.scenegraph.time.renderloop: [window 0x7f48b5903e40][render thread 0x7f48b57a2c20] syncAndRender: frame rendered in 6ms, sync=0, render=0, swap=6
2026-07-14 19:24:17.305 DEBUG qt.scenegraph.time.renderloop: [window 0x7f48b5903e40][render thread 0x7f48b57a2c20] syncAndRender: start, elapsed since last call: 6 ms
2026-07-14 19:24:17.305 DEBUG qt.scenegraph.time.renderloop: [window 0x7f48b5903e40][gui thread] Frame prepared, polish=0 ms, lock=0 ms, blockedForSync=0 ms, animations=0 ms
2026-07-14 19:24:17.305 DEBUG qt.scenegraph.time.renderer: time in renderer: total=0ms, preprocess=0, updates=0, rendering=0
2026-07-14 19:24:17.312 DEBUG qt.scenegraph.time.renderloop: [window 0x7f48b5903e40][gui thread] polishAndSync: start, elapsed since last call: 6 ms
2026-07-14 19:24:17.312 DEBUG qt.scenegraph.time.renderloop: [window 0x7f48b5903e40][render thread 0x7f48b57a2c20] syncAndRender: frame rendered in 6ms, sync=0, render=0, swap=6
2026-07-14 19:24:17.312 DEBUG qt.scenegraph.time.renderloop: [window 0x7f48b5903e40][render thread 0x7f48b57a2c20] syncAndRender: start, elapsed since last call: 6 ms
2026-07-14 19:24:17.312 DEBUG qt.scenegraph.time.renderloop: [window 0x7f48b5903e40][gui thread] Frame prepared, polish=0 ms, lock=0 ms, blockedForSync=0 ms, animations=0 ms
2026-07-14 19:24:17.312 DEBUG qt.scenegraph.time.renderer: time in renderer: total=0ms, preprocess=0, updates=0, rendering=0
2026-07-14 19:24:17.319 DEBUG qt.scenegraph.time.renderloop: [window 0x7f48b5903e40][gui thread] polishAndSync: start, elapsed since last call: 6 ms
2026-07-14 19:24:17.319 DEBUG qt.scenegraph.time.renderloop: [window 0x7f48b5903e40][render thread 0x7f48b57a2c20] syncAndRender: frame rendered in 6ms, sync=0, render=0, swap=6
2026-07-14 19:24:17.319 DEBUG qt.scenegraph.time.renderloop: [window 0x7f48b5903e40][render thread 0x7f48b57a2c20] syncAndRender: start, elapsed since last call: 6 ms
2026-07-14 19:24:17.319 DEBUG qt.scenegraph.time.renderloop: [window 0x7f48b5903e40][gui thread] Frame prepared, polish=0 ms, lock=0 ms, blockedForSync=0 ms, animations=0 ms
2026-07-14 19:24:17.319 DEBUG qt.scenegraph.time.renderer: time in renderer: total=0ms, preprocess=0, updates=0, rendering=0
2026-07-14 19:24:17.326 DEBUG qt.scenegraph.time.renderloop: [window 0x7f48b5903e40][gui thread] polishAndSync: start, elapsed since last call: 6 ms
2026-07-14 19:24:17.326 DEBUG qt.scenegraph.time.renderloop: [window 0x7f48b5903e40][render thread 0x7f48b57a2c20] syncAndRender: frame rendered in 6ms, sync=0, render=0, swap=6
2026-07-14 19:24:17.326 DEBUG qt.scenegraph.time.renderloop: [window 0x7f48b5903e40][render thread 0x7f48b57a2c20] syncAndRender: start, elapsed since last call: 6 ms
2026-07-14 19:24:17.326 DEBUG qt.scenegraph.time.renderloop: [window 0x7f48b5903e40][gui thread] Frame prepared, polish=0 ms, lock=0 ms, blockedForSync=0 ms, animations=0 ms
2026-07-14 19:24:17.326 DEBUG qt.scenegraph.time.renderer: time in renderer: total=0ms, preprocess=0, updates=0, rendering=0
2026-07-14 19:24:17.333 DEBUG qt.scenegraph.time.renderloop: [window 0x7f48b5903e40][gui thread] polishAndSync: start, elapsed since last call: 6 ms
2026-07-14 19:24:17.333 DEBUG qt.scenegraph.time.renderloop: [window 0x7f48b5903e40][render thread 0x7f48b57a2c20] syncAndRender: frame rendered in 6ms, sync=0, render=0, swap=6
2026-07-14 19:24:17.333 DEBUG qt.scenegraph.time.renderloop: [window 0x7f48b5903e40][render thread 0x7f48b57a2c20] syncAndRender: start, elapsed since last call: 7 ms
2026-07-14 19:24:17.333 DEBUG qt.scenegraph.time.renderloop: [window 0x7f48b5903e40][gui thread] Frame prepared, polish=0 ms, lock=0 ms, blockedForSync=0 ms, animations=0 ms
2026-07-14 19:24:17.333 DEBUG qt.scenegraph.time.renderer: time in renderer: total=0ms, preprocess=0, updates=0, rendering=0
2026-07-14 19:24:17.340 DEBUG qt.scenegraph.time.renderloop: [window 0x7f48b5903e40][render thread 0x7f48b57a2c20] syncAndRender: frame rendered in 6ms, sync=0, render=0, swap=6
2026-07-14 19:24:17.340 DEBUG qt.scenegraph.time.renderloop: [window 0x7f48b5903e40][gui thread] polishAndSync: start, elapsed since last call: 6 ms
2026-07-14 19:24:17.340 DEBUG qt.scenegraph.time.renderloop: [window 0x7f48b5903e40][render thread 0x7f48b57a2c20] syncAndRender: start, elapsed since last call: 6 ms
2026-07-14 19:24:17.340 DEBUG qt.scenegraph.time.renderloop: [window 0x7f48b5903e40][gui thread] Frame prepared, polish=0 ms, lock=0 ms, blockedForSync=0 ms, animations=0 ms
2026-07-14 19:24:17.340 DEBUG qt.scenegraph.time.renderer: time in renderer: total=0ms, preprocess=0, updates=0, rendering=0
2026-07-14 19:24:17.347 DEBUG qt.scenegraph.time.renderloop: [window 0x7f48b5903e40][gui thread] polishAndSync: start, elapsed since last call: 6 ms
2026-07-14 19:24:17.347 DEBUG qt.scenegraph.time.renderloop: [window 0x7f48b5903e40][render thread 0x7f48b57a2c20] syncAndRender: frame rendered in 6ms, sync=0, render=0, swap=6
2026-07-14 19:24:17.347 DEBUG qt.scenegraph.time.renderloop: [window 0x7f48b5903e40][render thread 0x7f48b57a2c20] syncAndRender: start, elapsed since last call: 6 ms
2026-07-14 19:24:17.347 DEBUG qt.scenegraph.time.renderloop: [window 0x7f48b5903e40][gui thread] Frame prepared, polish=0 ms, lock=0 ms, blockedForSync=0 ms, animations=0 ms
2026-07-14 19:24:17.347 DEBUG qt.scenegraph.time.renderer: time in renderer: total=0ms, preprocess=0, updates=0, rendering=0
2026-07-14 19:24:17.354 DEBUG qt.scenegraph.time.renderloop: [window 0x7f48b5903e40][gui thread] polishAndSync: start, elapsed since last call: 6 ms
2026-07-14 19:24:17.354 DEBUG qt.scenegraph.time.renderloop: [window 0x7f48b5903e40][render thread 0x7f48b57a2c20] syncAndRender: frame rendered in 6ms, sync=0, render=0, swap=6
2026-07-14 19:24:17.354 DEBUG qt.scenegraph.time.renderloop: [window 0x7f48b5903e40][render thread 0x7f48b57a2c20] syncAndRender: start, elapsed since last call: 6 ms
2026-07-14 19:24:17.354 DEBUG qt.scenegraph.time.renderloop: [window 0x7f48b5903e40][gui thread] Frame prepared, polish=0 ms, lock=0 ms, blockedForSync=0 ms, animations=0 ms
2026-07-14 19:24:17.354 DEBUG qt.scenegraph.time.renderer: time in renderer: total=0ms, preprocess=0, updates=0, rendering=0
2026-07-14 19:24:17.361 DEBUG qt.scenegraph.time.renderloop: [window 0x7f48b5903e40][render thread 0x7f48b57a2c20] syncAndRender: frame rendered in 6ms, sync=0, render=0, swap=6
2026-07-14 19:24:17.361 DEBUG qt.scenegraph.time.renderloop: [window 0x7f48b5903e40][gui thread] polishAndSync: start, elapsed since last call: 6 ms
2026-07-14 19:24:17.361 DEBUG qt.scenegraph.time.renderloop: [window 0x7f48b5903e40][render thread 0x7f48b57a2c20] syncAndRender: start, elapsed since last call: 6 ms
2026-07-14 19:24:17.361 DEBUG qt.scenegraph.time.renderer: time in renderer: total=0ms, preprocess=0, updates=0, rendering=0
2026-07-14 19:24:17.361 DEBUG qt.scenegraph.time.renderloop: [window 0x7f48b5903e40][gui thread] Frame prepared, polish=0 ms, lock=0 ms, blockedForSync=0 ms, animations=0 ms
2026-07-14 19:24:17.368 DEBUG qt.scenegraph.time.renderloop: [window 0x7f48b5903e40][gui thread] polishAndSync: start, elapsed since last call: 7 ms
2026-07-14 19:24:17.368 DEBUG qt.scenegraph.time.renderloop: [window 0x7f48b5903e40][render thread 0x7f48b57a2c20] syncAndRender: frame rendered in 6ms, sync=0, render=0, swap=6
2026-07-14 19:24:17.368 DEBUG qt.scenegraph.time.renderloop: [window 0x7f48b5903e40][render thread 0x7f48b57a2c20] syncAndRender: start, elapsed since last call: 7 ms
2026-07-14 19:24:17.368 DEBUG qt.scenegraph.time.renderloop: [window 0x7f48b5903e40][gui thread] Frame prepared, polish=0 ms, lock=0 ms, blockedForSync=0 ms, animations=0 ms
2026-07-14 19:24:17.368 DEBUG qt.scenegraph.time.renderer: time in renderer: total=0ms, preprocess=0, updates=0, rendering=0
2026-07-14 19:24:17.375 DEBUG qt.scenegraph.time.renderloop: [window 0x7f48b5903e40][gui thread] polishAndSync: start, elapsed since last call: 6 ms
2026-07-14 19:24:17.375 DEBUG qt.scenegraph.time.renderloop: [window 0x7f48b5903e40][render thread 0x7f48b57a2c20] syncAndRender: frame rendered in 6ms, sync=0, render=0, swap=6
2026-07-14 19:24:17.375 DEBUG qt.scenegraph.time.renderloop: [window 0x7f48b5903e40][render thread 0x7f48b57a2c20] syncAndRender: start, elapsed since last call: 6 ms
2026-07-14 19:24:17.375 DEBUG qt.scenegraph.time.renderloop: [window 0x7f48b5903e40][gui thread] Frame prepared, polish=0 ms, lock=0 ms, blockedForSync=0 ms, animations=0 ms
2026-07-14 19:24:17.375 DEBUG qt.scenegraph.time.renderer: time in renderer: total=0ms, preprocess=0, updates=0, rendering=0
2026-07-14 19:24:17.382 DEBUG qt.scenegraph.time.renderloop: [window 0x7f48b5903e40][gui thread] polishAndSync: start, elapsed since last call: 6 ms
2026-07-14 19:24:17.382 DEBUG qt.scenegraph.time.renderloop: [window 0x7f48b5903e40][render thread 0x7f48b57a2c20] syncAndRender: frame rendered in 6ms, sync=0, render=0, swap=6
2026-07-14 19:24:17.382 DEBUG qt.scenegraph.time.renderloop: [window 0x7f48b5903e40][render thread 0x7f48b57a2c20] syncAndRender: start, elapsed since last call: 6 ms
2026-07-14 19:24:17.382 DEBUG qt.scenegraph.time.renderloop: [window 0x7f48b5903e40][gui thread] Frame prepared, polish=0 ms, lock=0 ms, blockedForSync=0 ms, animations=0 ms
2026-07-14 19:24:17.382 DEBUG qt.scenegraph.time.renderer: time in renderer: total=0ms, preprocess=0, updates=0, rendering=0
2026-07-14 19:24:17.388 DEBUG qt.scenegraph.time.renderloop: [window 0x7f48b5903e40][gui thread] polishAndSync: start, elapsed since last call: 6 ms
2026-07-14 19:24:17.388 DEBUG qt.scenegraph.time.renderloop: [window 0x7f48b5903e40][render thread 0x7f48b57a2c20] syncAndRender: frame rendered in 6ms, sync=0, render=0, swap=6
2026-07-14 19:24:17.388 DEBUG qt.scenegraph.time.renderloop: [window 0x7f48b5903e40][render thread 0x7f48b57a2c20] syncAndRender: start, elapsed since last call: 6 ms
2026-07-14 19:24:17.388 DEBUG qt.scenegraph.time.renderloop: [window 0x7f48b5903e40][gui thread] Frame prepared, polish=0 ms, lock=0 ms, blockedForSync=0 ms, animations=0 ms
2026-07-14 19:24:17.388 DEBUG qt.scenegraph.time.renderer: time in renderer: total=0ms, preprocess=0, updates=0, rendering=0
2026-07-14 19:24:17.395 DEBUG qt.scenegraph.time.renderloop: [window 0x7f48b5903e40][render thread 0x7f48b57a2c20] syncAndRender: frame rendered in 6ms, sync=0, render=0, swap=6
2026-07-14 19:24:17.402 DEBUG qt.scenegraph.time.renderloop: [window 0x7f48b5903e40][gui thread] polishAndSync: start, elapsed since last call: 13 ms
2026-07-14 19:24:17.403 DEBUG qt.scenegraph.time.renderloop: [window 0x7f48b5903e40][render thread 0x7f48b57a2c20] syncAndRender: start, elapsed since last call: 14 ms
2026-07-14 19:24:17.403 DEBUG qt.scenegraph.time.renderloop: [window 0x7f48b5903e40][gui thread] Frame prepared, polish=0 ms, lock=0 ms, blockedForSync=0 ms, animations=0 ms
2026-07-14 19:24:17.403 DEBUG qt.scenegraph.time.renderer: time in renderer: total=0ms, preprocess=0, updates=0, rendering=0
2026-07-14 19:24:17.403 DEBUG qt.scenegraph.time.renderloop: [window 0x7f48b5903e40][render thread 0x7f48b57a2c20] syncAndRender: frame rendered in 0ms, sync=0, render=0, swap=0
2026-07-14 19:24:17.409 DEBUG qt.scenegraph.time.renderloop: [window 0x7f48b5903e40][gui thread] polishAndSync: start, elapsed since last call: 7 ms
2026-07-14 19:24:17.409 DEBUG qt.scenegraph.time.renderloop: [window 0x7f48b5903e40][render thread 0x7f48b57a2c20] syncAndRender: start, elapsed since last call: 6 ms
2026-07-14 19:24:17.409 DEBUG qt.scenegraph.time.renderloop: [window 0x7f48b5903e40][gui thread] Frame prepared, polish=0 ms, lock=0 ms, blockedForSync=0 ms, animations=0 ms
2026-07-14 19:24:17.409 DEBUG qt.scenegraph.time.renderer: time in renderer: total=0ms, preprocess=0, updates=0, rendering=0
2026-07-14 19:24:17.410 DEBUG qt.scenegraph.time.renderloop: [window 0x7f48b5903e40][render thread 0x7f48b57a2c20] syncAndRender: frame rendered in 0ms, sync=0, render=0, swap=0
2026-07-14 19:24:17.431 DEBUG qt.scenegraph.time.renderloop: [window 0x7f48b5903e40][gui thread] polishAndSync: start, elapsed since last call: 22 ms
2026-07-14 19:24:17.432 DEBUG qt.scenegraph.time.renderloop: [window 0x7f48b5903e40][render thread 0x7f48b57a2c20] syncAndRender: start, elapsed since last call: 22 ms
2026-07-14 19:24:17.432 DEBUG qt.scenegraph.time.renderloop: [window 0x7f48b5903e40][gui thread] Frame prepared, polish=0 ms, lock=0 ms, blockedForSync=0 ms, animations=0 ms
2026-07-14 19:24:17.432 DEBUG qt.scenegraph.time.renderer: time in renderer: total=0ms, preprocess=0, updates=0, rendering=0
2026-07-14 19:24:17.432 DEBUG qt.scenegraph.time.renderloop: [window 0x7f48b5903e40][render thread 0x7f48b57a2c20] syncAndRender: frame rendered in 0ms, sync=0, render=0, swap=0
2026-07-14 19:24:17.432 DEBUG qt.scenegraph.time.renderloop: [window 0x7f48b5903e40][gui thread] polishAndSync: start, elapsed since last call: 0 ms
2026-07-14 19:24:17.432 DEBUG qt.scenegraph.time.renderloop: [window 0x7f48b5903e40][render thread 0x7f48b57a2c20] syncAndRender: start, elapsed since last call: 0 ms
2026-07-14 19:24:17.432 DEBUG qt.scenegraph.time.renderloop: [window 0x7f48b5903e40][gui thread] Frame prepared, polish=0 ms, lock=0 ms, blockedForSync=0 ms, animations=0 ms
2026-07-14 19:24:17.432 DEBUG qt.scenegraph.time.renderer: time in renderer: total=0ms, preprocess=0, updates=0, rendering=0
2026-07-14 19:24:17.433 DEBUG qt.scenegraph.time.renderloop: [window 0x7f48b5903e40][render thread 0x7f48b57a2c20] syncAndRender: frame rendered in 0ms, sync=0, render=0, swap=0
2026-07-14 19:24:17.464 DEBUG qt.scenegraph.time.renderloop: [window 0x7f48b5903e40][gui thread] polishAndSync: start, elapsed since last call: 32 ms
2026-07-14 19:24:17.465 DEBUG qt.scenegraph.time.renderloop: [window 0x7f48b5903e40][render thread 0x7f48b57a2c20] syncAndRender: start, elapsed since last call: 32 ms
2026-07-14 19:24:17.465 DEBUG qt.scenegraph.time.renderloop: [window 0x7f48b5903e40][gui thread] Frame prepared, polish=0 ms, lock=0 ms, blockedForSync=0 ms, animations=0 ms
2026-07-14 19:24:17.465 DEBUG qt.scenegraph.time.renderer: time in renderer: total=0ms, preprocess=0, updates=0, rendering=0
2026-07-14 19:24:17.465 DEBUG qt.scenegraph.time.renderloop: [window 0x7f48b5903e40][render thread 0x7f48b57a2c20] syncAndRender: frame rendered in 0ms, sync=0, render=0, swap=0
2026-07-14 19:24:17.465 DEBUG qt.scenegraph.time.renderloop: [window 0x7f48b5903e40][gui thread] polishAndSync: start, elapsed since last call: 0 ms
2026-07-14 19:24:17.465 DEBUG qt.scenegraph.time.renderloop: [window 0x7f48b5903e40][render thread 0x7f48b57a2c20] syncAndRender: start, elapsed since last call: 0 ms
2026-07-14 19:24:17.465 DEBUG qt.scenegraph.time.renderloop: [window 0x7f48b5903e40][gui thread] Frame prepared, polish=0 ms, lock=0 ms, blockedForSync=0 ms, animations=0 ms
2026-07-14 19:24:17.465 DEBUG qt.scenegraph.time.renderer: time in renderer: total=0ms, preprocess=0, updates=0, rendering=0
2026-07-14 19:24:17.465 DEBUG qt.scenegraph.time.renderloop: [window 0x7f48b5903e40][render thread 0x7f48b57a2c20] syncAndRender: frame rendered in 0ms, sync=0, render=0, swap=0
2026-07-14 19:24:17.498 DEBUG qt.scenegraph.time.renderloop: [window 0x7f48b5903e40][gui thread] polishAndSync: start, elapsed since last call: 32 ms
2026-07-14 19:24:17.498 DEBUG qt.scenegraph.time.renderloop: [window 0x7f48b5903e40][render thread 0x7f48b57a2c20] syncAndRender: start, elapsed since last call: 33 ms
2026-07-14 19:24:17.498 DEBUG qt.scenegraph.time.renderloop: [window 0x7f48b5903e40][gui thread] Frame prepared, polish=0 ms, lock=0 ms, blockedForSync=0 ms, animations=0 ms
2026-07-14 19:24:17.498 DEBUG qt.scenegraph.time.renderer: time in renderer: total=0ms, preprocess=0, updates=0, rendering=0
2026-07-14 19:24:17.499 DEBUG qt.scenegraph.time.renderloop: [window 0x7f48b5903e40][render thread 0x7f48b57a2c20] syncAndRender: frame rendered in 0ms, sync=0, render=0, swap=0
2026-07-14 19:24:17.499 DEBUG qt.scenegraph.time.renderloop: [window 0x7f48b5903e40][gui thread] polishAndSync: start, elapsed since last call: 0 ms
2026-07-14 19:24:17.499 DEBUG qt.scenegraph.time.renderloop: [window 0x7f48b5903e40][render thread 0x7f48b57a2c20] syncAndRender: start, elapsed since last call: 0 ms
2026-07-14 19:24:17.499 DEBUG qt.scenegraph.time.renderloop: [window 0x7f48b5903e40][gui thread] Frame prepared, polish=0 ms, lock=0 ms, blockedForSync=0 ms, animations=0 ms
2026-07-14 19:24:17.499 DEBUG qt.scenegraph.time.renderer: time in renderer: total=0ms, preprocess=0, updates=0, rendering=0
2026-07-14 19:24:17.499 DEBUG qt.scenegraph.time.renderloop: [window 0x7f48b5903e40][render thread 0x7f48b57a2c20] syncAndRender: frame rendered in 0ms, sync=0, render=0, swap=0
2026-07-14 19:24:17.531 DEBUG qt.scenegraph.time.renderloop: [window 0x7f48b5903e40][gui thread] polishAndSync: start, elapsed since last call: 31 ms
2026-07-14 19:24:17.531 DEBUG qt.scenegraph.time.renderloop: [window 0x7f48b5903e40][render thread 0x7f48b57a2c20] syncAndRender: start, elapsed since last call: 32 ms
2026-07-14 19:24:17.531 DEBUG qt.scenegraph.time.renderloop: [window 0x7f48b5903e40][gui thread] Frame prepared, polish=0 ms, lock=0 ms, blockedForSync=0 ms, animations=0 ms
2026-07-14 19:24:17.531 DEBUG qt.scenegraph.time.renderer: time in renderer: total=0ms, preprocess=0, updates=0, rendering=0
2026-07-14 19:24:17.531 DEBUG qt.scenegraph.time.renderloop: [window 0x7f48b5903e40][render thread 0x7f48b57a2c20] syncAndRender: frame rendered in 0ms, sync=0, render=0, swap=0
2026-07-14 19:24:17.532 DEBUG qt.scenegraph.time.renderloop: [window 0x7f48b5903e40][gui thread] polishAndSync: start, elapsed since last call: 0 ms
2026-07-14 19:24:17.532 DEBUG qt.scenegraph.time.renderloop: [window 0x7f48b5903e40][render thread 0x7f48b57a2c20] syncAndRender: start, elapsed since last call: 0 ms
2026-07-14 19:24:17.532 DEBUG qt.scenegraph.time.renderloop: [window 0x7f48b5903e40][gui thread] Frame prepared, polish=0 ms, lock=0 ms, blockedForSync=0 ms, animations=0 ms
2026-07-14 19:24:17.532 DEBUG qt.scenegraph.time.renderer: time in renderer: total=0ms, preprocess=0, updates=0, rendering=0
2026-07-14 19:24:17.532 DEBUG qt.scenegraph.time.renderloop: [window 0x7f48b5903e40][render thread 0x7f48b57a2c20] syncAndRender: frame rendered in 0ms, sync=0, render=0, swap=0
2026-07-14 19:24:17.564 DEBUG qt.scenegraph.time.renderloop: [window 0x7f48b5903e40][gui thread] polishAndSync: start, elapsed since last call: 32 ms
2026-07-14 19:24:17.564 DEBUG qt.scenegraph.time.renderloop: [window 0x7f48b5903e40][render thread 0x7f48b57a2c20] syncAndRender: start, elapsed since last call: 32 ms
2026-07-14 19:24:17.564 DEBUG qt.scenegraph.time.renderloop: [window 0x7f48b5903e40][gui thread] Frame prepared, polish=0 ms, lock=0 ms, blockedForSync=0 ms, animations=0 ms
2026-07-14 19:24:17.564 DEBUG qt.scenegraph.time.renderer: time in renderer: total=0ms, preprocess=0, updates=0, rendering=0
2026-07-14 19:24:17.564 DEBUG qt.scenegraph.time.renderloop: [window 0x7f48b5903e40][render thread 0x7f48b57a2c20] syncAndRender: frame rendered in 0ms, sync=0, render=0, swap=0
2026-07-14 19:24:17.565 DEBUG qt.scenegraph.time.renderloop: [window 0x7f48b5903e40][gui thread] polishAndSync: start, elapsed since last call: 0 ms
2026-07-14 19:24:17.565 DEBUG qt.scenegraph.time.renderloop: [window 0x7f48b5903e40][render thread 0x7f48b57a2c20] syncAndRender: start, elapsed since last call: 0 ms
2026-07-14 19:24:17.565 DEBUG qt.scenegraph.time.renderloop: [window 0x7f48b5903e40][gui thread] Frame prepared, polish=0 ms, lock=0 ms, blockedForSync=0 ms, animations=0 ms
2026-07-14 19:24:17.565 DEBUG qt.scenegraph.time.renderer: time in renderer: total=0ms, preprocess=0, updates=0, rendering=0
2026-07-14 19:24:17.565 DEBUG qt.scenegraph.time.renderloop: [window 0x7f48b5903e40][render thread 0x7f48b57a2c20] syncAndRender: frame rendered in 0ms, sync=0, render=0, swap=0
2026-07-14 19:24:17.596 DEBUG qt.scenegraph.time.renderloop: [window 0x7f48b5903e40][gui thread] polishAndSync: start, elapsed since last call: 31 ms
2026-07-14 19:24:17.597 DEBUG qt.scenegraph.time.renderloop: [window 0x7f48b5903e40][render thread 0x7f48b57a2c20] syncAndRender: start, elapsed since last call: 31 ms
2026-07-14 19:24:17.597 DEBUG qt.scenegraph.time.renderloop: [window 0x7f48b5903e40][gui thread] Frame prepared, polish=0 ms, lock=0 ms, blockedForSync=0 ms, animations=0 ms
2026-07-14 19:24:17.597 DEBUG qt.scenegraph.time.renderer: time in renderer: total=0ms, preprocess=0, updates=0, rendering=0
2026-07-14 19:24:17.597 DEBUG qt.scenegraph.time.renderloop: [window 0x7f48b5903e40][render thread 0x7f48b57a2c20] syncAndRender: frame rendered in 0ms, sync=0, render=0, swap=0
2026-07-14 19:24:17.597 DEBUG qt.scenegraph.time.renderloop: [window 0x7f48b5903e40][gui thread] polishAndSync: start, elapsed since last call: 0 ms
2026-07-14 19:24:17.597 DEBUG qt.scenegraph.time.renderloop: [window 0x7f48b5903e40][render thread 0x7f48b57a2c20] syncAndRender: start, elapsed since last call: 0 ms
2026-07-14 19:24:17.597 DEBUG qt.scenegraph.time.renderloop: [window 0x7f48b5903e40][gui thread] Frame prepared, polish=0 ms, lock=0 ms, blockedForSync=0 ms, animations=0 ms
2026-07-14 19:24:17.597 DEBUG qt.scenegraph.time.renderer: time in renderer: total=0ms, preprocess=0, updates=0, rendering=0
2026-07-14 19:24:17.598 DEBUG qt.scenegraph.time.renderloop: [window 0x7f48b5903e40][render thread 0x7f48b57a2c20] syncAndRender: frame rendered in 0ms, sync=0, render=0, swap=0
2026-07-14 19:24:17.630 DEBUG qt.scenegraph.time.renderloop: [window 0x7f48b5903e40][gui thread] polishAndSync: start, elapsed since last call: 32 ms
2026-07-14 19:24:17.630 DEBUG qt.scenegraph.time.renderloop: [window 0x7f48b5903e40][render thread 0x7f48b57a2c20] syncAndRender: start, elapsed since last call: 33 ms
2026-07-14 19:24:17.630 DEBUG qt.scenegraph.time.renderloop: [window 0x7f48b5903e40][gui thread] Frame prepared, polish=0 ms, lock=0 ms, blockedForSync=0 ms, animations=0 ms
2026-07-14 19:24:17.630 DEBUG qt.scenegraph.time.renderer: time in renderer: total=0ms, preprocess=0, updates=0, rendering=0
2026-07-14 19:24:17.631 DEBUG qt.scenegraph.time.renderloop: [window 0x7f48b5903e40][render thread 0x7f48b57a2c20] syncAndRender: frame rendered in 0ms, sync=0, render=0, swap=0
2026-07-14 19:24:17.631 DEBUG qt.scenegraph.time.renderloop: [window 0x7f48b5903e40][gui thread] polishAndSync: start, elapsed since last call: 0 ms
2026-07-14 19:24:17.631 DEBUG qt.scenegraph.time.renderloop: [window 0x7f48b5903e40][render thread 0x7f48b57a2c20] syncAndRender: start, elapsed since last call: 0 ms
2026-07-14 19:24:17.631 DEBUG qt.scenegraph.time.renderloop: [window 0x7f48b5903e40][gui thread] Frame prepared, polish=0 ms, lock=0 ms, blockedForSync=0 ms, animations=0 ms
2026-07-14 19:24:17.631 DEBUG qt.scenegraph.time.renderer: time in renderer: total=0ms, preprocess=0, updates=0, rendering=0
2026-07-14 19:24:17.631 DEBUG qt.scenegraph.time.renderloop: [window 0x7f48b5903e40][render thread 0x7f48b57a2c20] syncAndRender: frame rendered in 0ms, sync=0, render=0, swap=0
2026-07-14 19:24:17.663 DEBUG qt.scenegraph.time.renderloop: [window 0x7f48b5903e40][gui thread] polishAndSync: start, elapsed since last call: 31 ms
2026-07-14 19:24:17.663 DEBUG qt.scenegraph.time.renderloop: [window 0x7f48b5903e40][render thread 0x7f48b57a2c20] syncAndRender: start, elapsed since last call: 32 ms
2026-07-14 19:24:17.663 DEBUG qt.scenegraph.time.renderloop: [window 0x7f48b5903e40][gui thread] Frame prepared, polish=0 ms, lock=0 ms, blockedForSync=0 ms, animations=0 ms
2026-07-14 19:24:17.663 DEBUG qt.scenegraph.time.renderer: time in renderer: total=0ms, preprocess=0, updates=0, rendering=0
2026-07-14 19:24:17.664 DEBUG qt.scenegraph.time.renderloop: [window 0x7f48b5903e40][render thread 0x7f48b57a2c20] syncAndRender: frame rendered in 0ms, sync=0, render=0, swap=0
2026-07-14 19:24:17.666 DEBUG qt.scenegraph.time.renderloop: [window 0x7f48b5903e40][gui thread] polishAndSync: start, elapsed since last call: 3 ms
2026-07-14 19:24:17.666 DEBUG qt.scenegraph.time.renderloop: [window 0x7f48b5903e40][render thread 0x7f48b57a2c20] syncAndRender: start, elapsed since last call: 3 ms
2026-07-14 19:24:17.666 DEBUG qt.scenegraph.time.renderloop: [window 0x7f48b5903e40][gui thread] Frame prepared, polish=0 ms, lock=0 ms, blockedForSync=0 ms, animations=0 ms
2026-07-14 19:24:17.667 DEBUG qt.scenegraph.time.renderer: time in renderer: total=0ms, preprocess=0, updates=0, rendering=0
2026-07-14 19:24:17.667 DEBUG qt.scenegraph.time.renderloop: [window 0x7f48b5903e40][render thread 0x7f48b57a2c20] syncAndRender: frame rendered in 0ms, sync=0, render=0, swap=0
2026-07-14 19:24:17.696 DEBUG qt.scenegraph.time.renderloop: [window 0x7f48b5903e40][gui thread] polishAndSync: start, elapsed since last call: 29 ms
2026-07-14 19:24:17.696 DEBUG qt.scenegraph.time.renderloop: [window 0x7f48b5903e40][render thread 0x7f48b57a2c20] syncAndRender: start, elapsed since last call: 29 ms
2026-07-14 19:24:17.696 DEBUG qt.scenegraph.time.renderloop: [window 0x7f48b5903e40][gui thread] Frame prepared, polish=0 ms, lock=0 ms, blockedForSync=0 ms, animations=0 ms
2026-07-14 19:24:17.696 DEBUG qt.scenegraph.time.renderer: time in renderer: total=0ms, preprocess=0, updates=0, rendering=0
2026-07-14 19:24:17.696 DEBUG qt.scenegraph.time.renderloop: [window 0x7f48b5903e40][render thread 0x7f48b57a2c20] syncAndRender: frame rendered in 0ms, sync=0, render=0, swap=0
2026-07-14 19:24:17.701 DEBUG qt.scenegraph.time.renderloop: [window 0x7f48b5903e40][gui thread] polishAndSync: start, elapsed since last call: 5 ms
2026-07-14 19:24:17.701 DEBUG qt.scenegraph.time.renderloop: [window 0x7f48b5903e40][render thread 0x7f48b57a2c20] syncAndRender: start, elapsed since last call: 5 ms
2026-07-14 19:24:17.701 DEBUG qt.scenegraph.time.renderloop: [window 0x7f48b5903e40][gui thread] Frame prepared, polish=0 ms, lock=0 ms, blockedForSync=0 ms, animations=0 ms
2026-07-14 19:24:17.702 DEBUG qt.scenegraph.time.renderer: time in renderer: total=0ms, preprocess=0, updates=0, rendering=0
2026-07-14 19:24:17.702 DEBUG qt.scenegraph.time.renderloop: [window 0x7f48b5903e40][render thread 0x7f48b57a2c20] syncAndRender: frame rendered in 0ms, sync=0, render=0, swap=0
2026-07-14 19:24:17.728 DEBUG qt.scenegraph.time.renderloop: [window 0x7f48b5903e40][gui thread] polishAndSync: start, elapsed since last call: 26 ms
2026-07-14 19:24:17.729 DEBUG qt.scenegraph.time.renderloop: [window 0x7f48b5903e40][render thread 0x7f48b57a2c20] syncAndRender: start, elapsed since last call: 27 ms
2026-07-14 19:24:17.729 DEBUG qt.scenegraph.time.renderloop: [window 0x7f48b5903e40][gui thread] Frame prepared, polish=0 ms, lock=0 ms, blockedForSync=0 ms, animations=0 ms
2026-07-14 19:24:17.729 DEBUG qt.scenegraph.time.renderer: time in renderer: total=0ms, preprocess=0, updates=0, rendering=0
2026-07-14 19:24:17.729 DEBUG qt.scenegraph.time.renderloop: [window 0x7f48b5903e40][render thread 0x7f48b57a2c20] syncAndRender: frame rendered in 0ms, sync=0, render=0, swap=0
2026-07-14 19:24:17.736 DEBUG qt.scenegraph.time.renderloop: [window 0x7f48b5903e40][gui thread] polishAndSync: start, elapsed since last call: 7 ms
2026-07-14 19:24:17.736 DEBUG qt.scenegraph.time.renderloop: [window 0x7f48b5903e40][render thread 0x7f48b57a2c20] syncAndRender: start, elapsed since last call: 7 ms
2026-07-14 19:24:17.736 DEBUG qt.scenegraph.time.renderloop: [window 0x7f48b5903e40][gui thread] Frame prepared, polish=0 ms, lock=0 ms, blockedForSync=0 ms, animations=0 ms
2026-07-14 19:24:17.736 DEBUG qt.scenegraph.time.renderer: time in renderer: total=0ms, preprocess=0, updates=0, rendering=0
2026-07-14 19:24:17.736 DEBUG qt.scenegraph.time.renderloop: [window 0x7f48b5903e40][render thread 0x7f48b57a2c20] syncAndRender: frame rendered in 0ms, sync=0, render=0, swap=0
2026-07-14 19:24:17.762 DEBUG qt.scenegraph.time.renderloop: [window 0x7f48b5903e40][gui thread] polishAndSync: start, elapsed since last call: 26 ms
2026-07-14 19:24:17.762 DEBUG qt.scenegraph.time.renderloop: [window 0x7f48b5903e40][render thread 0x7f48b57a2c20] syncAndRender: start, elapsed since last call: 26 ms
2026-07-14 19:24:17.762 DEBUG qt.scenegraph.time.renderloop: [window 0x7f48b5903e40][gui thread] Frame prepared, polish=0 ms, lock=0 ms, blockedForSync=0 ms, animations=0 ms
2026-07-14 19:24:17.762 DEBUG qt.scenegraph.time.renderer: time in renderer: total=0ms, preprocess=0, updates=0, rendering=0
2026-07-14 19:24:17.763 DEBUG qt.scenegraph.time.renderloop: [window 0x7f48b5903e40][render thread 0x7f48b57a2c20] syncAndRender: frame rendered in 0ms, sync=0, render=0, swap=0
2026-07-14 19:24:17.764 DEBUG qt.scenegraph.time.renderloop: [window 0x7f48b5903e40][gui thread] polishAndSync: start, elapsed since last call: 1 ms
2026-07-14 19:24:17.764 DEBUG qt.scenegraph.time.renderloop: [window 0x7f48b5903e40][render thread 0x7f48b57a2c20] syncAndRender: start, elapsed since last call: 1 ms
2026-07-14 19:24:17.764 DEBUG qt.scenegraph.time.renderloop: [window 0x7f48b5903e40][gui thread] Frame prepared, polish=0 ms, lock=0 ms, blockedForSync=0 ms, animations=0 ms
2026-07-14 19:24:17.764 DEBUG qt.scenegraph.time.renderer: time in renderer: total=0ms, preprocess=0, updates=0, rendering=0
2026-07-14 19:24:17.764 DEBUG qt.scenegraph.time.renderloop: [window 0x7f48b5903e40][render thread 0x7f48b57a2c20] syncAndRender: frame rendered in 0ms, sync=0, render=0, swap=0
2026-07-14 19:24:17.795 DEBUG qt.scenegraph.time.renderloop: [window 0x7f48b5903e40][gui thread] polishAndSync: start, elapsed since last call: 31 ms
2026-07-14 19:24:17.795 DEBUG qt.scenegraph.time.renderloop: [window 0x7f48b5903e40][render thread 0x7f48b57a2c20] syncAndRender: start, elapsed since last call: 31 ms
2026-07-14 19:24:17.795 DEBUG qt.scenegraph.time.renderloop: [window 0x7f48b5903e40][gui thread] Frame prepared, polish=0 ms, lock=0 ms, blockedForSync=0 ms, animations=0 ms
2026-07-14 19:24:17.795 DEBUG qt.scenegraph.time.renderer: time in renderer: total=0ms, preprocess=0, updates=0, rendering=0
2026-07-14 19:24:17.795 DEBUG qt.scenegraph.time.renderloop: [window 0x7f48b5903e40][render thread 0x7f48b57a2c20] syncAndRender: frame rendered in 0ms, sync=0, render=0, swap=0
2026-07-14 19:24:17.798 DEBUG qt.scenegraph.time.renderloop: [window 0x7f48b5903e40][gui thread] polishAndSync: start, elapsed since last call: 3 ms
2026-07-14 19:24:17.798 DEBUG qt.scenegraph.time.renderloop: [window 0x7f48b5903e40][render thread 0x7f48b57a2c20] syncAndRender: start, elapsed since last call: 3 ms
2026-07-14 19:24:17.798 DEBUG qt.scenegraph.time.renderloop: [window 0x7f48b5903e40][gui thread] Frame prepared, polish=0 ms, lock=0 ms, blockedForSync=0 ms, animations=0 ms
2026-07-14 19:24:17.799 DEBUG qt.scenegraph.time.renderer: time in renderer: total=0ms, preprocess=0, updates=0, rendering=0
2026-07-14 19:24:17.799 DEBUG qt.scenegraph.time.renderloop: [window 0x7f48b5903e40][render thread 0x7f48b57a2c20] syncAndRender: frame rendered in 0ms, sync=0, render=0, swap=0
2026-07-14 19:24:17.828 DEBUG qt.scenegraph.time.renderloop: [window 0x7f48b5903e40][gui thread] polishAndSync: start, elapsed since last call: 29 ms
2026-07-14 19:24:17.828 DEBUG qt.scenegraph.time.renderloop: [window 0x7f48b5903e40][render thread 0x7f48b57a2c20] syncAndRender: start, elapsed since last call: 29 ms
2026-07-14 19:24:17.828 DEBUG qt.scenegraph.time.renderloop: [window 0x7f48b5903e40][gui thread] Frame prepared, polish=0 ms, lock=0 ms, blockedForSync=0 ms, animations=0 ms
2026-07-14 19:24:17.828 DEBUG qt.scenegraph.time.renderer: time in renderer: total=0ms, preprocess=0, updates=0, rendering=0
2026-07-14 19:24:17.828 DEBUG qt.scenegraph.time.renderloop: [window 0x7f48b5903e40][render thread 0x7f48b57a2c20] syncAndRender: frame rendered in 0ms, sync=0, render=0, swap=0
2026-07-14 19:24:17.833 DEBUG qt.scenegraph.time.renderloop: [window 0x7f48b5903e40][gui thread] polishAndSync: start, elapsed since last call: 5 ms
2026-07-14 19:24:17.833 DEBUG qt.scenegraph.time.renderloop: [window 0x7f48b5903e40][render thread 0x7f48b57a2c20] syncAndRender: start, elapsed since last call: 5 ms
2026-07-14 19:24:17.833 DEBUG qt.scenegraph.time.renderloop: [window 0x7f48b5903e40][gui thread] Frame prepared, polish=0 ms, lock=0 ms, blockedForSync=0 ms, animations=0 ms
2026-07-14 19:24:17.833 DEBUG qt.scenegraph.time.renderer: time in renderer: total=0ms, preprocess=0, updates=0, rendering=0
2026-07-14 19:24:17.834 DEBUG qt.scenegraph.time.renderloop: [window 0x7f48b5903e40][render thread 0x7f48b57a2c20] syncAndRender: frame rendered in 0ms, sync=0, render=0, swap=0
2026-07-14 19:24:17.860 DEBUG qt.scenegraph.time.renderloop: [window 0x7f48b5903e40][gui thread] polishAndSync: start, elapsed since last call: 27 ms
2026-07-14 19:24:17.861 DEBUG qt.scenegraph.time.renderloop: [window 0x7f48b5903e40][render thread 0x7f48b57a2c20] syncAndRender: start, elapsed since last call: 27 ms
2026-07-14 19:24:17.861 DEBUG qt.scenegraph.time.renderloop: [window 0x7f48b5903e40][gui thread] Frame prepared, polish=0 ms, lock=0 ms, blockedForSync=0 ms, animations=0 ms
2026-07-14 19:24:17.861 DEBUG qt.scenegraph.time.renderer: time in renderer: total=0ms, preprocess=0, updates=0, rendering=0
2026-07-14 19:24:17.861 DEBUG qt.scenegraph.time.renderloop: [window 0x7f48b5903e40][render thread 0x7f48b57a2c20] syncAndRender: frame rendered in 0ms, sync=0, render=0, swap=0
2026-07-14 19:24:17.868 DEBUG qt.scenegraph.time.renderloop: [window 0x7f48b5903e40][gui thread] polishAndSync: start, elapsed since last call: 7 ms
2026-07-14 19:24:17.868 DEBUG qt.scenegraph.time.renderloop: [window 0x7f48b5903e40][render thread 0x7f48b57a2c20] syncAndRender: start, elapsed since last call: 7 ms
2026-07-14 19:24:17.868 DEBUG qt.scenegraph.time.renderloop: [window 0x7f48b5903e40][gui thread] Frame prepared, polish=0 ms, lock=0 ms, blockedForSync=0 ms, animations=0 ms
2026-07-14 19:24:17.868 DEBUG qt.scenegraph.time.renderer: time in renderer: total=0ms, preprocess=0, updates=0, rendering=0
2026-07-14 19:24:17.868 DEBUG qt.scenegraph.time.renderloop: [window 0x7f48b5903e40][render thread 0x7f48b57a2c20] syncAndRender: frame rendered in 0ms, sync=0, render=0, swap=0
2026-07-14 19:24:17.894 DEBUG qt.scenegraph.time.renderloop: [window 0x7f48b5903e40][gui thread] polishAndSync: start, elapsed since last call: 26 ms
2026-07-14 19:24:17.894 DEBUG qt.scenegraph.time.renderloop: [window 0x7f48b5903e40][render thread 0x7f48b57a2c20] syncAndRender: start, elapsed since last call: 26 ms
2026-07-14 19:24:17.895 DEBUG qt.scenegraph.time.renderloop: [window 0x7f48b5903e40][gui thread] Frame prepared, polish=0 ms, lock=0 ms, blockedForSync=0 ms, animations=0 ms
2026-07-14 19:24:17.895 DEBUG qt.scenegraph.time.renderer: time in renderer: total=0ms, preprocess=0, updates=0, rendering=0
2026-07-14 19:24:17.895 DEBUG qt.scenegraph.time.renderloop: [window 0x7f48b5903e40][render thread 0x7f48b57a2c20] syncAndRender: frame rendered in 0ms, sync=0, render=0, swap=0
2026-07-14 19:24:17.896 DEBUG qt.scenegraph.time.renderloop: [window 0x7f48b5903e40][gui thread] polishAndSync: start, elapsed since last call: 1 ms
2026-07-14 19:24:17.896 DEBUG qt.scenegraph.time.renderloop: [window 0x7f48b5903e40][render thread 0x7f48b57a2c20] syncAndRender: start, elapsed since last call: 1 ms
2026-07-14 19:24:17.896 DEBUG qt.scenegraph.time.renderloop: [window 0x7f48b5903e40][gui thread] Frame prepared, polish=0 ms, lock=0 ms, blockedForSync=0 ms, animations=0 ms
2026-07-14 19:24:17.896 DEBUG qt.scenegraph.time.renderer: time in renderer: total=0ms, preprocess=0, updates=0, rendering=0
2026-07-14 19:24:17.896 DEBUG qt.scenegraph.time.renderloop: [window 0x7f48b5903e40][render thread 0x7f48b57a2c20] syncAndRender: frame rendered in 0ms, sync=0, render=0, swap=0
2026-07-14 19:24:17.927 DEBUG qt.scenegraph.time.renderloop: [window 0x7f48b5903e40][gui thread] polishAndSync: start, elapsed since last call: 31 ms
2026-07-14 19:24:17.927 DEBUG qt.scenegraph.time.renderloop: [window 0x7f48b5903e40][render thread 0x7f48b57a2c20] syncAndRender: start, elapsed since last call: 31 ms
2026-07-14 19:24:17.927 DEBUG qt.scenegraph.time.renderloop: [window 0x7f48b5903e40][gui thread] Frame prepared, polish=0 ms, lock=0 ms, blockedForSync=0 ms, animations=0 ms
2026-07-14 19:24:17.927 DEBUG qt.scenegraph.time.renderer: time in renderer: total=0ms, preprocess=0, updates=0, rendering=0
2026-07-14 19:24:17.927 DEBUG qt.scenegraph.time.renderloop: [window 0x7f48b5903e40][render thread 0x7f48b57a2c20] syncAndRender: frame rendered in 0ms, sync=0, render=0, swap=0
2026-07-14 19:24:17.931 DEBUG qt.scenegraph.time.renderloop: [window 0x7f48b5903e40][gui thread] polishAndSync: start, elapsed since last call: 3 ms
2026-07-14 19:24:17.931 DEBUG qt.scenegraph.time.renderloop: [window 0x7f48b5903e40][render thread 0x7f48b57a2c20] syncAndRender: start, elapsed since last call: 3 ms
2026-07-14 19:24:17.931 DEBUG qt.scenegraph.time.renderloop: [window 0x7f48b5903e40][gui thread] Frame prepared, polish=0 ms, lock=0 ms, blockedForSync=0 ms, animations=0 ms
2026-07-14 19:24:17.931 DEBUG qt.scenegraph.time.renderer: time in renderer: total=0ms, preprocess=0, updates=0, rendering=0
2026-07-14 19:24:17.931 DEBUG qt.scenegraph.time.renderloop: [window 0x7f48b5903e40][render thread 0x7f48b57a2c20] syncAndRender: frame rendered in 0ms, sync=0, render=0, swap=0
2026-07-14 19:24:17.960 DEBUG qt.scenegraph.time.renderloop: [window 0x7f48b5903e40][gui thread] polishAndSync: start, elapsed since last call: 28 ms
2026-07-14 19:24:17.960 DEBUG qt.scenegraph.time.renderloop: [window 0x7f48b5903e40][render thread 0x7f48b57a2c20] syncAndRender: start, elapsed since last call: 29 ms
2026-07-14 19:24:17.960 DEBUG qt.scenegraph.time.renderloop: [window 0x7f48b5903e40][gui thread] Frame prepared, polish=0 ms, lock=0 ms, blockedForSync=0 ms, animations=0 ms
2026-07-14 19:24:17.960 DEBUG qt.scenegraph.time.renderer: time in renderer: total=0ms, preprocess=0, updates=0, rendering=0
2026-07-14 19:24:17.960 DEBUG qt.scenegraph.time.renderloop: [window 0x7f48b5903e40][render thread 0x7f48b57a2c20] syncAndRender: frame rendered in 0ms, sync=0, render=0, swap=0
2026-07-14 19:24:17.961 DEBUG qt.scenegraph.time.renderloop: [window 0x7f48b5903e40][gui thread] polishAndSync: start, elapsed since last call: 0 ms
2026-07-14 19:24:17.961 DEBUG qt.scenegraph.time.renderloop: [window 0x7f48b5903e40][render thread 0x7f48b57a2c20] syncAndRender: start, elapsed since last call: 0 ms
2026-07-14 19:24:17.961 DEBUG qt.scenegraph.time.renderloop: [window 0x7f48b5903e40][gui thread] Frame prepared, polish=0 ms, lock=0 ms, blockedForSync=0 ms, animations=0 ms
2026-07-14 19:24:17.961 DEBUG qt.scenegraph.time.renderer: time in renderer: total=0ms, preprocess=0, updates=0, rendering=0
2026-07-14 19:24:17.961 DEBUG qt.scenegraph.time.renderloop: [window 0x7f48b5903e40][render thread 0x7f48b57a2c20] syncAndRender: frame rendered in 0ms, sync=0, render=0, swap=0
2026-07-14 19:24:17.992 DEBUG qt.scenegraph.time.renderloop: [window 0x7f48b5903e40][gui thread] polishAndSync: start, elapsed since last call: 31 ms
2026-07-14 19:24:17.993 DEBUG qt.scenegraph.time.renderloop: [window 0x7f48b5903e40][render thread 0x7f48b57a2c20] syncAndRender: start, elapsed since last call: 32 ms
2026-07-14 19:24:17.993 DEBUG qt.scenegraph.time.renderloop: [window 0x7f48b5903e40][gui thread] Frame prepared, polish=0 ms, lock=0 ms, blockedForSync=0 ms, animations=0 ms
2026-07-14 19:24:17.993 DEBUG qt.scenegraph.time.renderer: time in renderer: total=0ms, preprocess=0, updates=0, rendering=0
2026-07-14 19:24:17.993 DEBUG qt.scenegraph.time.renderloop: [window 0x7f48b5903e40][render thread 0x7f48b57a2c20] syncAndRender: frame rendered in 0ms, sync=0, render=0, swap=0
2026-07-14 19:24:17.994 DEBUG qt.scenegraph.time.renderloop: [window 0x7f48b5903e40][gui thread] polishAndSync: start, elapsed since last call: 1 ms
2026-07-14 19:24:17.994 DEBUG qt.scenegraph.time.renderloop: [window 0x7f48b5903e40][render thread 0x7f48b57a2c20] syncAndRender: start, elapsed since last call: 0 ms
2026-07-14 19:24:17.994 DEBUG qt.scenegraph.time.renderloop: [window 0x7f48b5903e40][gui thread] Frame prepared, polish=0 ms, lock=0 ms, blockedForSync=0 ms, animations=0 ms
2026-07-14 19:24:17.994 DEBUG qt.scenegraph.time.renderer: time in renderer: total=0ms, preprocess=0, updates=0, rendering=0
2026-07-14 19:24:17.994 DEBUG qt.scenegraph.time.renderloop: [window 0x7f48b5903e40][render thread 0x7f48b57a2c20] syncAndRender: frame rendered in 0ms, sync=0, render=0, swap=0
2026-07-14 19:24:18.025 DEBUG qt.scenegraph.time.renderloop: [window 0x7f48b5903e40][gui thread] polishAndSync: start, elapsed since last call: 31 ms
2026-07-14 19:24:18.026 DEBUG qt.scenegraph.time.renderloop: [window 0x7f48b5903e40][render thread 0x7f48b57a2c20] syncAndRender: start, elapsed since last call: 31 ms
2026-07-14 19:24:18.026 DEBUG qt.scenegraph.time.renderloop: [window 0x7f48b5903e40][gui thread] Frame prepared, polish=0 ms, lock=0 ms, blockedForSync=0 ms, animations=0 ms
2026-07-14 19:24:18.026 DEBUG qt.scenegraph.time.renderer: time in renderer: total=0ms, preprocess=0, updates=0, rendering=0
2026-07-14 19:24:18.026 DEBUG qt.scenegraph.time.renderloop: [window 0x7f48b5903e40][render thread 0x7f48b57a2c20] syncAndRender: frame rendered in 0ms, sync=0, render=0, swap=0
2026-07-14 19:24:18.026 DEBUG qt.scenegraph.time.renderloop: [window 0x7f48b5903e40][gui thread] polishAndSync: start, elapsed since last call: 1 ms
2026-07-14 19:24:18.026 DEBUG qt.scenegraph.time.renderloop: [window 0x7f48b5903e40][render thread 0x7f48b57a2c20] syncAndRender: start, elapsed since last call: 0 ms
2026-07-14 19:24:18.026 DEBUG qt.scenegraph.time.renderloop: [window 0x7f48b5903e40][gui thread] Frame prepared, polish=0 ms, lock=0 ms, blockedForSync=0 ms, animations=0 ms
2026-07-14 19:24:18.026 DEBUG qt.scenegraph.time.renderer: time in renderer: total=0ms, preprocess=0, updates=0, rendering=0
2026-07-14 19:24:18.027 DEBUG qt.scenegraph.time.renderloop: [window 0x7f48b5903e40][render thread 0x7f48b57a2c20] syncAndRender: frame rendered in 0ms, sync=0, render=0, swap=0
2026-07-14 19:24:18.059 DEBUG qt.scenegraph.time.renderloop: [window 0x7f48b5903e40][gui thread] polishAndSync: start, elapsed since last call: 32 ms
2026-07-14 19:24:18.059 DEBUG qt.scenegraph.time.renderloop: [window 0x7f48b5903e40][render thread 0x7f48b57a2c20] syncAndRender: start, elapsed since last call: 33 ms
2026-07-14 19:24:18.059 DEBUG qt.scenegraph.time.renderloop: [window 0x7f48b5903e40][gui thread] Frame prepared, polish=0 ms, lock=0 ms, blockedForSync=0 ms, animations=0 ms
2026-07-14 19:24:18.060 DEBUG qt.scenegraph.time.renderer: time in renderer: total=0ms, preprocess=0, updates=0, rendering=0
2026-07-14 19:24:18.060 DEBUG qt.scenegraph.time.renderloop: [window 0x7f48b5903e40][render thread 0x7f48b57a2c20] syncAndRender: frame rendered in 0ms, sync=0, render=0, swap=0
2026-07-14 19:24:18.060 DEBUG qt.scenegraph.time.renderloop: [window 0x7f48b5903e40][gui thread] polishAndSync: start, elapsed since last call: 1 ms
2026-07-14 19:24:18.060 DEBUG qt.scenegraph.time.renderloop: [window 0x7f48b5903e40][render thread 0x7f48b57a2c20] syncAndRender: start, elapsed since last call: 1 ms
2026-07-14 19:24:18.060 DEBUG qt.scenegraph.time.renderloop: [window 0x7f48b5903e40][gui thread] Frame prepared, polish=0 ms, lock=0 ms, blockedForSync=0 ms, animations=0 ms
2026-07-14 19:24:18.061 DEBUG qt.scenegraph.time.renderer: time in renderer: total=0ms, preprocess=0, updates=0, rendering=0
2026-07-14 19:24:18.061 DEBUG qt.scenegraph.time.renderloop: [window 0x7f48b5903e40][render thread 0x7f48b57a2c20] syncAndRender: frame rendered in 0ms, sync=0, render=0, swap=0
2026-07-14 19:24:18.091 DEBUG qt.scenegraph.time.renderloop: [window 0x7f48b5903e40][gui thread] polishAndSync: start, elapsed since last call: 30 ms
2026-07-14 19:24:18.091 DEBUG qt.scenegraph.time.renderloop: [window 0x7f48b5903e40][render thread 0x7f48b57a2c20] syncAndRender: start, elapsed since last call: 30 ms
2026-07-14 19:24:18.091 DEBUG qt.scenegraph.time.renderloop: [window 0x7f48b5903e40][gui thread] Frame prepared, polish=0 ms, lock=0 ms, blockedForSync=0 ms, animations=0 ms
2026-07-14 19:24:18.091 DEBUG qt.scenegraph.time.renderer: time in renderer: total=0ms, preprocess=0, updates=0, rendering=0
2026-07-14 19:24:18.091 DEBUG qt.scenegraph.time.renderloop: [window 0x7f48b5903e40][render thread 0x7f48b57a2c20] syncAndRender: frame rendered in 0ms, sync=0, render=0, swap=0
2026-07-14 19:24:18.092 DEBUG qt.scenegraph.time.renderloop: [window 0x7f48b5903e40][gui thread] polishAndSync: start, elapsed since last call: 1 ms
2026-07-14 19:24:18.092 DEBUG qt.scenegraph.time.renderloop: [window 0x7f48b5903e40][render thread 0x7f48b57a2c20] syncAndRender: start, elapsed since last call: 0 ms
2026-07-14 19:24:18.092 DEBUG qt.scenegraph.time.renderloop: [window 0x7f48b5903e40][gui thread] Frame prepared, polish=0 ms, lock=0 ms, blockedForSync=0 ms, animations=0 ms
2026-07-14 19:24:18.092 DEBUG qt.scenegraph.time.renderer: time in renderer: total=0ms, preprocess=0, updates=0, rendering=0
2026-07-14 19:24:18.092 DEBUG qt.scenegraph.time.renderloop: [window 0x7f48b5903e40][render thread 0x7f48b57a2c20] syncAndRender: frame rendered in 0ms, sync=0, render=0, swap=0
2026-07-14 19:24:18.124 DEBUG qt.scenegraph.time.renderloop: [window 0x7f48b5903e40][gui thread] polishAndSync: start, elapsed since last call: 32 ms
2026-07-14 19:24:18.125 DEBUG qt.scenegraph.time.renderloop: [window 0x7f48b5903e40][render thread 0x7f48b57a2c20] syncAndRender: start, elapsed since last call: 33 ms
2026-07-14 19:24:18.125 DEBUG qt.scenegraph.time.renderloop: [window 0x7f48b5903e40][gui thread] Frame prepared, polish=0 ms, lock=0 ms, blockedForSync=0 ms, animations=0 ms
2026-07-14 19:24:18.125 DEBUG qt.scenegraph.time.renderer: time in renderer: total=0ms, preprocess=0, updates=0, rendering=0
2026-07-14 19:24:18.125 DEBUG qt.scenegraph.time.renderloop: [window 0x7f48b5903e40][render thread 0x7f48b57a2c20] syncAndRender: frame rendered in 0ms, sync=0, render=0, swap=0
2026-07-14 19:24:18.126 DEBUG qt.scenegraph.time.renderloop: [window 0x7f48b5903e40][gui thread] polishAndSync: start, elapsed since last call: 1 ms
2026-07-14 19:24:18.126 DEBUG qt.scenegraph.time.renderloop: [window 0x7f48b5903e40][render thread 0x7f48b57a2c20] syncAndRender: start, elapsed since last call: 0 ms
2026-07-14 19:24:18.126 DEBUG qt.scenegraph.time.renderloop: [window 0x7f48b5903e40][gui thread] Frame prepared, polish=0 ms, lock=0 ms, blockedForSync=0 ms, animations=0 ms
2026-07-14 19:24:18.126 DEBUG qt.scenegraph.time.renderer: time in renderer: total=0ms, preprocess=0, updates=0, rendering=0
2026-07-14 19:24:18.126 DEBUG qt.scenegraph.time.renderloop: [window 0x7f48b5903e40][render thread 0x7f48b57a2c20] syncAndRender: frame rendered in 0ms, sync=0, render=0, swap=0
2026-07-14 19:24:18.157 DEBUG qt.scenegraph.time.renderloop: [window 0x7f48b5903e40][gui thread] polishAndSync: start, elapsed since last call: 31 ms
2026-07-14 19:24:18.160 DEBUG qt.scenegraph.time.renderloop: [window 0x7f48b5903e40][render thread 0x7f48b57a2c20] syncAndRender: start, elapsed since last call: 33 ms
2026-07-14 19:24:18.160 DEBUG qt.scenegraph.time.renderloop: [window 0x7f48b5903e40][gui thread] Frame prepared, polish=2 ms, lock=0 ms, blockedForSync=0 ms, animations=0 ms
2026-07-14 19:24:18.160 DEBUG qt.scenegraph.time.renderer: time in renderer: total=0ms, preprocess=0, updates=0, rendering=0
2026-07-14 19:24:18.160 DEBUG qt.scenegraph.time.renderloop: [window 0x7f48b5903e40][render thread 0x7f48b57a2c20] syncAndRender: frame rendered in 0ms, sync=0, render=0, swap=0
2026-07-14 19:24:18.167 DEBUG qt.scenegraph.time.renderloop: [window 0x7f48b5903e40][gui thread] polishAndSync: start, elapsed since last call: 9 ms
2026-07-14 19:24:18.167 DEBUG qt.scenegraph.time.renderloop: [window 0x7f48b5903e40][render thread 0x7f48b57a2c20] syncAndRender: start, elapsed since last call: 7 ms
2026-07-14 19:24:18.167 DEBUG qt.scenegraph.time.renderloop: [window 0x7f48b5903e40][gui thread] Frame prepared, polish=0 ms, lock=0 ms, blockedForSync=0 ms, animations=0 ms
2026-07-14 19:24:18.167 DEBUG qt.scenegraph.time.renderer: time in renderer: total=0ms, preprocess=0, updates=0, rendering=0
2026-07-14 19:24:18.167 DEBUG qt.scenegraph.time.renderloop: [window 0x7f48b5903e40][render thread 0x7f48b57a2c20] syncAndRender: frame rendered in 0ms, sync=0, render=0, swap=0
2026-07-14 19:24:18.191 DEBUG qt.scenegraph.time.renderloop: [window 0x7f48b5903e40][gui thread] polishAndSync: start, elapsed since last call: 24 ms
2026-07-14 19:24:18.191 DEBUG qt.scenegraph.time.renderloop: [window 0x7f48b5903e40][render thread 0x7f48b57a2c20] syncAndRender: start, elapsed since last call: 24 ms
2026-07-14 19:24:18.191 DEBUG qt.scenegraph.time.renderloop: [window 0x7f48b5903e40][gui thread] Frame prepared, polish=0 ms, lock=0 ms, blockedForSync=0 ms, animations=0 ms
2026-07-14 19:24:18.191 DEBUG qt.scenegraph.time.renderer: time in renderer: total=0ms, preprocess=0, updates=0, rendering=0
2026-07-14 19:24:18.192 DEBUG qt.scenegraph.time.renderloop: [window 0x7f48b5903e40][render thread 0x7f48b57a2c20] syncAndRender: frame rendered in 0ms, sync=0, render=0, swap=0
2026-07-14 19:24:18.195 DEBUG qt.scenegraph.time.renderloop: [window 0x7f48b5903e40][gui thread] polishAndSync: start, elapsed since last call: 3 ms
2026-07-14 19:24:18.195 DEBUG qt.scenegraph.time.renderloop: [window 0x7f48b5903e40][render thread 0x7f48b57a2c20] syncAndRender: start, elapsed since last call: 3 ms
2026-07-14 19:24:18.195 DEBUG qt.scenegraph.time.renderloop: [window 0x7f48b5903e40][gui thread] Frame prepared, polish=0 ms, lock=0 ms, blockedForSync=0 ms, animations=0 ms
2026-07-14 19:24:18.195 DEBUG qt.scenegraph.time.renderer: time in renderer: total=0ms, preprocess=0, updates=0, rendering=0
2026-07-14 19:24:18.195 DEBUG qt.scenegraph.time.renderloop: [window 0x7f48b5903e40][render thread 0x7f48b57a2c20] syncAndRender: frame rendered in 0ms, sync=0, render=0, swap=0
2026-07-14 19:24:18.224 DEBUG qt.scenegraph.time.renderloop: [window 0x7f48b5903e40][gui thread] polishAndSync: start, elapsed since last call: 29 ms
2026-07-14 19:24:18.224 DEBUG qt.scenegraph.time.renderloop: [window 0x7f48b5903e40][render thread 0x7f48b57a2c20] syncAndRender: start, elapsed since last call: 29 ms
2026-07-14 19:24:18.224 DEBUG qt.scenegraph.time.renderloop: [window 0x7f48b5903e40][gui thread] Frame prepared, polish=0 ms, lock=0 ms, blockedForSync=0 ms, animations=0 ms
2026-07-14 19:24:18.224 DEBUG qt.scenegraph.time.renderer: time in renderer: total=0ms, preprocess=0, updates=0, rendering=0
2026-07-14 19:24:18.224 DEBUG qt.scenegraph.time.renderloop: [window 0x7f48b5903e40][render thread 0x7f48b57a2c20] syncAndRender: frame rendered in 0ms, sync=0, render=0, swap=0
2026-07-14 19:24:18.229 DEBUG qt.scenegraph.time.renderloop: [window 0x7f48b5903e40][gui thread] polishAndSync: start, elapsed since last call: 5 ms
2026-07-14 19:24:18.229 DEBUG qt.scenegraph.time.renderloop: [window 0x7f48b5903e40][render thread 0x7f48b57a2c20] syncAndRender: start, elapsed since last call: 5 ms
2026-07-14 19:24:18.229 DEBUG qt.scenegraph.time.renderloop: [window 0x7f48b5903e40][gui thread] Frame prepared, polish=0 ms, lock=0 ms, blockedForSync=0 ms, animations=0 ms
2026-07-14 19:24:18.229 DEBUG qt.scenegraph.time.renderer: time in renderer: total=0ms, preprocess=0, updates=0, rendering=0
2026-07-14 19:24:18.230 DEBUG qt.scenegraph.time.renderloop: [window 0x7f48b5903e40][render thread 0x7f48b57a2c20] syncAndRender: frame rendered in 0ms, sync=0, render=0, swap=0
2026-07-14 19:24:18.256 DEBUG qt.scenegraph.time.renderloop: [window 0x7f48b5903e40][gui thread] polishAndSync: start, elapsed since last call: 27 ms
2026-07-14 19:24:18.257 DEBUG qt.scenegraph.time.renderloop: [window 0x7f48b5903e40][render thread 0x7f48b57a2c20] syncAndRender: start, elapsed since last call: 27 ms
2026-07-14 19:24:18.257 DEBUG qt.scenegraph.time.renderloop: [window 0x7f48b5903e40][gui thread] Frame prepared, polish=0 ms, lock=0 ms, blockedForSync=0 ms, animations=0 ms
2026-07-14 19:24:18.257 DEBUG qt.scenegraph.time.renderer: time in renderer: total=0ms, preprocess=0, updates=0, rendering=0
2026-07-14 19:24:18.257 DEBUG qt.scenegraph.time.renderloop: [window 0x7f48b5903e40][render thread 0x7f48b57a2c20] syncAndRender: frame rendered in 0ms, sync=0, render=0, swap=0
2026-07-14 19:24:18.264 DEBUG qt.scenegraph.time.renderloop: [window 0x7f48b5903e40][gui thread] polishAndSync: start, elapsed since last call: 7 ms
2026-07-14 19:24:18.264 DEBUG qt.scenegraph.time.renderloop: [window 0x7f48b5903e40][render thread 0x7f48b57a2c20] syncAndRender: start, elapsed since last call: 7 ms
2026-07-14 19:24:18.264 DEBUG qt.scenegraph.time.renderloop: [window 0x7f48b5903e40][gui thread] Frame prepared, polish=0 ms, lock=0 ms, blockedForSync=0 ms, animations=0 ms
2026-07-14 19:24:18.264 DEBUG qt.scenegraph.time.renderer: time in renderer: total=0ms, preprocess=0, updates=0, rendering=0
2026-07-14 19:24:18.264 DEBUG qt.scenegraph.time.renderloop: [window 0x7f48b5903e40][render thread 0x7f48b57a2c20] syncAndRender: frame rendered in 0ms, sync=0, render=0, swap=0
2026-07-14 19:24:18.289 DEBUG qt.scenegraph.time.renderloop: [window 0x7f48b5903e40][gui thread] polishAndSync: start, elapsed since last call: 25 ms
2026-07-14 19:24:18.290 DEBUG qt.scenegraph.time.renderloop: [window 0x7f48b5903e40][render thread 0x7f48b57a2c20] syncAndRender: start, elapsed since last call: 25 ms
2026-07-14 19:24:18.290 DEBUG qt.scenegraph.time.renderloop: [window 0x7f48b5903e40][gui thread] Frame prepared, polish=0 ms, lock=0 ms, blockedForSync=0 ms, animations=0 ms
2026-07-14 19:24:18.290 DEBUG qt.scenegraph.time.renderer: time in renderer: total=0ms, preprocess=0, updates=0, rendering=0
2026-07-14 19:24:18.290 DEBUG qt.scenegraph.time.renderloop: [window 0x7f48b5903e40][render thread 0x7f48b57a2c20] syncAndRender: frame rendered in 0ms, sync=0, render=0, swap=0
2026-07-14 19:24:18.292 DEBUG qt.scenegraph.time.renderloop: [window 0x7f48b5903e40][gui thread] polishAndSync: start, elapsed since last call: 2 ms
2026-07-14 19:24:18.292 DEBUG qt.scenegraph.time.renderloop: [window 0x7f48b5903e40][render thread 0x7f48b57a2c20] syncAndRender: start, elapsed since last call: 2 ms
2026-07-14 19:24:18.292 DEBUG qt.scenegraph.time.renderloop: [window 0x7f48b5903e40][gui thread] Frame prepared, polish=0 ms, lock=0 ms, blockedForSync=0 ms, animations=0 ms
2026-07-14 19:24:18.292 DEBUG qt.scenegraph.time.renderer: time in renderer: total=0ms, preprocess=0, updates=0, rendering=0
2026-07-14 19:24:18.292 DEBUG qt.scenegraph.time.renderloop: [window 0x7f48b5903e40][render thread 0x7f48b57a2c20] syncAndRender: frame rendered in 0ms, sync=0, render=0, swap=0
2026-07-14 19:24:18.323 DEBUG qt.scenegraph.time.renderloop: [window 0x7f48b5903e40][gui thread] polishAndSync: start, elapsed since last call: 31 ms
2026-07-14 19:24:18.323 DEBUG qt.scenegraph.time.renderloop: [window 0x7f48b5903e40][render thread 0x7f48b57a2c20] syncAndRender: start, elapsed since last call: 31 ms
2026-07-14 19:24:18.323 DEBUG qt.scenegraph.time.renderloop: [window 0x7f48b5903e40][gui thread] Frame prepared, polish=0 ms, lock=0 ms, blockedForSync=0 ms, animations=0 ms
2026-07-14 19:24:18.323 DEBUG qt.scenegraph.time.renderer: time in renderer: total=0ms, preprocess=0, updates=0, rendering=0
2026-07-14 19:24:18.324 DEBUG qt.scenegraph.time.renderloop: [window 0x7f48b5903e40][render thread 0x7f48b57a2c20] syncAndRender: frame rendered in 0ms, sync=0, render=0, swap=0
2026-07-14 19:24:18.327 DEBUG qt.scenegraph.time.renderloop: [window 0x7f48b5903e40][gui thread] polishAndSync: start, elapsed since last call: 3 ms
2026-07-14 19:24:18.327 DEBUG qt.scenegraph.time.renderloop: [window 0x7f48b5903e40][render thread 0x7f48b57a2c20] syncAndRender: start, elapsed since last call: 3 ms
2026-07-14 19:24:18.327 DEBUG qt.scenegraph.time.renderloop: [window 0x7f48b5903e40][gui thread] Frame prepared, polish=0 ms, lock=0 ms, blockedForSync=0 ms, animations=0 ms
2026-07-14 19:24:18.327 DEBUG qt.scenegraph.time.renderer: time in renderer: total=0ms, preprocess=0, updates=0, rendering=0
2026-07-14 19:24:18.327 DEBUG qt.scenegraph.time.renderloop: [window 0x7f48b5903e40][render thread 0x7f48b57a2c20] syncAndRender: frame rendered in 0ms, sync=0, render=0, swap=0
2026-07-14 19:24:18.356 DEBUG qt.scenegraph.time.renderloop: [window 0x7f48b5903e40][gui thread] polishAndSync: start, elapsed since last call: 29 ms
2026-07-14 19:24:18.356 DEBUG qt.scenegraph.time.renderloop: [window 0x7f48b5903e40][render thread 0x7f48b57a2c20] syncAndRender: start, elapsed since last call: 29 ms
2026-07-14 19:24:18.356 DEBUG qt.scenegraph.time.renderloop: [window 0x7f48b5903e40][gui thread] Frame prepared, polish=0 ms, lock=0 ms, blockedForSync=0 ms, animations=0 ms
2026-07-14 19:24:18.356 DEBUG qt.scenegraph.time.renderer: time in renderer: total=0ms, preprocess=0, updates=0, rendering=0
2026-07-14 19:24:18.356 DEBUG qt.scenegraph.time.renderloop: [window 0x7f48b5903e40][render thread 0x7f48b57a2c20] syncAndRender: frame rendered in 0ms, sync=0, render=0, swap=0
2026-07-14 19:24:18.361 DEBUG qt.scenegraph.time.renderloop: [window 0x7f48b5903e40][gui thread] polishAndSync: start, elapsed since last call: 5 ms
2026-07-14 19:24:18.361 DEBUG qt.scenegraph.time.renderloop: [window 0x7f48b5903e40][render thread 0x7f48b57a2c20] syncAndRender: start, elapsed since last call: 5 ms
2026-07-14 19:24:18.361 DEBUG qt.scenegraph.time.renderloop: [window 0x7f48b5903e40][gui thread] Frame prepared, polish=0 ms, lock=0 ms, blockedForSync=0 ms, animations=0 ms
2026-07-14 19:24:18.361 DEBUG qt.scenegraph.time.renderer: time in renderer: total=0ms, preprocess=0, updates=0, rendering=0
2026-07-14 19:24:18.362 DEBUG qt.scenegraph.time.renderloop: [window 0x7f48b5903e40][render thread 0x7f48b57a2c20] syncAndRender: frame rendered in 0ms, sync=0, render=0, swap=0
2026-07-14 19:24:18.388 DEBUG qt.scenegraph.time.renderloop: [window 0x7f48b5903e40][gui thread] polishAndSync: start, elapsed since last call: 27 ms
2026-07-14 19:24:18.389 DEBUG qt.scenegraph.time.renderloop: [window 0x7f48b5903e40][render thread 0x7f48b57a2c20] syncAndRender: start, elapsed since last call: 27 ms
2026-07-14 19:24:18.389 DEBUG qt.scenegraph.time.renderloop: [window 0x7f48b5903e40][gui thread] Frame prepared, polish=0 ms, lock=0 ms, blockedForSync=0 ms, animations=0 ms
2026-07-14 19:24:18.389 DEBUG qt.scenegraph.time.renderer: time in renderer: total=0ms, preprocess=0, updates=0, rendering=0
2026-07-14 19:24:18.389 DEBUG qt.scenegraph.time.renderloop: [window 0x7f48b5903e40][render thread 0x7f48b57a2c20] syncAndRender: frame rendered in 0ms, sync=0, render=0, swap=0
2026-07-14 19:24:18.396 DEBUG qt.scenegraph.time.renderloop: [window 0x7f48b5903e40][gui thread] polishAndSync: start, elapsed since last call: 7 ms
2026-07-14 19:24:18.396 DEBUG qt.scenegraph.time.renderloop: [window 0x7f48b5903e40][render thread 0x7f48b57a2c20] syncAndRender: start, elapsed since last call: 7 ms
2026-07-14 19:24:18.396 DEBUG qt.scenegraph.time.renderloop: [window 0x7f48b5903e40][gui thread] Frame prepared, polish=0 ms, lock=0 ms, blockedForSync=0 ms, animations=0 ms
2026-07-14 19:24:18.396 DEBUG qt.scenegraph.time.renderer: time in renderer: total=0ms, preprocess=0, updates=0, rendering=0
2026-07-14 19:24:18.396 DEBUG qt.scenegraph.time.renderloop: [window 0x7f48b5903e40][render thread 0x7f48b57a2c20] syncAndRender: frame rendered in 0ms, sync=0, render=0, swap=0
2026-07-14 19:24:18.421 DEBUG qt.scenegraph.time.renderloop: [window 0x7f48b5903e40][gui thread] polishAndSync: start, elapsed since last call: 25 ms
2026-07-14 19:24:18.422 DEBUG qt.scenegraph.time.renderloop: [window 0x7f48b5903e40][render thread 0x7f48b57a2c20] syncAndRender: start, elapsed since last call: 25 ms
2026-07-14 19:24:18.422 DEBUG qt.scenegraph.time.renderloop: [window 0x7f48b5903e40][gui thread] Frame prepared, polish=0 ms, lock=0 ms, blockedForSync=0 ms, animations=0 ms
2026-07-14 19:24:18.422 DEBUG qt.scenegraph.time.renderer: time in renderer: total=0ms, preprocess=0, updates=0, rendering=0
2026-07-14 19:24:18.422 DEBUG qt.scenegraph.time.renderloop: [window 0x7f48b5903e40][render thread 0x7f48b57a2c20] syncAndRender: frame rendered in 0ms, sync=0, render=0, swap=0
2026-07-14 19:24:18.424 DEBUG qt.scenegraph.time.renderloop: [window 0x7f48b5903e40][gui thread] polishAndSync: start, elapsed since last call: 2 ms
2026-07-14 19:24:18.424 DEBUG qt.scenegraph.time.renderloop: [window 0x7f48b5903e40][render thread 0x7f48b57a2c20] syncAndRender: start, elapsed since last call: 2 ms
2026-07-14 19:24:18.424 DEBUG qt.scenegraph.time.renderloop: [window 0x7f48b5903e40][gui thread] Frame prepared, polish=0 ms, lock=0 ms, blockedForSync=0 ms, animations=0 ms
2026-07-14 19:24:18.424 DEBUG qt.scenegraph.time.renderer: time in renderer: total=0ms, preprocess=0, updates=0, rendering=0
2026-07-14 19:24:18.424 DEBUG qt.scenegraph.time.renderloop: [window 0x7f48b5903e40][render thread 0x7f48b57a2c20] syncAndRender: frame rendered in 0ms, sync=0, render=0, swap=0
2026-07-14 19:24:18.455 DEBUG qt.scenegraph.time.renderloop: [window 0x7f48b5903e40][gui thread] polishAndSync: start, elapsed since last call: 31 ms
2026-07-14 19:24:18.455 DEBUG qt.scenegraph.time.renderloop: [window 0x7f48b5903e40][render thread 0x7f48b57a2c20] syncAndRender: start, elapsed since last call: 31 ms
2026-07-14 19:24:18.455 DEBUG qt.scenegraph.time.renderloop: [window 0x7f48b5903e40][gui thread] Frame prepared, polish=0 ms, lock=0 ms, blockedForSync=0 ms, animations=0 ms
2026-07-14 19:24:18.455 DEBUG qt.scenegraph.time.renderer: time in renderer: total=0ms, preprocess=0, updates=0, rendering=0
2026-07-14 19:24:18.456 DEBUG qt.scenegraph.time.renderloop: [window 0x7f48b5903e40][render thread 0x7f48b57a2c20] syncAndRender: frame rendered in 0ms, sync=0, render=0, swap=0
2026-07-14 19:24:18.459 DEBUG qt.scenegraph.time.renderloop: [window 0x7f48b5903e40][gui thread] polishAndSync: start, elapsed since last call: 3 ms
2026-07-14 19:24:18.459 DEBUG qt.scenegraph.time.renderloop: [window 0x7f48b5903e40][render thread 0x7f48b57a2c20] syncAndRender: start, elapsed since last call: 3 ms
2026-07-14 19:24:18.459 DEBUG qt.scenegraph.time.renderloop: [window 0x7f48b5903e40][gui thread] Frame prepared, polish=0 ms, lock=0 ms, blockedForSync=0 ms, animations=0 ms
2026-07-14 19:24:18.459 DEBUG qt.scenegraph.time.renderer: time in renderer: total=0ms, preprocess=0, updates=0, rendering=0
2026-07-14 19:24:18.459 DEBUG qt.scenegraph.time.renderloop: [window 0x7f48b5903e40][render thread 0x7f48b57a2c20] syncAndRender: frame rendered in 0ms, sync=0, render=0, swap=0
2026-07-14 19:24:18.488 DEBUG qt.scenegraph.time.renderloop: [window 0x7f48b5903e40][gui thread] polishAndSync: start, elapsed since last call: 29 ms
2026-07-14 19:24:18.488 DEBUG qt.scenegraph.time.renderloop: [window 0x7f48b5903e40][render thread 0x7f48b57a2c20] syncAndRender: start, elapsed since last call: 29 ms
2026-07-14 19:24:18.488 DEBUG qt.scenegraph.time.renderloop: [window 0x7f48b5903e40][gui thread] Frame prepared, polish=0 ms, lock=0 ms, blockedForSync=0 ms, animations=0 ms
2026-07-14 19:24:18.488 DEBUG qt.scenegraph.time.renderer: time in renderer: total=0ms, preprocess=0, updates=0, rendering=0
2026-07-14 19:24:18.488 DEBUG qt.scenegraph.time.renderloop: [window 0x7f48b5903e40][render thread 0x7f48b57a2c20] syncAndRender: frame rendered in 0ms, sync=0, render=0, swap=0
2026-07-14 19:24:18.493 DEBUG qt.scenegraph.time.renderloop: [window 0x7f48b5903e40][gui thread] polishAndSync: start, elapsed since last call: 5 ms
2026-07-14 19:24:18.493 DEBUG qt.scenegraph.time.renderloop: [window 0x7f48b5903e40][render thread 0x7f48b57a2c20] syncAndRender: start, elapsed since last call: 5 ms
2026-07-14 19:24:18.493 DEBUG qt.scenegraph.time.renderloop: [window 0x7f48b5903e40][gui thread] Frame prepared, polish=0 ms, lock=0 ms, blockedForSync=0 ms, animations=0 ms
2026-07-14 19:24:18.493 DEBUG qt.scenegraph.time.renderer: time in renderer: total=0ms, preprocess=0, updates=0, rendering=0
2026-07-14 19:24:18.494 DEBUG qt.scenegraph.time.renderloop: [window 0x7f48b5903e40][render thread 0x7f48b57a2c20] syncAndRender: frame rendered in 0ms, sync=0, render=0, swap=0
2026-07-14 19:24:18.520 DEBUG qt.scenegraph.time.renderloop: [window 0x7f48b5903e40][gui thread] polishAndSync: start, elapsed since last call: 27 ms
2026-07-14 19:24:18.521 DEBUG qt.scenegraph.time.renderloop: [window 0x7f48b5903e40][render thread 0x7f48b57a2c20] syncAndRender: start, elapsed since last call: 27 ms
2026-07-14 19:24:18.521 DEBUG qt.scenegraph.time.renderloop: [window 0x7f48b5903e40][gui thread] Frame prepared, polish=0 ms, lock=0 ms, blockedForSync=0 ms, animations=0 ms
2026-07-14 19:24:18.521 DEBUG qt.scenegraph.time.renderer: time in renderer: total=0ms, preprocess=0, updates=0, rendering=0
2026-07-14 19:24:18.521 DEBUG qt.scenegraph.time.renderloop: [window 0x7f48b5903e40][render thread 0x7f48b57a2c20] syncAndRender: frame rendered in 0ms, sync=0, render=0, swap=0
2026-07-14 19:24:18.528 DEBUG qt.scenegraph.time.renderloop: [window 0x7f48b5903e40][gui thread] polishAndSync: start, elapsed since last call: 7 ms
2026-07-14 19:24:18.528 DEBUG qt.scenegraph.time.renderloop: [window 0x7f48b5903e40][render thread 0x7f48b57a2c20] syncAndRender: start, elapsed since last call: 7 ms
2026-07-14 19:24:18.528 DEBUG qt.scenegraph.time.renderloop: [window 0x7f48b5903e40][gui thread] Frame prepared, polish=0 ms, lock=0 ms, blockedForSync=0 ms, animations=0 ms
2026-07-14 19:24:18.528 DEBUG qt.scenegraph.time.renderer: time in renderer: total=0ms, preprocess=0, updates=0, rendering=0
2026-07-14 19:24:18.529 DEBUG qt.scenegraph.time.renderloop: [window 0x7f48b5903e40][render thread 0x7f48b57a2c20] syncAndRender: frame rendered in 0ms, sync=0, render=0, swap=0
2026-07-14 19:24:18.553 DEBUG qt.scenegraph.time.renderloop: [window 0x7f48b5903e40][gui thread] polishAndSync: start, elapsed since last call: 25 ms
2026-07-14 19:24:18.554 DEBUG qt.scenegraph.time.renderloop: [window 0x7f48b5903e40][render thread 0x7f48b57a2c20] syncAndRender: start, elapsed since last call: 25 ms
2026-07-14 19:24:18.554 DEBUG qt.scenegraph.time.renderloop: [window 0x7f48b5903e40][gui thread] Frame prepared, polish=0 ms, lock=0 ms, blockedForSync=0 ms, animations=0 ms
2026-07-14 19:24:18.554 DEBUG qt.scenegraph.time.renderer: time in renderer: total=0ms, preprocess=0, updates=0, rendering=0
2026-07-14 19:24:18.554 DEBUG qt.scenegraph.time.renderloop: [window 0x7f48b5903e40][render thread 0x7f48b57a2c20] syncAndRender: frame rendered in 0ms, sync=0, render=0, swap=0
2026-07-14 19:24:18.556 DEBUG qt.scenegraph.time.renderloop: [window 0x7f48b5903e40][gui thread] polishAndSync: start, elapsed since last call: 2 ms
2026-07-14 19:24:18.556 DEBUG qt.scenegraph.time.renderloop: [window 0x7f48b5903e40][render thread 0x7f48b57a2c20] syncAndRender: start, elapsed since last call: 2 ms
2026-07-14 19:24:18.556 DEBUG qt.scenegraph.time.renderloop: [window 0x7f48b5903e40][gui thread] Frame prepared, polish=0 ms, lock=0 ms, blockedForSync=0 ms, animations=0 ms
2026-07-14 19:24:18.556 DEBUG qt.scenegraph.time.renderer: time in renderer: total=0ms, preprocess=0, updates=0, rendering=0
2026-07-14 19:24:18.556 DEBUG qt.scenegraph.time.renderloop: [window 0x7f48b5903e40][render thread 0x7f48b57a2c20] syncAndRender: frame rendered in 0ms, sync=0, render=0, swap=0
2026-07-14 19:24:18.587 DEBUG qt.scenegraph.time.renderloop: [window 0x7f48b5903e40][gui thread] polishAndSync: start, elapsed since last call: 30 ms
2026-07-14 19:24:18.587 DEBUG qt.scenegraph.time.renderloop: [window 0x7f48b5903e40][render thread 0x7f48b57a2c20] syncAndRender: start, elapsed since last call: 30 ms
2026-07-14 19:24:18.587 DEBUG qt.scenegraph.time.renderloop: [window 0x7f48b5903e40][gui thread] Frame prepared, polish=0 ms, lock=0 ms, blockedForSync=0 ms, animations=0 ms
2026-07-14 19:24:18.587 DEBUG qt.scenegraph.time.renderer: time in renderer: total=0ms, preprocess=0, updates=0, rendering=0
2026-07-14 19:24:18.587 DEBUG qt.scenegraph.time.renderloop: [window 0x7f48b5903e40][render thread 0x7f48b57a2c20] syncAndRender: frame rendered in 0ms, sync=0, render=0, swap=0
2026-07-14 19:24:18.591 DEBUG qt.scenegraph.time.renderloop: [window 0x7f48b5903e40][gui thread] polishAndSync: start, elapsed since last call: 4 ms
2026-07-14 19:24:18.591 DEBUG qt.scenegraph.time.renderloop: [window 0x7f48b5903e40][render thread 0x7f48b57a2c20] syncAndRender: start, elapsed since last call: 4 ms
2026-07-14 19:24:18.591 DEBUG qt.scenegraph.time.renderloop: [window 0x7f48b5903e40][gui thread] Frame prepared, polish=0 ms, lock=0 ms, blockedForSync=0 ms, animations=0 ms
2026-07-14 19:24:18.591 DEBUG qt.scenegraph.time.renderer: time in renderer: total=0ms, preprocess=0, updates=0, rendering=0
2026-07-14 19:24:18.591 DEBUG qt.scenegraph.time.renderloop: [window 0x7f48b5903e40][render thread 0x7f48b57a2c20] syncAndRender: frame rendered in 0ms, sync=0, render=0, swap=0
2026-07-14 19:24:18.619 DEBUG qt.scenegraph.time.renderloop: [window 0x7f48b5903e40][gui thread] polishAndSync: start, elapsed since last call: 28 ms
2026-07-14 19:24:18.620 DEBUG qt.scenegraph.time.renderloop: [window 0x7f48b5903e40][render thread 0x7f48b57a2c20] syncAndRender: start, elapsed since last call: 28 ms
2026-07-14 19:24:18.620 DEBUG qt.scenegraph.time.renderloop: [window 0x7f48b5903e40][gui thread] Frame prepared, polish=0 ms, lock=0 ms, blockedForSync=0 ms, animations=0 ms
2026-07-14 19:24:18.620 DEBUG qt.scenegraph.time.renderer: time in renderer: total=0ms, preprocess=0, updates=0, rendering=0
2026-07-14 19:24:18.620 DEBUG qt.scenegraph.time.renderloop: [window 0x7f48b5903e40][render thread 0x7f48b57a2c20] syncAndRender: frame rendered in 0ms, sync=0, render=0, swap=0
2026-07-14 19:24:18.626 DEBUG qt.scenegraph.time.renderloop: [window 0x7f48b5903e40][gui thread] polishAndSync: start, elapsed since last call: 6 ms
2026-07-14 19:24:18.626 DEBUG qt.scenegraph.time.renderloop: [window 0x7f48b5903e40][render thread 0x7f48b57a2c20] syncAndRender: start, elapsed since last call: 5 ms
2026-07-14 19:24:18.626 DEBUG qt.scenegraph.time.renderloop: [window 0x7f48b5903e40][gui thread] Frame prepared, polish=0 ms, lock=0 ms, blockedForSync=0 ms, animations=0 ms
2026-07-14 19:24:18.626 DEBUG qt.scenegraph.time.renderer: time in renderer: total=0ms, preprocess=0, updates=0, rendering=0
2026-07-14 19:24:18.626 DEBUG qt.scenegraph.time.renderloop: [window 0x7f48b5903e40][render thread 0x7f48b57a2c20] syncAndRender: frame rendered in 0ms, sync=0, render=0, swap=0
2026-07-14 19:24:18.652 DEBUG qt.scenegraph.time.renderloop: [window 0x7f48b5903e40][gui thread] polishAndSync: start, elapsed since last call: 26 ms
2026-07-14 19:24:18.652 DEBUG qt.scenegraph.time.renderloop: [window 0x7f48b5903e40][render thread 0x7f48b57a2c20] syncAndRender: start, elapsed since last call: 26 ms
2026-07-14 19:24:18.652 DEBUG qt.scenegraph.time.renderloop: [window 0x7f48b5903e40][gui thread] Frame prepared, polish=0 ms, lock=0 ms, blockedForSync=0 ms, animations=0 ms
2026-07-14 19:24:18.652 DEBUG qt.scenegraph.time.renderer: time in renderer: total=0ms, preprocess=0, updates=0, rendering=0
2026-07-14 19:24:18.652 DEBUG qt.scenegraph.time.renderloop: [window 0x7f48b5903e40][render thread 0x7f48b57a2c20] syncAndRender: frame rendered in 0ms, sync=0, render=0, swap=0
2026-07-14 19:24:18.653 DEBUG qt.scenegraph.time.renderloop: [window 0x7f48b5903e40][gui thread] polishAndSync: start, elapsed since last call: 1 ms
2026-07-14 19:24:18.653 DEBUG qt.scenegraph.time.renderloop: [window 0x7f48b5903e40][render thread 0x7f48b57a2c20] syncAndRender: start, elapsed since last call: 1 ms
2026-07-14 19:24:18.653 DEBUG qt.scenegraph.time.renderloop: [window 0x7f48b5903e40][gui thread] Frame prepared, polish=0 ms, lock=0 ms, blockedForSync=0 ms, animations=0 ms
2026-07-14 19:24:18.653 DEBUG qt.scenegraph.time.renderer: time in renderer: total=0ms, preprocess=0, updates=0, rendering=0
2026-07-14 19:24:18.654 DEBUG qt.scenegraph.time.renderloop: [window 0x7f48b5903e40][render thread 0x7f48b57a2c20] syncAndRender: frame rendered in 0ms, sync=0, render=0, swap=0
2026-07-14 19:24:18.685 DEBUG qt.scenegraph.time.renderloop: [window 0x7f48b5903e40][gui thread] polishAndSync: start, elapsed since last call: 32 ms
2026-07-14 19:24:18.686 DEBUG qt.scenegraph.time.renderloop: [window 0x7f48b5903e40][render thread 0x7f48b57a2c20] syncAndRender: start, elapsed since last call: 32 ms
2026-07-14 19:24:18.686 DEBUG qt.scenegraph.time.renderloop: [window 0x7f48b5903e40][gui thread] Frame prepared, polish=0 ms, lock=0 ms, blockedForSync=0 ms, animations=0 ms
2026-07-14 19:24:18.686 DEBUG qt.scenegraph.time.renderer: time in renderer: total=0ms, preprocess=0, updates=0, rendering=0
2026-07-14 19:24:18.686 DEBUG qt.scenegraph.time.renderloop: [window 0x7f48b5903e40][render thread 0x7f48b57a2c20] syncAndRender: frame rendered in 0ms, sync=0, render=0, swap=0
2026-07-14 19:24:18.688 DEBUG qt.scenegraph.time.renderloop: [window 0x7f48b5903e40][gui thread] polishAndSync: start, elapsed since last call: 2 ms
2026-07-14 19:24:18.688 DEBUG qt.scenegraph.time.renderloop: [window 0x7f48b5903e40][render thread 0x7f48b57a2c20] syncAndRender: start, elapsed since last call: 2 ms
2026-07-14 19:24:18.688 DEBUG qt.scenegraph.time.renderloop: [window 0x7f48b5903e40][gui thread] Frame prepared, polish=0 ms, lock=0 ms, blockedForSync=0 ms, animations=0 ms
2026-07-14 19:24:18.688 DEBUG qt.scenegraph.time.renderer: time in renderer: total=0ms, preprocess=0, updates=0, rendering=0
2026-07-14 19:24:18.688 DEBUG qt.scenegraph.time.renderloop: [window 0x7f48b5903e40][render thread 0x7f48b57a2c20] syncAndRender: frame rendered in 0ms, sync=0, render=0, swap=0
2026-07-14 19:24:18.718 DEBUG qt.scenegraph.time.renderloop: [window 0x7f48b5903e40][gui thread] polishAndSync: start, elapsed since last call: 30 ms
2026-07-14 19:24:18.719 DEBUG qt.scenegraph.time.renderloop: [window 0x7f48b5903e40][render thread 0x7f48b57a2c20] syncAndRender: start, elapsed since last call: 30 ms
2026-07-14 19:24:18.719 DEBUG qt.scenegraph.time.renderloop: [window 0x7f48b5903e40][gui thread] Frame prepared, polish=0 ms, lock=0 ms, blockedForSync=0 ms, animations=0 ms
2026-07-14 19:24:18.719 DEBUG qt.scenegraph.time.renderer: time in renderer: total=0ms, preprocess=0, updates=0, rendering=0
2026-07-14 19:24:18.719 DEBUG qt.scenegraph.time.renderloop: [window 0x7f48b5903e40][render thread 0x7f48b57a2c20] syncAndRender: frame rendered in 0ms, sync=0, render=0, swap=0
2026-07-14 19:24:18.723 DEBUG qt.scenegraph.time.renderloop: [window 0x7f48b5903e40][gui thread] polishAndSync: start, elapsed since last call: 4 ms
2026-07-14 19:24:18.723 DEBUG qt.scenegraph.time.renderloop: [window 0x7f48b5903e40][render thread 0x7f48b57a2c20] syncAndRender: start, elapsed since last call: 4 ms
2026-07-14 19:24:18.723 DEBUG qt.scenegraph.time.renderloop: [window 0x7f48b5903e40][gui thread] Frame prepared, polish=0 ms, lock=0 ms, blockedForSync=0 ms, animations=0 ms
2026-07-14 19:24:18.723 DEBUG qt.scenegraph.time.renderer: time in renderer: total=0ms, preprocess=0, updates=0, rendering=0
2026-07-14 19:24:18.723 DEBUG qt.scenegraph.time.renderloop: [window 0x7f48b5903e40][render thread 0x7f48b57a2c20] syncAndRender: frame rendered in 0ms, sync=0, render=0, swap=0
2026-07-14 19:24:18.752 DEBUG qt.scenegraph.time.renderloop: [window 0x7f48b5903e40][gui thread] polishAndSync: start, elapsed since last call: 29 ms
2026-07-14 19:24:18.752 DEBUG qt.scenegraph.time.renderloop: [window 0x7f48b5903e40][render thread 0x7f48b57a2c20] syncAndRender: start, elapsed since last call: 29 ms
2026-07-14 19:24:18.752 DEBUG qt.scenegraph.time.renderloop: [window 0x7f48b5903e40][gui thread] Frame prepared, polish=0 ms, lock=0 ms, blockedForSync=0 ms, animations=0 ms
2026-07-14 19:24:18.752 DEBUG qt.scenegraph.time.renderer: time in renderer: total=0ms, preprocess=0, updates=0, rendering=0
2026-07-14 19:24:18.753 DEBUG qt.scenegraph.time.renderloop: [window 0x7f48b5903e40][render thread 0x7f48b57a2c20] syncAndRender: frame rendered in 0ms, sync=0, render=0, swap=0
2026-07-14 19:24:18.758 DEBUG qt.scenegraph.time.renderloop: [window 0x7f48b5903e40][gui thread] polishAndSync: start, elapsed since last call: 5 ms
2026-07-14 19:24:18.758 DEBUG qt.scenegraph.time.renderloop: [window 0x7f48b5903e40][render thread 0x7f48b57a2c20] syncAndRender: start, elapsed since last call: 5 ms
2026-07-14 19:24:18.758 DEBUG qt.scenegraph.time.renderloop: [window 0x7f48b5903e40][gui thread] Frame prepared, polish=0 ms, lock=0 ms, blockedForSync=0 ms, animations=0 ms
2026-07-14 19:24:18.758 DEBUG qt.scenegraph.time.renderer: time in renderer: total=0ms, preprocess=0, updates=0, rendering=0
2026-07-14 19:24:18.758 DEBUG qt.scenegraph.time.renderloop: [window 0x7f48b5903e40][render thread 0x7f48b57a2c20] syncAndRender: frame rendered in 0ms, sync=0, render=0, swap=0
2026-07-14 19:24:18.785 DEBUG qt.scenegraph.time.renderloop: [window 0x7f48b5903e40][gui thread] polishAndSync: start, elapsed since last call: 27 ms
2026-07-14 19:24:18.785 DEBUG qt.scenegraph.time.renderloop: [window 0x7f48b5903e40][render thread 0x7f48b57a2c20] syncAndRender: start, elapsed since last call: 27 ms
2026-07-14 19:24:18.785 DEBUG qt.scenegraph.time.renderloop: [window 0x7f48b5903e40][gui thread] Frame prepared, polish=0 ms, lock=0 ms, blockedForSync=0 ms, animations=0 ms
2026-07-14 19:24:18.785 DEBUG qt.scenegraph.time.renderer: time in renderer: total=0ms, preprocess=0, updates=0, rendering=0
2026-07-14 19:24:18.785 DEBUG qt.scenegraph.time.renderloop: [window 0x7f48b5903e40][render thread 0x7f48b57a2c20] syncAndRender: frame rendered in 0ms, sync=0, render=0, swap=0
2026-07-14 19:24:18.792 DEBUG qt.scenegraph.time.renderloop: [window 0x7f48b5903e40][gui thread] polishAndSync: start, elapsed since last call: 7 ms
2026-07-14 19:24:18.792 DEBUG qt.scenegraph.time.renderloop: [window 0x7f48b5903e40][render thread 0x7f48b57a2c20] syncAndRender: start, elapsed since last call: 7 ms
2026-07-14 19:24:18.792 DEBUG qt.scenegraph.time.renderloop: [window 0x7f48b5903e40][gui thread] Frame prepared, polish=0 ms, lock=0 ms, blockedForSync=0 ms, animations=0 ms
2026-07-14 19:24:18.792 DEBUG qt.scenegraph.time.renderer: time in renderer: total=0ms, preprocess=0, updates=0, rendering=0
2026-07-14 19:24:18.793 DEBUG qt.scenegraph.time.renderloop: [window 0x7f48b5903e40][render thread 0x7f48b57a2c20] syncAndRender: frame rendered in 0ms, sync=0, render=0, swap=0
2026-07-14 19:24:18.817 DEBUG qt.scenegraph.time.renderloop: [window 0x7f48b5903e40][gui thread] polishAndSync: start, elapsed since last call: 25 ms
2026-07-14 19:24:18.818 DEBUG qt.scenegraph.time.renderloop: [window 0x7f48b5903e40][render thread 0x7f48b57a2c20] syncAndRender: start, elapsed since last call: 25 ms
2026-07-14 19:24:18.818 DEBUG qt.scenegraph.time.renderloop: [window 0x7f48b5903e40][gui thread] Frame prepared, polish=0 ms, lock=0 ms, blockedForSync=0 ms, animations=0 ms
2026-07-14 19:24:18.818 DEBUG qt.scenegraph.time.renderer: time in renderer: total=0ms, preprocess=0, updates=0, rendering=0
2026-07-14 19:24:18.818 DEBUG qt.scenegraph.time.renderloop: [window 0x7f48b5903e40][render thread 0x7f48b57a2c20] syncAndRender: frame rendered in 0ms, sync=0, render=0, swap=0
2026-07-14 19:24:18.820 DEBUG qt.scenegraph.time.renderloop: [window 0x7f48b5903e40][gui thread] polishAndSync: start, elapsed since last call: 2 ms
2026-07-14 19:24:18.820 DEBUG qt.scenegraph.time.renderloop: [window 0x7f48b5903e40][render thread 0x7f48b57a2c20] syncAndRender: start, elapsed since last call: 2 ms
2026-07-14 19:24:18.820 DEBUG qt.scenegraph.time.renderloop: [window 0x7f48b5903e40][gui thread] Frame prepared, polish=0 ms, lock=0 ms, blockedForSync=0 ms, animations=0 ms
2026-07-14 19:24:18.820 DEBUG qt.scenegraph.time.renderer: time in renderer: total=0ms, preprocess=0, updates=0, rendering=0
2026-07-14 19:24:18.820 DEBUG qt.scenegraph.time.renderloop: [window 0x7f48b5903e40][render thread 0x7f48b57a2c20] syncAndRender: frame rendered in 0ms, sync=0, render=0, swap=0
2026-07-14 19:24:18.851 DEBUG qt.scenegraph.time.renderloop: [window 0x7f48b5903e40][gui thread] polishAndSync: start, elapsed since last call: 31 ms
2026-07-14 19:24:18.851 DEBUG qt.scenegraph.time.renderloop: [window 0x7f48b5903e40][render thread 0x7f48b57a2c20] syncAndRender: start, elapsed since last call: 31 ms
2026-07-14 19:24:18.852 DEBUG qt.scenegraph.time.renderloop: [window 0x7f48b5903e40][gui thread] Frame prepared, polish=0 ms, lock=0 ms, blockedForSync=0 ms, animations=0 ms
2026-07-14 19:24:18.852 DEBUG qt.scenegraph.time.renderer: time in renderer: total=0ms, preprocess=0, updates=0, rendering=0
2026-07-14 19:24:18.852 DEBUG qt.scenegraph.time.renderloop: [window 0x7f48b5903e40][render thread 0x7f48b57a2c20] syncAndRender: frame rendered in 0ms, sync=0, render=0, swap=0
2026-07-14 19:24:18.855 DEBUG qt.scenegraph.time.renderloop: [window 0x7f48b5903e40][gui thread] polishAndSync: start, elapsed since last call: 3 ms
2026-07-14 19:24:18.855 DEBUG qt.scenegraph.time.renderloop: [window 0x7f48b5903e40][render thread 0x7f48b57a2c20] syncAndRender: start, elapsed since last call: 3 ms
2026-07-14 19:24:18.855 DEBUG qt.scenegraph.time.renderloop: [window 0x7f48b5903e40][gui thread] Frame prepared, polish=0 ms, lock=0 ms, blockedForSync=0 ms, animations=0 ms
2026-07-14 19:24:18.855 DEBUG qt.scenegraph.time.renderer: time in renderer: total=0ms, preprocess=0, updates=0, rendering=0
2026-07-14 19:24:18.855 DEBUG qt.scenegraph.time.renderloop: [window 0x7f48b5903e40][render thread 0x7f48b57a2c20] syncAndRender: frame rendered in 0ms, sync=0, render=0, swap=0
2026-07-14 19:24:18.884 DEBUG qt.scenegraph.time.renderloop: [window 0x7f48b5903e40][gui thread] polishAndSync: start, elapsed since last call: 29 ms
2026-07-14 19:24:18.884 DEBUG qt.scenegraph.time.renderloop: [window 0x7f48b5903e40][render thread 0x7f48b57a2c20] syncAndRender: start, elapsed since last call: 29 ms
2026-07-14 19:24:18.884 DEBUG qt.scenegraph.time.renderloop: [window 0x7f48b5903e40][gui thread] Frame prepared, polish=0 ms, lock=0 ms, blockedForSync=0 ms, animations=0 ms
2026-07-14 19:24:18.884 DEBUG qt.scenegraph.time.renderer: time in renderer: total=0ms, preprocess=0, updates=0, rendering=0
2026-07-14 19:24:18.884 DEBUG qt.scenegraph.time.renderloop: [window 0x7f48b5903e40][render thread 0x7f48b57a2c20] syncAndRender: frame rendered in 0ms, sync=0, render=0, swap=0
2026-07-14 19:24:18.889 DEBUG qt.scenegraph.time.renderloop: [window 0x7f48b5903e40][gui thread] polishAndSync: start, elapsed since last call: 5 ms
2026-07-14 19:24:18.889 DEBUG qt.scenegraph.time.renderloop: [window 0x7f48b5903e40][render thread 0x7f48b57a2c20] syncAndRender: start, elapsed since last call: 5 ms
2026-07-14 19:24:18.890 DEBUG qt.scenegraph.time.renderloop: [window 0x7f48b5903e40][gui thread] Frame prepared, polish=0 ms, lock=0 ms, blockedForSync=0 ms, animations=0 ms
2026-07-14 19:24:18.890 DEBUG qt.scenegraph.time.renderer: time in renderer: total=0ms, preprocess=0, updates=0, rendering=0
2026-07-14 19:24:18.890 DEBUG qt.scenegraph.time.renderloop: [window 0x7f48b5903e40][render thread 0x7f48b57a2c20] syncAndRender: frame rendered in 0ms, sync=0, render=0, swap=0
2026-07-14 19:24:18.917 DEBUG qt.scenegraph.time.renderloop: [window 0x7f48b5903e40][gui thread] polishAndSync: start, elapsed since last call: 27 ms
2026-07-14 19:24:18.917 DEBUG qt.scenegraph.time.renderloop: [window 0x7f48b5903e40][render thread 0x7f48b57a2c20] syncAndRender: start, elapsed since last call: 27 ms
2026-07-14 19:24:18.917 DEBUG qt.scenegraph.time.renderloop: [window 0x7f48b5903e40][gui thread] Frame prepared, polish=0 ms, lock=0 ms, blockedForSync=0 ms, animations=0 ms
2026-07-14 19:24:18.917 DEBUG qt.scenegraph.time.renderer: time in renderer: total=0ms, preprocess=0, updates=0, rendering=0
2026-07-14 19:24:18.917 DEBUG qt.scenegraph.time.renderloop: [window 0x7f48b5903e40][render thread 0x7f48b57a2c20] syncAndRender: frame rendered in 0ms, sync=0, render=0, swap=0
2026-07-14 19:24:18.924 DEBUG qt.scenegraph.time.renderloop: [window 0x7f48b5903e40][gui thread] polishAndSync: start, elapsed since last call: 7 ms
2026-07-14 19:24:18.924 DEBUG qt.scenegraph.time.renderloop: [window 0x7f48b5903e40][render thread 0x7f48b57a2c20] syncAndRender: start, elapsed since last call: 7 ms
2026-07-14 19:24:18.924 DEBUG qt.scenegraph.time.renderloop: [window 0x7f48b5903e40][gui thread] Frame prepared, polish=0 ms, lock=0 ms, blockedForSync=0 ms, animations=0 ms
2026-07-14 19:24:18.924 DEBUG qt.scenegraph.time.renderer: time in renderer: total=0ms, preprocess=0, updates=0, rendering=0
2026-07-14 19:24:18.925 DEBUG qt.scenegraph.time.renderloop: [window 0x7f48b5903e40][render thread 0x7f48b57a2c20] syncAndRender: frame rendered in 0ms, sync=0, render=0, swap=0
2026-07-14 19:24:18.949 DEBUG qt.scenegraph.time.renderloop: [window 0x7f48b5903e40][gui thread] polishAndSync: start, elapsed since last call: 25 ms
2026-07-14 19:24:18.950 DEBUG qt.scenegraph.time.renderloop: [window 0x7f48b5903e40][render thread 0x7f48b57a2c20] syncAndRender: start, elapsed since last call: 25 ms
2026-07-14 19:24:18.950 DEBUG qt.scenegraph.time.renderloop: [window 0x7f48b5903e40][gui thread] Frame prepared, polish=0 ms, lock=0 ms, blockedForSync=0 ms, animations=0 ms
2026-07-14 19:24:18.950 DEBUG qt.scenegraph.time.renderer: time in renderer: total=0ms, preprocess=0, updates=0, rendering=0
2026-07-14 19:24:18.950 DEBUG qt.scenegraph.time.renderloop: [window 0x7f48b5903e40][render thread 0x7f48b57a2c20] syncAndRender: frame rendered in 0ms, sync=0, render=0, swap=0
2026-07-14 19:24:18.952 DEBUG qt.scenegraph.time.renderloop: [window 0x7f48b5903e40][gui thread] polishAndSync: start, elapsed since last call: 2 ms
2026-07-14 19:24:18.952 DEBUG qt.scenegraph.time.renderloop: [window 0x7f48b5903e40][render thread 0x7f48b57a2c20] syncAndRender: start, elapsed since last call: 2 ms
2026-07-14 19:24:18.952 DEBUG qt.scenegraph.time.renderloop: [window 0x7f48b5903e40][gui thread] Frame prepared, polish=0 ms, lock=0 ms, blockedForSync=0 ms, animations=0 ms
2026-07-14 19:24:18.952 DEBUG qt.scenegraph.time.renderer: time in renderer: total=0ms, preprocess=0, updates=0, rendering=0
2026-07-14 19:24:18.952 DEBUG qt.scenegraph.time.renderloop: [window 0x7f48b5903e40][render thread 0x7f48b57a2c20] syncAndRender: frame rendered in 0ms, sync=0, render=0, swap=0
2026-07-14 19:24:18.982 DEBUG qt.scenegraph.time.renderloop: [window 0x7f48b5903e40][gui thread] polishAndSync: start, elapsed since last call: 30 ms
2026-07-14 19:24:18.982 DEBUG qt.scenegraph.time.renderloop: [window 0x7f48b5903e40][render thread 0x7f48b57a2c20] syncAndRender: start, elapsed since last call: 30 ms
2026-07-14 19:24:18.983 DEBUG qt.scenegraph.time.renderloop: [window 0x7f48b5903e40][gui thread] Frame prepared, polish=0 ms, lock=0 ms, blockedForSync=0 ms, animations=0 ms
2026-07-14 19:24:18.983 DEBUG qt.scenegraph.time.renderer: time in renderer: total=0ms, preprocess=0, updates=0, rendering=0
2026-07-14 19:24:18.983 DEBUG qt.scenegraph.time.renderloop: [window 0x7f48b5903e40][render thread 0x7f48b57a2c20] syncAndRender: frame rendered in 0ms, sync=0, render=0, swap=0
2026-07-14 19:24:18.983 DEBUG qt.scenegraph.time.renderloop: [window 0x7f48b5903e40][gui thread] polishAndSync: start, elapsed since last call: 0 ms
2026-07-14 19:24:18.983 DEBUG qt.scenegraph.time.renderloop: [window 0x7f48b5903e40][render thread 0x7f48b57a2c20] syncAndRender: start, elapsed since last call: 0 ms
2026-07-14 19:24:18.983 DEBUG qt.scenegraph.time.renderloop: [window 0x7f48b5903e40][gui thread] Frame prepared, polish=0 ms, lock=0 ms, blockedForSync=0 ms, animations=0 ms
2026-07-14 19:24:18.983 DEBUG qt.scenegraph.time.renderer: time in renderer: total=0ms, preprocess=0, updates=0, rendering=0
2026-07-14 19:24:18.983 DEBUG qt.scenegraph.time.renderloop: [window 0x7f48b5903e40][render thread 0x7f48b57a2c20] syncAndRender: frame rendered in 0ms, sync=0, render=0, swap=0
2026-07-14 19:24:19.016 DEBUG qt.scenegraph.time.renderloop: [window 0x7f48b5903e40][gui thread] polishAndSync: start, elapsed since last call: 32 ms
2026-07-14 19:24:19.016 DEBUG qt.scenegraph.time.renderloop: [window 0x7f48b5903e40][render thread 0x7f48b57a2c20] syncAndRender: start, elapsed since last call: 33 ms
2026-07-14 19:24:19.016 DEBUG qt.scenegraph.time.renderloop: [window 0x7f48b5903e40][gui thread] Frame prepared, polish=0 ms, lock=0 ms, blockedForSync=0 ms, animations=0 ms
2026-07-14 19:24:19.016 DEBUG qt.scenegraph.time.renderer: time in renderer: total=0ms, preprocess=0, updates=0, rendering=0
2026-07-14 19:24:19.016 DEBUG qt.scenegraph.time.renderloop: [window 0x7f48b5903e40][render thread 0x7f48b57a2c20] syncAndRender: frame rendered in 0ms, sync=0, render=0, swap=0
2026-07-14 19:24:19.017 DEBUG qt.scenegraph.time.renderloop: [window 0x7f48b5903e40][gui thread] polishAndSync: start, elapsed since last call: 1 ms
2026-07-14 19:24:19.017 DEBUG qt.scenegraph.time.renderloop: [window 0x7f48b5903e40][render thread 0x7f48b57a2c20] syncAndRender: start, elapsed since last call: 0 ms
2026-07-14 19:24:19.017 DEBUG qt.scenegraph.time.renderloop: [window 0x7f48b5903e40][gui thread] Frame prepared, polish=0 ms, lock=0 ms, blockedForSync=0 ms, animations=0 ms
2026-07-14 19:24:19.017 DEBUG qt.scenegraph.time.renderer: time in renderer: total=0ms, preprocess=0, updates=0, rendering=0
2026-07-14 19:24:19.017 DEBUG qt.scenegraph.time.renderloop: [window 0x7f48b5903e40][render thread 0x7f48b57a2c20] syncAndRender: frame rendered in 0ms, sync=0, render=0, swap=0
2026-07-14 19:24:19.049 DEBUG qt.scenegraph.time.renderloop: [window 0x7f48b5903e40][gui thread] polishAndSync: start, elapsed since last call: 31 ms
2026-07-14 19:24:19.051 DEBUG qt.scenegraph.time.renderloop: [window 0x7f48b5903e40][render thread 0x7f48b57a2c20] syncAndRender: start, elapsed since last call: 33 ms
2026-07-14 19:24:19.051 DEBUG qt.scenegraph.time.renderloop: [window 0x7f48b5903e40][gui thread] Frame prepared, polish=2 ms, lock=0 ms, blockedForSync=0 ms, animations=0 ms
2026-07-14 19:24:19.051 DEBUG qt.scenegraph.time.renderer: time in renderer: total=0ms, preprocess=0, updates=0, rendering=0
2026-07-14 19:24:19.051 DEBUG qt.scenegraph.time.renderloop: [window 0x7f48b5903e40][render thread 0x7f48b57a2c20] syncAndRender: frame rendered in 0ms, sync=0, render=0, swap=0
2026-07-14 19:24:19.056 DEBUG qt.scenegraph.time.renderloop: [window 0x7f48b5903e40][gui thread] polishAndSync: start, elapsed since last call: 7 ms
2026-07-14 19:24:19.056 DEBUG qt.scenegraph.time.renderloop: [window 0x7f48b5903e40][render thread 0x7f48b57a2c20] syncAndRender: start, elapsed since last call: 5 ms
2026-07-14 19:24:19.056 DEBUG qt.scenegraph.time.renderloop: [window 0x7f48b5903e40][gui thread] Frame prepared, polish=0 ms, lock=0 ms, blockedForSync=0 ms, animations=0 ms
2026-07-14 19:24:19.056 DEBUG qt.scenegraph.time.renderer: time in renderer: total=0ms, preprocess=0, updates=0, rendering=0
2026-07-14 19:24:19.057 DEBUG qt.scenegraph.time.renderloop: [window 0x7f48b5903e40][render thread 0x7f48b57a2c20] syncAndRender: frame rendered in 0ms, sync=0, render=0, swap=0
2026-07-14 19:24:19.081 DEBUG qt.scenegraph.time.renderloop: [window 0x7f48b5903e40][gui thread] polishAndSync: start, elapsed since last call: 25 ms
2026-07-14 19:24:19.082 DEBUG qt.scenegraph.time.renderloop: [window 0x7f48b5903e40][render thread 0x7f48b57a2c20] syncAndRender: start, elapsed since last call: 25 ms
2026-07-14 19:24:19.082 DEBUG qt.scenegraph.time.renderloop: [window 0x7f48b5903e40][gui thread] Frame prepared, polish=0 ms, lock=0 ms, blockedForSync=0 ms, animations=0 ms
2026-07-14 19:24:19.082 DEBUG qt.scenegraph.time.renderer: time in renderer: total=0ms, preprocess=0, updates=0, rendering=0
2026-07-14 19:24:19.082 DEBUG qt.scenegraph.time.renderloop: [window 0x7f48b5903e40][render thread 0x7f48b57a2c20] syncAndRender: frame rendered in 0ms, sync=0, render=0, swap=0
2026-07-14 19:24:19.084 DEBUG qt.scenegraph.time.renderloop: [window 0x7f48b5903e40][gui thread] polishAndSync: start, elapsed since last call: 2 ms
2026-07-14 19:24:19.084 DEBUG qt.scenegraph.time.renderloop: [window 0x7f48b5903e40][render thread 0x7f48b57a2c20] syncAndRender: start, elapsed since last call: 2 ms
2026-07-14 19:24:19.084 DEBUG qt.scenegraph.time.renderloop: [window 0x7f48b5903e40][gui thread] Frame prepared, polish=0 ms, lock=0 ms, blockedForSync=0 ms, animations=0 ms
2026-07-14 19:24:19.084 DEBUG qt.scenegraph.time.texture: atlastexture upload enqueued in: -9223357540031ms (16x16)
2026-07-14 19:24:19.084 DEBUG qt.scenegraph.time.texture: atlastexture upload enqueued in: -9223357540031ms (36x14)
2026-07-14 19:24:19.084 DEBUG qt.scenegraph.time.renderer: time in renderer: total=0ms, preprocess=0, updates=0, rendering=0
2026-07-14 19:24:19.085 DEBUG qt.scenegraph.time.renderloop: [window 0x7f48b5903e40][render thread 0x7f48b57a2c20] syncAndRender: frame rendered in 0ms, sync=0, render=0, swap=0
2026-07-14 19:24:19.092 DEBUG qt.scenegraph.time.renderloop: [window 0x7f48b5903e40][gui thread] polishAndSync: start, elapsed since last call: 7 ms
2026-07-14 19:24:19.092 DEBUG qt.scenegraph.time.renderloop: [window 0x7f48b5903e40][render thread 0x7f48b57a2c20] syncAndRender: start, elapsed since last call: 7 ms
2026-07-14 19:24:19.092 DEBUG qt.scenegraph.time.renderloop: [window 0x7f48b5903e40][gui thread] Frame prepared, polish=0 ms, lock=0 ms, blockedForSync=0 ms, animations=0 ms
2026-07-14 19:24:19.092 DEBUG qt.scenegraph.time.texture: atlastexture upload enqueued in: -9223357540024ms (36x14)
2026-07-14 19:24:19.092 DEBUG qt.scenegraph.time.renderer: time in renderer: total=0ms, preprocess=0, updates=0, rendering=0
2026-07-14 19:24:19.092 DEBUG qt.scenegraph.time.renderloop: [window 0x7f48b5903e40][render thread 0x7f48b57a2c20] syncAndRender: frame rendered in 0ms, sync=0, render=0, swap=0
2026-07-14 19:24:19.115 DEBUG qt.scenegraph.time.renderloop: [window 0x7f48b5903e40][gui thread] polishAndSync: start, elapsed since last call: 23 ms
2026-07-14 19:24:19.115 DEBUG qt.scenegraph.time.renderloop: [window 0x7f48b5903e40][render thread 0x7f48b57a2c20] syncAndRender: start, elapsed since last call: 23 ms
2026-07-14 19:24:19.115 DEBUG qt.scenegraph.time.renderloop: [window 0x7f48b5903e40][gui thread] Frame prepared, polish=0 ms, lock=0 ms, blockedForSync=0 ms, animations=0 ms
2026-07-14 19:24:19.115 DEBUG qt.scenegraph.time.renderer: time in renderer: total=0ms, preprocess=0, updates=0, rendering=0
2026-07-14 19:24:19.116 DEBUG qt.scenegraph.time.renderloop: [window 0x7f48b5903e40][render thread 0x7f48b57a2c20] syncAndRender: frame rendered in 0ms, sync=0, render=0, swap=0
2026-07-14 19:24:19.119 DEBUG qt.scenegraph.time.renderloop: [window 0x7f48b5903e40][gui thread] polishAndSync: start, elapsed since last call: 3 ms
2026-07-14 19:24:19.119 DEBUG qt.scenegraph.time.renderloop: [window 0x7f48b5903e40][render thread 0x7f48b57a2c20] syncAndRender: start, elapsed since last call: 3 ms
2026-07-14 19:24:19.119 DEBUG qt.scenegraph.time.renderloop: [window 0x7f48b5903e40][gui thread] Frame prepared, polish=0 ms, lock=0 ms, blockedForSync=0 ms, animations=0 ms
2026-07-14 19:24:19.119 DEBUG qt.scenegraph.time.renderer: time in renderer: total=0ms, preprocess=0, updates=0, rendering=0
2026-07-14 19:24:19.119 DEBUG qt.scenegraph.time.renderloop: [window 0x7f48b5903e40][render thread 0x7f48b57a2c20] syncAndRender: frame rendered in 0ms, sync=0, render=0, swap=0
2026-07-14 19:24:19.148 DEBUG qt.scenegraph.time.renderloop: [window 0x7f48b5903e40][gui thread] polishAndSync: start, elapsed since last call: 28 ms
2026-07-14 19:24:19.148 DEBUG qt.scenegraph.time.renderloop: [window 0x7f48b5903e40][render thread 0x7f48b57a2c20] syncAndRender: start, elapsed since last call: 29 ms
2026-07-14 19:24:19.148 DEBUG qt.scenegraph.time.renderloop: [window 0x7f48b5903e40][gui thread] Frame prepared, polish=0 ms, lock=0 ms, blockedForSync=0 ms, animations=0 ms
2026-07-14 19:24:19.148 DEBUG qt.scenegraph.time.renderer: time in renderer: total=0ms, preprocess=0, updates=0, rendering=0
2026-07-14 19:24:19.149 DEBUG qt.scenegraph.time.renderloop: [window 0x7f48b5903e40][render thread 0x7f48b57a2c20] syncAndRender: frame rendered in 0ms, sync=0, render=0, swap=0
2026-07-14 19:24:19.154 DEBUG qt.scenegraph.time.renderloop: [window 0x7f48b5903e40][gui thread] polishAndSync: start, elapsed since last call: 5 ms
2026-07-14 19:24:19.154 DEBUG qt.scenegraph.time.renderloop: [window 0x7f48b5903e40][render thread 0x7f48b57a2c20] syncAndRender: start, elapsed since last call: 5 ms
2026-07-14 19:24:19.154 DEBUG qt.scenegraph.time.renderloop: [window 0x7f48b5903e40][gui thread] Frame prepared, polish=0 ms, lock=0 ms, blockedForSync=0 ms, animations=0 ms
2026-07-14 19:24:19.154 DEBUG qt.scenegraph.time.renderer: time in renderer: total=0ms, preprocess=0, updates=0, rendering=0
2026-07-14 19:24:19.154 DEBUG qt.scenegraph.time.renderloop: [window 0x7f48b5903e40][render thread 0x7f48b57a2c20] syncAndRender: frame rendered in 0ms, sync=0, render=0, swap=0
2026-07-14 19:24:19.181 DEBUG qt.scenegraph.time.renderloop: [window 0x7f48b5903e40][gui thread] polishAndSync: start, elapsed since last call: 27 ms
2026-07-14 19:24:19.181 DEBUG qt.scenegraph.time.renderloop: [window 0x7f48b5903e40][render thread 0x7f48b57a2c20] syncAndRender: start, elapsed since last call: 27 ms
2026-07-14 19:24:19.181 DEBUG qt.scenegraph.time.renderloop: [window 0x7f48b5903e40][gui thread] Frame prepared, polish=0 ms, lock=0 ms, blockedForSync=0 ms, animations=0 ms
2026-07-14 19:24:19.181 DEBUG qt.scenegraph.time.renderer: time in renderer: total=0ms, preprocess=0, updates=0, rendering=0
2026-07-14 19:24:19.182 DEBUG qt.scenegraph.time.renderloop: [window 0x7f48b5903e40][render thread 0x7f48b57a2c20] syncAndRender: frame rendered in 0ms, sync=0, render=0, swap=0
2026-07-14 19:24:19.188 DEBUG qt.scenegraph.time.renderloop: [window 0x7f48b5903e40][gui thread] polishAndSync: start, elapsed since last call: 7 ms
2026-07-14 19:24:19.188 DEBUG qt.scenegraph.time.renderloop: [window 0x7f48b5903e40][render thread 0x7f48b57a2c20] syncAndRender: start, elapsed since last call: 7 ms
2026-07-14 19:24:19.188 DEBUG qt.scenegraph.time.renderloop: [window 0x7f48b5903e40][gui thread] Frame prepared, polish=0 ms, lock=0 ms, blockedForSync=0 ms, animations=0 ms
2026-07-14 19:24:19.189 DEBUG qt.scenegraph.time.renderer: time in renderer: total=0ms, preprocess=0, updates=0, rendering=0
2026-07-14 19:24:19.189 DEBUG qt.scenegraph.time.renderloop: [window 0x7f48b5903e40][render thread 0x7f48b57a2c20] syncAndRender: frame rendered in 0ms, sync=0, render=0, swap=0
2026-07-14 19:24:19.213 DEBUG qt.scenegraph.time.renderloop: [window 0x7f48b5903e40][gui thread] polishAndSync: start, elapsed since last call: 25 ms
2026-07-14 19:24:19.214 DEBUG qt.scenegraph.time.renderloop: [window 0x7f48b5903e40][render thread 0x7f48b57a2c20] syncAndRender: start, elapsed since last call: 25 ms
2026-07-14 19:24:19.214 DEBUG qt.scenegraph.time.renderloop: [window 0x7f48b5903e40][gui thread] Frame prepared, polish=0 ms, lock=0 ms, blockedForSync=0 ms, animations=0 ms
2026-07-14 19:24:19.214 DEBUG qt.scenegraph.time.renderer: time in renderer: total=0ms, preprocess=0, updates=0, rendering=0
2026-07-14 19:24:19.214 DEBUG qt.scenegraph.time.renderloop: [window 0x7f48b5903e40][render thread 0x7f48b57a2c20] syncAndRender: frame rendered in 0ms, sync=0, render=0, swap=0
2026-07-14 19:24:19.216 DEBUG qt.scenegraph.time.renderloop: [window 0x7f48b5903e40][gui thread] polishAndSync: start, elapsed since last call: 2 ms
2026-07-14 19:24:19.216 DEBUG qt.scenegraph.time.renderloop: [window 0x7f48b5903e40][render thread 0x7f48b57a2c20] syncAndRender: start, elapsed since last call: 2 ms
2026-07-14 19:24:19.216 DEBUG qt.scenegraph.time.renderloop: [window 0x7f48b5903e40][gui thread] Frame prepared, polish=0 ms, lock=0 ms, blockedForSync=0 ms, animations=0 ms
2026-07-14 19:24:19.216 DEBUG qt.scenegraph.time.renderer: time in renderer: total=0ms, preprocess=0, updates=0, rendering=0
2026-07-14 19:24:19.216 DEBUG qt.scenegraph.time.renderloop: [window 0x7f48b5903e40][render thread 0x7f48b57a2c20] syncAndRender: frame rendered in 0ms, sync=0, render=0, swap=0
2026-07-14 19:24:19.246 DEBUG qt.scenegraph.time.renderloop: [window 0x7f48b5903e40][gui thread] polishAndSync: start, elapsed since last call: 30 ms
2026-07-14 19:24:19.247 DEBUG qt.scenegraph.time.renderloop: [window 0x7f48b5903e40][render thread 0x7f48b57a2c20] syncAndRender: start, elapsed since last call: 30 ms
2026-07-14 19:24:19.247 DEBUG qt.scenegraph.time.renderloop: [window 0x7f48b5903e40][gui thread] Frame prepared, polish=0 ms, lock=0 ms, blockedForSync=0 ms, animations=0 ms
2026-07-14 19:24:19.247 DEBUG qt.scenegraph.time.renderer: time in renderer: total=0ms, preprocess=0, updates=0, rendering=0
2026-07-14 19:24:19.247 DEBUG qt.scenegraph.time.renderloop: [window 0x7f48b5903e40][render thread 0x7f48b57a2c20] syncAndRender: frame rendered in 0ms, sync=0, render=0, swap=0
2026-07-14 19:24:19.251 DEBUG qt.scenegraph.time.renderloop: [window 0x7f48b5903e40][gui thread] polishAndSync: start, elapsed since last call: 4 ms
2026-07-14 19:24:19.251 DEBUG qt.scenegraph.time.renderloop: [window 0x7f48b5903e40][render thread 0x7f48b57a2c20] syncAndRender: start, elapsed since last call: 4 ms
2026-07-14 19:24:19.251 DEBUG qt.scenegraph.time.renderloop: [window 0x7f48b5903e40][gui thread] Frame prepared, polish=0 ms, lock=0 ms, blockedForSync=0 ms, animations=0 ms
2026-07-14 19:24:19.251 DEBUG qt.scenegraph.time.renderer: time in renderer: total=0ms, preprocess=0, updates=0, rendering=0
2026-07-14 19:24:19.251 DEBUG qt.scenegraph.time.renderloop: [window 0x7f48b5903e40][render thread 0x7f48b57a2c20] syncAndRender: frame rendered in 0ms, sync=0, render=0, swap=0
2026-07-14 19:24:19.280 DEBUG qt.scenegraph.time.renderloop: [window 0x7f48b5903e40][gui thread] polishAndSync: start, elapsed since last call: 28 ms
2026-07-14 19:24:19.280 DEBUG qt.scenegraph.time.renderloop: [window 0x7f48b5903e40][render thread 0x7f48b57a2c20] syncAndRender: start, elapsed since last call: 29 ms
2026-07-14 19:24:19.280 DEBUG qt.scenegraph.time.renderloop: [window 0x7f48b5903e40][gui thread] Frame prepared, polish=0 ms, lock=0 ms, blockedForSync=0 ms, animations=0 ms
2026-07-14 19:24:19.280 DEBUG qt.scenegraph.time.renderer: time in renderer: total=0ms, preprocess=0, updates=0, rendering=0
2026-07-14 19:24:19.281 DEBUG qt.scenegraph.time.renderloop: [window 0x7f48b5903e40][render thread 0x7f48b57a2c20] syncAndRender: frame rendered in 0ms, sync=0, render=0, swap=0
2026-07-14 19:24:19.286 DEBUG qt.scenegraph.time.renderloop: [window 0x7f48b5903e40][gui thread] polishAndSync: start, elapsed since last call: 5 ms
2026-07-14 19:24:19.286 DEBUG qt.scenegraph.time.renderloop: [window 0x7f48b5903e40][render thread 0x7f48b57a2c20] syncAndRender: start, elapsed since last call: 5 ms
2026-07-14 19:24:19.286 DEBUG qt.scenegraph.time.renderloop: [window 0x7f48b5903e40][gui thread] Frame prepared, polish=0 ms, lock=0 ms, blockedForSync=0 ms, animations=0 ms
2026-07-14 19:24:19.286 DEBUG qt.scenegraph.time.renderer: time in renderer: total=0ms, preprocess=0, updates=0, rendering=0
2026-07-14 19:24:19.286 DEBUG qt.scenegraph.time.renderloop: [window 0x7f48b5903e40][render thread 0x7f48b57a2c20] syncAndRender: frame rendered in 0ms, sync=0, render=0, swap=0
2026-07-14 19:24:19.313 DEBUG qt.scenegraph.time.renderloop: [window 0x7f48b5903e40][gui thread] polishAndSync: start, elapsed since last call: 26 ms
2026-07-14 19:24:19.313 DEBUG qt.scenegraph.time.renderloop: [window 0x7f48b5903e40][render thread 0x7f48b57a2c20] syncAndRender: start, elapsed since last call: 27 ms
2026-07-14 19:24:19.313 DEBUG qt.scenegraph.time.renderloop: [window 0x7f48b5903e40][gui thread] Frame prepared, polish=0 ms, lock=0 ms, blockedForSync=0 ms, animations=0 ms
2026-07-14 19:24:19.313 DEBUG qt.scenegraph.time.renderer: time in renderer: total=0ms, preprocess=0, updates=0, rendering=0
2026-07-14 19:24:19.313 DEBUG qt.scenegraph.time.renderloop: [window 0x7f48b5903e40][render thread 0x7f48b57a2c20] syncAndRender: frame rendered in 0ms, sync=0, render=0, swap=0
2026-07-14 19:24:19.320 DEBUG qt.scenegraph.time.renderloop: [window 0x7f48b5903e40][gui thread] polishAndSync: start, elapsed since last call: 7 ms
2026-07-14 19:24:19.320 DEBUG qt.scenegraph.time.renderloop: [window 0x7f48b5903e40][render thread 0x7f48b57a2c20] syncAndRender: start, elapsed since last call: 7 ms
2026-07-14 19:24:19.320 DEBUG qt.scenegraph.time.renderloop: [window 0x7f48b5903e40][gui thread] Frame prepared, polish=0 ms, lock=0 ms, blockedForSync=0 ms, animations=0 ms
2026-07-14 19:24:19.320 DEBUG qt.scenegraph.time.renderer: time in renderer: total=0ms, preprocess=0, updates=0, rendering=0
2026-07-14 19:24:19.321 DEBUG qt.scenegraph.time.renderloop: [window 0x7f48b5903e40][render thread 0x7f48b57a2c20] syncAndRender: frame rendered in 0ms, sync=0, render=0, swap=0
2026-07-14 19:24:19.345 DEBUG qt.scenegraph.time.renderloop: [window 0x7f48b5903e40][gui thread] polishAndSync: start, elapsed since last call: 25 ms
2026-07-14 19:24:19.346 DEBUG qt.scenegraph.time.renderloop: [window 0x7f48b5903e40][render thread 0x7f48b57a2c20] syncAndRender: start, elapsed since last call: 25 ms
2026-07-14 19:24:19.346 DEBUG qt.scenegraph.time.renderloop: [window 0x7f48b5903e40][gui thread] Frame prepared, polish=0 ms, lock=0 ms, blockedForSync=0 ms, animations=0 ms
2026-07-14 19:24:19.346 DEBUG qt.scenegraph.time.renderer: time in renderer: total=0ms, preprocess=0, updates=0, rendering=0
2026-07-14 19:24:19.346 DEBUG qt.scenegraph.time.renderloop: [window 0x7f48b5903e40][render thread 0x7f48b57a2c20] syncAndRender: frame rendered in 0ms, sync=0, render=0, swap=0
2026-07-14 19:24:19.348 DEBUG qt.scenegraph.time.renderloop: [window 0x7f48b5903e40][gui thread] polishAndSync: start, elapsed since last call: 2 ms
2026-07-14 19:24:19.348 DEBUG qt.scenegraph.time.renderloop: [window 0x7f48b5903e40][render thread 0x7f48b57a2c20] syncAndRender: start, elapsed since last call: 2 ms
2026-07-14 19:24:19.348 DEBUG qt.scenegraph.time.renderloop: [window 0x7f48b5903e40][gui thread] Frame prepared, polish=0 ms, lock=0 ms, blockedForSync=0 ms, animations=0 ms
2026-07-14 19:24:19.348 DEBUG qt.scenegraph.time.renderer: time in renderer: total=0ms, preprocess=0, updates=0, rendering=0
2026-07-14 19:24:19.349 DEBUG qt.scenegraph.time.renderloop: [window 0x7f48b5903e40][render thread 0x7f48b57a2c20] syncAndRender: frame rendered in 0ms, sync=0, render=0, swap=0
2026-07-14 19:24:19.378 DEBUG qt.scenegraph.time.renderloop: [window 0x7f48b5903e40][gui thread] polishAndSync: start, elapsed since last call: 30 ms
2026-07-14 19:24:19.379 DEBUG qt.scenegraph.time.renderloop: [window 0x7f48b5903e40][render thread 0x7f48b57a2c20] syncAndRender: start, elapsed since last call: 30 ms
2026-07-14 19:24:19.379 DEBUG qt.scenegraph.time.renderloop: [window 0x7f48b5903e40][gui thread] Frame prepared, polish=0 ms, lock=0 ms, blockedForSync=0 ms, animations=0 ms
2026-07-14 19:24:19.379 DEBUG qt.scenegraph.time.renderer: time in renderer: total=0ms, preprocess=0, updates=0, rendering=0
2026-07-14 19:24:19.379 DEBUG qt.scenegraph.time.renderloop: [window 0x7f48b5903e40][render thread 0x7f48b57a2c20] syncAndRender: frame rendered in 0ms, sync=0, render=0, swap=0
2026-07-14 19:24:19.383 DEBUG qt.scenegraph.time.renderloop: [window 0x7f48b5903e40][gui thread] polishAndSync: start, elapsed since last call: 4 ms
2026-07-14 19:24:19.383 DEBUG qt.scenegraph.time.renderloop: [window 0x7f48b5903e40][render thread 0x7f48b57a2c20] syncAndRender: start, elapsed since last call: 4 ms
2026-07-14 19:24:19.383 DEBUG qt.scenegraph.time.renderloop: [window 0x7f48b5903e40][gui thread] Frame prepared, polish=0 ms, lock=0 ms, blockedForSync=0 ms, animations=0 ms
2026-07-14 19:24:19.383 DEBUG qt.scenegraph.time.renderer: time in renderer: total=0ms, preprocess=0, updates=0, rendering=0
2026-07-14 19:24:19.383 DEBUG qt.scenegraph.time.renderloop: [window 0x7f48b5903e40][render thread 0x7f48b57a2c20] syncAndRender: frame rendered in 0ms, sync=0, render=0, swap=0
2026-07-14 19:24:19.412 DEBUG qt.scenegraph.time.renderloop: [window 0x7f48b5903e40][gui thread] polishAndSync: start, elapsed since last call: 29 ms
2026-07-14 19:24:19.412 DEBUG qt.scenegraph.time.renderloop: [window 0x7f48b5903e40][render thread 0x7f48b57a2c20] syncAndRender: start, elapsed since last call: 29 ms
2026-07-14 19:24:19.412 DEBUG qt.scenegraph.time.renderloop: [window 0x7f48b5903e40][gui thread] Frame prepared, polish=0 ms, lock=0 ms, blockedForSync=0 ms, animations=0 ms
2026-07-14 19:24:19.412 DEBUG qt.scenegraph.time.renderer: time in renderer: total=0ms, preprocess=0, updates=0, rendering=0
2026-07-14 19:24:19.413 DEBUG qt.scenegraph.time.renderloop: [window 0x7f48b5903e40][render thread 0x7f48b57a2c20] syncAndRender: frame rendered in 0ms, sync=0, render=0, swap=0
2026-07-14 19:24:19.418 DEBUG qt.scenegraph.time.renderloop: [window 0x7f48b5903e40][gui thread] polishAndSync: start, elapsed since last call: 5 ms
2026-07-14 19:24:19.418 DEBUG qt.scenegraph.time.renderloop: [window 0x7f48b5903e40][render thread 0x7f48b57a2c20] syncAndRender: start, elapsed since last call: 5 ms
2026-07-14 19:24:19.418 DEBUG qt.scenegraph.time.renderloop: [window 0x7f48b5903e40][gui thread] Frame prepared, polish=0 ms, lock=0 ms, blockedForSync=0 ms, animations=0 ms
2026-07-14 19:24:19.418 DEBUG qt.scenegraph.time.renderer: time in renderer: total=0ms, preprocess=0, updates=0, rendering=0
2026-07-14 19:24:19.418 DEBUG qt.scenegraph.time.renderloop: [window 0x7f48b5903e40][render thread 0x7f48b57a2c20] syncAndRender: frame rendered in 0ms, sync=0, render=0, swap=0
2026-07-14 19:24:19.445 DEBUG qt.scenegraph.time.renderloop: [window 0x7f48b5903e40][gui thread] polishAndSync: start, elapsed since last call: 26 ms
2026-07-14 19:24:19.445 DEBUG qt.scenegraph.time.renderloop: [window 0x7f48b5903e40][render thread 0x7f48b57a2c20] syncAndRender: start, elapsed since last call: 27 ms
2026-07-14 19:24:19.445 DEBUG qt.scenegraph.time.renderloop: [window 0x7f48b5903e40][gui thread] Frame prepared, polish=0 ms, lock=0 ms, blockedForSync=0 ms, animations=0 ms
2026-07-14 19:24:19.445 DEBUG qt.scenegraph.time.renderer: time in renderer: total=0ms, preprocess=0, updates=0, rendering=0
2026-07-14 19:24:19.445 DEBUG qt.scenegraph.time.renderloop: [window 0x7f48b5903e40][render thread 0x7f48b57a2c20] syncAndRender: frame rendered in 0ms, sync=0, render=0, swap=0
2026-07-14 19:24:19.453 DEBUG qt.scenegraph.time.renderloop: [window 0x7f48b5903e40][gui thread] polishAndSync: start, elapsed since last call: 7 ms
2026-07-14 19:24:19.453 DEBUG qt.scenegraph.time.renderloop: [window 0x7f48b5903e40][render thread 0x7f48b57a2c20] syncAndRender: start, elapsed since last call: 7 ms
2026-07-14 19:24:19.453 DEBUG qt.scenegraph.time.renderloop: [window 0x7f48b5903e40][gui thread] Frame prepared, polish=0 ms, lock=0 ms, blockedForSync=0 ms, animations=0 ms
2026-07-14 19:24:19.453 DEBUG qt.scenegraph.time.renderer: time in renderer: total=0ms, preprocess=0, updates=0, rendering=0
2026-07-14 19:24:19.453 DEBUG qt.scenegraph.time.renderloop: [window 0x7f48b5903e40][render thread 0x7f48b57a2c20] syncAndRender: frame rendered in 0ms, sync=0, render=0, swap=0
2026-07-14 19:24:19.478 DEBUG qt.scenegraph.time.renderloop: [window 0x7f48b5903e40][gui thread] polishAndSync: start, elapsed since last call: 25 ms
2026-07-14 19:24:19.478 DEBUG qt.scenegraph.time.renderloop: [window 0x7f48b5903e40][render thread 0x7f48b57a2c20] syncAndRender: start, elapsed since last call: 25 ms
2026-07-14 19:24:19.478 DEBUG qt.scenegraph.time.renderloop: [window 0x7f48b5903e40][gui thread] Frame prepared, polish=0 ms, lock=0 ms, blockedForSync=0 ms, animations=0 ms
2026-07-14 19:24:19.478 DEBUG qt.scenegraph.time.renderer: time in renderer: total=0ms, preprocess=0, updates=0, rendering=0
2026-07-14 19:24:19.478 DEBUG qt.scenegraph.time.renderloop: [window 0x7f48b5903e40][render thread 0x7f48b57a2c20] syncAndRender: frame rendered in 0ms, sync=0, render=0, swap=0
2026-07-14 19:24:19.480 DEBUG qt.scenegraph.time.renderloop: [window 0x7f48b5903e40][gui thread] polishAndSync: start, elapsed since last call: 2 ms
2026-07-14 19:24:19.480 DEBUG qt.scenegraph.time.renderloop: [window 0x7f48b5903e40][render thread 0x7f48b57a2c20] syncAndRender: start, elapsed since last call: 2 ms
2026-07-14 19:24:19.480 DEBUG qt.scenegraph.time.renderloop: [window 0x7f48b5903e40][gui thread] Frame prepared, polish=0 ms, lock=0 ms, blockedForSync=0 ms, animations=0 ms
2026-07-14 19:24:19.480 DEBUG qt.scenegraph.time.renderer: time in renderer: total=0ms, preprocess=0, updates=0, rendering=0
2026-07-14 19:24:19.481 DEBUG qt.scenegraph.time.renderloop: [window 0x7f48b5903e40][render thread 0x7f48b57a2c20] syncAndRender: frame rendered in 0ms, sync=0, render=0, swap=0
2026-07-14 19:24:19.510 DEBUG qt.scenegraph.time.renderloop: [window 0x7f48b5903e40][gui thread] polishAndSync: start, elapsed since last call: 30 ms
2026-07-14 19:24:19.511 DEBUG qt.scenegraph.time.renderloop: [window 0x7f48b5903e40][render thread 0x7f48b57a2c20] syncAndRender: start, elapsed since last call: 30 ms
2026-07-14 19:24:19.511 DEBUG qt.scenegraph.time.renderloop: [window 0x7f48b5903e40][gui thread] Frame prepared, polish=0 ms, lock=0 ms, blockedForSync=0 ms, animations=0 ms
2026-07-14 19:24:19.511 DEBUG qt.scenegraph.time.renderer: time in renderer: total=0ms, preprocess=0, updates=0, rendering=0
2026-07-14 19:24:19.511 DEBUG qt.scenegraph.time.renderloop: [window 0x7f48b5903e40][render thread 0x7f48b57a2c20] syncAndRender: frame rendered in 0ms, sync=0, render=0, swap=0
2026-07-14 19:24:19.515 DEBUG qt.scenegraph.time.renderloop: [window 0x7f48b5903e40][gui thread] polishAndSync: start, elapsed since last call: 4 ms
2026-07-14 19:24:19.515 DEBUG qt.scenegraph.time.renderloop: [window 0x7f48b5903e40][render thread 0x7f48b57a2c20] syncAndRender: start, elapsed since last call: 4 ms
2026-07-14 19:24:19.515 DEBUG qt.scenegraph.time.renderloop: [window 0x7f48b5903e40][gui thread] Frame prepared, polish=0 ms, lock=0 ms, blockedForSync=0 ms, animations=0 ms
2026-07-14 19:24:19.515 DEBUG qt.scenegraph.time.renderer: time in renderer: total=0ms, preprocess=0, updates=0, rendering=0
2026-07-14 19:24:19.515 DEBUG qt.scenegraph.time.renderloop: [window 0x7f48b5903e40][render thread 0x7f48b57a2c20] syncAndRender: frame rendered in 0ms, sync=0, render=0, swap=0
2026-07-14 19:24:19.543 DEBUG qt.scenegraph.time.renderloop: [window 0x7f48b5903e40][gui thread] polishAndSync: start, elapsed since last call: 27 ms
2026-07-14 19:24:19.543 DEBUG qt.scenegraph.time.renderloop: [window 0x7f48b5903e40][render thread 0x7f48b57a2c20] syncAndRender: start, elapsed since last call: 28 ms
2026-07-14 19:24:19.543 DEBUG qt.scenegraph.time.renderloop: [window 0x7f48b5903e40][gui thread] Frame prepared, polish=0 ms, lock=0 ms, blockedForSync=0 ms, animations=0 ms
2026-07-14 19:24:19.543 DEBUG qt.scenegraph.time.renderer: time in renderer: total=0ms, preprocess=0, updates=0, rendering=0
2026-07-14 19:24:19.544 DEBUG qt.scenegraph.time.renderloop: [window 0x7f48b5903e40][render thread 0x7f48b57a2c20] syncAndRender: frame rendered in 0ms, sync=0, render=0, swap=0
2026-07-14 19:24:19.550 DEBUG qt.scenegraph.time.renderloop: [window 0x7f48b5903e40][gui thread] polishAndSync: start, elapsed since last call: 6 ms
2026-07-14 19:24:19.550 DEBUG qt.scenegraph.time.renderloop: [window 0x7f48b5903e40][render thread 0x7f48b57a2c20] syncAndRender: start, elapsed since last call: 6 ms
2026-07-14 19:24:19.550 DEBUG qt.scenegraph.time.renderloop: [window 0x7f48b5903e40][gui thread] Frame prepared, polish=0 ms, lock=0 ms, blockedForSync=0 ms, animations=0 ms
2026-07-14 19:24:19.550 DEBUG qt.scenegraph.time.renderer: time in renderer: total=0ms, preprocess=0, updates=0, rendering=0
2026-07-14 19:24:19.550 DEBUG qt.scenegraph.time.renderloop: [window 0x7f48b5903e40][render thread 0x7f48b57a2c20] syncAndRender: frame rendered in 0ms, sync=0, render=0, swap=0
2026-07-14 19:24:19.577 DEBUG qt.scenegraph.time.renderloop: [window 0x7f48b5903e40][gui thread] polishAndSync: start, elapsed since last call: 27 ms
2026-07-14 19:24:19.577 DEBUG qt.scenegraph.time.renderloop: [window 0x7f48b5903e40][render thread 0x7f48b57a2c20] syncAndRender: start, elapsed since last call: 27 ms
2026-07-14 19:24:19.577 DEBUG qt.scenegraph.time.renderloop: [window 0x7f48b5903e40][gui thread] Frame prepared, polish=0 ms, lock=0 ms, blockedForSync=0 ms, animations=0 ms
2026-07-14 19:24:19.577 DEBUG qt.scenegraph.time.renderer: time in renderer: total=0ms, preprocess=0, updates=0, rendering=0
2026-07-14 19:24:19.577 DEBUG qt.scenegraph.time.renderloop: [window 0x7f48b5903e40][render thread 0x7f48b57a2c20] syncAndRender: frame rendered in 0ms, sync=0, render=0, swap=0
2026-07-14 19:24:19.584 DEBUG qt.scenegraph.time.renderloop: [window 0x7f48b5903e40][gui thread] polishAndSync: start, elapsed since last call: 7 ms
2026-07-14 19:24:19.584 DEBUG qt.scenegraph.time.renderloop: [window 0x7f48b5903e40][render thread 0x7f48b57a2c20] syncAndRender: start, elapsed since last call: 7 ms
2026-07-14 19:24:19.584 DEBUG qt.scenegraph.time.renderloop: [window 0x7f48b5903e40][gui thread] Frame prepared, polish=0 ms, lock=0 ms, blockedForSync=0 ms, animations=0 ms
2026-07-14 19:24:19.584 DEBUG qt.scenegraph.time.renderer: time in renderer: total=0ms, preprocess=0, updates=0, rendering=0
2026-07-14 19:24:19.585 DEBUG qt.scenegraph.time.renderloop: [window 0x7f48b5903e40][render thread 0x7f48b57a2c20] syncAndRender: frame rendered in 0ms, sync=0, render=0, swap=0
2026-07-14 19:24:19.610 DEBUG qt.scenegraph.time.renderloop: [window 0x7f48b5903e40][gui thread] polishAndSync: start, elapsed since last call: 25 ms
2026-07-14 19:24:19.610 DEBUG qt.scenegraph.time.renderloop: [window 0x7f48b5903e40][render thread 0x7f48b57a2c20] syncAndRender: start, elapsed since last call: 25 ms
2026-07-14 19:24:19.610 DEBUG qt.scenegraph.time.renderloop: [window 0x7f48b5903e40][gui thread] Frame prepared, polish=0 ms, lock=0 ms, blockedForSync=0 ms, animations=0 ms
2026-07-14 19:24:19.610 DEBUG qt.scenegraph.time.renderer: time in renderer: total=0ms, preprocess=0, updates=0, rendering=0
2026-07-14 19:24:19.610 DEBUG qt.scenegraph.time.renderloop: [window 0x7f48b5903e40][render thread 0x7f48b57a2c20] syncAndRender: frame rendered in 0ms, sync=0, render=0, swap=0
2026-07-14 19:24:19.612 DEBUG qt.scenegraph.time.renderloop: [window 0x7f48b5903e40][gui thread] polishAndSync: start, elapsed since last call: 2 ms
2026-07-14 19:24:19.612 DEBUG qt.scenegraph.time.renderloop: [window 0x7f48b5903e40][render thread 0x7f48b57a2c20] syncAndRender: start, elapsed since last call: 2 ms
2026-07-14 19:24:19.612 DEBUG qt.scenegraph.time.renderloop: [window 0x7f48b5903e40][gui thread] Frame prepared, polish=0 ms, lock=0 ms, blockedForSync=0 ms, animations=0 ms
2026-07-14 19:24:19.612 DEBUG qt.scenegraph.time.renderer: time in renderer: total=0ms, preprocess=0, updates=0, rendering=0
2026-07-14 19:24:19.613 DEBUG qt.scenegraph.time.renderloop: [window 0x7f48b5903e40][render thread 0x7f48b57a2c20] syncAndRender: frame rendered in 0ms, sync=0, render=0, swap=0
2026-07-14 19:24:19.642 DEBUG qt.scenegraph.time.renderloop: [window 0x7f48b5903e40][gui thread] polishAndSync: start, elapsed since last call: 29 ms
2026-07-14 19:24:19.643 DEBUG qt.scenegraph.time.renderloop: [window 0x7f48b5903e40][render thread 0x7f48b57a2c20] syncAndRender: start, elapsed since last call: 30 ms
2026-07-14 19:24:19.643 DEBUG qt.scenegraph.time.renderloop: [window 0x7f48b5903e40][gui thread] Frame prepared, polish=0 ms, lock=0 ms, blockedForSync=0 ms, animations=0 ms
2026-07-14 19:24:19.643 DEBUG qt.scenegraph.time.renderer: time in renderer: total=0ms, preprocess=0, updates=0, rendering=0
2026-07-14 19:24:19.643 DEBUG qt.scenegraph.time.renderloop: [window 0x7f48b5903e40][render thread 0x7f48b57a2c20] syncAndRender: frame rendered in 0ms, sync=0, render=0, swap=0
2026-07-14 19:24:19.647 DEBUG qt.scenegraph.time.renderloop: [window 0x7f48b5903e40][gui thread] polishAndSync: start, elapsed since last call: 4 ms
2026-07-14 19:24:19.647 DEBUG qt.scenegraph.time.renderloop: [window 0x7f48b5903e40][render thread 0x7f48b57a2c20] syncAndRender: start, elapsed since last call: 4 ms
2026-07-14 19:24:19.647 DEBUG qt.scenegraph.time.renderloop: [window 0x7f48b5903e40][gui thread] Frame prepared, polish=0 ms, lock=0 ms, blockedForSync=0 ms, animations=0 ms
2026-07-14 19:24:19.647 DEBUG qt.scenegraph.time.renderer: time in renderer: total=0ms, preprocess=0, updates=0, rendering=0
2026-07-14 19:24:19.647 DEBUG qt.scenegraph.time.renderloop: [window 0x7f48b5903e40][render thread 0x7f48b57a2c20] syncAndRender: frame rendered in 0ms, sync=0, render=0, swap=0
2026-07-14 19:24:19.676 DEBUG qt.scenegraph.time.renderloop: [window 0x7f48b5903e40][gui thread] polishAndSync: start, elapsed since last call: 29 ms
2026-07-14 19:24:19.676 DEBUG qt.scenegraph.time.renderloop: [window 0x7f48b5903e40][render thread 0x7f48b57a2c20] syncAndRender: start, elapsed since last call: 29 ms
2026-07-14 19:24:19.676 DEBUG qt.scenegraph.time.renderloop: [window 0x7f48b5903e40][gui thread] Frame prepared, polish=0 ms, lock=0 ms, blockedForSync=0 ms, animations=0 ms
2026-07-14 19:24:19.677 DEBUG qt.scenegraph.time.renderer: time in renderer: total=0ms, preprocess=0, updates=0, rendering=0
2026-07-14 19:24:19.677 DEBUG qt.scenegraph.time.renderloop: [window 0x7f48b5903e40][render thread 0x7f48b57a2c20] syncAndRender: frame rendered in 0ms, sync=0, render=0, swap=0
2026-07-14 19:24:19.682 DEBUG qt.scenegraph.time.renderloop: [window 0x7f48b5903e40][gui thread] polishAndSync: start, elapsed since last call: 5 ms
2026-07-14 19:24:19.682 DEBUG qt.scenegraph.time.renderloop: [window 0x7f48b5903e40][render thread 0x7f48b57a2c20] syncAndRender: start, elapsed since last call: 5 ms
2026-07-14 19:24:19.682 DEBUG qt.scenegraph.time.renderloop: [window 0x7f48b5903e40][gui thread] Frame prepared, polish=0 ms, lock=0 ms, blockedForSync=0 ms, animations=0 ms
2026-07-14 19:24:19.682 DEBUG qt.scenegraph.time.renderer: time in renderer: total=0ms, preprocess=0, updates=0, rendering=0
2026-07-14 19:24:19.682 DEBUG qt.scenegraph.time.renderloop: [window 0x7f48b5903e40][render thread 0x7f48b57a2c20] syncAndRender: frame rendered in 0ms, sync=0, render=0, swap=0
2026-07-14 19:24:19.709 DEBUG qt.scenegraph.time.renderloop: [window 0x7f48b5903e40][gui thread] polishAndSync: start, elapsed since last call: 27 ms
2026-07-14 19:24:19.709 DEBUG qt.scenegraph.time.renderloop: [window 0x7f48b5903e40][render thread 0x7f48b57a2c20] syncAndRender: start, elapsed since last call: 27 ms
2026-07-14 19:24:19.709 DEBUG qt.scenegraph.time.renderloop: [window 0x7f48b5903e40][gui thread] Frame prepared, polish=0 ms, lock=0 ms, blockedForSync=0 ms, animations=0 ms
2026-07-14 19:24:19.709 DEBUG qt.scenegraph.time.renderer: time in renderer: total=0ms, preprocess=0, updates=0, rendering=0
2026-07-14 19:24:19.709 DEBUG qt.scenegraph.time.renderloop: [window 0x7f48b5903e40][render thread 0x7f48b57a2c20] syncAndRender: frame rendered in 0ms, sync=0, render=0, swap=0
2026-07-14 19:24:19.716 DEBUG qt.scenegraph.time.renderloop: [window 0x7f48b5903e40][gui thread] polishAndSync: start, elapsed since last call: 7 ms
2026-07-14 19:24:19.716 DEBUG qt.scenegraph.time.renderloop: [window 0x7f48b5903e40][render thread 0x7f48b57a2c20] syncAndRender: start, elapsed since last call: 7 ms
2026-07-14 19:24:19.716 DEBUG qt.scenegraph.time.renderloop: [window 0x7f48b5903e40][gui thread] Frame prepared, polish=0 ms, lock=0 ms, blockedForSync=0 ms, animations=0 ms
2026-07-14 19:24:19.716 DEBUG qt.scenegraph.time.renderer: time in renderer: total=0ms, preprocess=0, updates=0, rendering=0
2026-07-14 19:24:19.717 DEBUG qt.scenegraph.time.renderloop: [window 0x7f48b5903e40][render thread 0x7f48b57a2c20] syncAndRender: frame rendered in 0ms, sync=0, render=0, swap=0
2026-07-14 19:24:19.741 DEBUG qt.scenegraph.time.renderloop: [window 0x7f48b5903e40][gui thread] polishAndSync: start, elapsed since last call: 25 ms
2026-07-14 19:24:19.742 DEBUG qt.scenegraph.time.renderloop: [window 0x7f48b5903e40][render thread 0x7f48b57a2c20] syncAndRender: start, elapsed since last call: 25 ms
2026-07-14 19:24:19.742 DEBUG qt.scenegraph.time.renderloop: [window 0x7f48b5903e40][gui thread] Frame prepared, polish=0 ms, lock=0 ms, blockedForSync=0 ms, animations=0 ms
2026-07-14 19:24:19.742 DEBUG qt.scenegraph.time.renderer: time in renderer: total=0ms, preprocess=0, updates=0, rendering=0
2026-07-14 19:24:19.742 DEBUG qt.scenegraph.time.renderloop: [window 0x7f48b5903e40][render thread 0x7f48b57a2c20] syncAndRender: frame rendered in 0ms, sync=0, render=0, swap=0
2026-07-14 19:24:19.744 DEBUG qt.scenegraph.time.renderloop: [window 0x7f48b5903e40][gui thread] polishAndSync: start, elapsed since last call: 2 ms
2026-07-14 19:24:19.744 DEBUG qt.scenegraph.time.renderloop: [window 0x7f48b5903e40][render thread 0x7f48b57a2c20] syncAndRender: start, elapsed since last call: 2 ms
2026-07-14 19:24:19.744 DEBUG qt.scenegraph.time.renderloop: [window 0x7f48b5903e40][gui thread] Frame prepared, polish=0 ms, lock=0 ms, blockedForSync=0 ms, animations=0 ms
2026-07-14 19:24:19.744 DEBUG qt.scenegraph.time.renderer: time in renderer: total=0ms, preprocess=0, updates=0, rendering=0
2026-07-14 19:24:19.744 DEBUG qt.scenegraph.time.renderloop: [window 0x7f48b5903e40][render thread 0x7f48b57a2c20] syncAndRender: frame rendered in 0ms, sync=0, render=0, swap=0
2026-07-14 19:24:19.774 DEBUG qt.scenegraph.time.renderloop: [window 0x7f48b5903e40][gui thread] polishAndSync: start, elapsed since last call: 30 ms
2026-07-14 19:24:19.775 DEBUG qt.scenegraph.time.renderloop: [window 0x7f48b5903e40][render thread 0x7f48b57a2c20] syncAndRender: start, elapsed since last call: 30 ms
2026-07-14 19:24:19.775 DEBUG qt.scenegraph.time.renderloop: [window 0x7f48b5903e40][gui thread] Frame prepared, polish=0 ms, lock=0 ms, blockedForSync=0 ms, animations=0 ms
2026-07-14 19:24:19.775 DEBUG qt.scenegraph.time.renderer: time in renderer: total=0ms, preprocess=0, updates=0, rendering=0
2026-07-14 19:24:19.775 DEBUG qt.scenegraph.time.renderloop: [window 0x7f48b5903e40][render thread 0x7f48b57a2c20] syncAndRender: frame rendered in 0ms, sync=0, render=0, swap=0
2026-07-14 19:24:19.779 DEBUG qt.scenegraph.time.renderloop: [window 0x7f48b5903e40][gui thread] polishAndSync: start, elapsed since last call: 4 ms
2026-07-14 19:24:19.779 DEBUG qt.scenegraph.time.renderloop: [window 0x7f48b5903e40][render thread 0x7f48b57a2c20] syncAndRender: start, elapsed since last call: 4 ms
2026-07-14 19:24:19.779 DEBUG qt.scenegraph.time.renderloop: [window 0x7f48b5903e40][gui thread] Frame prepared, polish=0 ms, lock=0 ms, blockedForSync=0 ms, animations=0 ms
2026-07-14 19:24:19.779 DEBUG qt.scenegraph.time.renderer: time in renderer: total=0ms, preprocess=0, updates=0, rendering=0
2026-07-14 19:24:19.779 DEBUG qt.scenegraph.time.renderloop: [window 0x7f48b5903e40][render thread 0x7f48b57a2c20] syncAndRender: frame rendered in 0ms, sync=0, render=0, swap=0
2026-07-14 19:24:19.808 DEBUG qt.scenegraph.time.renderloop: [window 0x7f48b5903e40][gui thread] polishAndSync: start, elapsed since last call: 29 ms
2026-07-14 19:24:19.808 DEBUG qt.scenegraph.time.renderloop: [window 0x7f48b5903e40][render thread 0x7f48b57a2c20] syncAndRender: start, elapsed since last call: 29 ms
2026-07-14 19:24:19.808 DEBUG qt.scenegraph.time.renderloop: [window 0x7f48b5903e40][gui thread] Frame prepared, polish=0 ms, lock=0 ms, blockedForSync=0 ms, animations=0 ms
2026-07-14 19:24:19.808 DEBUG qt.scenegraph.time.renderer: time in renderer: total=0ms, preprocess=0, updates=0, rendering=0
2026-07-14 19:24:19.809 DEBUG qt.scenegraph.time.renderloop: [window 0x7f48b5903e40][render thread 0x7f48b57a2c20] syncAndRender: frame rendered in 0ms, sync=0, render=0, swap=0
2026-07-14 19:24:19.814 DEBUG qt.scenegraph.time.renderloop: [window 0x7f48b5903e40][gui thread] polishAndSync: start, elapsed since last call: 5 ms
2026-07-14 19:24:19.814 DEBUG qt.scenegraph.time.renderloop: [window 0x7f48b5903e40][render thread 0x7f48b57a2c20] syncAndRender: start, elapsed since last call: 5 ms
2026-07-14 19:24:19.814 DEBUG qt.scenegraph.time.renderloop: [window 0x7f48b5903e40][gui thread] Frame prepared, polish=0 ms, lock=0 ms, blockedForSync=0 ms, animations=0 ms
2026-07-14 19:24:19.814 DEBUG qt.scenegraph.time.renderer: time in renderer: total=0ms, preprocess=0, updates=0, rendering=0
2026-07-14 19:24:19.814 DEBUG qt.scenegraph.time.renderloop: [window 0x7f48b5903e40][render thread 0x7f48b57a2c20] syncAndRender: frame rendered in 0ms, sync=0, render=0, swap=0
2026-07-14 19:24:19.841 DEBUG qt.scenegraph.time.renderloop: [window 0x7f48b5903e40][gui thread] polishAndSync: start, elapsed since last call: 27 ms
2026-07-14 19:24:19.841 DEBUG qt.scenegraph.time.renderloop: [window 0x7f48b5903e40][render thread 0x7f48b57a2c20] syncAndRender: start, elapsed since last call: 27 ms
2026-07-14 19:24:19.841 DEBUG qt.scenegraph.time.renderloop: [window 0x7f48b5903e40][gui thread] Frame prepared, polish=0 ms, lock=0 ms, blockedForSync=0 ms, animations=0 ms
2026-07-14 19:24:19.841 DEBUG qt.scenegraph.time.renderer: time in renderer: total=0ms, preprocess=0, updates=0, rendering=0
2026-07-14 19:24:19.841 DEBUG qt.scenegraph.time.renderloop: [window 0x7f48b5903e40][render thread 0x7f48b57a2c20] syncAndRender: frame rendered in 0ms, sync=0, render=0, swap=0
2026-07-14 19:24:19.842 DEBUG qt.scenegraph.time.renderloop: [window 0x7f48b5903e40][gui thread] polishAndSync: start, elapsed since last call: 0 ms
2026-07-14 19:24:19.842 DEBUG qt.scenegraph.time.renderloop: [window 0x7f48b5903e40][render thread 0x7f48b57a2c20] syncAndRender: start, elapsed since last call: 0 ms
2026-07-14 19:24:19.842 DEBUG qt.scenegraph.time.renderloop: [window 0x7f48b5903e40][gui thread] Frame prepared, polish=0 ms, lock=0 ms, blockedForSync=0 ms, animations=0 ms
2026-07-14 19:24:19.842 DEBUG qt.scenegraph.time.renderer: time in renderer: total=0ms, preprocess=0, updates=0, rendering=0
2026-07-14 19:24:19.842 DEBUG qt.scenegraph.time.renderloop: [window 0x7f48b5903e40][render thread 0x7f48b57a2c20] syncAndRender: frame rendered in 0ms, sync=0, render=0, swap=0
2026-07-14 19:24:19.874 DEBUG qt.scenegraph.time.renderloop: [window 0x7f48b5903e40][gui thread] polishAndSync: start, elapsed since last call: 32 ms
2026-07-14 19:24:19.874 DEBUG qt.scenegraph.time.renderloop: [window 0x7f48b5903e40][render thread 0x7f48b57a2c20] syncAndRender: start, elapsed since last call: 32 ms
2026-07-14 19:24:19.874 DEBUG qt.scenegraph.time.renderloop: [window 0x7f48b5903e40][gui thread] Frame prepared, polish=0 ms, lock=0 ms, blockedForSync=0 ms, animations=0 ms
2026-07-14 19:24:19.874 DEBUG qt.scenegraph.time.renderer: time in renderer: total=0ms, preprocess=0, updates=0, rendering=0
2026-07-14 19:24:19.874 DEBUG qt.scenegraph.time.renderloop: [window 0x7f48b5903e40][render thread 0x7f48b57a2c20] syncAndRender: frame rendered in 0ms, sync=0, render=0, swap=0
2026-07-14 19:24:19.875 DEBUG qt.scenegraph.time.renderloop: [window 0x7f48b5903e40][gui thread] polishAndSync: start, elapsed since last call: 0 ms
2026-07-14 19:24:19.875 DEBUG qt.scenegraph.time.renderloop: [window 0x7f48b5903e40][render thread 0x7f48b57a2c20] syncAndRender: start, elapsed since last call: 0 ms
2026-07-14 19:24:19.875 DEBUG qt.scenegraph.time.renderloop: [window 0x7f48b5903e40][gui thread] Frame prepared, polish=0 ms, lock=0 ms, blockedForSync=0 ms, animations=0 ms
2026-07-14 19:24:19.875 DEBUG qt.scenegraph.time.renderer: time in renderer: total=0ms, preprocess=0, updates=0, rendering=0
2026-07-14 19:24:19.875 DEBUG qt.scenegraph.time.renderloop: [window 0x7f48b5903e40][render thread 0x7f48b57a2c20] syncAndRender: frame rendered in 0ms, sync=0, render=0, swap=0
2026-07-14 19:24:19.906 DEBUG qt.scenegraph.time.renderloop: [window 0x7f48b5903e40][gui thread] polishAndSync: start, elapsed since last call: 31 ms
2026-07-14 19:24:19.909 DEBUG qt.scenegraph.time.renderloop: [window 0x7f48b5903e40][render thread 0x7f48b57a2c20] syncAndRender: start, elapsed since last call: 33 ms
2026-07-14 19:24:19.909 DEBUG qt.scenegraph.time.renderloop: [window 0x7f48b5903e40][gui thread] Frame prepared, polish=2 ms, lock=0 ms, blockedForSync=0 ms, animations=0 ms
2026-07-14 19:24:19.909 DEBUG qt.scenegraph.time.renderer: time in renderer: total=0ms, preprocess=0, updates=0, rendering=0
2026-07-14 19:24:19.909 DEBUG qt.scenegraph.time.renderloop: [window 0x7f48b5903e40][render thread 0x7f48b57a2c20] syncAndRender: frame rendered in 0ms, sync=0, render=0, swap=0
2026-07-14 19:24:19.910 DEBUG qt.scenegraph.time.renderloop: [window 0x7f48b5903e40][gui thread] polishAndSync: start, elapsed since last call: 3 ms
2026-07-14 19:24:19.910 DEBUG qt.scenegraph.time.renderloop: [window 0x7f48b5903e40][render thread 0x7f48b57a2c20] syncAndRender: start, elapsed since last call: 1 ms
2026-07-14 19:24:19.910 DEBUG qt.scenegraph.time.renderloop: [window 0x7f48b5903e40][gui thread] Frame prepared, polish=0 ms, lock=0 ms, blockedForSync=0 ms, animations=0 ms
2026-07-14 19:24:19.910 DEBUG qt.scenegraph.time.renderer: time in renderer: total=0ms, preprocess=0, updates=0, rendering=0
2026-07-14 19:24:19.910 DEBUG qt.scenegraph.time.renderloop: [window 0x7f48b5903e40][render thread 0x7f48b57a2c20] syncAndRender: frame rendered in 0ms, sync=0, render=0, swap=0
2026-07-14 19:24:19.939 DEBUG qt.scenegraph.time.renderloop: [window 0x7f48b5903e40][gui thread] polishAndSync: start, elapsed since last call: 29 ms
2026-07-14 19:24:19.939 DEBUG qt.scenegraph.time.renderloop: [window 0x7f48b5903e40][render thread 0x7f48b57a2c20] syncAndRender: start, elapsed since last call: 29 ms
2026-07-14 19:24:19.940 DEBUG qt.scenegraph.time.renderloop: [window 0x7f48b5903e40][gui thread] Frame prepared, polish=0 ms, lock=0 ms, blockedForSync=0 ms, animations=0 ms
2026-07-14 19:24:19.940 DEBUG qt.scenegraph.time.renderer: time in renderer: total=0ms, preprocess=0, updates=0, rendering=0
2026-07-14 19:24:19.940 DEBUG qt.scenegraph.time.renderloop: [window 0x7f48b5903e40][render thread 0x7f48b57a2c20] syncAndRender: frame rendered in 0ms, sync=0, render=0, swap=0
2026-07-14 19:24:19.940 DEBUG qt.scenegraph.time.renderloop: [window 0x7f48b5903e40][gui thread] polishAndSync: start, elapsed since last call: 0 ms
2026-07-14 19:24:19.940 DEBUG qt.scenegraph.time.renderloop: [window 0x7f48b5903e40][render thread 0x7f48b57a2c20] syncAndRender: start, elapsed since last call: 0 ms
2026-07-14 19:24:19.940 DEBUG qt.scenegraph.time.renderloop: [window 0x7f48b5903e40][gui thread] Frame prepared, polish=0 ms, lock=0 ms, blockedForSync=0 ms, animations=0 ms
2026-07-14 19:24:19.940 DEBUG qt.scenegraph.time.renderer: time in renderer: total=0ms, preprocess=0, updates=0, rendering=0
2026-07-14 19:24:19.940 DEBUG qt.scenegraph.time.renderloop: [window 0x7f48b5903e40][render thread 0x7f48b57a2c20] syncAndRender: frame rendered in 0ms, sync=0, render=0, swap=0
2026-07-14 19:24:19.973 DEBUG qt.scenegraph.time.renderloop: [window 0x7f48b5903e40][gui thread] polishAndSync: start, elapsed since last call: 32 ms
2026-07-14 19:24:19.973 DEBUG qt.scenegraph.time.renderloop: [window 0x7f48b5903e40][render thread 0x7f48b57a2c20] syncAndRender: start, elapsed since last call: 33 ms
2026-07-14 19:24:19.973 DEBUG qt.scenegraph.time.renderloop: [window 0x7f48b5903e40][gui thread] Frame prepared, polish=0 ms, lock=0 ms, blockedForSync=0 ms, animations=0 ms
2026-07-14 19:24:19.973 DEBUG qt.scenegraph.time.renderer: time in renderer: total=0ms, preprocess=0, updates=0, rendering=0
2026-07-14 19:24:19.973 DEBUG qt.scenegraph.time.renderloop: [window 0x7f48b5903e40][render thread 0x7f48b57a2c20] syncAndRender: frame rendered in 0ms, sync=0, render=0, swap=0
2026-07-14 19:24:19.974 DEBUG qt.scenegraph.time.renderloop: [window 0x7f48b5903e40][gui thread] polishAndSync: start, elapsed since last call: 0 ms
2026-07-14 19:24:19.974 DEBUG qt.scenegraph.time.renderloop: [window 0x7f48b5903e40][render thread 0x7f48b57a2c20] syncAndRender: start, elapsed since last call: 0 ms
2026-07-14 19:24:19.974 DEBUG qt.scenegraph.time.renderloop: [window 0x7f48b5903e40][gui thread] Frame prepared, polish=0 ms, lock=0 ms, blockedForSync=0 ms, animations=0 ms
2026-07-14 19:24:19.974 DEBUG qt.scenegraph.time.renderer: time in renderer: total=0ms, preprocess=0, updates=0, rendering=0
2026-07-14 19:24:19.974 DEBUG qt.scenegraph.time.renderloop: [window 0x7f48b5903e40][render thread 0x7f48b57a2c20] syncAndRender: frame rendered in 0ms, sync=0, render=0, swap=0
2026-07-14 19:24:20.006 DEBUG qt.scenegraph.time.renderloop: [window 0x7f48b5903e40][gui thread] polishAndSync: start, elapsed since last call: 31 ms
2026-07-14 19:24:20.006 DEBUG qt.scenegraph.time.renderloop: [window 0x7f48b5903e40][render thread 0x7f48b57a2c20] syncAndRender: start, elapsed since last call: 32 ms
2026-07-14 19:24:20.006 DEBUG qt.scenegraph.time.renderloop: [window 0x7f48b5903e40][gui thread] Frame prepared, polish=0 ms, lock=0 ms, blockedForSync=0 ms, animations=0 ms
2026-07-14 19:24:20.006 DEBUG qt.scenegraph.time.renderer: time in renderer: total=0ms, preprocess=0, updates=0, rendering=0
2026-07-14 19:24:20.006 DEBUG qt.scenegraph.time.renderloop: [window 0x7f48b5903e40][render thread 0x7f48b57a2c20] syncAndRender: frame rendered in 0ms, sync=0, render=0, swap=0
2026-07-14 19:24:20.008 DEBUG qt.scenegraph.time.renderloop: [window 0x7f48b5903e40][gui thread] polishAndSync: start, elapsed since last call: 2 ms
2026-07-14 19:24:20.008 DEBUG qt.scenegraph.time.renderloop: [window 0x7f48b5903e40][render thread 0x7f48b57a2c20] syncAndRender: start, elapsed since last call: 2 ms
2026-07-14 19:24:20.008 DEBUG qt.scenegraph.time.renderloop: [window 0x7f48b5903e40][gui thread] Frame prepared, polish=0 ms, lock=0 ms, blockedForSync=0 ms, animations=0 ms
2026-07-14 19:24:20.008 DEBUG qt.scenegraph.time.renderer: time in renderer: total=0ms, preprocess=0, updates=0, rendering=0
2026-07-14 19:24:20.009 DEBUG qt.scenegraph.time.renderloop: [window 0x7f48b5903e40][render thread 0x7f48b57a2c20] syncAndRender: frame rendered in 0ms, sync=0, render=0, swap=0
2026-07-14 19:24:20.038 DEBUG qt.scenegraph.time.renderloop: [window 0x7f48b5903e40][gui thread] polishAndSync: start, elapsed since last call: 30 ms
2026-07-14 19:24:20.039 DEBUG qt.scenegraph.time.renderloop: [window 0x7f48b5903e40][render thread 0x7f48b57a2c20] syncAndRender: start, elapsed since last call: 30 ms
2026-07-14 19:24:20.039 DEBUG qt.scenegraph.time.renderloop: [window 0x7f48b5903e40][gui thread] Frame prepared, polish=0 ms, lock=0 ms, blockedForSync=0 ms, animations=0 ms
2026-07-14 19:24:20.039 DEBUG qt.scenegraph.time.renderer: time in renderer: total=0ms, preprocess=0, updates=0, rendering=0
2026-07-14 19:24:20.039 DEBUG qt.scenegraph.time.renderloop: [window 0x7f48b5903e40][render thread 0x7f48b57a2c20] syncAndRender: frame rendered in 0ms, sync=0, render=0, swap=0
2026-07-14 19:24:20.043 DEBUG qt.scenegraph.time.renderloop: [window 0x7f48b5903e40][gui thread] polishAndSync: start, elapsed since last call: 4 ms
2026-07-14 19:24:20.043 DEBUG qt.scenegraph.time.renderloop: [window 0x7f48b5903e40][render thread 0x7f48b57a2c20] syncAndRender: start, elapsed since last call: 4 ms
2026-07-14 19:24:20.043 DEBUG qt.scenegraph.time.renderloop: [window 0x7f48b5903e40][gui thread] Frame prepared, polish=0 ms, lock=0 ms, blockedForSync=0 ms, animations=0 ms
2026-07-14 19:24:20.043 DEBUG qt.scenegraph.time.renderer: time in renderer: total=0ms, preprocess=0, updates=0, rendering=0
2026-07-14 19:24:20.043 DEBUG qt.scenegraph.time.renderloop: [window 0x7f48b5903e40][render thread 0x7f48b57a2c20] syncAndRender: frame rendered in 0ms, sync=0, render=0, swap=0
2026-07-14 19:24:20.071 DEBUG qt.scenegraph.time.renderloop: [window 0x7f48b5903e40][gui thread] polishAndSync: start, elapsed since last call: 28 ms
2026-07-14 19:24:20.072 DEBUG qt.scenegraph.time.renderloop: [window 0x7f48b5903e40][render thread 0x7f48b57a2c20] syncAndRender: start, elapsed since last call: 28 ms
2026-07-14 19:24:20.072 DEBUG qt.scenegraph.time.renderloop: [window 0x7f48b5903e40][gui thread] Frame prepared, polish=0 ms, lock=0 ms, blockedForSync=0 ms, animations=0 ms
2026-07-14 19:24:20.072 DEBUG qt.scenegraph.time.renderer: time in renderer: total=0ms, preprocess=0, updates=0, rendering=0
2026-07-14 19:24:20.072 DEBUG qt.scenegraph.time.renderloop: [window 0x7f48b5903e40][render thread 0x7f48b57a2c20] syncAndRender: frame rendered in 0ms, sync=0, render=0, swap=0
2026-07-14 19:24:20.078 DEBUG qt.scenegraph.time.renderloop: [window 0x7f48b5903e40][gui thread] polishAndSync: start, elapsed since last call: 6 ms
2026-07-14 19:24:20.078 DEBUG qt.scenegraph.time.renderloop: [window 0x7f48b5903e40][render thread 0x7f48b57a2c20] syncAndRender: start, elapsed since last call: 6 ms
2026-07-14 19:24:20.078 DEBUG qt.scenegraph.time.renderloop: [window 0x7f48b5903e40][gui thread] Frame prepared, polish=0 ms, lock=0 ms, blockedForSync=0 ms, animations=0 ms
2026-07-14 19:24:20.078 DEBUG qt.scenegraph.time.renderer: time in renderer: total=0ms, preprocess=0, updates=0, rendering=0
2026-07-14 19:24:20.078 DEBUG qt.scenegraph.time.renderloop: [window 0x7f48b5903e40][render thread 0x7f48b57a2c20] syncAndRender: frame rendered in 0ms, sync=0, render=0, swap=0
2026-07-14 19:24:20.104 DEBUG qt.scenegraph.time.renderloop: [window 0x7f48b5903e40][gui thread] polishAndSync: start, elapsed since last call: 26 ms
2026-07-14 19:24:20.105 DEBUG qt.scenegraph.time.renderloop: [window 0x7f48b5903e40][render thread 0x7f48b57a2c20] syncAndRender: start, elapsed since last call: 26 ms
2026-07-14 19:24:20.105 DEBUG qt.scenegraph.time.renderloop: [window 0x7f48b5903e40][gui thread] Frame prepared, polish=0 ms, lock=0 ms, blockedForSync=0 ms, animations=0 ms
2026-07-14 19:24:20.105 DEBUG qt.scenegraph.time.renderer: time in renderer: total=0ms, preprocess=0, updates=0, rendering=0
2026-07-14 19:24:20.105 DEBUG qt.scenegraph.time.renderloop: [window 0x7f48b5903e40][render thread 0x7f48b57a2c20] syncAndRender: frame rendered in 0ms, sync=0, render=0, swap=0
2026-07-14 19:24:20.113 DEBUG qt.scenegraph.time.renderloop: [window 0x7f48b5903e40][gui thread] polishAndSync: start, elapsed since last call: 8 ms
2026-07-14 19:24:20.113 DEBUG qt.scenegraph.time.renderloop: [window 0x7f48b5903e40][render thread 0x7f48b57a2c20] syncAndRender: start, elapsed since last call: 7 ms
2026-07-14 19:24:20.113 DEBUG qt.scenegraph.time.renderloop: [window 0x7f48b5903e40][gui thread] Frame prepared, polish=0 ms, lock=0 ms, blockedForSync=0 ms, animations=0 ms
2026-07-14 19:24:20.113 DEBUG qt.scenegraph.time.renderer: time in renderer: total=0ms, preprocess=0, updates=0, rendering=0
2026-07-14 19:24:20.113 DEBUG qt.scenegraph.time.renderloop: [window 0x7f48b5903e40][render thread 0x7f48b57a2c20] syncAndRender: frame rendered in 0ms, sync=0, render=0, swap=0
2026-07-14 19:24:20.137 DEBUG qt.scenegraph.time.renderloop: [window 0x7f48b5903e40][gui thread] polishAndSync: start, elapsed since last call: 24 ms
2026-07-14 19:24:20.137 DEBUG qt.scenegraph.time.renderloop: [window 0x7f48b5903e40][render thread 0x7f48b57a2c20] syncAndRender: start, elapsed since last call: 24 ms
2026-07-14 19:24:20.137 DEBUG qt.scenegraph.time.renderloop: [window 0x7f48b5903e40][gui thread] Frame prepared, polish=0 ms, lock=0 ms, blockedForSync=0 ms, animations=0 ms
2026-07-14 19:24:20.137 DEBUG qt.scenegraph.time.renderer: time in renderer: total=0ms, preprocess=0, updates=0, rendering=0
2026-07-14 19:24:20.137 DEBUG qt.scenegraph.time.renderloop: [window 0x7f48b5903e40][render thread 0x7f48b57a2c20] syncAndRender: frame rendered in 0ms, sync=0, render=0, swap=0
2026-07-14 19:24:20.140 DEBUG qt.scenegraph.time.renderloop: [window 0x7f48b5903e40][gui thread] polishAndSync: start, elapsed since last call: 3 ms
2026-07-14 19:24:20.140 DEBUG qt.scenegraph.time.renderloop: [window 0x7f48b5903e40][render thread 0x7f48b57a2c20] syncAndRender: start, elapsed since last call: 3 ms
2026-07-14 19:24:20.140 DEBUG qt.scenegraph.time.renderloop: [window 0x7f48b5903e40][gui thread] Frame prepared, polish=0 ms, lock=0 ms, blockedForSync=0 ms, animations=0 ms
2026-07-14 19:24:20.140 DEBUG qt.scenegraph.time.renderer: time in renderer: total=0ms, preprocess=0, updates=0, rendering=0
2026-07-14 19:24:20.141 DEBUG qt.scenegraph.time.renderloop: [window 0x7f48b5903e40][render thread 0x7f48b57a2c20] syncAndRender: frame rendered in 0ms, sync=0, render=0, swap=0
2026-07-14 19:24:20.170 DEBUG qt.scenegraph.time.renderloop: [window 0x7f48b5903e40][gui thread] polishAndSync: start, elapsed since last call: 30 ms
2026-07-14 19:24:20.171 DEBUG qt.scenegraph.time.renderloop: [window 0x7f48b5903e40][render thread 0x7f48b57a2c20] syncAndRender: start, elapsed since last call: 30 ms
2026-07-14 19:24:20.171 DEBUG qt.scenegraph.time.renderloop: [window 0x7f48b5903e40][gui thread] Frame prepared, polish=0 ms, lock=0 ms, blockedForSync=0 ms, animations=0 ms
2026-07-14 19:24:20.171 DEBUG qt.scenegraph.time.renderer: time in renderer: total=0ms, preprocess=0, updates=0, rendering=0
2026-07-14 19:24:20.171 DEBUG qt.scenegraph.time.renderloop: [window 0x7f48b5903e40][render thread 0x7f48b57a2c20] syncAndRender: frame rendered in 0ms, sync=0, render=0, swap=0
2026-07-14 19:24:20.175 DEBUG qt.scenegraph.time.renderloop: [window 0x7f48b5903e40][gui thread] polishAndSync: start, elapsed since last call: 4 ms
2026-07-14 19:24:20.175 DEBUG qt.scenegraph.time.renderloop: [window 0x7f48b5903e40][render thread 0x7f48b57a2c20] syncAndRender: start, elapsed since last call: 4 ms
2026-07-14 19:24:20.175 DEBUG qt.scenegraph.time.renderloop: [window 0x7f48b5903e40][gui thread] Frame prepared, polish=0 ms, lock=0 ms, blockedForSync=0 ms, animations=0 ms
2026-07-14 19:24:20.175 DEBUG qt.scenegraph.time.renderer: time in renderer: total=0ms, preprocess=0, updates=0, rendering=0
2026-07-14 19:24:20.175 DEBUG qt.scenegraph.time.renderloop: [window 0x7f48b5903e40][render thread 0x7f48b57a2c20] syncAndRender: frame rendered in 0ms, sync=0, render=0, swap=0
2026-07-14 19:24:20.203 DEBUG qt.scenegraph.time.renderloop: [window 0x7f48b5903e40][gui thread] polishAndSync: start, elapsed since last call: 28 ms
2026-07-14 19:24:20.204 DEBUG qt.scenegraph.time.renderloop: [window 0x7f48b5903e40][render thread 0x7f48b57a2c20] syncAndRender: start, elapsed since last call: 28 ms
2026-07-14 19:24:20.204 DEBUG qt.scenegraph.time.renderloop: [window 0x7f48b5903e40][gui thread] Frame prepared, polish=0 ms, lock=0 ms, blockedForSync=0 ms, animations=0 ms
2026-07-14 19:24:20.204 DEBUG qt.scenegraph.time.renderer: time in renderer: total=0ms, preprocess=0, updates=0, rendering=0
2026-07-14 19:24:20.204 DEBUG qt.scenegraph.time.renderloop: [window 0x7f48b5903e40][render thread 0x7f48b57a2c20] syncAndRender: frame rendered in 0ms, sync=0, render=0, swap=0
2026-07-14 19:24:20.210 DEBUG qt.scenegraph.time.renderloop: [window 0x7f48b5903e40][gui thread] polishAndSync: start, elapsed since last call: 6 ms
2026-07-14 19:24:20.210 DEBUG qt.scenegraph.time.renderloop: [window 0x7f48b5903e40][render thread 0x7f48b57a2c20] syncAndRender: start, elapsed since last call: 6 ms
2026-07-14 19:24:20.210 DEBUG qt.scenegraph.time.renderloop: [window 0x7f48b5903e40][gui thread] Frame prepared, polish=0 ms, lock=0 ms, blockedForSync=0 ms, animations=0 ms
2026-07-14 19:24:20.210 DEBUG qt.scenegraph.time.renderer: time in renderer: total=0ms, preprocess=0, updates=0, rendering=0
2026-07-14 19:24:20.210 DEBUG qt.scenegraph.time.renderloop: [window 0x7f48b5903e40][render thread 0x7f48b57a2c20] syncAndRender: frame rendered in 0ms, sync=0, render=0, swap=0
2026-07-14 19:24:20.237 DEBUG qt.scenegraph.time.renderloop: [window 0x7f48b5903e40][gui thread] polishAndSync: start, elapsed since last call: 26 ms
2026-07-14 19:24:20.237 DEBUG qt.scenegraph.time.renderloop: [window 0x7f48b5903e40][render thread 0x7f48b57a2c20] syncAndRender: start, elapsed since last call: 27 ms
2026-07-14 19:24:20.237 DEBUG qt.scenegraph.time.renderloop: [window 0x7f48b5903e40][gui thread] Frame prepared, polish=0 ms, lock=0 ms, blockedForSync=0 ms, animations=0 ms
2026-07-14 19:24:20.237 DEBUG qt.scenegraph.time.renderer: time in renderer: total=0ms, preprocess=0, updates=0, rendering=0
2026-07-14 19:24:20.238 DEBUG qt.scenegraph.time.renderloop: [window 0x7f48b5903e40][render thread 0x7f48b57a2c20] syncAndRender: frame rendered in 0ms, sync=0, render=0, swap=0
2026-07-14 19:24:20.245 DEBUG qt.scenegraph.time.renderloop: [window 0x7f48b5903e40][gui thread] polishAndSync: start, elapsed since last call: 7 ms
2026-07-14 19:24:20.245 DEBUG qt.scenegraph.time.renderloop: [window 0x7f48b5903e40][render thread 0x7f48b57a2c20] syncAndRender: start, elapsed since last call: 7 ms
2026-07-14 19:24:20.245 DEBUG qt.scenegraph.time.renderloop: [window 0x7f48b5903e40][gui thread] Frame prepared, polish=0 ms, lock=0 ms, blockedForSync=0 ms, animations=0 ms
2026-07-14 19:24:20.245 DEBUG qt.scenegraph.time.renderer: time in renderer: total=0ms, preprocess=0, updates=0, rendering=0
2026-07-14 19:24:20.245 DEBUG qt.scenegraph.time.renderloop: [window 0x7f48b5903e40][render thread 0x7f48b57a2c20] syncAndRender: frame rendered in 0ms, sync=0, render=0, swap=0
2026-07-14 19:24:20.270 DEBUG qt.scenegraph.time.renderloop: [window 0x7f48b5903e40][gui thread] polishAndSync: start, elapsed since last call: 25 ms
2026-07-14 19:24:20.270 DEBUG qt.scenegraph.time.renderloop: [window 0x7f48b5903e40][render thread 0x7f48b57a2c20] syncAndRender: start, elapsed since last call: 25 ms
2026-07-14 19:24:20.270 DEBUG qt.scenegraph.time.renderloop: [window 0x7f48b5903e40][gui thread] Frame prepared, polish=0 ms, lock=0 ms, blockedForSync=0 ms, animations=0 ms
2026-07-14 19:24:20.270 DEBUG qt.scenegraph.time.renderer: time in renderer: total=0ms, preprocess=0, updates=0, rendering=0
2026-07-14 19:24:20.270 DEBUG qt.scenegraph.time.renderloop: [window 0x7f48b5903e40][render thread 0x7f48b57a2c20] syncAndRender: frame rendered in 0ms, sync=0, render=0, swap=0
2026-07-14 19:24:20.272 DEBUG qt.scenegraph.time.renderloop: [window 0x7f48b5903e40][gui thread] polishAndSync: start, elapsed since last call: 2 ms
2026-07-14 19:24:20.272 DEBUG qt.scenegraph.time.renderloop: [window 0x7f48b5903e40][render thread 0x7f48b57a2c20] syncAndRender: start, elapsed since last call: 2 ms
2026-07-14 19:24:20.272 DEBUG qt.scenegraph.time.renderloop: [window 0x7f48b5903e40][gui thread] Frame prepared, polish=0 ms, lock=0 ms, blockedForSync=0 ms, animations=0 ms
2026-07-14 19:24:20.272 DEBUG qt.scenegraph.time.renderer: time in renderer: total=0ms, preprocess=0, updates=0, rendering=0
2026-07-14 19:24:20.273 DEBUG qt.scenegraph.time.renderloop: [window 0x7f48b5903e40][render thread 0x7f48b57a2c20] syncAndRender: frame rendered in 0ms, sync=0, render=0, swap=0
2026-07-14 19:24:20.302 DEBUG qt.scenegraph.time.renderloop: [window 0x7f48b5903e40][gui thread] polishAndSync: start, elapsed since last call: 30 ms
2026-07-14 19:24:20.303 DEBUG qt.scenegraph.time.renderloop: [window 0x7f48b5903e40][render thread 0x7f48b57a2c20] syncAndRender: start, elapsed since last call: 30 ms
2026-07-14 19:24:20.303 DEBUG qt.scenegraph.time.renderloop: [window 0x7f48b5903e40][gui thread] Frame prepared, polish=0 ms, lock=0 ms, blockedForSync=0 ms, animations=0 ms
2026-07-14 19:24:20.303 DEBUG qt.scenegraph.time.renderer: time in renderer: total=0ms, preprocess=0, updates=0, rendering=0
2026-07-14 19:24:20.303 DEBUG qt.scenegraph.time.renderloop: [window 0x7f48b5903e40][render thread 0x7f48b57a2c20] syncAndRender: frame rendered in 0ms, sync=0, render=0, swap=0
2026-07-14 19:24:20.307 DEBUG qt.scenegraph.time.renderloop: [window 0x7f48b5903e40][gui thread] polishAndSync: start, elapsed since last call: 4 ms
2026-07-14 19:24:20.307 DEBUG qt.scenegraph.time.renderloop: [window 0x7f48b5903e40][render thread 0x7f48b57a2c20] syncAndRender: start, elapsed since last call: 4 ms
2026-07-14 19:24:20.307 DEBUG qt.scenegraph.time.renderloop: [window 0x7f48b5903e40][gui thread] Frame prepared, polish=0 ms, lock=0 ms, blockedForSync=0 ms, animations=0 ms
2026-07-14 19:24:20.307 DEBUG qt.scenegraph.time.renderer: time in renderer: total=0ms, preprocess=0, updates=0, rendering=0
2026-07-14 19:24:20.308 DEBUG qt.scenegraph.time.renderloop: [window 0x7f48b5903e40][render thread 0x7f48b57a2c20] syncAndRender: frame rendered in 0ms, sync=0, render=0, swap=0
2026-07-14 19:24:20.335 DEBUG qt.scenegraph.time.renderloop: [window 0x7f48b5903e40][gui thread] polishAndSync: start, elapsed since last call: 28 ms
2026-07-14 19:24:20.336 DEBUG qt.scenegraph.time.renderloop: [window 0x7f48b5903e40][render thread 0x7f48b57a2c20] syncAndRender: start, elapsed since last call: 28 ms
2026-07-14 19:24:20.336 DEBUG qt.scenegraph.time.renderloop: [window 0x7f48b5903e40][gui thread] Frame prepared, polish=0 ms, lock=0 ms, blockedForSync=0 ms, animations=0 ms
2026-07-14 19:24:20.336 DEBUG qt.scenegraph.time.renderer: time in renderer: total=0ms, preprocess=0, updates=0, rendering=0
2026-07-14 19:24:20.336 DEBUG qt.scenegraph.time.renderloop: [window 0x7f48b5903e40][render thread 0x7f48b57a2c20] syncAndRender: frame rendered in 0ms, sync=0, render=0, swap=0
2026-07-14 19:24:20.342 DEBUG qt.scenegraph.time.renderloop: [window 0x7f48b5903e40][gui thread] polishAndSync: start, elapsed since last call: 6 ms
2026-07-14 19:24:20.342 DEBUG qt.scenegraph.time.renderloop: [window 0x7f48b5903e40][render thread 0x7f48b57a2c20] syncAndRender: start, elapsed since last call: 6 ms
2026-07-14 19:24:20.342 DEBUG qt.scenegraph.time.renderloop: [window 0x7f48b5903e40][gui thread] Frame prepared, polish=0 ms, lock=0 ms, blockedForSync=0 ms, animations=0 ms
2026-07-14 19:24:20.342 DEBUG qt.scenegraph.time.renderer: time in renderer: total=0ms, preprocess=0, updates=0, rendering=0
2026-07-14 19:24:20.342 DEBUG qt.scenegraph.time.renderloop: [window 0x7f48b5903e40][render thread 0x7f48b57a2c20] syncAndRender: frame rendered in 0ms, sync=0, render=0, swap=0
2026-07-14 19:24:20.369 DEBUG qt.scenegraph.time.renderloop: [window 0x7f48b5903e40][gui thread] polishAndSync: start, elapsed since last call: 27 ms
2026-07-14 19:24:20.369 DEBUG qt.scenegraph.time.renderloop: [window 0x7f48b5903e40][render thread 0x7f48b57a2c20] syncAndRender: start, elapsed since last call: 27 ms
2026-07-14 19:24:20.370 DEBUG qt.scenegraph.time.renderloop: [window 0x7f48b5903e40][gui thread] Frame prepared, polish=0 ms, lock=0 ms, blockedForSync=0 ms, animations=0 ms
2026-07-14 19:24:20.370 DEBUG qt.scenegraph.time.renderer: time in renderer: total=0ms, preprocess=0, updates=0, rendering=0
2026-07-14 19:24:20.370 DEBUG qt.scenegraph.time.renderloop: [window 0x7f48b5903e40][render thread 0x7f48b57a2c20] syncAndRender: frame rendered in 0ms, sync=0, render=0, swap=0
2026-07-14 19:24:20.377 DEBUG qt.scenegraph.time.renderloop: [window 0x7f48b5903e40][gui thread] polishAndSync: start, elapsed since last call: 7 ms
2026-07-14 19:24:20.377 DEBUG qt.scenegraph.time.renderloop: [window 0x7f48b5903e40][render thread 0x7f48b57a2c20] syncAndRender: start, elapsed since last call: 7 ms
2026-07-14 19:24:20.377 DEBUG qt.scenegraph.time.renderloop: [window 0x7f48b5903e40][gui thread] Frame prepared, polish=0 ms, lock=0 ms, blockedForSync=0 ms, animations=0 ms
2026-07-14 19:24:20.377 DEBUG qt.scenegraph.time.renderer: time in renderer: total=0ms, preprocess=0, updates=0, rendering=0
2026-07-14 19:24:20.377 DEBUG qt.scenegraph.time.renderloop: [window 0x7f48b5903e40][render thread 0x7f48b57a2c20] syncAndRender: frame rendered in 0ms, sync=0, render=0, swap=0
