2026-07-14 17:50:50.600  INFO: Launching config: "/tmp/opencode/.task-12-full-run.work.ZJkTiQ/sources/main/source/versions/V1/shell.qml"
2026-07-14 17:50:50.600  INFO: Shell ID: "2410337584df86240a9919df4f999210" Path ID "2410337584df86240a9919df4f999210"
2026-07-14 17:50:50.600  INFO: Saving logs to "/run/user/1000/quickshell/by-id/il44qc96it/log.qslog"
2026-07-14 17:50:50.649 DEBUG qt.scenegraph.general: threaded render loop
2026-07-14 17:50:50.649 DEBUG qt.scenegraph.general: Using sg animation driver
2026-07-14 17:50:50.649 DEBUG qt.scenegraph.general: Animation Driver: using vsync: 6.94 ms
2026-07-14 17:50:50.992  INFO: Configuration Loaded
2026-07-14 17:50:51.021 DEBUG qt.scenegraph.time.renderloop: [window 0x7f20c65f8630][gui thread] polishAndSync: start, elapsed since last call: 3 ms
2026-07-14 17:50:51.021 DEBUG qt.scenegraph.general: Animation Driver: using vsync: 6.94 ms
2026-07-14 17:50:51.021 DEBUG qt.scenegraph.general: Creating QRhi with backend OpenGL for window 0x7f20c65f8630 (wflags 0x1)
  Graphics API debug/validation layers: 0
  Debug markers: 0
  Timestamps: 0
  Prefer software device: 0
  Shader/pipeline cache collection: 1
2026-07-14 17:50:51.024 DEBUG qt.rhi.general: Created OpenGL context QSurfaceFormat(version 4.6, options QFlags<QSurfaceFormat::FormatOption>(DeprecatedFunctions|ResetNotification), depthBufferSize 24, redBufferSize 8, greenBufferSize 8, blueBufferSize 8, alphaBufferSize 8, stencilBufferSize 8, samples 0, swapBehavior QSurfaceFormat::DefaultSwapBehavior, swapInterval 1, colorSpace QColorSpace(), profile  QSurfaceFormat::CompatibilityProfile)
2026-07-14 17:50:51.025 DEBUG qt.rhi.general: OpenGL VENDOR: AMD RENDERER: AMD Radeon RX 6700 XT (radeonsi, navi22, ACO, DRM 3.64, 7.1.3-2-cachyos) VERSION: 4.6 (Compatibility Profile) Mesa 26.1.4-arch1.1
2026-07-14 17:50:51.026 DEBUG qt.scenegraph.general: Created QRhi 0x7f20bca0c008 for window 0x7f20c65f8630
2026-07-14 17:50:51.026 DEBUG qt.scenegraph.general: Attempting to seed pipeline cache for QRhi 0x7f20bca0c008 from '/home/alarisco/.cache/quickshell/qtpipelinecache-x86_64-little_endian-lp64/qqpc_opengl'
2026-07-14 17:50:51.026 DEBUG qt.rhi.general: Seeded pipeline cache with 11 program binaries
2026-07-14 17:50:51.026 DEBUG qt.scenegraph.general: MSAA sample count for the swapchain is 1. Alpha channel requested = yes.
2026-07-14 17:50:51.026 DEBUG qt.scenegraph.time.renderloop: [window 0x7f20c65f8630][render thread 0x7f20c0b174c0] syncAndRender: start, elapsed since last call: 4 ms
2026-07-14 17:50:51.026 DEBUG qt.scenegraph.time.renderloop: [window 0x7f20c65f8630][render thread 0x7f20c0b174c0] syncAndRender: frame rendered in 0ms, sync=0, render=0, swap=0
2026-07-14 17:50:51.026 DEBUG qt.scenegraph.general: rhi texture atlas dimensions: 4096x2048
2026-07-14 17:50:51.026 DEBUG qt.scenegraph.time.renderloop: [window 0x7f20c65f8630][render thread 0x7f20c0b174c0] syncAndRender: start, elapsed since last call: 0 ms
2026-07-14 17:50:51.035 DEBUG qt.scenegraph.time.glyph: distancefield: 2 glyphs prepared in 0ms, rendering=0, upload=0
2026-07-14 17:50:51.035 DEBUG qt.scenegraph.time.glyph: distancefield: 1 glyphs prepared in 0ms, rendering=0, upload=0
2026-07-14 17:50:51.036 DEBUG qt.scenegraph.time.glyph: distancefield: 19 glyphs prepared in 0ms, rendering=0, upload=0
2026-07-14 17:50:51.036 DEBUG qt.scenegraph.time.glyph: distancefield: 12 glyphs prepared in 0ms, rendering=0, upload=0
2026-07-14 17:50:51.036 DEBUG qt.scenegraph.time.glyph: distancefield: 1 glyphs prepared in 0ms, rendering=0, upload=0
2026-07-14 17:50:51.036 DEBUG qt.scenegraph.time.glyph: distancefield: 1 glyphs prepared in 0ms, rendering=0, upload=0
2026-07-14 17:50:51.037 DEBUG qt.scenegraph.time.renderer: time in renderer: total=0ms, preprocess=0, updates=0, rendering=0
2026-07-14 17:50:51.039 DEBUG qt.scenegraph.time.renderer: time in renderer: total=2ms, preprocess=0, updates=0, rendering=1
2026-07-14 17:50:51.044 DEBUG qt.scenegraph.time.renderloop: [window 0x7f20c65f8630][render thread 0x7f20c0b174c0] syncAndRender: frame rendered in 17ms, sync=8, render=4, swap=4
2026-07-14 17:50:51.044 DEBUG qt.scenegraph.time.renderloop: [window 0x7f20c65f8630][gui thread] Frame prepared, polish=0 ms, lock=0 ms, blockedForSync=22 ms, animations=0 ms
2026-07-14 17:50:51.117 DEBUG qt.scenegraph.time.renderloop: [window 0x7f20c65f8630][gui thread] polishAndSync: start, elapsed since last call: 95 ms
2026-07-14 17:50:51.118 DEBUG qt.scenegraph.time.renderloop: [window 0x7f20c65f8630][render thread 0x7f20c0b174c0] syncAndRender: start, elapsed since last call: 91 ms
2026-07-14 17:50:51.119 DEBUG qt.scenegraph.time.glyph: distancefield: 1 glyphs prepared in 0ms, rendering=0, upload=0
2026-07-14 17:50:51.119 DEBUG qt.scenegraph.time.glyph: distancefield: 2 glyphs prepared in 0ms, rendering=0, upload=0
2026-07-14 17:50:51.120 DEBUG qt.scenegraph.time.glyph: distancefield: 1 glyphs prepared in 0ms, rendering=0, upload=0
2026-07-14 17:50:51.120 DEBUG qt.scenegraph.time.renderloop: [window 0x7f20c65f8630][gui thread] Frame prepared, polish=0 ms, lock=0 ms, blockedForSync=1 ms, animations=0 ms
2026-07-14 17:50:51.120 DEBUG qt.scenegraph.time.texture: atlastexture upload enqueued in: -9223363147996ms (48x48)
2026-07-14 17:50:51.120 DEBUG qt.scenegraph.time.texture: atlastexture upload enqueued in: -9223363147995ms (656x192)
2026-07-14 17:50:51.120 DEBUG qt.scenegraph.time.texture: atlastexture upload enqueued in: -9223363147995ms (549x230)
2026-07-14 17:50:51.121 DEBUG qt.scenegraph.time.texture: atlastexture upload enqueued in: -9223363147995ms (605x231)
2026-07-14 17:50:51.121 DEBUG qt.scenegraph.time.texture: atlastexture upload enqueued in: -9223363147995ms (80x24)
2026-07-14 17:50:51.121 DEBUG qt.scenegraph.time.texture: atlastexture upload enqueued in: -9223363147995ms (16x14)
2026-07-14 17:50:51.121 DEBUG qt.scenegraph.time.texture: atlastexture upload enqueued in: -9223363147995ms (6x8)
2026-07-14 17:50:51.121 DEBUG qt.scenegraph.time.texture: atlastexture upload enqueued in: -9223363147995ms (16x16)
2026-07-14 17:50:51.121 DEBUG qt.scenegraph.time.texture: atlastexture upload enqueued in: -9223363147995ms (16x16)
2026-07-14 17:50:51.121 DEBUG qt.scenegraph.time.texture: atlastexture upload enqueued in: -9223363147995ms (36x14)
2026-07-14 17:50:51.121 DEBUG qt.scenegraph.time.texture: atlastexture upload enqueued in: -9223363147995ms (22x14)
2026-07-14 17:50:51.121 DEBUG qt.scenegraph.time.texture: atlastexture upload enqueued in: -9223363147995ms (36x14)
2026-07-14 17:50:51.121 DEBUG qt.scenegraph.time.renderer: time in renderer: total=1ms, preprocess=0, updates=0, rendering=1
2026-07-14 17:50:51.124 DEBUG qt.scenegraph.time.renderloop: [window 0x7f20c65f8630][render thread 0x7f20c0b174c0] syncAndRender: frame rendered in 6ms, sync=1, render=1, swap=3
2026-07-14 17:50:51.132 DEBUG qt.scenegraph.time.renderloop: [window 0x7f20c65f8630][gui thread] polishAndSync: start, elapsed since last call: 15 ms
2026-07-14 17:50:51.133 DEBUG qt.scenegraph.time.renderloop: [window 0x7f20c65f8630][render thread 0x7f20c0b174c0] syncAndRender: start, elapsed since last call: 15 ms
2026-07-14 17:50:51.133 DEBUG qt.scenegraph.time.glyph: distancefield: 1 glyphs prepared in 0ms, rendering=0, upload=0
2026-07-14 17:50:51.134 DEBUG qt.scenegraph.time.texture: atlastexture upload enqueued in: -9223363147982ms (36x14)
2026-07-14 17:50:51.134 DEBUG qt.scenegraph.time.renderer: time in renderer: total=0ms, preprocess=0, updates=0, rendering=0
2026-07-14 17:50:51.135 DEBUG qt.scenegraph.time.renderloop: [window 0x7f20c65f8630][gui thread] Frame prepared, polish=0 ms, lock=0 ms, blockedForSync=0 ms, animations=2 ms
2026-07-14 17:50:51.135 DEBUG qt.scenegraph.time.renderloop: [window 0x7f20c65f8630][render thread 0x7f20c0b174c0] syncAndRender: frame rendered in 2ms, sync=0, render=0, swap=1
2026-07-14 17:50:51.141 DEBUG qt.scenegraph.time.renderloop: [window 0x7f20c65f8630][gui thread] polishAndSync: start, elapsed since last call: 8 ms
2026-07-14 17:50:51.143 DEBUG qt.scenegraph.time.renderloop: [window 0x7f20c65f8630][render thread 0x7f20c0b174c0] syncAndRender: start, elapsed since last call: 9 ms
2026-07-14 17:50:51.143 DEBUG qt.scenegraph.general: animation driver switched to timer mode
2026-07-14 17:50:51.143 DEBUG qt.scenegraph.time.renderer: time in renderer: total=0ms, preprocess=0, updates=0, rendering=0
2026-07-14 17:50:51.144 DEBUG qt.scenegraph.time.renderloop: [window 0x7f20c65f8630][render thread 0x7f20c0b174c0] syncAndRender: frame rendered in 1ms, sync=0, render=0, swap=0
2026-07-14 17:50:51.147 DEBUG qt.scenegraph.time.renderloop: [window 0x7f20c65f8630][gui thread] Frame prepared, polish=1 ms, lock=0 ms, blockedForSync=0 ms, animations=4 ms
2026-07-14 17:50:51.149 DEBUG qt.scenegraph.time.renderloop: [window 0x7f20c65f8630][gui thread] polishAndSync: start, elapsed since last call: 8 ms
2026-07-14 17:50:51.151 DEBUG qt.scenegraph.time.renderloop: [window 0x7f20c65f8630][render thread 0x7f20c0b174c0] syncAndRender: start, elapsed since last call: 8 ms
2026-07-14 17:50:51.151 DEBUG qt.scenegraph.time.renderer: time in renderer: total=0ms, preprocess=0, updates=0, rendering=0
2026-07-14 17:50:51.152 DEBUG qt.scenegraph.time.renderloop: [window 0x7f20c65f8630][render thread 0x7f20c0b174c0] syncAndRender: frame rendered in 1ms, sync=0, render=0, swap=0
2026-07-14 17:50:51.153 DEBUG qt.scenegraph.time.renderloop: [window 0x7f20c65f8630][gui thread] Frame prepared, polish=1 ms, lock=0 ms, blockedForSync=0 ms, animations=1 ms
2026-07-14 17:50:51.154 DEBUG qt.scenegraph.time.renderloop: [window 0x7f20c65f8630][gui thread] polishAndSync: start, elapsed since last call: 5 ms
2026-07-14 17:50:51.156 DEBUG qt.scenegraph.time.renderloop: [window 0x7f20c65f8630][render thread 0x7f20c0b174c0] syncAndRender: start, elapsed since last call: 5 ms
2026-07-14 17:50:51.156 DEBUG qt.scenegraph.time.renderer: time in renderer: total=0ms, preprocess=0, updates=0, rendering=0
2026-07-14 17:50:51.157 DEBUG qt.scenegraph.time.renderloop: [window 0x7f20c65f8630][render thread 0x7f20c0b174c0] syncAndRender: frame rendered in 0ms, sync=0, render=0, swap=0
2026-07-14 17:50:51.158 DEBUG qt.scenegraph.time.renderloop: [window 0x7f20c65f8630][gui thread] Frame prepared, polish=1 ms, lock=0 ms, blockedForSync=0 ms, animations=2 ms
2026-07-14 17:50:51.161 DEBUG qt.scenegraph.time.renderloop: [window 0x7f20c65f8630][gui thread] polishAndSync: start, elapsed since last call: 6 ms
2026-07-14 17:50:51.163 DEBUG qt.scenegraph.time.renderloop: [window 0x7f20c65f8630][render thread 0x7f20c0b174c0] syncAndRender: start, elapsed since last call: 7 ms
2026-07-14 17:50:51.163 DEBUG qt.scenegraph.time.renderer: time in renderer: total=0ms, preprocess=0, updates=0, rendering=0
2026-07-14 17:50:51.163 DEBUG qt.scenegraph.time.renderer: time in renderer: total=0ms, preprocess=0, updates=0, rendering=0
2026-07-14 17:50:51.164 DEBUG qt.scenegraph.time.renderer: time in renderer: total=0ms, preprocess=0, updates=0, rendering=0
2026-07-14 17:50:51.165 DEBUG qt.scenegraph.time.renderloop: [window 0x7f20c65f8630][render thread 0x7f20c0b174c0] syncAndRender: frame rendered in 1ms, sync=0, render=1, swap=0
2026-07-14 17:50:51.165 DEBUG qt.scenegraph.time.renderloop: [window 0x7f20c65f8630][gui thread] Frame prepared, polish=1 ms, lock=0 ms, blockedForSync=0 ms, animations=1 ms
2026-07-14 17:50:51.168 DEBUG qt.scenegraph.time.renderloop: [window 0x7f20c65f8630][gui thread] polishAndSync: start, elapsed since last call: 6 ms
2026-07-14 17:50:51.170 DEBUG qt.scenegraph.time.renderloop: [window 0x7f20c65f8630][render thread 0x7f20c0b174c0] syncAndRender: start, elapsed since last call: 7 ms
2026-07-14 17:50:51.171 DEBUG qt.scenegraph.time.renderer: time in renderer: total=0ms, preprocess=0, updates=0, rendering=0
2026-07-14 17:50:51.171 DEBUG qt.scenegraph.time.renderloop: [window 0x7f20c65f8630][render thread 0x7f20c0b174c0] syncAndRender: frame rendered in 0ms, sync=0, render=0, swap=0
2026-07-14 17:50:51.172 DEBUG qt.scenegraph.time.renderloop: [window 0x7f20c65f8630][gui thread] Frame prepared, polish=1 ms, lock=0 ms, blockedForSync=0 ms, animations=1 ms
2026-07-14 17:50:51.175 DEBUG qt.scenegraph.time.renderloop: [window 0x7f20c65f8630][gui thread] polishAndSync: start, elapsed since last call: 6 ms
2026-07-14 17:50:51.177 DEBUG qt.scenegraph.time.renderloop: [window 0x7f20c65f8630][render thread 0x7f20c0b174c0] syncAndRender: start, elapsed since last call: 6 ms
2026-07-14 17:50:51.177 DEBUG qt.scenegraph.time.renderer: time in renderer: total=0ms, preprocess=0, updates=0, rendering=0
2026-07-14 17:50:51.178 DEBUG qt.scenegraph.time.renderloop: [window 0x7f20c65f8630][render thread 0x7f20c0b174c0] syncAndRender: frame rendered in 1ms, sync=0, render=0, swap=0
2026-07-14 17:50:51.179 DEBUG qt.scenegraph.time.renderloop: [window 0x7f20c65f8630][gui thread] Frame prepared, polish=1 ms, lock=0 ms, blockedForSync=0 ms, animations=1 ms
2026-07-14 17:50:51.182 DEBUG qt.scenegraph.time.renderloop: [window 0x7f20c65f8630][gui thread] polishAndSync: start, elapsed since last call: 6 ms
2026-07-14 17:50:51.184 DEBUG qt.scenegraph.time.renderloop: [window 0x7f20c65f8630][render thread 0x7f20c0b174c0] syncAndRender: start, elapsed since last call: 7 ms
2026-07-14 17:50:51.184 DEBUG qt.scenegraph.time.renderer: time in renderer: total=0ms, preprocess=0, updates=0, rendering=0
2026-07-14 17:50:51.185 DEBUG qt.scenegraph.time.renderloop: [window 0x7f20c65f8630][render thread 0x7f20c0b174c0] syncAndRender: frame rendered in 0ms, sync=0, render=0, swap=0
2026-07-14 17:50:51.186 DEBUG qt.scenegraph.time.renderloop: [window 0x7f20c65f8630][gui thread] Frame prepared, polish=1 ms, lock=0 ms, blockedForSync=0 ms, animations=1 ms
2026-07-14 17:50:51.189 DEBUG qt.scenegraph.time.renderloop: [window 0x7f20c65f8630][gui thread] polishAndSync: start, elapsed since last call: 7 ms
2026-07-14 17:50:51.191 DEBUG qt.scenegraph.time.renderloop: [window 0x7f20c65f8630][render thread 0x7f20c0b174c0] syncAndRender: start, elapsed since last call: 6 ms
2026-07-14 17:50:51.191 DEBUG qt.scenegraph.time.renderer: time in renderer: total=0ms, preprocess=0, updates=0, rendering=0
2026-07-14 17:50:51.192 DEBUG qt.scenegraph.time.renderloop: [window 0x7f20c65f8630][render thread 0x7f20c0b174c0] syncAndRender: frame rendered in 0ms, sync=0, render=0, swap=0
2026-07-14 17:50:51.193 DEBUG qt.scenegraph.time.renderloop: [window 0x7f20c65f8630][gui thread] Frame prepared, polish=1 ms, lock=0 ms, blockedForSync=0 ms, animations=2 ms
2026-07-14 17:50:51.196 DEBUG qt.scenegraph.time.renderloop: [window 0x7f20c65f8630][gui thread] polishAndSync: start, elapsed since last call: 6 ms
2026-07-14 17:50:51.198 DEBUG qt.scenegraph.time.renderloop: [window 0x7f20c65f8630][render thread 0x7f20c0b174c0] syncAndRender: start, elapsed since last call: 6 ms
2026-07-14 17:50:51.198 DEBUG qt.scenegraph.time.renderer: time in renderer: total=0ms, preprocess=0, updates=0, rendering=0
2026-07-14 17:50:51.198 DEBUG qt.scenegraph.time.renderloop: [window 0x7f20c65f8630][render thread 0x7f20c0b174c0] syncAndRender: frame rendered in 0ms, sync=0, render=0, swap=0
2026-07-14 17:50:51.202 DEBUG qt.scenegraph.time.renderloop: [window 0x7f20c65f8630][gui thread] Frame prepared, polish=1 ms, lock=0 ms, blockedForSync=0 ms, animations=3 ms
2026-07-14 17:50:51.203 DEBUG qt.scenegraph.time.renderloop: [window 0x7f20c65f8630][gui thread] polishAndSync: start, elapsed since last call: 6 ms
2026-07-14 17:50:51.205 DEBUG qt.scenegraph.time.renderloop: [window 0x7f20c65f8630][render thread 0x7f20c0b174c0] syncAndRender: start, elapsed since last call: 7 ms
2026-07-14 17:50:51.205 DEBUG qt.scenegraph.time.renderer: time in renderer: total=0ms, preprocess=0, updates=0, rendering=0
2026-07-14 17:50:51.205 DEBUG qt.scenegraph.time.renderloop: [window 0x7f20c65f8630][render thread 0x7f20c0b174c0] syncAndRender: frame rendered in 0ms, sync=0, render=0, swap=0
2026-07-14 17:50:51.207 DEBUG qt.scenegraph.time.renderloop: [window 0x7f20c65f8630][gui thread] Frame prepared, polish=1 ms, lock=0 ms, blockedForSync=0 ms, animations=1 ms
2026-07-14 17:50:51.210 DEBUG qt.scenegraph.time.renderloop: [window 0x7f20c65f8630][gui thread] polishAndSync: start, elapsed since last call: 6 ms
2026-07-14 17:50:51.212 DEBUG qt.scenegraph.time.renderloop: [window 0x7f20c65f8630][render thread 0x7f20c0b174c0] syncAndRender: start, elapsed since last call: 7 ms
2026-07-14 17:50:51.212 DEBUG qt.scenegraph.time.renderer: time in renderer: total=0ms, preprocess=0, updates=0, rendering=0
2026-07-14 17:50:51.213 DEBUG qt.scenegraph.time.renderloop: [window 0x7f20c65f8630][render thread 0x7f20c0b174c0] syncAndRender: frame rendered in 0ms, sync=0, render=0, swap=0
2026-07-14 17:50:51.214 DEBUG qt.scenegraph.time.renderloop: [window 0x7f20c65f8630][gui thread] Frame prepared, polish=1 ms, lock=0 ms, blockedForSync=0 ms, animations=1 ms
2026-07-14 17:50:51.217 DEBUG qt.scenegraph.time.renderloop: [window 0x7f20c65f8630][gui thread] polishAndSync: start, elapsed since last call: 6 ms
2026-07-14 17:50:51.218 DEBUG qt.scenegraph.time.renderloop: [window 0x7f20c65f8630][render thread 0x7f20c0b174c0] syncAndRender: start, elapsed since last call: 6 ms
2026-07-14 17:50:51.219 DEBUG qt.scenegraph.general: animation driver switched to vsync mode
2026-07-14 17:50:51.219 DEBUG qt.scenegraph.time.renderer: time in renderer: total=0ms, preprocess=0, updates=0, rendering=0
2026-07-14 17:50:51.219 DEBUG qt.scenegraph.time.renderloop: [window 0x7f20c65f8630][render thread 0x7f20c0b174c0] syncAndRender: frame rendered in 0ms, sync=0, render=0, swap=0
2026-07-14 17:50:51.220 DEBUG qt.scenegraph.time.renderloop: [window 0x7f20c65f8630][gui thread] Frame prepared, polish=1 ms, lock=0 ms, blockedForSync=0 ms, animations=1 ms
2026-07-14 17:50:51.224 DEBUG qt.scenegraph.time.renderloop: [window 0x7f20c65f8630][gui thread] polishAndSync: start, elapsed since last call: 7 ms
2026-07-14 17:50:51.225 DEBUG qt.scenegraph.time.renderloop: [window 0x7f20c65f8630][render thread 0x7f20c0b174c0] syncAndRender: start, elapsed since last call: 6 ms
2026-07-14 17:50:51.226 DEBUG qt.scenegraph.time.renderer: time in renderer: total=0ms, preprocess=0, updates=0, rendering=0
2026-07-14 17:50:51.226 DEBUG qt.scenegraph.time.renderloop: [window 0x7f20c65f8630][render thread 0x7f20c0b174c0] syncAndRender: frame rendered in 0ms, sync=0, render=0, swap=0
2026-07-14 17:50:51.228 DEBUG qt.scenegraph.time.renderloop: [window 0x7f20c65f8630][gui thread] Frame prepared, polish=1 ms, lock=0 ms, blockedForSync=0 ms, animations=2 ms
2026-07-14 17:50:51.231 DEBUG qt.scenegraph.time.renderloop: [window 0x7f20c65f8630][gui thread] polishAndSync: start, elapsed since last call: 6 ms
2026-07-14 17:50:51.233 DEBUG qt.scenegraph.time.renderloop: [window 0x7f20c65f8630][render thread 0x7f20c0b174c0] syncAndRender: start, elapsed since last call: 7 ms
2026-07-14 17:50:51.233 DEBUG qt.scenegraph.time.renderer: time in renderer: total=0ms, preprocess=0, updates=0, rendering=0
2026-07-14 17:50:51.233 DEBUG qt.scenegraph.time.renderloop: [window 0x7f20c65f8630][render thread 0x7f20c0b174c0] syncAndRender: frame rendered in 0ms, sync=0, render=0, swap=0
2026-07-14 17:50:51.235 DEBUG qt.scenegraph.time.renderloop: [window 0x7f20c65f8630][gui thread] Frame prepared, polish=1 ms, lock=0 ms, blockedForSync=0 ms, animations=1 ms
2026-07-14 17:50:51.238 DEBUG qt.scenegraph.time.renderloop: [window 0x7f20c65f8630][gui thread] polishAndSync: start, elapsed since last call: 6 ms
2026-07-14 17:50:51.241 DEBUG qt.scenegraph.time.renderloop: [window 0x7f20c65f8630][render thread 0x7f20c0b174c0] syncAndRender: start, elapsed since last call: 8 ms
2026-07-14 17:50:51.242 DEBUG qt.scenegraph.time.glyph: distancefield: 1 glyphs prepared in 0ms, rendering=0, upload=0
2026-07-14 17:50:51.242 DEBUG qt.scenegraph.time.renderer: time in renderer: total=0ms, preprocess=0, updates=0, rendering=0
2026-07-14 17:50:51.242 DEBUG qt.scenegraph.time.renderloop: [window 0x7f20c65f8630][render thread 0x7f20c0b174c0] syncAndRender: frame rendered in 1ms, sync=0, render=0, swap=0
2026-07-14 17:50:51.244 DEBUG qt.scenegraph.time.renderloop: [window 0x7f20c65f8630][gui thread] Frame prepared, polish=3 ms, lock=0 ms, blockedForSync=0 ms, animations=2 ms
2026-07-14 17:50:51.245 DEBUG qt.scenegraph.time.renderloop: [window 0x7f20c65f8630][gui thread] polishAndSync: start, elapsed since last call: 7 ms
2026-07-14 17:50:51.247 DEBUG qt.scenegraph.time.renderloop: [window 0x7f20c65f8630][render thread 0x7f20c0b174c0] syncAndRender: start, elapsed since last call: 5 ms
2026-07-14 17:50:51.247 DEBUG qt.scenegraph.time.renderer: time in renderer: total=0ms, preprocess=0, updates=0, rendering=0
2026-07-14 17:50:51.247 DEBUG qt.scenegraph.time.renderloop: [window 0x7f20c65f8630][render thread 0x7f20c0b174c0] syncAndRender: frame rendered in 0ms, sync=0, render=0, swap=0
2026-07-14 17:50:51.251 DEBUG qt.scenegraph.time.renderloop: [window 0x7f20c65f8630][gui thread] Frame prepared, polish=2 ms, lock=0 ms, blockedForSync=0 ms, animations=3 ms
2026-07-14 17:50:51.252 DEBUG qt.scenegraph.time.renderloop: [window 0x7f20c65f8630][gui thread] polishAndSync: start, elapsed since last call: 6 ms
2026-07-14 17:50:51.253 DEBUG qt.scenegraph.time.renderloop: [window 0x7f20c65f8630][render thread 0x7f20c0b174c0] syncAndRender: start, elapsed since last call: 6 ms
2026-07-14 17:50:51.254 DEBUG qt.scenegraph.time.renderer: time in renderer: total=0ms, preprocess=0, updates=0, rendering=0
2026-07-14 17:50:51.254 DEBUG qt.scenegraph.time.renderloop: [window 0x7f20c65f8630][render thread 0x7f20c0b174c0] syncAndRender: frame rendered in 0ms, sync=0, render=0, swap=0
2026-07-14 17:50:51.255 DEBUG qt.scenegraph.time.renderloop: [window 0x7f20c65f8630][gui thread] Frame prepared, polish=1 ms, lock=0 ms, blockedForSync=0 ms, animations=1 ms
2026-07-14 17:50:51.259 DEBUG qt.scenegraph.time.renderloop: [window 0x7f20c65f8630][gui thread] polishAndSync: start, elapsed since last call: 7 ms
2026-07-14 17:50:51.260 DEBUG qt.scenegraph.time.renderloop: [window 0x7f20c65f8630][render thread 0x7f20c0b174c0] syncAndRender: start, elapsed since last call: 6 ms
2026-07-14 17:50:51.260 DEBUG qt.scenegraph.time.renderer: time in renderer: total=0ms, preprocess=0, updates=0, rendering=0
2026-07-14 17:50:51.261 DEBUG qt.scenegraph.time.renderloop: [window 0x7f20c65f8630][render thread 0x7f20c0b174c0] syncAndRender: frame rendered in 0ms, sync=0, render=0, swap=0
2026-07-14 17:50:51.262 DEBUG qt.scenegraph.time.renderloop: [window 0x7f20c65f8630][gui thread] Frame prepared, polish=1 ms, lock=0 ms, blockedForSync=0 ms, animations=1 ms
2026-07-14 17:50:51.266 DEBUG qt.scenegraph.time.renderloop: [window 0x7f20c65f8630][gui thread] polishAndSync: start, elapsed since last call: 6 ms
2026-07-14 17:50:51.267 DEBUG qt.scenegraph.time.renderloop: [window 0x7f20c65f8630][render thread 0x7f20c0b174c0] syncAndRender: start, elapsed since last call: 6 ms
2026-07-14 17:50:51.267 DEBUG qt.scenegraph.time.renderer: time in renderer: total=0ms, preprocess=0, updates=0, rendering=0
2026-07-14 17:50:51.268 DEBUG qt.scenegraph.time.renderloop: [window 0x7f20c65f8630][render thread 0x7f20c0b174c0] syncAndRender: frame rendered in 0ms, sync=0, render=0, swap=0
2026-07-14 17:50:51.269 DEBUG qt.scenegraph.time.renderloop: [window 0x7f20c65f8630][gui thread] Frame prepared, polish=1 ms, lock=0 ms, blockedForSync=0 ms, animations=1 ms
2026-07-14 17:50:51.272 DEBUG qt.scenegraph.time.renderloop: [window 0x7f20c65f8630][gui thread] polishAndSync: start, elapsed since last call: 6 ms
2026-07-14 17:50:51.274 DEBUG qt.scenegraph.time.renderloop: [window 0x7f20c65f8630][render thread 0x7f20c0b174c0] syncAndRender: start, elapsed since last call: 7 ms
2026-07-14 17:50:51.275 DEBUG qt.scenegraph.time.renderer: time in renderer: total=0ms, preprocess=0, updates=0, rendering=0
2026-07-14 17:50:51.275 DEBUG qt.scenegraph.time.renderloop: [window 0x7f20c65f8630][render thread 0x7f20c0b174c0] syncAndRender: frame rendered in 0ms, sync=0, render=0, swap=0
2026-07-14 17:50:51.276 DEBUG qt.scenegraph.time.renderloop: [window 0x7f20c65f8630][gui thread] Frame prepared, polish=1 ms, lock=0 ms, blockedForSync=0 ms, animations=1 ms
2026-07-14 17:50:51.280 DEBUG qt.scenegraph.time.renderloop: [window 0x7f20c65f8630][gui thread] polishAndSync: start, elapsed since last call: 7 ms
2026-07-14 17:50:51.282 DEBUG qt.scenegraph.time.renderloop: [window 0x7f20c65f8630][render thread 0x7f20c0b174c0] syncAndRender: start, elapsed since last call: 7 ms
2026-07-14 17:50:51.282 DEBUG qt.scenegraph.time.renderer: time in renderer: total=0ms, preprocess=0, updates=0, rendering=0
2026-07-14 17:50:51.282 DEBUG qt.scenegraph.time.renderloop: [window 0x7f20c65f8630][render thread 0x7f20c0b174c0] syncAndRender: frame rendered in 0ms, sync=0, render=0, swap=0
2026-07-14 17:50:51.283 DEBUG qt.scenegraph.time.renderloop: [window 0x7f20c65f8630][gui thread] Frame prepared, polish=2 ms, lock=0 ms, blockedForSync=0 ms, animations=1 ms
2026-07-14 17:50:51.286 DEBUG qt.scenegraph.time.renderloop: [window 0x7f20c65f8630][gui thread] polishAndSync: start, elapsed since last call: 6 ms
2026-07-14 17:50:51.289 DEBUG qt.scenegraph.time.renderloop: [window 0x7f20c65f8630][render thread 0x7f20c0b174c0] syncAndRender: start, elapsed since last call: 6 ms
2026-07-14 17:50:51.289 DEBUG qt.scenegraph.time.renderer: time in renderer: total=0ms, preprocess=0, updates=0, rendering=0
2026-07-14 17:50:51.289 DEBUG qt.scenegraph.time.renderloop: [window 0x7f20c65f8630][render thread 0x7f20c0b174c0] syncAndRender: frame rendered in 0ms, sync=0, render=0, swap=0
2026-07-14 17:50:51.290 DEBUG qt.scenegraph.time.renderloop: [window 0x7f20c65f8630][gui thread] Frame prepared, polish=2 ms, lock=0 ms, blockedForSync=0 ms, animations=1 ms
2026-07-14 17:50:51.293 DEBUG qt.scenegraph.time.renderloop: [window 0x7f20c65f8630][gui thread] polishAndSync: start, elapsed since last call: 6 ms
2026-07-14 17:50:51.295 DEBUG qt.scenegraph.time.renderloop: [window 0x7f20c65f8630][render thread 0x7f20c0b174c0] syncAndRender: start, elapsed since last call: 6 ms
2026-07-14 17:50:51.296 DEBUG qt.scenegraph.time.renderer: time in renderer: total=0ms, preprocess=0, updates=0, rendering=0
2026-07-14 17:50:51.296 DEBUG qt.scenegraph.time.renderloop: [window 0x7f20c65f8630][render thread 0x7f20c0b174c0] syncAndRender: frame rendered in 0ms, sync=0, render=0, swap=0
2026-07-14 17:50:51.297 DEBUG qt.scenegraph.time.renderloop: [window 0x7f20c65f8630][gui thread] Frame prepared, polish=1 ms, lock=0 ms, blockedForSync=0 ms, animations=1 ms
2026-07-14 17:50:51.300 DEBUG qt.scenegraph.time.renderloop: [window 0x7f20c65f8630][gui thread] polishAndSync: start, elapsed since last call: 6 ms
2026-07-14 17:50:51.304 DEBUG qt.scenegraph.time.renderloop: [window 0x7f20c65f8630][render thread 0x7f20c0b174c0] syncAndRender: start, elapsed since last call: 9 ms
2026-07-14 17:50:51.305 DEBUG qt.scenegraph.time.renderer: time in renderer: total=0ms, preprocess=0, updates=0, rendering=0
2026-07-14 17:50:51.305 DEBUG qt.scenegraph.time.renderloop: [window 0x7f20c65f8630][render thread 0x7f20c0b174c0] syncAndRender: frame rendered in 0ms, sync=0, render=0, swap=0
2026-07-14 17:50:51.306 DEBUG qt.scenegraph.time.renderloop: [window 0x7f20c65f8630][gui thread] Frame prepared, polish=4 ms, lock=0 ms, blockedForSync=0 ms, animations=1 ms
2026-07-14 17:50:51.307 DEBUG qt.scenegraph.time.renderloop: [window 0x7f20c65f8630][gui thread] polishAndSync: start, elapsed since last call: 7 ms
2026-07-14 17:50:51.309 DEBUG qt.scenegraph.time.renderloop: [window 0x7f20c65f8630][render thread 0x7f20c0b174c0] syncAndRender: start, elapsed since last call: 4 ms
2026-07-14 17:50:51.310 DEBUG qt.scenegraph.time.renderer: time in renderer: total=0ms, preprocess=0, updates=0, rendering=0
2026-07-14 17:50:51.310 DEBUG qt.scenegraph.time.renderloop: [window 0x7f20c65f8630][render thread 0x7f20c0b174c0] syncAndRender: frame rendered in 1ms, sync=0, render=0, swap=0
2026-07-14 17:50:51.312 DEBUG qt.scenegraph.time.renderloop: [window 0x7f20c65f8630][gui thread] Frame prepared, polish=1 ms, lock=0 ms, blockedForSync=0 ms, animations=2 ms
2026-07-14 17:50:51.314 DEBUG qt.scenegraph.time.renderloop: [window 0x7f20c65f8630][gui thread] polishAndSync: start, elapsed since last call: 6 ms
2026-07-14 17:50:51.316 DEBUG qt.scenegraph.time.renderloop: [window 0x7f20c65f8630][render thread 0x7f20c0b174c0] syncAndRender: start, elapsed since last call: 7 ms
2026-07-14 17:50:51.317 DEBUG qt.scenegraph.time.renderer: time in renderer: total=0ms, preprocess=0, updates=0, rendering=0
2026-07-14 17:50:51.317 DEBUG qt.scenegraph.time.renderloop: [window 0x7f20c65f8630][render thread 0x7f20c0b174c0] syncAndRender: frame rendered in 1ms, sync=0, render=0, swap=0
2026-07-14 17:50:51.319 DEBUG qt.scenegraph.time.renderloop: [window 0x7f20c65f8630][gui thread] Frame prepared, polish=2 ms, lock=0 ms, blockedForSync=0 ms, animations=2 ms
2026-07-14 17:50:51.321 DEBUG qt.scenegraph.time.renderloop: [window 0x7f20c65f8630][gui thread] polishAndSync: start, elapsed since last call: 6 ms
2026-07-14 17:50:51.323 DEBUG qt.scenegraph.time.renderloop: [window 0x7f20c65f8630][render thread 0x7f20c0b174c0] syncAndRender: start, elapsed since last call: 6 ms
2026-07-14 17:50:51.323 DEBUG qt.scenegraph.time.renderer: time in renderer: total=0ms, preprocess=0, updates=0, rendering=0
2026-07-14 17:50:51.324 DEBUG qt.scenegraph.time.renderloop: [window 0x7f20c65f8630][render thread 0x7f20c0b174c0] syncAndRender: frame rendered in 0ms, sync=0, render=0, swap=0
2026-07-14 17:50:51.325 DEBUG qt.scenegraph.time.renderloop: [window 0x7f20c65f8630][gui thread] Frame prepared, polish=2 ms, lock=0 ms, blockedForSync=0 ms, animations=1 ms
2026-07-14 17:50:51.328 DEBUG qt.scenegraph.time.renderloop: [window 0x7f20c65f8630][gui thread] polishAndSync: start, elapsed since last call: 6 ms
2026-07-14 17:50:51.330 DEBUG qt.scenegraph.time.renderloop: [window 0x7f20c65f8630][render thread 0x7f20c0b174c0] syncAndRender: start, elapsed since last call: 6 ms
2026-07-14 17:50:51.330 DEBUG qt.scenegraph.time.renderer: time in renderer: total=0ms, preprocess=0, updates=0, rendering=0
2026-07-14 17:50:51.331 DEBUG qt.scenegraph.time.renderloop: [window 0x7f20c65f8630][render thread 0x7f20c0b174c0] syncAndRender: frame rendered in 0ms, sync=0, render=0, swap=0
2026-07-14 17:50:51.332 DEBUG qt.scenegraph.time.renderloop: [window 0x7f20c65f8630][gui thread] Frame prepared, polish=2 ms, lock=0 ms, blockedForSync=0 ms, animations=1 ms
2026-07-14 17:50:51.335 DEBUG qt.scenegraph.time.renderloop: [window 0x7f20c65f8630][gui thread] polishAndSync: start, elapsed since last call: 6 ms
2026-07-14 17:50:51.337 DEBUG qt.scenegraph.time.renderloop: [window 0x7f20c65f8630][render thread 0x7f20c0b174c0] syncAndRender: start, elapsed since last call: 6 ms
2026-07-14 17:50:51.337 DEBUG qt.scenegraph.time.renderer: time in renderer: total=0ms, preprocess=0, updates=0, rendering=0
2026-07-14 17:50:51.337 DEBUG qt.scenegraph.time.renderloop: [window 0x7f20c65f8630][render thread 0x7f20c0b174c0] syncAndRender: frame rendered in 0ms, sync=0, render=0, swap=0
2026-07-14 17:50:51.338 DEBUG qt.scenegraph.time.renderloop: [window 0x7f20c65f8630][gui thread] Frame prepared, polish=1 ms, lock=0 ms, blockedForSync=0 ms, animations=0 ms
2026-07-14 17:50:51.342 DEBUG qt.scenegraph.time.renderloop: [window 0x7f20c65f8630][gui thread] polishAndSync: start, elapsed since last call: 7 ms
2026-07-14 17:50:51.343 DEBUG qt.scenegraph.time.renderloop: [window 0x7f20c65f8630][render thread 0x7f20c0b174c0] syncAndRender: start, elapsed since last call: 6 ms
2026-07-14 17:50:51.344 DEBUG qt.scenegraph.time.renderer: time in renderer: total=0ms, preprocess=0, updates=0, rendering=0
2026-07-14 17:50:51.344 DEBUG qt.scenegraph.time.renderloop: [window 0x7f20c65f8630][gui thread] Frame prepared, polish=1 ms, lock=0 ms, blockedForSync=0 ms, animations=0 ms
2026-07-14 17:50:51.344 DEBUG qt.scenegraph.time.renderloop: [window 0x7f20c65f8630][render thread 0x7f20c0b174c0] syncAndRender: frame rendered in 0ms, sync=0, render=0, swap=0
2026-07-14 17:50:51.349 DEBUG qt.scenegraph.time.renderloop: [window 0x7f20c65f8630][gui thread] polishAndSync: start, elapsed since last call: 7 ms
2026-07-14 17:50:51.350 DEBUG qt.scenegraph.time.renderloop: [window 0x7f20c65f8630][render thread 0x7f20c0b174c0] syncAndRender: start, elapsed since last call: 7 ms
2026-07-14 17:50:51.351 DEBUG qt.scenegraph.time.renderer: time in renderer: total=0ms, preprocess=0, updates=0, rendering=0
2026-07-14 17:50:51.351 DEBUG qt.scenegraph.time.renderloop: [window 0x7f20c65f8630][render thread 0x7f20c0b174c0] syncAndRender: frame rendered in 0ms, sync=0, render=0, swap=0
2026-07-14 17:50:51.351 DEBUG qt.scenegraph.time.renderloop: [window 0x7f20c65f8630][gui thread] Frame prepared, polish=1 ms, lock=0 ms, blockedForSync=0 ms, animations=0 ms
2026-07-14 17:50:51.356 DEBUG qt.scenegraph.time.renderloop: [window 0x7f20c65f8630][gui thread] polishAndSync: start, elapsed since last call: 6 ms
2026-07-14 17:50:51.358 DEBUG qt.scenegraph.time.renderloop: [window 0x7f20c65f8630][render thread 0x7f20c0b174c0] syncAndRender: start, elapsed since last call: 7 ms
2026-07-14 17:50:51.358 DEBUG qt.scenegraph.time.renderer: time in renderer: total=0ms, preprocess=0, updates=0, rendering=0
2026-07-14 17:50:51.358 DEBUG qt.scenegraph.time.renderloop: [window 0x7f20c65f8630][render thread 0x7f20c0b174c0] syncAndRender: frame rendered in 0ms, sync=0, render=0, swap=0
2026-07-14 17:50:51.359 DEBUG qt.scenegraph.time.renderloop: [window 0x7f20c65f8630][gui thread] Frame prepared, polish=1 ms, lock=0 ms, blockedForSync=0 ms, animations=0 ms
2026-07-14 17:50:51.363 DEBUG qt.scenegraph.time.renderloop: [window 0x7f20c65f8630][gui thread] polishAndSync: start, elapsed since last call: 6 ms
2026-07-14 17:50:51.366 DEBUG qt.scenegraph.time.renderloop: [window 0x7f20c65f8630][render thread 0x7f20c0b174c0] syncAndRender: start, elapsed since last call: 8 ms
2026-07-14 17:50:51.366 DEBUG qt.scenegraph.time.renderer: time in renderer: total=0ms, preprocess=0, updates=0, rendering=0
2026-07-14 17:50:51.366 DEBUG qt.scenegraph.time.renderloop: [window 0x7f20c65f8630][render thread 0x7f20c0b174c0] syncAndRender: frame rendered in 0ms, sync=0, render=0, swap=0
2026-07-14 17:50:51.367 DEBUG qt.scenegraph.time.renderloop: [window 0x7f20c65f8630][gui thread] Frame prepared, polish=3 ms, lock=0 ms, blockedForSync=0 ms, animations=0 ms
2026-07-14 17:50:51.370 DEBUG qt.scenegraph.time.renderloop: [window 0x7f20c65f8630][gui thread] polishAndSync: start, elapsed since last call: 6 ms
2026-07-14 17:50:51.371 DEBUG qt.scenegraph.time.renderloop: [window 0x7f20c65f8630][render thread 0x7f20c0b174c0] syncAndRender: start, elapsed since last call: 5 ms
2026-07-14 17:50:51.372 DEBUG qt.scenegraph.time.renderer: time in renderer: total=0ms, preprocess=0, updates=0, rendering=0
2026-07-14 17:50:51.372 DEBUG qt.scenegraph.time.renderloop: [window 0x7f20c65f8630][render thread 0x7f20c0b174c0] syncAndRender: frame rendered in 0ms, sync=0, render=0, swap=0
2026-07-14 17:50:51.372 DEBUG qt.scenegraph.time.renderloop: [window 0x7f20c65f8630][gui thread] Frame prepared, polish=1 ms, lock=0 ms, blockedForSync=0 ms, animations=0 ms
2026-07-14 17:50:51.377 DEBUG qt.scenegraph.time.renderloop: [window 0x7f20c65f8630][gui thread] polishAndSync: start, elapsed since last call: 7 ms
2026-07-14 17:50:51.379 DEBUG qt.scenegraph.time.renderloop: [window 0x7f20c65f8630][render thread 0x7f20c0b174c0] syncAndRender: start, elapsed since last call: 7 ms
2026-07-14 17:50:51.379 DEBUG qt.scenegraph.time.renderer: time in renderer: total=0ms, preprocess=0, updates=0, rendering=0
2026-07-14 17:50:51.379 DEBUG qt.scenegraph.time.renderloop: [window 0x7f20c65f8630][gui thread] Frame prepared, polish=1 ms, lock=0 ms, blockedForSync=0 ms, animations=0 ms
2026-07-14 17:50:51.379 DEBUG qt.scenegraph.time.renderloop: [window 0x7f20c65f8630][render thread 0x7f20c0b174c0] syncAndRender: frame rendered in 0ms, sync=0, render=0, swap=0
2026-07-14 17:50:51.384 DEBUG qt.scenegraph.time.renderloop: [window 0x7f20c65f8630][gui thread] polishAndSync: start, elapsed since last call: 6 ms
2026-07-14 17:50:51.385 DEBUG qt.scenegraph.time.renderloop: [window 0x7f20c65f8630][render thread 0x7f20c0b174c0] syncAndRender: start, elapsed since last call: 6 ms
2026-07-14 17:50:51.385 DEBUG qt.scenegraph.time.renderer: time in renderer: total=0ms, preprocess=0, updates=0, rendering=0
2026-07-14 17:50:51.385 DEBUG qt.scenegraph.time.renderloop: [window 0x7f20c65f8630][render thread 0x7f20c0b174c0] syncAndRender: frame rendered in 0ms, sync=0, render=0, swap=0
2026-07-14 17:50:51.386 DEBUG qt.scenegraph.time.renderloop: [window 0x7f20c65f8630][gui thread] Frame prepared, polish=1 ms, lock=0 ms, blockedForSync=0 ms, animations=0 ms
2026-07-14 17:50:51.391 DEBUG qt.scenegraph.time.renderloop: [window 0x7f20c65f8630][gui thread] polishAndSync: start, elapsed since last call: 7 ms
2026-07-14 17:50:51.392 DEBUG qt.scenegraph.time.renderloop: [window 0x7f20c65f8630][render thread 0x7f20c0b174c0] syncAndRender: start, elapsed since last call: 7 ms
2026-07-14 17:50:51.393 DEBUG qt.scenegraph.time.renderer: time in renderer: total=0ms, preprocess=0, updates=0, rendering=0
2026-07-14 17:50:51.393 DEBUG qt.scenegraph.time.renderloop: [window 0x7f20c65f8630][render thread 0x7f20c0b174c0] syncAndRender: frame rendered in 0ms, sync=0, render=0, swap=0
2026-07-14 17:50:51.393 DEBUG qt.scenegraph.time.renderloop: [window 0x7f20c65f8630][gui thread] Frame prepared, polish=1 ms, lock=0 ms, blockedForSync=0 ms, animations=0 ms
2026-07-14 17:50:51.397 DEBUG qt.scenegraph.time.renderloop: [window 0x7f20c65f8630][gui thread] polishAndSync: start, elapsed since last call: 6 ms
2026-07-14 17:50:51.399 DEBUG qt.scenegraph.time.renderloop: [window 0x7f20c65f8630][render thread 0x7f20c0b174c0] syncAndRender: start, elapsed since last call: 6 ms
2026-07-14 17:50:51.399 DEBUG qt.scenegraph.time.renderer: time in renderer: total=0ms, preprocess=0, updates=0, rendering=0
2026-07-14 17:50:51.399 DEBUG qt.scenegraph.time.renderloop: [window 0x7f20c65f8630][render thread 0x7f20c0b174c0] syncAndRender: frame rendered in 0ms, sync=0, render=0, swap=0
2026-07-14 17:50:51.400 DEBUG qt.scenegraph.time.renderloop: [window 0x7f20c65f8630][gui thread] Frame prepared, polish=1 ms, lock=0 ms, blockedForSync=0 ms, animations=0 ms
2026-07-14 17:50:51.404 DEBUG qt.scenegraph.time.renderloop: [window 0x7f20c65f8630][gui thread] polishAndSync: start, elapsed since last call: 6 ms
2026-07-14 17:50:51.406 DEBUG qt.scenegraph.time.renderloop: [window 0x7f20c65f8630][render thread 0x7f20c0b174c0] syncAndRender: start, elapsed since last call: 7 ms
2026-07-14 17:50:51.406 DEBUG qt.scenegraph.time.renderer: time in renderer: total=0ms, preprocess=0, updates=0, rendering=0
2026-07-14 17:50:51.406 DEBUG qt.scenegraph.time.renderloop: [window 0x7f20c65f8630][render thread 0x7f20c0b174c0] syncAndRender: frame rendered in 0ms, sync=0, render=0, swap=0
2026-07-14 17:50:51.407 DEBUG qt.scenegraph.time.renderloop: [window 0x7f20c65f8630][gui thread] Frame prepared, polish=1 ms, lock=0 ms, blockedForSync=0 ms, animations=0 ms
2026-07-14 17:50:51.411 DEBUG qt.scenegraph.time.renderloop: [window 0x7f20c65f8630][gui thread] polishAndSync: start, elapsed since last call: 6 ms
2026-07-14 17:50:51.413 DEBUG qt.scenegraph.time.renderloop: [window 0x7f20c65f8630][render thread 0x7f20c0b174c0] syncAndRender: start, elapsed since last call: 6 ms
2026-07-14 17:50:51.413 DEBUG qt.scenegraph.time.renderer: time in renderer: total=0ms, preprocess=0, updates=0, rendering=0
2026-07-14 17:50:51.413 DEBUG qt.scenegraph.time.renderloop: [window 0x7f20c65f8630][render thread 0x7f20c0b174c0] syncAndRender: frame rendered in 0ms, sync=0, render=0, swap=0
2026-07-14 17:50:51.414 DEBUG qt.scenegraph.time.renderloop: [window 0x7f20c65f8630][gui thread] Frame prepared, polish=1 ms, lock=0 ms, blockedForSync=0 ms, animations=0 ms
2026-07-14 17:50:51.418 DEBUG qt.scenegraph.time.renderloop: [window 0x7f20c65f8630][gui thread] polishAndSync: start, elapsed since last call: 7 ms
2026-07-14 17:50:51.420 DEBUG qt.scenegraph.time.renderloop: [window 0x7f20c65f8630][render thread 0x7f20c0b174c0] syncAndRender: start, elapsed since last call: 7 ms
2026-07-14 17:50:51.420 DEBUG qt.scenegraph.time.renderer: time in renderer: total=0ms, preprocess=0, updates=0, rendering=0
2026-07-14 17:50:51.420 DEBUG qt.scenegraph.time.renderloop: [window 0x7f20c65f8630][render thread 0x7f20c0b174c0] syncAndRender: frame rendered in 0ms, sync=0, render=0, swap=0
2026-07-14 17:50:51.421 DEBUG qt.scenegraph.time.renderloop: [window 0x7f20c65f8630][gui thread] Frame prepared, polish=1 ms, lock=0 ms, blockedForSync=0 ms, animations=0 ms
2026-07-14 17:50:51.425 DEBUG qt.scenegraph.time.renderloop: [window 0x7f20c65f8630][gui thread] polishAndSync: start, elapsed since last call: 6 ms
2026-07-14 17:50:51.427 DEBUG qt.scenegraph.time.renderloop: [window 0x7f20c65f8630][render thread 0x7f20c0b174c0] syncAndRender: start, elapsed since last call: 7 ms
2026-07-14 17:50:51.427 DEBUG qt.scenegraph.time.renderer: time in renderer: total=0ms, preprocess=0, updates=0, rendering=0
2026-07-14 17:50:51.427 DEBUG qt.scenegraph.time.renderloop: [window 0x7f20c65f8630][gui thread] Frame prepared, polish=1 ms, lock=0 ms, blockedForSync=0 ms, animations=0 ms
2026-07-14 17:50:51.427 DEBUG qt.scenegraph.time.renderloop: [window 0x7f20c65f8630][render thread 0x7f20c0b174c0] syncAndRender: frame rendered in 0ms, sync=0, render=0, swap=0
2026-07-14 17:50:51.432 DEBUG qt.scenegraph.time.renderloop: [window 0x7f20c65f8630][gui thread] polishAndSync: start, elapsed since last call: 6 ms
2026-07-14 17:50:51.434 DEBUG qt.scenegraph.time.renderloop: [window 0x7f20c65f8630][render thread 0x7f20c0b174c0] syncAndRender: start, elapsed since last call: 6 ms
2026-07-14 17:50:51.434 DEBUG qt.scenegraph.time.renderer: time in renderer: total=0ms, preprocess=0, updates=0, rendering=0
2026-07-14 17:50:51.434 DEBUG qt.scenegraph.time.renderloop: [window 0x7f20c65f8630][render thread 0x7f20c0b174c0] syncAndRender: frame rendered in 0ms, sync=0, render=0, swap=0
2026-07-14 17:50:51.435 DEBUG qt.scenegraph.time.renderloop: [window 0x7f20c65f8630][gui thread] Frame prepared, polish=1 ms, lock=0 ms, blockedForSync=0 ms, animations=0 ms
2026-07-14 17:50:51.439 DEBUG qt.scenegraph.time.renderloop: [window 0x7f20c65f8630][gui thread] polishAndSync: start, elapsed since last call: 7 ms
2026-07-14 17:50:51.441 DEBUG qt.scenegraph.time.renderloop: [window 0x7f20c65f8630][render thread 0x7f20c0b174c0] syncAndRender: start, elapsed since last call: 7 ms
2026-07-14 17:50:51.441 DEBUG qt.scenegraph.time.renderer: time in renderer: total=0ms, preprocess=0, updates=0, rendering=0
2026-07-14 17:50:51.442 DEBUG qt.scenegraph.time.renderloop: [window 0x7f20c65f8630][render thread 0x7f20c0b174c0] syncAndRender: frame rendered in 0ms, sync=0, render=0, swap=0
2026-07-14 17:50:51.442 DEBUG qt.scenegraph.time.renderloop: [window 0x7f20c65f8630][gui thread] Frame prepared, polish=1 ms, lock=0 ms, blockedForSync=0 ms, animations=0 ms
2026-07-14 17:50:51.446 DEBUG qt.scenegraph.time.renderloop: [window 0x7f20c65f8630][gui thread] polishAndSync: start, elapsed since last call: 6 ms
2026-07-14 17:50:51.448 DEBUG qt.scenegraph.time.renderloop: [window 0x7f20c65f8630][render thread 0x7f20c0b174c0] syncAndRender: start, elapsed since last call: 6 ms
2026-07-14 17:50:51.448 DEBUG qt.scenegraph.time.renderer: time in renderer: total=0ms, preprocess=0, updates=0, rendering=0
2026-07-14 17:50:51.448 DEBUG qt.scenegraph.time.renderloop: [window 0x7f20c65f8630][render thread 0x7f20c0b174c0] syncAndRender: frame rendered in 0ms, sync=0, render=0, swap=0
2026-07-14 17:50:51.448 DEBUG qt.scenegraph.time.renderloop: [window 0x7f20c65f8630][gui thread] Frame prepared, polish=1 ms, lock=0 ms, blockedForSync=0 ms, animations=0 ms
2026-07-14 17:50:51.453 DEBUG qt.scenegraph.time.renderloop: [window 0x7f20c65f8630][gui thread] polishAndSync: start, elapsed since last call: 6 ms
2026-07-14 17:50:51.455 DEBUG qt.scenegraph.time.renderloop: [window 0x7f20c65f8630][render thread 0x7f20c0b174c0] syncAndRender: start, elapsed since last call: 7 ms
2026-07-14 17:50:51.455 DEBUG qt.scenegraph.time.renderer: time in renderer: total=0ms, preprocess=0, updates=0, rendering=0
2026-07-14 17:50:51.455 DEBUG qt.scenegraph.time.renderloop: [window 0x7f20c65f8630][render thread 0x7f20c0b174c0] syncAndRender: frame rendered in 0ms, sync=0, render=0, swap=0
2026-07-14 17:50:51.457 DEBUG qt.scenegraph.time.renderloop: [window 0x7f20c65f8630][gui thread] Frame prepared, polish=1 ms, lock=0 ms, blockedForSync=0 ms, animations=2 ms
2026-07-14 17:50:51.460 DEBUG qt.scenegraph.time.renderloop: [window 0x7f20c65f8630][gui thread] polishAndSync: start, elapsed since last call: 6 ms
2026-07-14 17:50:51.461 DEBUG qt.scenegraph.time.renderloop: [window 0x7f20c65f8630][render thread 0x7f20c0b174c0] syncAndRender: start, elapsed since last call: 6 ms
2026-07-14 17:50:51.462 DEBUG qt.scenegraph.time.renderer: time in renderer: total=0ms, preprocess=0, updates=0, rendering=0
2026-07-14 17:50:51.462 DEBUG qt.scenegraph.time.renderloop: [window 0x7f20c65f8630][render thread 0x7f20c0b174c0] syncAndRender: frame rendered in 0ms, sync=0, render=0, swap=0
2026-07-14 17:50:51.462 DEBUG qt.scenegraph.time.renderloop: [window 0x7f20c65f8630][gui thread] Frame prepared, polish=1 ms, lock=0 ms, blockedForSync=0 ms, animations=0 ms
2026-07-14 17:50:51.467 DEBUG qt.scenegraph.time.renderloop: [window 0x7f20c65f8630][gui thread] polishAndSync: start, elapsed since last call: 7 ms
2026-07-14 17:50:51.469 DEBUG qt.scenegraph.time.renderloop: [window 0x7f20c65f8630][render thread 0x7f20c0b174c0] syncAndRender: start, elapsed since last call: 7 ms
2026-07-14 17:50:51.469 DEBUG qt.scenegraph.time.renderer: time in renderer: total=0ms, preprocess=0, updates=0, rendering=0
2026-07-14 17:50:51.469 DEBUG qt.scenegraph.time.renderloop: [window 0x7f20c65f8630][render thread 0x7f20c0b174c0] syncAndRender: frame rendered in 0ms, sync=0, render=0, swap=0
2026-07-14 17:50:51.470 DEBUG qt.scenegraph.time.renderloop: [window 0x7f20c65f8630][gui thread] Frame prepared, polish=1 ms, lock=0 ms, blockedForSync=0 ms, animations=0 ms
2026-07-14 17:50:51.474 DEBUG qt.scenegraph.time.renderloop: [window 0x7f20c65f8630][gui thread] polishAndSync: start, elapsed since last call: 6 ms
2026-07-14 17:50:51.476 DEBUG qt.scenegraph.time.renderloop: [window 0x7f20c65f8630][render thread 0x7f20c0b174c0] syncAndRender: start, elapsed since last call: 6 ms
2026-07-14 17:50:51.476 DEBUG qt.scenegraph.time.renderer: time in renderer: total=0ms, preprocess=0, updates=0, rendering=0
2026-07-14 17:50:51.476 DEBUG qt.scenegraph.time.renderloop: [window 0x7f20c65f8630][render thread 0x7f20c0b174c0] syncAndRender: frame rendered in 0ms, sync=0, render=0, swap=0
2026-07-14 17:50:51.476 DEBUG qt.scenegraph.time.renderloop: [window 0x7f20c65f8630][gui thread] Frame prepared, polish=1 ms, lock=0 ms, blockedForSync=0 ms, animations=0 ms
2026-07-14 17:50:51.481 DEBUG qt.scenegraph.time.renderloop: [window 0x7f20c65f8630][gui thread] polishAndSync: start, elapsed since last call: 6 ms
2026-07-14 17:50:51.482 DEBUG qt.scenegraph.time.renderloop: [window 0x7f20c65f8630][render thread 0x7f20c0b174c0] syncAndRender: start, elapsed since last call: 6 ms
2026-07-14 17:50:51.482 DEBUG qt.scenegraph.time.renderer: time in renderer: total=0ms, preprocess=0, updates=0, rendering=0
2026-07-14 17:50:51.483 DEBUG qt.scenegraph.time.renderloop: [window 0x7f20c65f8630][render thread 0x7f20c0b174c0] syncAndRender: frame rendered in 0ms, sync=0, render=0, swap=0
2026-07-14 17:50:51.483 DEBUG qt.scenegraph.time.renderloop: [window 0x7f20c65f8630][gui thread] Frame prepared, polish=1 ms, lock=0 ms, blockedForSync=0 ms, animations=0 ms
2026-07-14 17:50:51.488 DEBUG qt.scenegraph.time.renderloop: [window 0x7f20c65f8630][gui thread] polishAndSync: start, elapsed since last call: 7 ms
2026-07-14 17:50:51.489 DEBUG qt.scenegraph.time.renderloop: [window 0x7f20c65f8630][render thread 0x7f20c0b174c0] syncAndRender: start, elapsed since last call: 7 ms
2026-07-14 17:50:51.490 DEBUG qt.scenegraph.time.renderer: time in renderer: total=0ms, preprocess=0, updates=0, rendering=0
2026-07-14 17:50:51.490 DEBUG qt.scenegraph.time.renderloop: [window 0x7f20c65f8630][render thread 0x7f20c0b174c0] syncAndRender: frame rendered in 0ms, sync=0, render=0, swap=0
2026-07-14 17:50:51.490 DEBUG qt.scenegraph.time.renderloop: [window 0x7f20c65f8630][gui thread] Frame prepared, polish=1 ms, lock=0 ms, blockedForSync=0 ms, animations=0 ms
2026-07-14 17:50:51.495 DEBUG qt.scenegraph.time.renderloop: [window 0x7f20c65f8630][gui thread] polishAndSync: start, elapsed since last call: 6 ms
2026-07-14 17:50:51.495 DEBUG qt.scenegraph.time.renderloop: [window 0x7f20c65f8630][render thread 0x7f20c0b174c0] syncAndRender: start, elapsed since last call: 5 ms
2026-07-14 17:50:51.495 DEBUG qt.scenegraph.time.renderer: time in renderer: total=0ms, preprocess=0, updates=0, rendering=0
2026-07-14 17:50:51.496 DEBUG qt.scenegraph.time.renderloop: [window 0x7f20c65f8630][render thread 0x7f20c0b174c0] syncAndRender: frame rendered in 0ms, sync=0, render=0, swap=0
2026-07-14 17:50:51.496 DEBUG qt.scenegraph.time.renderloop: [window 0x7f20c65f8630][gui thread] Frame prepared, polish=0 ms, lock=0 ms, blockedForSync=0 ms, animations=0 ms
2026-07-14 17:50:51.502 DEBUG qt.scenegraph.time.renderloop: [window 0x7f20c65f8630][gui thread] polishAndSync: start, elapsed since last call: 6 ms
2026-07-14 17:50:51.503 DEBUG qt.scenegraph.time.renderloop: [window 0x7f20c65f8630][render thread 0x7f20c0b174c0] syncAndRender: start, elapsed since last call: 7 ms
2026-07-14 17:50:51.503 DEBUG qt.scenegraph.time.renderer: time in renderer: total=0ms, preprocess=0, updates=0, rendering=0
2026-07-14 17:50:51.503 DEBUG qt.scenegraph.time.renderloop: [window 0x7f20c65f8630][render thread 0x7f20c0b174c0] syncAndRender: frame rendered in 0ms, sync=0, render=0, swap=0
2026-07-14 17:50:51.503 DEBUG qt.scenegraph.time.renderloop: [window 0x7f20c65f8630][gui thread] Frame prepared, polish=1 ms, lock=0 ms, blockedForSync=0 ms, animations=0 ms
2026-07-14 17:50:51.509 DEBUG qt.scenegraph.time.renderloop: [window 0x7f20c65f8630][gui thread] polishAndSync: start, elapsed since last call: 6 ms
2026-07-14 17:50:51.509 DEBUG qt.scenegraph.time.renderloop: [window 0x7f20c65f8630][render thread 0x7f20c0b174c0] syncAndRender: start, elapsed since last call: 6 ms
2026-07-14 17:50:51.509 DEBUG qt.scenegraph.time.renderer: time in renderer: total=0ms, preprocess=0, updates=0, rendering=0
2026-07-14 17:50:51.510 DEBUG qt.scenegraph.time.renderloop: [window 0x7f20c65f8630][render thread 0x7f20c0b174c0] syncAndRender: frame rendered in 0ms, sync=0, render=0, swap=0
2026-07-14 17:50:51.510 DEBUG qt.scenegraph.time.renderloop: [window 0x7f20c65f8630][gui thread] Frame prepared, polish=0 ms, lock=0 ms, blockedForSync=0 ms, animations=0 ms
2026-07-14 17:50:51.516 DEBUG qt.scenegraph.time.renderloop: [window 0x7f20c65f8630][gui thread] polishAndSync: start, elapsed since last call: 6 ms
2026-07-14 17:50:51.516 DEBUG qt.scenegraph.time.renderloop: [window 0x7f20c65f8630][render thread 0x7f20c0b174c0] syncAndRender: start, elapsed since last call: 6 ms
2026-07-14 17:50:51.516 DEBUG qt.scenegraph.time.renderer: time in renderer: total=0ms, preprocess=0, updates=0, rendering=0
2026-07-14 17:50:51.516 DEBUG qt.scenegraph.time.renderloop: [window 0x7f20c65f8630][render thread 0x7f20c0b174c0] syncAndRender: frame rendered in 0ms, sync=0, render=0, swap=0
2026-07-14 17:50:51.517 DEBUG qt.scenegraph.time.renderloop: [window 0x7f20c65f8630][gui thread] Frame prepared, polish=0 ms, lock=0 ms, blockedForSync=0 ms, animations=0 ms
2026-07-14 17:50:51.523 DEBUG qt.scenegraph.time.renderloop: [window 0x7f20c65f8630][gui thread] polishAndSync: start, elapsed since last call: 7 ms
2026-07-14 17:50:51.523 DEBUG qt.scenegraph.time.renderloop: [window 0x7f20c65f8630][render thread 0x7f20c0b174c0] syncAndRender: start, elapsed since last call: 7 ms
2026-07-14 17:50:51.524 DEBUG qt.scenegraph.time.renderer: time in renderer: total=0ms, preprocess=0, updates=0, rendering=0
2026-07-14 17:50:51.524 DEBUG qt.scenegraph.time.renderloop: [window 0x7f20c65f8630][render thread 0x7f20c0b174c0] syncAndRender: frame rendered in 0ms, sync=0, render=0, swap=0
2026-07-14 17:50:51.524 DEBUG qt.scenegraph.time.renderloop: [window 0x7f20c65f8630][gui thread] Frame prepared, polish=0 ms, lock=0 ms, blockedForSync=0 ms, animations=0 ms
2026-07-14 17:50:51.530 DEBUG qt.scenegraph.time.renderloop: [window 0x7f20c65f8630][gui thread] polishAndSync: start, elapsed since last call: 6 ms
2026-07-14 17:50:51.530 DEBUG qt.scenegraph.time.renderloop: [window 0x7f20c65f8630][render thread 0x7f20c0b174c0] syncAndRender: start, elapsed since last call: 6 ms
2026-07-14 17:50:51.530 DEBUG qt.scenegraph.time.renderer: time in renderer: total=0ms, preprocess=0, updates=0, rendering=0
2026-07-14 17:50:51.530 DEBUG qt.scenegraph.time.renderloop: [window 0x7f20c65f8630][render thread 0x7f20c0b174c0] syncAndRender: frame rendered in 0ms, sync=0, render=0, swap=0
2026-07-14 17:50:51.531 DEBUG qt.scenegraph.time.renderloop: [window 0x7f20c65f8630][gui thread] Frame prepared, polish=0 ms, lock=0 ms, blockedForSync=0 ms, animations=0 ms
2026-07-14 17:50:51.537 DEBUG qt.scenegraph.time.renderloop: [window 0x7f20c65f8630][gui thread] polishAndSync: start, elapsed since last call: 7 ms
2026-07-14 17:50:51.537 DEBUG qt.scenegraph.time.renderloop: [window 0x7f20c65f8630][render thread 0x7f20c0b174c0] syncAndRender: start, elapsed since last call: 7 ms
2026-07-14 17:50:51.538 DEBUG qt.scenegraph.time.renderer: time in renderer: total=0ms, preprocess=0, updates=0, rendering=0
2026-07-14 17:50:51.538 DEBUG qt.scenegraph.time.renderloop: [window 0x7f20c65f8630][render thread 0x7f20c0b174c0] syncAndRender: frame rendered in 0ms, sync=0, render=0, swap=0
2026-07-14 17:50:51.538 DEBUG qt.scenegraph.time.renderloop: [window 0x7f20c65f8630][gui thread] Frame prepared, polish=0 ms, lock=0 ms, blockedForSync=0 ms, animations=0 ms
2026-07-14 17:50:51.544 DEBUG qt.scenegraph.time.renderloop: [window 0x7f20c65f8630][gui thread] polishAndSync: start, elapsed since last call: 6 ms
2026-07-14 17:50:51.544 DEBUG qt.scenegraph.time.renderloop: [window 0x7f20c65f8630][render thread 0x7f20c0b174c0] syncAndRender: start, elapsed since last call: 6 ms
2026-07-14 17:50:51.544 DEBUG qt.scenegraph.time.renderer: time in renderer: total=0ms, preprocess=0, updates=0, rendering=0
2026-07-14 17:50:51.544 DEBUG qt.scenegraph.time.renderloop: [window 0x7f20c65f8630][render thread 0x7f20c0b174c0] syncAndRender: frame rendered in 0ms, sync=0, render=0, swap=0
2026-07-14 17:50:51.544 DEBUG qt.scenegraph.time.renderloop: [window 0x7f20c65f8630][gui thread] Frame prepared, polish=0 ms, lock=0 ms, blockedForSync=0 ms, animations=0 ms
2026-07-14 17:50:51.550 DEBUG qt.scenegraph.time.renderloop: [window 0x7f20c65f8630][gui thread] polishAndSync: start, elapsed since last call: 6 ms
2026-07-14 17:50:51.550 DEBUG qt.scenegraph.time.renderloop: [window 0x7f20c65f8630][render thread 0x7f20c0b174c0] syncAndRender: start, elapsed since last call: 6 ms
2026-07-14 17:50:51.551 DEBUG qt.scenegraph.time.renderer: time in renderer: total=0ms, preprocess=0, updates=0, rendering=0
2026-07-14 17:50:51.551 DEBUG qt.scenegraph.time.renderloop: [window 0x7f20c65f8630][render thread 0x7f20c0b174c0] syncAndRender: frame rendered in 0ms, sync=0, render=0, swap=0
2026-07-14 17:50:51.551 DEBUG qt.scenegraph.time.renderloop: [window 0x7f20c65f8630][gui thread] Frame prepared, polish=0 ms, lock=0 ms, blockedForSync=0 ms, animations=0 ms
2026-07-14 17:50:51.557 DEBUG qt.scenegraph.time.renderloop: [window 0x7f20c65f8630][gui thread] polishAndSync: start, elapsed since last call: 6 ms
2026-07-14 17:50:51.557 DEBUG qt.scenegraph.time.renderloop: [window 0x7f20c65f8630][render thread 0x7f20c0b174c0] syncAndRender: start, elapsed since last call: 7 ms
2026-07-14 17:50:51.558 DEBUG qt.scenegraph.time.renderloop: [window 0x7f20c65f8630][gui thread] Frame prepared, polish=0 ms, lock=0 ms, blockedForSync=0 ms, animations=0 ms
2026-07-14 17:50:51.558 DEBUG qt.scenegraph.time.renderer: time in renderer: total=0ms, preprocess=0, updates=0, rendering=0
2026-07-14 17:50:51.558 DEBUG qt.scenegraph.time.renderloop: [window 0x7f20c65f8630][render thread 0x7f20c0b174c0] syncAndRender: frame rendered in 0ms, sync=0, render=0, swap=0
2026-07-14 17:50:51.564 DEBUG qt.scenegraph.time.renderloop: [window 0x7f20c65f8630][gui thread] polishAndSync: start, elapsed since last call: 6 ms
2026-07-14 17:50:51.565 DEBUG qt.scenegraph.time.renderloop: [window 0x7f20c65f8630][render thread 0x7f20c0b174c0] syncAndRender: start, elapsed since last call: 7 ms
2026-07-14 17:50:51.565 DEBUG qt.scenegraph.time.renderloop: [window 0x7f20c65f8630][gui thread] Frame prepared, polish=0 ms, lock=0 ms, blockedForSync=0 ms, animations=0 ms
2026-07-14 17:50:51.565 DEBUG qt.scenegraph.time.renderer: time in renderer: total=0ms, preprocess=0, updates=0, rendering=0
2026-07-14 17:50:51.565 DEBUG qt.scenegraph.time.renderloop: [window 0x7f20c65f8630][render thread 0x7f20c0b174c0] syncAndRender: frame rendered in 0ms, sync=0, render=0, swap=0
2026-07-14 17:50:51.571 DEBUG qt.scenegraph.time.renderloop: [window 0x7f20c65f8630][gui thread] polishAndSync: start, elapsed since last call: 6 ms
2026-07-14 17:50:51.571 DEBUG qt.scenegraph.time.renderloop: [window 0x7f20c65f8630][render thread 0x7f20c0b174c0] syncAndRender: start, elapsed since last call: 6 ms
2026-07-14 17:50:51.571 DEBUG qt.scenegraph.time.renderloop: [window 0x7f20c65f8630][gui thread] Frame prepared, polish=0 ms, lock=0 ms, blockedForSync=0 ms, animations=0 ms
2026-07-14 17:50:51.571 DEBUG qt.scenegraph.time.renderer: time in renderer: total=0ms, preprocess=0, updates=0, rendering=0
2026-07-14 17:50:51.572 DEBUG qt.scenegraph.time.renderloop: [window 0x7f20c65f8630][render thread 0x7f20c0b174c0] syncAndRender: frame rendered in 0ms, sync=0, render=0, swap=0
2026-07-14 17:50:51.580 DEBUG qt.scenegraph.time.renderloop: [window 0x7f20c65f8630][gui thread] polishAndSync: start, elapsed since last call: 8 ms
2026-07-14 17:50:51.580 DEBUG qt.scenegraph.time.renderloop: [window 0x7f20c65f8630][render thread 0x7f20c0b174c0] syncAndRender: start, elapsed since last call: 9 ms
2026-07-14 17:50:51.580 DEBUG qt.scenegraph.time.renderloop: [window 0x7f20c65f8630][gui thread] Frame prepared, polish=0 ms, lock=0 ms, blockedForSync=0 ms, animations=0 ms
2026-07-14 17:50:51.580 DEBUG qt.scenegraph.time.renderer: time in renderer: total=0ms, preprocess=0, updates=0, rendering=0
2026-07-14 17:50:51.581 DEBUG qt.scenegraph.time.renderloop: [window 0x7f20c65f8630][render thread 0x7f20c0b174c0] syncAndRender: frame rendered in 0ms, sync=0, render=0, swap=0
2026-07-14 17:50:51.585 DEBUG qt.scenegraph.time.renderloop: [window 0x7f20c65f8630][gui thread] polishAndSync: start, elapsed since last call: 5 ms
2026-07-14 17:50:51.585 DEBUG qt.scenegraph.time.renderloop: [window 0x7f20c65f8630][render thread 0x7f20c0b174c0] syncAndRender: start, elapsed since last call: 4 ms
2026-07-14 17:50:51.585 DEBUG qt.scenegraph.time.renderloop: [window 0x7f20c65f8630][gui thread] Frame prepared, polish=0 ms, lock=0 ms, blockedForSync=0 ms, animations=0 ms
2026-07-14 17:50:51.585 DEBUG qt.scenegraph.time.renderer: time in renderer: total=0ms, preprocess=0, updates=0, rendering=0
2026-07-14 17:50:51.586 DEBUG qt.scenegraph.time.renderloop: [window 0x7f20c65f8630][render thread 0x7f20c0b174c0] syncAndRender: frame rendered in 0ms, sync=0, render=0, swap=0
2026-07-14 17:50:51.613 DEBUG qt.scenegraph.time.renderloop: [window 0x7f20c65f8630][gui thread] polishAndSync: start, elapsed since last call: 27 ms
2026-07-14 17:50:51.613 DEBUG qt.scenegraph.time.renderloop: [window 0x7f20c65f8630][render thread 0x7f20c0b174c0] syncAndRender: start, elapsed since last call: 28 ms
2026-07-14 17:50:51.613 DEBUG qt.scenegraph.time.renderloop: [window 0x7f20c65f8630][gui thread] Frame prepared, polish=0 ms, lock=0 ms, blockedForSync=0 ms, animations=0 ms
2026-07-14 17:50:51.613 DEBUG qt.scenegraph.time.renderer: time in renderer: total=0ms, preprocess=0, updates=0, rendering=0
2026-07-14 17:50:51.614 DEBUG qt.scenegraph.time.renderloop: [window 0x7f20c65f8630][render thread 0x7f20c0b174c0] syncAndRender: frame rendered in 0ms, sync=0, render=0, swap=0
2026-07-14 17:50:51.620 DEBUG qt.scenegraph.time.renderloop: [window 0x7f20c65f8630][gui thread] polishAndSync: start, elapsed since last call: 6 ms
2026-07-14 17:50:51.620 DEBUG qt.scenegraph.time.renderloop: [window 0x7f20c65f8630][render thread 0x7f20c0b174c0] syncAndRender: start, elapsed since last call: 6 ms
2026-07-14 17:50:51.620 DEBUG qt.scenegraph.time.renderloop: [window 0x7f20c65f8630][gui thread] Frame prepared, polish=0 ms, lock=0 ms, blockedForSync=0 ms, animations=0 ms
2026-07-14 17:50:51.620 DEBUG qt.scenegraph.time.renderer: time in renderer: total=0ms, preprocess=0, updates=0, rendering=0
2026-07-14 17:50:51.620 DEBUG qt.scenegraph.time.renderloop: [window 0x7f20c65f8630][render thread 0x7f20c0b174c0] syncAndRender: frame rendered in 0ms, sync=0, render=0, swap=0
2026-07-14 17:50:51.646 DEBUG qt.scenegraph.time.renderloop: [window 0x7f20c65f8630][gui thread] polishAndSync: start, elapsed since last call: 25 ms
2026-07-14 17:50:51.646 DEBUG qt.scenegraph.time.renderloop: [window 0x7f20c65f8630][render thread 0x7f20c0b174c0] syncAndRender: start, elapsed since last call: 26 ms
2026-07-14 17:50:51.646 DEBUG qt.scenegraph.time.renderloop: [window 0x7f20c65f8630][gui thread] Frame prepared, polish=0 ms, lock=0 ms, blockedForSync=0 ms, animations=0 ms
2026-07-14 17:50:51.646 DEBUG qt.scenegraph.time.renderer: time in renderer: total=0ms, preprocess=0, updates=0, rendering=0
2026-07-14 17:50:51.646 DEBUG qt.scenegraph.time.renderloop: [window 0x7f20c65f8630][render thread 0x7f20c0b174c0] syncAndRender: frame rendered in 0ms, sync=0, render=0, swap=0
2026-07-14 17:50:51.648 DEBUG qt.scenegraph.time.renderloop: [window 0x7f20c65f8630][gui thread] polishAndSync: start, elapsed since last call: 1 ms
2026-07-14 17:50:51.648 DEBUG qt.scenegraph.time.renderloop: [window 0x7f20c65f8630][render thread 0x7f20c0b174c0] syncAndRender: start, elapsed since last call: 1 ms
2026-07-14 17:50:51.648 DEBUG qt.scenegraph.time.renderloop: [window 0x7f20c65f8630][gui thread] Frame prepared, polish=0 ms, lock=0 ms, blockedForSync=0 ms, animations=0 ms
2026-07-14 17:50:51.648 DEBUG qt.scenegraph.time.renderer: time in renderer: total=0ms, preprocess=0, updates=0, rendering=0
2026-07-14 17:50:51.648 DEBUG qt.scenegraph.time.renderloop: [window 0x7f20c65f8630][render thread 0x7f20c0b174c0] syncAndRender: frame rendered in 0ms, sync=0, render=0, swap=0
2026-07-14 17:50:51.678 DEBUG qt.scenegraph.time.renderloop: [window 0x7f20c65f8630][gui thread] polishAndSync: start, elapsed since last call: 30 ms
2026-07-14 17:50:51.679 DEBUG qt.scenegraph.time.renderloop: [window 0x7f20c65f8630][render thread 0x7f20c0b174c0] syncAndRender: start, elapsed since last call: 30 ms
2026-07-14 17:50:51.679 DEBUG qt.scenegraph.time.renderloop: [window 0x7f20c65f8630][gui thread] Frame prepared, polish=0 ms, lock=0 ms, blockedForSync=0 ms, animations=0 ms
2026-07-14 17:50:51.679 DEBUG qt.scenegraph.time.renderer: time in renderer: total=0ms, preprocess=0, updates=0, rendering=0
2026-07-14 17:50:51.679 DEBUG qt.scenegraph.time.renderloop: [window 0x7f20c65f8630][render thread 0x7f20c0b174c0] syncAndRender: frame rendered in 0ms, sync=0, render=0, swap=0
2026-07-14 17:50:51.682 DEBUG qt.scenegraph.time.renderloop: [window 0x7f20c65f8630][gui thread] polishAndSync: start, elapsed since last call: 4 ms
2026-07-14 17:50:51.682 DEBUG qt.scenegraph.time.renderloop: [window 0x7f20c65f8630][render thread 0x7f20c0b174c0] syncAndRender: start, elapsed since last call: 3 ms
2026-07-14 17:50:51.682 DEBUG qt.scenegraph.time.renderloop: [window 0x7f20c65f8630][gui thread] Frame prepared, polish=0 ms, lock=0 ms, blockedForSync=0 ms, animations=0 ms
2026-07-14 17:50:51.683 DEBUG qt.scenegraph.time.renderer: time in renderer: total=0ms, preprocess=0, updates=0, rendering=0
2026-07-14 17:50:51.683 DEBUG qt.scenegraph.time.renderloop: [window 0x7f20c65f8630][render thread 0x7f20c0b174c0] syncAndRender: frame rendered in 0ms, sync=0, render=0, swap=0
2026-07-14 17:50:51.712 DEBUG qt.scenegraph.time.renderloop: [window 0x7f20c65f8630][gui thread] polishAndSync: start, elapsed since last call: 29 ms
2026-07-14 17:50:51.712 DEBUG qt.scenegraph.time.renderloop: [window 0x7f20c65f8630][render thread 0x7f20c0b174c0] syncAndRender: start, elapsed since last call: 29 ms
2026-07-14 17:50:51.712 DEBUG qt.scenegraph.time.renderloop: [window 0x7f20c65f8630][gui thread] Frame prepared, polish=0 ms, lock=0 ms, blockedForSync=0 ms, animations=0 ms
2026-07-14 17:50:51.712 DEBUG qt.scenegraph.time.renderer: time in renderer: total=0ms, preprocess=0, updates=0, rendering=0
2026-07-14 17:50:51.712 DEBUG qt.scenegraph.time.renderloop: [window 0x7f20c65f8630][render thread 0x7f20c0b174c0] syncAndRender: frame rendered in 0ms, sync=0, render=0, swap=0
2026-07-14 17:50:51.717 DEBUG qt.scenegraph.time.renderloop: [window 0x7f20c65f8630][gui thread] polishAndSync: start, elapsed since last call: 5 ms
2026-07-14 17:50:51.717 DEBUG qt.scenegraph.time.renderloop: [window 0x7f20c65f8630][render thread 0x7f20c0b174c0] syncAndRender: start, elapsed since last call: 5 ms
2026-07-14 17:50:51.717 DEBUG qt.scenegraph.time.renderloop: [window 0x7f20c65f8630][gui thread] Frame prepared, polish=0 ms, lock=0 ms, blockedForSync=0 ms, animations=0 ms
2026-07-14 17:50:51.718 DEBUG qt.scenegraph.time.renderer: time in renderer: total=0ms, preprocess=0, updates=0, rendering=0
2026-07-14 17:50:51.718 DEBUG qt.scenegraph.time.renderloop: [window 0x7f20c65f8630][render thread 0x7f20c0b174c0] syncAndRender: frame rendered in 1ms, sync=0, render=0, swap=0
2026-07-14 17:50:51.745 DEBUG qt.scenegraph.time.renderloop: [window 0x7f20c65f8630][gui thread] polishAndSync: start, elapsed since last call: 28 ms
2026-07-14 17:50:51.745 DEBUG qt.scenegraph.time.renderloop: [window 0x7f20c65f8630][render thread 0x7f20c0b174c0] syncAndRender: start, elapsed since last call: 28 ms
2026-07-14 17:50:51.745 DEBUG qt.scenegraph.time.renderloop: [window 0x7f20c65f8630][gui thread] Frame prepared, polish=0 ms, lock=0 ms, blockedForSync=0 ms, animations=0 ms
2026-07-14 17:50:51.745 DEBUG qt.scenegraph.time.renderer: time in renderer: total=0ms, preprocess=0, updates=0, rendering=0
2026-07-14 17:50:51.746 DEBUG qt.scenegraph.time.renderloop: [window 0x7f20c65f8630][render thread 0x7f20c0b174c0] syncAndRender: frame rendered in 0ms, sync=0, render=0, swap=0
2026-07-14 17:50:51.752 DEBUG qt.scenegraph.time.renderloop: [window 0x7f20c65f8630][gui thread] polishAndSync: start, elapsed since last call: 6 ms
2026-07-14 17:50:51.752 DEBUG qt.scenegraph.time.renderloop: [window 0x7f20c65f8630][render thread 0x7f20c0b174c0] syncAndRender: start, elapsed since last call: 6 ms
2026-07-14 17:50:51.752 DEBUG qt.scenegraph.time.renderloop: [window 0x7f20c65f8630][gui thread] Frame prepared, polish=0 ms, lock=0 ms, blockedForSync=0 ms, animations=0 ms
2026-07-14 17:50:51.752 DEBUG qt.scenegraph.time.renderer: time in renderer: total=0ms, preprocess=0, updates=0, rendering=0
2026-07-14 17:50:51.752 DEBUG qt.scenegraph.time.renderloop: [window 0x7f20c65f8630][render thread 0x7f20c0b174c0] syncAndRender: frame rendered in 0ms, sync=0, render=0, swap=0
2026-07-14 17:50:51.778 DEBUG qt.scenegraph.time.renderloop: [window 0x7f20c65f8630][gui thread] polishAndSync: start, elapsed since last call: 26 ms
2026-07-14 17:50:51.778 DEBUG qt.scenegraph.time.renderloop: [window 0x7f20c65f8630][render thread 0x7f20c0b174c0] syncAndRender: start, elapsed since last call: 26 ms
2026-07-14 17:50:51.778 DEBUG qt.scenegraph.time.renderloop: [window 0x7f20c65f8630][gui thread] Frame prepared, polish=0 ms, lock=0 ms, blockedForSync=0 ms, animations=0 ms
2026-07-14 17:50:51.778 DEBUG qt.scenegraph.time.renderer: time in renderer: total=0ms, preprocess=0, updates=0, rendering=0
2026-07-14 17:50:51.778 DEBUG qt.scenegraph.time.renderloop: [window 0x7f20c65f8630][render thread 0x7f20c0b174c0] syncAndRender: frame rendered in 0ms, sync=0, render=0, swap=0
2026-07-14 17:50:51.780 DEBUG qt.scenegraph.time.renderloop: [window 0x7f20c65f8630][gui thread] polishAndSync: start, elapsed since last call: 1 ms
2026-07-14 17:50:51.780 DEBUG qt.scenegraph.time.renderloop: [window 0x7f20c65f8630][render thread 0x7f20c0b174c0] syncAndRender: start, elapsed since last call: 1 ms
2026-07-14 17:50:51.780 DEBUG qt.scenegraph.time.renderloop: [window 0x7f20c65f8630][gui thread] Frame prepared, polish=0 ms, lock=0 ms, blockedForSync=0 ms, animations=0 ms
2026-07-14 17:50:51.780 DEBUG qt.scenegraph.time.renderer: time in renderer: total=0ms, preprocess=0, updates=0, rendering=0
2026-07-14 17:50:51.780 DEBUG qt.scenegraph.time.renderloop: [window 0x7f20c65f8630][render thread 0x7f20c0b174c0] syncAndRender: frame rendered in 0ms, sync=0, render=0, swap=0
2026-07-14 17:50:51.811 DEBUG qt.scenegraph.time.renderloop: [window 0x7f20c65f8630][gui thread] polishAndSync: start, elapsed since last call: 31 ms
2026-07-14 17:50:51.811 DEBUG qt.scenegraph.time.renderloop: [window 0x7f20c65f8630][render thread 0x7f20c0b174c0] syncAndRender: start, elapsed since last call: 31 ms
2026-07-14 17:50:51.811 DEBUG qt.scenegraph.time.renderloop: [window 0x7f20c65f8630][gui thread] Frame prepared, polish=0 ms, lock=0 ms, blockedForSync=0 ms, animations=0 ms
2026-07-14 17:50:51.811 DEBUG qt.scenegraph.time.renderer: time in renderer: total=0ms, preprocess=0, updates=0, rendering=0
2026-07-14 17:50:51.812 DEBUG qt.scenegraph.time.renderloop: [window 0x7f20c65f8630][render thread 0x7f20c0b174c0] syncAndRender: frame rendered in 0ms, sync=0, render=0, swap=0
2026-07-14 17:50:51.814 DEBUG qt.scenegraph.time.renderloop: [window 0x7f20c65f8630][gui thread] polishAndSync: start, elapsed since last call: 3 ms
2026-07-14 17:50:51.814 DEBUG qt.scenegraph.time.renderloop: [window 0x7f20c65f8630][render thread 0x7f20c0b174c0] syncAndRender: start, elapsed since last call: 3 ms
2026-07-14 17:50:51.815 DEBUG qt.scenegraph.time.renderloop: [window 0x7f20c65f8630][gui thread] Frame prepared, polish=0 ms, lock=0 ms, blockedForSync=0 ms, animations=0 ms
2026-07-14 17:50:51.815 DEBUG qt.scenegraph.time.renderer: time in renderer: total=0ms, preprocess=0, updates=0, rendering=0
2026-07-14 17:50:51.815 DEBUG qt.scenegraph.time.renderloop: [window 0x7f20c65f8630][render thread 0x7f20c0b174c0] syncAndRender: frame rendered in 0ms, sync=0, render=0, swap=0
2026-07-14 17:50:51.844 DEBUG qt.scenegraph.time.renderloop: [window 0x7f20c65f8630][gui thread] polishAndSync: start, elapsed since last call: 29 ms
2026-07-14 17:50:51.844 DEBUG qt.scenegraph.time.renderloop: [window 0x7f20c65f8630][render thread 0x7f20c0b174c0] syncAndRender: start, elapsed since last call: 29 ms
2026-07-14 17:50:51.844 DEBUG qt.scenegraph.time.renderloop: [window 0x7f20c65f8630][gui thread] Frame prepared, polish=0 ms, lock=0 ms, blockedForSync=0 ms, animations=0 ms
2026-07-14 17:50:51.844 DEBUG qt.scenegraph.time.renderer: time in renderer: total=0ms, preprocess=0, updates=0, rendering=0
2026-07-14 17:50:51.844 DEBUG qt.scenegraph.time.renderloop: [window 0x7f20c65f8630][render thread 0x7f20c0b174c0] syncAndRender: frame rendered in 0ms, sync=0, render=0, swap=0
2026-07-14 17:50:51.849 DEBUG qt.scenegraph.time.renderloop: [window 0x7f20c65f8630][gui thread] polishAndSync: start, elapsed since last call: 5 ms
2026-07-14 17:50:51.849 DEBUG qt.scenegraph.time.renderloop: [window 0x7f20c65f8630][render thread 0x7f20c0b174c0] syncAndRender: start, elapsed since last call: 5 ms
2026-07-14 17:50:51.849 DEBUG qt.scenegraph.time.renderloop: [window 0x7f20c65f8630][gui thread] Frame prepared, polish=0 ms, lock=0 ms, blockedForSync=0 ms, animations=0 ms
2026-07-14 17:50:51.849 DEBUG qt.scenegraph.time.renderer: time in renderer: total=0ms, preprocess=0, updates=0, rendering=0
2026-07-14 17:50:51.850 DEBUG qt.scenegraph.time.renderloop: [window 0x7f20c65f8630][render thread 0x7f20c0b174c0] syncAndRender: frame rendered in 0ms, sync=0, render=0, swap=0
2026-07-14 17:50:51.877 DEBUG qt.scenegraph.time.renderloop: [window 0x7f20c65f8630][gui thread] polishAndSync: start, elapsed since last call: 28 ms
2026-07-14 17:50:51.878 DEBUG qt.scenegraph.time.renderloop: [window 0x7f20c65f8630][render thread 0x7f20c0b174c0] syncAndRender: start, elapsed since last call: 28 ms
2026-07-14 17:50:51.878 DEBUG qt.scenegraph.time.renderloop: [window 0x7f20c65f8630][gui thread] Frame prepared, polish=0 ms, lock=0 ms, blockedForSync=0 ms, animations=0 ms
2026-07-14 17:50:51.878 DEBUG qt.scenegraph.time.renderer: time in renderer: total=0ms, preprocess=0, updates=0, rendering=0
2026-07-14 17:50:51.878 DEBUG qt.scenegraph.time.renderloop: [window 0x7f20c65f8630][render thread 0x7f20c0b174c0] syncAndRender: frame rendered in 0ms, sync=0, render=0, swap=0
2026-07-14 17:50:51.884 DEBUG qt.scenegraph.time.renderloop: [window 0x7f20c65f8630][gui thread] polishAndSync: start, elapsed since last call: 6 ms
2026-07-14 17:50:51.884 DEBUG qt.scenegraph.time.renderloop: [window 0x7f20c65f8630][render thread 0x7f20c0b174c0] syncAndRender: start, elapsed since last call: 6 ms
2026-07-14 17:50:51.884 DEBUG qt.scenegraph.time.renderloop: [window 0x7f20c65f8630][gui thread] Frame prepared, polish=0 ms, lock=0 ms, blockedForSync=0 ms, animations=0 ms
2026-07-14 17:50:51.884 DEBUG qt.scenegraph.time.renderer: time in renderer: total=0ms, preprocess=0, updates=0, rendering=0
2026-07-14 17:50:51.884 DEBUG qt.scenegraph.time.renderloop: [window 0x7f20c65f8630][render thread 0x7f20c0b174c0] syncAndRender: frame rendered in 0ms, sync=0, render=0, swap=0
2026-07-14 17:50:51.910 DEBUG qt.scenegraph.time.renderloop: [window 0x7f20c65f8630][gui thread] polishAndSync: start, elapsed since last call: 26 ms
2026-07-14 17:50:51.910 DEBUG qt.scenegraph.time.renderloop: [window 0x7f20c65f8630][render thread 0x7f20c0b174c0] syncAndRender: start, elapsed since last call: 26 ms
2026-07-14 17:50:51.910 DEBUG qt.scenegraph.time.renderloop: [window 0x7f20c65f8630][gui thread] Frame prepared, polish=0 ms, lock=0 ms, blockedForSync=0 ms, animations=0 ms
2026-07-14 17:50:51.910 DEBUG qt.scenegraph.time.renderer: time in renderer: total=0ms, preprocess=0, updates=0, rendering=0
2026-07-14 17:50:51.911 DEBUG qt.scenegraph.time.renderloop: [window 0x7f20c65f8630][render thread 0x7f20c0b174c0] syncAndRender: frame rendered in 0ms, sync=0, render=0, swap=0
2026-07-14 17:50:51.912 DEBUG qt.scenegraph.time.renderloop: [window 0x7f20c65f8630][gui thread] polishAndSync: start, elapsed since last call: 1 ms
2026-07-14 17:50:51.912 DEBUG qt.scenegraph.time.renderloop: [window 0x7f20c65f8630][render thread 0x7f20c0b174c0] syncAndRender: start, elapsed since last call: 1 ms
2026-07-14 17:50:51.912 DEBUG qt.scenegraph.time.renderloop: [window 0x7f20c65f8630][gui thread] Frame prepared, polish=0 ms, lock=0 ms, blockedForSync=0 ms, animations=0 ms
2026-07-14 17:50:51.912 DEBUG qt.scenegraph.time.renderer: time in renderer: total=0ms, preprocess=0, updates=0, rendering=0
2026-07-14 17:50:51.912 DEBUG qt.scenegraph.time.renderloop: [window 0x7f20c65f8630][render thread 0x7f20c0b174c0] syncAndRender: frame rendered in 0ms, sync=0, render=0, swap=0
2026-07-14 17:50:51.943 DEBUG qt.scenegraph.time.renderloop: [window 0x7f20c65f8630][gui thread] polishAndSync: start, elapsed since last call: 31 ms
2026-07-14 17:50:51.943 DEBUG qt.scenegraph.time.renderloop: [window 0x7f20c65f8630][render thread 0x7f20c0b174c0] syncAndRender: start, elapsed since last call: 31 ms
2026-07-14 17:50:51.943 DEBUG qt.scenegraph.time.renderloop: [window 0x7f20c65f8630][gui thread] Frame prepared, polish=0 ms, lock=0 ms, blockedForSync=0 ms, animations=0 ms
2026-07-14 17:50:51.943 DEBUG qt.scenegraph.time.renderer: time in renderer: total=0ms, preprocess=0, updates=0, rendering=0
2026-07-14 17:50:51.944 DEBUG qt.scenegraph.time.renderloop: [window 0x7f20c65f8630][render thread 0x7f20c0b174c0] syncAndRender: frame rendered in 0ms, sync=0, render=0, swap=0
2026-07-14 17:50:51.946 DEBUG qt.scenegraph.time.renderloop: [window 0x7f20c65f8630][gui thread] polishAndSync: start, elapsed since last call: 3 ms
2026-07-14 17:50:51.947 DEBUG qt.scenegraph.time.renderloop: [window 0x7f20c65f8630][render thread 0x7f20c0b174c0] syncAndRender: start, elapsed since last call: 3 ms
2026-07-14 17:50:51.947 DEBUG qt.scenegraph.time.renderloop: [window 0x7f20c65f8630][gui thread] Frame prepared, polish=0 ms, lock=0 ms, blockedForSync=0 ms, animations=0 ms
2026-07-14 17:50:51.947 DEBUG qt.scenegraph.time.renderer: time in renderer: total=0ms, preprocess=0, updates=0, rendering=0
2026-07-14 17:50:51.947 DEBUG qt.scenegraph.time.renderloop: [window 0x7f20c65f8630][render thread 0x7f20c0b174c0] syncAndRender: frame rendered in 0ms, sync=0, render=0, swap=0
2026-07-14 17:50:51.976 DEBUG qt.scenegraph.time.renderloop: [window 0x7f20c65f8630][gui thread] polishAndSync: start, elapsed since last call: 29 ms
2026-07-14 17:50:51.976 DEBUG qt.scenegraph.time.renderloop: [window 0x7f20c65f8630][render thread 0x7f20c0b174c0] syncAndRender: start, elapsed since last call: 29 ms
2026-07-14 17:50:51.976 DEBUG qt.scenegraph.time.renderloop: [window 0x7f20c65f8630][gui thread] Frame prepared, polish=0 ms, lock=0 ms, blockedForSync=0 ms, animations=0 ms
2026-07-14 17:50:51.976 DEBUG qt.scenegraph.time.renderer: time in renderer: total=0ms, preprocess=0, updates=0, rendering=0
2026-07-14 17:50:51.976 DEBUG qt.scenegraph.time.renderloop: [window 0x7f20c65f8630][render thread 0x7f20c0b174c0] syncAndRender: frame rendered in 0ms, sync=0, render=0, swap=0
2026-07-14 17:50:51.981 DEBUG qt.scenegraph.time.renderloop: [window 0x7f20c65f8630][gui thread] polishAndSync: start, elapsed since last call: 5 ms
2026-07-14 17:50:51.981 DEBUG qt.scenegraph.time.renderloop: [window 0x7f20c65f8630][render thread 0x7f20c0b174c0] syncAndRender: start, elapsed since last call: 5 ms
2026-07-14 17:50:51.981 DEBUG qt.scenegraph.time.renderloop: [window 0x7f20c65f8630][gui thread] Frame prepared, polish=0 ms, lock=0 ms, blockedForSync=0 ms, animations=0 ms
2026-07-14 17:50:51.981 DEBUG qt.scenegraph.time.renderer: time in renderer: total=0ms, preprocess=0, updates=0, rendering=0
2026-07-14 17:50:51.982 DEBUG qt.scenegraph.time.renderloop: [window 0x7f20c65f8630][render thread 0x7f20c0b174c0] syncAndRender: frame rendered in 0ms, sync=0, render=0, swap=0
2026-07-14 17:50:52.009 DEBUG qt.scenegraph.time.renderloop: [window 0x7f20c65f8630][gui thread] polishAndSync: start, elapsed since last call: 28 ms
2026-07-14 17:50:52.010 DEBUG qt.scenegraph.time.renderloop: [window 0x7f20c65f8630][render thread 0x7f20c0b174c0] syncAndRender: start, elapsed since last call: 28 ms
2026-07-14 17:50:52.010 DEBUG qt.scenegraph.time.renderloop: [window 0x7f20c65f8630][gui thread] Frame prepared, polish=0 ms, lock=0 ms, blockedForSync=0 ms, animations=0 ms
2026-07-14 17:50:52.010 DEBUG qt.scenegraph.time.renderer: time in renderer: total=0ms, preprocess=0, updates=0, rendering=0
2026-07-14 17:50:52.010 DEBUG qt.scenegraph.time.renderloop: [window 0x7f20c65f8630][render thread 0x7f20c0b174c0] syncAndRender: frame rendered in 0ms, sync=0, render=0, swap=0
2026-07-14 17:50:52.016 DEBUG qt.scenegraph.time.renderloop: [window 0x7f20c65f8630][gui thread] polishAndSync: start, elapsed since last call: 6 ms
2026-07-14 17:50:52.016 DEBUG qt.scenegraph.time.renderloop: [window 0x7f20c65f8630][render thread 0x7f20c0b174c0] syncAndRender: start, elapsed since last call: 6 ms
2026-07-14 17:50:52.016 DEBUG qt.scenegraph.time.renderloop: [window 0x7f20c65f8630][gui thread] Frame prepared, polish=0 ms, lock=0 ms, blockedForSync=0 ms, animations=0 ms
2026-07-14 17:50:52.016 DEBUG qt.scenegraph.time.renderer: time in renderer: total=0ms, preprocess=0, updates=0, rendering=0
2026-07-14 17:50:52.016 DEBUG qt.scenegraph.time.renderloop: [window 0x7f20c65f8630][render thread 0x7f20c0b174c0] syncAndRender: frame rendered in 0ms, sync=0, render=0, swap=0
2026-07-14 17:50:52.042 DEBUG qt.scenegraph.time.renderloop: [window 0x7f20c65f8630][gui thread] polishAndSync: start, elapsed since last call: 26 ms
2026-07-14 17:50:52.042 DEBUG qt.scenegraph.time.renderloop: [window 0x7f20c65f8630][render thread 0x7f20c0b174c0] syncAndRender: start, elapsed since last call: 26 ms
2026-07-14 17:50:52.042 DEBUG qt.scenegraph.time.renderloop: [window 0x7f20c65f8630][gui thread] Frame prepared, polish=0 ms, lock=0 ms, blockedForSync=0 ms, animations=0 ms
2026-07-14 17:50:52.042 DEBUG qt.scenegraph.time.renderer: time in renderer: total=0ms, preprocess=0, updates=0, rendering=0
2026-07-14 17:50:52.043 DEBUG qt.scenegraph.time.renderloop: [window 0x7f20c65f8630][render thread 0x7f20c0b174c0] syncAndRender: frame rendered in 0ms, sync=0, render=0, swap=0
2026-07-14 17:50:52.044 DEBUG qt.scenegraph.time.renderloop: [window 0x7f20c65f8630][gui thread] polishAndSync: start, elapsed since last call: 1 ms
2026-07-14 17:50:52.044 DEBUG qt.scenegraph.time.renderloop: [window 0x7f20c65f8630][render thread 0x7f20c0b174c0] syncAndRender: start, elapsed since last call: 1 ms
2026-07-14 17:50:52.044 DEBUG qt.scenegraph.time.renderloop: [window 0x7f20c65f8630][gui thread] Frame prepared, polish=0 ms, lock=0 ms, blockedForSync=0 ms, animations=0 ms
2026-07-14 17:50:52.044 DEBUG qt.scenegraph.time.renderer: time in renderer: total=0ms, preprocess=0, updates=0, rendering=0
2026-07-14 17:50:52.044 DEBUG qt.scenegraph.time.renderloop: [window 0x7f20c65f8630][render thread 0x7f20c0b174c0] syncAndRender: frame rendered in 0ms, sync=0, render=0, swap=0
2026-07-14 17:50:52.075 DEBUG qt.scenegraph.time.renderloop: [window 0x7f20c65f8630][gui thread] polishAndSync: start, elapsed since last call: 31 ms
2026-07-14 17:50:52.075 DEBUG qt.scenegraph.time.renderloop: [window 0x7f20c65f8630][render thread 0x7f20c0b174c0] syncAndRender: start, elapsed since last call: 31 ms
2026-07-14 17:50:52.075 DEBUG qt.scenegraph.time.renderloop: [window 0x7f20c65f8630][gui thread] Frame prepared, polish=0 ms, lock=0 ms, blockedForSync=0 ms, animations=0 ms
2026-07-14 17:50:52.075 DEBUG qt.scenegraph.time.renderer: time in renderer: total=0ms, preprocess=0, updates=0, rendering=0
2026-07-14 17:50:52.075 DEBUG qt.scenegraph.time.renderloop: [window 0x7f20c65f8630][render thread 0x7f20c0b174c0] syncAndRender: frame rendered in 0ms, sync=0, render=0, swap=0
2026-07-14 17:50:52.079 DEBUG qt.scenegraph.time.renderloop: [window 0x7f20c65f8630][gui thread] polishAndSync: start, elapsed since last call: 3 ms
2026-07-14 17:50:52.079 DEBUG qt.scenegraph.time.renderloop: [window 0x7f20c65f8630][render thread 0x7f20c0b174c0] syncAndRender: start, elapsed since last call: 3 ms
2026-07-14 17:50:52.079 DEBUG qt.scenegraph.time.renderloop: [window 0x7f20c65f8630][gui thread] Frame prepared, polish=0 ms, lock=0 ms, blockedForSync=0 ms, animations=0 ms
2026-07-14 17:50:52.079 DEBUG qt.scenegraph.time.renderer: time in renderer: total=0ms, preprocess=0, updates=0, rendering=0
2026-07-14 17:50:52.079 DEBUG qt.scenegraph.time.renderloop: [window 0x7f20c65f8630][render thread 0x7f20c0b174c0] syncAndRender: frame rendered in 0ms, sync=0, render=0, swap=0
2026-07-14 17:50:52.108 DEBUG qt.scenegraph.time.renderloop: [window 0x7f20c65f8630][gui thread] polishAndSync: start, elapsed since last call: 29 ms
2026-07-14 17:50:52.108 DEBUG qt.scenegraph.time.renderloop: [window 0x7f20c65f8630][render thread 0x7f20c0b174c0] syncAndRender: start, elapsed since last call: 29 ms
2026-07-14 17:50:52.108 DEBUG qt.scenegraph.time.renderloop: [window 0x7f20c65f8630][gui thread] Frame prepared, polish=0 ms, lock=0 ms, blockedForSync=0 ms, animations=0 ms
2026-07-14 17:50:52.108 DEBUG qt.scenegraph.time.renderer: time in renderer: total=0ms, preprocess=0, updates=0, rendering=0
2026-07-14 17:50:52.108 DEBUG qt.scenegraph.time.renderloop: [window 0x7f20c65f8630][render thread 0x7f20c0b174c0] syncAndRender: frame rendered in 0ms, sync=0, render=0, swap=0
2026-07-14 17:50:52.113 DEBUG qt.scenegraph.time.renderloop: [window 0x7f20c65f8630][gui thread] polishAndSync: start, elapsed since last call: 5 ms
2026-07-14 17:50:52.113 DEBUG qt.scenegraph.time.renderloop: [window 0x7f20c65f8630][render thread 0x7f20c0b174c0] syncAndRender: start, elapsed since last call: 5 ms
2026-07-14 17:50:52.113 DEBUG qt.scenegraph.time.renderloop: [window 0x7f20c65f8630][gui thread] Frame prepared, polish=0 ms, lock=0 ms, blockedForSync=0 ms, animations=0 ms
2026-07-14 17:50:52.113 DEBUG qt.scenegraph.time.renderer: time in renderer: total=0ms, preprocess=0, updates=0, rendering=0
2026-07-14 17:50:52.114 DEBUG qt.scenegraph.time.renderloop: [window 0x7f20c65f8630][render thread 0x7f20c0b174c0] syncAndRender: frame rendered in 0ms, sync=0, render=0, swap=0
2026-07-14 17:50:52.141 DEBUG qt.scenegraph.time.renderloop: [window 0x7f20c65f8630][gui thread] polishAndSync: start, elapsed since last call: 28 ms
2026-07-14 17:50:52.142 DEBUG qt.scenegraph.time.renderloop: [window 0x7f20c65f8630][render thread 0x7f20c0b174c0] syncAndRender: start, elapsed since last call: 28 ms
2026-07-14 17:50:52.142 DEBUG qt.scenegraph.time.renderloop: [window 0x7f20c65f8630][gui thread] Frame prepared, polish=0 ms, lock=0 ms, blockedForSync=0 ms, animations=0 ms
2026-07-14 17:50:52.142 DEBUG qt.scenegraph.time.renderer: time in renderer: total=0ms, preprocess=0, updates=0, rendering=0
2026-07-14 17:50:52.142 DEBUG qt.scenegraph.time.renderloop: [window 0x7f20c65f8630][render thread 0x7f20c0b174c0] syncAndRender: frame rendered in 0ms, sync=0, render=0, swap=0
2026-07-14 17:50:52.148 DEBUG qt.scenegraph.time.renderloop: [window 0x7f20c65f8630][gui thread] polishAndSync: start, elapsed since last call: 6 ms
2026-07-14 17:50:52.148 DEBUG qt.scenegraph.time.renderloop: [window 0x7f20c65f8630][render thread 0x7f20c0b174c0] syncAndRender: start, elapsed since last call: 6 ms
2026-07-14 17:50:52.148 DEBUG qt.scenegraph.time.renderloop: [window 0x7f20c65f8630][gui thread] Frame prepared, polish=0 ms, lock=0 ms, blockedForSync=0 ms, animations=0 ms
2026-07-14 17:50:52.148 DEBUG qt.scenegraph.time.renderer: time in renderer: total=0ms, preprocess=0, updates=0, rendering=0
2026-07-14 17:50:52.148 DEBUG qt.scenegraph.time.renderloop: [window 0x7f20c65f8630][render thread 0x7f20c0b174c0] syncAndRender: frame rendered in 0ms, sync=0, render=0, swap=0
2026-07-14 17:50:52.174 DEBUG qt.scenegraph.time.renderloop: [window 0x7f20c65f8630][gui thread] polishAndSync: start, elapsed since last call: 26 ms
2026-07-14 17:50:52.175 DEBUG qt.scenegraph.time.renderloop: [window 0x7f20c65f8630][render thread 0x7f20c0b174c0] syncAndRender: start, elapsed since last call: 26 ms
2026-07-14 17:50:52.175 DEBUG qt.scenegraph.time.renderloop: [window 0x7f20c65f8630][gui thread] Frame prepared, polish=0 ms, lock=0 ms, blockedForSync=0 ms, animations=0 ms
2026-07-14 17:50:52.175 DEBUG qt.scenegraph.time.renderer: time in renderer: total=0ms, preprocess=0, updates=0, rendering=0
2026-07-14 17:50:52.175 DEBUG qt.scenegraph.time.renderloop: [window 0x7f20c65f8630][render thread 0x7f20c0b174c0] syncAndRender: frame rendered in 0ms, sync=0, render=0, swap=0
2026-07-14 17:50:52.176 DEBUG qt.scenegraph.time.renderloop: [window 0x7f20c65f8630][gui thread] polishAndSync: start, elapsed since last call: 1 ms
2026-07-14 17:50:52.176 DEBUG qt.scenegraph.time.renderloop: [window 0x7f20c65f8630][render thread 0x7f20c0b174c0] syncAndRender: start, elapsed since last call: 1 ms
2026-07-14 17:50:52.176 DEBUG qt.scenegraph.time.renderloop: [window 0x7f20c65f8630][gui thread] Frame prepared, polish=0 ms, lock=0 ms, blockedForSync=0 ms, animations=0 ms
2026-07-14 17:50:52.176 DEBUG qt.scenegraph.time.renderer: time in renderer: total=0ms, preprocess=0, updates=0, rendering=0
2026-07-14 17:50:52.176 DEBUG qt.scenegraph.time.renderloop: [window 0x7f20c65f8630][render thread 0x7f20c0b174c0] syncAndRender: frame rendered in 0ms, sync=0, render=0, swap=0
2026-07-14 17:50:52.207 DEBUG qt.scenegraph.time.renderloop: [window 0x7f20c65f8630][gui thread] polishAndSync: start, elapsed since last call: 31 ms
2026-07-14 17:50:52.207 DEBUG qt.scenegraph.time.renderloop: [window 0x7f20c65f8630][render thread 0x7f20c0b174c0] syncAndRender: start, elapsed since last call: 31 ms
2026-07-14 17:50:52.207 DEBUG qt.scenegraph.time.renderloop: [window 0x7f20c65f8630][gui thread] Frame prepared, polish=0 ms, lock=0 ms, blockedForSync=0 ms, animations=0 ms
2026-07-14 17:50:52.207 DEBUG qt.scenegraph.time.renderer: time in renderer: total=0ms, preprocess=0, updates=0, rendering=0
2026-07-14 17:50:52.208 DEBUG qt.scenegraph.time.renderloop: [window 0x7f20c65f8630][render thread 0x7f20c0b174c0] syncAndRender: frame rendered in 0ms, sync=0, render=0, swap=0
2026-07-14 17:50:52.211 DEBUG qt.scenegraph.time.renderloop: [window 0x7f20c65f8630][gui thread] polishAndSync: start, elapsed since last call: 3 ms
2026-07-14 17:50:52.211 DEBUG qt.scenegraph.time.renderloop: [window 0x7f20c65f8630][render thread 0x7f20c0b174c0] syncAndRender: start, elapsed since last call: 3 ms
2026-07-14 17:50:52.211 DEBUG qt.scenegraph.time.renderloop: [window 0x7f20c65f8630][gui thread] Frame prepared, polish=0 ms, lock=0 ms, blockedForSync=0 ms, animations=0 ms
2026-07-14 17:50:52.211 DEBUG qt.scenegraph.time.renderer: time in renderer: total=0ms, preprocess=0, updates=0, rendering=0
2026-07-14 17:50:52.211 DEBUG qt.scenegraph.time.renderloop: [window 0x7f20c65f8630][render thread 0x7f20c0b174c0] syncAndRender: frame rendered in 0ms, sync=0, render=0, swap=0
2026-07-14 17:50:52.240 DEBUG qt.scenegraph.time.renderloop: [window 0x7f20c65f8630][gui thread] polishAndSync: start, elapsed since last call: 29 ms
2026-07-14 17:50:52.240 DEBUG qt.scenegraph.time.renderloop: [window 0x7f20c65f8630][render thread 0x7f20c0b174c0] syncAndRender: start, elapsed since last call: 29 ms
2026-07-14 17:50:52.240 DEBUG qt.scenegraph.time.renderloop: [window 0x7f20c65f8630][gui thread] Frame prepared, polish=0 ms, lock=0 ms, blockedForSync=0 ms, animations=0 ms
2026-07-14 17:50:52.240 DEBUG qt.scenegraph.time.renderer: time in renderer: total=0ms, preprocess=0, updates=0, rendering=0
2026-07-14 17:50:52.240 DEBUG qt.scenegraph.time.renderloop: [window 0x7f20c65f8630][render thread 0x7f20c0b174c0] syncAndRender: frame rendered in 0ms, sync=0, render=0, swap=0
2026-07-14 17:50:52.245 DEBUG qt.scenegraph.time.renderloop: [window 0x7f20c65f8630][gui thread] polishAndSync: start, elapsed since last call: 5 ms
2026-07-14 17:50:52.245 DEBUG qt.scenegraph.time.renderloop: [window 0x7f20c65f8630][render thread 0x7f20c0b174c0] syncAndRender: start, elapsed since last call: 5 ms
2026-07-14 17:50:52.245 DEBUG qt.scenegraph.time.renderloop: [window 0x7f20c65f8630][gui thread] Frame prepared, polish=0 ms, lock=0 ms, blockedForSync=0 ms, animations=0 ms
2026-07-14 17:50:52.245 DEBUG qt.scenegraph.time.renderer: time in renderer: total=0ms, preprocess=0, updates=0, rendering=0
2026-07-14 17:50:52.246 DEBUG qt.scenegraph.time.renderloop: [window 0x7f20c65f8630][render thread 0x7f20c0b174c0] syncAndRender: frame rendered in 0ms, sync=0, render=0, swap=0
2026-07-14 17:50:52.274 DEBUG qt.scenegraph.time.renderloop: [window 0x7f20c65f8630][gui thread] polishAndSync: start, elapsed since last call: 28 ms
2026-07-14 17:50:52.275 DEBUG qt.scenegraph.time.renderloop: [window 0x7f20c65f8630][render thread 0x7f20c0b174c0] syncAndRender: start, elapsed since last call: 30 ms
2026-07-14 17:50:52.275 DEBUG qt.scenegraph.time.renderloop: [window 0x7f20c65f8630][gui thread] Frame prepared, polish=1 ms, lock=0 ms, blockedForSync=0 ms, animations=0 ms
2026-07-14 17:50:52.276 DEBUG qt.scenegraph.time.renderer: time in renderer: total=0ms, preprocess=0, updates=0, rendering=0
2026-07-14 17:50:52.276 DEBUG qt.scenegraph.time.renderloop: [window 0x7f20c65f8630][render thread 0x7f20c0b174c0] syncAndRender: frame rendered in 0ms, sync=0, render=0, swap=0
2026-07-14 17:50:52.280 DEBUG qt.scenegraph.time.renderloop: [window 0x7f20c65f8630][gui thread] polishAndSync: start, elapsed since last call: 6 ms
2026-07-14 17:50:52.280 DEBUG qt.scenegraph.time.renderloop: [window 0x7f20c65f8630][render thread 0x7f20c0b174c0] syncAndRender: start, elapsed since last call: 4 ms
2026-07-14 17:50:52.280 DEBUG qt.scenegraph.time.renderloop: [window 0x7f20c65f8630][gui thread] Frame prepared, polish=0 ms, lock=0 ms, blockedForSync=0 ms, animations=0 ms
2026-07-14 17:50:52.280 DEBUG qt.scenegraph.time.renderer: time in renderer: total=0ms, preprocess=0, updates=0, rendering=0
2026-07-14 17:50:52.280 DEBUG qt.scenegraph.time.renderloop: [window 0x7f20c65f8630][render thread 0x7f20c0b174c0] syncAndRender: frame rendered in 0ms, sync=0, render=0, swap=0
2026-07-14 17:50:52.306 DEBUG qt.scenegraph.time.renderloop: [window 0x7f20c65f8630][gui thread] polishAndSync: start, elapsed since last call: 26 ms
2026-07-14 17:50:52.306 DEBUG qt.scenegraph.time.renderloop: [window 0x7f20c65f8630][render thread 0x7f20c0b174c0] syncAndRender: start, elapsed since last call: 26 ms
2026-07-14 17:50:52.307 DEBUG qt.scenegraph.time.renderloop: [window 0x7f20c65f8630][gui thread] Frame prepared, polish=0 ms, lock=0 ms, blockedForSync=0 ms, animations=0 ms
2026-07-14 17:50:52.307 DEBUG qt.scenegraph.time.renderer: time in renderer: total=0ms, preprocess=0, updates=0, rendering=0
2026-07-14 17:50:52.307 DEBUG qt.scenegraph.time.renderloop: [window 0x7f20c65f8630][render thread 0x7f20c0b174c0] syncAndRender: frame rendered in 0ms, sync=0, render=0, swap=0
2026-07-14 17:50:52.308 DEBUG qt.scenegraph.time.renderloop: [window 0x7f20c65f8630][gui thread] polishAndSync: start, elapsed since last call: 1 ms
2026-07-14 17:50:52.308 DEBUG qt.scenegraph.time.renderloop: [window 0x7f20c65f8630][render thread 0x7f20c0b174c0] syncAndRender: start, elapsed since last call: 1 ms
2026-07-14 17:50:52.308 DEBUG qt.scenegraph.time.renderloop: [window 0x7f20c65f8630][gui thread] Frame prepared, polish=0 ms, lock=0 ms, blockedForSync=0 ms, animations=0 ms
2026-07-14 17:50:52.308 DEBUG qt.scenegraph.time.renderer: time in renderer: total=0ms, preprocess=0, updates=0, rendering=0
2026-07-14 17:50:52.308 DEBUG qt.scenegraph.time.renderloop: [window 0x7f20c65f8630][render thread 0x7f20c0b174c0] syncAndRender: frame rendered in 0ms, sync=0, render=0, swap=0
2026-07-14 17:50:52.339 DEBUG qt.scenegraph.time.renderloop: [window 0x7f20c65f8630][gui thread] polishAndSync: start, elapsed since last call: 30 ms
2026-07-14 17:50:52.339 DEBUG qt.scenegraph.time.renderloop: [window 0x7f20c65f8630][render thread 0x7f20c0b174c0] syncAndRender: start, elapsed since last call: 31 ms
2026-07-14 17:50:52.339 DEBUG qt.scenegraph.time.renderloop: [window 0x7f20c65f8630][gui thread] Frame prepared, polish=0 ms, lock=0 ms, blockedForSync=0 ms, animations=0 ms
2026-07-14 17:50:52.339 DEBUG qt.scenegraph.time.renderer: time in renderer: total=0ms, preprocess=0, updates=0, rendering=0
2026-07-14 17:50:52.339 DEBUG qt.scenegraph.time.renderloop: [window 0x7f20c65f8630][render thread 0x7f20c0b174c0] syncAndRender: frame rendered in 0ms, sync=0, render=0, swap=0
2026-07-14 17:50:52.343 DEBUG qt.scenegraph.time.renderloop: [window 0x7f20c65f8630][gui thread] polishAndSync: start, elapsed since last call: 3 ms
2026-07-14 17:50:52.343 DEBUG qt.scenegraph.time.renderloop: [window 0x7f20c65f8630][render thread 0x7f20c0b174c0] syncAndRender: start, elapsed since last call: 3 ms
2026-07-14 17:50:52.343 DEBUG qt.scenegraph.time.renderloop: [window 0x7f20c65f8630][gui thread] Frame prepared, polish=0 ms, lock=0 ms, blockedForSync=0 ms, animations=0 ms
2026-07-14 17:50:52.343 DEBUG qt.scenegraph.time.renderer: time in renderer: total=0ms, preprocess=0, updates=0, rendering=0
2026-07-14 17:50:52.343 DEBUG qt.scenegraph.time.renderloop: [window 0x7f20c65f8630][render thread 0x7f20c0b174c0] syncAndRender: frame rendered in 0ms, sync=0, render=0, swap=0
2026-07-14 17:50:52.372 DEBUG qt.scenegraph.time.renderloop: [window 0x7f20c65f8630][gui thread] polishAndSync: start, elapsed since last call: 29 ms
2026-07-14 17:50:52.372 DEBUG qt.scenegraph.time.renderloop: [window 0x7f20c65f8630][render thread 0x7f20c0b174c0] syncAndRender: start, elapsed since last call: 29 ms
2026-07-14 17:50:52.372 DEBUG qt.scenegraph.time.renderloop: [window 0x7f20c65f8630][gui thread] Frame prepared, polish=0 ms, lock=0 ms, blockedForSync=0 ms, animations=0 ms
2026-07-14 17:50:52.372 DEBUG qt.scenegraph.time.renderer: time in renderer: total=0ms, preprocess=0, updates=0, rendering=0
2026-07-14 17:50:52.372 DEBUG qt.scenegraph.time.renderloop: [window 0x7f20c65f8630][render thread 0x7f20c0b174c0] syncAndRender: frame rendered in 0ms, sync=0, render=0, swap=0
2026-07-14 17:50:52.377 DEBUG qt.scenegraph.time.renderloop: [window 0x7f20c65f8630][gui thread] polishAndSync: start, elapsed since last call: 5 ms
2026-07-14 17:50:52.377 DEBUG qt.scenegraph.time.renderloop: [window 0x7f20c65f8630][render thread 0x7f20c0b174c0] syncAndRender: start, elapsed since last call: 5 ms
2026-07-14 17:50:52.377 DEBUG qt.scenegraph.time.renderloop: [window 0x7f20c65f8630][gui thread] Frame prepared, polish=0 ms, lock=0 ms, blockedForSync=0 ms, animations=0 ms
2026-07-14 17:50:52.377 DEBUG qt.scenegraph.time.renderer: time in renderer: total=0ms, preprocess=0, updates=0, rendering=0
2026-07-14 17:50:52.378 DEBUG qt.scenegraph.time.renderloop: [window 0x7f20c65f8630][render thread 0x7f20c0b174c0] syncAndRender: frame rendered in 0ms, sync=0, render=0, swap=0
2026-07-14 17:50:52.405 DEBUG qt.scenegraph.time.renderloop: [window 0x7f20c65f8630][gui thread] polishAndSync: start, elapsed since last call: 28 ms
2026-07-14 17:50:52.406 DEBUG qt.scenegraph.time.renderloop: [window 0x7f20c65f8630][render thread 0x7f20c0b174c0] syncAndRender: start, elapsed since last call: 28 ms
2026-07-14 17:50:52.406 DEBUG qt.scenegraph.time.renderloop: [window 0x7f20c65f8630][gui thread] Frame prepared, polish=0 ms, lock=0 ms, blockedForSync=0 ms, animations=0 ms
2026-07-14 17:50:52.406 DEBUG qt.scenegraph.time.renderer: time in renderer: total=0ms, preprocess=0, updates=0, rendering=0
2026-07-14 17:50:52.406 DEBUG qt.scenegraph.time.renderloop: [window 0x7f20c65f8630][render thread 0x7f20c0b174c0] syncAndRender: frame rendered in 0ms, sync=0, render=0, swap=0
2026-07-14 17:50:52.407 DEBUG qt.scenegraph.time.renderloop: [window 0x7f20c65f8630][gui thread] polishAndSync: start, elapsed since last call: 1 ms
2026-07-14 17:50:52.407 DEBUG qt.scenegraph.time.renderloop: [window 0x7f20c65f8630][render thread 0x7f20c0b174c0] syncAndRender: start, elapsed since last call: 0 ms
2026-07-14 17:50:52.407 DEBUG qt.scenegraph.time.renderloop: [window 0x7f20c65f8630][gui thread] Frame prepared, polish=0 ms, lock=0 ms, blockedForSync=0 ms, animations=0 ms
2026-07-14 17:50:52.407 DEBUG qt.scenegraph.time.renderer: time in renderer: total=0ms, preprocess=0, updates=0, rendering=0
2026-07-14 17:50:52.407 DEBUG qt.scenegraph.time.renderloop: [window 0x7f20c65f8630][render thread 0x7f20c0b174c0] syncAndRender: frame rendered in 0ms, sync=0, render=0, swap=0
2026-07-14 17:50:52.438 DEBUG qt.scenegraph.time.renderloop: [window 0x7f20c65f8630][gui thread] polishAndSync: start, elapsed since last call: 31 ms
2026-07-14 17:50:52.439 DEBUG qt.scenegraph.time.renderloop: [window 0x7f20c65f8630][render thread 0x7f20c0b174c0] syncAndRender: start, elapsed since last call: 32 ms
2026-07-14 17:50:52.439 DEBUG qt.scenegraph.time.renderloop: [window 0x7f20c65f8630][gui thread] Frame prepared, polish=0 ms, lock=0 ms, blockedForSync=0 ms, animations=0 ms
2026-07-14 17:50:52.439 DEBUG qt.scenegraph.time.renderer: time in renderer: total=0ms, preprocess=0, updates=0, rendering=0
2026-07-14 17:50:52.439 DEBUG qt.scenegraph.time.renderloop: [window 0x7f20c65f8630][render thread 0x7f20c0b174c0] syncAndRender: frame rendered in 0ms, sync=0, render=0, swap=0
2026-07-14 17:50:52.439 DEBUG qt.scenegraph.time.renderloop: [window 0x7f20c65f8630][gui thread] polishAndSync: start, elapsed since last call: 1 ms
2026-07-14 17:50:52.439 DEBUG qt.scenegraph.time.renderloop: [window 0x7f20c65f8630][render thread 0x7f20c0b174c0] syncAndRender: start, elapsed since last call: 0 ms
2026-07-14 17:50:52.439 DEBUG qt.scenegraph.time.renderloop: [window 0x7f20c65f8630][gui thread] Frame prepared, polish=0 ms, lock=0 ms, blockedForSync=0 ms, animations=0 ms
2026-07-14 17:50:52.440 DEBUG qt.scenegraph.time.renderer: time in renderer: total=0ms, preprocess=0, updates=0, rendering=0
2026-07-14 17:50:52.440 DEBUG qt.scenegraph.time.renderloop: [window 0x7f20c65f8630][render thread 0x7f20c0b174c0] syncAndRender: frame rendered in 0ms, sync=0, render=0, swap=0
2026-07-14 17:50:52.470 DEBUG qt.scenegraph.time.renderloop: [window 0x7f20c65f8630][gui thread] polishAndSync: start, elapsed since last call: 30 ms
2026-07-14 17:50:52.470 DEBUG qt.scenegraph.time.renderloop: [window 0x7f20c65f8630][render thread 0x7f20c0b174c0] syncAndRender: start, elapsed since last call: 31 ms
2026-07-14 17:50:52.470 DEBUG qt.scenegraph.time.renderloop: [window 0x7f20c65f8630][gui thread] Frame prepared, polish=0 ms, lock=0 ms, blockedForSync=0 ms, animations=0 ms
2026-07-14 17:50:52.471 DEBUG qt.scenegraph.time.renderer: time in renderer: total=0ms, preprocess=0, updates=0, rendering=0
2026-07-14 17:50:52.471 DEBUG qt.scenegraph.time.renderloop: [window 0x7f20c65f8630][render thread 0x7f20c0b174c0] syncAndRender: frame rendered in 0ms, sync=0, render=0, swap=0
2026-07-14 17:50:52.471 DEBUG qt.scenegraph.time.renderloop: [window 0x7f20c65f8630][gui thread] polishAndSync: start, elapsed since last call: 1 ms
2026-07-14 17:50:52.471 DEBUG qt.scenegraph.time.renderloop: [window 0x7f20c65f8630][render thread 0x7f20c0b174c0] syncAndRender: start, elapsed since last call: 0 ms
2026-07-14 17:50:52.471 DEBUG qt.scenegraph.time.renderloop: [window 0x7f20c65f8630][gui thread] Frame prepared, polish=0 ms, lock=0 ms, blockedForSync=0 ms, animations=0 ms
2026-07-14 17:50:52.471 DEBUG qt.scenegraph.time.renderer: time in renderer: total=0ms, preprocess=0, updates=0, rendering=0
2026-07-14 17:50:52.472 DEBUG qt.scenegraph.time.renderloop: [window 0x7f20c65f8630][render thread 0x7f20c0b174c0] syncAndRender: frame rendered in 0ms, sync=0, render=0, swap=0
2026-07-14 17:50:52.504 DEBUG qt.scenegraph.time.renderloop: [window 0x7f20c65f8630][gui thread] polishAndSync: start, elapsed since last call: 32 ms
2026-07-14 17:50:52.504 DEBUG qt.scenegraph.time.renderloop: [window 0x7f20c65f8630][render thread 0x7f20c0b174c0] syncAndRender: start, elapsed since last call: 32 ms
2026-07-14 17:50:52.504 DEBUG qt.scenegraph.time.renderloop: [window 0x7f20c65f8630][gui thread] Frame prepared, polish=0 ms, lock=0 ms, blockedForSync=0 ms, animations=0 ms
2026-07-14 17:50:52.504 DEBUG qt.scenegraph.time.renderer: time in renderer: total=0ms, preprocess=0, updates=0, rendering=0
2026-07-14 17:50:52.504 DEBUG qt.scenegraph.time.renderloop: [window 0x7f20c65f8630][render thread 0x7f20c0b174c0] syncAndRender: frame rendered in 0ms, sync=0, render=0, swap=0
2026-07-14 17:50:52.505 DEBUG qt.scenegraph.time.renderloop: [window 0x7f20c65f8630][gui thread] polishAndSync: start, elapsed since last call: 0 ms
2026-07-14 17:50:52.505 DEBUG qt.scenegraph.time.renderloop: [window 0x7f20c65f8630][render thread 0x7f20c0b174c0] syncAndRender: start, elapsed since last call: 0 ms
2026-07-14 17:50:52.505 DEBUG qt.scenegraph.time.renderloop: [window 0x7f20c65f8630][gui thread] Frame prepared, polish=0 ms, lock=0 ms, blockedForSync=0 ms, animations=0 ms
2026-07-14 17:50:52.505 DEBUG qt.scenegraph.time.renderer: time in renderer: total=0ms, preprocess=0, updates=0, rendering=0
2026-07-14 17:50:52.505 DEBUG qt.scenegraph.time.renderloop: [window 0x7f20c65f8630][render thread 0x7f20c0b174c0] syncAndRender: frame rendered in 0ms, sync=0, render=0, swap=0
2026-07-14 17:50:52.537 DEBUG qt.scenegraph.time.renderloop: [window 0x7f20c65f8630][gui thread] polishAndSync: start, elapsed since last call: 31 ms
2026-07-14 17:50:52.537 DEBUG qt.scenegraph.time.renderloop: [window 0x7f20c65f8630][render thread 0x7f20c0b174c0] syncAndRender: start, elapsed since last call: 32 ms
2026-07-14 17:50:52.537 DEBUG qt.scenegraph.time.renderloop: [window 0x7f20c65f8630][gui thread] Frame prepared, polish=0 ms, lock=0 ms, blockedForSync=0 ms, animations=0 ms
2026-07-14 17:50:52.537 DEBUG qt.scenegraph.time.renderer: time in renderer: total=0ms, preprocess=0, updates=0, rendering=0
2026-07-14 17:50:52.537 DEBUG qt.scenegraph.time.renderloop: [window 0x7f20c65f8630][render thread 0x7f20c0b174c0] syncAndRender: frame rendered in 0ms, sync=0, render=0, swap=0
2026-07-14 17:50:52.537 DEBUG qt.scenegraph.time.renderloop: [window 0x7f20c65f8630][gui thread] polishAndSync: start, elapsed since last call: 0 ms
2026-07-14 17:50:52.537 DEBUG qt.scenegraph.time.renderloop: [window 0x7f20c65f8630][render thread 0x7f20c0b174c0] syncAndRender: start, elapsed since last call: 0 ms
2026-07-14 17:50:52.537 DEBUG qt.scenegraph.time.renderloop: [window 0x7f20c65f8630][gui thread] Frame prepared, polish=0 ms, lock=0 ms, blockedForSync=0 ms, animations=0 ms
2026-07-14 17:50:52.537 DEBUG qt.scenegraph.time.renderer: time in renderer: total=0ms, preprocess=0, updates=0, rendering=0
2026-07-14 17:50:52.538 DEBUG qt.scenegraph.time.renderloop: [window 0x7f20c65f8630][render thread 0x7f20c0b174c0] syncAndRender: frame rendered in 0ms, sync=0, render=0, swap=0
2026-07-14 17:50:52.570 DEBUG qt.scenegraph.time.renderloop: [window 0x7f20c65f8630][gui thread] polishAndSync: start, elapsed since last call: 32 ms
2026-07-14 17:50:52.570 DEBUG qt.scenegraph.time.renderloop: [window 0x7f20c65f8630][render thread 0x7f20c0b174c0] syncAndRender: start, elapsed since last call: 32 ms
2026-07-14 17:50:52.570 DEBUG qt.scenegraph.time.renderloop: [window 0x7f20c65f8630][gui thread] Frame prepared, polish=0 ms, lock=0 ms, blockedForSync=0 ms, animations=0 ms
2026-07-14 17:50:52.570 DEBUG qt.scenegraph.time.renderer: time in renderer: total=0ms, preprocess=0, updates=0, rendering=0
2026-07-14 17:50:52.571 DEBUG qt.scenegraph.time.renderloop: [window 0x7f20c65f8630][render thread 0x7f20c0b174c0] syncAndRender: frame rendered in 0ms, sync=0, render=0, swap=0
2026-07-14 17:50:52.571 DEBUG qt.scenegraph.time.renderloop: [window 0x7f20c65f8630][gui thread] polishAndSync: start, elapsed since last call: 1 ms
2026-07-14 17:50:52.571 DEBUG qt.scenegraph.time.renderloop: [window 0x7f20c65f8630][render thread 0x7f20c0b174c0] syncAndRender: start, elapsed since last call: 0 ms
2026-07-14 17:50:52.571 DEBUG qt.scenegraph.time.renderloop: [window 0x7f20c65f8630][gui thread] Frame prepared, polish=0 ms, lock=0 ms, blockedForSync=0 ms, animations=0 ms
2026-07-14 17:50:52.571 DEBUG qt.scenegraph.time.renderer: time in renderer: total=0ms, preprocess=0, updates=0, rendering=0
2026-07-14 17:50:52.571 DEBUG qt.scenegraph.time.renderloop: [window 0x7f20c65f8630][render thread 0x7f20c0b174c0] syncAndRender: frame rendered in 0ms, sync=0, render=0, swap=0
2026-07-14 17:50:52.602 DEBUG qt.scenegraph.time.renderloop: [window 0x7f20c65f8630][gui thread] polishAndSync: start, elapsed since last call: 31 ms
2026-07-14 17:50:52.602 DEBUG qt.scenegraph.time.renderloop: [window 0x7f20c65f8630][render thread 0x7f20c0b174c0] syncAndRender: start, elapsed since last call: 31 ms
2026-07-14 17:50:52.602 DEBUG qt.scenegraph.time.renderloop: [window 0x7f20c65f8630][gui thread] Frame prepared, polish=0 ms, lock=0 ms, blockedForSync=0 ms, animations=0 ms
2026-07-14 17:50:52.602 DEBUG qt.scenegraph.time.renderer: time in renderer: total=0ms, preprocess=0, updates=0, rendering=0
2026-07-14 17:50:52.602 DEBUG qt.scenegraph.time.renderloop: [window 0x7f20c65f8630][render thread 0x7f20c0b174c0] syncAndRender: frame rendered in 0ms, sync=0, render=0, swap=0
2026-07-14 17:50:52.603 DEBUG qt.scenegraph.time.renderloop: [window 0x7f20c65f8630][gui thread] polishAndSync: start, elapsed since last call: 0 ms
2026-07-14 17:50:52.603 DEBUG qt.scenegraph.time.renderloop: [window 0x7f20c65f8630][render thread 0x7f20c0b174c0] syncAndRender: start, elapsed since last call: 0 ms
2026-07-14 17:50:52.603 DEBUG qt.scenegraph.time.renderloop: [window 0x7f20c65f8630][gui thread] Frame prepared, polish=0 ms, lock=0 ms, blockedForSync=0 ms, animations=0 ms
2026-07-14 17:50:52.603 DEBUG qt.scenegraph.time.renderer: time in renderer: total=0ms, preprocess=0, updates=0, rendering=0
2026-07-14 17:50:52.603 DEBUG qt.scenegraph.time.renderloop: [window 0x7f20c65f8630][render thread 0x7f20c0b174c0] syncAndRender: frame rendered in 0ms, sync=0, render=0, swap=0
2026-07-14 17:50:52.636 DEBUG qt.scenegraph.time.renderloop: [window 0x7f20c65f8630][gui thread] polishAndSync: start, elapsed since last call: 32 ms
2026-07-14 17:50:52.636 DEBUG qt.scenegraph.time.renderloop: [window 0x7f20c65f8630][render thread 0x7f20c0b174c0] syncAndRender: start, elapsed since last call: 33 ms
2026-07-14 17:50:52.636 DEBUG qt.scenegraph.time.renderloop: [window 0x7f20c65f8630][gui thread] Frame prepared, polish=0 ms, lock=0 ms, blockedForSync=0 ms, animations=0 ms
2026-07-14 17:50:52.636 DEBUG qt.scenegraph.time.renderer: time in renderer: total=0ms, preprocess=0, updates=0, rendering=0
2026-07-14 17:50:52.636 DEBUG qt.scenegraph.time.renderloop: [window 0x7f20c65f8630][render thread 0x7f20c0b174c0] syncAndRender: frame rendered in 0ms, sync=0, render=0, swap=0
2026-07-14 17:50:52.637 DEBUG qt.scenegraph.time.renderloop: [window 0x7f20c65f8630][gui thread] polishAndSync: start, elapsed since last call: 0 ms
2026-07-14 17:50:52.637 DEBUG qt.scenegraph.time.renderloop: [window 0x7f20c65f8630][render thread 0x7f20c0b174c0] syncAndRender: start, elapsed since last call: 0 ms
2026-07-14 17:50:52.637 DEBUG qt.scenegraph.time.renderloop: [window 0x7f20c65f8630][gui thread] Frame prepared, polish=0 ms, lock=0 ms, blockedForSync=0 ms, animations=0 ms
2026-07-14 17:50:52.637 DEBUG qt.scenegraph.time.renderer: time in renderer: total=0ms, preprocess=0, updates=0, rendering=0
2026-07-14 17:50:52.637 DEBUG qt.scenegraph.time.renderloop: [window 0x7f20c65f8630][render thread 0x7f20c0b174c0] syncAndRender: frame rendered in 0ms, sync=0, render=0, swap=0
2026-07-14 17:50:52.669 DEBUG qt.scenegraph.time.renderloop: [window 0x7f20c65f8630][gui thread] polishAndSync: start, elapsed since last call: 32 ms
2026-07-14 17:50:52.669 DEBUG qt.scenegraph.time.renderloop: [window 0x7f20c65f8630][render thread 0x7f20c0b174c0] syncAndRender: start, elapsed since last call: 32 ms
2026-07-14 17:50:52.669 DEBUG qt.scenegraph.time.renderloop: [window 0x7f20c65f8630][gui thread] Frame prepared, polish=0 ms, lock=0 ms, blockedForSync=0 ms, animations=0 ms
2026-07-14 17:50:52.669 DEBUG qt.scenegraph.time.renderer: time in renderer: total=0ms, preprocess=0, updates=0, rendering=0
2026-07-14 17:50:52.669 DEBUG qt.scenegraph.time.renderloop: [window 0x7f20c65f8630][render thread 0x7f20c0b174c0] syncAndRender: frame rendered in 0ms, sync=0, render=0, swap=0
2026-07-14 17:50:52.669 DEBUG qt.scenegraph.time.renderloop: [window 0x7f20c65f8630][gui thread] polishAndSync: start, elapsed since last call: 0 ms
2026-07-14 17:50:52.669 DEBUG qt.scenegraph.time.renderloop: [window 0x7f20c65f8630][render thread 0x7f20c0b174c0] syncAndRender: start, elapsed since last call: 0 ms
2026-07-14 17:50:52.669 DEBUG qt.scenegraph.time.renderloop: [window 0x7f20c65f8630][gui thread] Frame prepared, polish=0 ms, lock=0 ms, blockedForSync=0 ms, animations=0 ms
2026-07-14 17:50:52.669 DEBUG qt.scenegraph.time.renderer: time in renderer: total=0ms, preprocess=0, updates=0, rendering=0
2026-07-14 17:50:52.670 DEBUG qt.scenegraph.time.renderloop: [window 0x7f20c65f8630][render thread 0x7f20c0b174c0] syncAndRender: frame rendered in 0ms, sync=0, render=0, swap=0
2026-07-14 17:50:52.702 DEBUG qt.scenegraph.time.renderloop: [window 0x7f20c65f8630][gui thread] polishAndSync: start, elapsed since last call: 32 ms
2026-07-14 17:50:52.702 DEBUG qt.scenegraph.time.renderloop: [window 0x7f20c65f8630][render thread 0x7f20c0b174c0] syncAndRender: start, elapsed since last call: 32 ms
2026-07-14 17:50:52.702 DEBUG qt.scenegraph.time.renderloop: [window 0x7f20c65f8630][gui thread] Frame prepared, polish=0 ms, lock=0 ms, blockedForSync=0 ms, animations=0 ms
2026-07-14 17:50:52.702 DEBUG qt.scenegraph.time.renderer: time in renderer: total=0ms, preprocess=0, updates=0, rendering=0
2026-07-14 17:50:52.703 DEBUG qt.scenegraph.time.renderloop: [window 0x7f20c65f8630][render thread 0x7f20c0b174c0] syncAndRender: frame rendered in 0ms, sync=0, render=0, swap=0
2026-07-14 17:50:52.703 DEBUG qt.scenegraph.time.renderloop: [window 0x7f20c65f8630][gui thread] polishAndSync: start, elapsed since last call: 0 ms
2026-07-14 17:50:52.703 DEBUG qt.scenegraph.time.renderloop: [window 0x7f20c65f8630][render thread 0x7f20c0b174c0] syncAndRender: start, elapsed since last call: 0 ms
2026-07-14 17:50:52.703 DEBUG qt.scenegraph.time.renderloop: [window 0x7f20c65f8630][gui thread] Frame prepared, polish=0 ms, lock=0 ms, blockedForSync=0 ms, animations=0 ms
2026-07-14 17:50:52.703 DEBUG qt.scenegraph.time.renderer: time in renderer: total=0ms, preprocess=0, updates=0, rendering=0
2026-07-14 17:50:52.703 DEBUG qt.scenegraph.time.renderloop: [window 0x7f20c65f8630][render thread 0x7f20c0b174c0] syncAndRender: frame rendered in 0ms, sync=0, render=0, swap=0
2026-07-14 17:50:52.735 DEBUG qt.scenegraph.time.renderloop: [window 0x7f20c65f8630][gui thread] polishAndSync: start, elapsed since last call: 32 ms
2026-07-14 17:50:52.735 DEBUG qt.scenegraph.time.renderloop: [window 0x7f20c65f8630][render thread 0x7f20c0b174c0] syncAndRender: start, elapsed since last call: 32 ms
2026-07-14 17:50:52.735 DEBUG qt.scenegraph.time.renderloop: [window 0x7f20c65f8630][gui thread] Frame prepared, polish=0 ms, lock=0 ms, blockedForSync=0 ms, animations=0 ms
2026-07-14 17:50:52.735 DEBUG qt.scenegraph.time.renderer: time in renderer: total=0ms, preprocess=0, updates=0, rendering=0
2026-07-14 17:50:52.736 DEBUG qt.scenegraph.time.renderloop: [window 0x7f20c65f8630][render thread 0x7f20c0b174c0] syncAndRender: frame rendered in 0ms, sync=0, render=0, swap=0
2026-07-14 17:50:52.736 DEBUG qt.scenegraph.time.renderloop: [window 0x7f20c65f8630][gui thread] polishAndSync: start, elapsed since last call: 0 ms
2026-07-14 17:50:52.736 DEBUG qt.scenegraph.time.renderloop: [window 0x7f20c65f8630][render thread 0x7f20c0b174c0] syncAndRender: start, elapsed since last call: 0 ms
2026-07-14 17:50:52.736 DEBUG qt.scenegraph.time.renderloop: [window 0x7f20c65f8630][gui thread] Frame prepared, polish=0 ms, lock=0 ms, blockedForSync=0 ms, animations=0 ms
2026-07-14 17:50:52.736 DEBUG qt.scenegraph.time.renderer: time in renderer: total=0ms, preprocess=0, updates=0, rendering=0
2026-07-14 17:50:52.736 DEBUG qt.scenegraph.time.renderloop: [window 0x7f20c65f8630][render thread 0x7f20c0b174c0] syncAndRender: frame rendered in 0ms, sync=0, render=0, swap=0
2026-07-14 17:50:52.768 DEBUG qt.scenegraph.time.renderloop: [window 0x7f20c65f8630][gui thread] polishAndSync: start, elapsed since last call: 32 ms
2026-07-14 17:50:52.768 DEBUG qt.scenegraph.time.renderloop: [window 0x7f20c65f8630][render thread 0x7f20c0b174c0] syncAndRender: start, elapsed since last call: 32 ms
2026-07-14 17:50:52.768 DEBUG qt.scenegraph.time.renderloop: [window 0x7f20c65f8630][gui thread] Frame prepared, polish=0 ms, lock=0 ms, blockedForSync=0 ms, animations=0 ms
2026-07-14 17:50:52.768 DEBUG qt.scenegraph.time.renderer: time in renderer: total=0ms, preprocess=0, updates=0, rendering=0
2026-07-14 17:50:52.768 DEBUG qt.scenegraph.time.renderloop: [window 0x7f20c65f8630][render thread 0x7f20c0b174c0] syncAndRender: frame rendered in 0ms, sync=0, render=0, swap=0
2026-07-14 17:50:52.769 DEBUG qt.scenegraph.time.renderloop: [window 0x7f20c65f8630][gui thread] polishAndSync: start, elapsed since last call: 0 ms
2026-07-14 17:50:52.769 DEBUG qt.scenegraph.time.renderloop: [window 0x7f20c65f8630][render thread 0x7f20c0b174c0] syncAndRender: start, elapsed since last call: 0 ms
2026-07-14 17:50:52.769 DEBUG qt.scenegraph.time.renderloop: [window 0x7f20c65f8630][gui thread] Frame prepared, polish=0 ms, lock=0 ms, blockedForSync=0 ms, animations=0 ms
2026-07-14 17:50:52.769 DEBUG qt.scenegraph.time.renderer: time in renderer: total=0ms, preprocess=0, updates=0, rendering=0
2026-07-14 17:50:52.769 DEBUG qt.scenegraph.time.renderloop: [window 0x7f20c65f8630][render thread 0x7f20c0b174c0] syncAndRender: frame rendered in 0ms, sync=0, render=0, swap=0
2026-07-14 17:50:52.801 DEBUG qt.scenegraph.time.renderloop: [window 0x7f20c65f8630][gui thread] polishAndSync: start, elapsed since last call: 31 ms
2026-07-14 17:50:52.801 DEBUG qt.scenegraph.time.renderloop: [window 0x7f20c65f8630][render thread 0x7f20c0b174c0] syncAndRender: start, elapsed since last call: 32 ms
2026-07-14 17:50:52.801 DEBUG qt.scenegraph.time.renderloop: [window 0x7f20c65f8630][gui thread] Frame prepared, polish=0 ms, lock=0 ms, blockedForSync=0 ms, animations=0 ms
2026-07-14 17:50:52.801 DEBUG qt.scenegraph.time.renderer: time in renderer: total=0ms, preprocess=0, updates=0, rendering=0
2026-07-14 17:50:52.801 DEBUG qt.scenegraph.time.renderloop: [window 0x7f20c65f8630][render thread 0x7f20c0b174c0] syncAndRender: frame rendered in 0ms, sync=0, render=0, swap=0
2026-07-14 17:50:52.801 DEBUG qt.scenegraph.time.renderloop: [window 0x7f20c65f8630][gui thread] polishAndSync: start, elapsed since last call: 0 ms
2026-07-14 17:50:52.801 DEBUG qt.scenegraph.time.renderloop: [window 0x7f20c65f8630][render thread 0x7f20c0b174c0] syncAndRender: start, elapsed since last call: 0 ms
2026-07-14 17:50:52.801 DEBUG qt.scenegraph.time.renderloop: [window 0x7f20c65f8630][gui thread] Frame prepared, polish=0 ms, lock=0 ms, blockedForSync=0 ms, animations=0 ms
2026-07-14 17:50:52.801 DEBUG qt.scenegraph.time.renderer: time in renderer: total=0ms, preprocess=0, updates=0, rendering=0
2026-07-14 17:50:52.802 DEBUG qt.scenegraph.time.renderloop: [window 0x7f20c65f8630][render thread 0x7f20c0b174c0] syncAndRender: frame rendered in 0ms, sync=0, render=0, swap=0
2026-07-14 17:50:52.834 DEBUG qt.scenegraph.time.renderloop: [window 0x7f20c65f8630][gui thread] polishAndSync: start, elapsed since last call: 33 ms
2026-07-14 17:50:52.835 DEBUG qt.scenegraph.time.renderloop: [window 0x7f20c65f8630][render thread 0x7f20c0b174c0] syncAndRender: start, elapsed since last call: 33 ms
2026-07-14 17:50:52.835 DEBUG qt.scenegraph.time.renderloop: [window 0x7f20c65f8630][gui thread] Frame prepared, polish=0 ms, lock=0 ms, blockedForSync=0 ms, animations=0 ms
2026-07-14 17:50:52.835 DEBUG qt.scenegraph.time.renderer: time in renderer: total=0ms, preprocess=0, updates=0, rendering=0
2026-07-14 17:50:52.835 DEBUG qt.scenegraph.time.renderloop: [window 0x7f20c65f8630][render thread 0x7f20c0b174c0] syncAndRender: frame rendered in 0ms, sync=0, render=0, swap=0
2026-07-14 17:50:52.835 DEBUG qt.scenegraph.time.renderloop: [window 0x7f20c65f8630][gui thread] polishAndSync: start, elapsed since last call: 0 ms
2026-07-14 17:50:52.835 DEBUG qt.scenegraph.time.renderloop: [window 0x7f20c65f8630][render thread 0x7f20c0b174c0] syncAndRender: start, elapsed since last call: 0 ms
2026-07-14 17:50:52.835 DEBUG qt.scenegraph.time.renderloop: [window 0x7f20c65f8630][gui thread] Frame prepared, polish=0 ms, lock=0 ms, blockedForSync=0 ms, animations=0 ms
2026-07-14 17:50:52.835 DEBUG qt.scenegraph.time.renderer: time in renderer: total=0ms, preprocess=0, updates=0, rendering=0
2026-07-14 17:50:52.836 DEBUG qt.scenegraph.time.renderloop: [window 0x7f20c65f8630][render thread 0x7f20c0b174c0] syncAndRender: frame rendered in 0ms, sync=0, render=0, swap=0
2026-07-14 17:50:52.867 DEBUG qt.scenegraph.time.renderloop: [window 0x7f20c65f8630][gui thread] polishAndSync: start, elapsed since last call: 31 ms
2026-07-14 17:50:52.867 DEBUG qt.scenegraph.time.renderloop: [window 0x7f20c65f8630][render thread 0x7f20c0b174c0] syncAndRender: start, elapsed since last call: 32 ms
2026-07-14 17:50:52.867 DEBUG qt.scenegraph.time.renderloop: [window 0x7f20c65f8630][gui thread] Frame prepared, polish=0 ms, lock=0 ms, blockedForSync=0 ms, animations=0 ms
2026-07-14 17:50:52.867 DEBUG qt.scenegraph.time.renderer: time in renderer: total=0ms, preprocess=0, updates=0, rendering=0
2026-07-14 17:50:52.868 DEBUG qt.scenegraph.time.renderloop: [window 0x7f20c65f8630][render thread 0x7f20c0b174c0] syncAndRender: frame rendered in 0ms, sync=0, render=0, swap=0
2026-07-14 17:50:52.868 DEBUG qt.scenegraph.time.renderloop: [window 0x7f20c65f8630][gui thread] polishAndSync: start, elapsed since last call: 0 ms
2026-07-14 17:50:52.868 DEBUG qt.scenegraph.time.renderloop: [window 0x7f20c65f8630][render thread 0x7f20c0b174c0] syncAndRender: start, elapsed since last call: 0 ms
2026-07-14 17:50:52.868 DEBUG qt.scenegraph.time.renderloop: [window 0x7f20c65f8630][gui thread] Frame prepared, polish=0 ms, lock=0 ms, blockedForSync=0 ms, animations=0 ms
2026-07-14 17:50:52.868 DEBUG qt.scenegraph.time.renderer: time in renderer: total=0ms, preprocess=0, updates=0, rendering=0
2026-07-14 17:50:52.868 DEBUG qt.scenegraph.time.renderloop: [window 0x7f20c65f8630][render thread 0x7f20c0b174c0] syncAndRender: frame rendered in 0ms, sync=0, render=0, swap=0
2026-07-14 17:50:52.900 DEBUG qt.scenegraph.time.renderloop: [window 0x7f20c65f8630][gui thread] polishAndSync: start, elapsed since last call: 31 ms
2026-07-14 17:50:52.900 DEBUG qt.scenegraph.time.renderloop: [window 0x7f20c65f8630][render thread 0x7f20c0b174c0] syncAndRender: start, elapsed since last call: 32 ms
2026-07-14 17:50:52.900 DEBUG qt.scenegraph.time.renderloop: [window 0x7f20c65f8630][gui thread] Frame prepared, polish=0 ms, lock=0 ms, blockedForSync=0 ms, animations=0 ms
2026-07-14 17:50:52.900 DEBUG qt.scenegraph.time.renderer: time in renderer: total=0ms, preprocess=0, updates=0, rendering=0
2026-07-14 17:50:52.900 DEBUG qt.scenegraph.time.renderloop: [window 0x7f20c65f8630][render thread 0x7f20c0b174c0] syncAndRender: frame rendered in 0ms, sync=0, render=0, swap=0
2026-07-14 17:50:52.901 DEBUG qt.scenegraph.time.renderloop: [window 0x7f20c65f8630][gui thread] polishAndSync: start, elapsed since last call: 0 ms
2026-07-14 17:50:52.901 DEBUG qt.scenegraph.time.renderloop: [window 0x7f20c65f8630][render thread 0x7f20c0b174c0] syncAndRender: start, elapsed since last call: 0 ms
2026-07-14 17:50:52.901 DEBUG qt.scenegraph.time.renderloop: [window 0x7f20c65f8630][gui thread] Frame prepared, polish=0 ms, lock=0 ms, blockedForSync=0 ms, animations=0 ms
2026-07-14 17:50:52.901 DEBUG qt.scenegraph.time.renderer: time in renderer: total=0ms, preprocess=0, updates=0, rendering=0
2026-07-14 17:50:52.901 DEBUG qt.scenegraph.time.renderloop: [window 0x7f20c65f8630][render thread 0x7f20c0b174c0] syncAndRender: frame rendered in 0ms, sync=0, render=0, swap=0
2026-07-14 17:50:52.933 DEBUG qt.scenegraph.time.renderloop: [window 0x7f20c65f8630][gui thread] polishAndSync: start, elapsed since last call: 31 ms
2026-07-14 17:50:52.933 DEBUG qt.scenegraph.time.renderloop: [window 0x7f20c65f8630][render thread 0x7f20c0b174c0] syncAndRender: start, elapsed since last call: 32 ms
2026-07-14 17:50:52.933 DEBUG qt.scenegraph.time.renderloop: [window 0x7f20c65f8630][gui thread] Frame prepared, polish=0 ms, lock=0 ms, blockedForSync=0 ms, animations=0 ms
2026-07-14 17:50:52.933 DEBUG qt.scenegraph.time.renderer: time in renderer: total=0ms, preprocess=0, updates=0, rendering=0
2026-07-14 17:50:52.933 DEBUG qt.scenegraph.time.renderloop: [window 0x7f20c65f8630][render thread 0x7f20c0b174c0] syncAndRender: frame rendered in 0ms, sync=0, render=0, swap=0
2026-07-14 17:50:52.933 DEBUG qt.scenegraph.time.renderloop: [window 0x7f20c65f8630][gui thread] polishAndSync: start, elapsed since last call: 0 ms
2026-07-14 17:50:52.933 DEBUG qt.scenegraph.time.renderloop: [window 0x7f20c65f8630][render thread 0x7f20c0b174c0] syncAndRender: start, elapsed since last call: 0 ms
2026-07-14 17:50:52.933 DEBUG qt.scenegraph.time.renderloop: [window 0x7f20c65f8630][gui thread] Frame prepared, polish=0 ms, lock=0 ms, blockedForSync=0 ms, animations=0 ms
2026-07-14 17:50:52.933 DEBUG qt.scenegraph.time.renderer: time in renderer: total=0ms, preprocess=0, updates=0, rendering=0
2026-07-14 17:50:52.934 DEBUG qt.scenegraph.time.renderloop: [window 0x7f20c65f8630][render thread 0x7f20c0b174c0] syncAndRender: frame rendered in 0ms, sync=0, render=0, swap=0
2026-07-14 17:50:52.966 DEBUG qt.scenegraph.time.renderloop: [window 0x7f20c65f8630][gui thread] polishAndSync: start, elapsed since last call: 33 ms
2026-07-14 17:50:52.967 DEBUG qt.scenegraph.time.renderloop: [window 0x7f20c65f8630][render thread 0x7f20c0b174c0] syncAndRender: start, elapsed since last call: 33 ms
2026-07-14 17:50:52.967 DEBUG qt.scenegraph.time.renderloop: [window 0x7f20c65f8630][gui thread] Frame prepared, polish=0 ms, lock=0 ms, blockedForSync=0 ms, animations=0 ms
2026-07-14 17:50:52.967 DEBUG qt.scenegraph.time.renderer: time in renderer: total=0ms, preprocess=0, updates=0, rendering=0
2026-07-14 17:50:52.967 DEBUG qt.scenegraph.time.renderloop: [window 0x7f20c65f8630][render thread 0x7f20c0b174c0] syncAndRender: frame rendered in 0ms, sync=0, render=0, swap=0
2026-07-14 17:50:52.967 DEBUG qt.scenegraph.time.renderloop: [window 0x7f20c65f8630][gui thread] polishAndSync: start, elapsed since last call: 0 ms
2026-07-14 17:50:52.967 DEBUG qt.scenegraph.time.renderloop: [window 0x7f20c65f8630][render thread 0x7f20c0b174c0] syncAndRender: start, elapsed since last call: 0 ms
2026-07-14 17:50:52.967 DEBUG qt.scenegraph.time.renderloop: [window 0x7f20c65f8630][gui thread] Frame prepared, polish=0 ms, lock=0 ms, blockedForSync=0 ms, animations=0 ms
2026-07-14 17:50:52.967 DEBUG qt.scenegraph.time.renderer: time in renderer: total=0ms, preprocess=0, updates=0, rendering=0
2026-07-14 17:50:52.967 DEBUG qt.scenegraph.time.renderloop: [window 0x7f20c65f8630][render thread 0x7f20c0b174c0] syncAndRender: frame rendered in 0ms, sync=0, render=0, swap=0
2026-07-14 17:50:52.999 DEBUG qt.scenegraph.time.renderloop: [window 0x7f20c65f8630][gui thread] polishAndSync: start, elapsed since last call: 32 ms
2026-07-14 17:50:52.999 DEBUG qt.scenegraph.time.renderloop: [window 0x7f20c65f8630][render thread 0x7f20c0b174c0] syncAndRender: start, elapsed since last call: 32 ms
2026-07-14 17:50:52.999 DEBUG qt.scenegraph.time.renderloop: [window 0x7f20c65f8630][gui thread] Frame prepared, polish=0 ms, lock=0 ms, blockedForSync=0 ms, animations=0 ms
2026-07-14 17:50:52.999 DEBUG qt.scenegraph.time.renderer: time in renderer: total=0ms, preprocess=0, updates=0, rendering=0
2026-07-14 17:50:53.000 DEBUG qt.scenegraph.time.renderloop: [window 0x7f20c65f8630][render thread 0x7f20c0b174c0] syncAndRender: frame rendered in 0ms, sync=0, render=0, swap=0
2026-07-14 17:50:53.000 DEBUG qt.scenegraph.time.renderloop: [window 0x7f20c65f8630][gui thread] polishAndSync: start, elapsed since last call: 1 ms
2026-07-14 17:50:53.000 DEBUG qt.scenegraph.time.renderloop: [window 0x7f20c65f8630][render thread 0x7f20c0b174c0] syncAndRender: start, elapsed since last call: 0 ms
2026-07-14 17:50:53.000 DEBUG qt.scenegraph.time.renderloop: [window 0x7f20c65f8630][gui thread] Frame prepared, polish=0 ms, lock=0 ms, blockedForSync=0 ms, animations=0 ms
2026-07-14 17:50:53.000 DEBUG qt.scenegraph.time.renderer: time in renderer: total=0ms, preprocess=0, updates=0, rendering=0
2026-07-14 17:50:53.000 DEBUG qt.scenegraph.time.renderloop: [window 0x7f20c65f8630][render thread 0x7f20c0b174c0] syncAndRender: frame rendered in 0ms, sync=0, render=0, swap=0
2026-07-14 17:50:53.032 DEBUG qt.scenegraph.time.renderloop: [window 0x7f20c65f8630][gui thread] polishAndSync: start, elapsed since last call: 31 ms
2026-07-14 17:50:53.032 DEBUG qt.scenegraph.time.renderloop: [window 0x7f20c65f8630][render thread 0x7f20c0b174c0] syncAndRender: start, elapsed since last call: 32 ms
2026-07-14 17:50:53.032 DEBUG qt.scenegraph.time.renderloop: [window 0x7f20c65f8630][gui thread] Frame prepared, polish=0 ms, lock=0 ms, blockedForSync=0 ms, animations=0 ms
2026-07-14 17:50:53.032 DEBUG qt.scenegraph.time.renderer: time in renderer: total=0ms, preprocess=0, updates=0, rendering=0
2026-07-14 17:50:53.033 DEBUG qt.scenegraph.time.renderloop: [window 0x7f20c65f8630][render thread 0x7f20c0b174c0] syncAndRender: frame rendered in 0ms, sync=0, render=0, swap=0
2026-07-14 17:50:53.033 DEBUG qt.scenegraph.time.renderloop: [window 0x7f20c65f8630][gui thread] polishAndSync: start, elapsed since last call: 1 ms
2026-07-14 17:50:53.033 DEBUG qt.scenegraph.time.renderloop: [window 0x7f20c65f8630][render thread 0x7f20c0b174c0] syncAndRender: start, elapsed since last call: 0 ms
2026-07-14 17:50:53.033 DEBUG qt.scenegraph.time.renderloop: [window 0x7f20c65f8630][gui thread] Frame prepared, polish=0 ms, lock=0 ms, blockedForSync=0 ms, animations=0 ms
2026-07-14 17:50:53.033 DEBUG qt.scenegraph.time.renderer: time in renderer: total=0ms, preprocess=0, updates=0, rendering=0
2026-07-14 17:50:53.033 DEBUG qt.scenegraph.time.renderloop: [window 0x7f20c65f8630][render thread 0x7f20c0b174c0] syncAndRender: frame rendered in 0ms, sync=0, render=0, swap=0
2026-07-14 17:50:53.046 DEBUG qt.scenegraph.time.renderloop: [window 0x7f20c65f8630][gui thread] polishAndSync: start, elapsed since last call: 13 ms
2026-07-14 17:50:53.047 DEBUG qt.scenegraph.time.renderloop: [window 0x7f20c65f8630][render thread 0x7f20c0b174c0] syncAndRender: start, elapsed since last call: 13 ms
2026-07-14 17:50:53.047 DEBUG qt.scenegraph.time.renderloop: [window 0x7f20c65f8630][gui thread] Frame prepared, polish=0 ms, lock=0 ms, blockedForSync=0 ms, animations=0 ms
2026-07-14 17:50:53.047 DEBUG qt.scenegraph.time.renderloop: [window 0x7f20c65f8630][gui thread] polishAndSync: start, elapsed since last call: 0 ms
2026-07-14 17:50:53.047 DEBUG qt.scenegraph.time.texture: atlastexture upload enqueued in: -9223363146068ms (16x16)
2026-07-14 17:50:53.047 DEBUG qt.scenegraph.time.texture: atlastexture upload enqueued in: -9223363146068ms (36x14)
2026-07-14 17:50:53.047 DEBUG qt.scenegraph.time.renderer: time in renderer: total=0ms, preprocess=0, updates=0, rendering=0
2026-07-14 17:50:53.047 DEBUG qt.scenegraph.time.renderloop: [window 0x7f20c65f8630][render thread 0x7f20c0b174c0] syncAndRender: frame rendered in 0ms, sync=0, render=0, swap=0
2026-07-14 17:50:53.047 DEBUG qt.scenegraph.time.renderloop: [window 0x7f20c65f8630][render thread 0x7f20c0b174c0] syncAndRender: start, elapsed since last call: 0 ms
2026-07-14 17:50:53.048 DEBUG qt.scenegraph.time.renderloop: [window 0x7f20c65f8630][gui thread] Frame prepared, polish=0 ms, lock=0 ms, blockedForSync=0 ms, animations=0 ms
2026-07-14 17:50:53.048 DEBUG qt.scenegraph.time.renderer: time in renderer: total=0ms, preprocess=0, updates=0, rendering=0
2026-07-14 17:50:53.048 DEBUG qt.scenegraph.time.renderloop: [window 0x7f20c65f8630][gui thread] polishAndSync: start, elapsed since last call: 1 ms
2026-07-14 17:50:53.048 DEBUG qt.scenegraph.time.renderloop: [window 0x7f20c65f8630][render thread 0x7f20c0b174c0] syncAndRender: frame rendered in 0ms, sync=0, render=0, swap=0
2026-07-14 17:50:53.048 DEBUG qt.scenegraph.time.renderloop: [window 0x7f20c65f8630][render thread 0x7f20c0b174c0] syncAndRender: start, elapsed since last call: 0 ms
2026-07-14 17:50:53.048 DEBUG qt.scenegraph.time.renderer: time in renderer: total=0ms, preprocess=0, updates=0, rendering=0
2026-07-14 17:50:53.048 DEBUG qt.scenegraph.time.renderloop: [window 0x7f20c65f8630][gui thread] Frame prepared, polish=0 ms, lock=0 ms, blockedForSync=0 ms, animations=0 ms
2026-07-14 17:50:53.051 DEBUG qt.scenegraph.time.renderloop: [window 0x7f20c65f8630][gui thread] polishAndSync: start, elapsed since last call: 3 ms
2026-07-14 17:50:53.051 DEBUG qt.scenegraph.time.renderloop: [window 0x7f20c65f8630][render thread 0x7f20c0b174c0] syncAndRender: frame rendered in 3ms, sync=0, render=0, swap=3
2026-07-14 17:50:53.051 DEBUG qt.scenegraph.time.renderloop: [window 0x7f20c65f8630][render thread 0x7f20c0b174c0] syncAndRender: start, elapsed since last call: 3 ms
2026-07-14 17:50:53.051 DEBUG qt.scenegraph.time.renderloop: [window 0x7f20c65f8630][gui thread] Frame prepared, polish=0 ms, lock=0 ms, blockedForSync=0 ms, animations=0 ms
2026-07-14 17:50:53.051 DEBUG qt.scenegraph.time.renderer: time in renderer: total=0ms, preprocess=0, updates=0, rendering=0
2026-07-14 17:50:53.059 DEBUG qt.scenegraph.time.renderloop: [window 0x7f20c65f8630][gui thread] polishAndSync: start, elapsed since last call: 7 ms
2026-07-14 17:50:53.059 DEBUG qt.scenegraph.time.renderloop: [window 0x7f20c65f8630][render thread 0x7f20c0b174c0] syncAndRender: frame rendered in 7ms, sync=0, render=0, swap=7
2026-07-14 17:50:53.059 DEBUG qt.scenegraph.time.renderloop: [window 0x7f20c65f8630][render thread 0x7f20c0b174c0] syncAndRender: start, elapsed since last call: 7 ms
2026-07-14 17:50:53.059 DEBUG qt.scenegraph.time.renderloop: [window 0x7f20c65f8630][gui thread] Frame prepared, polish=0 ms, lock=0 ms, blockedForSync=0 ms, animations=0 ms
2026-07-14 17:50:53.059 DEBUG qt.scenegraph.time.texture: atlastexture upload enqueued in: -9223363146056ms (36x14)
2026-07-14 17:50:53.059 DEBUG qt.scenegraph.time.renderer: time in renderer: total=0ms, preprocess=0, updates=0, rendering=0
2026-07-14 17:50:53.065 DEBUG qt.scenegraph.time.renderloop: [window 0x7f20c65f8630][gui thread] polishAndSync: start, elapsed since last call: 6 ms
2026-07-14 17:50:53.065 DEBUG qt.scenegraph.time.renderloop: [window 0x7f20c65f8630][render thread 0x7f20c0b174c0] syncAndRender: frame rendered in 6ms, sync=0, render=0, swap=6
2026-07-14 17:50:53.065 DEBUG qt.scenegraph.time.renderloop: [window 0x7f20c65f8630][render thread 0x7f20c0b174c0] syncAndRender: start, elapsed since last call: 6 ms
2026-07-14 17:50:53.065 DEBUG qt.scenegraph.time.renderloop: [window 0x7f20c65f8630][gui thread] Frame prepared, polish=0 ms, lock=0 ms, blockedForSync=0 ms, animations=0 ms
2026-07-14 17:50:53.065 DEBUG qt.scenegraph.time.renderer: time in renderer: total=0ms, preprocess=0, updates=0, rendering=0
2026-07-14 17:50:53.072 DEBUG qt.scenegraph.time.renderloop: [window 0x7f20c65f8630][gui thread] polishAndSync: start, elapsed since last call: 7 ms
2026-07-14 17:50:53.072 DEBUG qt.scenegraph.time.renderloop: [window 0x7f20c65f8630][render thread 0x7f20c0b174c0] syncAndRender: frame rendered in 7ms, sync=0, render=0, swap=6
2026-07-14 17:50:53.072 DEBUG qt.scenegraph.time.renderloop: [window 0x7f20c65f8630][render thread 0x7f20c0b174c0] syncAndRender: start, elapsed since last call: 7 ms
2026-07-14 17:50:53.073 DEBUG qt.scenegraph.time.renderloop: [window 0x7f20c65f8630][gui thread] Frame prepared, polish=0 ms, lock=0 ms, blockedForSync=0 ms, animations=0 ms
2026-07-14 17:50:53.073 DEBUG qt.scenegraph.time.renderer: time in renderer: total=0ms, preprocess=0, updates=0, rendering=0
2026-07-14 17:50:53.079 DEBUG qt.scenegraph.time.renderloop: [window 0x7f20c65f8630][gui thread] polishAndSync: start, elapsed since last call: 6 ms
2026-07-14 17:50:53.079 DEBUG qt.scenegraph.time.renderloop: [window 0x7f20c65f8630][render thread 0x7f20c0b174c0] syncAndRender: frame rendered in 6ms, sync=0, render=0, swap=6
2026-07-14 17:50:53.079 DEBUG qt.scenegraph.time.renderloop: [window 0x7f20c65f8630][render thread 0x7f20c0b174c0] syncAndRender: start, elapsed since last call: 6 ms
2026-07-14 17:50:53.079 DEBUG qt.scenegraph.time.renderloop: [window 0x7f20c65f8630][gui thread] Frame prepared, polish=0 ms, lock=0 ms, blockedForSync=0 ms, animations=0 ms
2026-07-14 17:50:53.080 DEBUG qt.scenegraph.time.renderer: time in renderer: total=0ms, preprocess=0, updates=0, rendering=0
2026-07-14 17:50:53.086 DEBUG qt.scenegraph.time.renderloop: [window 0x7f20c65f8630][gui thread] polishAndSync: start, elapsed since last call: 6 ms
2026-07-14 17:50:53.086 DEBUG qt.scenegraph.time.renderloop: [window 0x7f20c65f8630][render thread 0x7f20c0b174c0] syncAndRender: frame rendered in 6ms, sync=0, render=0, swap=6
2026-07-14 17:50:53.086 DEBUG qt.scenegraph.time.renderloop: [window 0x7f20c65f8630][render thread 0x7f20c0b174c0] syncAndRender: start, elapsed since last call: 6 ms
2026-07-14 17:50:53.086 DEBUG qt.scenegraph.time.renderloop: [window 0x7f20c65f8630][gui thread] Frame prepared, polish=0 ms, lock=0 ms, blockedForSync=0 ms, animations=0 ms
2026-07-14 17:50:53.086 DEBUG qt.scenegraph.time.renderer: time in renderer: total=0ms, preprocess=0, updates=0, rendering=0
2026-07-14 17:50:53.093 DEBUG qt.scenegraph.time.renderloop: [window 0x7f20c65f8630][gui thread] polishAndSync: start, elapsed since last call: 7 ms
2026-07-14 17:50:53.093 DEBUG qt.scenegraph.time.renderloop: [window 0x7f20c65f8630][render thread 0x7f20c0b174c0] syncAndRender: frame rendered in 7ms, sync=0, render=0, swap=7
2026-07-14 17:50:53.094 DEBUG qt.scenegraph.time.renderloop: [window 0x7f20c65f8630][render thread 0x7f20c0b174c0] syncAndRender: start, elapsed since last call: 7 ms
2026-07-14 17:50:53.094 DEBUG qt.scenegraph.time.renderloop: [window 0x7f20c65f8630][gui thread] Frame prepared, polish=0 ms, lock=0 ms, blockedForSync=0 ms, animations=0 ms
2026-07-14 17:50:53.094 DEBUG qt.scenegraph.time.renderer: time in renderer: total=0ms, preprocess=0, updates=0, rendering=0
2026-07-14 17:50:53.100 DEBUG qt.scenegraph.time.renderloop: [window 0x7f20c65f8630][gui thread] polishAndSync: start, elapsed since last call: 6 ms
2026-07-14 17:50:53.100 DEBUG qt.scenegraph.time.renderloop: [window 0x7f20c65f8630][render thread 0x7f20c0b174c0] syncAndRender: frame rendered in 6ms, sync=0, render=0, swap=6
2026-07-14 17:50:53.100 DEBUG qt.scenegraph.time.renderloop: [window 0x7f20c65f8630][render thread 0x7f20c0b174c0] syncAndRender: start, elapsed since last call: 6 ms
2026-07-14 17:50:53.100 DEBUG qt.scenegraph.time.renderloop: [window 0x7f20c65f8630][gui thread] Frame prepared, polish=0 ms, lock=0 ms, blockedForSync=0 ms, animations=0 ms
2026-07-14 17:50:53.100 DEBUG qt.scenegraph.time.renderer: time in renderer: total=0ms, preprocess=0, updates=0, rendering=0
2026-07-14 17:50:53.107 DEBUG qt.scenegraph.time.renderloop: [window 0x7f20c65f8630][render thread 0x7f20c0b174c0] syncAndRender: frame rendered in 7ms, sync=0, render=0, swap=6
2026-07-14 17:50:53.107 DEBUG qt.scenegraph.time.renderloop: [window 0x7f20c65f8630][gui thread] polishAndSync: start, elapsed since last call: 7 ms
2026-07-14 17:50:53.107 DEBUG qt.scenegraph.time.renderloop: [window 0x7f20c65f8630][render thread 0x7f20c0b174c0] syncAndRender: start, elapsed since last call: 7 ms
2026-07-14 17:50:53.107 DEBUG qt.scenegraph.time.renderloop: [window 0x7f20c65f8630][gui thread] Frame prepared, polish=0 ms, lock=0 ms, blockedForSync=0 ms, animations=0 ms
2026-07-14 17:50:53.107 DEBUG qt.scenegraph.time.renderer: time in renderer: total=0ms, preprocess=0, updates=0, rendering=0
2026-07-14 17:50:53.114 DEBUG qt.scenegraph.time.renderloop: [window 0x7f20c65f8630][gui thread] polishAndSync: start, elapsed since last call: 6 ms
2026-07-14 17:50:53.114 DEBUG qt.scenegraph.time.renderloop: [window 0x7f20c65f8630][render thread 0x7f20c0b174c0] syncAndRender: frame rendered in 6ms, sync=0, render=0, swap=6
2026-07-14 17:50:53.114 DEBUG qt.scenegraph.time.renderloop: [window 0x7f20c65f8630][render thread 0x7f20c0b174c0] syncAndRender: start, elapsed since last call: 6 ms
2026-07-14 17:50:53.114 DEBUG qt.scenegraph.time.renderloop: [window 0x7f20c65f8630][gui thread] Frame prepared, polish=0 ms, lock=0 ms, blockedForSync=0 ms, animations=0 ms
2026-07-14 17:50:53.114 DEBUG qt.scenegraph.time.renderer: time in renderer: total=0ms, preprocess=0, updates=0, rendering=0
2026-07-14 17:50:53.121 DEBUG qt.scenegraph.time.renderloop: [window 0x7f20c65f8630][gui thread] polishAndSync: start, elapsed since last call: 6 ms
2026-07-14 17:50:53.121 DEBUG qt.scenegraph.time.renderloop: [window 0x7f20c65f8630][render thread 0x7f20c0b174c0] syncAndRender: frame rendered in 6ms, sync=0, render=0, swap=6
2026-07-14 17:50:53.121 DEBUG qt.scenegraph.time.renderloop: [window 0x7f20c65f8630][render thread 0x7f20c0b174c0] syncAndRender: start, elapsed since last call: 6 ms
2026-07-14 17:50:53.121 DEBUG qt.scenegraph.time.renderloop: [window 0x7f20c65f8630][gui thread] Frame prepared, polish=0 ms, lock=0 ms, blockedForSync=0 ms, animations=0 ms
2026-07-14 17:50:53.121 DEBUG qt.scenegraph.time.renderer: time in renderer: total=0ms, preprocess=0, updates=0, rendering=0
2026-07-14 17:50:53.128 DEBUG qt.scenegraph.time.renderloop: [window 0x7f20c65f8630][gui thread] polishAndSync: start, elapsed since last call: 6 ms
2026-07-14 17:50:53.128 DEBUG qt.scenegraph.time.renderloop: [window 0x7f20c65f8630][render thread 0x7f20c0b174c0] syncAndRender: frame rendered in 6ms, sync=0, render=0, swap=6
2026-07-14 17:50:53.128 DEBUG qt.scenegraph.time.renderloop: [window 0x7f20c65f8630][render thread 0x7f20c0b174c0] syncAndRender: start, elapsed since last call: 6 ms
2026-07-14 17:50:53.128 DEBUG qt.scenegraph.time.renderloop: [window 0x7f20c65f8630][gui thread] Frame prepared, polish=0 ms, lock=0 ms, blockedForSync=0 ms, animations=0 ms
2026-07-14 17:50:53.128 DEBUG qt.scenegraph.time.renderer: time in renderer: total=0ms, preprocess=0, updates=0, rendering=0
2026-07-14 17:50:53.135 DEBUG qt.scenegraph.time.renderloop: [window 0x7f20c65f8630][gui thread] polishAndSync: start, elapsed since last call: 7 ms
2026-07-14 17:50:53.135 DEBUG qt.scenegraph.time.renderloop: [window 0x7f20c65f8630][render thread 0x7f20c0b174c0] syncAndRender: frame rendered in 7ms, sync=0, render=0, swap=6
2026-07-14 17:50:53.135 DEBUG qt.scenegraph.time.renderloop: [window 0x7f20c65f8630][render thread 0x7f20c0b174c0] syncAndRender: start, elapsed since last call: 7 ms
2026-07-14 17:50:53.135 DEBUG qt.scenegraph.time.renderloop: [window 0x7f20c65f8630][gui thread] Frame prepared, polish=0 ms, lock=0 ms, blockedForSync=0 ms, animations=0 ms
2026-07-14 17:50:53.135 DEBUG qt.scenegraph.time.renderer: time in renderer: total=0ms, preprocess=0, updates=0, rendering=0
2026-07-14 17:50:53.142 DEBUG qt.scenegraph.time.renderloop: [window 0x7f20c65f8630][gui thread] polishAndSync: start, elapsed since last call: 6 ms
2026-07-14 17:50:53.142 DEBUG qt.scenegraph.time.renderloop: [window 0x7f20c65f8630][render thread 0x7f20c0b174c0] syncAndRender: frame rendered in 6ms, sync=0, render=0, swap=6
2026-07-14 17:50:53.142 DEBUG qt.scenegraph.time.renderloop: [window 0x7f20c65f8630][render thread 0x7f20c0b174c0] syncAndRender: start, elapsed since last call: 6 ms
2026-07-14 17:50:53.142 DEBUG qt.scenegraph.time.renderloop: [window 0x7f20c65f8630][gui thread] Frame prepared, polish=0 ms, lock=0 ms, blockedForSync=0 ms, animations=0 ms
2026-07-14 17:50:53.142 DEBUG qt.scenegraph.time.renderer: time in renderer: total=0ms, preprocess=0, updates=0, rendering=0
2026-07-14 17:50:53.149 DEBUG qt.scenegraph.time.renderloop: [window 0x7f20c65f8630][gui thread] polishAndSync: start, elapsed since last call: 6 ms
2026-07-14 17:50:53.149 DEBUG qt.scenegraph.time.renderloop: [window 0x7f20c65f8630][render thread 0x7f20c0b174c0] syncAndRender: frame rendered in 6ms, sync=0, render=0, swap=6
2026-07-14 17:50:53.149 DEBUG qt.scenegraph.time.renderloop: [window 0x7f20c65f8630][render thread 0x7f20c0b174c0] syncAndRender: start, elapsed since last call: 6 ms
2026-07-14 17:50:53.149 DEBUG qt.scenegraph.time.renderloop: [window 0x7f20c65f8630][gui thread] Frame prepared, polish=0 ms, lock=0 ms, blockedForSync=0 ms, animations=0 ms
2026-07-14 17:50:53.149 DEBUG qt.scenegraph.time.renderer: time in renderer: total=0ms, preprocess=0, updates=0, rendering=0
2026-07-14 17:50:53.156 DEBUG qt.scenegraph.time.renderloop: [window 0x7f20c65f8630][gui thread] polishAndSync: start, elapsed since last call: 6 ms
2026-07-14 17:50:53.156 DEBUG qt.scenegraph.time.renderloop: [window 0x7f20c65f8630][render thread 0x7f20c0b174c0] syncAndRender: frame rendered in 6ms, sync=0, render=0, swap=6
2026-07-14 17:50:53.156 DEBUG qt.scenegraph.time.renderloop: [window 0x7f20c65f8630][render thread 0x7f20c0b174c0] syncAndRender: start, elapsed since last call: 7 ms
2026-07-14 17:50:53.156 DEBUG qt.scenegraph.time.renderloop: [window 0x7f20c65f8630][gui thread] Frame prepared, polish=0 ms, lock=0 ms, blockedForSync=0 ms, animations=0 ms
2026-07-14 17:50:53.156 DEBUG qt.scenegraph.time.renderer: time in renderer: total=0ms, preprocess=0, updates=0, rendering=0
2026-07-14 17:50:53.163 DEBUG qt.scenegraph.time.renderloop: [window 0x7f20c65f8630][gui thread] polishAndSync: start, elapsed since last call: 6 ms
2026-07-14 17:50:53.163 DEBUG qt.scenegraph.time.renderloop: [window 0x7f20c65f8630][render thread 0x7f20c0b174c0] syncAndRender: frame rendered in 6ms, sync=0, render=0, swap=6
2026-07-14 17:50:53.163 DEBUG qt.scenegraph.time.renderloop: [window 0x7f20c65f8630][render thread 0x7f20c0b174c0] syncAndRender: start, elapsed since last call: 6 ms
2026-07-14 17:50:53.163 DEBUG qt.scenegraph.time.renderloop: [window 0x7f20c65f8630][gui thread] Frame prepared, polish=0 ms, lock=0 ms, blockedForSync=0 ms, animations=0 ms
2026-07-14 17:50:53.163 DEBUG qt.scenegraph.time.renderer: time in renderer: total=0ms, preprocess=0, updates=0, rendering=0
2026-07-14 17:50:53.170 DEBUG qt.scenegraph.time.renderloop: [window 0x7f20c65f8630][render thread 0x7f20c0b174c0] syncAndRender: frame rendered in 6ms, sync=0, render=0, swap=6
2026-07-14 17:50:53.170 DEBUG qt.scenegraph.time.renderloop: [window 0x7f20c65f8630][gui thread] polishAndSync: start, elapsed since last call: 6 ms
2026-07-14 17:50:53.170 DEBUG qt.scenegraph.time.renderloop: [window 0x7f20c65f8630][render thread 0x7f20c0b174c0] syncAndRender: start, elapsed since last call: 6 ms
2026-07-14 17:50:53.170 DEBUG qt.scenegraph.time.renderloop: [window 0x7f20c65f8630][gui thread] Frame prepared, polish=0 ms, lock=0 ms, blockedForSync=0 ms, animations=0 ms
2026-07-14 17:50:53.170 DEBUG qt.scenegraph.time.renderer: time in renderer: total=0ms, preprocess=0, updates=0, rendering=0
2026-07-14 17:50:53.176 DEBUG qt.scenegraph.time.renderloop: [window 0x7f20c65f8630][gui thread] polishAndSync: start, elapsed since last call: 6 ms
2026-07-14 17:50:53.176 DEBUG qt.scenegraph.time.renderloop: [window 0x7f20c65f8630][render thread 0x7f20c0b174c0] syncAndRender: frame rendered in 6ms, sync=0, render=0, swap=6
2026-07-14 17:50:53.177 DEBUG qt.scenegraph.time.renderloop: [window 0x7f20c65f8630][render thread 0x7f20c0b174c0] syncAndRender: start, elapsed since last call: 6 ms
2026-07-14 17:50:53.177 DEBUG qt.scenegraph.time.renderloop: [window 0x7f20c65f8630][gui thread] Frame prepared, polish=0 ms, lock=0 ms, blockedForSync=0 ms, animations=0 ms
2026-07-14 17:50:53.177 DEBUG qt.scenegraph.time.renderer: time in renderer: total=0ms, preprocess=0, updates=0, rendering=0
2026-07-14 17:50:53.183 DEBUG qt.scenegraph.time.renderloop: [window 0x7f20c65f8630][gui thread] polishAndSync: start, elapsed since last call: 6 ms
2026-07-14 17:50:53.183 DEBUG qt.scenegraph.time.renderloop: [window 0x7f20c65f8630][render thread 0x7f20c0b174c0] syncAndRender: frame rendered in 6ms, sync=0, render=0, swap=6
2026-07-14 17:50:53.183 DEBUG qt.scenegraph.time.renderloop: [window 0x7f20c65f8630][render thread 0x7f20c0b174c0] syncAndRender: start, elapsed since last call: 6 ms
2026-07-14 17:50:53.183 DEBUG qt.scenegraph.time.renderloop: [window 0x7f20c65f8630][gui thread] Frame prepared, polish=0 ms, lock=0 ms, blockedForSync=0 ms, animations=0 ms
2026-07-14 17:50:53.183 DEBUG qt.scenegraph.time.renderer: time in renderer: total=0ms, preprocess=0, updates=0, rendering=0
2026-07-14 17:50:53.190 DEBUG qt.scenegraph.time.renderloop: [window 0x7f20c65f8630][gui thread] polishAndSync: start, elapsed since last call: 6 ms
2026-07-14 17:50:53.190 DEBUG qt.scenegraph.time.renderloop: [window 0x7f20c65f8630][render thread 0x7f20c0b174c0] syncAndRender: frame rendered in 6ms, sync=0, render=0, swap=6
2026-07-14 17:50:53.191 DEBUG qt.scenegraph.time.renderloop: [window 0x7f20c65f8630][render thread 0x7f20c0b174c0] syncAndRender: start, elapsed since last call: 7 ms
2026-07-14 17:50:53.191 DEBUG qt.scenegraph.time.renderloop: [window 0x7f20c65f8630][gui thread] Frame prepared, polish=0 ms, lock=0 ms, blockedForSync=0 ms, animations=0 ms
2026-07-14 17:50:53.191 DEBUG qt.scenegraph.time.renderer: time in renderer: total=0ms, preprocess=0, updates=0, rendering=0
2026-07-14 17:50:53.197 DEBUG qt.scenegraph.time.renderloop: [window 0x7f20c65f8630][gui thread] polishAndSync: start, elapsed since last call: 6 ms
2026-07-14 17:50:53.197 DEBUG qt.scenegraph.time.renderloop: [window 0x7f20c65f8630][render thread 0x7f20c0b174c0] syncAndRender: frame rendered in 6ms, sync=0, render=0, swap=6
2026-07-14 17:50:53.197 DEBUG qt.scenegraph.time.renderloop: [window 0x7f20c65f8630][render thread 0x7f20c0b174c0] syncAndRender: start, elapsed since last call: 6 ms
2026-07-14 17:50:53.197 DEBUG qt.scenegraph.time.renderloop: [window 0x7f20c65f8630][gui thread] Frame prepared, polish=0 ms, lock=0 ms, blockedForSync=0 ms, animations=0 ms
2026-07-14 17:50:53.197 DEBUG qt.scenegraph.time.renderer: time in renderer: total=0ms, preprocess=0, updates=0, rendering=0
2026-07-14 17:50:53.204 DEBUG qt.scenegraph.time.renderloop: [window 0x7f20c65f8630][gui thread] polishAndSync: start, elapsed since last call: 6 ms
2026-07-14 17:50:53.204 DEBUG qt.scenegraph.time.renderloop: [window 0x7f20c65f8630][render thread 0x7f20c0b174c0] syncAndRender: frame rendered in 6ms, sync=0, render=0, swap=6
2026-07-14 17:50:53.204 DEBUG qt.scenegraph.time.renderloop: [window 0x7f20c65f8630][render thread 0x7f20c0b174c0] syncAndRender: start, elapsed since last call: 7 ms
2026-07-14 17:50:53.204 DEBUG qt.scenegraph.time.renderloop: [window 0x7f20c65f8630][gui thread] Frame prepared, polish=0 ms, lock=0 ms, blockedForSync=0 ms, animations=0 ms
2026-07-14 17:50:53.204 DEBUG qt.scenegraph.time.renderer: time in renderer: total=0ms, preprocess=0, updates=0, rendering=0
2026-07-14 17:50:53.211 DEBUG qt.scenegraph.time.renderloop: [window 0x7f20c65f8630][gui thread] polishAndSync: start, elapsed since last call: 6 ms
2026-07-14 17:50:53.211 DEBUG qt.scenegraph.time.renderloop: [window 0x7f20c65f8630][render thread 0x7f20c0b174c0] syncAndRender: frame rendered in 6ms, sync=0, render=0, swap=6
2026-07-14 17:50:53.211 DEBUG qt.scenegraph.time.renderloop: [window 0x7f20c65f8630][render thread 0x7f20c0b174c0] syncAndRender: start, elapsed since last call: 6 ms
2026-07-14 17:50:53.211 DEBUG qt.scenegraph.time.renderloop: [window 0x7f20c65f8630][gui thread] Frame prepared, polish=0 ms, lock=0 ms, blockedForSync=0 ms, animations=0 ms
2026-07-14 17:50:53.211 DEBUG qt.scenegraph.time.renderer: time in renderer: total=0ms, preprocess=0, updates=0, rendering=0
2026-07-14 17:50:53.218 DEBUG qt.scenegraph.time.renderloop: [window 0x7f20c65f8630][gui thread] polishAndSync: start, elapsed since last call: 6 ms
2026-07-14 17:50:53.218 DEBUG qt.scenegraph.time.renderloop: [window 0x7f20c65f8630][render thread 0x7f20c0b174c0] syncAndRender: frame rendered in 6ms, sync=0, render=0, swap=6
2026-07-14 17:50:53.218 DEBUG qt.scenegraph.time.renderloop: [window 0x7f20c65f8630][render thread 0x7f20c0b174c0] syncAndRender: start, elapsed since last call: 6 ms
2026-07-14 17:50:53.218 DEBUG qt.scenegraph.time.renderloop: [window 0x7f20c65f8630][gui thread] Frame prepared, polish=0 ms, lock=0 ms, blockedForSync=0 ms, animations=0 ms
2026-07-14 17:50:53.218 DEBUG qt.scenegraph.time.renderer: time in renderer: total=0ms, preprocess=0, updates=0, rendering=0
2026-07-14 17:50:53.225 DEBUG qt.scenegraph.time.renderloop: [window 0x7f20c65f8630][gui thread] polishAndSync: start, elapsed since last call: 6 ms
2026-07-14 17:50:53.225 DEBUG qt.scenegraph.time.renderloop: [window 0x7f20c65f8630][render thread 0x7f20c0b174c0] syncAndRender: frame rendered in 6ms, sync=0, render=0, swap=6
2026-07-14 17:50:53.225 DEBUG qt.scenegraph.time.renderloop: [window 0x7f20c65f8630][render thread 0x7f20c0b174c0] syncAndRender: start, elapsed since last call: 7 ms
2026-07-14 17:50:53.225 DEBUG qt.scenegraph.time.renderloop: [window 0x7f20c65f8630][gui thread] Frame prepared, polish=0 ms, lock=0 ms, blockedForSync=0 ms, animations=0 ms
2026-07-14 17:50:53.225 DEBUG qt.scenegraph.time.renderer: time in renderer: total=0ms, preprocess=0, updates=0, rendering=0
2026-07-14 17:50:53.232 DEBUG qt.scenegraph.time.renderloop: [window 0x7f20c65f8630][gui thread] polishAndSync: start, elapsed since last call: 6 ms
2026-07-14 17:50:53.232 DEBUG qt.scenegraph.time.renderloop: [window 0x7f20c65f8630][render thread 0x7f20c0b174c0] syncAndRender: frame rendered in 6ms, sync=0, render=0, swap=6
2026-07-14 17:50:53.232 DEBUG qt.scenegraph.time.renderloop: [window 0x7f20c65f8630][render thread 0x7f20c0b174c0] syncAndRender: start, elapsed since last call: 6 ms
2026-07-14 17:50:53.232 DEBUG qt.scenegraph.time.renderloop: [window 0x7f20c65f8630][gui thread] Frame prepared, polish=0 ms, lock=0 ms, blockedForSync=0 ms, animations=0 ms
2026-07-14 17:50:53.232 DEBUG qt.scenegraph.time.renderer: time in renderer: total=0ms, preprocess=0, updates=0, rendering=0
2026-07-14 17:50:53.239 DEBUG qt.scenegraph.time.renderloop: [window 0x7f20c65f8630][gui thread] polishAndSync: start, elapsed since last call: 6 ms
2026-07-14 17:50:53.239 DEBUG qt.scenegraph.time.renderloop: [window 0x7f20c65f8630][render thread 0x7f20c0b174c0] syncAndRender: frame rendered in 6ms, sync=0, render=0, swap=6
2026-07-14 17:50:53.239 DEBUG qt.scenegraph.time.renderloop: [window 0x7f20c65f8630][render thread 0x7f20c0b174c0] syncAndRender: start, elapsed since last call: 6 ms
2026-07-14 17:50:53.239 DEBUG qt.scenegraph.time.renderloop: [window 0x7f20c65f8630][gui thread] Frame prepared, polish=0 ms, lock=0 ms, blockedForSync=0 ms, animations=0 ms
2026-07-14 17:50:53.239 DEBUG qt.scenegraph.time.renderer: time in renderer: total=0ms, preprocess=0, updates=0, rendering=0
2026-07-14 17:50:53.246 DEBUG qt.scenegraph.time.renderloop: [window 0x7f20c65f8630][gui thread] polishAndSync: start, elapsed since last call: 6 ms
2026-07-14 17:50:53.246 DEBUG qt.scenegraph.time.renderloop: [window 0x7f20c65f8630][render thread 0x7f20c0b174c0] syncAndRender: frame rendered in 6ms, sync=0, render=0, swap=6
2026-07-14 17:50:53.246 DEBUG qt.scenegraph.time.renderloop: [window 0x7f20c65f8630][render thread 0x7f20c0b174c0] syncAndRender: start, elapsed since last call: 6 ms
2026-07-14 17:50:53.246 DEBUG qt.scenegraph.time.renderloop: [window 0x7f20c65f8630][gui thread] Frame prepared, polish=0 ms, lock=0 ms, blockedForSync=0 ms, animations=0 ms
2026-07-14 17:50:53.246 DEBUG qt.scenegraph.time.renderer: time in renderer: total=0ms, preprocess=0, updates=0, rendering=0
2026-07-14 17:50:53.253 DEBUG qt.scenegraph.time.renderloop: [window 0x7f20c65f8630][gui thread] polishAndSync: start, elapsed since last call: 6 ms
2026-07-14 17:50:53.253 DEBUG qt.scenegraph.time.renderloop: [window 0x7f20c65f8630][render thread 0x7f20c0b174c0] syncAndRender: frame rendered in 6ms, sync=0, render=0, swap=6
2026-07-14 17:50:53.253 DEBUG qt.scenegraph.time.renderloop: [window 0x7f20c65f8630][render thread 0x7f20c0b174c0] syncAndRender: start, elapsed since last call: 7 ms
2026-07-14 17:50:53.253 DEBUG qt.scenegraph.time.renderloop: [window 0x7f20c65f8630][gui thread] Frame prepared, polish=0 ms, lock=0 ms, blockedForSync=0 ms, animations=0 ms
2026-07-14 17:50:53.253 DEBUG qt.scenegraph.time.renderer: time in renderer: total=0ms, preprocess=0, updates=0, rendering=0
2026-07-14 17:50:53.260 DEBUG qt.scenegraph.time.renderloop: [window 0x7f20c65f8630][gui thread] polishAndSync: start, elapsed since last call: 6 ms
2026-07-14 17:50:53.260 DEBUG qt.scenegraph.time.renderloop: [window 0x7f20c65f8630][render thread 0x7f20c0b174c0] syncAndRender: frame rendered in 6ms, sync=0, render=0, swap=6
2026-07-14 17:50:53.260 DEBUG qt.scenegraph.time.renderloop: [window 0x7f20c65f8630][render thread 0x7f20c0b174c0] syncAndRender: start, elapsed since last call: 6 ms
2026-07-14 17:50:53.260 DEBUG qt.scenegraph.time.renderloop: [window 0x7f20c65f8630][gui thread] Frame prepared, polish=0 ms, lock=0 ms, blockedForSync=0 ms, animations=0 ms
2026-07-14 17:50:53.260 DEBUG qt.scenegraph.time.renderer: time in renderer: total=0ms, preprocess=0, updates=0, rendering=0
2026-07-14 17:50:53.267 DEBUG qt.scenegraph.time.renderloop: [window 0x7f20c65f8630][gui thread] polishAndSync: start, elapsed since last call: 6 ms
2026-07-14 17:50:53.267 DEBUG qt.scenegraph.time.renderloop: [window 0x7f20c65f8630][render thread 0x7f20c0b174c0] syncAndRender: frame rendered in 6ms, sync=0, render=0, swap=6
2026-07-14 17:50:53.267 DEBUG qt.scenegraph.time.renderloop: [window 0x7f20c65f8630][render thread 0x7f20c0b174c0] syncAndRender: start, elapsed since last call: 6 ms
2026-07-14 17:50:53.267 DEBUG qt.scenegraph.time.renderloop: [window 0x7f20c65f8630][gui thread] Frame prepared, polish=0 ms, lock=0 ms, blockedForSync=0 ms, animations=0 ms
2026-07-14 17:50:53.267 DEBUG qt.scenegraph.time.renderer: time in renderer: total=0ms, preprocess=0, updates=0, rendering=0
2026-07-14 17:50:53.274 DEBUG qt.scenegraph.time.renderloop: [window 0x7f20c65f8630][gui thread] polishAndSync: start, elapsed since last call: 7 ms
2026-07-14 17:50:53.274 DEBUG qt.scenegraph.time.renderloop: [window 0x7f20c65f8630][render thread 0x7f20c0b174c0] syncAndRender: frame rendered in 7ms, sync=0, render=0, swap=7
2026-07-14 17:50:53.274 DEBUG qt.scenegraph.time.renderloop: [window 0x7f20c65f8630][render thread 0x7f20c0b174c0] syncAndRender: start, elapsed since last call: 7 ms
2026-07-14 17:50:53.274 DEBUG qt.scenegraph.time.renderloop: [window 0x7f20c65f8630][gui thread] Frame prepared, polish=0 ms, lock=0 ms, blockedForSync=0 ms, animations=0 ms
2026-07-14 17:50:53.274 DEBUG qt.scenegraph.time.renderer: time in renderer: total=0ms, preprocess=0, updates=0, rendering=0
2026-07-14 17:50:53.281 DEBUG qt.scenegraph.time.renderloop: [window 0x7f20c65f8630][gui thread] polishAndSync: start, elapsed since last call: 6 ms
2026-07-14 17:50:53.281 DEBUG qt.scenegraph.time.renderloop: [window 0x7f20c65f8630][render thread 0x7f20c0b174c0] syncAndRender: frame rendered in 6ms, sync=0, render=0, swap=6
2026-07-14 17:50:53.281 DEBUG qt.scenegraph.time.renderloop: [window 0x7f20c65f8630][render thread 0x7f20c0b174c0] syncAndRender: start, elapsed since last call: 6 ms
2026-07-14 17:50:53.281 DEBUG qt.scenegraph.time.renderloop: [window 0x7f20c65f8630][gui thread] Frame prepared, polish=0 ms, lock=0 ms, blockedForSync=0 ms, animations=0 ms
2026-07-14 17:50:53.281 DEBUG qt.scenegraph.time.renderer: time in renderer: total=0ms, preprocess=0, updates=0, rendering=0
2026-07-14 17:50:53.288 DEBUG qt.scenegraph.time.renderloop: [window 0x7f20c65f8630][gui thread] polishAndSync: start, elapsed since last call: 6 ms
2026-07-14 17:50:53.288 DEBUG qt.scenegraph.time.renderloop: [window 0x7f20c65f8630][render thread 0x7f20c0b174c0] syncAndRender: frame rendered in 6ms, sync=0, render=0, swap=6
2026-07-14 17:50:53.288 DEBUG qt.scenegraph.time.renderloop: [window 0x7f20c65f8630][render thread 0x7f20c0b174c0] syncAndRender: start, elapsed since last call: 7 ms
2026-07-14 17:50:53.288 DEBUG qt.scenegraph.time.renderloop: [window 0x7f20c65f8630][gui thread] Frame prepared, polish=0 ms, lock=0 ms, blockedForSync=0 ms, animations=0 ms
2026-07-14 17:50:53.288 DEBUG qt.scenegraph.time.renderer: time in renderer: total=0ms, preprocess=0, updates=0, rendering=0
2026-07-14 17:50:53.295 DEBUG qt.scenegraph.time.renderloop: [window 0x7f20c65f8630][gui thread] polishAndSync: start, elapsed since last call: 6 ms
2026-07-14 17:50:53.295 DEBUG qt.scenegraph.time.renderloop: [window 0x7f20c65f8630][render thread 0x7f20c0b174c0] syncAndRender: frame rendered in 6ms, sync=0, render=0, swap=6
2026-07-14 17:50:53.295 DEBUG qt.scenegraph.time.renderloop: [window 0x7f20c65f8630][render thread 0x7f20c0b174c0] syncAndRender: start, elapsed since last call: 6 ms
2026-07-14 17:50:53.295 DEBUG qt.scenegraph.time.renderloop: [window 0x7f20c65f8630][gui thread] Frame prepared, polish=0 ms, lock=0 ms, blockedForSync=0 ms, animations=0 ms
2026-07-14 17:50:53.295 DEBUG qt.scenegraph.time.renderer: time in renderer: total=0ms, preprocess=0, updates=0, rendering=0
2026-07-14 17:50:53.302 DEBUG qt.scenegraph.time.renderloop: [window 0x7f20c65f8630][gui thread] polishAndSync: start, elapsed since last call: 6 ms
2026-07-14 17:50:53.302 DEBUG qt.scenegraph.time.renderloop: [window 0x7f20c65f8630][render thread 0x7f20c0b174c0] syncAndRender: frame rendered in 6ms, sync=0, render=0, swap=6
2026-07-14 17:50:53.302 DEBUG qt.scenegraph.time.renderloop: [window 0x7f20c65f8630][render thread 0x7f20c0b174c0] syncAndRender: start, elapsed since last call: 6 ms
2026-07-14 17:50:53.302 DEBUG qt.scenegraph.time.renderloop: [window 0x7f20c65f8630][gui thread] Frame prepared, polish=0 ms, lock=0 ms, blockedForSync=0 ms, animations=0 ms
2026-07-14 17:50:53.302 DEBUG qt.scenegraph.time.renderer: time in renderer: total=0ms, preprocess=0, updates=0, rendering=0
2026-07-14 17:50:53.309 DEBUG qt.scenegraph.time.renderloop: [window 0x7f20c65f8630][gui thread] polishAndSync: start, elapsed since last call: 6 ms
2026-07-14 17:50:53.309 DEBUG qt.scenegraph.time.renderloop: [window 0x7f20c65f8630][render thread 0x7f20c0b174c0] syncAndRender: frame rendered in 6ms, sync=0, render=0, swap=6
2026-07-14 17:50:53.309 DEBUG qt.scenegraph.time.renderloop: [window 0x7f20c65f8630][render thread 0x7f20c0b174c0] syncAndRender: start, elapsed since last call: 6 ms
2026-07-14 17:50:53.309 DEBUG qt.scenegraph.time.renderloop: [window 0x7f20c65f8630][gui thread] Frame prepared, polish=0 ms, lock=0 ms, blockedForSync=0 ms, animations=0 ms
2026-07-14 17:50:53.309 DEBUG qt.scenegraph.time.renderer: time in renderer: total=0ms, preprocess=0, updates=0, rendering=0
2026-07-14 17:50:53.316 DEBUG qt.scenegraph.time.renderloop: [window 0x7f20c65f8630][gui thread] polishAndSync: start, elapsed since last call: 7 ms
2026-07-14 17:50:53.316 DEBUG qt.scenegraph.time.renderloop: [window 0x7f20c65f8630][render thread 0x7f20c0b174c0] syncAndRender: frame rendered in 6ms, sync=0, render=0, swap=6
2026-07-14 17:50:53.316 DEBUG qt.scenegraph.time.renderloop: [window 0x7f20c65f8630][render thread 0x7f20c0b174c0] syncAndRender: start, elapsed since last call: 7 ms
2026-07-14 17:50:53.316 DEBUG qt.scenegraph.time.renderloop: [window 0x7f20c65f8630][gui thread] Frame prepared, polish=0 ms, lock=0 ms, blockedForSync=0 ms, animations=0 ms
2026-07-14 17:50:53.316 DEBUG qt.scenegraph.time.renderer: time in renderer: total=0ms, preprocess=0, updates=0, rendering=0
2026-07-14 17:50:53.323 DEBUG qt.scenegraph.time.renderloop: [window 0x7f20c65f8630][gui thread] polishAndSync: start, elapsed since last call: 6 ms
2026-07-14 17:50:53.323 DEBUG qt.scenegraph.time.renderloop: [window 0x7f20c65f8630][render thread 0x7f20c0b174c0] syncAndRender: frame rendered in 6ms, sync=0, render=0, swap=6
2026-07-14 17:50:53.323 DEBUG qt.scenegraph.time.renderloop: [window 0x7f20c65f8630][render thread 0x7f20c0b174c0] syncAndRender: start, elapsed since last call: 7 ms
2026-07-14 17:50:53.323 DEBUG qt.scenegraph.time.renderloop: [window 0x7f20c65f8630][gui thread] Frame prepared, polish=0 ms, lock=0 ms, blockedForSync=0 ms, animations=0 ms
2026-07-14 17:50:53.323 DEBUG qt.scenegraph.time.renderer: time in renderer: total=0ms, preprocess=0, updates=0, rendering=0
2026-07-14 17:50:53.329 DEBUG qt.scenegraph.time.renderloop: [window 0x7f20c65f8630][gui thread] polishAndSync: start, elapsed since last call: 6 ms
2026-07-14 17:50:53.329 DEBUG qt.scenegraph.time.renderloop: [window 0x7f20c65f8630][render thread 0x7f20c0b174c0] syncAndRender: frame rendered in 6ms, sync=0, render=0, swap=6
2026-07-14 17:50:53.329 DEBUG qt.scenegraph.time.renderloop: [window 0x7f20c65f8630][render thread 0x7f20c0b174c0] syncAndRender: start, elapsed since last call: 6 ms
2026-07-14 17:50:53.329 DEBUG qt.scenegraph.time.renderloop: [window 0x7f20c65f8630][gui thread] Frame prepared, polish=0 ms, lock=0 ms, blockedForSync=0 ms, animations=0 ms
2026-07-14 17:50:53.329 DEBUG qt.scenegraph.time.renderer: time in renderer: total=0ms, preprocess=0, updates=0, rendering=0
2026-07-14 17:50:53.336 DEBUG qt.scenegraph.time.renderloop: [window 0x7f20c65f8630][gui thread] polishAndSync: start, elapsed since last call: 7 ms
2026-07-14 17:50:53.337 DEBUG qt.scenegraph.time.renderloop: [window 0x7f20c65f8630][render thread 0x7f20c0b174c0] syncAndRender: frame rendered in 7ms, sync=0, render=0, swap=7
2026-07-14 17:50:53.337 DEBUG qt.scenegraph.time.renderloop: [window 0x7f20c65f8630][render thread 0x7f20c0b174c0] syncAndRender: start, elapsed since last call: 7 ms
2026-07-14 17:50:53.337 DEBUG qt.scenegraph.time.renderloop: [window 0x7f20c65f8630][gui thread] Frame prepared, polish=0 ms, lock=0 ms, blockedForSync=0 ms, animations=0 ms
2026-07-14 17:50:53.337 DEBUG qt.scenegraph.time.renderer: time in renderer: total=0ms, preprocess=0, updates=0, rendering=0
2026-07-14 17:50:53.343 DEBUG qt.scenegraph.time.renderloop: [window 0x7f20c65f8630][gui thread] polishAndSync: start, elapsed since last call: 6 ms
2026-07-14 17:50:53.343 DEBUG qt.scenegraph.time.renderloop: [window 0x7f20c65f8630][render thread 0x7f20c0b174c0] syncAndRender: frame rendered in 6ms, sync=0, render=0, swap=6
2026-07-14 17:50:53.343 DEBUG qt.scenegraph.time.renderloop: [window 0x7f20c65f8630][render thread 0x7f20c0b174c0] syncAndRender: start, elapsed since last call: 6 ms
2026-07-14 17:50:53.343 DEBUG qt.scenegraph.time.renderloop: [window 0x7f20c65f8630][gui thread] Frame prepared, polish=0 ms, lock=0 ms, blockedForSync=0 ms, animations=0 ms
2026-07-14 17:50:53.343 DEBUG qt.scenegraph.time.renderer: time in renderer: total=0ms, preprocess=0, updates=0, rendering=0
2026-07-14 17:50:53.350 DEBUG qt.scenegraph.time.renderloop: [window 0x7f20c65f8630][render thread 0x7f20c0b174c0] syncAndRender: frame rendered in 6ms, sync=0, render=0, swap=6
2026-07-14 17:50:53.357 DEBUG qt.scenegraph.time.renderloop: [window 0x7f20c65f8630][gui thread] polishAndSync: start, elapsed since last call: 13 ms
2026-07-14 17:50:53.357 DEBUG qt.scenegraph.time.renderloop: [window 0x7f20c65f8630][render thread 0x7f20c0b174c0] syncAndRender: start, elapsed since last call: 14 ms
2026-07-14 17:50:53.357 DEBUG qt.scenegraph.time.renderloop: [window 0x7f20c65f8630][gui thread] Frame prepared, polish=0 ms, lock=0 ms, blockedForSync=0 ms, animations=0 ms
2026-07-14 17:50:53.357 DEBUG qt.scenegraph.time.renderer: time in renderer: total=0ms, preprocess=0, updates=0, rendering=0
2026-07-14 17:50:53.358 DEBUG qt.scenegraph.time.renderloop: [window 0x7f20c65f8630][render thread 0x7f20c0b174c0] syncAndRender: frame rendered in 0ms, sync=0, render=0, swap=0
2026-07-14 17:50:53.364 DEBUG qt.scenegraph.time.renderloop: [window 0x7f20c65f8630][gui thread] polishAndSync: start, elapsed since last call: 6 ms
2026-07-14 17:50:53.364 DEBUG qt.scenegraph.time.renderloop: [window 0x7f20c65f8630][render thread 0x7f20c0b174c0] syncAndRender: start, elapsed since last call: 6 ms
2026-07-14 17:50:53.364 DEBUG qt.scenegraph.time.renderloop: [window 0x7f20c65f8630][gui thread] Frame prepared, polish=0 ms, lock=0 ms, blockedForSync=0 ms, animations=0 ms
2026-07-14 17:50:53.364 DEBUG qt.scenegraph.time.renderer: time in renderer: total=0ms, preprocess=0, updates=0, rendering=0
2026-07-14 17:50:53.365 DEBUG qt.scenegraph.time.renderloop: [window 0x7f20c65f8630][render thread 0x7f20c0b174c0] syncAndRender: frame rendered in 0ms, sync=0, render=0, swap=0
2026-07-14 17:50:53.388 DEBUG qt.scenegraph.time.renderloop: [window 0x7f20c65f8630][gui thread] polishAndSync: start, elapsed since last call: 24 ms
2026-07-14 17:50:53.388 DEBUG qt.scenegraph.time.renderloop: [window 0x7f20c65f8630][render thread 0x7f20c0b174c0] syncAndRender: start, elapsed since last call: 24 ms
2026-07-14 17:50:53.388 DEBUG qt.scenegraph.time.renderloop: [window 0x7f20c65f8630][gui thread] Frame prepared, polish=0 ms, lock=0 ms, blockedForSync=0 ms, animations=0 ms
2026-07-14 17:50:53.388 DEBUG qt.scenegraph.time.renderer: time in renderer: total=0ms, preprocess=0, updates=0, rendering=0
2026-07-14 17:50:53.389 DEBUG qt.scenegraph.time.renderloop: [window 0x7f20c65f8630][render thread 0x7f20c0b174c0] syncAndRender: frame rendered in 0ms, sync=0, render=0, swap=0
2026-07-14 17:50:53.392 DEBUG qt.scenegraph.time.renderloop: [window 0x7f20c65f8630][gui thread] polishAndSync: start, elapsed since last call: 3 ms
2026-07-14 17:50:53.392 DEBUG qt.scenegraph.time.renderloop: [window 0x7f20c65f8630][render thread 0x7f20c0b174c0] syncAndRender: start, elapsed since last call: 3 ms
2026-07-14 17:50:53.392 DEBUG qt.scenegraph.time.renderloop: [window 0x7f20c65f8630][gui thread] Frame prepared, polish=0 ms, lock=0 ms, blockedForSync=0 ms, animations=0 ms
2026-07-14 17:50:53.392 DEBUG qt.scenegraph.time.renderer: time in renderer: total=0ms, preprocess=0, updates=0, rendering=0
2026-07-14 17:50:53.392 DEBUG qt.scenegraph.time.renderloop: [window 0x7f20c65f8630][render thread 0x7f20c0b174c0] syncAndRender: frame rendered in 0ms, sync=0, render=0, swap=0
2026-07-14 17:50:53.422 DEBUG qt.scenegraph.time.renderloop: [window 0x7f20c65f8630][gui thread] polishAndSync: start, elapsed since last call: 30 ms
2026-07-14 17:50:53.422 DEBUG qt.scenegraph.time.renderloop: [window 0x7f20c65f8630][render thread 0x7f20c0b174c0] syncAndRender: start, elapsed since last call: 30 ms
2026-07-14 17:50:53.422 DEBUG qt.scenegraph.time.renderloop: [window 0x7f20c65f8630][gui thread] Frame prepared, polish=0 ms, lock=0 ms, blockedForSync=0 ms, animations=0 ms
2026-07-14 17:50:53.422 DEBUG qt.scenegraph.time.renderer: time in renderer: total=0ms, preprocess=0, updates=0, rendering=0
2026-07-14 17:50:53.423 DEBUG qt.scenegraph.time.renderloop: [window 0x7f20c65f8630][render thread 0x7f20c0b174c0] syncAndRender: frame rendered in 0ms, sync=0, render=0, swap=0
2026-07-14 17:50:53.427 DEBUG qt.scenegraph.time.renderloop: [window 0x7f20c65f8630][gui thread] polishAndSync: start, elapsed since last call: 4 ms
2026-07-14 17:50:53.427 DEBUG qt.scenegraph.time.renderloop: [window 0x7f20c65f8630][render thread 0x7f20c0b174c0] syncAndRender: start, elapsed since last call: 4 ms
2026-07-14 17:50:53.427 DEBUG qt.scenegraph.time.renderloop: [window 0x7f20c65f8630][gui thread] Frame prepared, polish=0 ms, lock=0 ms, blockedForSync=0 ms, animations=0 ms
2026-07-14 17:50:53.427 DEBUG qt.scenegraph.time.renderer: time in renderer: total=0ms, preprocess=0, updates=0, rendering=0
2026-07-14 17:50:53.427 DEBUG qt.scenegraph.time.renderloop: [window 0x7f20c65f8630][render thread 0x7f20c0b174c0] syncAndRender: frame rendered in 0ms, sync=0, render=0, swap=0
2026-07-14 17:50:53.455 DEBUG qt.scenegraph.time.renderloop: [window 0x7f20c65f8630][gui thread] polishAndSync: start, elapsed since last call: 28 ms
2026-07-14 17:50:53.455 DEBUG qt.scenegraph.time.renderloop: [window 0x7f20c65f8630][render thread 0x7f20c0b174c0] syncAndRender: start, elapsed since last call: 28 ms
2026-07-14 17:50:53.455 DEBUG qt.scenegraph.time.renderloop: [window 0x7f20c65f8630][gui thread] Frame prepared, polish=0 ms, lock=0 ms, blockedForSync=0 ms, animations=0 ms
2026-07-14 17:50:53.455 DEBUG qt.scenegraph.time.renderer: time in renderer: total=0ms, preprocess=0, updates=0, rendering=0
2026-07-14 17:50:53.455 DEBUG qt.scenegraph.time.renderloop: [window 0x7f20c65f8630][render thread 0x7f20c0b174c0] syncAndRender: frame rendered in 0ms, sync=0, render=0, swap=0
2026-07-14 17:50:53.461 DEBUG qt.scenegraph.time.renderloop: [window 0x7f20c65f8630][gui thread] polishAndSync: start, elapsed since last call: 6 ms
2026-07-14 17:50:53.461 DEBUG qt.scenegraph.time.renderloop: [window 0x7f20c65f8630][render thread 0x7f20c0b174c0] syncAndRender: start, elapsed since last call: 6 ms
2026-07-14 17:50:53.461 DEBUG qt.scenegraph.time.renderloop: [window 0x7f20c65f8630][gui thread] Frame prepared, polish=0 ms, lock=0 ms, blockedForSync=0 ms, animations=0 ms
2026-07-14 17:50:53.461 DEBUG qt.scenegraph.time.renderer: time in renderer: total=0ms, preprocess=0, updates=0, rendering=0
2026-07-14 17:50:53.462 DEBUG qt.scenegraph.time.renderloop: [window 0x7f20c65f8630][render thread 0x7f20c0b174c0] syncAndRender: frame rendered in 0ms, sync=0, render=0, swap=0
2026-07-14 17:50:53.488 DEBUG qt.scenegraph.time.renderloop: [window 0x7f20c65f8630][gui thread] polishAndSync: start, elapsed since last call: 26 ms
2026-07-14 17:50:53.488 DEBUG qt.scenegraph.time.renderloop: [window 0x7f20c65f8630][render thread 0x7f20c0b174c0] syncAndRender: start, elapsed since last call: 26 ms
2026-07-14 17:50:53.488 DEBUG qt.scenegraph.time.renderloop: [window 0x7f20c65f8630][gui thread] Frame prepared, polish=0 ms, lock=0 ms, blockedForSync=0 ms, animations=0 ms
2026-07-14 17:50:53.488 DEBUG qt.scenegraph.time.renderer: time in renderer: total=0ms, preprocess=0, updates=0, rendering=0
2026-07-14 17:50:53.488 DEBUG qt.scenegraph.time.renderloop: [window 0x7f20c65f8630][render thread 0x7f20c0b174c0] syncAndRender: frame rendered in 0ms, sync=0, render=0, swap=0
2026-07-14 17:50:53.489 DEBUG qt.scenegraph.time.renderloop: [window 0x7f20c65f8630][gui thread] polishAndSync: start, elapsed since last call: 1 ms
2026-07-14 17:50:53.489 DEBUG qt.scenegraph.time.renderloop: [window 0x7f20c65f8630][render thread 0x7f20c0b174c0] syncAndRender: start, elapsed since last call: 1 ms
2026-07-14 17:50:53.489 DEBUG qt.scenegraph.time.renderloop: [window 0x7f20c65f8630][gui thread] Frame prepared, polish=0 ms, lock=0 ms, blockedForSync=0 ms, animations=0 ms
2026-07-14 17:50:53.489 DEBUG qt.scenegraph.time.renderer: time in renderer: total=0ms, preprocess=0, updates=0, rendering=0
2026-07-14 17:50:53.489 DEBUG qt.scenegraph.time.renderloop: [window 0x7f20c65f8630][render thread 0x7f20c0b174c0] syncAndRender: frame rendered in 0ms, sync=0, render=0, swap=0
2026-07-14 17:50:53.521 DEBUG qt.scenegraph.time.renderloop: [window 0x7f20c65f8630][gui thread] polishAndSync: start, elapsed since last call: 32 ms
2026-07-14 17:50:53.521 DEBUG qt.scenegraph.time.renderloop: [window 0x7f20c65f8630][render thread 0x7f20c0b174c0] syncAndRender: start, elapsed since last call: 32 ms
2026-07-14 17:50:53.522 DEBUG qt.scenegraph.time.renderloop: [window 0x7f20c65f8630][gui thread] Frame prepared, polish=0 ms, lock=0 ms, blockedForSync=0 ms, animations=0 ms
2026-07-14 17:50:53.522 DEBUG qt.scenegraph.time.renderer: time in renderer: total=0ms, preprocess=0, updates=0, rendering=0
2026-07-14 17:50:53.522 DEBUG qt.scenegraph.time.renderloop: [window 0x7f20c65f8630][render thread 0x7f20c0b174c0] syncAndRender: frame rendered in 0ms, sync=0, render=0, swap=0
2026-07-14 17:50:53.524 DEBUG qt.scenegraph.time.renderloop: [window 0x7f20c65f8630][gui thread] polishAndSync: start, elapsed since last call: 2 ms
2026-07-14 17:50:53.524 DEBUG qt.scenegraph.time.renderloop: [window 0x7f20c65f8630][render thread 0x7f20c0b174c0] syncAndRender: start, elapsed since last call: 2 ms
2026-07-14 17:50:53.524 DEBUG qt.scenegraph.time.renderloop: [window 0x7f20c65f8630][gui thread] Frame prepared, polish=0 ms, lock=0 ms, blockedForSync=0 ms, animations=0 ms
2026-07-14 17:50:53.524 DEBUG qt.scenegraph.time.renderer: time in renderer: total=0ms, preprocess=0, updates=0, rendering=0
2026-07-14 17:50:53.524 DEBUG qt.scenegraph.time.renderloop: [window 0x7f20c65f8630][render thread 0x7f20c0b174c0] syncAndRender: frame rendered in 0ms, sync=0, render=0, swap=0
2026-07-14 17:50:53.554 DEBUG qt.scenegraph.time.renderloop: [window 0x7f20c65f8630][gui thread] polishAndSync: start, elapsed since last call: 30 ms
2026-07-14 17:50:53.554 DEBUG qt.scenegraph.time.renderloop: [window 0x7f20c65f8630][render thread 0x7f20c0b174c0] syncAndRender: start, elapsed since last call: 30 ms
2026-07-14 17:50:53.554 DEBUG qt.scenegraph.time.renderloop: [window 0x7f20c65f8630][gui thread] Frame prepared, polish=0 ms, lock=0 ms, blockedForSync=0 ms, animations=0 ms
2026-07-14 17:50:53.554 DEBUG qt.scenegraph.time.renderer: time in renderer: total=0ms, preprocess=0, updates=0, rendering=0
2026-07-14 17:50:53.554 DEBUG qt.scenegraph.time.renderloop: [window 0x7f20c65f8630][render thread 0x7f20c0b174c0] syncAndRender: frame rendered in 0ms, sync=0, render=0, swap=0
2026-07-14 17:50:53.559 DEBUG qt.scenegraph.time.renderloop: [window 0x7f20c65f8630][gui thread] polishAndSync: start, elapsed since last call: 4 ms
2026-07-14 17:50:53.559 DEBUG qt.scenegraph.time.renderloop: [window 0x7f20c65f8630][render thread 0x7f20c0b174c0] syncAndRender: start, elapsed since last call: 4 ms
2026-07-14 17:50:53.559 DEBUG qt.scenegraph.time.renderloop: [window 0x7f20c65f8630][gui thread] Frame prepared, polish=0 ms, lock=0 ms, blockedForSync=0 ms, animations=0 ms
2026-07-14 17:50:53.559 DEBUG qt.scenegraph.time.renderer: time in renderer: total=0ms, preprocess=0, updates=0, rendering=0
2026-07-14 17:50:53.559 DEBUG qt.scenegraph.time.renderloop: [window 0x7f20c65f8630][render thread 0x7f20c0b174c0] syncAndRender: frame rendered in 0ms, sync=0, render=0, swap=0
2026-07-14 17:50:53.587 DEBUG qt.scenegraph.time.renderloop: [window 0x7f20c65f8630][gui thread] polishAndSync: start, elapsed since last call: 28 ms
2026-07-14 17:50:53.587 DEBUG qt.scenegraph.time.renderloop: [window 0x7f20c65f8630][render thread 0x7f20c0b174c0] syncAndRender: start, elapsed since last call: 28 ms
2026-07-14 17:50:53.587 DEBUG qt.scenegraph.time.renderloop: [window 0x7f20c65f8630][gui thread] Frame prepared, polish=0 ms, lock=0 ms, blockedForSync=0 ms, animations=0 ms
2026-07-14 17:50:53.587 DEBUG qt.scenegraph.time.renderer: time in renderer: total=0ms, preprocess=0, updates=0, rendering=0
2026-07-14 17:50:53.587 DEBUG qt.scenegraph.time.renderloop: [window 0x7f20c65f8630][render thread 0x7f20c0b174c0] syncAndRender: frame rendered in 0ms, sync=0, render=0, swap=0
2026-07-14 17:50:53.593 DEBUG qt.scenegraph.time.renderloop: [window 0x7f20c65f8630][gui thread] polishAndSync: start, elapsed since last call: 6 ms
2026-07-14 17:50:53.593 DEBUG qt.scenegraph.time.renderloop: [window 0x7f20c65f8630][render thread 0x7f20c0b174c0] syncAndRender: start, elapsed since last call: 6 ms
2026-07-14 17:50:53.593 DEBUG qt.scenegraph.time.renderloop: [window 0x7f20c65f8630][gui thread] Frame prepared, polish=0 ms, lock=0 ms, blockedForSync=0 ms, animations=0 ms
2026-07-14 17:50:53.594 DEBUG qt.scenegraph.time.renderer: time in renderer: total=0ms, preprocess=0, updates=0, rendering=0
2026-07-14 17:50:53.594 DEBUG qt.scenegraph.time.renderloop: [window 0x7f20c65f8630][render thread 0x7f20c0b174c0] syncAndRender: frame rendered in 0ms, sync=0, render=0, swap=0
2026-07-14 17:50:53.620 DEBUG qt.scenegraph.time.renderloop: [window 0x7f20c65f8630][gui thread] polishAndSync: start, elapsed since last call: 27 ms
2026-07-14 17:50:53.621 DEBUG qt.scenegraph.time.renderloop: [window 0x7f20c65f8630][render thread 0x7f20c0b174c0] syncAndRender: start, elapsed since last call: 27 ms
2026-07-14 17:50:53.621 DEBUG qt.scenegraph.time.renderloop: [window 0x7f20c65f8630][gui thread] Frame prepared, polish=0 ms, lock=0 ms, blockedForSync=0 ms, animations=0 ms
2026-07-14 17:50:53.621 DEBUG qt.scenegraph.time.renderer: time in renderer: total=0ms, preprocess=0, updates=0, rendering=0
2026-07-14 17:50:53.621 DEBUG qt.scenegraph.time.renderloop: [window 0x7f20c65f8630][render thread 0x7f20c0b174c0] syncAndRender: frame rendered in 0ms, sync=0, render=0, swap=0
2026-07-14 17:50:53.628 DEBUG qt.scenegraph.time.renderloop: [window 0x7f20c65f8630][gui thread] polishAndSync: start, elapsed since last call: 7 ms
2026-07-14 17:50:53.628 DEBUG qt.scenegraph.time.renderloop: [window 0x7f20c65f8630][render thread 0x7f20c0b174c0] syncAndRender: start, elapsed since last call: 7 ms
2026-07-14 17:50:53.628 DEBUG qt.scenegraph.time.renderloop: [window 0x7f20c65f8630][gui thread] Frame prepared, polish=0 ms, lock=0 ms, blockedForSync=0 ms, animations=0 ms
2026-07-14 17:50:53.628 DEBUG qt.scenegraph.time.renderer: time in renderer: total=0ms, preprocess=0, updates=0, rendering=0
2026-07-14 17:50:53.628 DEBUG qt.scenegraph.time.renderloop: [window 0x7f20c65f8630][render thread 0x7f20c0b174c0] syncAndRender: frame rendered in 0ms, sync=0, render=0, swap=0
2026-07-14 17:50:53.653 DEBUG qt.scenegraph.time.renderloop: [window 0x7f20c65f8630][gui thread] polishAndSync: start, elapsed since last call: 25 ms
2026-07-14 17:50:53.653 DEBUG qt.scenegraph.time.renderloop: [window 0x7f20c65f8630][render thread 0x7f20c0b174c0] syncAndRender: start, elapsed since last call: 25 ms
2026-07-14 17:50:53.653 DEBUG qt.scenegraph.time.renderloop: [window 0x7f20c65f8630][gui thread] Frame prepared, polish=0 ms, lock=0 ms, blockedForSync=0 ms, animations=0 ms
2026-07-14 17:50:53.653 DEBUG qt.scenegraph.time.renderer: time in renderer: total=0ms, preprocess=0, updates=0, rendering=0
2026-07-14 17:50:53.654 DEBUG qt.scenegraph.time.renderloop: [window 0x7f20c65f8630][render thread 0x7f20c0b174c0] syncAndRender: frame rendered in 0ms, sync=0, render=0, swap=0
2026-07-14 17:50:53.656 DEBUG qt.scenegraph.time.renderloop: [window 0x7f20c65f8630][gui thread] polishAndSync: start, elapsed since last call: 2 ms
2026-07-14 17:50:53.656 DEBUG qt.scenegraph.time.renderloop: [window 0x7f20c65f8630][render thread 0x7f20c0b174c0] syncAndRender: start, elapsed since last call: 2 ms
2026-07-14 17:50:53.656 DEBUG qt.scenegraph.time.renderloop: [window 0x7f20c65f8630][gui thread] Frame prepared, polish=0 ms, lock=0 ms, blockedForSync=0 ms, animations=0 ms
2026-07-14 17:50:53.656 DEBUG qt.scenegraph.time.renderer: time in renderer: total=0ms, preprocess=0, updates=0, rendering=0
2026-07-14 17:50:53.656 DEBUG qt.scenegraph.time.renderloop: [window 0x7f20c65f8630][render thread 0x7f20c0b174c0] syncAndRender: frame rendered in 0ms, sync=0, render=0, swap=0
2026-07-14 17:50:53.686 DEBUG qt.scenegraph.time.renderloop: [window 0x7f20c65f8630][gui thread] polishAndSync: start, elapsed since last call: 30 ms
2026-07-14 17:50:53.686 DEBUG qt.scenegraph.time.renderloop: [window 0x7f20c65f8630][render thread 0x7f20c0b174c0] syncAndRender: start, elapsed since last call: 30 ms
2026-07-14 17:50:53.686 DEBUG qt.scenegraph.time.renderloop: [window 0x7f20c65f8630][gui thread] Frame prepared, polish=0 ms, lock=0 ms, blockedForSync=0 ms, animations=0 ms
2026-07-14 17:50:53.686 DEBUG qt.scenegraph.time.renderer: time in renderer: total=0ms, preprocess=0, updates=0, rendering=0
2026-07-14 17:50:53.686 DEBUG qt.scenegraph.time.renderloop: [window 0x7f20c65f8630][render thread 0x7f20c0b174c0] syncAndRender: frame rendered in 0ms, sync=0, render=0, swap=0
2026-07-14 17:50:53.691 DEBUG qt.scenegraph.time.renderloop: [window 0x7f20c65f8630][gui thread] polishAndSync: start, elapsed since last call: 4 ms
2026-07-14 17:50:53.691 DEBUG qt.scenegraph.time.renderloop: [window 0x7f20c65f8630][render thread 0x7f20c0b174c0] syncAndRender: start, elapsed since last call: 4 ms
2026-07-14 17:50:53.691 DEBUG qt.scenegraph.time.renderloop: [window 0x7f20c65f8630][gui thread] Frame prepared, polish=0 ms, lock=0 ms, blockedForSync=0 ms, animations=0 ms
2026-07-14 17:50:53.691 DEBUG qt.scenegraph.time.renderer: time in renderer: total=0ms, preprocess=0, updates=0, rendering=0
2026-07-14 17:50:53.691 DEBUG qt.scenegraph.time.renderloop: [window 0x7f20c65f8630][render thread 0x7f20c0b174c0] syncAndRender: frame rendered in 0ms, sync=0, render=0, swap=0
2026-07-14 17:50:53.719 DEBUG qt.scenegraph.time.renderloop: [window 0x7f20c65f8630][gui thread] polishAndSync: start, elapsed since last call: 28 ms
2026-07-14 17:50:53.719 DEBUG qt.scenegraph.time.renderloop: [window 0x7f20c65f8630][render thread 0x7f20c0b174c0] syncAndRender: start, elapsed since last call: 28 ms
2026-07-14 17:50:53.719 DEBUG qt.scenegraph.time.renderloop: [window 0x7f20c65f8630][gui thread] Frame prepared, polish=0 ms, lock=0 ms, blockedForSync=0 ms, animations=0 ms
2026-07-14 17:50:53.719 DEBUG qt.scenegraph.time.renderer: time in renderer: total=0ms, preprocess=0, updates=0, rendering=0
2026-07-14 17:50:53.719 DEBUG qt.scenegraph.time.renderloop: [window 0x7f20c65f8630][render thread 0x7f20c0b174c0] syncAndRender: frame rendered in 0ms, sync=0, render=0, swap=0
2026-07-14 17:50:53.725 DEBUG qt.scenegraph.time.renderloop: [window 0x7f20c65f8630][gui thread] polishAndSync: start, elapsed since last call: 6 ms
2026-07-14 17:50:53.725 DEBUG qt.scenegraph.time.renderloop: [window 0x7f20c65f8630][render thread 0x7f20c0b174c0] syncAndRender: start, elapsed since last call: 6 ms
2026-07-14 17:50:53.726 DEBUG qt.scenegraph.time.renderloop: [window 0x7f20c65f8630][gui thread] Frame prepared, polish=0 ms, lock=0 ms, blockedForSync=0 ms, animations=0 ms
2026-07-14 17:50:53.726 DEBUG qt.scenegraph.time.renderer: time in renderer: total=0ms, preprocess=0, updates=0, rendering=0
2026-07-14 17:50:53.726 DEBUG qt.scenegraph.time.renderloop: [window 0x7f20c65f8630][render thread 0x7f20c0b174c0] syncAndRender: frame rendered in 0ms, sync=0, render=0, swap=0
2026-07-14 17:50:53.752 DEBUG qt.scenegraph.time.renderloop: [window 0x7f20c65f8630][gui thread] polishAndSync: start, elapsed since last call: 26 ms
2026-07-14 17:50:53.752 DEBUG qt.scenegraph.time.renderloop: [window 0x7f20c65f8630][render thread 0x7f20c0b174c0] syncAndRender: start, elapsed since last call: 26 ms
2026-07-14 17:50:53.752 DEBUG qt.scenegraph.time.renderloop: [window 0x7f20c65f8630][gui thread] Frame prepared, polish=0 ms, lock=0 ms, blockedForSync=0 ms, animations=0 ms
2026-07-14 17:50:53.752 DEBUG qt.scenegraph.time.renderer: time in renderer: total=0ms, preprocess=0, updates=0, rendering=0
2026-07-14 17:50:53.752 DEBUG qt.scenegraph.time.renderloop: [window 0x7f20c65f8630][render thread 0x7f20c0b174c0] syncAndRender: frame rendered in 0ms, sync=0, render=0, swap=0
2026-07-14 17:50:53.753 DEBUG qt.scenegraph.time.renderloop: [window 0x7f20c65f8630][gui thread] polishAndSync: start, elapsed since last call: 1 ms
2026-07-14 17:50:53.753 DEBUG qt.scenegraph.time.renderloop: [window 0x7f20c65f8630][render thread 0x7f20c0b174c0] syncAndRender: start, elapsed since last call: 1 ms
2026-07-14 17:50:53.753 DEBUG qt.scenegraph.time.renderloop: [window 0x7f20c65f8630][gui thread] Frame prepared, polish=0 ms, lock=0 ms, blockedForSync=0 ms, animations=0 ms
2026-07-14 17:50:53.753 DEBUG qt.scenegraph.time.renderer: time in renderer: total=0ms, preprocess=0, updates=0, rendering=0
2026-07-14 17:50:53.754 DEBUG qt.scenegraph.time.renderloop: [window 0x7f20c65f8630][render thread 0x7f20c0b174c0] syncAndRender: frame rendered in 0ms, sync=0, render=0, swap=0
2026-07-14 17:50:53.786 DEBUG qt.scenegraph.time.renderloop: [window 0x7f20c65f8630][gui thread] polishAndSync: start, elapsed since last call: 32 ms
2026-07-14 17:50:53.786 DEBUG qt.scenegraph.time.renderloop: [window 0x7f20c65f8630][render thread 0x7f20c0b174c0] syncAndRender: start, elapsed since last call: 32 ms
2026-07-14 17:50:53.786 DEBUG qt.scenegraph.time.renderloop: [window 0x7f20c65f8630][gui thread] Frame prepared, polish=0 ms, lock=0 ms, blockedForSync=0 ms, animations=0 ms
2026-07-14 17:50:53.786 DEBUG qt.scenegraph.time.renderer: time in renderer: total=0ms, preprocess=0, updates=0, rendering=0
2026-07-14 17:50:53.786 DEBUG qt.scenegraph.time.renderloop: [window 0x7f20c65f8630][render thread 0x7f20c0b174c0] syncAndRender: frame rendered in 0ms, sync=0, render=0, swap=0
2026-07-14 17:50:53.788 DEBUG qt.scenegraph.time.renderloop: [window 0x7f20c65f8630][gui thread] polishAndSync: start, elapsed since last call: 2 ms
2026-07-14 17:50:53.788 DEBUG qt.scenegraph.time.renderloop: [window 0x7f20c65f8630][render thread 0x7f20c0b174c0] syncAndRender: start, elapsed since last call: 2 ms
2026-07-14 17:50:53.788 DEBUG qt.scenegraph.time.renderloop: [window 0x7f20c65f8630][gui thread] Frame prepared, polish=0 ms, lock=0 ms, blockedForSync=0 ms, animations=0 ms
2026-07-14 17:50:53.788 DEBUG qt.scenegraph.time.renderer: time in renderer: total=0ms, preprocess=0, updates=0, rendering=0
2026-07-14 17:50:53.788 DEBUG qt.scenegraph.time.renderloop: [window 0x7f20c65f8630][render thread 0x7f20c0b174c0] syncAndRender: frame rendered in 0ms, sync=0, render=0, swap=0
2026-07-14 17:50:53.818 DEBUG qt.scenegraph.time.renderloop: [window 0x7f20c65f8630][gui thread] polishAndSync: start, elapsed since last call: 30 ms
2026-07-14 17:50:53.818 DEBUG qt.scenegraph.time.renderloop: [window 0x7f20c65f8630][render thread 0x7f20c0b174c0] syncAndRender: start, elapsed since last call: 30 ms
2026-07-14 17:50:53.818 DEBUG qt.scenegraph.time.renderloop: [window 0x7f20c65f8630][gui thread] Frame prepared, polish=0 ms, lock=0 ms, blockedForSync=0 ms, animations=0 ms
2026-07-14 17:50:53.818 DEBUG qt.scenegraph.time.renderer: time in renderer: total=0ms, preprocess=0, updates=0, rendering=0
2026-07-14 17:50:53.819 DEBUG qt.scenegraph.time.renderloop: [window 0x7f20c65f8630][render thread 0x7f20c0b174c0] syncAndRender: frame rendered in 0ms, sync=0, render=0, swap=0
2026-07-14 17:50:53.823 DEBUG qt.scenegraph.time.renderloop: [window 0x7f20c65f8630][gui thread] polishAndSync: start, elapsed since last call: 4 ms
2026-07-14 17:50:53.823 DEBUG qt.scenegraph.time.renderloop: [window 0x7f20c65f8630][render thread 0x7f20c0b174c0] syncAndRender: start, elapsed since last call: 4 ms
2026-07-14 17:50:53.823 DEBUG qt.scenegraph.time.renderloop: [window 0x7f20c65f8630][gui thread] Frame prepared, polish=0 ms, lock=0 ms, blockedForSync=0 ms, animations=0 ms
2026-07-14 17:50:53.823 DEBUG qt.scenegraph.time.renderer: time in renderer: total=0ms, preprocess=0, updates=0, rendering=0
2026-07-14 17:50:53.823 DEBUG qt.scenegraph.time.renderloop: [window 0x7f20c65f8630][render thread 0x7f20c0b174c0] syncAndRender: frame rendered in 0ms, sync=0, render=0, swap=0
2026-07-14 17:50:53.851 DEBUG qt.scenegraph.time.renderloop: [window 0x7f20c65f8630][gui thread] polishAndSync: start, elapsed since last call: 28 ms
2026-07-14 17:50:53.851 DEBUG qt.scenegraph.time.renderloop: [window 0x7f20c65f8630][render thread 0x7f20c0b174c0] syncAndRender: start, elapsed since last call: 28 ms
2026-07-14 17:50:53.851 DEBUG qt.scenegraph.time.renderloop: [window 0x7f20c65f8630][gui thread] Frame prepared, polish=0 ms, lock=0 ms, blockedForSync=0 ms, animations=0 ms
2026-07-14 17:50:53.851 DEBUG qt.scenegraph.time.renderer: time in renderer: total=0ms, preprocess=0, updates=0, rendering=0
2026-07-14 17:50:53.851 DEBUG qt.scenegraph.time.renderloop: [window 0x7f20c65f8630][render thread 0x7f20c0b174c0] syncAndRender: frame rendered in 0ms, sync=0, render=0, swap=0
2026-07-14 17:50:53.857 DEBUG qt.scenegraph.time.renderloop: [window 0x7f20c65f8630][gui thread] polishAndSync: start, elapsed since last call: 6 ms
2026-07-14 17:50:53.857 DEBUG qt.scenegraph.time.renderloop: [window 0x7f20c65f8630][render thread 0x7f20c0b174c0] syncAndRender: start, elapsed since last call: 6 ms
2026-07-14 17:50:53.857 DEBUG qt.scenegraph.time.renderloop: [window 0x7f20c65f8630][gui thread] Frame prepared, polish=0 ms, lock=0 ms, blockedForSync=0 ms, animations=0 ms
2026-07-14 17:50:53.858 DEBUG qt.scenegraph.time.renderer: time in renderer: total=0ms, preprocess=0, updates=0, rendering=0
2026-07-14 17:50:53.858 DEBUG qt.scenegraph.time.renderloop: [window 0x7f20c65f8630][render thread 0x7f20c0b174c0] syncAndRender: frame rendered in 0ms, sync=0, render=0, swap=0
2026-07-14 17:50:53.884 DEBUG qt.scenegraph.time.renderloop: [window 0x7f20c65f8630][gui thread] polishAndSync: start, elapsed since last call: 26 ms
2026-07-14 17:50:53.884 DEBUG qt.scenegraph.time.renderloop: [window 0x7f20c65f8630][render thread 0x7f20c0b174c0] syncAndRender: start, elapsed since last call: 26 ms
2026-07-14 17:50:53.884 DEBUG qt.scenegraph.time.renderloop: [window 0x7f20c65f8630][gui thread] Frame prepared, polish=0 ms, lock=0 ms, blockedForSync=0 ms, animations=0 ms
2026-07-14 17:50:53.884 DEBUG qt.scenegraph.time.renderer: time in renderer: total=0ms, preprocess=0, updates=0, rendering=0
2026-07-14 17:50:53.884 DEBUG qt.scenegraph.time.renderloop: [window 0x7f20c65f8630][render thread 0x7f20c0b174c0] syncAndRender: frame rendered in 0ms, sync=0, render=0, swap=0
2026-07-14 17:50:53.885 DEBUG qt.scenegraph.time.renderloop: [window 0x7f20c65f8630][gui thread] polishAndSync: start, elapsed since last call: 1 ms
2026-07-14 17:50:53.885 DEBUG qt.scenegraph.time.renderloop: [window 0x7f20c65f8630][render thread 0x7f20c0b174c0] syncAndRender: start, elapsed since last call: 1 ms
2026-07-14 17:50:53.885 DEBUG qt.scenegraph.time.renderloop: [window 0x7f20c65f8630][gui thread] Frame prepared, polish=0 ms, lock=0 ms, blockedForSync=0 ms, animations=0 ms
2026-07-14 17:50:53.885 DEBUG qt.scenegraph.time.renderer: time in renderer: total=0ms, preprocess=0, updates=0, rendering=0
2026-07-14 17:50:53.886 DEBUG qt.scenegraph.time.renderloop: [window 0x7f20c65f8630][render thread 0x7f20c0b174c0] syncAndRender: frame rendered in 0ms, sync=0, render=0, swap=0
2026-07-14 17:50:53.917 DEBUG qt.scenegraph.time.renderloop: [window 0x7f20c65f8630][gui thread] polishAndSync: start, elapsed since last call: 32 ms
2026-07-14 17:50:53.918 DEBUG qt.scenegraph.time.renderloop: [window 0x7f20c65f8630][render thread 0x7f20c0b174c0] syncAndRender: start, elapsed since last call: 32 ms
2026-07-14 17:50:53.918 DEBUG qt.scenegraph.time.renderloop: [window 0x7f20c65f8630][gui thread] Frame prepared, polish=0 ms, lock=0 ms, blockedForSync=0 ms, animations=0 ms
2026-07-14 17:50:53.918 DEBUG qt.scenegraph.time.renderer: time in renderer: total=0ms, preprocess=0, updates=0, rendering=0
2026-07-14 17:50:53.918 DEBUG qt.scenegraph.time.renderloop: [window 0x7f20c65f8630][render thread 0x7f20c0b174c0] syncAndRender: frame rendered in 0ms, sync=0, render=0, swap=0
2026-07-14 17:50:53.920 DEBUG qt.scenegraph.time.renderloop: [window 0x7f20c65f8630][gui thread] polishAndSync: start, elapsed since last call: 2 ms
2026-07-14 17:50:53.920 DEBUG qt.scenegraph.time.renderloop: [window 0x7f20c65f8630][render thread 0x7f20c0b174c0] syncAndRender: start, elapsed since last call: 2 ms
2026-07-14 17:50:53.920 DEBUG qt.scenegraph.time.renderloop: [window 0x7f20c65f8630][gui thread] Frame prepared, polish=0 ms, lock=0 ms, blockedForSync=0 ms, animations=0 ms
2026-07-14 17:50:53.920 DEBUG qt.scenegraph.time.renderer: time in renderer: total=0ms, preprocess=0, updates=0, rendering=0
2026-07-14 17:50:53.920 DEBUG qt.scenegraph.time.renderloop: [window 0x7f20c65f8630][render thread 0x7f20c0b174c0] syncAndRender: frame rendered in 0ms, sync=0, render=0, swap=0
2026-07-14 17:50:53.950 DEBUG qt.scenegraph.time.renderloop: [window 0x7f20c65f8630][gui thread] polishAndSync: start, elapsed since last call: 30 ms
2026-07-14 17:50:53.950 DEBUG qt.scenegraph.time.renderloop: [window 0x7f20c65f8630][render thread 0x7f20c0b174c0] syncAndRender: start, elapsed since last call: 30 ms
2026-07-14 17:50:53.950 DEBUG qt.scenegraph.time.renderloop: [window 0x7f20c65f8630][gui thread] Frame prepared, polish=0 ms, lock=0 ms, blockedForSync=0 ms, animations=0 ms
2026-07-14 17:50:53.951 DEBUG qt.scenegraph.time.renderer: time in renderer: total=0ms, preprocess=0, updates=0, rendering=0
2026-07-14 17:50:53.951 DEBUG qt.scenegraph.time.renderloop: [window 0x7f20c65f8630][render thread 0x7f20c0b174c0] syncAndRender: frame rendered in 0ms, sync=0, render=0, swap=0
2026-07-14 17:50:53.955 DEBUG qt.scenegraph.time.renderloop: [window 0x7f20c65f8630][gui thread] polishAndSync: start, elapsed since last call: 4 ms
2026-07-14 17:50:53.955 DEBUG qt.scenegraph.time.renderloop: [window 0x7f20c65f8630][render thread 0x7f20c0b174c0] syncAndRender: start, elapsed since last call: 4 ms
2026-07-14 17:50:53.955 DEBUG qt.scenegraph.time.renderloop: [window 0x7f20c65f8630][gui thread] Frame prepared, polish=0 ms, lock=0 ms, blockedForSync=0 ms, animations=0 ms
2026-07-14 17:50:53.955 DEBUG qt.scenegraph.time.renderer: time in renderer: total=0ms, preprocess=0, updates=0, rendering=0
2026-07-14 17:50:53.955 DEBUG qt.scenegraph.time.renderloop: [window 0x7f20c65f8630][render thread 0x7f20c0b174c0] syncAndRender: frame rendered in 0ms, sync=0, render=0, swap=0
2026-07-14 17:50:53.983 DEBUG qt.scenegraph.time.renderloop: [window 0x7f20c65f8630][gui thread] polishAndSync: start, elapsed since last call: 28 ms
2026-07-14 17:50:53.983 DEBUG qt.scenegraph.time.renderloop: [window 0x7f20c65f8630][render thread 0x7f20c0b174c0] syncAndRender: start, elapsed since last call: 28 ms
2026-07-14 17:50:53.983 DEBUG qt.scenegraph.time.renderloop: [window 0x7f20c65f8630][gui thread] Frame prepared, polish=0 ms, lock=0 ms, blockedForSync=0 ms, animations=0 ms
2026-07-14 17:50:53.983 DEBUG qt.scenegraph.time.renderer: time in renderer: total=0ms, preprocess=0, updates=0, rendering=0
2026-07-14 17:50:53.984 DEBUG qt.scenegraph.time.renderloop: [window 0x7f20c65f8630][render thread 0x7f20c0b174c0] syncAndRender: frame rendered in 0ms, sync=0, render=0, swap=0
2026-07-14 17:50:53.990 DEBUG qt.scenegraph.time.renderloop: [window 0x7f20c65f8630][gui thread] polishAndSync: start, elapsed since last call: 6 ms
2026-07-14 17:50:53.990 DEBUG qt.scenegraph.time.renderloop: [window 0x7f20c65f8630][render thread 0x7f20c0b174c0] syncAndRender: start, elapsed since last call: 6 ms
2026-07-14 17:50:53.990 DEBUG qt.scenegraph.time.renderloop: [window 0x7f20c65f8630][gui thread] Frame prepared, polish=0 ms, lock=0 ms, blockedForSync=0 ms, animations=0 ms
2026-07-14 17:50:53.990 DEBUG qt.scenegraph.time.renderer: time in renderer: total=0ms, preprocess=0, updates=0, rendering=0
2026-07-14 17:50:53.990 DEBUG qt.scenegraph.time.renderloop: [window 0x7f20c65f8630][render thread 0x7f20c0b174c0] syncAndRender: frame rendered in 0ms, sync=0, render=0, swap=0
2026-07-14 17:50:54.016 DEBUG qt.scenegraph.time.renderloop: [window 0x7f20c65f8630][gui thread] polishAndSync: start, elapsed since last call: 26 ms
2026-07-14 17:50:54.016 DEBUG qt.scenegraph.time.renderloop: [window 0x7f20c65f8630][render thread 0x7f20c0b174c0] syncAndRender: start, elapsed since last call: 26 ms
2026-07-14 17:50:54.016 DEBUG qt.scenegraph.time.renderloop: [window 0x7f20c65f8630][gui thread] Frame prepared, polish=0 ms, lock=0 ms, blockedForSync=0 ms, animations=0 ms
2026-07-14 17:50:54.016 DEBUG qt.scenegraph.time.renderer: time in renderer: total=0ms, preprocess=0, updates=0, rendering=0
2026-07-14 17:50:54.016 DEBUG qt.scenegraph.time.renderloop: [window 0x7f20c65f8630][render thread 0x7f20c0b174c0] syncAndRender: frame rendered in 0ms, sync=0, render=0, swap=0
2026-07-14 17:50:54.017 DEBUG qt.scenegraph.time.renderloop: [window 0x7f20c65f8630][gui thread] polishAndSync: start, elapsed since last call: 1 ms
2026-07-14 17:50:54.017 DEBUG qt.scenegraph.time.renderloop: [window 0x7f20c65f8630][render thread 0x7f20c0b174c0] syncAndRender: start, elapsed since last call: 1 ms
2026-07-14 17:50:54.017 DEBUG qt.scenegraph.time.renderloop: [window 0x7f20c65f8630][gui thread] Frame prepared, polish=0 ms, lock=0 ms, blockedForSync=0 ms, animations=0 ms
2026-07-14 17:50:54.017 DEBUG qt.scenegraph.time.renderer: time in renderer: total=0ms, preprocess=0, updates=0, rendering=0
2026-07-14 17:50:54.018 DEBUG qt.scenegraph.time.renderloop: [window 0x7f20c65f8630][render thread 0x7f20c0b174c0] syncAndRender: frame rendered in 0ms, sync=0, render=0, swap=0
2026-07-14 17:50:54.048 DEBUG qt.scenegraph.time.renderloop: [window 0x7f20c65f8630][gui thread] polishAndSync: start, elapsed since last call: 30 ms
2026-07-14 17:50:54.048 DEBUG qt.scenegraph.time.renderloop: [window 0x7f20c65f8630][render thread 0x7f20c0b174c0] syncAndRender: start, elapsed since last call: 31 ms
2026-07-14 17:50:54.048 DEBUG qt.scenegraph.time.renderloop: [window 0x7f20c65f8630][gui thread] Frame prepared, polish=0 ms, lock=0 ms, blockedForSync=0 ms, animations=0 ms
2026-07-14 17:50:54.049 DEBUG qt.scenegraph.time.renderer: time in renderer: total=0ms, preprocess=0, updates=0, rendering=0
2026-07-14 17:50:54.049 DEBUG qt.scenegraph.time.renderloop: [window 0x7f20c65f8630][render thread 0x7f20c0b174c0] syncAndRender: frame rendered in 0ms, sync=0, render=0, swap=0
2026-07-14 17:50:54.052 DEBUG qt.scenegraph.time.renderloop: [window 0x7f20c65f8630][gui thread] polishAndSync: start, elapsed since last call: 4 ms
2026-07-14 17:50:54.052 DEBUG qt.scenegraph.time.renderloop: [window 0x7f20c65f8630][render thread 0x7f20c0b174c0] syncAndRender: start, elapsed since last call: 3 ms
2026-07-14 17:50:54.052 DEBUG qt.scenegraph.time.renderloop: [window 0x7f20c65f8630][gui thread] Frame prepared, polish=0 ms, lock=0 ms, blockedForSync=0 ms, animations=0 ms
2026-07-14 17:50:54.052 DEBUG qt.scenegraph.time.renderer: time in renderer: total=0ms, preprocess=0, updates=0, rendering=0
2026-07-14 17:50:54.053 DEBUG qt.scenegraph.time.renderloop: [window 0x7f20c65f8630][render thread 0x7f20c0b174c0] syncAndRender: frame rendered in 0ms, sync=0, render=0, swap=0
2026-07-14 17:50:54.082 DEBUG qt.scenegraph.time.renderloop: [window 0x7f20c65f8630][gui thread] polishAndSync: start, elapsed since last call: 29 ms
2026-07-14 17:50:54.082 DEBUG qt.scenegraph.time.renderloop: [window 0x7f20c65f8630][render thread 0x7f20c0b174c0] syncAndRender: start, elapsed since last call: 29 ms
2026-07-14 17:50:54.082 DEBUG qt.scenegraph.time.renderloop: [window 0x7f20c65f8630][gui thread] Frame prepared, polish=0 ms, lock=0 ms, blockedForSync=0 ms, animations=0 ms
2026-07-14 17:50:54.082 DEBUG qt.scenegraph.time.renderer: time in renderer: total=0ms, preprocess=0, updates=0, rendering=0
2026-07-14 17:50:54.082 DEBUG qt.scenegraph.time.renderloop: [window 0x7f20c65f8630][render thread 0x7f20c0b174c0] syncAndRender: frame rendered in 0ms, sync=0, render=0, swap=0
2026-07-14 17:50:54.087 DEBUG qt.scenegraph.time.renderloop: [window 0x7f20c65f8630][gui thread] polishAndSync: start, elapsed since last call: 4 ms
2026-07-14 17:50:54.087 DEBUG qt.scenegraph.time.renderloop: [window 0x7f20c65f8630][render thread 0x7f20c0b174c0] syncAndRender: start, elapsed since last call: 4 ms
2026-07-14 17:50:54.087 DEBUG qt.scenegraph.time.renderloop: [window 0x7f20c65f8630][gui thread] Frame prepared, polish=0 ms, lock=0 ms, blockedForSync=0 ms, animations=0 ms
2026-07-14 17:50:54.087 DEBUG qt.scenegraph.time.renderer: time in renderer: total=0ms, preprocess=0, updates=0, rendering=0
2026-07-14 17:50:54.087 DEBUG qt.scenegraph.time.renderloop: [window 0x7f20c65f8630][render thread 0x7f20c0b174c0] syncAndRender: frame rendered in 0ms, sync=0, render=0, swap=0
2026-07-14 17:50:54.115 DEBUG qt.scenegraph.time.renderloop: [window 0x7f20c65f8630][gui thread] polishAndSync: start, elapsed since last call: 28 ms
2026-07-14 17:50:54.115 DEBUG qt.scenegraph.time.renderloop: [window 0x7f20c65f8630][render thread 0x7f20c0b174c0] syncAndRender: start, elapsed since last call: 28 ms
2026-07-14 17:50:54.115 DEBUG qt.scenegraph.time.renderloop: [window 0x7f20c65f8630][gui thread] Frame prepared, polish=0 ms, lock=0 ms, blockedForSync=0 ms, animations=0 ms
2026-07-14 17:50:54.115 DEBUG qt.scenegraph.time.renderer: time in renderer: total=0ms, preprocess=0, updates=0, rendering=0
2026-07-14 17:50:54.116 DEBUG qt.scenegraph.time.renderloop: [window 0x7f20c65f8630][render thread 0x7f20c0b174c0] syncAndRender: frame rendered in 0ms, sync=0, render=0, swap=0
2026-07-14 17:50:54.122 DEBUG qt.scenegraph.time.renderloop: [window 0x7f20c65f8630][gui thread] polishAndSync: start, elapsed since last call: 6 ms
2026-07-14 17:50:54.122 DEBUG qt.scenegraph.time.renderloop: [window 0x7f20c65f8630][render thread 0x7f20c0b174c0] syncAndRender: start, elapsed since last call: 6 ms
2026-07-14 17:50:54.122 DEBUG qt.scenegraph.time.renderloop: [window 0x7f20c65f8630][gui thread] Frame prepared, polish=0 ms, lock=0 ms, blockedForSync=0 ms, animations=0 ms
2026-07-14 17:50:54.122 DEBUG qt.scenegraph.time.renderer: time in renderer: total=0ms, preprocess=0, updates=0, rendering=0
2026-07-14 17:50:54.122 DEBUG qt.scenegraph.time.renderloop: [window 0x7f20c65f8630][render thread 0x7f20c0b174c0] syncAndRender: frame rendered in 0ms, sync=0, render=0, swap=0
2026-07-14 17:50:54.148 DEBUG qt.scenegraph.time.renderloop: [window 0x7f20c65f8630][gui thread] polishAndSync: start, elapsed since last call: 26 ms
2026-07-14 17:50:54.148 DEBUG qt.scenegraph.time.renderloop: [window 0x7f20c65f8630][render thread 0x7f20c0b174c0] syncAndRender: start, elapsed since last call: 26 ms
2026-07-14 17:50:54.148 DEBUG qt.scenegraph.time.renderloop: [window 0x7f20c65f8630][gui thread] Frame prepared, polish=0 ms, lock=0 ms, blockedForSync=0 ms, animations=0 ms
2026-07-14 17:50:54.148 DEBUG qt.scenegraph.time.renderer: time in renderer: total=0ms, preprocess=0, updates=0, rendering=0
2026-07-14 17:50:54.148 DEBUG qt.scenegraph.time.renderloop: [window 0x7f20c65f8630][render thread 0x7f20c0b174c0] syncAndRender: frame rendered in 0ms, sync=0, render=0, swap=0
2026-07-14 17:50:54.149 DEBUG qt.scenegraph.time.renderloop: [window 0x7f20c65f8630][gui thread] polishAndSync: start, elapsed since last call: 1 ms
2026-07-14 17:50:54.149 DEBUG qt.scenegraph.time.renderloop: [window 0x7f20c65f8630][render thread 0x7f20c0b174c0] syncAndRender: start, elapsed since last call: 1 ms
2026-07-14 17:50:54.149 DEBUG qt.scenegraph.time.renderloop: [window 0x7f20c65f8630][gui thread] Frame prepared, polish=0 ms, lock=0 ms, blockedForSync=0 ms, animations=0 ms
2026-07-14 17:50:54.149 DEBUG qt.scenegraph.time.renderer: time in renderer: total=0ms, preprocess=0, updates=0, rendering=0
2026-07-14 17:50:54.150 DEBUG qt.scenegraph.time.renderloop: [window 0x7f20c65f8630][render thread 0x7f20c0b174c0] syncAndRender: frame rendered in 0ms, sync=0, render=0, swap=0
2026-07-14 17:50:54.182 DEBUG qt.scenegraph.time.renderloop: [window 0x7f20c65f8630][gui thread] polishAndSync: start, elapsed since last call: 32 ms
2026-07-14 17:50:54.182 DEBUG qt.scenegraph.time.renderloop: [window 0x7f20c65f8630][render thread 0x7f20c0b174c0] syncAndRender: start, elapsed since last call: 32 ms
2026-07-14 17:50:54.182 DEBUG qt.scenegraph.time.renderloop: [window 0x7f20c65f8630][gui thread] Frame prepared, polish=0 ms, lock=0 ms, blockedForSync=0 ms, animations=0 ms
2026-07-14 17:50:54.182 DEBUG qt.scenegraph.time.renderer: time in renderer: total=0ms, preprocess=0, updates=0, rendering=0
2026-07-14 17:50:54.182 DEBUG qt.scenegraph.time.renderloop: [window 0x7f20c65f8630][render thread 0x7f20c0b174c0] syncAndRender: frame rendered in 0ms, sync=0, render=0, swap=0
2026-07-14 17:50:54.184 DEBUG qt.scenegraph.time.renderloop: [window 0x7f20c65f8630][gui thread] polishAndSync: start, elapsed since last call: 2 ms
2026-07-14 17:50:54.184 DEBUG qt.scenegraph.time.renderloop: [window 0x7f20c65f8630][render thread 0x7f20c0b174c0] syncAndRender: start, elapsed since last call: 2 ms
2026-07-14 17:50:54.184 DEBUG qt.scenegraph.time.renderloop: [window 0x7f20c65f8630][gui thread] Frame prepared, polish=0 ms, lock=0 ms, blockedForSync=0 ms, animations=0 ms
2026-07-14 17:50:54.184 DEBUG qt.scenegraph.time.renderer: time in renderer: total=0ms, preprocess=0, updates=0, rendering=0
2026-07-14 17:50:54.184 DEBUG qt.scenegraph.time.renderloop: [window 0x7f20c65f8630][render thread 0x7f20c0b174c0] syncAndRender: frame rendered in 0ms, sync=0, render=0, swap=0
2026-07-14 17:50:54.214 DEBUG qt.scenegraph.time.renderloop: [window 0x7f20c65f8630][gui thread] polishAndSync: start, elapsed since last call: 30 ms
2026-07-14 17:50:54.215 DEBUG qt.scenegraph.time.renderloop: [window 0x7f20c65f8630][render thread 0x7f20c0b174c0] syncAndRender: start, elapsed since last call: 30 ms
2026-07-14 17:50:54.215 DEBUG qt.scenegraph.time.renderloop: [window 0x7f20c65f8630][gui thread] Frame prepared, polish=0 ms, lock=0 ms, blockedForSync=0 ms, animations=0 ms
2026-07-14 17:50:54.215 DEBUG qt.scenegraph.time.renderer: time in renderer: total=0ms, preprocess=0, updates=0, rendering=0
2026-07-14 17:50:54.215 DEBUG qt.scenegraph.time.renderloop: [window 0x7f20c65f8630][render thread 0x7f20c0b174c0] syncAndRender: frame rendered in 0ms, sync=0, render=0, swap=0
2026-07-14 17:50:54.219 DEBUG qt.scenegraph.time.renderloop: [window 0x7f20c65f8630][gui thread] polishAndSync: start, elapsed since last call: 4 ms
2026-07-14 17:50:54.219 DEBUG qt.scenegraph.time.renderloop: [window 0x7f20c65f8630][render thread 0x7f20c0b174c0] syncAndRender: start, elapsed since last call: 4 ms
2026-07-14 17:50:54.219 DEBUG qt.scenegraph.time.renderloop: [window 0x7f20c65f8630][gui thread] Frame prepared, polish=0 ms, lock=0 ms, blockedForSync=0 ms, animations=0 ms
2026-07-14 17:50:54.219 DEBUG qt.scenegraph.time.renderer: time in renderer: total=0ms, preprocess=0, updates=0, rendering=0
2026-07-14 17:50:54.219 DEBUG qt.scenegraph.time.renderloop: [window 0x7f20c65f8630][render thread 0x7f20c0b174c0] syncAndRender: frame rendered in 0ms, sync=0, render=0, swap=0
2026-07-14 17:50:54.247 DEBUG qt.scenegraph.time.renderloop: [window 0x7f20c65f8630][gui thread] polishAndSync: start, elapsed since last call: 28 ms
2026-07-14 17:50:54.247 DEBUG qt.scenegraph.time.renderloop: [window 0x7f20c65f8630][render thread 0x7f20c0b174c0] syncAndRender: start, elapsed since last call: 28 ms
2026-07-14 17:50:54.247 DEBUG qt.scenegraph.time.renderloop: [window 0x7f20c65f8630][gui thread] Frame prepared, polish=0 ms, lock=0 ms, blockedForSync=0 ms, animations=0 ms
2026-07-14 17:50:54.247 DEBUG qt.scenegraph.time.renderer: time in renderer: total=0ms, preprocess=0, updates=0, rendering=0
2026-07-14 17:50:54.248 DEBUG qt.scenegraph.time.renderloop: [window 0x7f20c65f8630][render thread 0x7f20c0b174c0] syncAndRender: frame rendered in 0ms, sync=0, render=0, swap=0
2026-07-14 17:50:54.254 DEBUG qt.scenegraph.time.renderloop: [window 0x7f20c65f8630][gui thread] polishAndSync: start, elapsed since last call: 6 ms
2026-07-14 17:50:54.254 DEBUG qt.scenegraph.time.renderloop: [window 0x7f20c65f8630][render thread 0x7f20c0b174c0] syncAndRender: start, elapsed since last call: 6 ms
2026-07-14 17:50:54.254 DEBUG qt.scenegraph.time.renderloop: [window 0x7f20c65f8630][gui thread] Frame prepared, polish=0 ms, lock=0 ms, blockedForSync=0 ms, animations=0 ms
2026-07-14 17:50:54.254 DEBUG qt.scenegraph.time.renderer: time in renderer: total=0ms, preprocess=0, updates=0, rendering=0
2026-07-14 17:50:54.254 DEBUG qt.scenegraph.time.renderloop: [window 0x7f20c65f8630][render thread 0x7f20c0b174c0] syncAndRender: frame rendered in 0ms, sync=0, render=0, swap=0
2026-07-14 17:50:54.280 DEBUG qt.scenegraph.time.renderloop: [window 0x7f20c65f8630][gui thread] polishAndSync: start, elapsed since last call: 26 ms
2026-07-14 17:50:54.282 DEBUG qt.scenegraph.time.renderloop: [window 0x7f20c65f8630][render thread 0x7f20c0b174c0] syncAndRender: start, elapsed since last call: 27 ms
2026-07-14 17:50:54.282 DEBUG qt.scenegraph.time.renderloop: [window 0x7f20c65f8630][gui thread] Frame prepared, polish=1 ms, lock=0 ms, blockedForSync=0 ms, animations=0 ms
2026-07-14 17:50:54.282 DEBUG qt.scenegraph.time.renderer: time in renderer: total=0ms, preprocess=0, updates=0, rendering=0
2026-07-14 17:50:54.282 DEBUG qt.scenegraph.time.renderloop: [window 0x7f20c65f8630][render thread 0x7f20c0b174c0] syncAndRender: frame rendered in 0ms, sync=0, render=0, swap=0
2026-07-14 17:50:54.289 DEBUG qt.scenegraph.time.renderloop: [window 0x7f20c65f8630][gui thread] polishAndSync: start, elapsed since last call: 8 ms
2026-07-14 17:50:54.289 DEBUG qt.scenegraph.time.renderloop: [window 0x7f20c65f8630][render thread 0x7f20c0b174c0] syncAndRender: start, elapsed since last call: 6 ms
2026-07-14 17:50:54.289 DEBUG qt.scenegraph.time.renderloop: [window 0x7f20c65f8630][gui thread] Frame prepared, polish=0 ms, lock=0 ms, blockedForSync=0 ms, animations=0 ms
2026-07-14 17:50:54.289 DEBUG qt.scenegraph.time.renderer: time in renderer: total=0ms, preprocess=0, updates=0, rendering=0
2026-07-14 17:50:54.289 DEBUG qt.scenegraph.time.renderloop: [window 0x7f20c65f8630][render thread 0x7f20c0b174c0] syncAndRender: frame rendered in 0ms, sync=0, render=0, swap=0
2026-07-14 17:50:54.312 DEBUG qt.scenegraph.time.renderloop: [window 0x7f20c65f8630][gui thread] polishAndSync: start, elapsed since last call: 23 ms
2026-07-14 17:50:54.313 DEBUG qt.scenegraph.time.renderloop: [window 0x7f20c65f8630][render thread 0x7f20c0b174c0] syncAndRender: start, elapsed since last call: 24 ms
2026-07-14 17:50:54.313 DEBUG qt.scenegraph.time.renderloop: [window 0x7f20c65f8630][gui thread] Frame prepared, polish=0 ms, lock=0 ms, blockedForSync=0 ms, animations=0 ms
2026-07-14 17:50:54.313 DEBUG qt.scenegraph.time.renderer: time in renderer: total=0ms, preprocess=0, updates=0, rendering=0
2026-07-14 17:50:54.313 DEBUG qt.scenegraph.time.renderloop: [window 0x7f20c65f8630][render thread 0x7f20c0b174c0] syncAndRender: frame rendered in 0ms, sync=0, render=0, swap=0
2026-07-14 17:50:54.316 DEBUG qt.scenegraph.time.renderloop: [window 0x7f20c65f8630][gui thread] polishAndSync: start, elapsed since last call: 3 ms
2026-07-14 17:50:54.316 DEBUG qt.scenegraph.time.renderloop: [window 0x7f20c65f8630][render thread 0x7f20c0b174c0] syncAndRender: start, elapsed since last call: 3 ms
2026-07-14 17:50:54.316 DEBUG qt.scenegraph.time.renderloop: [window 0x7f20c65f8630][gui thread] Frame prepared, polish=0 ms, lock=0 ms, blockedForSync=0 ms, animations=0 ms
2026-07-14 17:50:54.316 DEBUG qt.scenegraph.time.renderer: time in renderer: total=0ms, preprocess=0, updates=0, rendering=0
2026-07-14 17:50:54.316 DEBUG qt.scenegraph.time.renderloop: [window 0x7f20c65f8630][render thread 0x7f20c0b174c0] syncAndRender: frame rendered in 0ms, sync=0, render=0, swap=0
2026-07-14 17:50:54.346 DEBUG qt.scenegraph.time.renderloop: [window 0x7f20c65f8630][gui thread] polishAndSync: start, elapsed since last call: 30 ms
2026-07-14 17:50:54.347 DEBUG qt.scenegraph.time.renderloop: [window 0x7f20c65f8630][render thread 0x7f20c0b174c0] syncAndRender: start, elapsed since last call: 30 ms
2026-07-14 17:50:54.347 DEBUG qt.scenegraph.time.renderloop: [window 0x7f20c65f8630][gui thread] Frame prepared, polish=0 ms, lock=0 ms, blockedForSync=0 ms, animations=0 ms
2026-07-14 17:50:54.347 DEBUG qt.scenegraph.time.renderer: time in renderer: total=0ms, preprocess=0, updates=0, rendering=0
2026-07-14 17:50:54.347 DEBUG qt.scenegraph.time.renderloop: [window 0x7f20c65f8630][render thread 0x7f20c0b174c0] syncAndRender: frame rendered in 0ms, sync=0, render=0, swap=0
2026-07-14 17:50:54.351 DEBUG qt.scenegraph.time.renderloop: [window 0x7f20c65f8630][gui thread] polishAndSync: start, elapsed since last call: 4 ms
2026-07-14 17:50:54.351 DEBUG qt.scenegraph.time.renderloop: [window 0x7f20c65f8630][render thread 0x7f20c0b174c0] syncAndRender: start, elapsed since last call: 4 ms
2026-07-14 17:50:54.351 DEBUG qt.scenegraph.time.renderloop: [window 0x7f20c65f8630][gui thread] Frame prepared, polish=0 ms, lock=0 ms, blockedForSync=0 ms, animations=0 ms
2026-07-14 17:50:54.351 DEBUG qt.scenegraph.time.renderer: time in renderer: total=0ms, preprocess=0, updates=0, rendering=0
2026-07-14 17:50:54.351 DEBUG qt.scenegraph.time.renderloop: [window 0x7f20c65f8630][render thread 0x7f20c0b174c0] syncAndRender: frame rendered in 0ms, sync=0, render=0, swap=0
2026-07-14 17:50:54.379 DEBUG qt.scenegraph.time.renderloop: [window 0x7f20c65f8630][gui thread] polishAndSync: start, elapsed since last call: 28 ms
2026-07-14 17:50:54.379 DEBUG qt.scenegraph.time.renderloop: [window 0x7f20c65f8630][render thread 0x7f20c0b174c0] syncAndRender: start, elapsed since last call: 28 ms
2026-07-14 17:50:54.379 DEBUG qt.scenegraph.time.renderloop: [window 0x7f20c65f8630][gui thread] Frame prepared, polish=0 ms, lock=0 ms, blockedForSync=0 ms, animations=0 ms
2026-07-14 17:50:54.379 DEBUG qt.scenegraph.time.renderer: time in renderer: total=0ms, preprocess=0, updates=0, rendering=0
2026-07-14 17:50:54.379 DEBUG qt.scenegraph.time.renderloop: [window 0x7f20c65f8630][render thread 0x7f20c0b174c0] syncAndRender: frame rendered in 0ms, sync=0, render=0, swap=0
2026-07-14 17:50:54.386 DEBUG qt.scenegraph.time.renderloop: [window 0x7f20c65f8630][gui thread] polishAndSync: start, elapsed since last call: 6 ms
2026-07-14 17:50:54.386 DEBUG qt.scenegraph.time.renderloop: [window 0x7f20c65f8630][render thread 0x7f20c0b174c0] syncAndRender: start, elapsed since last call: 6 ms
2026-07-14 17:50:54.386 DEBUG qt.scenegraph.time.renderloop: [window 0x7f20c65f8630][gui thread] Frame prepared, polish=0 ms, lock=0 ms, blockedForSync=0 ms, animations=0 ms
2026-07-14 17:50:54.386 DEBUG qt.scenegraph.time.renderer: time in renderer: total=0ms, preprocess=0, updates=0, rendering=0
2026-07-14 17:50:54.386 DEBUG qt.scenegraph.time.renderloop: [window 0x7f20c65f8630][render thread 0x7f20c0b174c0] syncAndRender: frame rendered in 0ms, sync=0, render=0, swap=0
2026-07-14 17:50:54.412 DEBUG qt.scenegraph.time.renderloop: [window 0x7f20c65f8630][gui thread] polishAndSync: start, elapsed since last call: 25 ms
2026-07-14 17:50:54.412 DEBUG qt.scenegraph.time.renderloop: [window 0x7f20c65f8630][render thread 0x7f20c0b174c0] syncAndRender: start, elapsed since last call: 26 ms
2026-07-14 17:50:54.412 DEBUG qt.scenegraph.time.renderloop: [window 0x7f20c65f8630][gui thread] Frame prepared, polish=0 ms, lock=0 ms, blockedForSync=0 ms, animations=0 ms
2026-07-14 17:50:54.412 DEBUG qt.scenegraph.time.renderer: time in renderer: total=0ms, preprocess=0, updates=0, rendering=0
2026-07-14 17:50:54.412 DEBUG qt.scenegraph.time.renderloop: [window 0x7f20c65f8630][render thread 0x7f20c0b174c0] syncAndRender: frame rendered in 0ms, sync=0, render=0, swap=0
2026-07-14 17:50:54.413 DEBUG qt.scenegraph.time.renderloop: [window 0x7f20c65f8630][gui thread] polishAndSync: start, elapsed since last call: 1 ms
2026-07-14 17:50:54.413 DEBUG qt.scenegraph.time.renderloop: [window 0x7f20c65f8630][render thread 0x7f20c0b174c0] syncAndRender: start, elapsed since last call: 1 ms
2026-07-14 17:50:54.413 DEBUG qt.scenegraph.time.renderloop: [window 0x7f20c65f8630][gui thread] Frame prepared, polish=0 ms, lock=0 ms, blockedForSync=0 ms, animations=0 ms
2026-07-14 17:50:54.413 DEBUG qt.scenegraph.time.renderer: time in renderer: total=0ms, preprocess=0, updates=0, rendering=0
2026-07-14 17:50:54.414 DEBUG qt.scenegraph.time.renderloop: [window 0x7f20c65f8630][render thread 0x7f20c0b174c0] syncAndRender: frame rendered in 0ms, sync=0, render=0, swap=0
2026-07-14 17:50:54.446 DEBUG qt.scenegraph.time.renderloop: [window 0x7f20c65f8630][gui thread] polishAndSync: start, elapsed since last call: 32 ms
2026-07-14 17:50:54.446 DEBUG qt.scenegraph.time.renderloop: [window 0x7f20c65f8630][render thread 0x7f20c0b174c0] syncAndRender: start, elapsed since last call: 32 ms
2026-07-14 17:50:54.446 DEBUG qt.scenegraph.time.renderloop: [window 0x7f20c65f8630][gui thread] Frame prepared, polish=0 ms, lock=0 ms, blockedForSync=0 ms, animations=0 ms
2026-07-14 17:50:54.446 DEBUG qt.scenegraph.time.renderer: time in renderer: total=0ms, preprocess=0, updates=0, rendering=0
2026-07-14 17:50:54.446 DEBUG qt.scenegraph.time.renderloop: [window 0x7f20c65f8630][render thread 0x7f20c0b174c0] syncAndRender: frame rendered in 0ms, sync=0, render=0, swap=0
2026-07-14 17:50:54.448 DEBUG qt.scenegraph.time.renderloop: [window 0x7f20c65f8630][gui thread] polishAndSync: start, elapsed since last call: 2 ms
2026-07-14 17:50:54.448 DEBUG qt.scenegraph.time.renderloop: [window 0x7f20c65f8630][render thread 0x7f20c0b174c0] syncAndRender: start, elapsed since last call: 2 ms
2026-07-14 17:50:54.448 DEBUG qt.scenegraph.time.renderloop: [window 0x7f20c65f8630][gui thread] Frame prepared, polish=0 ms, lock=0 ms, blockedForSync=0 ms, animations=0 ms
2026-07-14 17:50:54.448 DEBUG qt.scenegraph.time.renderer: time in renderer: total=0ms, preprocess=0, updates=0, rendering=0
2026-07-14 17:50:54.448 DEBUG qt.scenegraph.time.renderloop: [window 0x7f20c65f8630][render thread 0x7f20c0b174c0] syncAndRender: frame rendered in 0ms, sync=0, render=0, swap=0
2026-07-14 17:50:54.478 DEBUG qt.scenegraph.time.renderloop: [window 0x7f20c65f8630][gui thread] polishAndSync: start, elapsed since last call: 30 ms
2026-07-14 17:50:54.479 DEBUG qt.scenegraph.time.renderloop: [window 0x7f20c65f8630][render thread 0x7f20c0b174c0] syncAndRender: start, elapsed since last call: 30 ms
2026-07-14 17:50:54.479 DEBUG qt.scenegraph.time.renderloop: [window 0x7f20c65f8630][gui thread] Frame prepared, polish=0 ms, lock=0 ms, blockedForSync=0 ms, animations=0 ms
2026-07-14 17:50:54.479 DEBUG qt.scenegraph.time.renderer: time in renderer: total=0ms, preprocess=0, updates=0, rendering=0
2026-07-14 17:50:54.479 DEBUG qt.scenegraph.time.renderloop: [window 0x7f20c65f8630][render thread 0x7f20c0b174c0] syncAndRender: frame rendered in 0ms, sync=0, render=0, swap=0
2026-07-14 17:50:54.483 DEBUG qt.scenegraph.time.renderloop: [window 0x7f20c65f8630][gui thread] polishAndSync: start, elapsed since last call: 4 ms
2026-07-14 17:50:54.483 DEBUG qt.scenegraph.time.renderloop: [window 0x7f20c65f8630][render thread 0x7f20c0b174c0] syncAndRender: start, elapsed since last call: 4 ms
2026-07-14 17:50:54.483 DEBUG qt.scenegraph.time.renderloop: [window 0x7f20c65f8630][gui thread] Frame prepared, polish=0 ms, lock=0 ms, blockedForSync=0 ms, animations=0 ms
2026-07-14 17:50:54.483 DEBUG qt.scenegraph.time.renderer: time in renderer: total=0ms, preprocess=0, updates=0, rendering=0
2026-07-14 17:50:54.483 DEBUG qt.scenegraph.time.renderloop: [window 0x7f20c65f8630][render thread 0x7f20c0b174c0] syncAndRender: frame rendered in 0ms, sync=0, render=0, swap=0
2026-07-14 17:50:54.511 DEBUG qt.scenegraph.time.renderloop: [window 0x7f20c65f8630][gui thread] polishAndSync: start, elapsed since last call: 28 ms
2026-07-14 17:50:54.511 DEBUG qt.scenegraph.time.renderloop: [window 0x7f20c65f8630][render thread 0x7f20c0b174c0] syncAndRender: start, elapsed since last call: 28 ms
2026-07-14 17:50:54.511 DEBUG qt.scenegraph.time.renderloop: [window 0x7f20c65f8630][gui thread] Frame prepared, polish=0 ms, lock=0 ms, blockedForSync=0 ms, animations=0 ms
2026-07-14 17:50:54.511 DEBUG qt.scenegraph.time.renderer: time in renderer: total=0ms, preprocess=0, updates=0, rendering=0
2026-07-14 17:50:54.512 DEBUG qt.scenegraph.time.renderloop: [window 0x7f20c65f8630][render thread 0x7f20c0b174c0] syncAndRender: frame rendered in 0ms, sync=0, render=0, swap=0
2026-07-14 17:50:54.518 DEBUG qt.scenegraph.time.renderloop: [window 0x7f20c65f8630][gui thread] polishAndSync: start, elapsed since last call: 6 ms
2026-07-14 17:50:54.518 DEBUG qt.scenegraph.time.renderloop: [window 0x7f20c65f8630][render thread 0x7f20c0b174c0] syncAndRender: start, elapsed since last call: 6 ms
2026-07-14 17:50:54.518 DEBUG qt.scenegraph.time.renderloop: [window 0x7f20c65f8630][gui thread] Frame prepared, polish=0 ms, lock=0 ms, blockedForSync=0 ms, animations=0 ms
2026-07-14 17:50:54.518 DEBUG qt.scenegraph.time.renderer: time in renderer: total=0ms, preprocess=0, updates=0, rendering=0
2026-07-14 17:50:54.518 DEBUG qt.scenegraph.time.renderloop: [window 0x7f20c65f8630][render thread 0x7f20c0b174c0] syncAndRender: frame rendered in 0ms, sync=0, render=0, swap=0
2026-07-14 17:50:54.544 DEBUG qt.scenegraph.time.renderloop: [window 0x7f20c65f8630][gui thread] polishAndSync: start, elapsed since last call: 25 ms
2026-07-14 17:50:54.544 DEBUG qt.scenegraph.time.renderloop: [window 0x7f20c65f8630][render thread 0x7f20c0b174c0] syncAndRender: start, elapsed since last call: 26 ms
2026-07-14 17:50:54.544 DEBUG qt.scenegraph.time.renderloop: [window 0x7f20c65f8630][gui thread] Frame prepared, polish=0 ms, lock=0 ms, blockedForSync=0 ms, animations=0 ms
2026-07-14 17:50:54.544 DEBUG qt.scenegraph.time.renderer: time in renderer: total=0ms, preprocess=0, updates=0, rendering=0
2026-07-14 17:50:54.544 DEBUG qt.scenegraph.time.renderloop: [window 0x7f20c65f8630][render thread 0x7f20c0b174c0] syncAndRender: frame rendered in 0ms, sync=0, render=0, swap=0
2026-07-14 17:50:54.545 DEBUG qt.scenegraph.time.renderloop: [window 0x7f20c65f8630][gui thread] polishAndSync: start, elapsed since last call: 1 ms
2026-07-14 17:50:54.546 DEBUG qt.scenegraph.time.renderloop: [window 0x7f20c65f8630][render thread 0x7f20c0b174c0] syncAndRender: start, elapsed since last call: 1 ms
2026-07-14 17:50:54.546 DEBUG qt.scenegraph.time.renderloop: [window 0x7f20c65f8630][gui thread] Frame prepared, polish=0 ms, lock=0 ms, blockedForSync=0 ms, animations=0 ms
2026-07-14 17:50:54.546 DEBUG qt.scenegraph.time.renderer: time in renderer: total=0ms, preprocess=0, updates=0, rendering=0
2026-07-14 17:50:54.546 DEBUG qt.scenegraph.time.renderloop: [window 0x7f20c65f8630][render thread 0x7f20c0b174c0] syncAndRender: frame rendered in 0ms, sync=0, render=0, swap=0
2026-07-14 17:50:54.578 DEBUG qt.scenegraph.time.renderloop: [window 0x7f20c65f8630][gui thread] polishAndSync: start, elapsed since last call: 32 ms
2026-07-14 17:50:54.578 DEBUG qt.scenegraph.time.renderloop: [window 0x7f20c65f8630][render thread 0x7f20c0b174c0] syncAndRender: start, elapsed since last call: 32 ms
2026-07-14 17:50:54.578 DEBUG qt.scenegraph.time.renderloop: [window 0x7f20c65f8630][gui thread] Frame prepared, polish=0 ms, lock=0 ms, blockedForSync=0 ms, animations=0 ms
2026-07-14 17:50:54.578 DEBUG qt.scenegraph.time.renderer: time in renderer: total=0ms, preprocess=0, updates=0, rendering=0
2026-07-14 17:50:54.578 DEBUG qt.scenegraph.time.renderloop: [window 0x7f20c65f8630][render thread 0x7f20c0b174c0] syncAndRender: frame rendered in 0ms, sync=0, render=0, swap=0
2026-07-14 17:50:54.580 DEBUG qt.scenegraph.time.renderloop: [window 0x7f20c65f8630][gui thread] polishAndSync: start, elapsed since last call: 2 ms
2026-07-14 17:50:54.580 DEBUG qt.scenegraph.time.renderloop: [window 0x7f20c65f8630][render thread 0x7f20c0b174c0] syncAndRender: start, elapsed since last call: 2 ms
2026-07-14 17:50:54.580 DEBUG qt.scenegraph.time.renderloop: [window 0x7f20c65f8630][gui thread] Frame prepared, polish=0 ms, lock=0 ms, blockedForSync=0 ms, animations=0 ms
2026-07-14 17:50:54.580 DEBUG qt.scenegraph.time.renderer: time in renderer: total=0ms, preprocess=0, updates=0, rendering=0
2026-07-14 17:50:54.581 DEBUG qt.scenegraph.time.renderloop: [window 0x7f20c65f8630][render thread 0x7f20c0b174c0] syncAndRender: frame rendered in 0ms, sync=0, render=0, swap=0
2026-07-14 17:50:54.610 DEBUG qt.scenegraph.time.renderloop: [window 0x7f20c65f8630][gui thread] polishAndSync: start, elapsed since last call: 29 ms
2026-07-14 17:50:54.610 DEBUG qt.scenegraph.time.renderloop: [window 0x7f20c65f8630][render thread 0x7f20c0b174c0] syncAndRender: start, elapsed since last call: 30 ms
2026-07-14 17:50:54.611 DEBUG qt.scenegraph.time.renderloop: [window 0x7f20c65f8630][gui thread] Frame prepared, polish=0 ms, lock=0 ms, blockedForSync=0 ms, animations=0 ms
2026-07-14 17:50:54.611 DEBUG qt.scenegraph.time.renderer: time in renderer: total=0ms, preprocess=0, updates=0, rendering=0
2026-07-14 17:50:54.611 DEBUG qt.scenegraph.time.renderloop: [window 0x7f20c65f8630][render thread 0x7f20c0b174c0] syncAndRender: frame rendered in 0ms, sync=0, render=0, swap=0
2026-07-14 17:50:54.615 DEBUG qt.scenegraph.time.renderloop: [window 0x7f20c65f8630][gui thread] polishAndSync: start, elapsed since last call: 4 ms
2026-07-14 17:50:54.615 DEBUG qt.scenegraph.time.renderloop: [window 0x7f20c65f8630][render thread 0x7f20c0b174c0] syncAndRender: start, elapsed since last call: 4 ms
2026-07-14 17:50:54.615 DEBUG qt.scenegraph.time.renderloop: [window 0x7f20c65f8630][gui thread] Frame prepared, polish=0 ms, lock=0 ms, blockedForSync=0 ms, animations=0 ms
2026-07-14 17:50:54.615 DEBUG qt.scenegraph.time.renderer: time in renderer: total=0ms, preprocess=0, updates=0, rendering=0
2026-07-14 17:50:54.615 DEBUG qt.scenegraph.time.renderloop: [window 0x7f20c65f8630][render thread 0x7f20c0b174c0] syncAndRender: frame rendered in 0ms, sync=0, render=0, swap=0
2026-07-14 17:50:54.643 DEBUG qt.scenegraph.time.renderloop: [window 0x7f20c65f8630][gui thread] polishAndSync: start, elapsed since last call: 28 ms
2026-07-14 17:50:54.643 DEBUG qt.scenegraph.time.renderloop: [window 0x7f20c65f8630][render thread 0x7f20c0b174c0] syncAndRender: start, elapsed since last call: 28 ms
2026-07-14 17:50:54.643 DEBUG qt.scenegraph.time.renderloop: [window 0x7f20c65f8630][gui thread] Frame prepared, polish=0 ms, lock=0 ms, blockedForSync=0 ms, animations=0 ms
2026-07-14 17:50:54.643 DEBUG qt.scenegraph.time.renderer: time in renderer: total=0ms, preprocess=0, updates=0, rendering=0
2026-07-14 17:50:54.643 DEBUG qt.scenegraph.time.renderloop: [window 0x7f20c65f8630][render thread 0x7f20c0b174c0] syncAndRender: frame rendered in 0ms, sync=0, render=0, swap=0
2026-07-14 17:50:54.650 DEBUG qt.scenegraph.time.renderloop: [window 0x7f20c65f8630][gui thread] polishAndSync: start, elapsed since last call: 6 ms
2026-07-14 17:50:54.650 DEBUG qt.scenegraph.time.renderloop: [window 0x7f20c65f8630][render thread 0x7f20c0b174c0] syncAndRender: start, elapsed since last call: 6 ms
2026-07-14 17:50:54.650 DEBUG qt.scenegraph.time.renderloop: [window 0x7f20c65f8630][gui thread] Frame prepared, polish=0 ms, lock=0 ms, blockedForSync=0 ms, animations=0 ms
2026-07-14 17:50:54.650 DEBUG qt.scenegraph.time.renderer: time in renderer: total=0ms, preprocess=0, updates=0, rendering=0
2026-07-14 17:50:54.650 DEBUG qt.scenegraph.time.renderloop: [window 0x7f20c65f8630][render thread 0x7f20c0b174c0] syncAndRender: frame rendered in 0ms, sync=0, render=0, swap=0
2026-07-14 17:50:54.676 DEBUG qt.scenegraph.time.renderloop: [window 0x7f20c65f8630][gui thread] polishAndSync: start, elapsed since last call: 26 ms
2026-07-14 17:50:54.676 DEBUG qt.scenegraph.time.renderloop: [window 0x7f20c65f8630][render thread 0x7f20c0b174c0] syncAndRender: start, elapsed since last call: 26 ms
2026-07-14 17:50:54.676 DEBUG qt.scenegraph.time.renderloop: [window 0x7f20c65f8630][gui thread] Frame prepared, polish=0 ms, lock=0 ms, blockedForSync=0 ms, animations=0 ms
2026-07-14 17:50:54.676 DEBUG qt.scenegraph.time.renderer: time in renderer: total=0ms, preprocess=0, updates=0, rendering=0
2026-07-14 17:50:54.676 DEBUG qt.scenegraph.time.renderloop: [window 0x7f20c65f8630][render thread 0x7f20c0b174c0] syncAndRender: frame rendered in 0ms, sync=0, render=0, swap=0
2026-07-14 17:50:54.677 DEBUG qt.scenegraph.time.renderloop: [window 0x7f20c65f8630][gui thread] polishAndSync: start, elapsed since last call: 1 ms
2026-07-14 17:50:54.678 DEBUG qt.scenegraph.time.renderloop: [window 0x7f20c65f8630][render thread 0x7f20c0b174c0] syncAndRender: start, elapsed since last call: 1 ms
2026-07-14 17:50:54.678 DEBUG qt.scenegraph.time.renderloop: [window 0x7f20c65f8630][gui thread] Frame prepared, polish=0 ms, lock=0 ms, blockedForSync=0 ms, animations=0 ms
2026-07-14 17:50:54.678 DEBUG qt.scenegraph.time.renderer: time in renderer: total=0ms, preprocess=0, updates=0, rendering=0
2026-07-14 17:50:54.678 DEBUG qt.scenegraph.time.renderloop: [window 0x7f20c65f8630][render thread 0x7f20c0b174c0] syncAndRender: frame rendered in 0ms, sync=0, render=0, swap=0
2026-07-14 17:50:54.709 DEBUG qt.scenegraph.time.renderloop: [window 0x7f20c65f8630][gui thread] polishAndSync: start, elapsed since last call: 31 ms
2026-07-14 17:50:54.709 DEBUG qt.scenegraph.time.renderloop: [window 0x7f20c65f8630][render thread 0x7f20c0b174c0] syncAndRender: start, elapsed since last call: 31 ms
2026-07-14 17:50:54.709 DEBUG qt.scenegraph.time.renderloop: [window 0x7f20c65f8630][gui thread] Frame prepared, polish=0 ms, lock=0 ms, blockedForSync=0 ms, animations=0 ms
2026-07-14 17:50:54.709 DEBUG qt.scenegraph.time.renderer: time in renderer: total=0ms, preprocess=0, updates=0, rendering=0
2026-07-14 17:50:54.709 DEBUG qt.scenegraph.time.renderloop: [window 0x7f20c65f8630][render thread 0x7f20c0b174c0] syncAndRender: frame rendered in 0ms, sync=0, render=0, swap=0
2026-07-14 17:50:54.712 DEBUG qt.scenegraph.time.renderloop: [window 0x7f20c65f8630][gui thread] polishAndSync: start, elapsed since last call: 3 ms
2026-07-14 17:50:54.712 DEBUG qt.scenegraph.time.renderloop: [window 0x7f20c65f8630][render thread 0x7f20c0b174c0] syncAndRender: start, elapsed since last call: 3 ms
2026-07-14 17:50:54.712 DEBUG qt.scenegraph.time.renderloop: [window 0x7f20c65f8630][gui thread] Frame prepared, polish=0 ms, lock=0 ms, blockedForSync=0 ms, animations=0 ms
2026-07-14 17:50:54.712 DEBUG qt.scenegraph.time.renderer: time in renderer: total=0ms, preprocess=0, updates=0, rendering=0
2026-07-14 17:50:54.713 DEBUG qt.scenegraph.time.renderloop: [window 0x7f20c65f8630][render thread 0x7f20c0b174c0] syncAndRender: frame rendered in 0ms, sync=0, render=0, swap=0
2026-07-14 17:50:54.742 DEBUG qt.scenegraph.time.renderloop: [window 0x7f20c65f8630][gui thread] polishAndSync: start, elapsed since last call: 30 ms
2026-07-14 17:50:54.743 DEBUG qt.scenegraph.time.renderloop: [window 0x7f20c65f8630][render thread 0x7f20c0b174c0] syncAndRender: start, elapsed since last call: 30 ms
2026-07-14 17:50:54.743 DEBUG qt.scenegraph.time.renderloop: [window 0x7f20c65f8630][gui thread] Frame prepared, polish=0 ms, lock=0 ms, blockedForSync=0 ms, animations=0 ms
2026-07-14 17:50:54.743 DEBUG qt.scenegraph.time.renderer: time in renderer: total=0ms, preprocess=0, updates=0, rendering=0
2026-07-14 17:50:54.743 DEBUG qt.scenegraph.time.renderloop: [window 0x7f20c65f8630][render thread 0x7f20c0b174c0] syncAndRender: frame rendered in 0ms, sync=0, render=0, swap=0
2026-07-14 17:50:54.747 DEBUG qt.scenegraph.time.renderloop: [window 0x7f20c65f8630][gui thread] polishAndSync: start, elapsed since last call: 4 ms
2026-07-14 17:50:54.747 DEBUG qt.scenegraph.time.renderloop: [window 0x7f20c65f8630][render thread 0x7f20c0b174c0] syncAndRender: start, elapsed since last call: 4 ms
2026-07-14 17:50:54.747 DEBUG qt.scenegraph.time.renderloop: [window 0x7f20c65f8630][gui thread] Frame prepared, polish=0 ms, lock=0 ms, blockedForSync=0 ms, animations=0 ms
2026-07-14 17:50:54.747 DEBUG qt.scenegraph.time.renderer: time in renderer: total=0ms, preprocess=0, updates=0, rendering=0
2026-07-14 17:50:54.747 DEBUG qt.scenegraph.time.renderloop: [window 0x7f20c65f8630][render thread 0x7f20c0b174c0] syncAndRender: frame rendered in 0ms, sync=0, render=0, swap=0
2026-07-14 17:50:54.775 DEBUG qt.scenegraph.time.renderloop: [window 0x7f20c65f8630][gui thread] polishAndSync: start, elapsed since last call: 28 ms
2026-07-14 17:50:54.775 DEBUG qt.scenegraph.time.renderloop: [window 0x7f20c65f8630][render thread 0x7f20c0b174c0] syncAndRender: start, elapsed since last call: 28 ms
2026-07-14 17:50:54.775 DEBUG qt.scenegraph.time.renderloop: [window 0x7f20c65f8630][gui thread] Frame prepared, polish=0 ms, lock=0 ms, blockedForSync=0 ms, animations=0 ms
2026-07-14 17:50:54.775 DEBUG qt.scenegraph.time.renderer: time in renderer: total=0ms, preprocess=0, updates=0, rendering=0
2026-07-14 17:50:54.776 DEBUG qt.scenegraph.time.renderloop: [window 0x7f20c65f8630][render thread 0x7f20c0b174c0] syncAndRender: frame rendered in 0ms, sync=0, render=0, swap=0
2026-07-14 17:50:54.782 DEBUG qt.scenegraph.time.renderloop: [window 0x7f20c65f8630][gui thread] polishAndSync: start, elapsed since last call: 6 ms
2026-07-14 17:50:54.782 DEBUG qt.scenegraph.time.renderloop: [window 0x7f20c65f8630][render thread 0x7f20c0b174c0] syncAndRender: start, elapsed since last call: 6 ms
2026-07-14 17:50:54.782 DEBUG qt.scenegraph.time.renderloop: [window 0x7f20c65f8630][gui thread] Frame prepared, polish=0 ms, lock=0 ms, blockedForSync=0 ms, animations=0 ms
2026-07-14 17:50:54.782 DEBUG qt.scenegraph.time.renderer: time in renderer: total=0ms, preprocess=0, updates=0, rendering=0
2026-07-14 17:50:54.782 DEBUG qt.scenegraph.time.renderloop: [window 0x7f20c65f8630][render thread 0x7f20c0b174c0] syncAndRender: frame rendered in 0ms, sync=0, render=0, swap=0
2026-07-14 17:50:54.808 DEBUG qt.scenegraph.time.renderloop: [window 0x7f20c65f8630][gui thread] polishAndSync: start, elapsed since last call: 26 ms
2026-07-14 17:50:54.808 DEBUG qt.scenegraph.time.renderloop: [window 0x7f20c65f8630][render thread 0x7f20c0b174c0] syncAndRender: start, elapsed since last call: 26 ms
2026-07-14 17:50:54.808 DEBUG qt.scenegraph.time.renderloop: [window 0x7f20c65f8630][gui thread] Frame prepared, polish=0 ms, lock=0 ms, blockedForSync=0 ms, animations=0 ms
2026-07-14 17:50:54.808 DEBUG qt.scenegraph.time.renderer: time in renderer: total=0ms, preprocess=0, updates=0, rendering=0
2026-07-14 17:50:54.808 DEBUG qt.scenegraph.time.renderloop: [window 0x7f20c65f8630][render thread 0x7f20c0b174c0] syncAndRender: frame rendered in 0ms, sync=0, render=0, swap=0
2026-07-14 17:50:54.810 DEBUG qt.scenegraph.time.renderloop: [window 0x7f20c65f8630][gui thread] polishAndSync: start, elapsed since last call: 1 ms
2026-07-14 17:50:54.810 DEBUG qt.scenegraph.time.renderloop: [window 0x7f20c65f8630][render thread 0x7f20c0b174c0] syncAndRender: start, elapsed since last call: 1 ms
2026-07-14 17:50:54.810 DEBUG qt.scenegraph.time.renderloop: [window 0x7f20c65f8630][gui thread] Frame prepared, polish=0 ms, lock=0 ms, blockedForSync=0 ms, animations=0 ms
2026-07-14 17:50:54.810 DEBUG qt.scenegraph.time.renderer: time in renderer: total=0ms, preprocess=0, updates=0, rendering=0
2026-07-14 17:50:54.810 DEBUG qt.scenegraph.time.renderloop: [window 0x7f20c65f8630][render thread 0x7f20c0b174c0] syncAndRender: frame rendered in 0ms, sync=0, render=0, swap=0
2026-07-14 17:50:54.841 DEBUG qt.scenegraph.time.renderloop: [window 0x7f20c65f8630][gui thread] polishAndSync: start, elapsed since last call: 31 ms
2026-07-14 17:50:54.841 DEBUG qt.scenegraph.time.renderloop: [window 0x7f20c65f8630][render thread 0x7f20c0b174c0] syncAndRender: start, elapsed since last call: 31 ms
2026-07-14 17:50:54.841 DEBUG qt.scenegraph.time.renderloop: [window 0x7f20c65f8630][gui thread] Frame prepared, polish=0 ms, lock=0 ms, blockedForSync=0 ms, animations=0 ms
2026-07-14 17:50:54.841 DEBUG qt.scenegraph.time.renderer: time in renderer: total=0ms, preprocess=0, updates=0, rendering=0
2026-07-14 17:50:54.841 DEBUG qt.scenegraph.time.renderloop: [window 0x7f20c65f8630][render thread 0x7f20c0b174c0] syncAndRender: frame rendered in 0ms, sync=0, render=0, swap=0
2026-07-14 17:50:54.844 DEBUG qt.scenegraph.time.renderloop: [window 0x7f20c65f8630][gui thread] polishAndSync: start, elapsed since last call: 3 ms
2026-07-14 17:50:54.844 DEBUG qt.scenegraph.time.renderloop: [window 0x7f20c65f8630][render thread 0x7f20c0b174c0] syncAndRender: start, elapsed since last call: 3 ms
2026-07-14 17:50:54.844 DEBUG qt.scenegraph.time.renderloop: [window 0x7f20c65f8630][gui thread] Frame prepared, polish=0 ms, lock=0 ms, blockedForSync=0 ms, animations=0 ms
2026-07-14 17:50:54.844 DEBUG qt.scenegraph.time.renderer: time in renderer: total=0ms, preprocess=0, updates=0, rendering=0
2026-07-14 17:50:54.845 DEBUG qt.scenegraph.time.renderloop: [window 0x7f20c65f8630][render thread 0x7f20c0b174c0] syncAndRender: frame rendered in 0ms, sync=0, render=0, swap=0
2026-07-14 17:50:54.874 DEBUG qt.scenegraph.time.renderloop: [window 0x7f20c65f8630][gui thread] polishAndSync: start, elapsed since last call: 30 ms
2026-07-14 17:50:54.875 DEBUG qt.scenegraph.time.renderloop: [window 0x7f20c65f8630][render thread 0x7f20c0b174c0] syncAndRender: start, elapsed since last call: 30 ms
2026-07-14 17:50:54.875 DEBUG qt.scenegraph.time.renderloop: [window 0x7f20c65f8630][gui thread] Frame prepared, polish=0 ms, lock=0 ms, blockedForSync=0 ms, animations=0 ms
2026-07-14 17:50:54.875 DEBUG qt.scenegraph.time.renderer: time in renderer: total=0ms, preprocess=0, updates=0, rendering=0
2026-07-14 17:50:54.875 DEBUG qt.scenegraph.time.renderloop: [window 0x7f20c65f8630][render thread 0x7f20c0b174c0] syncAndRender: frame rendered in 0ms, sync=0, render=0, swap=0
2026-07-14 17:50:54.879 DEBUG qt.scenegraph.time.renderloop: [window 0x7f20c65f8630][gui thread] polishAndSync: start, elapsed since last call: 4 ms
2026-07-14 17:50:54.879 DEBUG qt.scenegraph.time.renderloop: [window 0x7f20c65f8630][render thread 0x7f20c0b174c0] syncAndRender: start, elapsed since last call: 4 ms
2026-07-14 17:50:54.879 DEBUG qt.scenegraph.time.renderloop: [window 0x7f20c65f8630][gui thread] Frame prepared, polish=0 ms, lock=0 ms, blockedForSync=0 ms, animations=0 ms
2026-07-14 17:50:54.879 DEBUG qt.scenegraph.time.renderer: time in renderer: total=0ms, preprocess=0, updates=0, rendering=0
2026-07-14 17:50:54.879 DEBUG qt.scenegraph.time.renderloop: [window 0x7f20c65f8630][render thread 0x7f20c0b174c0] syncAndRender: frame rendered in 0ms, sync=0, render=0, swap=0
2026-07-14 17:50:54.907 DEBUG qt.scenegraph.time.renderloop: [window 0x7f20c65f8630][gui thread] polishAndSync: start, elapsed since last call: 28 ms
2026-07-14 17:50:54.907 DEBUG qt.scenegraph.time.renderloop: [window 0x7f20c65f8630][render thread 0x7f20c0b174c0] syncAndRender: start, elapsed since last call: 28 ms
2026-07-14 17:50:54.907 DEBUG qt.scenegraph.time.renderloop: [window 0x7f20c65f8630][gui thread] Frame prepared, polish=0 ms, lock=0 ms, blockedForSync=0 ms, animations=0 ms
2026-07-14 17:50:54.907 DEBUG qt.scenegraph.time.renderer: time in renderer: total=0ms, preprocess=0, updates=0, rendering=0
2026-07-14 17:50:54.908 DEBUG qt.scenegraph.time.renderloop: [window 0x7f20c65f8630][render thread 0x7f20c0b174c0] syncAndRender: frame rendered in 0ms, sync=0, render=0, swap=0
2026-07-14 17:50:54.914 DEBUG qt.scenegraph.time.renderloop: [window 0x7f20c65f8630][gui thread] polishAndSync: start, elapsed since last call: 6 ms
2026-07-14 17:50:54.914 DEBUG qt.scenegraph.time.renderloop: [window 0x7f20c65f8630][render thread 0x7f20c0b174c0] syncAndRender: start, elapsed since last call: 6 ms
2026-07-14 17:50:54.914 DEBUG qt.scenegraph.time.renderloop: [window 0x7f20c65f8630][gui thread] Frame prepared, polish=0 ms, lock=0 ms, blockedForSync=0 ms, animations=0 ms
2026-07-14 17:50:54.914 DEBUG qt.scenegraph.time.renderer: time in renderer: total=0ms, preprocess=0, updates=0, rendering=0
2026-07-14 17:50:54.914 DEBUG qt.scenegraph.time.renderloop: [window 0x7f20c65f8630][render thread 0x7f20c0b174c0] syncAndRender: frame rendered in 0ms, sync=0, render=0, swap=0
2026-07-14 17:50:54.940 DEBUG qt.scenegraph.time.renderloop: [window 0x7f20c65f8630][gui thread] polishAndSync: start, elapsed since last call: 26 ms
2026-07-14 17:50:54.940 DEBUG qt.scenegraph.time.renderloop: [window 0x7f20c65f8630][render thread 0x7f20c0b174c0] syncAndRender: start, elapsed since last call: 26 ms
2026-07-14 17:50:54.940 DEBUG qt.scenegraph.time.renderloop: [window 0x7f20c65f8630][gui thread] Frame prepared, polish=0 ms, lock=0 ms, blockedForSync=0 ms, animations=0 ms
2026-07-14 17:50:54.940 DEBUG qt.scenegraph.time.renderer: time in renderer: total=0ms, preprocess=0, updates=0, rendering=0
2026-07-14 17:50:54.940 DEBUG qt.scenegraph.time.renderloop: [window 0x7f20c65f8630][render thread 0x7f20c0b174c0] syncAndRender: frame rendered in 0ms, sync=0, render=0, swap=0
2026-07-14 17:50:54.942 DEBUG qt.scenegraph.time.renderloop: [window 0x7f20c65f8630][gui thread] polishAndSync: start, elapsed since last call: 1 ms
2026-07-14 17:50:54.942 DEBUG qt.scenegraph.time.renderloop: [window 0x7f20c65f8630][render thread 0x7f20c0b174c0] syncAndRender: start, elapsed since last call: 1 ms
2026-07-14 17:50:54.942 DEBUG qt.scenegraph.time.renderloop: [window 0x7f20c65f8630][gui thread] Frame prepared, polish=0 ms, lock=0 ms, blockedForSync=0 ms, animations=0 ms
2026-07-14 17:50:54.942 DEBUG qt.scenegraph.time.renderer: time in renderer: total=0ms, preprocess=0, updates=0, rendering=0
2026-07-14 17:50:54.942 DEBUG qt.scenegraph.time.renderloop: [window 0x7f20c65f8630][render thread 0x7f20c0b174c0] syncAndRender: frame rendered in 0ms, sync=0, render=0, swap=0
2026-07-14 17:50:54.973 DEBUG qt.scenegraph.time.renderloop: [window 0x7f20c65f8630][gui thread] polishAndSync: start, elapsed since last call: 31 ms
2026-07-14 17:50:54.973 DEBUG qt.scenegraph.time.renderloop: [window 0x7f20c65f8630][render thread 0x7f20c0b174c0] syncAndRender: start, elapsed since last call: 31 ms
2026-07-14 17:50:54.973 DEBUG qt.scenegraph.time.renderloop: [window 0x7f20c65f8630][gui thread] Frame prepared, polish=0 ms, lock=0 ms, blockedForSync=0 ms, animations=0 ms
2026-07-14 17:50:54.973 DEBUG qt.scenegraph.time.renderer: time in renderer: total=0ms, preprocess=0, updates=0, rendering=0
2026-07-14 17:50:54.973 DEBUG qt.scenegraph.time.renderloop: [window 0x7f20c65f8630][render thread 0x7f20c0b174c0] syncAndRender: frame rendered in 0ms, sync=0, render=0, swap=0
2026-07-14 17:50:54.976 DEBUG qt.scenegraph.time.renderloop: [window 0x7f20c65f8630][gui thread] polishAndSync: start, elapsed since last call: 3 ms
2026-07-14 17:50:54.976 DEBUG qt.scenegraph.time.renderloop: [window 0x7f20c65f8630][render thread 0x7f20c0b174c0] syncAndRender: start, elapsed since last call: 3 ms
2026-07-14 17:50:54.976 DEBUG qt.scenegraph.time.renderloop: [window 0x7f20c65f8630][gui thread] Frame prepared, polish=0 ms, lock=0 ms, blockedForSync=0 ms, animations=0 ms
2026-07-14 17:50:54.976 DEBUG qt.scenegraph.time.renderer: time in renderer: total=0ms, preprocess=0, updates=0, rendering=0
2026-07-14 17:50:54.977 DEBUG qt.scenegraph.time.renderloop: [window 0x7f20c65f8630][render thread 0x7f20c0b174c0] syncAndRender: frame rendered in 0ms, sync=0, render=0, swap=0
2026-07-14 17:50:55.006 DEBUG qt.scenegraph.time.renderloop: [window 0x7f20c65f8630][gui thread] polishAndSync: start, elapsed since last call: 30 ms
2026-07-14 17:50:55.007 DEBUG qt.scenegraph.time.renderloop: [window 0x7f20c65f8630][render thread 0x7f20c0b174c0] syncAndRender: start, elapsed since last call: 30 ms
2026-07-14 17:50:55.007 DEBUG qt.scenegraph.time.renderloop: [window 0x7f20c65f8630][gui thread] Frame prepared, polish=0 ms, lock=0 ms, blockedForSync=0 ms, animations=0 ms
2026-07-14 17:50:55.007 DEBUG qt.scenegraph.time.renderer: time in renderer: total=0ms, preprocess=0, updates=0, rendering=0
2026-07-14 17:50:55.007 DEBUG qt.scenegraph.time.renderloop: [window 0x7f20c65f8630][render thread 0x7f20c0b174c0] syncAndRender: frame rendered in 0ms, sync=0, render=0, swap=0
2026-07-14 17:50:55.011 DEBUG qt.scenegraph.time.renderloop: [window 0x7f20c65f8630][gui thread] polishAndSync: start, elapsed since last call: 4 ms
2026-07-14 17:50:55.011 DEBUG qt.scenegraph.time.renderloop: [window 0x7f20c65f8630][render thread 0x7f20c0b174c0] syncAndRender: start, elapsed since last call: 4 ms
2026-07-14 17:50:55.011 DEBUG qt.scenegraph.time.renderloop: [window 0x7f20c65f8630][gui thread] Frame prepared, polish=0 ms, lock=0 ms, blockedForSync=0 ms, animations=0 ms
2026-07-14 17:50:55.011 DEBUG qt.scenegraph.time.renderer: time in renderer: total=0ms, preprocess=0, updates=0, rendering=0
2026-07-14 17:50:55.011 DEBUG qt.scenegraph.time.renderloop: [window 0x7f20c65f8630][render thread 0x7f20c0b174c0] syncAndRender: frame rendered in 0ms, sync=0, render=0, swap=0
2026-07-14 17:50:55.040 DEBUG qt.scenegraph.time.renderloop: [window 0x7f20c65f8630][gui thread] polishAndSync: start, elapsed since last call: 28 ms
2026-07-14 17:50:55.040 DEBUG qt.scenegraph.time.renderloop: [window 0x7f20c65f8630][render thread 0x7f20c0b174c0] syncAndRender: start, elapsed since last call: 28 ms
2026-07-14 17:50:55.040 DEBUG qt.scenegraph.time.renderloop: [window 0x7f20c65f8630][gui thread] Frame prepared, polish=0 ms, lock=0 ms, blockedForSync=0 ms, animations=0 ms
2026-07-14 17:50:55.040 DEBUG qt.scenegraph.time.renderer: time in renderer: total=0ms, preprocess=0, updates=0, rendering=0
2026-07-14 17:50:55.040 DEBUG qt.scenegraph.time.renderloop: [window 0x7f20c65f8630][render thread 0x7f20c0b174c0] syncAndRender: frame rendered in 0ms, sync=0, render=0, swap=0
2026-07-14 17:50:55.046 DEBUG qt.scenegraph.time.renderloop: [window 0x7f20c65f8630][gui thread] polishAndSync: start, elapsed since last call: 6 ms
2026-07-14 17:50:55.046 DEBUG qt.scenegraph.time.renderloop: [window 0x7f20c65f8630][render thread 0x7f20c0b174c0] syncAndRender: start, elapsed since last call: 6 ms
2026-07-14 17:50:55.046 DEBUG qt.scenegraph.time.renderloop: [window 0x7f20c65f8630][gui thread] Frame prepared, polish=0 ms, lock=0 ms, blockedForSync=0 ms, animations=0 ms
2026-07-14 17:50:55.046 DEBUG qt.scenegraph.time.texture: atlastexture upload enqueued in: -9223363144069ms (16x16)
2026-07-14 17:50:55.046 DEBUG qt.scenegraph.time.texture: atlastexture upload enqueued in: -9223363144069ms (36x14)
2026-07-14 17:50:55.046 DEBUG qt.scenegraph.time.renderer: time in renderer: total=0ms, preprocess=0, updates=0, rendering=0
2026-07-14 17:50:55.046 DEBUG qt.scenegraph.time.renderloop: [window 0x7f20c65f8630][render thread 0x7f20c0b174c0] syncAndRender: frame rendered in 0ms, sync=0, render=0, swap=0
2026-07-14 17:50:55.053 DEBUG qt.scenegraph.time.renderloop: [window 0x7f20c65f8630][gui thread] polishAndSync: start, elapsed since last call: 6 ms
2026-07-14 17:50:55.053 DEBUG qt.scenegraph.time.renderloop: [window 0x7f20c65f8630][render thread 0x7f20c0b174c0] syncAndRender: start, elapsed since last call: 6 ms
2026-07-14 17:50:55.053 DEBUG qt.scenegraph.time.renderloop: [window 0x7f20c65f8630][gui thread] Frame prepared, polish=0 ms, lock=0 ms, blockedForSync=0 ms, animations=0 ms
2026-07-14 17:50:55.053 DEBUG qt.scenegraph.time.texture: atlastexture upload enqueued in: -9223363144062ms (36x14)
2026-07-14 17:50:55.053 DEBUG qt.scenegraph.time.renderer: time in renderer: total=0ms, preprocess=0, updates=0, rendering=0
2026-07-14 17:50:55.053 DEBUG qt.scenegraph.time.renderloop: [window 0x7f20c65f8630][render thread 0x7f20c0b174c0] syncAndRender: frame rendered in 0ms, sync=0, render=0, swap=0
2026-07-14 17:50:55.072 DEBUG qt.scenegraph.time.renderloop: [window 0x7f20c65f8630][gui thread] polishAndSync: start, elapsed since last call: 19 ms
2026-07-14 17:50:55.072 DEBUG qt.scenegraph.time.renderloop: [window 0x7f20c65f8630][render thread 0x7f20c0b174c0] syncAndRender: start, elapsed since last call: 19 ms
2026-07-14 17:50:55.072 DEBUG qt.scenegraph.time.renderloop: [window 0x7f20c65f8630][gui thread] Frame prepared, polish=0 ms, lock=0 ms, blockedForSync=0 ms, animations=0 ms
2026-07-14 17:50:55.072 DEBUG qt.scenegraph.time.renderer: time in renderer: total=0ms, preprocess=0, updates=0, rendering=0
2026-07-14 17:50:55.072 DEBUG qt.scenegraph.time.renderloop: [window 0x7f20c65f8630][render thread 0x7f20c0b174c0] syncAndRender: frame rendered in 0ms, sync=0, render=0, swap=0
2026-07-14 17:50:55.074 DEBUG qt.scenegraph.time.renderloop: [window 0x7f20c65f8630][gui thread] polishAndSync: start, elapsed since last call: 1 ms
2026-07-14 17:50:55.074 DEBUG qt.scenegraph.time.renderloop: [window 0x7f20c65f8630][render thread 0x7f20c0b174c0] syncAndRender: start, elapsed since last call: 1 ms
2026-07-14 17:50:55.074 DEBUG qt.scenegraph.time.renderloop: [window 0x7f20c65f8630][gui thread] Frame prepared, polish=0 ms, lock=0 ms, blockedForSync=0 ms, animations=0 ms
2026-07-14 17:50:55.074 DEBUG qt.scenegraph.time.renderer: time in renderer: total=0ms, preprocess=0, updates=0, rendering=0
2026-07-14 17:50:55.074 DEBUG qt.scenegraph.time.renderloop: [window 0x7f20c65f8630][render thread 0x7f20c0b174c0] syncAndRender: frame rendered in 0ms, sync=0, render=0, swap=0
2026-07-14 17:50:55.105 DEBUG qt.scenegraph.time.renderloop: [window 0x7f20c65f8630][gui thread] polishAndSync: start, elapsed since last call: 31 ms
2026-07-14 17:50:55.105 DEBUG qt.scenegraph.time.renderloop: [window 0x7f20c65f8630][render thread 0x7f20c0b174c0] syncAndRender: start, elapsed since last call: 31 ms
2026-07-14 17:50:55.105 DEBUG qt.scenegraph.time.renderloop: [window 0x7f20c65f8630][gui thread] Frame prepared, polish=0 ms, lock=0 ms, blockedForSync=0 ms, animations=0 ms
2026-07-14 17:50:55.105 DEBUG qt.scenegraph.time.renderer: time in renderer: total=0ms, preprocess=0, updates=0, rendering=0
2026-07-14 17:50:55.106 DEBUG qt.scenegraph.time.renderloop: [window 0x7f20c65f8630][render thread 0x7f20c0b174c0] syncAndRender: frame rendered in 0ms, sync=0, render=0, swap=0
2026-07-14 17:50:55.109 DEBUG qt.scenegraph.time.renderloop: [window 0x7f20c65f8630][gui thread] polishAndSync: start, elapsed since last call: 3 ms
2026-07-14 17:50:55.109 DEBUG qt.scenegraph.time.renderloop: [window 0x7f20c65f8630][render thread 0x7f20c0b174c0] syncAndRender: start, elapsed since last call: 3 ms
2026-07-14 17:50:55.109 DEBUG qt.scenegraph.time.renderloop: [window 0x7f20c65f8630][gui thread] Frame prepared, polish=0 ms, lock=0 ms, blockedForSync=0 ms, animations=0 ms
2026-07-14 17:50:55.109 DEBUG qt.scenegraph.time.renderer: time in renderer: total=0ms, preprocess=0, updates=0, rendering=0
2026-07-14 17:50:55.109 DEBUG qt.scenegraph.time.renderloop: [window 0x7f20c65f8630][render thread 0x7f20c0b174c0] syncAndRender: frame rendered in 0ms, sync=0, render=0, swap=0
2026-07-14 17:50:55.139 DEBUG qt.scenegraph.time.renderloop: [window 0x7f20c65f8630][gui thread] polishAndSync: start, elapsed since last call: 30 ms
2026-07-14 17:50:55.139 DEBUG qt.scenegraph.time.renderloop: [window 0x7f20c65f8630][render thread 0x7f20c0b174c0] syncAndRender: start, elapsed since last call: 30 ms
2026-07-14 17:50:55.139 DEBUG qt.scenegraph.time.renderloop: [window 0x7f20c65f8630][gui thread] Frame prepared, polish=0 ms, lock=0 ms, blockedForSync=0 ms, animations=0 ms
2026-07-14 17:50:55.139 DEBUG qt.scenegraph.time.renderer: time in renderer: total=0ms, preprocess=0, updates=0, rendering=0
2026-07-14 17:50:55.139 DEBUG qt.scenegraph.time.renderloop: [window 0x7f20c65f8630][render thread 0x7f20c0b174c0] syncAndRender: frame rendered in 0ms, sync=0, render=0, swap=0
2026-07-14 17:50:55.140 DEBUG qt.scenegraph.time.renderloop: [window 0x7f20c65f8630][gui thread] polishAndSync: start, elapsed since last call: 1 ms
2026-07-14 17:50:55.140 DEBUG qt.scenegraph.time.renderloop: [window 0x7f20c65f8630][render thread 0x7f20c0b174c0] syncAndRender: start, elapsed since last call: 0 ms
2026-07-14 17:50:55.140 DEBUG qt.scenegraph.time.renderloop: [window 0x7f20c65f8630][gui thread] Frame prepared, polish=0 ms, lock=0 ms, blockedForSync=0 ms, animations=0 ms
2026-07-14 17:50:55.140 DEBUG qt.scenegraph.time.renderer: time in renderer: total=0ms, preprocess=0, updates=0, rendering=0
2026-07-14 17:50:55.140 DEBUG qt.scenegraph.time.renderloop: [window 0x7f20c65f8630][render thread 0x7f20c0b174c0] syncAndRender: frame rendered in 0ms, sync=0, render=0, swap=0
2026-07-14 17:50:55.172 DEBUG qt.scenegraph.time.renderloop: [window 0x7f20c65f8630][gui thread] polishAndSync: start, elapsed since last call: 31 ms
2026-07-14 17:50:55.172 DEBUG qt.scenegraph.time.renderloop: [window 0x7f20c65f8630][render thread 0x7f20c0b174c0] syncAndRender: start, elapsed since last call: 32 ms
2026-07-14 17:50:55.172 DEBUG qt.scenegraph.time.renderloop: [window 0x7f20c65f8630][gui thread] Frame prepared, polish=0 ms, lock=0 ms, blockedForSync=0 ms, animations=0 ms
2026-07-14 17:50:55.172 DEBUG qt.scenegraph.time.renderer: time in renderer: total=0ms, preprocess=0, updates=0, rendering=0
2026-07-14 17:50:55.172 DEBUG qt.scenegraph.time.renderloop: [window 0x7f20c65f8630][render thread 0x7f20c0b174c0] syncAndRender: frame rendered in 0ms, sync=0, render=0, swap=0
2026-07-14 17:50:55.173 DEBUG qt.scenegraph.time.renderloop: [window 0x7f20c65f8630][gui thread] polishAndSync: start, elapsed since last call: 1 ms
2026-07-14 17:50:55.173 DEBUG qt.scenegraph.time.renderloop: [window 0x7f20c65f8630][render thread 0x7f20c0b174c0] syncAndRender: start, elapsed since last call: 1 ms
2026-07-14 17:50:55.173 DEBUG qt.scenegraph.time.renderloop: [window 0x7f20c65f8630][gui thread] Frame prepared, polish=0 ms, lock=0 ms, blockedForSync=0 ms, animations=0 ms
2026-07-14 17:50:55.173 DEBUG qt.scenegraph.time.renderer: time in renderer: total=0ms, preprocess=0, updates=0, rendering=0
2026-07-14 17:50:55.173 DEBUG qt.scenegraph.time.renderloop: [window 0x7f20c65f8630][render thread 0x7f20c0b174c0] syncAndRender: frame rendered in 0ms, sync=0, render=0, swap=0
2026-07-14 17:50:55.204 DEBUG qt.scenegraph.time.renderloop: [window 0x7f20c65f8630][gui thread] polishAndSync: start, elapsed since last call: 31 ms
2026-07-14 17:50:55.204 DEBUG qt.scenegraph.time.renderloop: [window 0x7f20c65f8630][render thread 0x7f20c0b174c0] syncAndRender: start, elapsed since last call: 31 ms
2026-07-14 17:50:55.204 DEBUG qt.scenegraph.time.renderloop: [window 0x7f20c65f8630][gui thread] Frame prepared, polish=0 ms, lock=0 ms, blockedForSync=0 ms, animations=0 ms
2026-07-14 17:50:55.205 DEBUG qt.scenegraph.time.renderer: time in renderer: total=0ms, preprocess=0, updates=0, rendering=0
2026-07-14 17:50:55.205 DEBUG qt.scenegraph.time.renderloop: [window 0x7f20c65f8630][render thread 0x7f20c0b174c0] syncAndRender: frame rendered in 0ms, sync=0, render=0, swap=0
2026-07-14 17:50:55.205 DEBUG qt.scenegraph.time.renderloop: [window 0x7f20c65f8630][gui thread] polishAndSync: start, elapsed since last call: 1 ms
2026-07-14 17:50:55.205 DEBUG qt.scenegraph.time.renderloop: [window 0x7f20c65f8630][render thread 0x7f20c0b174c0] syncAndRender: start, elapsed since last call: 0 ms
2026-07-14 17:50:55.205 DEBUG qt.scenegraph.time.renderloop: [window 0x7f20c65f8630][gui thread] Frame prepared, polish=0 ms, lock=0 ms, blockedForSync=0 ms, animations=0 ms
2026-07-14 17:50:55.205 DEBUG qt.scenegraph.time.renderer: time in renderer: total=0ms, preprocess=0, updates=0, rendering=0
2026-07-14 17:50:55.206 DEBUG qt.scenegraph.time.renderloop: [window 0x7f20c65f8630][render thread 0x7f20c0b174c0] syncAndRender: frame rendered in 0ms, sync=0, render=0, swap=0
2026-07-14 17:50:55.237 DEBUG qt.scenegraph.time.renderloop: [window 0x7f20c65f8630][gui thread] polishAndSync: start, elapsed since last call: 31 ms
2026-07-14 17:50:55.237 DEBUG qt.scenegraph.time.renderloop: [window 0x7f20c65f8630][render thread 0x7f20c0b174c0] syncAndRender: start, elapsed since last call: 31 ms
2026-07-14 17:50:55.237 DEBUG qt.scenegraph.time.renderloop: [window 0x7f20c65f8630][gui thread] Frame prepared, polish=0 ms, lock=0 ms, blockedForSync=0 ms, animations=0 ms
2026-07-14 17:50:55.237 DEBUG qt.scenegraph.time.renderer: time in renderer: total=0ms, preprocess=0, updates=0, rendering=0
2026-07-14 17:50:55.237 DEBUG qt.scenegraph.time.renderloop: [window 0x7f20c65f8630][render thread 0x7f20c0b174c0] syncAndRender: frame rendered in 0ms, sync=0, render=0, swap=0
2026-07-14 17:50:55.238 DEBUG qt.scenegraph.time.renderloop: [window 0x7f20c65f8630][gui thread] polishAndSync: start, elapsed since last call: 0 ms
2026-07-14 17:50:55.238 DEBUG qt.scenegraph.time.renderloop: [window 0x7f20c65f8630][render thread 0x7f20c0b174c0] syncAndRender: start, elapsed since last call: 0 ms
2026-07-14 17:50:55.238 DEBUG qt.scenegraph.time.renderloop: [window 0x7f20c65f8630][gui thread] Frame prepared, polish=0 ms, lock=0 ms, blockedForSync=0 ms, animations=0 ms
2026-07-14 17:50:55.238 DEBUG qt.scenegraph.time.renderer: time in renderer: total=0ms, preprocess=0, updates=0, rendering=0
2026-07-14 17:50:55.238 DEBUG qt.scenegraph.time.renderloop: [window 0x7f20c65f8630][render thread 0x7f20c0b174c0] syncAndRender: frame rendered in 0ms, sync=0, render=0, swap=0
2026-07-14 17:50:55.270 DEBUG qt.scenegraph.time.renderloop: [window 0x7f20c65f8630][gui thread] polishAndSync: start, elapsed since last call: 31 ms
2026-07-14 17:50:55.270 DEBUG qt.scenegraph.time.renderloop: [window 0x7f20c65f8630][render thread 0x7f20c0b174c0] syncAndRender: start, elapsed since last call: 31 ms
2026-07-14 17:50:55.270 DEBUG qt.scenegraph.time.renderloop: [window 0x7f20c65f8630][gui thread] Frame prepared, polish=0 ms, lock=0 ms, blockedForSync=0 ms, animations=0 ms
2026-07-14 17:50:55.270 DEBUG qt.scenegraph.time.renderer: time in renderer: total=0ms, preprocess=0, updates=0, rendering=0
2026-07-14 17:50:55.270 DEBUG qt.scenegraph.time.renderloop: [window 0x7f20c65f8630][render thread 0x7f20c0b174c0] syncAndRender: frame rendered in 0ms, sync=0, render=0, swap=0
2026-07-14 17:50:55.270 DEBUG qt.scenegraph.time.renderloop: [window 0x7f20c65f8630][gui thread] polishAndSync: start, elapsed since last call: 0 ms
2026-07-14 17:50:55.270 DEBUG qt.scenegraph.time.renderloop: [window 0x7f20c65f8630][render thread 0x7f20c0b174c0] syncAndRender: start, elapsed since last call: 0 ms
2026-07-14 17:50:55.270 DEBUG qt.scenegraph.time.renderloop: [window 0x7f20c65f8630][gui thread] Frame prepared, polish=0 ms, lock=0 ms, blockedForSync=0 ms, animations=0 ms
2026-07-14 17:50:55.270 DEBUG qt.scenegraph.time.renderer: time in renderer: total=0ms, preprocess=0, updates=0, rendering=0
2026-07-14 17:50:55.271 DEBUG qt.scenegraph.time.renderloop: [window 0x7f20c65f8630][render thread 0x7f20c0b174c0] syncAndRender: frame rendered in 0ms, sync=0, render=0, swap=0
2026-07-14 17:50:55.303 DEBUG qt.scenegraph.time.renderloop: [window 0x7f20c65f8630][gui thread] polishAndSync: start, elapsed since last call: 32 ms
2026-07-14 17:50:55.304 DEBUG qt.scenegraph.time.renderloop: [window 0x7f20c65f8630][render thread 0x7f20c0b174c0] syncAndRender: start, elapsed since last call: 33 ms
2026-07-14 17:50:55.304 DEBUG qt.scenegraph.time.renderloop: [window 0x7f20c65f8630][gui thread] Frame prepared, polish=0 ms, lock=0 ms, blockedForSync=0 ms, animations=0 ms
2026-07-14 17:50:55.304 DEBUG qt.scenegraph.time.renderer: time in renderer: total=0ms, preprocess=0, updates=0, rendering=0
2026-07-14 17:50:55.304 DEBUG qt.scenegraph.time.renderloop: [window 0x7f20c65f8630][render thread 0x7f20c0b174c0] syncAndRender: frame rendered in 0ms, sync=0, render=0, swap=0
2026-07-14 17:50:55.304 DEBUG qt.scenegraph.time.renderloop: [window 0x7f20c65f8630][gui thread] polishAndSync: start, elapsed since last call: 0 ms
2026-07-14 17:50:55.304 DEBUG qt.scenegraph.time.renderloop: [window 0x7f20c65f8630][render thread 0x7f20c0b174c0] syncAndRender: start, elapsed since last call: 0 ms
2026-07-14 17:50:55.304 DEBUG qt.scenegraph.time.renderloop: [window 0x7f20c65f8630][gui thread] Frame prepared, polish=0 ms, lock=0 ms, blockedForSync=0 ms, animations=0 ms
2026-07-14 17:50:55.304 DEBUG qt.scenegraph.time.renderer: time in renderer: total=0ms, preprocess=0, updates=0, rendering=0
2026-07-14 17:50:55.305 DEBUG qt.scenegraph.time.renderloop: [window 0x7f20c65f8630][render thread 0x7f20c0b174c0] syncAndRender: frame rendered in 0ms, sync=0, render=0, swap=0
2026-07-14 17:50:55.336 DEBUG qt.scenegraph.time.renderloop: [window 0x7f20c65f8630][gui thread] polishAndSync: start, elapsed since last call: 31 ms
2026-07-14 17:50:55.336 DEBUG qt.scenegraph.time.renderloop: [window 0x7f20c65f8630][render thread 0x7f20c0b174c0] syncAndRender: start, elapsed since last call: 31 ms
2026-07-14 17:50:55.336 DEBUG qt.scenegraph.time.renderloop: [window 0x7f20c65f8630][gui thread] Frame prepared, polish=0 ms, lock=0 ms, blockedForSync=0 ms, animations=0 ms
2026-07-14 17:50:55.336 DEBUG qt.scenegraph.time.renderer: time in renderer: total=0ms, preprocess=0, updates=0, rendering=0
2026-07-14 17:50:55.336 DEBUG qt.scenegraph.time.renderloop: [window 0x7f20c65f8630][render thread 0x7f20c0b174c0] syncAndRender: frame rendered in 0ms, sync=0, render=0, swap=0
2026-07-14 17:50:55.337 DEBUG qt.scenegraph.time.renderloop: [window 0x7f20c65f8630][gui thread] polishAndSync: start, elapsed since last call: 0 ms
2026-07-14 17:50:55.337 DEBUG qt.scenegraph.time.renderloop: [window 0x7f20c65f8630][render thread 0x7f20c0b174c0] syncAndRender: start, elapsed since last call: 0 ms
2026-07-14 17:50:55.337 DEBUG qt.scenegraph.time.renderloop: [window 0x7f20c65f8630][gui thread] Frame prepared, polish=0 ms, lock=0 ms, blockedForSync=0 ms, animations=0 ms
2026-07-14 17:50:55.337 DEBUG qt.scenegraph.time.renderer: time in renderer: total=0ms, preprocess=0, updates=0, rendering=0
2026-07-14 17:50:55.337 DEBUG qt.scenegraph.time.renderloop: [window 0x7f20c65f8630][render thread 0x7f20c0b174c0] syncAndRender: frame rendered in 0ms, sync=0, render=0, swap=0
2026-07-14 17:50:55.369 DEBUG qt.scenegraph.time.renderloop: [window 0x7f20c65f8630][gui thread] polishAndSync: start, elapsed since last call: 32 ms
2026-07-14 17:50:55.369 DEBUG qt.scenegraph.time.renderloop: [window 0x7f20c65f8630][render thread 0x7f20c0b174c0] syncAndRender: start, elapsed since last call: 32 ms
2026-07-14 17:50:55.369 DEBUG qt.scenegraph.time.renderloop: [window 0x7f20c65f8630][gui thread] Frame prepared, polish=0 ms, lock=0 ms, blockedForSync=0 ms, animations=0 ms
2026-07-14 17:50:55.369 DEBUG qt.scenegraph.time.renderer: time in renderer: total=0ms, preprocess=0, updates=0, rendering=0
2026-07-14 17:50:55.369 DEBUG qt.scenegraph.time.renderloop: [window 0x7f20c65f8630][render thread 0x7f20c0b174c0] syncAndRender: frame rendered in 0ms, sync=0, render=0, swap=0
2026-07-14 17:50:55.370 DEBUG qt.scenegraph.time.renderloop: [window 0x7f20c65f8630][gui thread] polishAndSync: start, elapsed since last call: 0 ms
2026-07-14 17:50:55.370 DEBUG qt.scenegraph.time.renderloop: [window 0x7f20c65f8630][render thread 0x7f20c0b174c0] syncAndRender: start, elapsed since last call: 0 ms
2026-07-14 17:50:55.370 DEBUG qt.scenegraph.time.renderloop: [window 0x7f20c65f8630][gui thread] Frame prepared, polish=0 ms, lock=0 ms, blockedForSync=0 ms, animations=0 ms
2026-07-14 17:50:55.370 DEBUG qt.scenegraph.time.renderer: time in renderer: total=0ms, preprocess=0, updates=0, rendering=0
2026-07-14 17:50:55.370 DEBUG qt.scenegraph.time.renderloop: [window 0x7f20c65f8630][render thread 0x7f20c0b174c0] syncAndRender: frame rendered in 0ms, sync=0, render=0, swap=0
2026-07-14 17:50:55.402 DEBUG qt.scenegraph.time.renderloop: [window 0x7f20c65f8630][gui thread] polishAndSync: start, elapsed since last call: 31 ms
2026-07-14 17:50:55.402 DEBUG qt.scenegraph.time.renderloop: [window 0x7f20c65f8630][render thread 0x7f20c0b174c0] syncAndRender: start, elapsed since last call: 32 ms
2026-07-14 17:50:55.402 DEBUG qt.scenegraph.time.renderloop: [window 0x7f20c65f8630][gui thread] Frame prepared, polish=0 ms, lock=0 ms, blockedForSync=0 ms, animations=0 ms
2026-07-14 17:50:55.402 DEBUG qt.scenegraph.time.renderer: time in renderer: total=0ms, preprocess=0, updates=0, rendering=0
2026-07-14 17:50:55.402 DEBUG qt.scenegraph.time.renderloop: [window 0x7f20c65f8630][render thread 0x7f20c0b174c0] syncAndRender: frame rendered in 0ms, sync=0, render=0, swap=0
2026-07-14 17:50:55.402 DEBUG qt.scenegraph.time.renderloop: [window 0x7f20c65f8630][gui thread] polishAndSync: start, elapsed since last call: 0 ms
2026-07-14 17:50:55.402 DEBUG qt.scenegraph.time.renderloop: [window 0x7f20c65f8630][render thread 0x7f20c0b174c0] syncAndRender: start, elapsed since last call: 0 ms
2026-07-14 17:50:55.402 DEBUG qt.scenegraph.time.renderloop: [window 0x7f20c65f8630][gui thread] Frame prepared, polish=0 ms, lock=0 ms, blockedForSync=0 ms, animations=0 ms
2026-07-14 17:50:55.402 DEBUG qt.scenegraph.time.renderer: time in renderer: total=0ms, preprocess=0, updates=0, rendering=0
2026-07-14 17:50:55.403 DEBUG qt.scenegraph.time.renderloop: [window 0x7f20c65f8630][render thread 0x7f20c0b174c0] syncAndRender: frame rendered in 0ms, sync=0, render=0, swap=0
2026-07-14 17:50:55.435 DEBUG qt.scenegraph.time.renderloop: [window 0x7f20c65f8630][gui thread] polishAndSync: start, elapsed since last call: 33 ms
2026-07-14 17:50:55.436 DEBUG qt.scenegraph.time.renderloop: [window 0x7f20c65f8630][render thread 0x7f20c0b174c0] syncAndRender: start, elapsed since last call: 33 ms
2026-07-14 17:50:55.436 DEBUG qt.scenegraph.time.renderloop: [window 0x7f20c65f8630][gui thread] Frame prepared, polish=0 ms, lock=0 ms, blockedForSync=0 ms, animations=0 ms
2026-07-14 17:50:55.436 DEBUG qt.scenegraph.time.renderer: time in renderer: total=0ms, preprocess=0, updates=0, rendering=0
2026-07-14 17:50:55.436 DEBUG qt.scenegraph.time.renderloop: [window 0x7f20c65f8630][render thread 0x7f20c0b174c0] syncAndRender: frame rendered in 0ms, sync=0, render=0, swap=0
2026-07-14 17:50:55.436 DEBUG qt.scenegraph.time.renderloop: [window 0x7f20c65f8630][gui thread] polishAndSync: start, elapsed since last call: 0 ms
2026-07-14 17:50:55.436 DEBUG qt.scenegraph.time.renderloop: [window 0x7f20c65f8630][render thread 0x7f20c0b174c0] syncAndRender: start, elapsed since last call: 0 ms
2026-07-14 17:50:55.436 DEBUG qt.scenegraph.time.renderloop: [window 0x7f20c65f8630][gui thread] Frame prepared, polish=0 ms, lock=0 ms, blockedForSync=0 ms, animations=0 ms
2026-07-14 17:50:55.436 DEBUG qt.scenegraph.time.renderer: time in renderer: total=0ms, preprocess=0, updates=0, rendering=0
2026-07-14 17:50:55.436 DEBUG qt.scenegraph.time.renderloop: [window 0x7f20c65f8630][render thread 0x7f20c0b174c0] syncAndRender: frame rendered in 0ms, sync=0, render=0, swap=0
2026-07-14 17:50:55.468 DEBUG qt.scenegraph.time.renderloop: [window 0x7f20c65f8630][gui thread] polishAndSync: start, elapsed since last call: 32 ms
2026-07-14 17:50:55.468 DEBUG qt.scenegraph.time.renderloop: [window 0x7f20c65f8630][render thread 0x7f20c0b174c0] syncAndRender: start, elapsed since last call: 32 ms
2026-07-14 17:50:55.468 DEBUG qt.scenegraph.time.renderloop: [window 0x7f20c65f8630][gui thread] Frame prepared, polish=0 ms, lock=0 ms, blockedForSync=0 ms, animations=0 ms
2026-07-14 17:50:55.468 DEBUG qt.scenegraph.time.renderer: time in renderer: total=0ms, preprocess=0, updates=0, rendering=0
2026-07-14 17:50:55.469 DEBUG qt.scenegraph.time.renderloop: [window 0x7f20c65f8630][render thread 0x7f20c0b174c0] syncAndRender: frame rendered in 0ms, sync=0, render=0, swap=0
2026-07-14 17:50:55.469 DEBUG qt.scenegraph.time.renderloop: [window 0x7f20c65f8630][gui thread] polishAndSync: start, elapsed since last call: 0 ms
2026-07-14 17:50:55.469 DEBUG qt.scenegraph.time.renderloop: [window 0x7f20c65f8630][render thread 0x7f20c0b174c0] syncAndRender: start, elapsed since last call: 0 ms
2026-07-14 17:50:55.469 DEBUG qt.scenegraph.time.renderloop: [window 0x7f20c65f8630][gui thread] Frame prepared, polish=0 ms, lock=0 ms, blockedForSync=0 ms, animations=0 ms
2026-07-14 17:50:55.469 DEBUG qt.scenegraph.time.renderer: time in renderer: total=0ms, preprocess=0, updates=0, rendering=0
2026-07-14 17:50:55.469 DEBUG qt.scenegraph.time.renderloop: [window 0x7f20c65f8630][render thread 0x7f20c0b174c0] syncAndRender: frame rendered in 0ms, sync=0, render=0, swap=0
2026-07-14 17:50:55.501 DEBUG qt.scenegraph.time.renderloop: [window 0x7f20c65f8630][gui thread] polishAndSync: start, elapsed since last call: 31 ms
2026-07-14 17:50:55.501 DEBUG qt.scenegraph.time.renderloop: [window 0x7f20c65f8630][render thread 0x7f20c0b174c0] syncAndRender: start, elapsed since last call: 32 ms
2026-07-14 17:50:55.501 DEBUG qt.scenegraph.time.renderloop: [window 0x7f20c65f8630][gui thread] Frame prepared, polish=0 ms, lock=0 ms, blockedForSync=0 ms, animations=0 ms
2026-07-14 17:50:55.501 DEBUG qt.scenegraph.time.renderer: time in renderer: total=0ms, preprocess=0, updates=0, rendering=0
2026-07-14 17:50:55.501 DEBUG qt.scenegraph.time.renderloop: [window 0x7f20c65f8630][render thread 0x7f20c0b174c0] syncAndRender: frame rendered in 0ms, sync=0, render=0, swap=0
2026-07-14 17:50:55.501 DEBUG qt.scenegraph.time.renderloop: [window 0x7f20c65f8630][gui thread] polishAndSync: start, elapsed since last call: 0 ms
2026-07-14 17:50:55.501 DEBUG qt.scenegraph.time.renderloop: [window 0x7f20c65f8630][render thread 0x7f20c0b174c0] syncAndRender: start, elapsed since last call: 0 ms
2026-07-14 17:50:55.501 DEBUG qt.scenegraph.time.renderloop: [window 0x7f20c65f8630][gui thread] Frame prepared, polish=0 ms, lock=0 ms, blockedForSync=0 ms, animations=0 ms
2026-07-14 17:50:55.502 DEBUG qt.scenegraph.time.renderer: time in renderer: total=0ms, preprocess=0, updates=0, rendering=0
2026-07-14 17:50:55.502 DEBUG qt.scenegraph.time.renderloop: [window 0x7f20c65f8630][render thread 0x7f20c0b174c0] syncAndRender: frame rendered in 0ms, sync=0, render=0, swap=0
2026-07-14 17:50:55.534 DEBUG qt.scenegraph.time.renderloop: [window 0x7f20c65f8630][gui thread] polishAndSync: start, elapsed since last call: 32 ms
2026-07-14 17:50:55.534 DEBUG qt.scenegraph.time.renderloop: [window 0x7f20c65f8630][render thread 0x7f20c0b174c0] syncAndRender: start, elapsed since last call: 32 ms
2026-07-14 17:50:55.534 DEBUG qt.scenegraph.time.renderloop: [window 0x7f20c65f8630][gui thread] Frame prepared, polish=0 ms, lock=0 ms, blockedForSync=0 ms, animations=0 ms
2026-07-14 17:50:55.534 DEBUG qt.scenegraph.time.renderer: time in renderer: total=0ms, preprocess=0, updates=0, rendering=0
2026-07-14 17:50:55.534 DEBUG qt.scenegraph.time.renderloop: [window 0x7f20c65f8630][render thread 0x7f20c0b174c0] syncAndRender: frame rendered in 0ms, sync=0, render=0, swap=0
2026-07-14 17:50:55.535 DEBUG qt.scenegraph.time.renderloop: [window 0x7f20c65f8630][gui thread] polishAndSync: start, elapsed since last call: 1 ms
2026-07-14 17:50:55.535 DEBUG qt.scenegraph.time.renderloop: [window 0x7f20c65f8630][render thread 0x7f20c0b174c0] syncAndRender: start, elapsed since last call: 0 ms
2026-07-14 17:50:55.535 DEBUG qt.scenegraph.time.renderloop: [window 0x7f20c65f8630][gui thread] Frame prepared, polish=0 ms, lock=0 ms, blockedForSync=0 ms, animations=0 ms
2026-07-14 17:50:55.535 DEBUG qt.scenegraph.time.renderer: time in renderer: total=0ms, preprocess=0, updates=0, rendering=0
2026-07-14 17:50:55.535 DEBUG qt.scenegraph.time.renderloop: [window 0x7f20c65f8630][render thread 0x7f20c0b174c0] syncAndRender: frame rendered in 0ms, sync=0, render=0, swap=0
2026-07-14 17:50:55.566 DEBUG qt.scenegraph.time.renderloop: [window 0x7f20c65f8630][gui thread] polishAndSync: start, elapsed since last call: 31 ms
2026-07-14 17:50:55.567 DEBUG qt.scenegraph.time.renderloop: [window 0x7f20c65f8630][render thread 0x7f20c0b174c0] syncAndRender: start, elapsed since last call: 32 ms
2026-07-14 17:50:55.567 DEBUG qt.scenegraph.time.renderloop: [window 0x7f20c65f8630][gui thread] Frame prepared, polish=0 ms, lock=0 ms, blockedForSync=0 ms, animations=0 ms
2026-07-14 17:50:55.567 DEBUG qt.scenegraph.time.renderer: time in renderer: total=0ms, preprocess=0, updates=0, rendering=0
2026-07-14 17:50:55.567 DEBUG qt.scenegraph.time.renderloop: [window 0x7f20c65f8630][render thread 0x7f20c0b174c0] syncAndRender: frame rendered in 0ms, sync=0, render=0, swap=0
2026-07-14 17:50:55.567 DEBUG qt.scenegraph.time.renderloop: [window 0x7f20c65f8630][gui thread] polishAndSync: start, elapsed since last call: 0 ms
2026-07-14 17:50:55.567 DEBUG qt.scenegraph.time.renderloop: [window 0x7f20c65f8630][render thread 0x7f20c0b174c0] syncAndRender: start, elapsed since last call: 0 ms
2026-07-14 17:50:55.567 DEBUG qt.scenegraph.time.renderloop: [window 0x7f20c65f8630][gui thread] Frame prepared, polish=0 ms, lock=0 ms, blockedForSync=0 ms, animations=0 ms
2026-07-14 17:50:55.567 DEBUG qt.scenegraph.time.renderer: time in renderer: total=0ms, preprocess=0, updates=0, rendering=0
2026-07-14 17:50:55.567 DEBUG qt.scenegraph.time.renderloop: [window 0x7f20c65f8630][render thread 0x7f20c0b174c0] syncAndRender: frame rendered in 0ms, sync=0, render=0, swap=0
2026-07-14 17:50:55.600 DEBUG qt.scenegraph.time.renderloop: [window 0x7f20c65f8630][gui thread] polishAndSync: start, elapsed since last call: 33 ms
2026-07-14 17:50:55.600 DEBUG qt.scenegraph.time.renderloop: [window 0x7f20c65f8630][render thread 0x7f20c0b174c0] syncAndRender: start, elapsed since last call: 33 ms
2026-07-14 17:50:55.600 DEBUG qt.scenegraph.time.renderloop: [window 0x7f20c65f8630][gui thread] Frame prepared, polish=0 ms, lock=0 ms, blockedForSync=0 ms, animations=0 ms
2026-07-14 17:50:55.600 DEBUG qt.scenegraph.time.renderer: time in renderer: total=0ms, preprocess=0, updates=0, rendering=0
2026-07-14 17:50:55.601 DEBUG qt.scenegraph.time.renderloop: [window 0x7f20c65f8630][render thread 0x7f20c0b174c0] syncAndRender: frame rendered in 0ms, sync=0, render=0, swap=0
2026-07-14 17:50:55.602 DEBUG qt.scenegraph.time.renderloop: [window 0x7f20c65f8630][gui thread] polishAndSync: start, elapsed since last call: 1 ms
2026-07-14 17:50:55.602 DEBUG qt.scenegraph.time.renderloop: [window 0x7f20c65f8630][render thread 0x7f20c0b174c0] syncAndRender: start, elapsed since last call: 1 ms
2026-07-14 17:50:55.602 DEBUG qt.scenegraph.time.renderloop: [window 0x7f20c65f8630][gui thread] Frame prepared, polish=0 ms, lock=0 ms, blockedForSync=0 ms, animations=0 ms
2026-07-14 17:50:55.602 DEBUG qt.scenegraph.time.renderer: time in renderer: total=0ms, preprocess=0, updates=0, rendering=0
2026-07-14 17:50:55.602 DEBUG qt.scenegraph.time.renderloop: [window 0x7f20c65f8630][render thread 0x7f20c0b174c0] syncAndRender: frame rendered in 0ms, sync=0, render=0, swap=0
2026-07-14 17:50:55.633 DEBUG qt.scenegraph.time.renderloop: [window 0x7f20c65f8630][gui thread] polishAndSync: start, elapsed since last call: 31 ms
2026-07-14 17:50:55.633 DEBUG qt.scenegraph.time.renderloop: [window 0x7f20c65f8630][render thread 0x7f20c0b174c0] syncAndRender: start, elapsed since last call: 31 ms
2026-07-14 17:50:55.633 DEBUG qt.scenegraph.time.renderloop: [window 0x7f20c65f8630][gui thread] Frame prepared, polish=0 ms, lock=0 ms, blockedForSync=0 ms, animations=0 ms
2026-07-14 17:50:55.633 DEBUG qt.scenegraph.time.renderer: time in renderer: total=0ms, preprocess=0, updates=0, rendering=0
2026-07-14 17:50:55.633 DEBUG qt.scenegraph.time.renderloop: [window 0x7f20c65f8630][render thread 0x7f20c0b174c0] syncAndRender: frame rendered in 0ms, sync=0, render=0, swap=0
2026-07-14 17:50:55.636 DEBUG qt.scenegraph.time.renderloop: [window 0x7f20c65f8630][gui thread] polishAndSync: start, elapsed since last call: 3 ms
2026-07-14 17:50:55.636 DEBUG qt.scenegraph.time.renderloop: [window 0x7f20c65f8630][render thread 0x7f20c0b174c0] syncAndRender: start, elapsed since last call: 3 ms
2026-07-14 17:50:55.636 DEBUG qt.scenegraph.time.renderloop: [window 0x7f20c65f8630][gui thread] Frame prepared, polish=0 ms, lock=0 ms, blockedForSync=0 ms, animations=0 ms
2026-07-14 17:50:55.637 DEBUG qt.scenegraph.time.renderer: time in renderer: total=0ms, preprocess=0, updates=0, rendering=0
2026-07-14 17:50:55.637 DEBUG qt.scenegraph.time.renderloop: [window 0x7f20c65f8630][render thread 0x7f20c0b174c0] syncAndRender: frame rendered in 0ms, sync=0, render=0, swap=0
2026-07-14 17:50:55.666 DEBUG qt.scenegraph.time.renderloop: [window 0x7f20c65f8630][gui thread] polishAndSync: start, elapsed since last call: 29 ms
2026-07-14 17:50:55.666 DEBUG qt.scenegraph.time.renderloop: [window 0x7f20c65f8630][render thread 0x7f20c0b174c0] syncAndRender: start, elapsed since last call: 29 ms
2026-07-14 17:50:55.666 DEBUG qt.scenegraph.time.renderloop: [window 0x7f20c65f8630][gui thread] Frame prepared, polish=0 ms, lock=0 ms, blockedForSync=0 ms, animations=0 ms
2026-07-14 17:50:55.666 DEBUG qt.scenegraph.time.renderer: time in renderer: total=0ms, preprocess=0, updates=0, rendering=0
2026-07-14 17:50:55.666 DEBUG qt.scenegraph.time.renderloop: [window 0x7f20c65f8630][render thread 0x7f20c0b174c0] syncAndRender: frame rendered in 0ms, sync=0, render=0, swap=0
2026-07-14 17:50:55.671 DEBUG qt.scenegraph.time.renderloop: [window 0x7f20c65f8630][gui thread] polishAndSync: start, elapsed since last call: 5 ms
2026-07-14 17:50:55.671 DEBUG qt.scenegraph.time.renderloop: [window 0x7f20c65f8630][render thread 0x7f20c0b174c0] syncAndRender: start, elapsed since last call: 5 ms
2026-07-14 17:50:55.671 DEBUG qt.scenegraph.time.renderloop: [window 0x7f20c65f8630][gui thread] Frame prepared, polish=0 ms, lock=0 ms, blockedForSync=0 ms, animations=0 ms
2026-07-14 17:50:55.671 DEBUG qt.scenegraph.time.renderer: time in renderer: total=0ms, preprocess=0, updates=0, rendering=0
2026-07-14 17:50:55.672 DEBUG qt.scenegraph.time.renderloop: [window 0x7f20c65f8630][render thread 0x7f20c0b174c0] syncAndRender: frame rendered in 0ms, sync=0, render=0, swap=0
2026-07-14 17:50:55.699 DEBUG qt.scenegraph.time.renderloop: [window 0x7f20c65f8630][gui thread] polishAndSync: start, elapsed since last call: 28 ms
2026-07-14 17:50:55.700 DEBUG qt.scenegraph.time.renderloop: [window 0x7f20c65f8630][render thread 0x7f20c0b174c0] syncAndRender: start, elapsed since last call: 28 ms
2026-07-14 17:50:55.700 DEBUG qt.scenegraph.time.renderloop: [window 0x7f20c65f8630][gui thread] Frame prepared, polish=0 ms, lock=0 ms, blockedForSync=0 ms, animations=0 ms
2026-07-14 17:50:55.700 DEBUG qt.scenegraph.time.renderer: time in renderer: total=0ms, preprocess=0, updates=0, rendering=0
2026-07-14 17:50:55.700 DEBUG qt.scenegraph.time.renderloop: [window 0x7f20c65f8630][render thread 0x7f20c0b174c0] syncAndRender: frame rendered in 0ms, sync=0, render=0, swap=0
2026-07-14 17:50:55.706 DEBUG qt.scenegraph.time.renderloop: [window 0x7f20c65f8630][gui thread] polishAndSync: start, elapsed since last call: 6 ms
2026-07-14 17:50:55.706 DEBUG qt.scenegraph.time.renderloop: [window 0x7f20c65f8630][render thread 0x7f20c0b174c0] syncAndRender: start, elapsed since last call: 6 ms
2026-07-14 17:50:55.706 DEBUG qt.scenegraph.time.renderloop: [window 0x7f20c65f8630][gui thread] Frame prepared, polish=0 ms, lock=0 ms, blockedForSync=0 ms, animations=0 ms
2026-07-14 17:50:55.706 DEBUG qt.scenegraph.time.renderer: time in renderer: total=0ms, preprocess=0, updates=0, rendering=0
2026-07-14 17:50:55.706 DEBUG qt.scenegraph.time.renderloop: [window 0x7f20c65f8630][render thread 0x7f20c0b174c0] syncAndRender: frame rendered in 0ms, sync=0, render=0, swap=0
2026-07-14 17:50:55.732 DEBUG qt.scenegraph.time.renderloop: [window 0x7f20c65f8630][gui thread] polishAndSync: start, elapsed since last call: 26 ms
2026-07-14 17:50:55.732 DEBUG qt.scenegraph.time.renderloop: [window 0x7f20c65f8630][render thread 0x7f20c0b174c0] syncAndRender: start, elapsed since last call: 26 ms
2026-07-14 17:50:55.733 DEBUG qt.scenegraph.time.renderloop: [window 0x7f20c65f8630][gui thread] Frame prepared, polish=0 ms, lock=0 ms, blockedForSync=0 ms, animations=0 ms
2026-07-14 17:50:55.733 DEBUG qt.scenegraph.time.renderer: time in renderer: total=0ms, preprocess=0, updates=0, rendering=0
2026-07-14 17:50:55.733 DEBUG qt.scenegraph.time.renderloop: [window 0x7f20c65f8630][render thread 0x7f20c0b174c0] syncAndRender: frame rendered in 0ms, sync=0, render=0, swap=0
2026-07-14 17:50:55.734 DEBUG qt.scenegraph.time.renderloop: [window 0x7f20c65f8630][gui thread] polishAndSync: start, elapsed since last call: 1 ms
2026-07-14 17:50:55.734 DEBUG qt.scenegraph.time.renderloop: [window 0x7f20c65f8630][render thread 0x7f20c0b174c0] syncAndRender: start, elapsed since last call: 1 ms
2026-07-14 17:50:55.734 DEBUG qt.scenegraph.time.renderloop: [window 0x7f20c65f8630][gui thread] Frame prepared, polish=0 ms, lock=0 ms, blockedForSync=0 ms, animations=0 ms
2026-07-14 17:50:55.734 DEBUG qt.scenegraph.time.renderer: time in renderer: total=0ms, preprocess=0, updates=0, rendering=0
2026-07-14 17:50:55.734 DEBUG qt.scenegraph.time.renderloop: [window 0x7f20c65f8630][render thread 0x7f20c0b174c0] syncAndRender: frame rendered in 0ms, sync=0, render=0, swap=0
2026-07-14 17:50:55.765 DEBUG qt.scenegraph.time.renderloop: [window 0x7f20c65f8630][gui thread] polishAndSync: start, elapsed since last call: 31 ms
2026-07-14 17:50:55.765 DEBUG qt.scenegraph.time.renderloop: [window 0x7f20c65f8630][render thread 0x7f20c0b174c0] syncAndRender: start, elapsed since last call: 31 ms
2026-07-14 17:50:55.765 DEBUG qt.scenegraph.time.renderloop: [window 0x7f20c65f8630][gui thread] Frame prepared, polish=0 ms, lock=0 ms, blockedForSync=0 ms, animations=0 ms
2026-07-14 17:50:55.765 DEBUG qt.scenegraph.time.renderer: time in renderer: total=0ms, preprocess=0, updates=0, rendering=0
2026-07-14 17:50:55.765 DEBUG qt.scenegraph.time.renderloop: [window 0x7f20c65f8630][render thread 0x7f20c0b174c0] syncAndRender: frame rendered in 0ms, sync=0, render=0, swap=0
2026-07-14 17:50:55.768 DEBUG qt.scenegraph.time.renderloop: [window 0x7f20c65f8630][gui thread] polishAndSync: start, elapsed since last call: 3 ms
2026-07-14 17:50:55.769 DEBUG qt.scenegraph.time.renderloop: [window 0x7f20c65f8630][render thread 0x7f20c0b174c0] syncAndRender: start, elapsed since last call: 3 ms
2026-07-14 17:50:55.769 DEBUG qt.scenegraph.time.renderloop: [window 0x7f20c65f8630][gui thread] Frame prepared, polish=0 ms, lock=0 ms, blockedForSync=0 ms, animations=0 ms
2026-07-14 17:50:55.769 DEBUG qt.scenegraph.time.renderer: time in renderer: total=0ms, preprocess=0, updates=0, rendering=0
2026-07-14 17:50:55.769 DEBUG qt.scenegraph.time.renderloop: [window 0x7f20c65f8630][render thread 0x7f20c0b174c0] syncAndRender: frame rendered in 0ms, sync=0, render=0, swap=0
2026-07-14 17:50:55.798 DEBUG qt.scenegraph.time.renderloop: [window 0x7f20c65f8630][gui thread] polishAndSync: start, elapsed since last call: 29 ms
2026-07-14 17:50:55.798 DEBUG qt.scenegraph.time.renderloop: [window 0x7f20c65f8630][render thread 0x7f20c0b174c0] syncAndRender: start, elapsed since last call: 29 ms
2026-07-14 17:50:55.798 DEBUG qt.scenegraph.time.renderloop: [window 0x7f20c65f8630][gui thread] Frame prepared, polish=0 ms, lock=0 ms, blockedForSync=0 ms, animations=0 ms
2026-07-14 17:50:55.798 DEBUG qt.scenegraph.time.renderer: time in renderer: total=0ms, preprocess=0, updates=0, rendering=0
2026-07-14 17:50:55.798 DEBUG qt.scenegraph.time.renderloop: [window 0x7f20c65f8630][render thread 0x7f20c0b174c0] syncAndRender: frame rendered in 0ms, sync=0, render=0, swap=0
2026-07-14 17:50:55.803 DEBUG qt.scenegraph.time.renderloop: [window 0x7f20c65f8630][gui thread] polishAndSync: start, elapsed since last call: 5 ms
2026-07-14 17:50:55.803 DEBUG qt.scenegraph.time.renderloop: [window 0x7f20c65f8630][render thread 0x7f20c0b174c0] syncAndRender: start, elapsed since last call: 5 ms
2026-07-14 17:50:55.803 DEBUG qt.scenegraph.time.renderloop: [window 0x7f20c65f8630][gui thread] Frame prepared, polish=0 ms, lock=0 ms, blockedForSync=0 ms, animations=0 ms
2026-07-14 17:50:55.803 DEBUG qt.scenegraph.time.renderer: time in renderer: total=0ms, preprocess=0, updates=0, rendering=0
2026-07-14 17:50:55.804 DEBUG qt.scenegraph.time.renderloop: [window 0x7f20c65f8630][render thread 0x7f20c0b174c0] syncAndRender: frame rendered in 0ms, sync=0, render=0, swap=0
2026-07-14 17:50:55.831 DEBUG qt.scenegraph.time.renderloop: [window 0x7f20c65f8630][gui thread] polishAndSync: start, elapsed since last call: 28 ms
2026-07-14 17:50:55.832 DEBUG qt.scenegraph.time.renderloop: [window 0x7f20c65f8630][render thread 0x7f20c0b174c0] syncAndRender: start, elapsed since last call: 28 ms
2026-07-14 17:50:55.832 DEBUG qt.scenegraph.time.renderloop: [window 0x7f20c65f8630][gui thread] Frame prepared, polish=0 ms, lock=0 ms, blockedForSync=0 ms, animations=0 ms
2026-07-14 17:50:55.832 DEBUG qt.scenegraph.time.renderer: time in renderer: total=0ms, preprocess=0, updates=0, rendering=0
2026-07-14 17:50:55.832 DEBUG qt.scenegraph.time.renderloop: [window 0x7f20c65f8630][render thread 0x7f20c0b174c0] syncAndRender: frame rendered in 0ms, sync=0, render=0, swap=0
2026-07-14 17:50:55.838 DEBUG qt.scenegraph.time.renderloop: [window 0x7f20c65f8630][gui thread] polishAndSync: start, elapsed since last call: 6 ms
2026-07-14 17:50:55.838 DEBUG qt.scenegraph.time.renderloop: [window 0x7f20c65f8630][render thread 0x7f20c0b174c0] syncAndRender: start, elapsed since last call: 6 ms
2026-07-14 17:50:55.838 DEBUG qt.scenegraph.time.renderloop: [window 0x7f20c65f8630][gui thread] Frame prepared, polish=0 ms, lock=0 ms, blockedForSync=0 ms, animations=0 ms
2026-07-14 17:50:55.838 DEBUG qt.scenegraph.time.renderer: time in renderer: total=0ms, preprocess=0, updates=0, rendering=0
2026-07-14 17:50:55.838 DEBUG qt.scenegraph.time.renderloop: [window 0x7f20c65f8630][render thread 0x7f20c0b174c0] syncAndRender: frame rendered in 0ms, sync=0, render=0, swap=0
2026-07-14 17:50:55.864 DEBUG qt.scenegraph.time.renderloop: [window 0x7f20c65f8630][gui thread] polishAndSync: start, elapsed since last call: 26 ms
2026-07-14 17:50:55.864 DEBUG qt.scenegraph.time.renderloop: [window 0x7f20c65f8630][render thread 0x7f20c0b174c0] syncAndRender: start, elapsed since last call: 26 ms
2026-07-14 17:50:55.864 DEBUG qt.scenegraph.time.renderloop: [window 0x7f20c65f8630][gui thread] Frame prepared, polish=0 ms, lock=0 ms, blockedForSync=0 ms, animations=0 ms
2026-07-14 17:50:55.864 DEBUG qt.scenegraph.time.renderer: time in renderer: total=0ms, preprocess=0, updates=0, rendering=0
2026-07-14 17:50:55.865 DEBUG qt.scenegraph.time.renderloop: [window 0x7f20c65f8630][render thread 0x7f20c0b174c0] syncAndRender: frame rendered in 0ms, sync=0, render=0, swap=0
2026-07-14 17:50:55.866 DEBUG qt.scenegraph.time.renderloop: [window 0x7f20c65f8630][gui thread] polishAndSync: start, elapsed since last call: 1 ms
2026-07-14 17:50:55.866 DEBUG qt.scenegraph.time.renderloop: [window 0x7f20c65f8630][render thread 0x7f20c0b174c0] syncAndRender: start, elapsed since last call: 1 ms
2026-07-14 17:50:55.866 DEBUG qt.scenegraph.time.renderloop: [window 0x7f20c65f8630][gui thread] Frame prepared, polish=0 ms, lock=0 ms, blockedForSync=0 ms, animations=0 ms
2026-07-14 17:50:55.866 DEBUG qt.scenegraph.time.renderer: time in renderer: total=0ms, preprocess=0, updates=0, rendering=0
2026-07-14 17:50:55.866 DEBUG qt.scenegraph.time.renderloop: [window 0x7f20c65f8630][render thread 0x7f20c0b174c0] syncAndRender: frame rendered in 0ms, sync=0, render=0, swap=0
2026-07-14 17:50:55.897 DEBUG qt.scenegraph.time.renderloop: [window 0x7f20c65f8630][gui thread] polishAndSync: start, elapsed since last call: 31 ms
2026-07-14 17:50:55.897 DEBUG qt.scenegraph.time.renderloop: [window 0x7f20c65f8630][render thread 0x7f20c0b174c0] syncAndRender: start, elapsed since last call: 31 ms
2026-07-14 17:50:55.897 DEBUG qt.scenegraph.time.renderloop: [window 0x7f20c65f8630][gui thread] Frame prepared, polish=0 ms, lock=0 ms, blockedForSync=0 ms, animations=0 ms
2026-07-14 17:50:55.897 DEBUG qt.scenegraph.time.renderer: time in renderer: total=0ms, preprocess=0, updates=0, rendering=0
2026-07-14 17:50:55.897 DEBUG qt.scenegraph.time.renderloop: [window 0x7f20c65f8630][render thread 0x7f20c0b174c0] syncAndRender: frame rendered in 0ms, sync=0, render=0, swap=0
2026-07-14 17:50:55.901 DEBUG qt.scenegraph.time.renderloop: [window 0x7f20c65f8630][gui thread] polishAndSync: start, elapsed since last call: 3 ms
2026-07-14 17:50:55.901 DEBUG qt.scenegraph.time.renderloop: [window 0x7f20c65f8630][render thread 0x7f20c0b174c0] syncAndRender: start, elapsed since last call: 3 ms
2026-07-14 17:50:55.901 DEBUG qt.scenegraph.time.renderloop: [window 0x7f20c65f8630][gui thread] Frame prepared, polish=0 ms, lock=0 ms, blockedForSync=0 ms, animations=0 ms
2026-07-14 17:50:55.901 DEBUG qt.scenegraph.time.renderer: time in renderer: total=0ms, preprocess=0, updates=0, rendering=0
2026-07-14 17:50:55.901 DEBUG qt.scenegraph.time.renderloop: [window 0x7f20c65f8630][render thread 0x7f20c0b174c0] syncAndRender: frame rendered in 0ms, sync=0, render=0, swap=0
2026-07-14 17:50:55.930 DEBUG qt.scenegraph.time.renderloop: [window 0x7f20c65f8630][gui thread] polishAndSync: start, elapsed since last call: 29 ms
2026-07-14 17:50:55.930 DEBUG qt.scenegraph.time.renderloop: [window 0x7f20c65f8630][render thread 0x7f20c0b174c0] syncAndRender: start, elapsed since last call: 29 ms
2026-07-14 17:50:55.930 DEBUG qt.scenegraph.time.renderloop: [window 0x7f20c65f8630][gui thread] Frame prepared, polish=0 ms, lock=0 ms, blockedForSync=0 ms, animations=0 ms
2026-07-14 17:50:55.930 DEBUG qt.scenegraph.time.renderer: time in renderer: total=0ms, preprocess=0, updates=0, rendering=0
2026-07-14 17:50:55.930 DEBUG qt.scenegraph.time.renderloop: [window 0x7f20c65f8630][render thread 0x7f20c0b174c0] syncAndRender: frame rendered in 0ms, sync=0, render=0, swap=0
2026-07-14 17:50:55.935 DEBUG qt.scenegraph.time.renderloop: [window 0x7f20c65f8630][gui thread] polishAndSync: start, elapsed since last call: 5 ms
2026-07-14 17:50:55.935 DEBUG qt.scenegraph.time.renderloop: [window 0x7f20c65f8630][render thread 0x7f20c0b174c0] syncAndRender: start, elapsed since last call: 5 ms
2026-07-14 17:50:55.935 DEBUG qt.scenegraph.time.renderloop: [window 0x7f20c65f8630][gui thread] Frame prepared, polish=0 ms, lock=0 ms, blockedForSync=0 ms, animations=0 ms
2026-07-14 17:50:55.935 DEBUG qt.scenegraph.time.renderer: time in renderer: total=0ms, preprocess=0, updates=0, rendering=0
2026-07-14 17:50:55.936 DEBUG qt.scenegraph.time.renderloop: [window 0x7f20c65f8630][render thread 0x7f20c0b174c0] syncAndRender: frame rendered in 0ms, sync=0, render=0, swap=0
2026-07-14 17:50:55.964 DEBUG qt.scenegraph.time.renderloop: [window 0x7f20c65f8630][gui thread] polishAndSync: start, elapsed since last call: 28 ms
2026-07-14 17:50:55.964 DEBUG qt.scenegraph.time.renderloop: [window 0x7f20c65f8630][render thread 0x7f20c0b174c0] syncAndRender: start, elapsed since last call: 28 ms
2026-07-14 17:50:55.964 DEBUG qt.scenegraph.time.renderloop: [window 0x7f20c65f8630][gui thread] Frame prepared, polish=0 ms, lock=0 ms, blockedForSync=0 ms, animations=0 ms
2026-07-14 17:50:55.964 DEBUG qt.scenegraph.time.renderer: time in renderer: total=0ms, preprocess=0, updates=0, rendering=0
2026-07-14 17:50:55.964 DEBUG qt.scenegraph.time.renderloop: [window 0x7f20c65f8630][render thread 0x7f20c0b174c0] syncAndRender: frame rendered in 0ms, sync=0, render=0, swap=0
2026-07-14 17:50:55.970 DEBUG qt.scenegraph.time.renderloop: [window 0x7f20c65f8630][gui thread] polishAndSync: start, elapsed since last call: 6 ms
2026-07-14 17:50:55.970 DEBUG qt.scenegraph.time.renderloop: [window 0x7f20c65f8630][render thread 0x7f20c0b174c0] syncAndRender: start, elapsed since last call: 6 ms
2026-07-14 17:50:55.970 DEBUG qt.scenegraph.time.renderloop: [window 0x7f20c65f8630][gui thread] Frame prepared, polish=0 ms, lock=0 ms, blockedForSync=0 ms, animations=0 ms
2026-07-14 17:50:55.970 DEBUG qt.scenegraph.time.renderer: time in renderer: total=0ms, preprocess=0, updates=0, rendering=0
2026-07-14 17:50:55.970 DEBUG qt.scenegraph.time.renderloop: [window 0x7f20c65f8630][render thread 0x7f20c0b174c0] syncAndRender: frame rendered in 0ms, sync=0, render=0, swap=0
2026-07-14 17:50:55.996 DEBUG qt.scenegraph.time.renderloop: [window 0x7f20c65f8630][gui thread] polishAndSync: start, elapsed since last call: 26 ms
2026-07-14 17:50:55.997 DEBUG qt.scenegraph.time.renderloop: [window 0x7f20c65f8630][render thread 0x7f20c0b174c0] syncAndRender: start, elapsed since last call: 26 ms
2026-07-14 17:50:55.997 DEBUG qt.scenegraph.time.renderloop: [window 0x7f20c65f8630][gui thread] Frame prepared, polish=0 ms, lock=0 ms, blockedForSync=0 ms, animations=0 ms
2026-07-14 17:50:55.997 DEBUG qt.scenegraph.time.renderer: time in renderer: total=0ms, preprocess=0, updates=0, rendering=0
2026-07-14 17:50:55.997 DEBUG qt.scenegraph.time.renderloop: [window 0x7f20c65f8630][render thread 0x7f20c0b174c0] syncAndRender: frame rendered in 0ms, sync=0, render=0, swap=0
2026-07-14 17:50:55.998 DEBUG qt.scenegraph.time.renderloop: [window 0x7f20c65f8630][gui thread] polishAndSync: start, elapsed since last call: 1 ms
2026-07-14 17:50:55.998 DEBUG qt.scenegraph.time.renderloop: [window 0x7f20c65f8630][render thread 0x7f20c0b174c0] syncAndRender: start, elapsed since last call: 1 ms
2026-07-14 17:50:55.998 DEBUG qt.scenegraph.time.renderloop: [window 0x7f20c65f8630][gui thread] Frame prepared, polish=0 ms, lock=0 ms, blockedForSync=0 ms, animations=0 ms
2026-07-14 17:50:55.998 DEBUG qt.scenegraph.time.renderer: time in renderer: total=0ms, preprocess=0, updates=0, rendering=0
2026-07-14 17:50:55.998 DEBUG qt.scenegraph.time.renderloop: [window 0x7f20c65f8630][render thread 0x7f20c0b174c0] syncAndRender: frame rendered in 0ms, sync=0, render=0, swap=0
2026-07-14 17:50:56.029 DEBUG qt.scenegraph.time.renderloop: [window 0x7f20c65f8630][gui thread] polishAndSync: start, elapsed since last call: 31 ms
2026-07-14 17:50:56.029 DEBUG qt.scenegraph.time.renderloop: [window 0x7f20c65f8630][render thread 0x7f20c0b174c0] syncAndRender: start, elapsed since last call: 31 ms
2026-07-14 17:50:56.029 DEBUG qt.scenegraph.time.renderloop: [window 0x7f20c65f8630][gui thread] Frame prepared, polish=0 ms, lock=0 ms, blockedForSync=0 ms, animations=0 ms
2026-07-14 17:50:56.029 DEBUG qt.scenegraph.time.renderer: time in renderer: total=0ms, preprocess=0, updates=0, rendering=0
2026-07-14 17:50:56.030 DEBUG qt.scenegraph.time.renderloop: [window 0x7f20c65f8630][render thread 0x7f20c0b174c0] syncAndRender: frame rendered in 0ms, sync=0, render=0, swap=0
2026-07-14 17:50:56.033 DEBUG qt.scenegraph.time.renderloop: [window 0x7f20c65f8630][gui thread] polishAndSync: start, elapsed since last call: 3 ms
2026-07-14 17:50:56.033 DEBUG qt.scenegraph.time.renderloop: [window 0x7f20c65f8630][render thread 0x7f20c0b174c0] syncAndRender: start, elapsed since last call: 3 ms
2026-07-14 17:50:56.033 DEBUG qt.scenegraph.time.renderloop: [window 0x7f20c65f8630][gui thread] Frame prepared, polish=0 ms, lock=0 ms, blockedForSync=0 ms, animations=0 ms
2026-07-14 17:50:56.033 DEBUG qt.scenegraph.time.renderer: time in renderer: total=0ms, preprocess=0, updates=0, rendering=0
2026-07-14 17:50:56.033 DEBUG qt.scenegraph.time.renderloop: [window 0x7f20c65f8630][render thread 0x7f20c0b174c0] syncAndRender: frame rendered in 0ms, sync=0, render=0, swap=0
2026-07-14 17:50:56.063 DEBUG qt.scenegraph.time.renderloop: [window 0x7f20c65f8630][gui thread] polishAndSync: start, elapsed since last call: 30 ms
2026-07-14 17:50:56.063 DEBUG qt.scenegraph.time.renderloop: [window 0x7f20c65f8630][render thread 0x7f20c0b174c0] syncAndRender: start, elapsed since last call: 30 ms
2026-07-14 17:50:56.063 DEBUG qt.scenegraph.time.renderloop: [window 0x7f20c65f8630][gui thread] Frame prepared, polish=0 ms, lock=0 ms, blockedForSync=0 ms, animations=0 ms
2026-07-14 17:50:56.063 DEBUG qt.scenegraph.time.renderer: time in renderer: total=0ms, preprocess=0, updates=0, rendering=0
2026-07-14 17:50:56.063 DEBUG qt.scenegraph.time.renderloop: [window 0x7f20c65f8630][render thread 0x7f20c0b174c0] syncAndRender: frame rendered in 0ms, sync=0, render=0, swap=0
2026-07-14 17:50:56.067 DEBUG qt.scenegraph.time.renderloop: [window 0x7f20c65f8630][gui thread] polishAndSync: start, elapsed since last call: 4 ms
2026-07-14 17:50:56.067 DEBUG qt.scenegraph.time.renderloop: [window 0x7f20c65f8630][render thread 0x7f20c0b174c0] syncAndRender: start, elapsed since last call: 4 ms
2026-07-14 17:50:56.067 DEBUG qt.scenegraph.time.renderloop: [window 0x7f20c65f8630][gui thread] Frame prepared, polish=0 ms, lock=0 ms, blockedForSync=0 ms, animations=0 ms
2026-07-14 17:50:56.067 DEBUG qt.scenegraph.time.renderer: time in renderer: total=0ms, preprocess=0, updates=0, rendering=0
2026-07-14 17:50:56.068 DEBUG qt.scenegraph.time.renderloop: [window 0x7f20c65f8630][render thread 0x7f20c0b174c0] syncAndRender: frame rendered in 0ms, sync=0, render=0, swap=0
2026-07-14 17:50:56.096 DEBUG qt.scenegraph.time.renderloop: [window 0x7f20c65f8630][gui thread] polishAndSync: start, elapsed since last call: 28 ms
2026-07-14 17:50:56.096 DEBUG qt.scenegraph.time.renderloop: [window 0x7f20c65f8630][render thread 0x7f20c0b174c0] syncAndRender: start, elapsed since last call: 28 ms
2026-07-14 17:50:56.096 DEBUG qt.scenegraph.time.renderloop: [window 0x7f20c65f8630][gui thread] Frame prepared, polish=0 ms, lock=0 ms, blockedForSync=0 ms, animations=0 ms
2026-07-14 17:50:56.096 DEBUG qt.scenegraph.time.renderer: time in renderer: total=0ms, preprocess=0, updates=0, rendering=0
2026-07-14 17:50:56.096 DEBUG qt.scenegraph.time.renderloop: [window 0x7f20c65f8630][render thread 0x7f20c0b174c0] syncAndRender: frame rendered in 0ms, sync=0, render=0, swap=0
2026-07-14 17:50:56.102 DEBUG qt.scenegraph.time.renderloop: [window 0x7f20c65f8630][gui thread] polishAndSync: start, elapsed since last call: 6 ms
2026-07-14 17:50:56.102 DEBUG qt.scenegraph.time.renderloop: [window 0x7f20c65f8630][render thread 0x7f20c0b174c0] syncAndRender: start, elapsed since last call: 6 ms
2026-07-14 17:50:56.102 DEBUG qt.scenegraph.time.renderloop: [window 0x7f20c65f8630][gui thread] Frame prepared, polish=0 ms, lock=0 ms, blockedForSync=0 ms, animations=0 ms
2026-07-14 17:50:56.102 DEBUG qt.scenegraph.time.renderer: time in renderer: total=0ms, preprocess=0, updates=0, rendering=0
2026-07-14 17:50:56.102 DEBUG qt.scenegraph.time.renderloop: [window 0x7f20c65f8630][render thread 0x7f20c0b174c0] syncAndRender: frame rendered in 0ms, sync=0, render=0, swap=0
2026-07-14 17:50:56.128 DEBUG qt.scenegraph.time.renderloop: [window 0x7f20c65f8630][gui thread] polishAndSync: start, elapsed since last call: 26 ms
2026-07-14 17:50:56.129 DEBUG qt.scenegraph.time.renderloop: [window 0x7f20c65f8630][render thread 0x7f20c0b174c0] syncAndRender: start, elapsed since last call: 26 ms
2026-07-14 17:50:56.129 DEBUG qt.scenegraph.time.renderloop: [window 0x7f20c65f8630][gui thread] Frame prepared, polish=0 ms, lock=0 ms, blockedForSync=0 ms, animations=0 ms
2026-07-14 17:50:56.129 DEBUG qt.scenegraph.time.renderer: time in renderer: total=0ms, preprocess=0, updates=0, rendering=0
2026-07-14 17:50:56.129 DEBUG qt.scenegraph.time.renderloop: [window 0x7f20c65f8630][render thread 0x7f20c0b174c0] syncAndRender: frame rendered in 0ms, sync=0, render=0, swap=0
2026-07-14 17:50:56.130 DEBUG qt.scenegraph.time.renderloop: [window 0x7f20c65f8630][gui thread] polishAndSync: start, elapsed since last call: 1 ms
2026-07-14 17:50:56.130 DEBUG qt.scenegraph.time.renderloop: [window 0x7f20c65f8630][render thread 0x7f20c0b174c0] syncAndRender: start, elapsed since last call: 1 ms
2026-07-14 17:50:56.130 DEBUG qt.scenegraph.time.renderloop: [window 0x7f20c65f8630][gui thread] Frame prepared, polish=0 ms, lock=0 ms, blockedForSync=0 ms, animations=0 ms
2026-07-14 17:50:56.130 DEBUG qt.scenegraph.time.renderer: time in renderer: total=0ms, preprocess=0, updates=0, rendering=0
2026-07-14 17:50:56.130 DEBUG qt.scenegraph.time.renderloop: [window 0x7f20c65f8630][render thread 0x7f20c0b174c0] syncAndRender: frame rendered in 0ms, sync=0, render=0, swap=0
2026-07-14 17:50:56.161 DEBUG qt.scenegraph.time.renderloop: [window 0x7f20c65f8630][gui thread] polishAndSync: start, elapsed since last call: 31 ms
2026-07-14 17:50:56.161 DEBUG qt.scenegraph.time.renderloop: [window 0x7f20c65f8630][render thread 0x7f20c0b174c0] syncAndRender: start, elapsed since last call: 31 ms
2026-07-14 17:50:56.161 DEBUG qt.scenegraph.time.renderloop: [window 0x7f20c65f8630][gui thread] Frame prepared, polish=0 ms, lock=0 ms, blockedForSync=0 ms, animations=0 ms
2026-07-14 17:50:56.161 DEBUG qt.scenegraph.time.renderer: time in renderer: total=0ms, preprocess=0, updates=0, rendering=0
2026-07-14 17:50:56.162 DEBUG qt.scenegraph.time.renderloop: [window 0x7f20c65f8630][render thread 0x7f20c0b174c0] syncAndRender: frame rendered in 0ms, sync=0, render=0, swap=0
2026-07-14 17:50:56.165 DEBUG qt.scenegraph.time.renderloop: [window 0x7f20c65f8630][gui thread] polishAndSync: start, elapsed since last call: 3 ms
2026-07-14 17:50:56.165 DEBUG qt.scenegraph.time.renderloop: [window 0x7f20c65f8630][render thread 0x7f20c0b174c0] syncAndRender: start, elapsed since last call: 3 ms
2026-07-14 17:50:56.165 DEBUG qt.scenegraph.time.renderloop: [window 0x7f20c65f8630][gui thread] Frame prepared, polish=0 ms, lock=0 ms, blockedForSync=0 ms, animations=0 ms
2026-07-14 17:50:56.165 DEBUG qt.scenegraph.time.renderer: time in renderer: total=0ms, preprocess=0, updates=0, rendering=0
2026-07-14 17:50:56.165 DEBUG qt.scenegraph.time.renderloop: [window 0x7f20c65f8630][render thread 0x7f20c0b174c0] syncAndRender: frame rendered in 0ms, sync=0, render=0, swap=0
2026-07-14 17:50:56.194 DEBUG qt.scenegraph.time.renderloop: [window 0x7f20c65f8630][gui thread] polishAndSync: start, elapsed since last call: 29 ms
2026-07-14 17:50:56.194 DEBUG qt.scenegraph.time.renderloop: [window 0x7f20c65f8630][render thread 0x7f20c0b174c0] syncAndRender: start, elapsed since last call: 29 ms
2026-07-14 17:50:56.194 DEBUG qt.scenegraph.time.renderloop: [window 0x7f20c65f8630][gui thread] Frame prepared, polish=0 ms, lock=0 ms, blockedForSync=0 ms, animations=0 ms
2026-07-14 17:50:56.194 DEBUG qt.scenegraph.time.renderer: time in renderer: total=0ms, preprocess=0, updates=0, rendering=0
2026-07-14 17:50:56.195 DEBUG qt.scenegraph.time.renderloop: [window 0x7f20c65f8630][render thread 0x7f20c0b174c0] syncAndRender: frame rendered in 0ms, sync=0, render=0, swap=0
2026-07-14 17:50:56.199 DEBUG qt.scenegraph.time.renderloop: [window 0x7f20c65f8630][gui thread] polishAndSync: start, elapsed since last call: 5 ms
2026-07-14 17:50:56.199 DEBUG qt.scenegraph.time.renderloop: [window 0x7f20c65f8630][render thread 0x7f20c0b174c0] syncAndRender: start, elapsed since last call: 5 ms
2026-07-14 17:50:56.199 DEBUG qt.scenegraph.time.renderloop: [window 0x7f20c65f8630][gui thread] Frame prepared, polish=0 ms, lock=0 ms, blockedForSync=0 ms, animations=0 ms
2026-07-14 17:50:56.199 DEBUG qt.scenegraph.time.renderer: time in renderer: total=0ms, preprocess=0, updates=0, rendering=0
2026-07-14 17:50:56.200 DEBUG qt.scenegraph.time.renderloop: [window 0x7f20c65f8630][render thread 0x7f20c0b174c0] syncAndRender: frame rendered in 0ms, sync=0, render=0, swap=0
2026-07-14 17:50:56.227 DEBUG qt.scenegraph.time.renderloop: [window 0x7f20c65f8630][gui thread] polishAndSync: start, elapsed since last call: 27 ms
2026-07-14 17:50:56.227 DEBUG qt.scenegraph.time.renderloop: [window 0x7f20c65f8630][render thread 0x7f20c0b174c0] syncAndRender: start, elapsed since last call: 27 ms
2026-07-14 17:50:56.227 DEBUG qt.scenegraph.time.renderloop: [window 0x7f20c65f8630][gui thread] Frame prepared, polish=0 ms, lock=0 ms, blockedForSync=0 ms, animations=0 ms
2026-07-14 17:50:56.227 DEBUG qt.scenegraph.time.renderer: time in renderer: total=0ms, preprocess=0, updates=0, rendering=0
2026-07-14 17:50:56.227 DEBUG qt.scenegraph.time.renderloop: [window 0x7f20c65f8630][render thread 0x7f20c0b174c0] syncAndRender: frame rendered in 0ms, sync=0, render=0, swap=0
2026-07-14 17:50:56.228 DEBUG qt.scenegraph.time.renderloop: [window 0x7f20c65f8630][gui thread] polishAndSync: start, elapsed since last call: 1 ms
2026-07-14 17:50:56.228 DEBUG qt.scenegraph.time.renderloop: [window 0x7f20c65f8630][render thread 0x7f20c0b174c0] syncAndRender: start, elapsed since last call: 0 ms
2026-07-14 17:50:56.228 DEBUG qt.scenegraph.time.renderloop: [window 0x7f20c65f8630][gui thread] Frame prepared, polish=0 ms, lock=0 ms, blockedForSync=0 ms, animations=0 ms
2026-07-14 17:50:56.228 DEBUG qt.scenegraph.time.renderer: time in renderer: total=0ms, preprocess=0, updates=0, rendering=0
2026-07-14 17:50:56.228 DEBUG qt.scenegraph.time.renderloop: [window 0x7f20c65f8630][render thread 0x7f20c0b174c0] syncAndRender: frame rendered in 0ms, sync=0, render=0, swap=0
2026-07-14 17:50:56.260 DEBUG qt.scenegraph.time.renderloop: [window 0x7f20c65f8630][gui thread] polishAndSync: start, elapsed since last call: 32 ms
2026-07-14 17:50:56.261 DEBUG qt.scenegraph.time.renderloop: [window 0x7f20c65f8630][render thread 0x7f20c0b174c0] syncAndRender: start, elapsed since last call: 32 ms
2026-07-14 17:50:56.261 DEBUG qt.scenegraph.time.renderloop: [window 0x7f20c65f8630][gui thread] Frame prepared, polish=0 ms, lock=0 ms, blockedForSync=0 ms, animations=0 ms
2026-07-14 17:50:56.261 DEBUG qt.scenegraph.time.renderer: time in renderer: total=0ms, preprocess=0, updates=0, rendering=0
2026-07-14 17:50:56.261 DEBUG qt.scenegraph.time.renderloop: [window 0x7f20c65f8630][render thread 0x7f20c0b174c0] syncAndRender: frame rendered in 0ms, sync=0, render=0, swap=0
2026-07-14 17:50:56.262 DEBUG qt.scenegraph.time.renderloop: [window 0x7f20c65f8630][gui thread] polishAndSync: start, elapsed since last call: 1 ms
2026-07-14 17:50:56.262 DEBUG qt.scenegraph.time.renderloop: [window 0x7f20c65f8630][render thread 0x7f20c0b174c0] syncAndRender: start, elapsed since last call: 0 ms
2026-07-14 17:50:56.262 DEBUG qt.scenegraph.time.renderloop: [window 0x7f20c65f8630][gui thread] Frame prepared, polish=0 ms, lock=0 ms, blockedForSync=0 ms, animations=0 ms
2026-07-14 17:50:56.262 DEBUG qt.scenegraph.time.renderer: time in renderer: total=0ms, preprocess=0, updates=0, rendering=0
2026-07-14 17:50:56.262 DEBUG qt.scenegraph.time.renderloop: [window 0x7f20c65f8630][render thread 0x7f20c0b174c0] syncAndRender: frame rendered in 0ms, sync=0, render=0, swap=0
2026-07-14 17:50:56.293 DEBUG qt.scenegraph.time.renderloop: [window 0x7f20c65f8630][gui thread] polishAndSync: start, elapsed since last call: 31 ms
2026-07-14 17:50:56.295 DEBUG qt.scenegraph.time.renderloop: [window 0x7f20c65f8630][render thread 0x7f20c0b174c0] syncAndRender: start, elapsed since last call: 33 ms
2026-07-14 17:50:56.295 DEBUG qt.scenegraph.time.renderloop: [window 0x7f20c65f8630][gui thread] Frame prepared, polish=1 ms, lock=0 ms, blockedForSync=0 ms, animations=0 ms
2026-07-14 17:50:56.295 DEBUG qt.scenegraph.time.renderer: time in renderer: total=0ms, preprocess=0, updates=0, rendering=0
2026-07-14 17:50:56.295 DEBUG qt.scenegraph.time.renderloop: [window 0x7f20c65f8630][render thread 0x7f20c0b174c0] syncAndRender: frame rendered in 0ms, sync=0, render=0, swap=0
2026-07-14 17:50:56.296 DEBUG qt.scenegraph.time.renderloop: [window 0x7f20c65f8630][gui thread] polishAndSync: start, elapsed since last call: 2 ms
2026-07-14 17:50:56.296 DEBUG qt.scenegraph.time.renderloop: [window 0x7f20c65f8630][render thread 0x7f20c0b174c0] syncAndRender: start, elapsed since last call: 0 ms
2026-07-14 17:50:56.296 DEBUG qt.scenegraph.time.renderloop: [window 0x7f20c65f8630][gui thread] Frame prepared, polish=0 ms, lock=0 ms, blockedForSync=0 ms, animations=0 ms
2026-07-14 17:50:56.296 DEBUG qt.scenegraph.time.renderer: time in renderer: total=0ms, preprocess=0, updates=0, rendering=0
2026-07-14 17:50:56.296 DEBUG qt.scenegraph.time.renderloop: [window 0x7f20c65f8630][render thread 0x7f20c0b174c0] syncAndRender: frame rendered in 0ms, sync=0, render=0, swap=0
2026-07-14 17:50:56.326 DEBUG qt.scenegraph.time.renderloop: [window 0x7f20c65f8630][gui thread] polishAndSync: start, elapsed since last call: 29 ms
2026-07-14 17:50:56.326 DEBUG qt.scenegraph.time.renderloop: [window 0x7f20c65f8630][render thread 0x7f20c0b174c0] syncAndRender: start, elapsed since last call: 30 ms
2026-07-14 17:50:56.326 DEBUG qt.scenegraph.time.renderloop: [window 0x7f20c65f8630][gui thread] Frame prepared, polish=0 ms, lock=0 ms, blockedForSync=0 ms, animations=0 ms
2026-07-14 17:50:56.327 DEBUG qt.scenegraph.time.renderer: time in renderer: total=0ms, preprocess=0, updates=0, rendering=0
2026-07-14 17:50:56.327 DEBUG qt.scenegraph.time.renderloop: [window 0x7f20c65f8630][render thread 0x7f20c0b174c0] syncAndRender: frame rendered in 0ms, sync=0, render=0, swap=0
2026-07-14 17:50:56.331 DEBUG qt.scenegraph.time.renderloop: [window 0x7f20c65f8630][gui thread] polishAndSync: start, elapsed since last call: 5 ms
2026-07-14 17:50:56.331 DEBUG qt.scenegraph.time.renderloop: [window 0x7f20c65f8630][render thread 0x7f20c0b174c0] syncAndRender: start, elapsed since last call: 5 ms
2026-07-14 17:50:56.331 DEBUG qt.scenegraph.time.renderloop: [window 0x7f20c65f8630][gui thread] Frame prepared, polish=0 ms, lock=0 ms, blockedForSync=0 ms, animations=0 ms
2026-07-14 17:50:56.332 DEBUG qt.scenegraph.time.renderer: time in renderer: total=0ms, preprocess=0, updates=0, rendering=0
2026-07-14 17:50:56.332 DEBUG qt.scenegraph.time.renderloop: [window 0x7f20c65f8630][render thread 0x7f20c0b174c0] syncAndRender: frame rendered in 0ms, sync=0, render=0, swap=0
2026-07-14 17:50:56.359 DEBUG qt.scenegraph.time.renderloop: [window 0x7f20c65f8630][gui thread] polishAndSync: start, elapsed since last call: 27 ms
2026-07-14 17:50:56.359 DEBUG qt.scenegraph.time.renderloop: [window 0x7f20c65f8630][render thread 0x7f20c0b174c0] syncAndRender: start, elapsed since last call: 27 ms
2026-07-14 17:50:56.359 DEBUG qt.scenegraph.time.renderloop: [window 0x7f20c65f8630][gui thread] Frame prepared, polish=0 ms, lock=0 ms, blockedForSync=0 ms, animations=0 ms
2026-07-14 17:50:56.359 DEBUG qt.scenegraph.time.renderer: time in renderer: total=0ms, preprocess=0, updates=0, rendering=0
2026-07-14 17:50:56.359 DEBUG qt.scenegraph.time.renderloop: [window 0x7f20c65f8630][render thread 0x7f20c0b174c0] syncAndRender: frame rendered in 0ms, sync=0, render=0, swap=0
2026-07-14 17:50:56.366 DEBUG qt.scenegraph.time.renderloop: [window 0x7f20c65f8630][gui thread] polishAndSync: start, elapsed since last call: 7 ms
2026-07-14 17:50:56.366 DEBUG qt.scenegraph.time.renderloop: [window 0x7f20c65f8630][render thread 0x7f20c0b174c0] syncAndRender: start, elapsed since last call: 7 ms
2026-07-14 17:50:56.366 DEBUG qt.scenegraph.time.renderloop: [window 0x7f20c65f8630][gui thread] Frame prepared, polish=0 ms, lock=0 ms, blockedForSync=0 ms, animations=0 ms
2026-07-14 17:50:56.366 DEBUG qt.scenegraph.time.renderer: time in renderer: total=0ms, preprocess=0, updates=0, rendering=0
2026-07-14 17:50:56.367 DEBUG qt.scenegraph.time.renderloop: [window 0x7f20c65f8630][render thread 0x7f20c0b174c0] syncAndRender: frame rendered in 0ms, sync=0, render=0, swap=0
2026-07-14 17:50:56.392 DEBUG qt.scenegraph.time.renderloop: [window 0x7f20c65f8630][gui thread] polishAndSync: start, elapsed since last call: 26 ms
2026-07-14 17:50:56.393 DEBUG qt.scenegraph.time.renderloop: [window 0x7f20c65f8630][render thread 0x7f20c0b174c0] syncAndRender: start, elapsed since last call: 26 ms
2026-07-14 17:50:56.393 DEBUG qt.scenegraph.time.renderloop: [window 0x7f20c65f8630][gui thread] Frame prepared, polish=0 ms, lock=0 ms, blockedForSync=0 ms, animations=0 ms
2026-07-14 17:50:56.393 DEBUG qt.scenegraph.time.renderer: time in renderer: total=0ms, preprocess=0, updates=0, rendering=0
2026-07-14 17:50:56.393 DEBUG qt.scenegraph.time.renderloop: [window 0x7f20c65f8630][render thread 0x7f20c0b174c0] syncAndRender: frame rendered in 0ms, sync=0, render=0, swap=0
2026-07-14 17:50:56.394 DEBUG qt.scenegraph.time.renderloop: [window 0x7f20c65f8630][gui thread] polishAndSync: start, elapsed since last call: 1 ms
2026-07-14 17:50:56.394 DEBUG qt.scenegraph.time.renderloop: [window 0x7f20c65f8630][render thread 0x7f20c0b174c0] syncAndRender: start, elapsed since last call: 1 ms
2026-07-14 17:50:56.394 DEBUG qt.scenegraph.time.renderloop: [window 0x7f20c65f8630][gui thread] Frame prepared, polish=0 ms, lock=0 ms, blockedForSync=0 ms, animations=0 ms
2026-07-14 17:50:56.394 DEBUG qt.scenegraph.time.renderer: time in renderer: total=0ms, preprocess=0, updates=0, rendering=0
2026-07-14 17:50:56.394 DEBUG qt.scenegraph.time.renderloop: [window 0x7f20c65f8630][render thread 0x7f20c0b174c0] syncAndRender: frame rendered in 0ms, sync=0, render=0, swap=0
2026-07-14 17:50:56.425 DEBUG qt.scenegraph.time.renderloop: [window 0x7f20c65f8630][gui thread] polishAndSync: start, elapsed since last call: 31 ms
2026-07-14 17:50:56.425 DEBUG qt.scenegraph.time.renderloop: [window 0x7f20c65f8630][render thread 0x7f20c0b174c0] syncAndRender: start, elapsed since last call: 31 ms
2026-07-14 17:50:56.425 DEBUG qt.scenegraph.time.renderloop: [window 0x7f20c65f8630][gui thread] Frame prepared, polish=0 ms, lock=0 ms, blockedForSync=0 ms, animations=0 ms
2026-07-14 17:50:56.425 DEBUG qt.scenegraph.time.renderer: time in renderer: total=0ms, preprocess=0, updates=0, rendering=0
2026-07-14 17:50:56.426 DEBUG qt.scenegraph.time.renderloop: [window 0x7f20c65f8630][render thread 0x7f20c0b174c0] syncAndRender: frame rendered in 0ms, sync=0, render=0, swap=0
2026-07-14 17:50:56.429 DEBUG qt.scenegraph.time.renderloop: [window 0x7f20c65f8630][gui thread] polishAndSync: start, elapsed since last call: 3 ms
2026-07-14 17:50:56.429 DEBUG qt.scenegraph.time.renderloop: [window 0x7f20c65f8630][render thread 0x7f20c0b174c0] syncAndRender: start, elapsed since last call: 3 ms
2026-07-14 17:50:56.429 DEBUG qt.scenegraph.time.renderloop: [window 0x7f20c65f8630][gui thread] Frame prepared, polish=0 ms, lock=0 ms, blockedForSync=0 ms, animations=0 ms
2026-07-14 17:50:56.429 DEBUG qt.scenegraph.time.renderer: time in renderer: total=0ms, preprocess=0, updates=0, rendering=0
2026-07-14 17:50:56.429 DEBUG qt.scenegraph.time.renderloop: [window 0x7f20c65f8630][render thread 0x7f20c0b174c0] syncAndRender: frame rendered in 0ms, sync=0, render=0, swap=0
2026-07-14 17:50:56.458 DEBUG qt.scenegraph.time.renderloop: [window 0x7f20c65f8630][gui thread] polishAndSync: start, elapsed since last call: 29 ms
2026-07-14 17:50:56.458 DEBUG qt.scenegraph.time.renderloop: [window 0x7f20c65f8630][render thread 0x7f20c0b174c0] syncAndRender: start, elapsed since last call: 29 ms
2026-07-14 17:50:56.458 DEBUG qt.scenegraph.time.renderloop: [window 0x7f20c65f8630][gui thread] Frame prepared, polish=0 ms, lock=0 ms, blockedForSync=0 ms, animations=0 ms
2026-07-14 17:50:56.458 DEBUG qt.scenegraph.time.renderer: time in renderer: total=0ms, preprocess=0, updates=0, rendering=0
2026-07-14 17:50:56.458 DEBUG qt.scenegraph.time.renderloop: [window 0x7f20c65f8630][render thread 0x7f20c0b174c0] syncAndRender: frame rendered in 0ms, sync=0, render=0, swap=0
2026-07-14 17:50:56.463 DEBUG qt.scenegraph.time.renderloop: [window 0x7f20c65f8630][gui thread] polishAndSync: start, elapsed since last call: 5 ms
2026-07-14 17:50:56.463 DEBUG qt.scenegraph.time.renderloop: [window 0x7f20c65f8630][render thread 0x7f20c0b174c0] syncAndRender: start, elapsed since last call: 5 ms
2026-07-14 17:50:56.463 DEBUG qt.scenegraph.time.renderloop: [window 0x7f20c65f8630][gui thread] Frame prepared, polish=0 ms, lock=0 ms, blockedForSync=0 ms, animations=0 ms
2026-07-14 17:50:56.464 DEBUG qt.scenegraph.time.renderer: time in renderer: total=0ms, preprocess=0, updates=0, rendering=0
2026-07-14 17:50:56.464 DEBUG qt.scenegraph.time.renderloop: [window 0x7f20c65f8630][render thread 0x7f20c0b174c0] syncAndRender: frame rendered in 0ms, sync=0, render=0, swap=0
2026-07-14 17:50:56.491 DEBUG qt.scenegraph.time.renderloop: [window 0x7f20c65f8630][gui thread] polishAndSync: start, elapsed since last call: 27 ms
2026-07-14 17:50:56.491 DEBUG qt.scenegraph.time.renderloop: [window 0x7f20c65f8630][render thread 0x7f20c0b174c0] syncAndRender: start, elapsed since last call: 27 ms
2026-07-14 17:50:56.491 DEBUG qt.scenegraph.time.renderloop: [window 0x7f20c65f8630][gui thread] Frame prepared, polish=0 ms, lock=0 ms, blockedForSync=0 ms, animations=0 ms
2026-07-14 17:50:56.491 DEBUG qt.scenegraph.time.renderer: time in renderer: total=0ms, preprocess=0, updates=0, rendering=0
2026-07-14 17:50:56.491 DEBUG qt.scenegraph.time.renderloop: [window 0x7f20c65f8630][render thread 0x7f20c0b174c0] syncAndRender: frame rendered in 0ms, sync=0, render=0, swap=0
2026-07-14 17:50:56.498 DEBUG qt.scenegraph.time.renderloop: [window 0x7f20c65f8630][gui thread] polishAndSync: start, elapsed since last call: 7 ms
2026-07-14 17:50:56.498 DEBUG qt.scenegraph.time.renderloop: [window 0x7f20c65f8630][render thread 0x7f20c0b174c0] syncAndRender: start, elapsed since last call: 7 ms
2026-07-14 17:50:56.498 DEBUG qt.scenegraph.time.renderloop: [window 0x7f20c65f8630][gui thread] Frame prepared, polish=0 ms, lock=0 ms, blockedForSync=0 ms, animations=0 ms
2026-07-14 17:50:56.498 DEBUG qt.scenegraph.time.renderer: time in renderer: total=0ms, preprocess=0, updates=0, rendering=0
2026-07-14 17:50:56.499 DEBUG qt.scenegraph.time.renderloop: [window 0x7f20c65f8630][render thread 0x7f20c0b174c0] syncAndRender: frame rendered in 0ms, sync=0, render=0, swap=0
2026-07-14 17:50:56.524 DEBUG qt.scenegraph.time.renderloop: [window 0x7f20c65f8630][gui thread] polishAndSync: start, elapsed since last call: 26 ms
2026-07-14 17:50:56.525 DEBUG qt.scenegraph.time.renderloop: [window 0x7f20c65f8630][render thread 0x7f20c0b174c0] syncAndRender: start, elapsed since last call: 26 ms
2026-07-14 17:50:56.525 DEBUG qt.scenegraph.time.renderloop: [window 0x7f20c65f8630][gui thread] Frame prepared, polish=0 ms, lock=0 ms, blockedForSync=0 ms, animations=0 ms
2026-07-14 17:50:56.525 DEBUG qt.scenegraph.time.renderer: time in renderer: total=0ms, preprocess=0, updates=0, rendering=0
2026-07-14 17:50:56.525 DEBUG qt.scenegraph.time.renderloop: [window 0x7f20c65f8630][render thread 0x7f20c0b174c0] syncAndRender: frame rendered in 0ms, sync=0, render=0, swap=0
2026-07-14 17:50:56.526 DEBUG qt.scenegraph.time.renderloop: [window 0x7f20c65f8630][gui thread] polishAndSync: start, elapsed since last call: 1 ms
2026-07-14 17:50:56.526 DEBUG qt.scenegraph.time.renderloop: [window 0x7f20c65f8630][render thread 0x7f20c0b174c0] syncAndRender: start, elapsed since last call: 1 ms
2026-07-14 17:50:56.526 DEBUG qt.scenegraph.time.renderloop: [window 0x7f20c65f8630][gui thread] Frame prepared, polish=0 ms, lock=0 ms, blockedForSync=0 ms, animations=0 ms
2026-07-14 17:50:56.526 DEBUG qt.scenegraph.time.renderer: time in renderer: total=0ms, preprocess=0, updates=0, rendering=0
2026-07-14 17:50:56.526 DEBUG qt.scenegraph.time.renderloop: [window 0x7f20c65f8630][render thread 0x7f20c0b174c0] syncAndRender: frame rendered in 0ms, sync=0, render=0, swap=0
2026-07-14 17:50:56.557 DEBUG qt.scenegraph.time.renderloop: [window 0x7f20c65f8630][gui thread] polishAndSync: start, elapsed since last call: 31 ms
2026-07-14 17:50:56.557 DEBUG qt.scenegraph.time.renderloop: [window 0x7f20c65f8630][render thread 0x7f20c0b174c0] syncAndRender: start, elapsed since last call: 31 ms
2026-07-14 17:50:56.557 DEBUG qt.scenegraph.time.renderloop: [window 0x7f20c65f8630][gui thread] Frame prepared, polish=0 ms, lock=0 ms, blockedForSync=0 ms, animations=0 ms
2026-07-14 17:50:56.558 DEBUG qt.scenegraph.time.renderer: time in renderer: total=0ms, preprocess=0, updates=0, rendering=0
2026-07-14 17:50:56.558 DEBUG qt.scenegraph.time.renderloop: [window 0x7f20c65f8630][render thread 0x7f20c0b174c0] syncAndRender: frame rendered in 0ms, sync=0, render=0, swap=0
2026-07-14 17:50:56.561 DEBUG qt.scenegraph.time.renderloop: [window 0x7f20c65f8630][gui thread] polishAndSync: start, elapsed since last call: 3 ms
2026-07-14 17:50:56.561 DEBUG qt.scenegraph.time.renderloop: [window 0x7f20c65f8630][render thread 0x7f20c0b174c0] syncAndRender: start, elapsed since last call: 3 ms
2026-07-14 17:50:56.561 DEBUG qt.scenegraph.time.renderloop: [window 0x7f20c65f8630][gui thread] Frame prepared, polish=0 ms, lock=0 ms, blockedForSync=0 ms, animations=0 ms
2026-07-14 17:50:56.561 DEBUG qt.scenegraph.time.renderer: time in renderer: total=0ms, preprocess=0, updates=0, rendering=0
2026-07-14 17:50:56.561 DEBUG qt.scenegraph.time.renderloop: [window 0x7f20c65f8630][render thread 0x7f20c0b174c0] syncAndRender: frame rendered in 0ms, sync=0, render=0, swap=0
2026-07-14 17:50:56.590 DEBUG qt.scenegraph.time.renderloop: [window 0x7f20c65f8630][gui thread] polishAndSync: start, elapsed since last call: 29 ms
2026-07-14 17:50:56.590 DEBUG qt.scenegraph.time.renderloop: [window 0x7f20c65f8630][render thread 0x7f20c0b174c0] syncAndRender: start, elapsed since last call: 29 ms
2026-07-14 17:50:56.590 DEBUG qt.scenegraph.time.renderloop: [window 0x7f20c65f8630][gui thread] Frame prepared, polish=0 ms, lock=0 ms, blockedForSync=0 ms, animations=0 ms
2026-07-14 17:50:56.590 DEBUG qt.scenegraph.time.renderer: time in renderer: total=0ms, preprocess=0, updates=0, rendering=0
2026-07-14 17:50:56.591 DEBUG qt.scenegraph.time.renderloop: [window 0x7f20c65f8630][render thread 0x7f20c0b174c0] syncAndRender: frame rendered in 0ms, sync=0, render=0, swap=0
2026-07-14 17:50:56.596 DEBUG qt.scenegraph.time.renderloop: [window 0x7f20c65f8630][gui thread] polishAndSync: start, elapsed since last call: 5 ms
2026-07-14 17:50:56.596 DEBUG qt.scenegraph.time.renderloop: [window 0x7f20c65f8630][render thread 0x7f20c0b174c0] syncAndRender: start, elapsed since last call: 5 ms
2026-07-14 17:50:56.596 DEBUG qt.scenegraph.time.renderloop: [window 0x7f20c65f8630][gui thread] Frame prepared, polish=0 ms, lock=0 ms, blockedForSync=0 ms, animations=0 ms
2026-07-14 17:50:56.596 DEBUG qt.scenegraph.time.renderer: time in renderer: total=0ms, preprocess=0, updates=0, rendering=0
2026-07-14 17:50:56.596 DEBUG qt.scenegraph.time.renderloop: [window 0x7f20c65f8630][render thread 0x7f20c0b174c0] syncAndRender: frame rendered in 0ms, sync=0, render=0, swap=0
2026-07-14 17:50:56.623 DEBUG qt.scenegraph.time.renderloop: [window 0x7f20c65f8630][gui thread] polishAndSync: start, elapsed since last call: 26 ms
2026-07-14 17:50:56.623 DEBUG qt.scenegraph.time.renderloop: [window 0x7f20c65f8630][render thread 0x7f20c0b174c0] syncAndRender: start, elapsed since last call: 27 ms
2026-07-14 17:50:56.623 DEBUG qt.scenegraph.time.renderloop: [window 0x7f20c65f8630][gui thread] Frame prepared, polish=0 ms, lock=0 ms, blockedForSync=0 ms, animations=0 ms
2026-07-14 17:50:56.623 DEBUG qt.scenegraph.time.renderer: time in renderer: total=0ms, preprocess=0, updates=0, rendering=0
2026-07-14 17:50:56.623 DEBUG qt.scenegraph.time.renderloop: [window 0x7f20c65f8630][render thread 0x7f20c0b174c0] syncAndRender: frame rendered in 0ms, sync=0, render=0, swap=0
2026-07-14 17:50:56.630 DEBUG qt.scenegraph.time.renderloop: [window 0x7f20c65f8630][gui thread] polishAndSync: start, elapsed since last call: 7 ms
2026-07-14 17:50:56.630 DEBUG qt.scenegraph.time.renderloop: [window 0x7f20c65f8630][render thread 0x7f20c0b174c0] syncAndRender: start, elapsed since last call: 7 ms
2026-07-14 17:50:56.630 DEBUG qt.scenegraph.time.renderloop: [window 0x7f20c65f8630][gui thread] Frame prepared, polish=0 ms, lock=0 ms, blockedForSync=0 ms, animations=0 ms
2026-07-14 17:50:56.630 DEBUG qt.scenegraph.time.renderer: time in renderer: total=0ms, preprocess=0, updates=0, rendering=0
2026-07-14 17:50:56.631 DEBUG qt.scenegraph.time.renderloop: [window 0x7f20c65f8630][render thread 0x7f20c0b174c0] syncAndRender: frame rendered in 0ms, sync=0, render=0, swap=0
2026-07-14 17:50:56.656 DEBUG qt.scenegraph.time.renderloop: [window 0x7f20c65f8630][gui thread] polishAndSync: start, elapsed since last call: 26 ms
2026-07-14 17:50:56.657 DEBUG qt.scenegraph.time.renderloop: [window 0x7f20c65f8630][render thread 0x7f20c0b174c0] syncAndRender: start, elapsed since last call: 26 ms
2026-07-14 17:50:56.657 DEBUG qt.scenegraph.time.renderloop: [window 0x7f20c65f8630][gui thread] Frame prepared, polish=0 ms, lock=0 ms, blockedForSync=0 ms, animations=0 ms
2026-07-14 17:50:56.657 DEBUG qt.scenegraph.time.renderer: time in renderer: total=0ms, preprocess=0, updates=0, rendering=0
2026-07-14 17:50:56.657 DEBUG qt.scenegraph.time.renderloop: [window 0x7f20c65f8630][render thread 0x7f20c0b174c0] syncAndRender: frame rendered in 0ms, sync=0, render=0, swap=0
2026-07-14 17:50:56.658 DEBUG qt.scenegraph.time.renderloop: [window 0x7f20c65f8630][gui thread] polishAndSync: start, elapsed since last call: 1 ms
2026-07-14 17:50:56.658 DEBUG qt.scenegraph.time.renderloop: [window 0x7f20c65f8630][render thread 0x7f20c0b174c0] syncAndRender: start, elapsed since last call: 1 ms
2026-07-14 17:50:56.658 DEBUG qt.scenegraph.time.renderloop: [window 0x7f20c65f8630][gui thread] Frame prepared, polish=0 ms, lock=0 ms, blockedForSync=0 ms, animations=0 ms
2026-07-14 17:50:56.658 DEBUG qt.scenegraph.time.renderer: time in renderer: total=0ms, preprocess=0, updates=0, rendering=0
2026-07-14 17:50:56.658 DEBUG qt.scenegraph.time.renderloop: [window 0x7f20c65f8630][render thread 0x7f20c0b174c0] syncAndRender: frame rendered in 0ms, sync=0, render=0, swap=0
2026-07-14 17:50:56.689 DEBUG qt.scenegraph.time.renderloop: [window 0x7f20c65f8630][gui thread] polishAndSync: start, elapsed since last call: 31 ms
2026-07-14 17:50:56.689 DEBUG qt.scenegraph.time.renderloop: [window 0x7f20c65f8630][render thread 0x7f20c0b174c0] syncAndRender: start, elapsed since last call: 31 ms
2026-07-14 17:50:56.689 DEBUG qt.scenegraph.time.renderloop: [window 0x7f20c65f8630][gui thread] Frame prepared, polish=0 ms, lock=0 ms, blockedForSync=0 ms, animations=0 ms
2026-07-14 17:50:56.689 DEBUG qt.scenegraph.time.renderer: time in renderer: total=0ms, preprocess=0, updates=0, rendering=0
2026-07-14 17:50:56.690 DEBUG qt.scenegraph.time.renderloop: [window 0x7f20c65f8630][render thread 0x7f20c0b174c0] syncAndRender: frame rendered in 0ms, sync=0, render=0, swap=0
2026-07-14 17:50:56.693 DEBUG qt.scenegraph.time.renderloop: [window 0x7f20c65f8630][gui thread] polishAndSync: start, elapsed since last call: 3 ms
2026-07-14 17:50:56.693 DEBUG qt.scenegraph.time.renderloop: [window 0x7f20c65f8630][render thread 0x7f20c0b174c0] syncAndRender: start, elapsed since last call: 3 ms
2026-07-14 17:50:56.693 DEBUG qt.scenegraph.time.renderloop: [window 0x7f20c65f8630][gui thread] Frame prepared, polish=0 ms, lock=0 ms, blockedForSync=0 ms, animations=0 ms
2026-07-14 17:50:56.693 DEBUG qt.scenegraph.time.renderer: time in renderer: total=0ms, preprocess=0, updates=0, rendering=0
2026-07-14 17:50:56.693 DEBUG qt.scenegraph.time.renderloop: [window 0x7f20c65f8630][render thread 0x7f20c0b174c0] syncAndRender: frame rendered in 0ms, sync=0, render=0, swap=0
2026-07-14 17:50:56.722 DEBUG qt.scenegraph.time.renderloop: [window 0x7f20c65f8630][gui thread] polishAndSync: start, elapsed since last call: 29 ms
2026-07-14 17:50:56.722 DEBUG qt.scenegraph.time.renderloop: [window 0x7f20c65f8630][render thread 0x7f20c0b174c0] syncAndRender: start, elapsed since last call: 29 ms
2026-07-14 17:50:56.722 DEBUG qt.scenegraph.time.renderloop: [window 0x7f20c65f8630][gui thread] Frame prepared, polish=0 ms, lock=0 ms, blockedForSync=0 ms, animations=0 ms
2026-07-14 17:50:56.722 DEBUG qt.scenegraph.time.renderer: time in renderer: total=0ms, preprocess=0, updates=0, rendering=0
2026-07-14 17:50:56.723 DEBUG qt.scenegraph.time.renderloop: [window 0x7f20c65f8630][render thread 0x7f20c0b174c0] syncAndRender: frame rendered in 0ms, sync=0, render=0, swap=0
2026-07-14 17:50:56.727 DEBUG qt.scenegraph.time.renderloop: [window 0x7f20c65f8630][gui thread] polishAndSync: start, elapsed since last call: 5 ms
2026-07-14 17:50:56.728 DEBUG qt.scenegraph.time.renderloop: [window 0x7f20c65f8630][render thread 0x7f20c0b174c0] syncAndRender: start, elapsed since last call: 5 ms
2026-07-14 17:50:56.728 DEBUG qt.scenegraph.time.renderloop: [window 0x7f20c65f8630][gui thread] Frame prepared, polish=0 ms, lock=0 ms, blockedForSync=0 ms, animations=0 ms
2026-07-14 17:50:56.728 DEBUG qt.scenegraph.time.renderer: time in renderer: total=0ms, preprocess=0, updates=0, rendering=0
2026-07-14 17:50:56.728 DEBUG qt.scenegraph.time.renderloop: [window 0x7f20c65f8630][render thread 0x7f20c0b174c0] syncAndRender: frame rendered in 0ms, sync=0, render=0, swap=0
2026-07-14 17:50:56.755 DEBUG qt.scenegraph.time.renderloop: [window 0x7f20c65f8630][gui thread] polishAndSync: start, elapsed since last call: 27 ms
2026-07-14 17:50:56.755 DEBUG qt.scenegraph.time.renderloop: [window 0x7f20c65f8630][render thread 0x7f20c0b174c0] syncAndRender: start, elapsed since last call: 27 ms
2026-07-14 17:50:56.755 DEBUG qt.scenegraph.time.renderloop: [window 0x7f20c65f8630][gui thread] Frame prepared, polish=0 ms, lock=0 ms, blockedForSync=0 ms, animations=0 ms
2026-07-14 17:50:56.755 DEBUG qt.scenegraph.time.renderer: time in renderer: total=0ms, preprocess=0, updates=0, rendering=0
2026-07-14 17:50:56.755 DEBUG qt.scenegraph.time.renderloop: [window 0x7f20c65f8630][render thread 0x7f20c0b174c0] syncAndRender: frame rendered in 0ms, sync=0, render=0, swap=0
2026-07-14 17:50:56.762 DEBUG qt.scenegraph.time.renderloop: [window 0x7f20c65f8630][gui thread] polishAndSync: start, elapsed since last call: 7 ms
2026-07-14 17:50:56.762 DEBUG qt.scenegraph.time.renderloop: [window 0x7f20c65f8630][render thread 0x7f20c0b174c0] syncAndRender: start, elapsed since last call: 7 ms
2026-07-14 17:50:56.762 DEBUG qt.scenegraph.time.renderloop: [window 0x7f20c65f8630][gui thread] Frame prepared, polish=0 ms, lock=0 ms, blockedForSync=0 ms, animations=0 ms
2026-07-14 17:50:56.763 DEBUG qt.scenegraph.time.renderer: time in renderer: total=0ms, preprocess=0, updates=0, rendering=0
2026-07-14 17:50:56.763 DEBUG qt.scenegraph.time.renderloop: [window 0x7f20c65f8630][render thread 0x7f20c0b174c0] syncAndRender: frame rendered in 0ms, sync=0, render=0, swap=0
2026-07-14 17:50:56.788 DEBUG qt.scenegraph.time.renderloop: [window 0x7f20c65f8630][gui thread] polishAndSync: start, elapsed since last call: 26 ms
2026-07-14 17:50:56.789 DEBUG qt.scenegraph.time.renderloop: [window 0x7f20c65f8630][render thread 0x7f20c0b174c0] syncAndRender: start, elapsed since last call: 26 ms
2026-07-14 17:50:56.789 DEBUG qt.scenegraph.time.renderloop: [window 0x7f20c65f8630][gui thread] Frame prepared, polish=0 ms, lock=0 ms, blockedForSync=0 ms, animations=0 ms
2026-07-14 17:50:56.789 DEBUG qt.scenegraph.time.renderer: time in renderer: total=0ms, preprocess=0, updates=0, rendering=0
2026-07-14 17:50:56.789 DEBUG qt.scenegraph.time.renderloop: [window 0x7f20c65f8630][render thread 0x7f20c0b174c0] syncAndRender: frame rendered in 0ms, sync=0, render=0, swap=0
2026-07-14 17:50:56.790 DEBUG qt.scenegraph.time.renderloop: [window 0x7f20c65f8630][gui thread] polishAndSync: start, elapsed since last call: 1 ms
2026-07-14 17:50:56.790 DEBUG qt.scenegraph.time.renderloop: [window 0x7f20c65f8630][render thread 0x7f20c0b174c0] syncAndRender: start, elapsed since last call: 1 ms
2026-07-14 17:50:56.790 DEBUG qt.scenegraph.time.renderloop: [window 0x7f20c65f8630][gui thread] Frame prepared, polish=0 ms, lock=0 ms, blockedForSync=0 ms, animations=0 ms
2026-07-14 17:50:56.790 DEBUG qt.scenegraph.time.renderer: time in renderer: total=0ms, preprocess=0, updates=0, rendering=0
2026-07-14 17:50:56.790 DEBUG qt.scenegraph.time.renderloop: [window 0x7f20c65f8630][render thread 0x7f20c0b174c0] syncAndRender: frame rendered in 0ms, sync=0, render=0, swap=0
2026-07-14 17:50:56.821 DEBUG qt.scenegraph.time.renderloop: [window 0x7f20c65f8630][gui thread] polishAndSync: start, elapsed since last call: 31 ms
2026-07-14 17:50:56.822 DEBUG qt.scenegraph.time.renderloop: [window 0x7f20c65f8630][render thread 0x7f20c0b174c0] syncAndRender: start, elapsed since last call: 31 ms
2026-07-14 17:50:56.822 DEBUG qt.scenegraph.time.renderloop: [window 0x7f20c65f8630][gui thread] Frame prepared, polish=0 ms, lock=0 ms, blockedForSync=0 ms, animations=0 ms
2026-07-14 17:50:56.822 DEBUG qt.scenegraph.time.renderer: time in renderer: total=0ms, preprocess=0, updates=0, rendering=0
2026-07-14 17:50:56.822 DEBUG qt.scenegraph.time.renderloop: [window 0x7f20c65f8630][render thread 0x7f20c0b174c0] syncAndRender: frame rendered in 0ms, sync=0, render=0, swap=0
2026-07-14 17:50:56.825 DEBUG qt.scenegraph.time.renderloop: [window 0x7f20c65f8630][gui thread] polishAndSync: start, elapsed since last call: 3 ms
2026-07-14 17:50:56.825 DEBUG qt.scenegraph.time.renderloop: [window 0x7f20c65f8630][render thread 0x7f20c0b174c0] syncAndRender: start, elapsed since last call: 3 ms
2026-07-14 17:50:56.825 DEBUG qt.scenegraph.time.renderloop: [window 0x7f20c65f8630][gui thread] Frame prepared, polish=0 ms, lock=0 ms, blockedForSync=0 ms, animations=0 ms
2026-07-14 17:50:56.825 DEBUG qt.scenegraph.time.renderer: time in renderer: total=0ms, preprocess=0, updates=0, rendering=0
2026-07-14 17:50:56.825 DEBUG qt.scenegraph.time.renderloop: [window 0x7f20c65f8630][render thread 0x7f20c0b174c0] syncAndRender: frame rendered in 0ms, sync=0, render=0, swap=0
2026-07-14 17:50:56.854 DEBUG qt.scenegraph.time.renderloop: [window 0x7f20c65f8630][gui thread] polishAndSync: start, elapsed since last call: 29 ms
2026-07-14 17:50:56.854 DEBUG qt.scenegraph.time.renderloop: [window 0x7f20c65f8630][render thread 0x7f20c0b174c0] syncAndRender: start, elapsed since last call: 29 ms
2026-07-14 17:50:56.854 DEBUG qt.scenegraph.time.renderloop: [window 0x7f20c65f8630][gui thread] Frame prepared, polish=0 ms, lock=0 ms, blockedForSync=0 ms, animations=0 ms
2026-07-14 17:50:56.854 DEBUG qt.scenegraph.time.renderer: time in renderer: total=0ms, preprocess=0, updates=0, rendering=0
2026-07-14 17:50:56.855 DEBUG qt.scenegraph.time.renderloop: [window 0x7f20c65f8630][render thread 0x7f20c0b174c0] syncAndRender: frame rendered in 0ms, sync=0, render=0, swap=0
2026-07-14 17:50:56.859 DEBUG qt.scenegraph.time.renderloop: [window 0x7f20c65f8630][gui thread] polishAndSync: start, elapsed since last call: 5 ms
2026-07-14 17:50:56.860 DEBUG qt.scenegraph.time.renderloop: [window 0x7f20c65f8630][render thread 0x7f20c0b174c0] syncAndRender: start, elapsed since last call: 5 ms
2026-07-14 17:50:56.860 DEBUG qt.scenegraph.time.renderloop: [window 0x7f20c65f8630][gui thread] Frame prepared, polish=0 ms, lock=0 ms, blockedForSync=0 ms, animations=0 ms
2026-07-14 17:50:56.860 DEBUG qt.scenegraph.time.renderer: time in renderer: total=0ms, preprocess=0, updates=0, rendering=0
2026-07-14 17:50:56.860 DEBUG qt.scenegraph.time.renderloop: [window 0x7f20c65f8630][render thread 0x7f20c0b174c0] syncAndRender: frame rendered in 0ms, sync=0, render=0, swap=0
2026-07-14 17:50:56.887 DEBUG qt.scenegraph.time.renderloop: [window 0x7f20c65f8630][gui thread] polishAndSync: start, elapsed since last call: 27 ms
2026-07-14 17:50:56.887 DEBUG qt.scenegraph.time.renderloop: [window 0x7f20c65f8630][render thread 0x7f20c0b174c0] syncAndRender: start, elapsed since last call: 27 ms
2026-07-14 17:50:56.887 DEBUG qt.scenegraph.time.renderloop: [window 0x7f20c65f8630][gui thread] Frame prepared, polish=0 ms, lock=0 ms, blockedForSync=0 ms, animations=0 ms
2026-07-14 17:50:56.887 DEBUG qt.scenegraph.time.renderer: time in renderer: total=0ms, preprocess=0, updates=0, rendering=0
2026-07-14 17:50:56.887 DEBUG qt.scenegraph.time.renderloop: [window 0x7f20c65f8630][render thread 0x7f20c0b174c0] syncAndRender: frame rendered in 0ms, sync=0, render=0, swap=0
2026-07-14 17:50:56.894 DEBUG qt.scenegraph.time.renderloop: [window 0x7f20c65f8630][gui thread] polishAndSync: start, elapsed since last call: 7 ms
2026-07-14 17:50:56.894 DEBUG qt.scenegraph.time.renderloop: [window 0x7f20c65f8630][render thread 0x7f20c0b174c0] syncAndRender: start, elapsed since last call: 7 ms
2026-07-14 17:50:56.894 DEBUG qt.scenegraph.time.renderloop: [window 0x7f20c65f8630][gui thread] Frame prepared, polish=0 ms, lock=0 ms, blockedForSync=0 ms, animations=0 ms
2026-07-14 17:50:56.894 DEBUG qt.scenegraph.time.renderer: time in renderer: total=0ms, preprocess=0, updates=0, rendering=0
2026-07-14 17:50:56.895 DEBUG qt.scenegraph.time.renderloop: [window 0x7f20c65f8630][render thread 0x7f20c0b174c0] syncAndRender: frame rendered in 0ms, sync=0, render=0, swap=0
2026-07-14 17:50:56.920 DEBUG qt.scenegraph.time.renderloop: [window 0x7f20c65f8630][gui thread] polishAndSync: start, elapsed since last call: 26 ms
2026-07-14 17:50:56.921 DEBUG qt.scenegraph.time.renderloop: [window 0x7f20c65f8630][render thread 0x7f20c0b174c0] syncAndRender: start, elapsed since last call: 26 ms
2026-07-14 17:50:56.921 DEBUG qt.scenegraph.time.renderloop: [window 0x7f20c65f8630][gui thread] Frame prepared, polish=0 ms, lock=0 ms, blockedForSync=0 ms, animations=0 ms
2026-07-14 17:50:56.921 DEBUG qt.scenegraph.time.renderer: time in renderer: total=0ms, preprocess=0, updates=0, rendering=0
2026-07-14 17:50:56.921 DEBUG qt.scenegraph.time.renderloop: [window 0x7f20c65f8630][render thread 0x7f20c0b174c0] syncAndRender: frame rendered in 0ms, sync=0, render=0, swap=0
2026-07-14 17:50:56.922 DEBUG qt.scenegraph.time.renderloop: [window 0x7f20c65f8630][gui thread] polishAndSync: start, elapsed since last call: 1 ms
2026-07-14 17:50:56.922 DEBUG qt.scenegraph.time.renderloop: [window 0x7f20c65f8630][render thread 0x7f20c0b174c0] syncAndRender: start, elapsed since last call: 1 ms
2026-07-14 17:50:56.922 DEBUG qt.scenegraph.time.renderloop: [window 0x7f20c65f8630][gui thread] Frame prepared, polish=0 ms, lock=0 ms, blockedForSync=0 ms, animations=0 ms
2026-07-14 17:50:56.922 DEBUG qt.scenegraph.time.renderer: time in renderer: total=0ms, preprocess=0, updates=0, rendering=0
2026-07-14 17:50:56.922 DEBUG qt.scenegraph.time.renderloop: [window 0x7f20c65f8630][render thread 0x7f20c0b174c0] syncAndRender: frame rendered in 0ms, sync=0, render=0, swap=0
2026-07-14 17:50:56.953 DEBUG qt.scenegraph.time.renderloop: [window 0x7f20c65f8630][gui thread] polishAndSync: start, elapsed since last call: 31 ms
2026-07-14 17:50:56.953 DEBUG qt.scenegraph.time.renderloop: [window 0x7f20c65f8630][render thread 0x7f20c0b174c0] syncAndRender: start, elapsed since last call: 31 ms
2026-07-14 17:50:56.953 DEBUG qt.scenegraph.time.renderloop: [window 0x7f20c65f8630][gui thread] Frame prepared, polish=0 ms, lock=0 ms, blockedForSync=0 ms, animations=0 ms
2026-07-14 17:50:56.954 DEBUG qt.scenegraph.time.renderer: time in renderer: total=0ms, preprocess=0, updates=0, rendering=0
2026-07-14 17:50:56.954 DEBUG qt.scenegraph.time.renderloop: [window 0x7f20c65f8630][render thread 0x7f20c0b174c0] syncAndRender: frame rendered in 0ms, sync=0, render=0, swap=0
2026-07-14 17:50:56.957 DEBUG qt.scenegraph.time.renderloop: [window 0x7f20c65f8630][gui thread] polishAndSync: start, elapsed since last call: 3 ms
2026-07-14 17:50:56.957 DEBUG qt.scenegraph.time.renderloop: [window 0x7f20c65f8630][render thread 0x7f20c0b174c0] syncAndRender: start, elapsed since last call: 3 ms
2026-07-14 17:50:56.957 DEBUG qt.scenegraph.time.renderloop: [window 0x7f20c65f8630][gui thread] Frame prepared, polish=0 ms, lock=0 ms, blockedForSync=0 ms, animations=0 ms
2026-07-14 17:50:56.957 DEBUG qt.scenegraph.time.renderer: time in renderer: total=0ms, preprocess=0, updates=0, rendering=0
2026-07-14 17:50:56.957 DEBUG qt.scenegraph.time.renderloop: [window 0x7f20c65f8630][render thread 0x7f20c0b174c0] syncAndRender: frame rendered in 0ms, sync=0, render=0, swap=0
2026-07-14 17:50:56.986 DEBUG qt.scenegraph.time.renderloop: [window 0x7f20c65f8630][gui thread] polishAndSync: start, elapsed since last call: 29 ms
2026-07-14 17:50:56.986 DEBUG qt.scenegraph.time.renderloop: [window 0x7f20c65f8630][render thread 0x7f20c0b174c0] syncAndRender: start, elapsed since last call: 29 ms
2026-07-14 17:50:56.986 DEBUG qt.scenegraph.time.renderloop: [window 0x7f20c65f8630][gui thread] Frame prepared, polish=0 ms, lock=0 ms, blockedForSync=0 ms, animations=0 ms
2026-07-14 17:50:56.986 DEBUG qt.scenegraph.time.renderer: time in renderer: total=0ms, preprocess=0, updates=0, rendering=0
2026-07-14 17:50:56.987 DEBUG qt.scenegraph.time.renderloop: [window 0x7f20c65f8630][render thread 0x7f20c0b174c0] syncAndRender: frame rendered in 0ms, sync=0, render=0, swap=0
2026-07-14 17:50:56.992 DEBUG qt.scenegraph.time.renderloop: [window 0x7f20c65f8630][gui thread] polishAndSync: start, elapsed since last call: 5 ms
2026-07-14 17:50:56.992 DEBUG qt.scenegraph.time.renderloop: [window 0x7f20c65f8630][render thread 0x7f20c0b174c0] syncAndRender: start, elapsed since last call: 5 ms
2026-07-14 17:50:56.992 DEBUG qt.scenegraph.time.renderloop: [window 0x7f20c65f8630][gui thread] Frame prepared, polish=0 ms, lock=0 ms, blockedForSync=0 ms, animations=0 ms
2026-07-14 17:50:56.992 DEBUG qt.scenegraph.time.renderer: time in renderer: total=0ms, preprocess=0, updates=0, rendering=0
2026-07-14 17:50:56.992 DEBUG qt.scenegraph.time.renderloop: [window 0x7f20c65f8630][render thread 0x7f20c0b174c0] syncAndRender: frame rendered in 0ms, sync=0, render=0, swap=0
2026-07-14 17:50:57.019 DEBUG qt.scenegraph.time.renderloop: [window 0x7f20c65f8630][gui thread] polishAndSync: start, elapsed since last call: 27 ms
2026-07-14 17:50:57.019 DEBUG qt.scenegraph.time.renderloop: [window 0x7f20c65f8630][render thread 0x7f20c0b174c0] syncAndRender: start, elapsed since last call: 27 ms
2026-07-14 17:50:57.019 DEBUG qt.scenegraph.time.renderloop: [window 0x7f20c65f8630][gui thread] Frame prepared, polish=0 ms, lock=0 ms, blockedForSync=0 ms, animations=0 ms
2026-07-14 17:50:57.019 DEBUG qt.scenegraph.time.renderer: time in renderer: total=0ms, preprocess=0, updates=0, rendering=0
2026-07-14 17:50:57.019 DEBUG qt.scenegraph.time.renderloop: [window 0x7f20c65f8630][render thread 0x7f20c0b174c0] syncAndRender: frame rendered in 0ms, sync=0, render=0, swap=0
2026-07-14 17:50:57.026 DEBUG qt.scenegraph.time.renderloop: [window 0x7f20c65f8630][gui thread] polishAndSync: start, elapsed since last call: 7 ms
2026-07-14 17:50:57.026 DEBUG qt.scenegraph.time.renderloop: [window 0x7f20c65f8630][render thread 0x7f20c0b174c0] syncAndRender: start, elapsed since last call: 7 ms
2026-07-14 17:50:57.026 DEBUG qt.scenegraph.time.renderloop: [window 0x7f20c65f8630][gui thread] Frame prepared, polish=0 ms, lock=0 ms, blockedForSync=0 ms, animations=0 ms
2026-07-14 17:50:57.026 DEBUG qt.scenegraph.time.renderer: time in renderer: total=0ms, preprocess=0, updates=0, rendering=0
2026-07-14 17:50:57.027 DEBUG qt.scenegraph.time.renderloop: [window 0x7f20c65f8630][render thread 0x7f20c0b174c0] syncAndRender: frame rendered in 0ms, sync=0, render=0, swap=0
2026-07-14 17:50:57.042 DEBUG qt.scenegraph.time.renderloop: [window 0x7f20c65f8630][gui thread] polishAndSync: start, elapsed since last call: 15 ms
2026-07-14 17:50:57.042 DEBUG qt.scenegraph.time.renderloop: [window 0x7f20c65f8630][render thread 0x7f20c0b174c0] syncAndRender: start, elapsed since last call: 15 ms
2026-07-14 17:50:57.042 DEBUG qt.scenegraph.time.renderloop: [window 0x7f20c65f8630][gui thread] Frame prepared, polish=0 ms, lock=0 ms, blockedForSync=0 ms, animations=0 ms
2026-07-14 17:50:57.042 DEBUG qt.scenegraph.time.renderloop: [window 0x7f20c65f8630][gui thread] polishAndSync: start, elapsed since last call: 0 ms
2026-07-14 17:50:57.042 DEBUG qt.scenegraph.time.texture: atlastexture upload enqueued in: -9223363142073ms (16x16)
2026-07-14 17:50:57.042 DEBUG qt.scenegraph.time.texture: atlastexture upload enqueued in: -9223363142073ms (36x14)
2026-07-14 17:50:57.042 DEBUG qt.scenegraph.time.renderer: time in renderer: total=0ms, preprocess=0, updates=0, rendering=0
2026-07-14 17:50:57.043 DEBUG qt.scenegraph.time.renderloop: [window 0x7f20c65f8630][render thread 0x7f20c0b174c0] syncAndRender: frame rendered in 1ms, sync=0, render=0, swap=0
2026-07-14 17:50:57.043 DEBUG qt.scenegraph.time.renderloop: [window 0x7f20c65f8630][render thread 0x7f20c0b174c0] syncAndRender: start, elapsed since last call: 1 ms
2026-07-14 17:50:57.043 DEBUG qt.scenegraph.time.renderloop: [window 0x7f20c65f8630][gui thread] Frame prepared, polish=0 ms, lock=0 ms, blockedForSync=0 ms, animations=0 ms
2026-07-14 17:50:57.043 DEBUG qt.scenegraph.time.renderer: time in renderer: total=0ms, preprocess=0, updates=0, rendering=0
2026-07-14 17:50:57.047 DEBUG qt.scenegraph.time.renderloop: [window 0x7f20c65f8630][gui thread] polishAndSync: start, elapsed since last call: 4 ms
2026-07-14 17:50:57.047 DEBUG qt.scenegraph.time.renderloop: [window 0x7f20c65f8630][render thread 0x7f20c0b174c0] syncAndRender: frame rendered in 4ms, sync=0, render=0, swap=4
2026-07-14 17:50:57.047 DEBUG qt.scenegraph.time.renderloop: [window 0x7f20c65f8630][render thread 0x7f20c0b174c0] syncAndRender: start, elapsed since last call: 4 ms
2026-07-14 17:50:57.047 DEBUG qt.scenegraph.time.renderloop: [window 0x7f20c65f8630][gui thread] Frame prepared, polish=0 ms, lock=0 ms, blockedForSync=0 ms, animations=0 ms
2026-07-14 17:50:57.047 DEBUG qt.scenegraph.time.renderer: time in renderer: total=0ms, preprocess=0, updates=0, rendering=0
2026-07-14 17:50:57.054 DEBUG qt.scenegraph.time.renderloop: [window 0x7f20c65f8630][gui thread] polishAndSync: start, elapsed since last call: 6 ms
2026-07-14 17:50:57.054 DEBUG qt.scenegraph.time.renderloop: [window 0x7f20c65f8630][render thread 0x7f20c0b174c0] syncAndRender: frame rendered in 6ms, sync=0, render=0, swap=6
2026-07-14 17:50:57.055 DEBUG qt.scenegraph.time.renderloop: [window 0x7f20c65f8630][render thread 0x7f20c0b174c0] syncAndRender: start, elapsed since last call: 7 ms
2026-07-14 17:50:57.055 DEBUG qt.scenegraph.time.renderloop: [window 0x7f20c65f8630][gui thread] Frame prepared, polish=0 ms, lock=0 ms, blockedForSync=0 ms, animations=0 ms
2026-07-14 17:50:57.055 DEBUG qt.scenegraph.time.texture: atlastexture upload enqueued in: -9223363142061ms (36x14)
2026-07-14 17:50:57.055 DEBUG qt.scenegraph.time.renderer: time in renderer: total=0ms, preprocess=0, updates=0, rendering=0
2026-07-14 17:50:57.061 DEBUG qt.scenegraph.time.renderloop: [window 0x7f20c65f8630][gui thread] polishAndSync: start, elapsed since last call: 6 ms
2026-07-14 17:50:57.061 DEBUG qt.scenegraph.time.renderloop: [window 0x7f20c65f8630][render thread 0x7f20c0b174c0] syncAndRender: frame rendered in 6ms, sync=0, render=0, swap=6
2026-07-14 17:50:57.061 DEBUG qt.scenegraph.time.renderloop: [window 0x7f20c65f8630][render thread 0x7f20c0b174c0] syncAndRender: start, elapsed since last call: 6 ms
2026-07-14 17:50:57.061 DEBUG qt.scenegraph.time.renderloop: [window 0x7f20c65f8630][gui thread] Frame prepared, polish=0 ms, lock=0 ms, blockedForSync=0 ms, animations=0 ms
2026-07-14 17:50:57.061 DEBUG qt.scenegraph.time.renderer: time in renderer: total=0ms, preprocess=0, updates=0, rendering=0
2026-07-14 17:50:57.068 DEBUG qt.scenegraph.time.renderloop: [window 0x7f20c65f8630][gui thread] polishAndSync: start, elapsed since last call: 6 ms
2026-07-14 17:50:57.068 DEBUG qt.scenegraph.time.renderloop: [window 0x7f20c65f8630][render thread 0x7f20c0b174c0] syncAndRender: frame rendered in 6ms, sync=0, render=0, swap=6
2026-07-14 17:50:57.068 DEBUG qt.scenegraph.time.renderloop: [window 0x7f20c65f8630][render thread 0x7f20c0b174c0] syncAndRender: start, elapsed since last call: 6 ms
2026-07-14 17:50:57.068 DEBUG qt.scenegraph.time.renderloop: [window 0x7f20c65f8630][gui thread] Frame prepared, polish=0 ms, lock=0 ms, blockedForSync=0 ms, animations=0 ms
2026-07-14 17:50:57.068 DEBUG qt.scenegraph.time.renderer: time in renderer: total=0ms, preprocess=0, updates=0, rendering=0
2026-07-14 17:50:57.075 DEBUG qt.scenegraph.time.renderloop: [window 0x7f20c65f8630][gui thread] polishAndSync: start, elapsed since last call: 7 ms
2026-07-14 17:50:57.075 DEBUG qt.scenegraph.time.renderloop: [window 0x7f20c65f8630][render thread 0x7f20c0b174c0] syncAndRender: frame rendered in 7ms, sync=0, render=0, swap=7
2026-07-14 17:50:57.075 DEBUG qt.scenegraph.time.renderloop: [window 0x7f20c65f8630][render thread 0x7f20c0b174c0] syncAndRender: start, elapsed since last call: 7 ms
2026-07-14 17:50:57.075 DEBUG qt.scenegraph.time.renderloop: [window 0x7f20c65f8630][gui thread] Frame prepared, polish=0 ms, lock=0 ms, blockedForSync=0 ms, animations=0 ms
2026-07-14 17:50:57.075 DEBUG qt.scenegraph.time.renderer: time in renderer: total=0ms, preprocess=0, updates=0, rendering=0
2026-07-14 17:50:57.082 DEBUG qt.scenegraph.time.renderloop: [window 0x7f20c65f8630][gui thread] polishAndSync: start, elapsed since last call: 6 ms
2026-07-14 17:50:57.082 DEBUG qt.scenegraph.time.renderloop: [window 0x7f20c65f8630][render thread 0x7f20c0b174c0] syncAndRender: frame rendered in 6ms, sync=0, render=0, swap=6
2026-07-14 17:50:57.082 DEBUG qt.scenegraph.time.renderloop: [window 0x7f20c65f8630][render thread 0x7f20c0b174c0] syncAndRender: start, elapsed since last call: 6 ms
2026-07-14 17:50:57.082 DEBUG qt.scenegraph.time.renderloop: [window 0x7f20c65f8630][gui thread] Frame prepared, polish=0 ms, lock=0 ms, blockedForSync=0 ms, animations=0 ms
2026-07-14 17:50:57.082 DEBUG qt.scenegraph.time.renderer: time in renderer: total=0ms, preprocess=0, updates=0, rendering=0
2026-07-14 17:50:57.089 DEBUG qt.scenegraph.time.renderloop: [window 0x7f20c65f8630][gui thread] polishAndSync: start, elapsed since last call: 6 ms
2026-07-14 17:50:57.089 DEBUG qt.scenegraph.time.renderloop: [window 0x7f20c65f8630][render thread 0x7f20c0b174c0] syncAndRender: frame rendered in 6ms, sync=0, render=0, swap=6
2026-07-14 17:50:57.089 DEBUG qt.scenegraph.time.renderloop: [window 0x7f20c65f8630][render thread 0x7f20c0b174c0] syncAndRender: start, elapsed since last call: 7 ms
2026-07-14 17:50:57.089 DEBUG qt.scenegraph.time.renderloop: [window 0x7f20c65f8630][gui thread] Frame prepared, polish=0 ms, lock=0 ms, blockedForSync=0 ms, animations=0 ms
2026-07-14 17:50:57.089 DEBUG qt.scenegraph.time.renderer: time in renderer: total=0ms, preprocess=0, updates=0, rendering=0
2026-07-14 17:50:57.096 DEBUG qt.scenegraph.time.renderloop: [window 0x7f20c65f8630][gui thread] polishAndSync: start, elapsed since last call: 7 ms
2026-07-14 17:50:57.096 DEBUG qt.scenegraph.time.renderloop: [window 0x7f20c65f8630][render thread 0x7f20c0b174c0] syncAndRender: frame rendered in 6ms, sync=0, render=0, swap=6
2026-07-14 17:50:57.096 DEBUG qt.scenegraph.time.renderloop: [window 0x7f20c65f8630][render thread 0x7f20c0b174c0] syncAndRender: start, elapsed since last call: 6 ms
2026-07-14 17:50:57.096 DEBUG qt.scenegraph.time.renderloop: [window 0x7f20c65f8630][gui thread] Frame prepared, polish=0 ms, lock=0 ms, blockedForSync=0 ms, animations=0 ms
2026-07-14 17:50:57.096 DEBUG qt.scenegraph.time.renderer: time in renderer: total=0ms, preprocess=0, updates=0, rendering=0
2026-07-14 17:50:57.103 DEBUG qt.scenegraph.time.renderloop: [window 0x7f20c65f8630][gui thread] polishAndSync: start, elapsed since last call: 6 ms
2026-07-14 17:50:57.103 DEBUG qt.scenegraph.time.renderloop: [window 0x7f20c65f8630][render thread 0x7f20c0b174c0] syncAndRender: frame rendered in 6ms, sync=0, render=0, swap=6
2026-07-14 17:50:57.103 DEBUG qt.scenegraph.time.renderloop: [window 0x7f20c65f8630][render thread 0x7f20c0b174c0] syncAndRender: start, elapsed since last call: 6 ms
2026-07-14 17:50:57.103 DEBUG qt.scenegraph.time.renderloop: [window 0x7f20c65f8630][gui thread] Frame prepared, polish=0 ms, lock=0 ms, blockedForSync=0 ms, animations=0 ms
2026-07-14 17:50:57.103 DEBUG qt.scenegraph.time.renderer: time in renderer: total=0ms, preprocess=0, updates=0, rendering=0
2026-07-14 17:50:57.110 DEBUG qt.scenegraph.time.renderloop: [window 0x7f20c65f8630][gui thread] polishAndSync: start, elapsed since last call: 6 ms
2026-07-14 17:50:57.110 DEBUG qt.scenegraph.time.renderloop: [window 0x7f20c65f8630][render thread 0x7f20c0b174c0] syncAndRender: frame rendered in 6ms, sync=0, render=0, swap=6
2026-07-14 17:50:57.110 DEBUG qt.scenegraph.time.renderloop: [window 0x7f20c65f8630][render thread 0x7f20c0b174c0] syncAndRender: start, elapsed since last call: 6 ms
2026-07-14 17:50:57.110 DEBUG qt.scenegraph.time.renderloop: [window 0x7f20c65f8630][gui thread] Frame prepared, polish=0 ms, lock=0 ms, blockedForSync=0 ms, animations=0 ms
2026-07-14 17:50:57.110 DEBUG qt.scenegraph.time.renderer: time in renderer: total=0ms, preprocess=0, updates=0, rendering=0
2026-07-14 17:50:57.117 DEBUG qt.scenegraph.time.renderloop: [window 0x7f20c65f8630][gui thread] polishAndSync: start, elapsed since last call: 6 ms
2026-07-14 17:50:57.117 DEBUG qt.scenegraph.time.renderloop: [window 0x7f20c65f8630][render thread 0x7f20c0b174c0] syncAndRender: frame rendered in 6ms, sync=0, render=0, swap=6
2026-07-14 17:50:57.117 DEBUG qt.scenegraph.time.renderloop: [window 0x7f20c65f8630][render thread 0x7f20c0b174c0] syncAndRender: start, elapsed since last call: 7 ms
2026-07-14 17:50:57.117 DEBUG qt.scenegraph.time.renderloop: [window 0x7f20c65f8630][gui thread] Frame prepared, polish=0 ms, lock=0 ms, blockedForSync=0 ms, animations=0 ms
2026-07-14 17:50:57.117 DEBUG qt.scenegraph.time.renderer: time in renderer: total=0ms, preprocess=0, updates=0, rendering=0
2026-07-14 17:50:57.124 DEBUG qt.scenegraph.time.renderloop: [window 0x7f20c65f8630][gui thread] polishAndSync: start, elapsed since last call: 6 ms
2026-07-14 17:50:57.124 DEBUG qt.scenegraph.time.renderloop: [window 0x7f20c65f8630][render thread 0x7f20c0b174c0] syncAndRender: frame rendered in 6ms, sync=0, render=0, swap=6
2026-07-14 17:50:57.124 DEBUG qt.scenegraph.time.renderloop: [window 0x7f20c65f8630][render thread 0x7f20c0b174c0] syncAndRender: start, elapsed since last call: 6 ms
2026-07-14 17:50:57.124 DEBUG qt.scenegraph.time.renderloop: [window 0x7f20c65f8630][gui thread] Frame prepared, polish=0 ms, lock=0 ms, blockedForSync=0 ms, animations=0 ms
2026-07-14 17:50:57.124 DEBUG qt.scenegraph.time.renderer: time in renderer: total=0ms, preprocess=0, updates=0, rendering=0
2026-07-14 17:50:57.131 DEBUG qt.scenegraph.time.renderloop: [window 0x7f20c65f8630][gui thread] polishAndSync: start, elapsed since last call: 6 ms
2026-07-14 17:50:57.131 DEBUG qt.scenegraph.time.renderloop: [window 0x7f20c65f8630][render thread 0x7f20c0b174c0] syncAndRender: frame rendered in 6ms, sync=0, render=0, swap=6
2026-07-14 17:50:57.131 DEBUG qt.scenegraph.time.renderloop: [window 0x7f20c65f8630][render thread 0x7f20c0b174c0] syncAndRender: start, elapsed since last call: 6 ms
2026-07-14 17:50:57.131 DEBUG qt.scenegraph.time.renderloop: [window 0x7f20c65f8630][gui thread] Frame prepared, polish=0 ms, lock=0 ms, blockedForSync=0 ms, animations=0 ms
2026-07-14 17:50:57.131 DEBUG qt.scenegraph.time.renderer: time in renderer: total=0ms, preprocess=0, updates=0, rendering=0
2026-07-14 17:50:57.137 DEBUG qt.scenegraph.time.renderloop: [window 0x7f20c65f8630][gui thread] polishAndSync: start, elapsed since last call: 6 ms
2026-07-14 17:50:57.138 DEBUG qt.scenegraph.time.renderloop: [window 0x7f20c65f8630][render thread 0x7f20c0b174c0] syncAndRender: frame rendered in 6ms, sync=0, render=0, swap=6
2026-07-14 17:50:57.138 DEBUG qt.scenegraph.time.renderloop: [window 0x7f20c65f8630][render thread 0x7f20c0b174c0] syncAndRender: start, elapsed since last call: 6 ms
2026-07-14 17:50:57.138 DEBUG qt.scenegraph.time.renderloop: [window 0x7f20c65f8630][gui thread] Frame prepared, polish=0 ms, lock=0 ms, blockedForSync=0 ms, animations=0 ms
2026-07-14 17:50:57.138 DEBUG qt.scenegraph.time.renderer: time in renderer: total=0ms, preprocess=0, updates=0, rendering=0
2026-07-14 17:50:57.145 DEBUG qt.scenegraph.time.renderloop: [window 0x7f20c65f8630][gui thread] polishAndSync: start, elapsed since last call: 7 ms
2026-07-14 17:50:57.145 DEBUG qt.scenegraph.time.renderloop: [window 0x7f20c65f8630][render thread 0x7f20c0b174c0] syncAndRender: frame rendered in 7ms, sync=0, render=0, swap=7
2026-07-14 17:50:57.145 DEBUG qt.scenegraph.time.renderloop: [window 0x7f20c65f8630][render thread 0x7f20c0b174c0] syncAndRender: start, elapsed since last call: 7 ms
2026-07-14 17:50:57.145 DEBUG qt.scenegraph.time.renderloop: [window 0x7f20c65f8630][gui thread] Frame prepared, polish=0 ms, lock=0 ms, blockedForSync=0 ms, animations=0 ms
2026-07-14 17:50:57.145 DEBUG qt.scenegraph.time.renderer: time in renderer: total=0ms, preprocess=0, updates=0, rendering=0
2026-07-14 17:50:57.151 DEBUG qt.scenegraph.time.renderloop: [window 0x7f20c65f8630][gui thread] polishAndSync: start, elapsed since last call: 6 ms
2026-07-14 17:50:57.151 DEBUG qt.scenegraph.time.renderloop: [window 0x7f20c65f8630][render thread 0x7f20c0b174c0] syncAndRender: frame rendered in 6ms, sync=0, render=0, swap=6
2026-07-14 17:50:57.152 DEBUG qt.scenegraph.time.renderloop: [window 0x7f20c65f8630][render thread 0x7f20c0b174c0] syncAndRender: start, elapsed since last call: 6 ms
2026-07-14 17:50:57.152 DEBUG qt.scenegraph.time.renderloop: [window 0x7f20c65f8630][gui thread] Frame prepared, polish=0 ms, lock=0 ms, blockedForSync=0 ms, animations=0 ms
2026-07-14 17:50:57.152 DEBUG qt.scenegraph.time.renderer: time in renderer: total=0ms, preprocess=0, updates=0, rendering=0
2026-07-14 17:50:57.158 DEBUG qt.scenegraph.time.renderloop: [window 0x7f20c65f8630][render thread 0x7f20c0b174c0] syncAndRender: frame rendered in 6ms, sync=0, render=0, swap=6
2026-07-14 17:50:57.158 DEBUG qt.scenegraph.time.renderloop: [window 0x7f20c65f8630][gui thread] polishAndSync: start, elapsed since last call: 6 ms
2026-07-14 17:50:57.158 DEBUG qt.scenegraph.time.renderloop: [window 0x7f20c65f8630][render thread 0x7f20c0b174c0] syncAndRender: start, elapsed since last call: 6 ms
2026-07-14 17:50:57.158 DEBUG qt.scenegraph.time.renderloop: [window 0x7f20c65f8630][gui thread] Frame prepared, polish=0 ms, lock=0 ms, blockedForSync=0 ms, animations=0 ms
2026-07-14 17:50:57.158 DEBUG qt.scenegraph.time.renderer: time in renderer: total=0ms, preprocess=0, updates=0, rendering=0
2026-07-14 17:50:57.165 DEBUG qt.scenegraph.time.renderloop: [window 0x7f20c65f8630][gui thread] polishAndSync: start, elapsed since last call: 6 ms
2026-07-14 17:50:57.165 DEBUG qt.scenegraph.time.renderloop: [window 0x7f20c65f8630][render thread 0x7f20c0b174c0] syncAndRender: frame rendered in 6ms, sync=0, render=0, swap=6
2026-07-14 17:50:57.165 DEBUG qt.scenegraph.time.renderloop: [window 0x7f20c65f8630][render thread 0x7f20c0b174c0] syncAndRender: start, elapsed since last call: 6 ms
2026-07-14 17:50:57.165 DEBUG qt.scenegraph.time.renderloop: [window 0x7f20c65f8630][gui thread] Frame prepared, polish=0 ms, lock=0 ms, blockedForSync=0 ms, animations=0 ms
2026-07-14 17:50:57.165 DEBUG qt.scenegraph.time.renderer: time in renderer: total=0ms, preprocess=0, updates=0, rendering=0
2026-07-14 17:50:57.172 DEBUG qt.scenegraph.time.renderloop: [window 0x7f20c65f8630][gui thread] polishAndSync: start, elapsed since last call: 7 ms
2026-07-14 17:50:57.172 DEBUG qt.scenegraph.time.renderloop: [window 0x7f20c65f8630][render thread 0x7f20c0b174c0] syncAndRender: frame rendered in 6ms, sync=0, render=0, swap=6
2026-07-14 17:50:57.172 DEBUG qt.scenegraph.time.renderloop: [window 0x7f20c65f8630][render thread 0x7f20c0b174c0] syncAndRender: start, elapsed since last call: 7 ms
2026-07-14 17:50:57.172 DEBUG qt.scenegraph.time.renderloop: [window 0x7f20c65f8630][gui thread] Frame prepared, polish=0 ms, lock=0 ms, blockedForSync=0 ms, animations=0 ms
2026-07-14 17:50:57.172 DEBUG qt.scenegraph.time.renderer: time in renderer: total=0ms, preprocess=0, updates=0, rendering=0
2026-07-14 17:50:57.179 DEBUG qt.scenegraph.time.renderloop: [window 0x7f20c65f8630][render thread 0x7f20c0b174c0] syncAndRender: frame rendered in 7ms, sync=0, render=0, swap=7
2026-07-14 17:50:57.179 DEBUG qt.scenegraph.time.renderloop: [window 0x7f20c65f8630][gui thread] polishAndSync: start, elapsed since last call: 7 ms
2026-07-14 17:50:57.179 DEBUG qt.scenegraph.time.renderloop: [window 0x7f20c65f8630][render thread 0x7f20c0b174c0] syncAndRender: start, elapsed since last call: 7 ms
2026-07-14 17:50:57.179 DEBUG qt.scenegraph.time.renderloop: [window 0x7f20c65f8630][gui thread] Frame prepared, polish=0 ms, lock=0 ms, blockedForSync=0 ms, animations=0 ms
2026-07-14 17:50:57.179 DEBUG qt.scenegraph.time.renderer: time in renderer: total=0ms, preprocess=0, updates=0, rendering=0
2026-07-14 17:50:57.186 DEBUG qt.scenegraph.time.renderloop: [window 0x7f20c65f8630][gui thread] polishAndSync: start, elapsed since last call: 6 ms
2026-07-14 17:50:57.186 DEBUG qt.scenegraph.time.renderloop: [window 0x7f20c65f8630][render thread 0x7f20c0b174c0] syncAndRender: frame rendered in 6ms, sync=0, render=0, swap=6
2026-07-14 17:50:57.186 DEBUG qt.scenegraph.time.renderloop: [window 0x7f20c65f8630][render thread 0x7f20c0b174c0] syncAndRender: start, elapsed since last call: 6 ms
2026-07-14 17:50:57.186 DEBUG qt.scenegraph.time.renderloop: [window 0x7f20c65f8630][gui thread] Frame prepared, polish=0 ms, lock=0 ms, blockedForSync=0 ms, animations=0 ms
2026-07-14 17:50:57.187 DEBUG qt.scenegraph.time.renderer: time in renderer: total=0ms, preprocess=0, updates=0, rendering=0
2026-07-14 17:50:57.193 DEBUG qt.scenegraph.time.renderloop: [window 0x7f20c65f8630][gui thread] polishAndSync: start, elapsed since last call: 7 ms
2026-07-14 17:50:57.193 DEBUG qt.scenegraph.time.renderloop: [window 0x7f20c65f8630][render thread 0x7f20c0b174c0] syncAndRender: frame rendered in 6ms, sync=0, render=0, swap=6
2026-07-14 17:50:57.193 DEBUG qt.scenegraph.time.renderloop: [window 0x7f20c65f8630][render thread 0x7f20c0b174c0] syncAndRender: start, elapsed since last call: 6 ms
2026-07-14 17:50:57.193 DEBUG qt.scenegraph.time.renderloop: [window 0x7f20c65f8630][gui thread] Frame prepared, polish=0 ms, lock=0 ms, blockedForSync=0 ms, animations=0 ms
2026-07-14 17:50:57.194 DEBUG qt.scenegraph.time.renderer: time in renderer: total=0ms, preprocess=0, updates=0, rendering=0
2026-07-14 17:50:57.200 DEBUG qt.scenegraph.time.renderloop: [window 0x7f20c65f8630][gui thread] polishAndSync: start, elapsed since last call: 6 ms
2026-07-14 17:50:57.200 DEBUG qt.scenegraph.time.renderloop: [window 0x7f20c65f8630][render thread 0x7f20c0b174c0] syncAndRender: frame rendered in 6ms, sync=0, render=0, swap=6
2026-07-14 17:50:57.200 DEBUG qt.scenegraph.time.renderloop: [window 0x7f20c65f8630][render thread 0x7f20c0b174c0] syncAndRender: start, elapsed since last call: 6 ms
2026-07-14 17:50:57.200 DEBUG qt.scenegraph.time.renderloop: [window 0x7f20c65f8630][gui thread] Frame prepared, polish=0 ms, lock=0 ms, blockedForSync=0 ms, animations=0 ms
2026-07-14 17:50:57.200 DEBUG qt.scenegraph.time.renderer: time in renderer: total=0ms, preprocess=0, updates=0, rendering=0
2026-07-14 17:50:57.207 DEBUG qt.scenegraph.time.renderloop: [window 0x7f20c65f8630][gui thread] polishAndSync: start, elapsed since last call: 7 ms
2026-07-14 17:50:57.207 DEBUG qt.scenegraph.time.renderloop: [window 0x7f20c65f8630][render thread 0x7f20c0b174c0] syncAndRender: frame rendered in 6ms, sync=0, render=0, swap=6
2026-07-14 17:50:57.207 DEBUG qt.scenegraph.time.renderloop: [window 0x7f20c65f8630][render thread 0x7f20c0b174c0] syncAndRender: start, elapsed since last call: 7 ms
2026-07-14 17:50:57.207 DEBUG qt.scenegraph.time.renderloop: [window 0x7f20c65f8630][gui thread] Frame prepared, polish=0 ms, lock=0 ms, blockedForSync=0 ms, animations=0 ms
2026-07-14 17:50:57.207 DEBUG qt.scenegraph.time.renderer: time in renderer: total=0ms, preprocess=0, updates=0, rendering=0
2026-07-14 17:50:57.214 DEBUG qt.scenegraph.time.renderloop: [window 0x7f20c65f8630][gui thread] polishAndSync: start, elapsed since last call: 6 ms
2026-07-14 17:50:57.214 DEBUG qt.scenegraph.time.renderloop: [window 0x7f20c65f8630][render thread 0x7f20c0b174c0] syncAndRender: frame rendered in 6ms, sync=0, render=0, swap=6
2026-07-14 17:50:57.214 DEBUG qt.scenegraph.time.renderloop: [window 0x7f20c65f8630][render thread 0x7f20c0b174c0] syncAndRender: start, elapsed since last call: 6 ms
2026-07-14 17:50:57.214 DEBUG qt.scenegraph.time.renderloop: [window 0x7f20c65f8630][gui thread] Frame prepared, polish=0 ms, lock=0 ms, blockedForSync=0 ms, animations=0 ms
2026-07-14 17:50:57.214 DEBUG qt.scenegraph.time.renderer: time in renderer: total=0ms, preprocess=0, updates=0, rendering=0
2026-07-14 17:50:57.221 DEBUG qt.scenegraph.time.renderloop: [window 0x7f20c65f8630][gui thread] polishAndSync: start, elapsed since last call: 6 ms
2026-07-14 17:50:57.221 DEBUG qt.scenegraph.time.renderloop: [window 0x7f20c65f8630][render thread 0x7f20c0b174c0] syncAndRender: frame rendered in 6ms, sync=0, render=0, swap=6
2026-07-14 17:50:57.221 DEBUG qt.scenegraph.time.renderloop: [window 0x7f20c65f8630][render thread 0x7f20c0b174c0] syncAndRender: start, elapsed since last call: 7 ms
2026-07-14 17:50:57.221 DEBUG qt.scenegraph.time.renderloop: [window 0x7f20c65f8630][gui thread] Frame prepared, polish=0 ms, lock=0 ms, blockedForSync=0 ms, animations=0 ms
2026-07-14 17:50:57.221 DEBUG qt.scenegraph.time.renderer: time in renderer: total=0ms, preprocess=0, updates=0, rendering=0
2026-07-14 17:50:57.228 DEBUG qt.scenegraph.time.renderloop: [window 0x7f20c65f8630][gui thread] polishAndSync: start, elapsed since last call: 7 ms
2026-07-14 17:50:57.228 DEBUG qt.scenegraph.time.renderloop: [window 0x7f20c65f8630][render thread 0x7f20c0b174c0] syncAndRender: frame rendered in 6ms, sync=0, render=0, swap=6
2026-07-14 17:50:57.228 DEBUG qt.scenegraph.time.renderloop: [window 0x7f20c65f8630][render thread 0x7f20c0b174c0] syncAndRender: start, elapsed since last call: 6 ms
2026-07-14 17:50:57.228 DEBUG qt.scenegraph.time.renderloop: [window 0x7f20c65f8630][gui thread] Frame prepared, polish=0 ms, lock=0 ms, blockedForSync=0 ms, animations=0 ms
2026-07-14 17:50:57.228 DEBUG qt.scenegraph.time.renderer: time in renderer: total=0ms, preprocess=0, updates=0, rendering=0
2026-07-14 17:50:57.235 DEBUG qt.scenegraph.time.renderloop: [window 0x7f20c65f8630][gui thread] polishAndSync: start, elapsed since last call: 6 ms
2026-07-14 17:50:57.235 DEBUG qt.scenegraph.time.renderloop: [window 0x7f20c65f8630][render thread 0x7f20c0b174c0] syncAndRender: frame rendered in 6ms, sync=0, render=0, swap=6
2026-07-14 17:50:57.235 DEBUG qt.scenegraph.time.renderloop: [window 0x7f20c65f8630][render thread 0x7f20c0b174c0] syncAndRender: start, elapsed since last call: 6 ms
2026-07-14 17:50:57.235 DEBUG qt.scenegraph.time.renderloop: [window 0x7f20c65f8630][gui thread] Frame prepared, polish=0 ms, lock=0 ms, blockedForSync=0 ms, animations=0 ms
2026-07-14 17:50:57.235 DEBUG qt.scenegraph.time.renderer: time in renderer: total=0ms, preprocess=0, updates=0, rendering=0
2026-07-14 17:50:57.242 DEBUG qt.scenegraph.time.renderloop: [window 0x7f20c65f8630][gui thread] polishAndSync: start, elapsed since last call: 7 ms
2026-07-14 17:50:57.242 DEBUG qt.scenegraph.time.renderloop: [window 0x7f20c65f8630][render thread 0x7f20c0b174c0] syncAndRender: frame rendered in 7ms, sync=0, render=0, swap=7
2026-07-14 17:50:57.242 DEBUG qt.scenegraph.time.renderloop: [window 0x7f20c65f8630][render thread 0x7f20c0b174c0] syncAndRender: start, elapsed since last call: 7 ms
2026-07-14 17:50:57.242 DEBUG qt.scenegraph.time.renderloop: [window 0x7f20c65f8630][gui thread] Frame prepared, polish=0 ms, lock=0 ms, blockedForSync=0 ms, animations=0 ms
2026-07-14 17:50:57.242 DEBUG qt.scenegraph.time.renderer: time in renderer: total=0ms, preprocess=0, updates=0, rendering=0
2026-07-14 17:50:57.249 DEBUG qt.scenegraph.time.renderloop: [window 0x7f20c65f8630][gui thread] polishAndSync: start, elapsed since last call: 6 ms
2026-07-14 17:50:57.249 DEBUG qt.scenegraph.time.renderloop: [window 0x7f20c65f8630][render thread 0x7f20c0b174c0] syncAndRender: frame rendered in 6ms, sync=0, render=0, swap=6
2026-07-14 17:50:57.249 DEBUG qt.scenegraph.time.renderloop: [window 0x7f20c65f8630][render thread 0x7f20c0b174c0] syncAndRender: start, elapsed since last call: 6 ms
2026-07-14 17:50:57.249 DEBUG qt.scenegraph.time.renderloop: [window 0x7f20c65f8630][gui thread] Frame prepared, polish=0 ms, lock=0 ms, blockedForSync=0 ms, animations=0 ms
2026-07-14 17:50:57.249 DEBUG qt.scenegraph.time.renderer: time in renderer: total=0ms, preprocess=0, updates=0, rendering=0
2026-07-14 17:50:57.256 DEBUG qt.scenegraph.time.renderloop: [window 0x7f20c65f8630][gui thread] polishAndSync: start, elapsed since last call: 7 ms
2026-07-14 17:50:57.256 DEBUG qt.scenegraph.time.renderloop: [window 0x7f20c65f8630][render thread 0x7f20c0b174c0] syncAndRender: frame rendered in 6ms, sync=0, render=0, swap=6
2026-07-14 17:50:57.256 DEBUG qt.scenegraph.time.renderloop: [window 0x7f20c65f8630][render thread 0x7f20c0b174c0] syncAndRender: start, elapsed since last call: 6 ms
2026-07-14 17:50:57.256 DEBUG qt.scenegraph.time.renderloop: [window 0x7f20c65f8630][gui thread] Frame prepared, polish=0 ms, lock=0 ms, blockedForSync=0 ms, animations=0 ms
2026-07-14 17:50:57.256 DEBUG qt.scenegraph.time.renderer: time in renderer: total=0ms, preprocess=0, updates=0, rendering=0
2026-07-14 17:50:57.263 DEBUG qt.scenegraph.time.renderloop: [window 0x7f20c65f8630][gui thread] polishAndSync: start, elapsed since last call: 6 ms
2026-07-14 17:50:57.263 DEBUG qt.scenegraph.time.renderloop: [window 0x7f20c65f8630][render thread 0x7f20c0b174c0] syncAndRender: frame rendered in 6ms, sync=0, render=0, swap=6
2026-07-14 17:50:57.263 DEBUG qt.scenegraph.time.renderloop: [window 0x7f20c65f8630][render thread 0x7f20c0b174c0] syncAndRender: start, elapsed since last call: 6 ms
2026-07-14 17:50:57.263 DEBUG qt.scenegraph.time.renderloop: [window 0x7f20c65f8630][gui thread] Frame prepared, polish=0 ms, lock=0 ms, blockedForSync=0 ms, animations=0 ms
2026-07-14 17:50:57.263 DEBUG qt.scenegraph.time.renderer: time in renderer: total=0ms, preprocess=0, updates=0, rendering=0
2026-07-14 17:50:57.270 DEBUG qt.scenegraph.time.renderloop: [window 0x7f20c65f8630][gui thread] polishAndSync: start, elapsed since last call: 6 ms
2026-07-14 17:50:57.270 DEBUG qt.scenegraph.time.renderloop: [window 0x7f20c65f8630][render thread 0x7f20c0b174c0] syncAndRender: frame rendered in 6ms, sync=0, render=0, swap=6
2026-07-14 17:50:57.270 DEBUG qt.scenegraph.time.renderloop: [window 0x7f20c65f8630][render thread 0x7f20c0b174c0] syncAndRender: start, elapsed since last call: 6 ms
2026-07-14 17:50:57.270 DEBUG qt.scenegraph.time.renderloop: [window 0x7f20c65f8630][gui thread] Frame prepared, polish=0 ms, lock=0 ms, blockedForSync=0 ms, animations=0 ms
2026-07-14 17:50:57.270 DEBUG qt.scenegraph.time.renderer: time in renderer: total=0ms, preprocess=0, updates=0, rendering=0
2026-07-14 17:50:57.277 DEBUG qt.scenegraph.time.renderloop: [window 0x7f20c65f8630][gui thread] polishAndSync: start, elapsed since last call: 7 ms
2026-07-14 17:50:57.277 DEBUG qt.scenegraph.time.renderloop: [window 0x7f20c65f8630][render thread 0x7f20c0b174c0] syncAndRender: frame rendered in 7ms, sync=0, render=0, swap=6
2026-07-14 17:50:57.277 DEBUG qt.scenegraph.time.renderloop: [window 0x7f20c65f8630][render thread 0x7f20c0b174c0] syncAndRender: start, elapsed since last call: 7 ms
2026-07-14 17:50:57.277 DEBUG qt.scenegraph.time.renderloop: [window 0x7f20c65f8630][gui thread] Frame prepared, polish=0 ms, lock=0 ms, blockedForSync=0 ms, animations=0 ms
2026-07-14 17:50:57.277 DEBUG qt.scenegraph.time.renderer: time in renderer: total=0ms, preprocess=0, updates=0, rendering=0
2026-07-14 17:50:57.283 DEBUG qt.scenegraph.time.renderloop: [window 0x7f20c65f8630][gui thread] polishAndSync: start, elapsed since last call: 6 ms
2026-07-14 17:50:57.283 DEBUG qt.scenegraph.time.renderloop: [window 0x7f20c65f8630][render thread 0x7f20c0b174c0] syncAndRender: frame rendered in 6ms, sync=0, render=0, swap=6
2026-07-14 17:50:57.284 DEBUG qt.scenegraph.time.renderloop: [window 0x7f20c65f8630][render thread 0x7f20c0b174c0] syncAndRender: start, elapsed since last call: 7 ms
2026-07-14 17:50:57.284 DEBUG qt.scenegraph.time.renderloop: [window 0x7f20c65f8630][gui thread] Frame prepared, polish=0 ms, lock=0 ms, blockedForSync=0 ms, animations=0 ms
2026-07-14 17:50:57.284 DEBUG qt.scenegraph.time.renderer: time in renderer: total=0ms, preprocess=0, updates=0, rendering=0
2026-07-14 17:50:57.290 DEBUG qt.scenegraph.time.renderloop: [window 0x7f20c65f8630][gui thread] polishAndSync: start, elapsed since last call: 6 ms
2026-07-14 17:50:57.290 DEBUG qt.scenegraph.time.renderloop: [window 0x7f20c65f8630][render thread 0x7f20c0b174c0] syncAndRender: frame rendered in 6ms, sync=0, render=0, swap=6
2026-07-14 17:50:57.290 DEBUG qt.scenegraph.time.renderloop: [window 0x7f20c65f8630][render thread 0x7f20c0b174c0] syncAndRender: start, elapsed since last call: 6 ms
2026-07-14 17:50:57.290 DEBUG qt.scenegraph.time.renderloop: [window 0x7f20c65f8630][gui thread] Frame prepared, polish=0 ms, lock=0 ms, blockedForSync=0 ms, animations=0 ms
2026-07-14 17:50:57.291 DEBUG qt.scenegraph.time.renderer: time in renderer: total=0ms, preprocess=0, updates=0, rendering=0
2026-07-14 17:50:57.297 DEBUG qt.scenegraph.time.renderloop: [window 0x7f20c65f8630][gui thread] polishAndSync: start, elapsed since last call: 6 ms
2026-07-14 17:50:57.297 DEBUG qt.scenegraph.time.renderloop: [window 0x7f20c65f8630][render thread 0x7f20c0b174c0] syncAndRender: frame rendered in 6ms, sync=0, render=0, swap=6
2026-07-14 17:50:57.297 DEBUG qt.scenegraph.time.renderloop: [window 0x7f20c65f8630][render thread 0x7f20c0b174c0] syncAndRender: start, elapsed since last call: 6 ms
2026-07-14 17:50:57.297 DEBUG qt.scenegraph.time.renderloop: [window 0x7f20c65f8630][gui thread] Frame prepared, polish=0 ms, lock=0 ms, blockedForSync=0 ms, animations=0 ms
2026-07-14 17:50:57.297 DEBUG qt.scenegraph.time.renderer: time in renderer: total=0ms, preprocess=0, updates=0, rendering=0
2026-07-14 17:50:57.304 DEBUG qt.scenegraph.time.renderloop: [window 0x7f20c65f8630][gui thread] polishAndSync: start, elapsed since last call: 6 ms
2026-07-14 17:50:57.304 DEBUG qt.scenegraph.time.renderloop: [window 0x7f20c65f8630][render thread 0x7f20c0b174c0] syncAndRender: frame rendered in 6ms, sync=0, render=0, swap=6
2026-07-14 17:50:57.304 DEBUG qt.scenegraph.time.renderloop: [window 0x7f20c65f8630][render thread 0x7f20c0b174c0] syncAndRender: start, elapsed since last call: 6 ms
2026-07-14 17:50:57.304 DEBUG qt.scenegraph.time.renderloop: [window 0x7f20c65f8630][gui thread] Frame prepared, polish=0 ms, lock=0 ms, blockedForSync=0 ms, animations=0 ms
2026-07-14 17:50:57.304 DEBUG qt.scenegraph.time.renderer: time in renderer: total=0ms, preprocess=0, updates=0, rendering=0
2026-07-14 17:50:57.311 DEBUG qt.scenegraph.time.renderloop: [window 0x7f20c65f8630][gui thread] polishAndSync: start, elapsed since last call: 6 ms
2026-07-14 17:50:57.311 DEBUG qt.scenegraph.time.renderloop: [window 0x7f20c65f8630][render thread 0x7f20c0b174c0] syncAndRender: frame rendered in 6ms, sync=0, render=0, swap=6
2026-07-14 17:50:57.311 DEBUG qt.scenegraph.time.renderloop: [window 0x7f20c65f8630][render thread 0x7f20c0b174c0] syncAndRender: start, elapsed since last call: 6 ms
2026-07-14 17:50:57.311 DEBUG qt.scenegraph.time.renderloop: [window 0x7f20c65f8630][gui thread] Frame prepared, polish=0 ms, lock=0 ms, blockedForSync=0 ms, animations=0 ms
2026-07-14 17:50:57.311 DEBUG qt.scenegraph.time.renderer: time in renderer: total=0ms, preprocess=0, updates=0, rendering=0
2026-07-14 17:50:57.318 DEBUG qt.scenegraph.time.renderloop: [window 0x7f20c65f8630][gui thread] polishAndSync: start, elapsed since last call: 6 ms
2026-07-14 17:50:57.318 DEBUG qt.scenegraph.time.renderloop: [window 0x7f20c65f8630][render thread 0x7f20c0b174c0] syncAndRender: frame rendered in 6ms, sync=0, render=0, swap=6
2026-07-14 17:50:57.318 DEBUG qt.scenegraph.time.renderloop: [window 0x7f20c65f8630][render thread 0x7f20c0b174c0] syncAndRender: start, elapsed since last call: 7 ms
2026-07-14 17:50:57.318 DEBUG qt.scenegraph.time.renderloop: [window 0x7f20c65f8630][gui thread] Frame prepared, polish=0 ms, lock=0 ms, blockedForSync=0 ms, animations=0 ms
2026-07-14 17:50:57.318 DEBUG qt.scenegraph.time.renderer: time in renderer: total=0ms, preprocess=0, updates=0, rendering=0
2026-07-14 17:50:57.325 DEBUG qt.scenegraph.time.renderloop: [window 0x7f20c65f8630][render thread 0x7f20c0b174c0] syncAndRender: frame rendered in 6ms, sync=0, render=0, swap=6
2026-07-14 17:50:57.325 DEBUG qt.scenegraph.time.renderloop: [window 0x7f20c65f8630][gui thread] polishAndSync: start, elapsed since last call: 7 ms
2026-07-14 17:50:57.325 DEBUG qt.scenegraph.time.renderloop: [window 0x7f20c65f8630][render thread 0x7f20c0b174c0] syncAndRender: start, elapsed since last call: 6 ms
2026-07-14 17:50:57.325 DEBUG qt.scenegraph.time.renderloop: [window 0x7f20c65f8630][gui thread] Frame prepared, polish=0 ms, lock=0 ms, blockedForSync=0 ms, animations=0 ms
2026-07-14 17:50:57.325 DEBUG qt.scenegraph.time.renderer: time in renderer: total=0ms, preprocess=0, updates=0, rendering=0
2026-07-14 17:50:57.332 DEBUG qt.scenegraph.time.renderloop: [window 0x7f20c65f8630][gui thread] polishAndSync: start, elapsed since last call: 6 ms
2026-07-14 17:50:57.332 DEBUG qt.scenegraph.time.renderloop: [window 0x7f20c65f8630][render thread 0x7f20c0b174c0] syncAndRender: frame rendered in 6ms, sync=0, render=0, swap=6
2026-07-14 17:50:57.332 DEBUG qt.scenegraph.time.renderloop: [window 0x7f20c65f8630][render thread 0x7f20c0b174c0] syncAndRender: start, elapsed since last call: 6 ms
2026-07-14 17:50:57.332 DEBUG qt.scenegraph.time.renderloop: [window 0x7f20c65f8630][gui thread] Frame prepared, polish=0 ms, lock=0 ms, blockedForSync=0 ms, animations=0 ms
2026-07-14 17:50:57.332 DEBUG qt.scenegraph.time.renderer: time in renderer: total=0ms, preprocess=0, updates=0, rendering=0
2026-07-14 17:50:57.339 DEBUG qt.scenegraph.time.renderloop: [window 0x7f20c65f8630][gui thread] polishAndSync: start, elapsed since last call: 6 ms
2026-07-14 17:50:57.339 DEBUG qt.scenegraph.time.renderloop: [window 0x7f20c65f8630][render thread 0x7f20c0b174c0] syncAndRender: frame rendered in 6ms, sync=0, render=0, swap=6
2026-07-14 17:50:57.339 DEBUG qt.scenegraph.time.renderloop: [window 0x7f20c65f8630][render thread 0x7f20c0b174c0] syncAndRender: start, elapsed since last call: 6 ms
2026-07-14 17:50:57.339 DEBUG qt.scenegraph.time.renderloop: [window 0x7f20c65f8630][gui thread] Frame prepared, polish=0 ms, lock=0 ms, blockedForSync=0 ms, animations=0 ms
2026-07-14 17:50:57.339 DEBUG qt.scenegraph.time.renderer: time in renderer: total=0ms, preprocess=0, updates=0, rendering=0
2026-07-14 17:50:57.346 DEBUG qt.scenegraph.time.renderloop: [window 0x7f20c65f8630][gui thread] polishAndSync: start, elapsed since last call: 6 ms
2026-07-14 17:50:57.346 DEBUG qt.scenegraph.time.renderloop: [window 0x7f20c65f8630][render thread 0x7f20c0b174c0] syncAndRender: frame rendered in 6ms, sync=0, render=0, swap=6
2026-07-14 17:50:57.346 DEBUG qt.scenegraph.time.renderloop: [window 0x7f20c65f8630][render thread 0x7f20c0b174c0] syncAndRender: start, elapsed since last call: 7 ms
2026-07-14 17:50:57.346 DEBUG qt.scenegraph.time.renderloop: [window 0x7f20c65f8630][gui thread] Frame prepared, polish=0 ms, lock=0 ms, blockedForSync=0 ms, animations=0 ms
2026-07-14 17:50:57.346 DEBUG qt.scenegraph.time.renderer: time in renderer: total=0ms, preprocess=0, updates=0, rendering=0
2026-07-14 17:50:57.353 DEBUG qt.scenegraph.time.renderloop: [window 0x7f20c65f8630][gui thread] polishAndSync: start, elapsed since last call: 7 ms
2026-07-14 17:50:57.353 DEBUG qt.scenegraph.time.renderloop: [window 0x7f20c65f8630][render thread 0x7f20c0b174c0] syncAndRender: frame rendered in 6ms, sync=0, render=0, swap=6
2026-07-14 17:50:57.353 DEBUG qt.scenegraph.time.renderloop: [window 0x7f20c65f8630][render thread 0x7f20c0b174c0] syncAndRender: start, elapsed since last call: 6 ms
2026-07-14 17:50:57.353 DEBUG qt.scenegraph.time.renderloop: [window 0x7f20c65f8630][gui thread] Frame prepared, polish=0 ms, lock=0 ms, blockedForSync=0 ms, animations=0 ms
2026-07-14 17:50:57.353 DEBUG qt.scenegraph.time.renderer: time in renderer: total=0ms, preprocess=0, updates=0, rendering=0
2026-07-14 17:50:57.360 DEBUG qt.scenegraph.time.renderloop: [window 0x7f20c65f8630][render thread 0x7f20c0b174c0] syncAndRender: frame rendered in 6ms, sync=0, render=0, swap=6
2026-07-14 17:50:57.374 DEBUG qt.scenegraph.time.renderloop: [window 0x7f20c65f8630][gui thread] polishAndSync: start, elapsed since last call: 20 ms
2026-07-14 17:50:57.374 DEBUG qt.scenegraph.time.renderloop: [window 0x7f20c65f8630][render thread 0x7f20c0b174c0] syncAndRender: start, elapsed since last call: 21 ms
2026-07-14 17:50:57.374 DEBUG qt.scenegraph.time.renderloop: [window 0x7f20c65f8630][gui thread] Frame prepared, polish=0 ms, lock=0 ms, blockedForSync=0 ms, animations=0 ms
2026-07-14 17:50:57.374 DEBUG qt.scenegraph.time.renderer: time in renderer: total=0ms, preprocess=0, updates=0, rendering=0
2026-07-14 17:50:57.374 DEBUG qt.scenegraph.time.renderloop: [window 0x7f20c65f8630][render thread 0x7f20c0b174c0] syncAndRender: frame rendered in 0ms, sync=0, render=0, swap=0
2026-07-14 17:50:57.381 DEBUG qt.scenegraph.time.renderloop: [window 0x7f20c65f8630][gui thread] polishAndSync: start, elapsed since last call: 6 ms
2026-07-14 17:50:57.381 DEBUG qt.scenegraph.time.renderloop: [window 0x7f20c65f8630][render thread 0x7f20c0b174c0] syncAndRender: start, elapsed since last call: 6 ms
2026-07-14 17:50:57.381 DEBUG qt.scenegraph.time.renderloop: [window 0x7f20c65f8630][gui thread] Frame prepared, polish=0 ms, lock=0 ms, blockedForSync=0 ms, animations=0 ms
2026-07-14 17:50:57.381 DEBUG qt.scenegraph.time.renderer: time in renderer: total=0ms, preprocess=0, updates=0, rendering=0
2026-07-14 17:50:57.381 DEBUG qt.scenegraph.time.renderloop: [window 0x7f20c65f8630][render thread 0x7f20c0b174c0] syncAndRender: frame rendered in 0ms, sync=0, render=0, swap=0
2026-07-14 17:50:57.408 DEBUG qt.scenegraph.time.renderloop: [window 0x7f20c65f8630][gui thread] polishAndSync: start, elapsed since last call: 27 ms
2026-07-14 17:50:57.408 DEBUG qt.scenegraph.time.renderloop: [window 0x7f20c65f8630][render thread 0x7f20c0b174c0] syncAndRender: start, elapsed since last call: 27 ms
2026-07-14 17:50:57.408 DEBUG qt.scenegraph.time.renderloop: [window 0x7f20c65f8630][gui thread] Frame prepared, polish=0 ms, lock=0 ms, blockedForSync=0 ms, animations=0 ms
2026-07-14 17:50:57.408 DEBUG qt.scenegraph.time.renderer: time in renderer: total=0ms, preprocess=0, updates=0, rendering=0
2026-07-14 17:50:57.408 DEBUG qt.scenegraph.time.renderloop: [window 0x7f20c65f8630][render thread 0x7f20c0b174c0] syncAndRender: frame rendered in 0ms, sync=0, render=0, swap=0
2026-07-14 17:50:57.415 DEBUG qt.scenegraph.time.renderloop: [window 0x7f20c65f8630][gui thread] polishAndSync: start, elapsed since last call: 7 ms
2026-07-14 17:50:57.415 DEBUG qt.scenegraph.time.renderloop: [window 0x7f20c65f8630][render thread 0x7f20c0b174c0] syncAndRender: start, elapsed since last call: 7 ms
2026-07-14 17:50:57.415 DEBUG qt.scenegraph.time.renderloop: [window 0x7f20c65f8630][gui thread] Frame prepared, polish=0 ms, lock=0 ms, blockedForSync=0 ms, animations=0 ms
2026-07-14 17:50:57.416 DEBUG qt.scenegraph.time.renderer: time in renderer: total=0ms, preprocess=0, updates=0, rendering=0
2026-07-14 17:50:57.416 DEBUG qt.scenegraph.time.renderloop: [window 0x7f20c65f8630][render thread 0x7f20c0b174c0] syncAndRender: frame rendered in 0ms, sync=0, render=0, swap=0
2026-07-14 17:50:57.441 DEBUG qt.scenegraph.time.renderloop: [window 0x7f20c65f8630][gui thread] polishAndSync: start, elapsed since last call: 25 ms
2026-07-14 17:50:57.441 DEBUG qt.scenegraph.time.renderloop: [window 0x7f20c65f8630][render thread 0x7f20c0b174c0] syncAndRender: start, elapsed since last call: 25 ms
2026-07-14 17:50:57.441 DEBUG qt.scenegraph.time.renderloop: [window 0x7f20c65f8630][gui thread] Frame prepared, polish=0 ms, lock=0 ms, blockedForSync=0 ms, animations=0 ms
2026-07-14 17:50:57.441 DEBUG qt.scenegraph.time.renderer: time in renderer: total=0ms, preprocess=0, updates=0, rendering=0
2026-07-14 17:50:57.441 DEBUG qt.scenegraph.time.renderloop: [window 0x7f20c65f8630][render thread 0x7f20c0b174c0] syncAndRender: frame rendered in 0ms, sync=0, render=0, swap=0
2026-07-14 17:50:57.443 DEBUG qt.scenegraph.time.renderloop: [window 0x7f20c65f8630][gui thread] polishAndSync: start, elapsed since last call: 2 ms
2026-07-14 17:50:57.443 DEBUG qt.scenegraph.time.renderloop: [window 0x7f20c65f8630][render thread 0x7f20c0b174c0] syncAndRender: start, elapsed since last call: 2 ms
2026-07-14 17:50:57.443 DEBUG qt.scenegraph.time.renderloop: [window 0x7f20c65f8630][gui thread] Frame prepared, polish=0 ms, lock=0 ms, blockedForSync=0 ms, animations=0 ms
2026-07-14 17:50:57.443 DEBUG qt.scenegraph.time.renderer: time in renderer: total=0ms, preprocess=0, updates=0, rendering=0
2026-07-14 17:50:57.444 DEBUG qt.scenegraph.time.renderloop: [window 0x7f20c65f8630][render thread 0x7f20c0b174c0] syncAndRender: frame rendered in 0ms, sync=0, render=0, swap=0
2026-07-14 17:50:57.474 DEBUG qt.scenegraph.time.renderloop: [window 0x7f20c65f8630][gui thread] polishAndSync: start, elapsed since last call: 31 ms
2026-07-14 17:50:57.475 DEBUG qt.scenegraph.time.renderloop: [window 0x7f20c65f8630][render thread 0x7f20c0b174c0] syncAndRender: start, elapsed since last call: 31 ms
2026-07-14 17:50:57.475 DEBUG qt.scenegraph.time.renderloop: [window 0x7f20c65f8630][gui thread] Frame prepared, polish=0 ms, lock=0 ms, blockedForSync=0 ms, animations=0 ms
2026-07-14 17:50:57.475 DEBUG qt.scenegraph.time.renderer: time in renderer: total=0ms, preprocess=0, updates=0, rendering=0
2026-07-14 17:50:57.475 DEBUG qt.scenegraph.time.renderloop: [window 0x7f20c65f8630][render thread 0x7f20c0b174c0] syncAndRender: frame rendered in 0ms, sync=0, render=0, swap=0
2026-07-14 17:50:57.478 DEBUG qt.scenegraph.time.renderloop: [window 0x7f20c65f8630][gui thread] polishAndSync: start, elapsed since last call: 3 ms
2026-07-14 17:50:57.478 DEBUG qt.scenegraph.time.renderloop: [window 0x7f20c65f8630][render thread 0x7f20c0b174c0] syncAndRender: start, elapsed since last call: 3 ms
2026-07-14 17:50:57.478 DEBUG qt.scenegraph.time.renderloop: [window 0x7f20c65f8630][gui thread] Frame prepared, polish=0 ms, lock=0 ms, blockedForSync=0 ms, animations=0 ms
2026-07-14 17:50:57.478 DEBUG qt.scenegraph.time.renderer: time in renderer: total=0ms, preprocess=0, updates=0, rendering=0
2026-07-14 17:50:57.478 DEBUG qt.scenegraph.time.renderloop: [window 0x7f20c65f8630][render thread 0x7f20c0b174c0] syncAndRender: frame rendered in 0ms, sync=0, render=0, swap=0
2026-07-14 17:50:57.507 DEBUG qt.scenegraph.time.renderloop: [window 0x7f20c65f8630][gui thread] polishAndSync: start, elapsed since last call: 29 ms
2026-07-14 17:50:57.507 DEBUG qt.scenegraph.time.renderloop: [window 0x7f20c65f8630][render thread 0x7f20c0b174c0] syncAndRender: start, elapsed since last call: 29 ms
2026-07-14 17:50:57.507 DEBUG qt.scenegraph.time.renderloop: [window 0x7f20c65f8630][gui thread] Frame prepared, polish=0 ms, lock=0 ms, blockedForSync=0 ms, animations=0 ms
2026-07-14 17:50:57.507 DEBUG qt.scenegraph.time.renderer: time in renderer: total=0ms, preprocess=0, updates=0, rendering=0
2026-07-14 17:50:57.508 DEBUG qt.scenegraph.time.renderloop: [window 0x7f20c65f8630][render thread 0x7f20c0b174c0] syncAndRender: frame rendered in 0ms, sync=0, render=0, swap=0
2026-07-14 17:50:57.513 DEBUG qt.scenegraph.time.renderloop: [window 0x7f20c65f8630][gui thread] polishAndSync: start, elapsed since last call: 5 ms
2026-07-14 17:50:57.513 DEBUG qt.scenegraph.time.renderloop: [window 0x7f20c65f8630][render thread 0x7f20c0b174c0] syncAndRender: start, elapsed since last call: 5 ms
2026-07-14 17:50:57.513 DEBUG qt.scenegraph.time.renderloop: [window 0x7f20c65f8630][gui thread] Frame prepared, polish=0 ms, lock=0 ms, blockedForSync=0 ms, animations=0 ms
2026-07-14 17:50:57.513 DEBUG qt.scenegraph.time.renderer: time in renderer: total=0ms, preprocess=0, updates=0, rendering=0
2026-07-14 17:50:57.513 DEBUG qt.scenegraph.time.renderloop: [window 0x7f20c65f8630][render thread 0x7f20c0b174c0] syncAndRender: frame rendered in 0ms, sync=0, render=0, swap=0
2026-07-14 17:50:57.540 DEBUG qt.scenegraph.time.renderloop: [window 0x7f20c65f8630][gui thread] polishAndSync: start, elapsed since last call: 27 ms
2026-07-14 17:50:57.540 DEBUG qt.scenegraph.time.renderloop: [window 0x7f20c65f8630][render thread 0x7f20c0b174c0] syncAndRender: start, elapsed since last call: 27 ms
2026-07-14 17:50:57.540 DEBUG qt.scenegraph.time.renderloop: [window 0x7f20c65f8630][gui thread] Frame prepared, polish=0 ms, lock=0 ms, blockedForSync=0 ms, animations=0 ms
2026-07-14 17:50:57.540 DEBUG qt.scenegraph.time.renderer: time in renderer: total=0ms, preprocess=0, updates=0, rendering=0
2026-07-14 17:50:57.540 DEBUG qt.scenegraph.time.renderloop: [window 0x7f20c65f8630][render thread 0x7f20c0b174c0] syncAndRender: frame rendered in 0ms, sync=0, render=0, swap=0
2026-07-14 17:50:57.548 DEBUG qt.scenegraph.time.renderloop: [window 0x7f20c65f8630][gui thread] polishAndSync: start, elapsed since last call: 7 ms
2026-07-14 17:50:57.548 DEBUG qt.scenegraph.time.renderloop: [window 0x7f20c65f8630][render thread 0x7f20c0b174c0] syncAndRender: start, elapsed since last call: 7 ms
2026-07-14 17:50:57.548 DEBUG qt.scenegraph.time.renderloop: [window 0x7f20c65f8630][gui thread] Frame prepared, polish=0 ms, lock=0 ms, blockedForSync=0 ms, animations=0 ms
2026-07-14 17:50:57.548 DEBUG qt.scenegraph.time.renderer: time in renderer: total=0ms, preprocess=0, updates=0, rendering=0
2026-07-14 17:50:57.548 DEBUG qt.scenegraph.time.renderloop: [window 0x7f20c65f8630][render thread 0x7f20c0b174c0] syncAndRender: frame rendered in 0ms, sync=0, render=0, swap=0
2026-07-14 17:50:57.573 DEBUG qt.scenegraph.time.renderloop: [window 0x7f20c65f8630][gui thread] polishAndSync: start, elapsed since last call: 25 ms
2026-07-14 17:50:57.573 DEBUG qt.scenegraph.time.renderloop: [window 0x7f20c65f8630][render thread 0x7f20c0b174c0] syncAndRender: start, elapsed since last call: 25 ms
2026-07-14 17:50:57.573 DEBUG qt.scenegraph.time.renderloop: [window 0x7f20c65f8630][gui thread] Frame prepared, polish=0 ms, lock=0 ms, blockedForSync=0 ms, animations=0 ms
2026-07-14 17:50:57.573 DEBUG qt.scenegraph.time.renderer: time in renderer: total=0ms, preprocess=0, updates=0, rendering=0
2026-07-14 17:50:57.573 DEBUG qt.scenegraph.time.renderloop: [window 0x7f20c65f8630][render thread 0x7f20c0b174c0] syncAndRender: frame rendered in 0ms, sync=0, render=0, swap=0
2026-07-14 17:50:57.575 DEBUG qt.scenegraph.time.renderloop: [window 0x7f20c65f8630][gui thread] polishAndSync: start, elapsed since last call: 2 ms
2026-07-14 17:50:57.575 DEBUG qt.scenegraph.time.renderloop: [window 0x7f20c65f8630][render thread 0x7f20c0b174c0] syncAndRender: start, elapsed since last call: 2 ms
2026-07-14 17:50:57.575 DEBUG qt.scenegraph.time.renderloop: [window 0x7f20c65f8630][gui thread] Frame prepared, polish=0 ms, lock=0 ms, blockedForSync=0 ms, animations=0 ms
2026-07-14 17:50:57.575 DEBUG qt.scenegraph.time.renderer: time in renderer: total=0ms, preprocess=0, updates=0, rendering=0
2026-07-14 17:50:57.576 DEBUG qt.scenegraph.time.renderloop: [window 0x7f20c65f8630][render thread 0x7f20c0b174c0] syncAndRender: frame rendered in 0ms, sync=0, render=0, swap=0
2026-07-14 17:50:57.606 DEBUG qt.scenegraph.time.renderloop: [window 0x7f20c65f8630][gui thread] polishAndSync: start, elapsed since last call: 31 ms
2026-07-14 17:50:57.607 DEBUG qt.scenegraph.time.renderloop: [window 0x7f20c65f8630][render thread 0x7f20c0b174c0] syncAndRender: start, elapsed since last call: 31 ms
2026-07-14 17:50:57.607 DEBUG qt.scenegraph.time.renderloop: [window 0x7f20c65f8630][gui thread] Frame prepared, polish=0 ms, lock=0 ms, blockedForSync=0 ms, animations=0 ms
2026-07-14 17:50:57.607 DEBUG qt.scenegraph.time.renderer: time in renderer: total=0ms, preprocess=0, updates=0, rendering=0
2026-07-14 17:50:57.607 DEBUG qt.scenegraph.time.renderloop: [window 0x7f20c65f8630][render thread 0x7f20c0b174c0] syncAndRender: frame rendered in 0ms, sync=0, render=0, swap=0
2026-07-14 17:50:57.608 DEBUG qt.scenegraph.time.renderloop: [window 0x7f20c65f8630][gui thread] polishAndSync: start, elapsed since last call: 1 ms
2026-07-14 17:50:57.608 DEBUG qt.scenegraph.time.renderloop: [window 0x7f20c65f8630][render thread 0x7f20c0b174c0] syncAndRender: start, elapsed since last call: 1 ms
2026-07-14 17:50:57.608 DEBUG qt.scenegraph.time.renderloop: [window 0x7f20c65f8630][gui thread] Frame prepared, polish=0 ms, lock=0 ms, blockedForSync=0 ms, animations=0 ms
2026-07-14 17:50:57.608 DEBUG qt.scenegraph.time.renderer: time in renderer: total=0ms, preprocess=0, updates=0, rendering=0
2026-07-14 17:50:57.608 DEBUG qt.scenegraph.time.renderloop: [window 0x7f20c65f8630][render thread 0x7f20c0b174c0] syncAndRender: frame rendered in 0ms, sync=0, render=0, swap=0
2026-07-14 17:50:57.639 DEBUG qt.scenegraph.time.renderloop: [window 0x7f20c65f8630][gui thread] polishAndSync: start, elapsed since last call: 31 ms
2026-07-14 17:50:57.640 DEBUG qt.scenegraph.time.renderloop: [window 0x7f20c65f8630][render thread 0x7f20c0b174c0] syncAndRender: start, elapsed since last call: 31 ms
2026-07-14 17:50:57.640 DEBUG qt.scenegraph.time.renderloop: [window 0x7f20c65f8630][gui thread] Frame prepared, polish=0 ms, lock=0 ms, blockedForSync=0 ms, animations=0 ms
2026-07-14 17:50:57.640 DEBUG qt.scenegraph.time.renderer: time in renderer: total=0ms, preprocess=0, updates=0, rendering=0
2026-07-14 17:50:57.640 DEBUG qt.scenegraph.time.renderloop: [window 0x7f20c65f8630][render thread 0x7f20c0b174c0] syncAndRender: frame rendered in 0ms, sync=0, render=0, swap=0
2026-07-14 17:50:57.640 DEBUG qt.scenegraph.time.renderloop: [window 0x7f20c65f8630][gui thread] polishAndSync: start, elapsed since last call: 0 ms
2026-07-14 17:50:57.640 DEBUG qt.scenegraph.time.renderloop: [window 0x7f20c65f8630][render thread 0x7f20c0b174c0] syncAndRender: start, elapsed since last call: 0 ms
2026-07-14 17:50:57.640 DEBUG qt.scenegraph.time.renderloop: [window 0x7f20c65f8630][gui thread] Frame prepared, polish=0 ms, lock=0 ms, blockedForSync=0 ms, animations=0 ms
2026-07-14 17:50:57.640 DEBUG qt.scenegraph.time.renderer: time in renderer: total=0ms, preprocess=0, updates=0, rendering=0
2026-07-14 17:50:57.640 DEBUG qt.scenegraph.time.renderloop: [window 0x7f20c65f8630][render thread 0x7f20c0b174c0] syncAndRender: frame rendered in 0ms, sync=0, render=0, swap=0
2026-07-14 17:50:57.672 DEBUG qt.scenegraph.time.renderloop: [window 0x7f20c65f8630][gui thread] polishAndSync: start, elapsed since last call: 31 ms
2026-07-14 17:50:57.672 DEBUG qt.scenegraph.time.renderloop: [window 0x7f20c65f8630][render thread 0x7f20c0b174c0] syncAndRender: start, elapsed since last call: 32 ms
2026-07-14 17:50:57.672 DEBUG qt.scenegraph.time.renderloop: [window 0x7f20c65f8630][gui thread] Frame prepared, polish=0 ms, lock=0 ms, blockedForSync=0 ms, animations=0 ms
2026-07-14 17:50:57.672 DEBUG qt.scenegraph.time.renderer: time in renderer: total=0ms, preprocess=0, updates=0, rendering=0
2026-07-14 17:50:57.673 DEBUG qt.scenegraph.time.renderloop: [window 0x7f20c65f8630][render thread 0x7f20c0b174c0] syncAndRender: frame rendered in 0ms, sync=0, render=0, swap=0
2026-07-14 17:50:57.673 DEBUG qt.scenegraph.time.renderloop: [window 0x7f20c65f8630][gui thread] polishAndSync: start, elapsed since last call: 1 ms
2026-07-14 17:50:57.673 DEBUG qt.scenegraph.time.renderloop: [window 0x7f20c65f8630][render thread 0x7f20c0b174c0] syncAndRender: start, elapsed since last call: 0 ms
2026-07-14 17:50:57.673 DEBUG qt.scenegraph.time.renderloop: [window 0x7f20c65f8630][gui thread] Frame prepared, polish=0 ms, lock=0 ms, blockedForSync=0 ms, animations=0 ms
2026-07-14 17:50:57.673 DEBUG qt.scenegraph.time.renderer: time in renderer: total=0ms, preprocess=0, updates=0, rendering=0
2026-07-14 17:50:57.673 DEBUG qt.scenegraph.time.renderloop: [window 0x7f20c65f8630][render thread 0x7f20c0b174c0] syncAndRender: frame rendered in 0ms, sync=0, render=0, swap=0
2026-07-14 17:50:57.705 DEBUG qt.scenegraph.time.renderloop: [window 0x7f20c65f8630][gui thread] polishAndSync: start, elapsed since last call: 31 ms
2026-07-14 17:50:57.705 DEBUG qt.scenegraph.time.renderloop: [window 0x7f20c65f8630][render thread 0x7f20c0b174c0] syncAndRender: start, elapsed since last call: 31 ms
2026-07-14 17:50:57.705 DEBUG qt.scenegraph.time.renderloop: [window 0x7f20c65f8630][gui thread] Frame prepared, polish=0 ms, lock=0 ms, blockedForSync=0 ms, animations=0 ms
2026-07-14 17:50:57.705 DEBUG qt.scenegraph.time.renderer: time in renderer: total=0ms, preprocess=0, updates=0, rendering=0
2026-07-14 17:50:57.705 DEBUG qt.scenegraph.time.renderloop: [window 0x7f20c65f8630][render thread 0x7f20c0b174c0] syncAndRender: frame rendered in 0ms, sync=0, render=0, swap=0
2026-07-14 17:50:57.706 DEBUG qt.scenegraph.time.renderloop: [window 0x7f20c65f8630][gui thread] polishAndSync: start, elapsed since last call: 0 ms
2026-07-14 17:50:57.706 DEBUG qt.scenegraph.time.renderloop: [window 0x7f20c65f8630][render thread 0x7f20c0b174c0] syncAndRender: start, elapsed since last call: 0 ms
2026-07-14 17:50:57.706 DEBUG qt.scenegraph.time.renderloop: [window 0x7f20c65f8630][gui thread] Frame prepared, polish=0 ms, lock=0 ms, blockedForSync=0 ms, animations=0 ms
2026-07-14 17:50:57.706 DEBUG qt.scenegraph.time.renderer: time in renderer: total=0ms, preprocess=0, updates=0, rendering=0
2026-07-14 17:50:57.706 DEBUG qt.scenegraph.time.renderloop: [window 0x7f20c65f8630][render thread 0x7f20c0b174c0] syncAndRender: frame rendered in 0ms, sync=0, render=0, swap=0
2026-07-14 17:50:57.738 DEBUG qt.scenegraph.time.renderloop: [window 0x7f20c65f8630][gui thread] polishAndSync: start, elapsed since last call: 32 ms
2026-07-14 17:50:57.739 DEBUG qt.scenegraph.time.renderloop: [window 0x7f20c65f8630][render thread 0x7f20c0b174c0] syncAndRender: start, elapsed since last call: 33 ms
2026-07-14 17:50:57.739 DEBUG qt.scenegraph.time.renderloop: [window 0x7f20c65f8630][gui thread] Frame prepared, polish=0 ms, lock=0 ms, blockedForSync=0 ms, animations=0 ms
2026-07-14 17:50:57.739 DEBUG qt.scenegraph.time.renderer: time in renderer: total=0ms, preprocess=0, updates=0, rendering=0
2026-07-14 17:50:57.739 DEBUG qt.scenegraph.time.renderloop: [window 0x7f20c65f8630][render thread 0x7f20c0b174c0] syncAndRender: frame rendered in 0ms, sync=0, render=0, swap=0
2026-07-14 17:50:57.739 DEBUG qt.scenegraph.time.renderloop: [window 0x7f20c65f8630][gui thread] polishAndSync: start, elapsed since last call: 0 ms
2026-07-14 17:50:57.739 DEBUG qt.scenegraph.time.renderloop: [window 0x7f20c65f8630][render thread 0x7f20c0b174c0] syncAndRender: start, elapsed since last call: 0 ms
2026-07-14 17:50:57.739 DEBUG qt.scenegraph.time.renderloop: [window 0x7f20c65f8630][gui thread] Frame prepared, polish=0 ms, lock=0 ms, blockedForSync=0 ms, animations=0 ms
2026-07-14 17:50:57.739 DEBUG qt.scenegraph.time.renderer: time in renderer: total=0ms, preprocess=0, updates=0, rendering=0
2026-07-14 17:50:57.740 DEBUG qt.scenegraph.time.renderloop: [window 0x7f20c65f8630][render thread 0x7f20c0b174c0] syncAndRender: frame rendered in 0ms, sync=0, render=0, swap=0
2026-07-14 17:50:57.771 DEBUG qt.scenegraph.time.renderloop: [window 0x7f20c65f8630][gui thread] polishAndSync: start, elapsed since last call: 31 ms
2026-07-14 17:50:57.771 DEBUG qt.scenegraph.time.renderloop: [window 0x7f20c65f8630][render thread 0x7f20c0b174c0] syncAndRender: start, elapsed since last call: 32 ms
2026-07-14 17:50:57.771 DEBUG qt.scenegraph.time.renderloop: [window 0x7f20c65f8630][gui thread] Frame prepared, polish=0 ms, lock=0 ms, blockedForSync=0 ms, animations=0 ms
2026-07-14 17:50:57.772 DEBUG qt.scenegraph.time.renderer: time in renderer: total=0ms, preprocess=0, updates=0, rendering=0
2026-07-14 17:50:57.772 DEBUG qt.scenegraph.time.renderloop: [window 0x7f20c65f8630][render thread 0x7f20c0b174c0] syncAndRender: frame rendered in 0ms, sync=0, render=0, swap=0
2026-07-14 17:50:57.772 DEBUG qt.scenegraph.time.renderloop: [window 0x7f20c65f8630][gui thread] polishAndSync: start, elapsed since last call: 0 ms
2026-07-14 17:50:57.772 DEBUG qt.scenegraph.time.renderloop: [window 0x7f20c65f8630][render thread 0x7f20c0b174c0] syncAndRender: start, elapsed since last call: 0 ms
2026-07-14 17:50:57.772 DEBUG qt.scenegraph.time.renderloop: [window 0x7f20c65f8630][gui thread] Frame prepared, polish=0 ms, lock=0 ms, blockedForSync=0 ms, animations=0 ms
2026-07-14 17:50:57.772 DEBUG qt.scenegraph.time.renderer: time in renderer: total=0ms, preprocess=0, updates=0, rendering=0
2026-07-14 17:50:57.772 DEBUG qt.scenegraph.time.renderloop: [window 0x7f20c65f8630][render thread 0x7f20c0b174c0] syncAndRender: frame rendered in 0ms, sync=0, render=0, swap=0
2026-07-14 17:50:57.804 DEBUG qt.scenegraph.time.renderloop: [window 0x7f20c65f8630][gui thread] polishAndSync: start, elapsed since last call: 31 ms
2026-07-14 17:50:57.804 DEBUG qt.scenegraph.time.renderloop: [window 0x7f20c65f8630][render thread 0x7f20c0b174c0] syncAndRender: start, elapsed since last call: 32 ms
2026-07-14 17:50:57.804 DEBUG qt.scenegraph.time.renderloop: [window 0x7f20c65f8630][gui thread] Frame prepared, polish=0 ms, lock=0 ms, blockedForSync=0 ms, animations=0 ms
2026-07-14 17:50:57.804 DEBUG qt.scenegraph.time.renderer: time in renderer: total=0ms, preprocess=0, updates=0, rendering=0
2026-07-14 17:50:57.804 DEBUG qt.scenegraph.time.renderloop: [window 0x7f20c65f8630][render thread 0x7f20c0b174c0] syncAndRender: frame rendered in 0ms, sync=0, render=0, swap=0
2026-07-14 17:50:57.805 DEBUG qt.scenegraph.time.renderloop: [window 0x7f20c65f8630][gui thread] polishAndSync: start, elapsed since last call: 0 ms
2026-07-14 17:50:57.805 DEBUG qt.scenegraph.time.renderloop: [window 0x7f20c65f8630][render thread 0x7f20c0b174c0] syncAndRender: start, elapsed since last call: 0 ms
2026-07-14 17:50:57.805 DEBUG qt.scenegraph.time.renderloop: [window 0x7f20c65f8630][gui thread] Frame prepared, polish=0 ms, lock=0 ms, blockedForSync=0 ms, animations=0 ms
2026-07-14 17:50:57.805 DEBUG qt.scenegraph.time.renderer: time in renderer: total=0ms, preprocess=0, updates=0, rendering=0
2026-07-14 17:50:57.805 DEBUG qt.scenegraph.time.renderloop: [window 0x7f20c65f8630][render thread 0x7f20c0b174c0] syncAndRender: frame rendered in 0ms, sync=0, render=0, swap=0
2026-07-14 17:50:57.837 DEBUG qt.scenegraph.time.renderloop: [window 0x7f20c65f8630][gui thread] polishAndSync: start, elapsed since last call: 31 ms
2026-07-14 17:50:57.837 DEBUG qt.scenegraph.time.renderloop: [window 0x7f20c65f8630][render thread 0x7f20c0b174c0] syncAndRender: start, elapsed since last call: 32 ms
2026-07-14 17:50:57.837 DEBUG qt.scenegraph.time.renderloop: [window 0x7f20c65f8630][gui thread] Frame prepared, polish=0 ms, lock=0 ms, blockedForSync=0 ms, animations=0 ms
2026-07-14 17:50:57.837 DEBUG qt.scenegraph.time.renderer: time in renderer: total=0ms, preprocess=0, updates=0, rendering=0
2026-07-14 17:50:57.837 DEBUG qt.scenegraph.time.renderloop: [window 0x7f20c65f8630][render thread 0x7f20c0b174c0] syncAndRender: frame rendered in 0ms, sync=0, render=0, swap=0
2026-07-14 17:50:57.837 DEBUG qt.scenegraph.time.renderloop: [window 0x7f20c65f8630][gui thread] polishAndSync: start, elapsed since last call: 0 ms
2026-07-14 17:50:57.837 DEBUG qt.scenegraph.time.renderloop: [window 0x7f20c65f8630][render thread 0x7f20c0b174c0] syncAndRender: start, elapsed since last call: 0 ms
2026-07-14 17:50:57.837 DEBUG qt.scenegraph.time.renderloop: [window 0x7f20c65f8630][gui thread] Frame prepared, polish=0 ms, lock=0 ms, blockedForSync=0 ms, animations=0 ms
2026-07-14 17:50:57.837 DEBUG qt.scenegraph.time.renderer: time in renderer: total=0ms, preprocess=0, updates=0, rendering=0
2026-07-14 17:50:57.838 DEBUG qt.scenegraph.time.renderloop: [window 0x7f20c65f8630][render thread 0x7f20c0b174c0] syncAndRender: frame rendered in 0ms, sync=0, render=0, swap=0
2026-07-14 17:50:57.871 DEBUG qt.scenegraph.time.renderloop: [window 0x7f20c65f8630][gui thread] polishAndSync: start, elapsed since last call: 33 ms
2026-07-14 17:50:57.871 DEBUG qt.scenegraph.time.renderloop: [window 0x7f20c65f8630][render thread 0x7f20c0b174c0] syncAndRender: start, elapsed since last call: 33 ms
2026-07-14 17:50:57.871 DEBUG qt.scenegraph.time.renderloop: [window 0x7f20c65f8630][gui thread] Frame prepared, polish=0 ms, lock=0 ms, blockedForSync=0 ms, animations=0 ms
2026-07-14 17:50:57.871 DEBUG qt.scenegraph.time.renderer: time in renderer: total=0ms, preprocess=0, updates=0, rendering=0
2026-07-14 17:50:57.871 DEBUG qt.scenegraph.time.renderloop: [window 0x7f20c65f8630][render thread 0x7f20c0b174c0] syncAndRender: frame rendered in 0ms, sync=0, render=0, swap=0
2026-07-14 17:50:57.871 DEBUG qt.scenegraph.time.renderloop: [window 0x7f20c65f8630][gui thread] polishAndSync: start, elapsed since last call: 0 ms
2026-07-14 17:50:57.871 DEBUG qt.scenegraph.time.renderloop: [window 0x7f20c65f8630][render thread 0x7f20c0b174c0] syncAndRender: start, elapsed since last call: 0 ms
2026-07-14 17:50:57.871 DEBUG qt.scenegraph.time.renderloop: [window 0x7f20c65f8630][gui thread] Frame prepared, polish=0 ms, lock=0 ms, blockedForSync=0 ms, animations=0 ms
2026-07-14 17:50:57.871 DEBUG qt.scenegraph.time.renderer: time in renderer: total=0ms, preprocess=0, updates=0, rendering=0
2026-07-14 17:50:57.872 DEBUG qt.scenegraph.time.renderloop: [window 0x7f20c65f8630][render thread 0x7f20c0b174c0] syncAndRender: frame rendered in 0ms, sync=0, render=0, swap=0
2026-07-14 17:50:57.903 DEBUG qt.scenegraph.time.renderloop: [window 0x7f20c65f8630][gui thread] polishAndSync: start, elapsed since last call: 31 ms
2026-07-14 17:50:57.903 DEBUG qt.scenegraph.time.renderloop: [window 0x7f20c65f8630][render thread 0x7f20c0b174c0] syncAndRender: start, elapsed since last call: 32 ms
2026-07-14 17:50:57.903 DEBUG qt.scenegraph.time.renderloop: [window 0x7f20c65f8630][gui thread] Frame prepared, polish=0 ms, lock=0 ms, blockedForSync=0 ms, animations=0 ms
2026-07-14 17:50:57.904 DEBUG qt.scenegraph.time.renderer: time in renderer: total=0ms, preprocess=0, updates=0, rendering=0
2026-07-14 17:50:57.904 DEBUG qt.scenegraph.time.renderloop: [window 0x7f20c65f8630][render thread 0x7f20c0b174c0] syncAndRender: frame rendered in 0ms, sync=0, render=0, swap=0
2026-07-14 17:50:57.904 DEBUG qt.scenegraph.time.renderloop: [window 0x7f20c65f8630][gui thread] polishAndSync: start, elapsed since last call: 0 ms
2026-07-14 17:50:57.904 DEBUG qt.scenegraph.time.renderloop: [window 0x7f20c65f8630][render thread 0x7f20c0b174c0] syncAndRender: start, elapsed since last call: 0 ms
2026-07-14 17:50:57.904 DEBUG qt.scenegraph.time.renderloop: [window 0x7f20c65f8630][gui thread] Frame prepared, polish=0 ms, lock=0 ms, blockedForSync=0 ms, animations=0 ms
2026-07-14 17:50:57.904 DEBUG qt.scenegraph.time.renderer: time in renderer: total=0ms, preprocess=0, updates=0, rendering=0
2026-07-14 17:50:57.904 DEBUG qt.scenegraph.time.renderloop: [window 0x7f20c65f8630][render thread 0x7f20c0b174c0] syncAndRender: frame rendered in 0ms, sync=0, render=0, swap=0
2026-07-14 17:50:57.936 DEBUG qt.scenegraph.time.renderloop: [window 0x7f20c65f8630][gui thread] polishAndSync: start, elapsed since last call: 31 ms
2026-07-14 17:50:57.936 DEBUG qt.scenegraph.time.renderloop: [window 0x7f20c65f8630][render thread 0x7f20c0b174c0] syncAndRender: start, elapsed since last call: 32 ms
2026-07-14 17:50:57.936 DEBUG qt.scenegraph.time.renderloop: [window 0x7f20c65f8630][gui thread] Frame prepared, polish=0 ms, lock=0 ms, blockedForSync=0 ms, animations=0 ms
2026-07-14 17:50:57.936 DEBUG qt.scenegraph.time.renderer: time in renderer: total=0ms, preprocess=0, updates=0, rendering=0
2026-07-14 17:50:57.936 DEBUG qt.scenegraph.time.renderloop: [window 0x7f20c65f8630][render thread 0x7f20c0b174c0] syncAndRender: frame rendered in 0ms, sync=0, render=0, swap=0
2026-07-14 17:50:57.937 DEBUG qt.scenegraph.time.renderloop: [window 0x7f20c65f8630][gui thread] polishAndSync: start, elapsed since last call: 0 ms
2026-07-14 17:50:57.937 DEBUG qt.scenegraph.time.renderloop: [window 0x7f20c65f8630][render thread 0x7f20c0b174c0] syncAndRender: start, elapsed since last call: 0 ms
2026-07-14 17:50:57.937 DEBUG qt.scenegraph.time.renderloop: [window 0x7f20c65f8630][gui thread] Frame prepared, polish=0 ms, lock=0 ms, blockedForSync=0 ms, animations=0 ms
2026-07-14 17:50:57.937 DEBUG qt.scenegraph.time.renderer: time in renderer: total=0ms, preprocess=0, updates=0, rendering=0
2026-07-14 17:50:57.937 DEBUG qt.scenegraph.time.renderloop: [window 0x7f20c65f8630][render thread 0x7f20c0b174c0] syncAndRender: frame rendered in 0ms, sync=0, render=0, swap=0
2026-07-14 17:50:57.969 DEBUG qt.scenegraph.time.renderloop: [window 0x7f20c65f8630][gui thread] polishAndSync: start, elapsed since last call: 32 ms
2026-07-14 17:50:57.969 DEBUG qt.scenegraph.time.renderloop: [window 0x7f20c65f8630][render thread 0x7f20c0b174c0] syncAndRender: start, elapsed since last call: 32 ms
2026-07-14 17:50:57.969 DEBUG qt.scenegraph.time.renderloop: [window 0x7f20c65f8630][gui thread] Frame prepared, polish=0 ms, lock=0 ms, blockedForSync=0 ms, animations=0 ms
2026-07-14 17:50:57.969 DEBUG qt.scenegraph.time.renderer: time in renderer: total=0ms, preprocess=0, updates=0, rendering=0
2026-07-14 17:50:57.969 DEBUG qt.scenegraph.time.renderloop: [window 0x7f20c65f8630][render thread 0x7f20c0b174c0] syncAndRender: frame rendered in 0ms, sync=0, render=0, swap=0
2026-07-14 17:50:57.969 DEBUG qt.scenegraph.time.renderloop: [window 0x7f20c65f8630][gui thread] polishAndSync: start, elapsed since last call: 0 ms
2026-07-14 17:50:57.969 DEBUG qt.scenegraph.time.renderloop: [window 0x7f20c65f8630][render thread 0x7f20c0b174c0] syncAndRender: start, elapsed since last call: 0 ms
2026-07-14 17:50:57.970 DEBUG qt.scenegraph.time.renderloop: [window 0x7f20c65f8630][gui thread] Frame prepared, polish=0 ms, lock=0 ms, blockedForSync=0 ms, animations=0 ms
2026-07-14 17:50:57.970 DEBUG qt.scenegraph.time.renderer: time in renderer: total=0ms, preprocess=0, updates=0, rendering=0
2026-07-14 17:50:57.970 DEBUG qt.scenegraph.time.renderloop: [window 0x7f20c65f8630][render thread 0x7f20c0b174c0] syncAndRender: frame rendered in 0ms, sync=0, render=0, swap=0
2026-07-14 17:50:58.003 DEBUG qt.scenegraph.time.renderloop: [window 0x7f20c65f8630][gui thread] polishAndSync: start, elapsed since last call: 33 ms
2026-07-14 17:50:58.003 DEBUG qt.scenegraph.time.renderloop: [window 0x7f20c65f8630][render thread 0x7f20c0b174c0] syncAndRender: start, elapsed since last call: 33 ms
2026-07-14 17:50:58.003 DEBUG qt.scenegraph.time.renderloop: [window 0x7f20c65f8630][gui thread] Frame prepared, polish=0 ms, lock=0 ms, blockedForSync=0 ms, animations=0 ms
2026-07-14 17:50:58.003 DEBUG qt.scenegraph.time.renderer: time in renderer: total=0ms, preprocess=0, updates=0, rendering=0
2026-07-14 17:50:58.003 DEBUG qt.scenegraph.time.renderloop: [window 0x7f20c65f8630][render thread 0x7f20c0b174c0] syncAndRender: frame rendered in 0ms, sync=0, render=0, swap=0
2026-07-14 17:50:58.003 DEBUG qt.scenegraph.time.renderloop: [window 0x7f20c65f8630][gui thread] polishAndSync: start, elapsed since last call: 0 ms
2026-07-14 17:50:58.003 DEBUG qt.scenegraph.time.renderloop: [window 0x7f20c65f8630][render thread 0x7f20c0b174c0] syncAndRender: start, elapsed since last call: 0 ms
2026-07-14 17:50:58.003 DEBUG qt.scenegraph.time.renderloop: [window 0x7f20c65f8630][gui thread] Frame prepared, polish=0 ms, lock=0 ms, blockedForSync=0 ms, animations=0 ms
2026-07-14 17:50:58.003 DEBUG qt.scenegraph.time.renderer: time in renderer: total=0ms, preprocess=0, updates=0, rendering=0
2026-07-14 17:50:58.003 DEBUG qt.scenegraph.time.renderloop: [window 0x7f20c65f8630][render thread 0x7f20c0b174c0] syncAndRender: frame rendered in 0ms, sync=0, render=0, swap=0
2026-07-14 17:50:58.034 DEBUG qt.scenegraph.time.renderloop: [window 0x7f20c65f8630][gui thread] polishAndSync: start, elapsed since last call: 31 ms
2026-07-14 17:50:58.035 DEBUG qt.scenegraph.time.renderloop: [window 0x7f20c65f8630][render thread 0x7f20c0b174c0] syncAndRender: start, elapsed since last call: 31 ms
2026-07-14 17:50:58.035 DEBUG qt.scenegraph.time.renderloop: [window 0x7f20c65f8630][gui thread] Frame prepared, polish=0 ms, lock=0 ms, blockedForSync=0 ms, animations=0 ms
2026-07-14 17:50:58.035 DEBUG qt.scenegraph.time.renderer: time in renderer: total=0ms, preprocess=0, updates=0, rendering=0
2026-07-14 17:50:58.035 DEBUG qt.scenegraph.time.renderloop: [window 0x7f20c65f8630][render thread 0x7f20c0b174c0] syncAndRender: frame rendered in 0ms, sync=0, render=0, swap=0
2026-07-14 17:50:58.035 DEBUG qt.scenegraph.time.renderloop: [window 0x7f20c65f8630][gui thread] polishAndSync: start, elapsed since last call: 0 ms
2026-07-14 17:50:58.035 DEBUG qt.scenegraph.time.renderloop: [window 0x7f20c65f8630][render thread 0x7f20c0b174c0] syncAndRender: start, elapsed since last call: 0 ms
2026-07-14 17:50:58.035 DEBUG qt.scenegraph.time.renderloop: [window 0x7f20c65f8630][gui thread] Frame prepared, polish=0 ms, lock=0 ms, blockedForSync=0 ms, animations=0 ms
2026-07-14 17:50:58.035 DEBUG qt.scenegraph.time.renderer: time in renderer: total=0ms, preprocess=0, updates=0, rendering=0
2026-07-14 17:50:58.035 DEBUG qt.scenegraph.time.renderloop: [window 0x7f20c65f8630][render thread 0x7f20c0b174c0] syncAndRender: frame rendered in 0ms, sync=0, render=0, swap=0
2026-07-14 17:50:58.068 DEBUG qt.scenegraph.time.renderloop: [window 0x7f20c65f8630][gui thread] polishAndSync: start, elapsed since last call: 33 ms
2026-07-14 17:50:58.068 DEBUG qt.scenegraph.time.renderloop: [window 0x7f20c65f8630][render thread 0x7f20c0b174c0] syncAndRender: start, elapsed since last call: 33 ms
2026-07-14 17:50:58.068 DEBUG qt.scenegraph.time.renderloop: [window 0x7f20c65f8630][gui thread] Frame prepared, polish=0 ms, lock=0 ms, blockedForSync=0 ms, animations=0 ms
2026-07-14 17:50:58.068 DEBUG qt.scenegraph.time.renderer: time in renderer: total=0ms, preprocess=0, updates=0, rendering=0
2026-07-14 17:50:58.069 DEBUG qt.scenegraph.time.renderloop: [window 0x7f20c65f8630][render thread 0x7f20c0b174c0] syncAndRender: frame rendered in 0ms, sync=0, render=0, swap=0
2026-07-14 17:50:58.069 DEBUG qt.scenegraph.time.renderloop: [window 0x7f20c65f8630][gui thread] polishAndSync: start, elapsed since last call: 0 ms
2026-07-14 17:50:58.069 DEBUG qt.scenegraph.time.renderloop: [window 0x7f20c65f8630][render thread 0x7f20c0b174c0] syncAndRender: start, elapsed since last call: 0 ms
2026-07-14 17:50:58.069 DEBUG qt.scenegraph.time.renderloop: [window 0x7f20c65f8630][gui thread] Frame prepared, polish=0 ms, lock=0 ms, blockedForSync=0 ms, animations=0 ms
2026-07-14 17:50:58.069 DEBUG qt.scenegraph.time.renderer: time in renderer: total=0ms, preprocess=0, updates=0, rendering=0
2026-07-14 17:50:58.069 DEBUG qt.scenegraph.time.renderloop: [window 0x7f20c65f8630][render thread 0x7f20c0b174c0] syncAndRender: frame rendered in 0ms, sync=0, render=0, swap=0
2026-07-14 17:50:58.101 DEBUG qt.scenegraph.time.renderloop: [window 0x7f20c65f8630][gui thread] polishAndSync: start, elapsed since last call: 31 ms
2026-07-14 17:50:58.101 DEBUG qt.scenegraph.time.renderloop: [window 0x7f20c65f8630][render thread 0x7f20c0b174c0] syncAndRender: start, elapsed since last call: 32 ms
2026-07-14 17:50:58.101 DEBUG qt.scenegraph.time.renderloop: [window 0x7f20c65f8630][gui thread] Frame prepared, polish=0 ms, lock=0 ms, blockedForSync=0 ms, animations=0 ms
2026-07-14 17:50:58.101 DEBUG qt.scenegraph.time.renderer: time in renderer: total=0ms, preprocess=0, updates=0, rendering=0
2026-07-14 17:50:58.101 DEBUG qt.scenegraph.time.renderloop: [window 0x7f20c65f8630][render thread 0x7f20c0b174c0] syncAndRender: frame rendered in 0ms, sync=0, render=0, swap=0
2026-07-14 17:50:58.101 DEBUG qt.scenegraph.time.renderloop: [window 0x7f20c65f8630][gui thread] polishAndSync: start, elapsed since last call: 0 ms
2026-07-14 17:50:58.101 DEBUG qt.scenegraph.time.renderloop: [window 0x7f20c65f8630][render thread 0x7f20c0b174c0] syncAndRender: start, elapsed since last call: 0 ms
2026-07-14 17:50:58.101 DEBUG qt.scenegraph.time.renderloop: [window 0x7f20c65f8630][gui thread] Frame prepared, polish=0 ms, lock=0 ms, blockedForSync=0 ms, animations=0 ms
2026-07-14 17:50:58.102 DEBUG qt.scenegraph.time.renderer: time in renderer: total=0ms, preprocess=0, updates=0, rendering=0
2026-07-14 17:50:58.102 DEBUG qt.scenegraph.time.renderloop: [window 0x7f20c65f8630][render thread 0x7f20c0b174c0] syncAndRender: frame rendered in 0ms, sync=0, render=0, swap=0
2026-07-14 17:50:58.135 DEBUG qt.scenegraph.time.renderloop: [window 0x7f20c65f8630][gui thread] polishAndSync: start, elapsed since last call: 33 ms
2026-07-14 17:50:58.135 DEBUG qt.scenegraph.time.renderloop: [window 0x7f20c65f8630][render thread 0x7f20c0b174c0] syncAndRender: start, elapsed since last call: 33 ms
2026-07-14 17:50:58.135 DEBUG qt.scenegraph.time.renderloop: [window 0x7f20c65f8630][gui thread] Frame prepared, polish=0 ms, lock=0 ms, blockedForSync=0 ms, animations=0 ms
2026-07-14 17:50:58.135 DEBUG qt.scenegraph.time.renderer: time in renderer: total=0ms, preprocess=0, updates=0, rendering=0
2026-07-14 17:50:58.135 DEBUG qt.scenegraph.time.renderloop: [window 0x7f20c65f8630][render thread 0x7f20c0b174c0] syncAndRender: frame rendered in 0ms, sync=0, render=0, swap=0
2026-07-14 17:50:58.135 DEBUG qt.scenegraph.time.renderloop: [window 0x7f20c65f8630][gui thread] polishAndSync: start, elapsed since last call: 0 ms
2026-07-14 17:50:58.135 DEBUG qt.scenegraph.time.renderloop: [window 0x7f20c65f8630][render thread 0x7f20c0b174c0] syncAndRender: start, elapsed since last call: 0 ms
2026-07-14 17:50:58.135 DEBUG qt.scenegraph.time.renderloop: [window 0x7f20c65f8630][gui thread] Frame prepared, polish=0 ms, lock=0 ms, blockedForSync=0 ms, animations=0 ms
2026-07-14 17:50:58.136 DEBUG qt.scenegraph.time.renderer: time in renderer: total=0ms, preprocess=0, updates=0, rendering=0
2026-07-14 17:50:58.136 DEBUG qt.scenegraph.time.renderloop: [window 0x7f20c65f8630][render thread 0x7f20c0b174c0] syncAndRender: frame rendered in 0ms, sync=0, render=0, swap=0
2026-07-14 17:50:58.167 DEBUG qt.scenegraph.time.renderloop: [window 0x7f20c65f8630][gui thread] polishAndSync: start, elapsed since last call: 31 ms
2026-07-14 17:50:58.168 DEBUG qt.scenegraph.time.renderloop: [window 0x7f20c65f8630][render thread 0x7f20c0b174c0] syncAndRender: start, elapsed since last call: 32 ms
2026-07-14 17:50:58.168 DEBUG qt.scenegraph.time.renderloop: [window 0x7f20c65f8630][gui thread] Frame prepared, polish=0 ms, lock=0 ms, blockedForSync=0 ms, animations=0 ms
2026-07-14 17:50:58.168 DEBUG qt.scenegraph.time.renderer: time in renderer: total=0ms, preprocess=0, updates=0, rendering=0
2026-07-14 17:50:58.168 DEBUG qt.scenegraph.time.renderloop: [window 0x7f20c65f8630][render thread 0x7f20c0b174c0] syncAndRender: frame rendered in 0ms, sync=0, render=0, swap=0
2026-07-14 17:50:58.168 DEBUG qt.scenegraph.time.renderloop: [window 0x7f20c65f8630][gui thread] polishAndSync: start, elapsed since last call: 0 ms
2026-07-14 17:50:58.168 DEBUG qt.scenegraph.time.renderloop: [window 0x7f20c65f8630][render thread 0x7f20c0b174c0] syncAndRender: start, elapsed since last call: 0 ms
2026-07-14 17:50:58.168 DEBUG qt.scenegraph.time.renderloop: [window 0x7f20c65f8630][gui thread] Frame prepared, polish=0 ms, lock=0 ms, blockedForSync=0 ms, animations=0 ms
2026-07-14 17:50:58.168 DEBUG qt.scenegraph.time.renderer: time in renderer: total=0ms, preprocess=0, updates=0, rendering=0
2026-07-14 17:50:58.169 DEBUG qt.scenegraph.time.renderloop: [window 0x7f20c65f8630][render thread 0x7f20c0b174c0] syncAndRender: frame rendered in 0ms, sync=0, render=0, swap=0
2026-07-14 17:50:58.200 DEBUG qt.scenegraph.time.renderloop: [window 0x7f20c65f8630][gui thread] polishAndSync: start, elapsed since last call: 31 ms
2026-07-14 17:50:58.200 DEBUG qt.scenegraph.time.renderloop: [window 0x7f20c65f8630][render thread 0x7f20c0b174c0] syncAndRender: start, elapsed since last call: 32 ms
2026-07-14 17:50:58.200 DEBUG qt.scenegraph.time.renderloop: [window 0x7f20c65f8630][gui thread] Frame prepared, polish=0 ms, lock=0 ms, blockedForSync=0 ms, animations=0 ms
2026-07-14 17:50:58.201 DEBUG qt.scenegraph.time.renderer: time in renderer: total=0ms, preprocess=0, updates=0, rendering=0
2026-07-14 17:50:58.201 DEBUG qt.scenegraph.time.renderloop: [window 0x7f20c65f8630][render thread 0x7f20c0b174c0] syncAndRender: frame rendered in 0ms, sync=0, render=0, swap=0
2026-07-14 17:50:58.201 DEBUG qt.scenegraph.time.renderloop: [window 0x7f20c65f8630][gui thread] polishAndSync: start, elapsed since last call: 1 ms
2026-07-14 17:50:58.201 DEBUG qt.scenegraph.time.renderloop: [window 0x7f20c65f8630][render thread 0x7f20c0b174c0] syncAndRender: start, elapsed since last call: 0 ms
2026-07-14 17:50:58.201 DEBUG qt.scenegraph.time.renderloop: [window 0x7f20c65f8630][gui thread] Frame prepared, polish=0 ms, lock=0 ms, blockedForSync=0 ms, animations=0 ms
2026-07-14 17:50:58.201 DEBUG qt.scenegraph.time.renderer: time in renderer: total=0ms, preprocess=0, updates=0, rendering=0
2026-07-14 17:50:58.202 DEBUG qt.scenegraph.time.renderloop: [window 0x7f20c65f8630][render thread 0x7f20c0b174c0] syncAndRender: frame rendered in 0ms, sync=0, render=0, swap=0
2026-07-14 17:50:58.233 DEBUG qt.scenegraph.time.renderloop: [window 0x7f20c65f8630][gui thread] polishAndSync: start, elapsed since last call: 31 ms
2026-07-14 17:50:58.233 DEBUG qt.scenegraph.time.renderloop: [window 0x7f20c65f8630][render thread 0x7f20c0b174c0] syncAndRender: start, elapsed since last call: 31 ms
2026-07-14 17:50:58.233 DEBUG qt.scenegraph.time.renderloop: [window 0x7f20c65f8630][gui thread] Frame prepared, polish=0 ms, lock=0 ms, blockedForSync=0 ms, animations=0 ms
2026-07-14 17:50:58.233 DEBUG qt.scenegraph.time.renderer: time in renderer: total=0ms, preprocess=0, updates=0, rendering=0
2026-07-14 17:50:58.234 DEBUG qt.scenegraph.time.renderloop: [window 0x7f20c65f8630][render thread 0x7f20c0b174c0] syncAndRender: frame rendered in 0ms, sync=0, render=0, swap=0
2026-07-14 17:50:58.234 DEBUG qt.scenegraph.time.renderloop: [window 0x7f20c65f8630][gui thread] polishAndSync: start, elapsed since last call: 1 ms
2026-07-14 17:50:58.234 DEBUG qt.scenegraph.time.renderloop: [window 0x7f20c65f8630][render thread 0x7f20c0b174c0] syncAndRender: start, elapsed since last call: 0 ms
2026-07-14 17:50:58.234 DEBUG qt.scenegraph.time.renderloop: [window 0x7f20c65f8630][gui thread] Frame prepared, polish=0 ms, lock=0 ms, blockedForSync=0 ms, animations=0 ms
2026-07-14 17:50:58.234 DEBUG qt.scenegraph.time.renderer: time in renderer: total=0ms, preprocess=0, updates=0, rendering=0
2026-07-14 17:50:58.234 DEBUG qt.scenegraph.time.renderloop: [window 0x7f20c65f8630][render thread 0x7f20c0b174c0] syncAndRender: frame rendered in 0ms, sync=0, render=0, swap=0
2026-07-14 17:50:58.266 DEBUG qt.scenegraph.time.renderloop: [window 0x7f20c65f8630][gui thread] polishAndSync: start, elapsed since last call: 31 ms
2026-07-14 17:50:58.266 DEBUG qt.scenegraph.time.renderloop: [window 0x7f20c65f8630][render thread 0x7f20c0b174c0] syncAndRender: start, elapsed since last call: 31 ms
2026-07-14 17:50:58.266 DEBUG qt.scenegraph.time.renderloop: [window 0x7f20c65f8630][gui thread] Frame prepared, polish=0 ms, lock=0 ms, blockedForSync=0 ms, animations=0 ms
2026-07-14 17:50:58.266 DEBUG qt.scenegraph.time.renderer: time in renderer: total=0ms, preprocess=0, updates=0, rendering=0
2026-07-14 17:50:58.266 DEBUG qt.scenegraph.time.renderloop: [window 0x7f20c65f8630][render thread 0x7f20c0b174c0] syncAndRender: frame rendered in 0ms, sync=0, render=0, swap=0
2026-07-14 17:50:58.267 DEBUG qt.scenegraph.time.renderloop: [window 0x7f20c65f8630][gui thread] polishAndSync: start, elapsed since last call: 0 ms
2026-07-14 17:50:58.267 DEBUG qt.scenegraph.time.renderloop: [window 0x7f20c65f8630][render thread 0x7f20c0b174c0] syncAndRender: start, elapsed since last call: 0 ms
2026-07-14 17:50:58.267 DEBUG qt.scenegraph.time.renderloop: [window 0x7f20c65f8630][gui thread] Frame prepared, polish=0 ms, lock=0 ms, blockedForSync=0 ms, animations=0 ms
2026-07-14 17:50:58.267 DEBUG qt.scenegraph.time.renderer: time in renderer: total=0ms, preprocess=0, updates=0, rendering=0
2026-07-14 17:50:58.267 DEBUG qt.scenegraph.time.renderloop: [window 0x7f20c65f8630][render thread 0x7f20c0b174c0] syncAndRender: frame rendered in 0ms, sync=0, render=0, swap=0
2026-07-14 17:50:58.299 DEBUG qt.scenegraph.time.renderloop: [window 0x7f20c65f8630][gui thread] polishAndSync: start, elapsed since last call: 32 ms
2026-07-14 17:50:58.301 DEBUG qt.scenegraph.time.renderloop: [window 0x7f20c65f8630][render thread 0x7f20c0b174c0] syncAndRender: start, elapsed since last call: 34 ms
2026-07-14 17:50:58.301 DEBUG qt.scenegraph.time.renderloop: [window 0x7f20c65f8630][gui thread] Frame prepared, polish=2 ms, lock=0 ms, blockedForSync=0 ms, animations=0 ms
2026-07-14 17:50:58.301 DEBUG qt.scenegraph.time.renderer: time in renderer: total=0ms, preprocess=0, updates=0, rendering=0
2026-07-14 17:50:58.302 DEBUG qt.scenegraph.time.renderloop: [window 0x7f20c65f8630][render thread 0x7f20c0b174c0] syncAndRender: frame rendered in 0ms, sync=0, render=0, swap=0
2026-07-14 17:50:58.302 DEBUG qt.scenegraph.time.renderloop: [window 0x7f20c65f8630][gui thread] polishAndSync: start, elapsed since last call: 3 ms
2026-07-14 17:50:58.302 DEBUG qt.scenegraph.time.renderloop: [window 0x7f20c65f8630][render thread 0x7f20c0b174c0] syncAndRender: start, elapsed since last call: 1 ms
2026-07-14 17:50:58.302 DEBUG qt.scenegraph.time.renderloop: [window 0x7f20c65f8630][gui thread] Frame prepared, polish=0 ms, lock=0 ms, blockedForSync=0 ms, animations=0 ms
2026-07-14 17:50:58.303 DEBUG qt.scenegraph.time.renderer: time in renderer: total=0ms, preprocess=0, updates=0, rendering=0
2026-07-14 17:50:58.303 DEBUG qt.scenegraph.time.renderloop: [window 0x7f20c65f8630][render thread 0x7f20c0b174c0] syncAndRender: frame rendered in 0ms, sync=0, render=0, swap=0
2026-07-14 17:50:58.332 DEBUG qt.scenegraph.time.renderloop: [window 0x7f20c65f8630][gui thread] polishAndSync: start, elapsed since last call: 29 ms
2026-07-14 17:50:58.332 DEBUG qt.scenegraph.time.renderloop: [window 0x7f20c65f8630][render thread 0x7f20c0b174c0] syncAndRender: start, elapsed since last call: 30 ms
2026-07-14 17:50:58.333 DEBUG qt.scenegraph.time.renderloop: [window 0x7f20c65f8630][gui thread] Frame prepared, polish=0 ms, lock=0 ms, blockedForSync=0 ms, animations=0 ms
2026-07-14 17:50:58.333 DEBUG qt.scenegraph.time.renderer: time in renderer: total=0ms, preprocess=0, updates=0, rendering=0
2026-07-14 17:50:58.333 DEBUG qt.scenegraph.time.renderloop: [window 0x7f20c65f8630][render thread 0x7f20c0b174c0] syncAndRender: frame rendered in 0ms, sync=0, render=0, swap=0
2026-07-14 17:50:58.333 DEBUG qt.scenegraph.time.renderloop: [window 0x7f20c65f8630][gui thread] polishAndSync: start, elapsed since last call: 1 ms
2026-07-14 17:50:58.333 DEBUG qt.scenegraph.time.renderloop: [window 0x7f20c65f8630][render thread 0x7f20c0b174c0] syncAndRender: start, elapsed since last call: 0 ms
2026-07-14 17:50:58.333 DEBUG qt.scenegraph.time.renderloop: [window 0x7f20c65f8630][gui thread] Frame prepared, polish=0 ms, lock=0 ms, blockedForSync=0 ms, animations=0 ms
2026-07-14 17:50:58.333 DEBUG qt.scenegraph.time.renderer: time in renderer: total=0ms, preprocess=0, updates=0, rendering=0
2026-07-14 17:50:58.334 DEBUG qt.scenegraph.time.renderloop: [window 0x7f20c65f8630][render thread 0x7f20c0b174c0] syncAndRender: frame rendered in 0ms, sync=0, render=0, swap=0
2026-07-14 17:50:58.365 DEBUG qt.scenegraph.time.renderloop: [window 0x7f20c65f8630][gui thread] polishAndSync: start, elapsed since last call: 31 ms
2026-07-14 17:50:58.365 DEBUG qt.scenegraph.time.renderloop: [window 0x7f20c65f8630][render thread 0x7f20c0b174c0] syncAndRender: start, elapsed since last call: 31 ms
2026-07-14 17:50:58.365 DEBUG qt.scenegraph.time.renderloop: [window 0x7f20c65f8630][gui thread] Frame prepared, polish=0 ms, lock=0 ms, blockedForSync=0 ms, animations=0 ms
2026-07-14 17:50:58.365 DEBUG qt.scenegraph.time.renderer: time in renderer: total=0ms, preprocess=0, updates=0, rendering=0
2026-07-14 17:50:58.365 DEBUG qt.scenegraph.time.renderloop: [window 0x7f20c65f8630][render thread 0x7f20c0b174c0] syncAndRender: frame rendered in 0ms, sync=0, render=0, swap=0
2026-07-14 17:50:58.367 DEBUG qt.scenegraph.time.renderloop: [window 0x7f20c65f8630][gui thread] polishAndSync: start, elapsed since last call: 2 ms
2026-07-14 17:50:58.367 DEBUG qt.scenegraph.time.renderloop: [window 0x7f20c65f8630][render thread 0x7f20c0b174c0] syncAndRender: start, elapsed since last call: 2 ms
2026-07-14 17:50:58.367 DEBUG qt.scenegraph.time.renderloop: [window 0x7f20c65f8630][gui thread] Frame prepared, polish=0 ms, lock=0 ms, blockedForSync=0 ms, animations=0 ms
2026-07-14 17:50:58.368 DEBUG qt.scenegraph.time.renderer: time in renderer: total=0ms, preprocess=0, updates=0, rendering=0
2026-07-14 17:50:58.368 DEBUG qt.scenegraph.time.renderloop: [window 0x7f20c65f8630][render thread 0x7f20c0b174c0] syncAndRender: frame rendered in 0ms, sync=0, render=0, swap=0
2026-07-14 17:50:58.398 DEBUG qt.scenegraph.time.renderloop: [window 0x7f20c65f8630][gui thread] polishAndSync: start, elapsed since last call: 30 ms
2026-07-14 17:50:58.398 DEBUG qt.scenegraph.time.renderloop: [window 0x7f20c65f8630][render thread 0x7f20c0b174c0] syncAndRender: start, elapsed since last call: 30 ms
2026-07-14 17:50:58.398 DEBUG qt.scenegraph.time.renderloop: [window 0x7f20c65f8630][gui thread] Frame prepared, polish=0 ms, lock=0 ms, blockedForSync=0 ms, animations=0 ms
2026-07-14 17:50:58.398 DEBUG qt.scenegraph.time.renderer: time in renderer: total=0ms, preprocess=0, updates=0, rendering=0
2026-07-14 17:50:58.398 DEBUG qt.scenegraph.time.renderloop: [window 0x7f20c65f8630][render thread 0x7f20c0b174c0] syncAndRender: frame rendered in 0ms, sync=0, render=0, swap=0
2026-07-14 17:50:58.398 DEBUG qt.scenegraph.time.renderloop: [window 0x7f20c65f8630][gui thread] polishAndSync: start, elapsed since last call: 0 ms
2026-07-14 17:50:58.398 DEBUG qt.scenegraph.time.renderloop: [window 0x7f20c65f8630][render thread 0x7f20c0b174c0] syncAndRender: start, elapsed since last call: 0 ms
2026-07-14 17:50:58.398 DEBUG qt.scenegraph.time.renderloop: [window 0x7f20c65f8630][gui thread] Frame prepared, polish=0 ms, lock=0 ms, blockedForSync=0 ms, animations=0 ms
2026-07-14 17:50:58.398 DEBUG qt.scenegraph.time.renderer: time in renderer: total=0ms, preprocess=0, updates=0, rendering=0
2026-07-14 17:50:58.398 DEBUG qt.scenegraph.time.renderloop: [window 0x7f20c65f8630][render thread 0x7f20c0b174c0] syncAndRender: frame rendered in 0ms, sync=0, render=0, swap=0
2026-07-14 17:50:58.431 DEBUG qt.scenegraph.time.renderloop: [window 0x7f20c65f8630][gui thread] polishAndSync: start, elapsed since last call: 33 ms
2026-07-14 17:50:58.432 DEBUG qt.scenegraph.time.renderloop: [window 0x7f20c65f8630][render thread 0x7f20c0b174c0] syncAndRender: start, elapsed since last call: 33 ms
2026-07-14 17:50:58.432 DEBUG qt.scenegraph.time.renderloop: [window 0x7f20c65f8630][gui thread] Frame prepared, polish=0 ms, lock=0 ms, blockedForSync=0 ms, animations=0 ms
2026-07-14 17:50:58.432 DEBUG qt.scenegraph.time.renderer: time in renderer: total=0ms, preprocess=0, updates=0, rendering=0
2026-07-14 17:50:58.432 DEBUG qt.scenegraph.time.renderloop: [window 0x7f20c65f8630][render thread 0x7f20c0b174c0] syncAndRender: frame rendered in 0ms, sync=0, render=0, swap=0
2026-07-14 17:50:58.432 DEBUG qt.scenegraph.time.renderloop: [window 0x7f20c65f8630][gui thread] polishAndSync: start, elapsed since last call: 0 ms
2026-07-14 17:50:58.432 DEBUG qt.scenegraph.time.renderloop: [window 0x7f20c65f8630][render thread 0x7f20c0b174c0] syncAndRender: start, elapsed since last call: 0 ms
2026-07-14 17:50:58.432 DEBUG qt.scenegraph.time.renderloop: [window 0x7f20c65f8630][gui thread] Frame prepared, polish=0 ms, lock=0 ms, blockedForSync=0 ms, animations=0 ms
2026-07-14 17:50:58.432 DEBUG qt.scenegraph.time.renderer: time in renderer: total=0ms, preprocess=0, updates=0, rendering=0
2026-07-14 17:50:58.433 DEBUG qt.scenegraph.time.renderloop: [window 0x7f20c65f8630][render thread 0x7f20c0b174c0] syncAndRender: frame rendered in 0ms, sync=0, render=0, swap=0
2026-07-14 17:50:58.464 DEBUG qt.scenegraph.time.renderloop: [window 0x7f20c65f8630][gui thread] polishAndSync: start, elapsed since last call: 31 ms
2026-07-14 17:50:58.464 DEBUG qt.scenegraph.time.renderloop: [window 0x7f20c65f8630][render thread 0x7f20c0b174c0] syncAndRender: start, elapsed since last call: 32 ms
2026-07-14 17:50:58.464 DEBUG qt.scenegraph.time.renderloop: [window 0x7f20c65f8630][gui thread] Frame prepared, polish=0 ms, lock=0 ms, blockedForSync=0 ms, animations=0 ms
2026-07-14 17:50:58.464 DEBUG qt.scenegraph.time.renderer: time in renderer: total=0ms, preprocess=0, updates=0, rendering=0
2026-07-14 17:50:58.465 DEBUG qt.scenegraph.time.renderloop: [window 0x7f20c65f8630][render thread 0x7f20c0b174c0] syncAndRender: frame rendered in 0ms, sync=0, render=0, swap=0
2026-07-14 17:50:58.465 DEBUG qt.scenegraph.time.renderloop: [window 0x7f20c65f8630][gui thread] polishAndSync: start, elapsed since last call: 0 ms
2026-07-14 17:50:58.465 DEBUG qt.scenegraph.time.renderloop: [window 0x7f20c65f8630][render thread 0x7f20c0b174c0] syncAndRender: start, elapsed since last call: 0 ms
2026-07-14 17:50:58.465 DEBUG qt.scenegraph.time.renderloop: [window 0x7f20c65f8630][gui thread] Frame prepared, polish=0 ms, lock=0 ms, blockedForSync=0 ms, animations=0 ms
2026-07-14 17:50:58.465 DEBUG qt.scenegraph.time.renderer: time in renderer: total=0ms, preprocess=0, updates=0, rendering=0
2026-07-14 17:50:58.465 DEBUG qt.scenegraph.time.renderloop: [window 0x7f20c65f8630][render thread 0x7f20c0b174c0] syncAndRender: frame rendered in 0ms, sync=0, render=0, swap=0
2026-07-14 17:50:58.497 DEBUG qt.scenegraph.time.renderloop: [window 0x7f20c65f8630][gui thread] polishAndSync: start, elapsed since last call: 31 ms
2026-07-14 17:50:58.497 DEBUG qt.scenegraph.time.renderloop: [window 0x7f20c65f8630][render thread 0x7f20c0b174c0] syncAndRender: start, elapsed since last call: 32 ms
2026-07-14 17:50:58.497 DEBUG qt.scenegraph.time.renderloop: [window 0x7f20c65f8630][gui thread] Frame prepared, polish=0 ms, lock=0 ms, blockedForSync=0 ms, animations=0 ms
2026-07-14 17:50:58.497 DEBUG qt.scenegraph.time.renderer: time in renderer: total=0ms, preprocess=0, updates=0, rendering=0
2026-07-14 17:50:58.497 DEBUG qt.scenegraph.time.renderloop: [window 0x7f20c65f8630][render thread 0x7f20c0b174c0] syncAndRender: frame rendered in 0ms, sync=0, render=0, swap=0
2026-07-14 17:50:58.498 DEBUG qt.scenegraph.time.renderloop: [window 0x7f20c65f8630][gui thread] polishAndSync: start, elapsed since last call: 0 ms
2026-07-14 17:50:58.498 DEBUG qt.scenegraph.time.renderloop: [window 0x7f20c65f8630][render thread 0x7f20c0b174c0] syncAndRender: start, elapsed since last call: 0 ms
2026-07-14 17:50:58.498 DEBUG qt.scenegraph.time.renderloop: [window 0x7f20c65f8630][gui thread] Frame prepared, polish=0 ms, lock=0 ms, blockedForSync=0 ms, animations=0 ms
2026-07-14 17:50:58.498 DEBUG qt.scenegraph.time.renderer: time in renderer: total=0ms, preprocess=0, updates=0, rendering=0
2026-07-14 17:50:58.498 DEBUG qt.scenegraph.time.renderloop: [window 0x7f20c65f8630][render thread 0x7f20c0b174c0] syncAndRender: frame rendered in 0ms, sync=0, render=0, swap=0
2026-07-14 17:50:58.530 DEBUG qt.scenegraph.time.renderloop: [window 0x7f20c65f8630][gui thread] polishAndSync: start, elapsed since last call: 32 ms
2026-07-14 17:50:58.530 DEBUG qt.scenegraph.time.renderloop: [window 0x7f20c65f8630][render thread 0x7f20c0b174c0] syncAndRender: start, elapsed since last call: 32 ms
2026-07-14 17:50:58.530 DEBUG qt.scenegraph.time.renderloop: [window 0x7f20c65f8630][gui thread] Frame prepared, polish=0 ms, lock=0 ms, blockedForSync=0 ms, animations=0 ms
2026-07-14 17:50:58.530 DEBUG qt.scenegraph.time.renderer: time in renderer: total=0ms, preprocess=0, updates=0, rendering=0
2026-07-14 17:50:58.530 DEBUG qt.scenegraph.time.renderloop: [window 0x7f20c65f8630][render thread 0x7f20c0b174c0] syncAndRender: frame rendered in 0ms, sync=0, render=0, swap=0
2026-07-14 17:50:58.530 DEBUG qt.scenegraph.time.renderloop: [window 0x7f20c65f8630][gui thread] polishAndSync: start, elapsed since last call: 0 ms
2026-07-14 17:50:58.530 DEBUG qt.scenegraph.time.renderloop: [window 0x7f20c65f8630][render thread 0x7f20c0b174c0] syncAndRender: start, elapsed since last call: 0 ms
2026-07-14 17:50:58.530 DEBUG qt.scenegraph.time.renderloop: [window 0x7f20c65f8630][gui thread] Frame prepared, polish=0 ms, lock=0 ms, blockedForSync=0 ms, animations=0 ms
2026-07-14 17:50:58.530 DEBUG qt.scenegraph.time.renderer: time in renderer: total=0ms, preprocess=0, updates=0, rendering=0
2026-07-14 17:50:58.531 DEBUG qt.scenegraph.time.renderloop: [window 0x7f20c65f8630][render thread 0x7f20c0b174c0] syncAndRender: frame rendered in 0ms, sync=0, render=0, swap=0
2026-07-14 17:50:58.562 DEBUG qt.scenegraph.time.renderloop: [window 0x7f20c65f8630][gui thread] polishAndSync: start, elapsed since last call: 31 ms
2026-07-14 17:50:58.562 DEBUG qt.scenegraph.time.renderloop: [window 0x7f20c65f8630][render thread 0x7f20c0b174c0] syncAndRender: start, elapsed since last call: 32 ms
2026-07-14 17:50:58.562 DEBUG qt.scenegraph.time.renderloop: [window 0x7f20c65f8630][gui thread] Frame prepared, polish=0 ms, lock=0 ms, blockedForSync=0 ms, animations=0 ms
2026-07-14 17:50:58.562 DEBUG qt.scenegraph.time.renderer: time in renderer: total=0ms, preprocess=0, updates=0, rendering=0
2026-07-14 17:50:58.563 DEBUG qt.scenegraph.time.renderloop: [window 0x7f20c65f8630][render thread 0x7f20c0b174c0] syncAndRender: frame rendered in 0ms, sync=0, render=0, swap=0
2026-07-14 17:50:58.563 DEBUG qt.scenegraph.time.renderloop: [window 0x7f20c65f8630][gui thread] polishAndSync: start, elapsed since last call: 0 ms
2026-07-14 17:50:58.563 DEBUG qt.scenegraph.time.renderloop: [window 0x7f20c65f8630][render thread 0x7f20c0b174c0] syncAndRender: start, elapsed since last call: 0 ms
2026-07-14 17:50:58.563 DEBUG qt.scenegraph.time.renderloop: [window 0x7f20c65f8630][gui thread] Frame prepared, polish=0 ms, lock=0 ms, blockedForSync=0 ms, animations=0 ms
2026-07-14 17:50:58.563 DEBUG qt.scenegraph.time.renderer: time in renderer: total=0ms, preprocess=0, updates=0, rendering=0
2026-07-14 17:50:58.563 DEBUG qt.scenegraph.time.renderloop: [window 0x7f20c65f8630][render thread 0x7f20c0b174c0] syncAndRender: frame rendered in 0ms, sync=0, render=0, swap=0
2026-07-14 17:50:58.596 DEBUG qt.scenegraph.time.renderloop: [window 0x7f20c65f8630][gui thread] polishAndSync: start, elapsed since last call: 33 ms
2026-07-14 17:50:58.596 DEBUG qt.scenegraph.time.renderloop: [window 0x7f20c65f8630][render thread 0x7f20c0b174c0] syncAndRender: start, elapsed since last call: 33 ms
2026-07-14 17:50:58.596 DEBUG qt.scenegraph.time.renderloop: [window 0x7f20c65f8630][gui thread] Frame prepared, polish=0 ms, lock=0 ms, blockedForSync=0 ms, animations=0 ms
2026-07-14 17:50:58.597 DEBUG qt.scenegraph.time.renderer: time in renderer: total=0ms, preprocess=0, updates=0, rendering=0
2026-07-14 17:50:58.597 DEBUG qt.scenegraph.time.renderloop: [window 0x7f20c65f8630][render thread 0x7f20c0b174c0] syncAndRender: frame rendered in 0ms, sync=0, render=0, swap=0
2026-07-14 17:50:58.597 DEBUG qt.scenegraph.time.renderloop: [window 0x7f20c65f8630][gui thread] polishAndSync: start, elapsed since last call: 0 ms
2026-07-14 17:50:58.597 DEBUG qt.scenegraph.time.renderloop: [window 0x7f20c65f8630][render thread 0x7f20c0b174c0] syncAndRender: start, elapsed since last call: 0 ms
2026-07-14 17:50:58.597 DEBUG qt.scenegraph.time.renderloop: [window 0x7f20c65f8630][gui thread] Frame prepared, polish=0 ms, lock=0 ms, blockedForSync=0 ms, animations=0 ms
2026-07-14 17:50:58.597 DEBUG qt.scenegraph.time.renderer: time in renderer: total=0ms, preprocess=0, updates=0, rendering=0
2026-07-14 17:50:58.597 DEBUG qt.scenegraph.time.renderloop: [window 0x7f20c65f8630][render thread 0x7f20c0b174c0] syncAndRender: frame rendered in 0ms, sync=0, render=0, swap=0
2026-07-14 17:50:58.629 DEBUG qt.scenegraph.time.renderloop: [window 0x7f20c65f8630][gui thread] polishAndSync: start, elapsed since last call: 31 ms
2026-07-14 17:50:58.629 DEBUG qt.scenegraph.time.renderloop: [window 0x7f20c65f8630][render thread 0x7f20c0b174c0] syncAndRender: start, elapsed since last call: 32 ms
2026-07-14 17:50:58.629 DEBUG qt.scenegraph.time.renderloop: [window 0x7f20c65f8630][gui thread] Frame prepared, polish=0 ms, lock=0 ms, blockedForSync=0 ms, animations=0 ms
2026-07-14 17:50:58.629 DEBUG qt.scenegraph.time.renderer: time in renderer: total=0ms, preprocess=0, updates=0, rendering=0
2026-07-14 17:50:58.629 DEBUG qt.scenegraph.time.renderloop: [window 0x7f20c65f8630][render thread 0x7f20c0b174c0] syncAndRender: frame rendered in 0ms, sync=0, render=0, swap=0
2026-07-14 17:50:58.630 DEBUG qt.scenegraph.time.renderloop: [window 0x7f20c65f8630][gui thread] polishAndSync: start, elapsed since last call: 0 ms
2026-07-14 17:50:58.630 DEBUG qt.scenegraph.time.renderloop: [window 0x7f20c65f8630][render thread 0x7f20c0b174c0] syncAndRender: start, elapsed since last call: 0 ms
2026-07-14 17:50:58.630 DEBUG qt.scenegraph.time.renderloop: [window 0x7f20c65f8630][gui thread] Frame prepared, polish=0 ms, lock=0 ms, blockedForSync=0 ms, animations=0 ms
2026-07-14 17:50:58.630 DEBUG qt.scenegraph.time.renderer: time in renderer: total=0ms, preprocess=0, updates=0, rendering=0
2026-07-14 17:50:58.630 DEBUG qt.scenegraph.time.renderloop: [window 0x7f20c65f8630][render thread 0x7f20c0b174c0] syncAndRender: frame rendered in 0ms, sync=0, render=0, swap=0
2026-07-14 17:50:58.662 DEBUG qt.scenegraph.time.renderloop: [window 0x7f20c65f8630][gui thread] polishAndSync: start, elapsed since last call: 32 ms
2026-07-14 17:50:58.662 DEBUG qt.scenegraph.time.renderloop: [window 0x7f20c65f8630][render thread 0x7f20c0b174c0] syncAndRender: start, elapsed since last call: 32 ms
2026-07-14 17:50:58.662 DEBUG qt.scenegraph.time.renderloop: [window 0x7f20c65f8630][gui thread] Frame prepared, polish=0 ms, lock=0 ms, blockedForSync=0 ms, animations=0 ms
2026-07-14 17:50:58.662 DEBUG qt.scenegraph.time.renderer: time in renderer: total=0ms, preprocess=0, updates=0, rendering=0
2026-07-14 17:50:58.662 DEBUG qt.scenegraph.time.renderloop: [window 0x7f20c65f8630][render thread 0x7f20c0b174c0] syncAndRender: frame rendered in 0ms, sync=0, render=0, swap=0
2026-07-14 17:50:58.663 DEBUG qt.scenegraph.time.renderloop: [window 0x7f20c65f8630][gui thread] polishAndSync: start, elapsed since last call: 0 ms
2026-07-14 17:50:58.663 DEBUG qt.scenegraph.time.renderloop: [window 0x7f20c65f8630][render thread 0x7f20c0b174c0] syncAndRender: start, elapsed since last call: 0 ms
2026-07-14 17:50:58.663 DEBUG qt.scenegraph.time.renderloop: [window 0x7f20c65f8630][gui thread] Frame prepared, polish=0 ms, lock=0 ms, blockedForSync=0 ms, animations=0 ms
2026-07-14 17:50:58.663 DEBUG qt.scenegraph.time.renderer: time in renderer: total=0ms, preprocess=0, updates=0, rendering=0
2026-07-14 17:50:58.663 DEBUG qt.scenegraph.time.renderloop: [window 0x7f20c65f8630][render thread 0x7f20c0b174c0] syncAndRender: frame rendered in 0ms, sync=0, render=0, swap=0
2026-07-14 17:50:58.694 DEBUG qt.scenegraph.time.renderloop: [window 0x7f20c65f8630][gui thread] polishAndSync: start, elapsed since last call: 31 ms
2026-07-14 17:50:58.695 DEBUG qt.scenegraph.time.renderloop: [window 0x7f20c65f8630][render thread 0x7f20c0b174c0] syncAndRender: start, elapsed since last call: 31 ms
2026-07-14 17:50:58.695 DEBUG qt.scenegraph.time.renderloop: [window 0x7f20c65f8630][gui thread] Frame prepared, polish=0 ms, lock=0 ms, blockedForSync=0 ms, animations=0 ms
2026-07-14 17:50:58.695 DEBUG qt.scenegraph.time.renderer: time in renderer: total=0ms, preprocess=0, updates=0, rendering=0
2026-07-14 17:50:58.695 DEBUG qt.scenegraph.time.renderloop: [window 0x7f20c65f8630][render thread 0x7f20c0b174c0] syncAndRender: frame rendered in 0ms, sync=0, render=0, swap=0
2026-07-14 17:50:58.695 DEBUG qt.scenegraph.time.renderloop: [window 0x7f20c65f8630][gui thread] polishAndSync: start, elapsed since last call: 0 ms
2026-07-14 17:50:58.695 DEBUG qt.scenegraph.time.renderloop: [window 0x7f20c65f8630][render thread 0x7f20c0b174c0] syncAndRender: start, elapsed since last call: 0 ms
2026-07-14 17:50:58.695 DEBUG qt.scenegraph.time.renderloop: [window 0x7f20c65f8630][gui thread] Frame prepared, polish=0 ms, lock=0 ms, blockedForSync=0 ms, animations=0 ms
2026-07-14 17:50:58.695 DEBUG qt.scenegraph.time.renderer: time in renderer: total=0ms, preprocess=0, updates=0, rendering=0
2026-07-14 17:50:58.695 DEBUG qt.scenegraph.time.renderloop: [window 0x7f20c65f8630][render thread 0x7f20c0b174c0] syncAndRender: frame rendered in 0ms, sync=0, render=0, swap=0
2026-07-14 17:50:58.728 DEBUG qt.scenegraph.time.renderloop: [window 0x7f20c65f8630][gui thread] polishAndSync: start, elapsed since last call: 33 ms
2026-07-14 17:50:58.728 DEBUG qt.scenegraph.time.renderloop: [window 0x7f20c65f8630][render thread 0x7f20c0b174c0] syncAndRender: start, elapsed since last call: 33 ms
2026-07-14 17:50:58.728 DEBUG qt.scenegraph.time.renderloop: [window 0x7f20c65f8630][gui thread] Frame prepared, polish=0 ms, lock=0 ms, blockedForSync=0 ms, animations=0 ms
2026-07-14 17:50:58.728 DEBUG qt.scenegraph.time.renderer: time in renderer: total=0ms, preprocess=0, updates=0, rendering=0
2026-07-14 17:50:58.729 DEBUG qt.scenegraph.time.renderloop: [window 0x7f20c65f8630][render thread 0x7f20c0b174c0] syncAndRender: frame rendered in 0ms, sync=0, render=0, swap=0
2026-07-14 17:50:58.736 DEBUG qt.scenegraph.time.renderloop: [window 0x7f20c65f8630][gui thread] polishAndSync: start, elapsed since last call: 7 ms
2026-07-14 17:50:58.736 DEBUG qt.scenegraph.time.renderloop: [window 0x7f20c65f8630][render thread 0x7f20c0b174c0] syncAndRender: start, elapsed since last call: 7 ms
2026-07-14 17:50:58.736 DEBUG qt.scenegraph.time.renderloop: [window 0x7f20c65f8630][gui thread] Frame prepared, polish=0 ms, lock=0 ms, blockedForSync=0 ms, animations=0 ms
2026-07-14 17:50:58.736 DEBUG qt.scenegraph.time.renderer: time in renderer: total=0ms, preprocess=0, updates=0, rendering=0
2026-07-14 17:50:58.736 DEBUG qt.scenegraph.time.renderloop: [window 0x7f20c65f8630][render thread 0x7f20c0b174c0] syncAndRender: frame rendered in 0ms, sync=0, render=0, swap=0
2026-07-14 17:50:58.761 DEBUG qt.scenegraph.time.renderloop: [window 0x7f20c65f8630][gui thread] polishAndSync: start, elapsed since last call: 25 ms
2026-07-14 17:50:58.761 DEBUG qt.scenegraph.time.renderloop: [window 0x7f20c65f8630][render thread 0x7f20c0b174c0] syncAndRender: start, elapsed since last call: 25 ms
2026-07-14 17:50:58.761 DEBUG qt.scenegraph.time.renderloop: [window 0x7f20c65f8630][gui thread] Frame prepared, polish=0 ms, lock=0 ms, blockedForSync=0 ms, animations=0 ms
2026-07-14 17:50:58.761 DEBUG qt.scenegraph.time.renderer: time in renderer: total=0ms, preprocess=0, updates=0, rendering=0
2026-07-14 17:50:58.761 DEBUG qt.scenegraph.time.renderloop: [window 0x7f20c65f8630][render thread 0x7f20c0b174c0] syncAndRender: frame rendered in 0ms, sync=0, render=0, swap=0
2026-07-14 17:50:58.764 DEBUG qt.scenegraph.time.renderloop: [window 0x7f20c65f8630][gui thread] polishAndSync: start, elapsed since last call: 2 ms
2026-07-14 17:50:58.764 DEBUG qt.scenegraph.time.renderloop: [window 0x7f20c65f8630][render thread 0x7f20c0b174c0] syncAndRender: start, elapsed since last call: 2 ms
2026-07-14 17:50:58.764 DEBUG qt.scenegraph.time.renderloop: [window 0x7f20c65f8630][gui thread] Frame prepared, polish=0 ms, lock=0 ms, blockedForSync=0 ms, animations=0 ms
2026-07-14 17:50:58.764 DEBUG qt.scenegraph.time.renderer: time in renderer: total=0ms, preprocess=0, updates=0, rendering=0
2026-07-14 17:50:58.764 DEBUG qt.scenegraph.time.renderloop: [window 0x7f20c65f8630][render thread 0x7f20c0b174c0] syncAndRender: frame rendered in 0ms, sync=0, render=0, swap=0
2026-07-14 17:50:58.794 DEBUG qt.scenegraph.time.renderloop: [window 0x7f20c65f8630][gui thread] polishAndSync: start, elapsed since last call: 30 ms
2026-07-14 17:50:58.794 DEBUG qt.scenegraph.time.renderloop: [window 0x7f20c65f8630][render thread 0x7f20c0b174c0] syncAndRender: start, elapsed since last call: 30 ms
2026-07-14 17:50:58.794 DEBUG qt.scenegraph.time.renderloop: [window 0x7f20c65f8630][gui thread] Frame prepared, polish=0 ms, lock=0 ms, blockedForSync=0 ms, animations=0 ms
2026-07-14 17:50:58.794 DEBUG qt.scenegraph.time.renderer: time in renderer: total=0ms, preprocess=0, updates=0, rendering=0
2026-07-14 17:50:58.794 DEBUG qt.scenegraph.time.renderloop: [window 0x7f20c65f8630][render thread 0x7f20c0b174c0] syncAndRender: frame rendered in 0ms, sync=0, render=0, swap=0
2026-07-14 17:50:58.798 DEBUG qt.scenegraph.time.renderloop: [window 0x7f20c65f8630][gui thread] polishAndSync: start, elapsed since last call: 4 ms
2026-07-14 17:50:58.798 DEBUG qt.scenegraph.time.renderloop: [window 0x7f20c65f8630][render thread 0x7f20c0b174c0] syncAndRender: start, elapsed since last call: 4 ms
2026-07-14 17:50:58.798 DEBUG qt.scenegraph.time.renderloop: [window 0x7f20c65f8630][gui thread] Frame prepared, polish=0 ms, lock=0 ms, blockedForSync=0 ms, animations=0 ms
2026-07-14 17:50:58.799 DEBUG qt.scenegraph.time.renderer: time in renderer: total=0ms, preprocess=0, updates=0, rendering=0
2026-07-14 17:50:58.799 DEBUG qt.scenegraph.time.renderloop: [window 0x7f20c65f8630][render thread 0x7f20c0b174c0] syncAndRender: frame rendered in 0ms, sync=0, render=0, swap=0
2026-07-14 17:50:58.827 DEBUG qt.scenegraph.time.renderloop: [window 0x7f20c65f8630][gui thread] polishAndSync: start, elapsed since last call: 29 ms
2026-07-14 17:50:58.828 DEBUG qt.scenegraph.time.renderloop: [window 0x7f20c65f8630][render thread 0x7f20c0b174c0] syncAndRender: start, elapsed since last call: 29 ms
2026-07-14 17:50:58.828 DEBUG qt.scenegraph.time.renderloop: [window 0x7f20c65f8630][gui thread] Frame prepared, polish=0 ms, lock=0 ms, blockedForSync=0 ms, animations=0 ms
2026-07-14 17:50:58.828 DEBUG qt.scenegraph.time.renderer: time in renderer: total=0ms, preprocess=0, updates=0, rendering=0
2026-07-14 17:50:58.828 DEBUG qt.scenegraph.time.renderloop: [window 0x7f20c65f8630][render thread 0x7f20c0b174c0] syncAndRender: frame rendered in 0ms, sync=0, render=0, swap=0
2026-07-14 17:50:58.833 DEBUG qt.scenegraph.time.renderloop: [window 0x7f20c65f8630][gui thread] polishAndSync: start, elapsed since last call: 5 ms
2026-07-14 17:50:58.833 DEBUG qt.scenegraph.time.renderloop: [window 0x7f20c65f8630][render thread 0x7f20c0b174c0] syncAndRender: start, elapsed since last call: 5 ms
2026-07-14 17:50:58.833 DEBUG qt.scenegraph.time.renderloop: [window 0x7f20c65f8630][gui thread] Frame prepared, polish=0 ms, lock=0 ms, blockedForSync=0 ms, animations=0 ms
2026-07-14 17:50:58.833 DEBUG qt.scenegraph.time.renderer: time in renderer: total=0ms, preprocess=0, updates=0, rendering=0
2026-07-14 17:50:58.833 DEBUG qt.scenegraph.time.renderloop: [window 0x7f20c65f8630][render thread 0x7f20c0b174c0] syncAndRender: frame rendered in 0ms, sync=0, render=0, swap=0
2026-07-14 17:50:58.860 DEBUG qt.scenegraph.time.renderloop: [window 0x7f20c65f8630][gui thread] polishAndSync: start, elapsed since last call: 27 ms
2026-07-14 17:50:58.860 DEBUG qt.scenegraph.time.renderloop: [window 0x7f20c65f8630][render thread 0x7f20c0b174c0] syncAndRender: start, elapsed since last call: 27 ms
2026-07-14 17:50:58.860 DEBUG qt.scenegraph.time.renderloop: [window 0x7f20c65f8630][gui thread] Frame prepared, polish=0 ms, lock=0 ms, blockedForSync=0 ms, animations=0 ms
2026-07-14 17:50:58.860 DEBUG qt.scenegraph.time.renderer: time in renderer: total=0ms, preprocess=0, updates=0, rendering=0
2026-07-14 17:50:58.861 DEBUG qt.scenegraph.time.renderloop: [window 0x7f20c65f8630][render thread 0x7f20c0b174c0] syncAndRender: frame rendered in 0ms, sync=0, render=0, swap=0
2026-07-14 17:50:58.861 DEBUG qt.scenegraph.time.renderloop: [window 0x7f20c65f8630][gui thread] polishAndSync: start, elapsed since last call: 0 ms
2026-07-14 17:50:58.861 DEBUG qt.scenegraph.time.renderloop: [window 0x7f20c65f8630][render thread 0x7f20c0b174c0] syncAndRender: start, elapsed since last call: 0 ms
2026-07-14 17:50:58.861 DEBUG qt.scenegraph.time.renderloop: [window 0x7f20c65f8630][gui thread] Frame prepared, polish=0 ms, lock=0 ms, blockedForSync=0 ms, animations=0 ms
2026-07-14 17:50:58.861 DEBUG qt.scenegraph.time.renderer: time in renderer: total=0ms, preprocess=0, updates=0, rendering=0
2026-07-14 17:50:58.861 DEBUG qt.scenegraph.time.renderloop: [window 0x7f20c65f8630][render thread 0x7f20c0b174c0] syncAndRender: frame rendered in 0ms, sync=0, render=0, swap=0
2026-07-14 17:50:58.893 DEBUG qt.scenegraph.time.renderloop: [window 0x7f20c65f8630][gui thread] polishAndSync: start, elapsed since last call: 32 ms
2026-07-14 17:50:58.894 DEBUG qt.scenegraph.time.renderloop: [window 0x7f20c65f8630][render thread 0x7f20c0b174c0] syncAndRender: start, elapsed since last call: 32 ms
2026-07-14 17:50:58.894 DEBUG qt.scenegraph.time.renderloop: [window 0x7f20c65f8630][gui thread] Frame prepared, polish=0 ms, lock=0 ms, blockedForSync=0 ms, animations=0 ms
2026-07-14 17:50:58.894 DEBUG qt.scenegraph.time.renderer: time in renderer: total=0ms, preprocess=0, updates=0, rendering=0
2026-07-14 17:50:58.894 DEBUG qt.scenegraph.time.renderloop: [window 0x7f20c65f8630][render thread 0x7f20c0b174c0] syncAndRender: frame rendered in 0ms, sync=0, render=0, swap=0
2026-07-14 17:50:58.896 DEBUG qt.scenegraph.time.renderloop: [window 0x7f20c65f8630][gui thread] polishAndSync: start, elapsed since last call: 2 ms
2026-07-14 17:50:58.896 DEBUG qt.scenegraph.time.renderloop: [window 0x7f20c65f8630][render thread 0x7f20c0b174c0] syncAndRender: start, elapsed since last call: 2 ms
2026-07-14 17:50:58.896 DEBUG qt.scenegraph.time.renderloop: [window 0x7f20c65f8630][gui thread] Frame prepared, polish=0 ms, lock=0 ms, blockedForSync=0 ms, animations=0 ms
2026-07-14 17:50:58.896 DEBUG qt.scenegraph.time.renderer: time in renderer: total=0ms, preprocess=0, updates=0, rendering=0
2026-07-14 17:50:58.896 DEBUG qt.scenegraph.time.renderloop: [window 0x7f20c65f8630][render thread 0x7f20c0b174c0] syncAndRender: frame rendered in 0ms, sync=0, render=0, swap=0
2026-07-14 17:50:58.926 DEBUG qt.scenegraph.time.renderloop: [window 0x7f20c65f8630][gui thread] polishAndSync: start, elapsed since last call: 30 ms
2026-07-14 17:50:58.926 DEBUG qt.scenegraph.time.renderloop: [window 0x7f20c65f8630][render thread 0x7f20c0b174c0] syncAndRender: start, elapsed since last call: 30 ms
2026-07-14 17:50:58.926 DEBUG qt.scenegraph.time.renderloop: [window 0x7f20c65f8630][gui thread] Frame prepared, polish=0 ms, lock=0 ms, blockedForSync=0 ms, animations=0 ms
2026-07-14 17:50:58.926 DEBUG qt.scenegraph.time.renderer: time in renderer: total=0ms, preprocess=0, updates=0, rendering=0
2026-07-14 17:50:58.926 DEBUG qt.scenegraph.time.renderloop: [window 0x7f20c65f8630][render thread 0x7f20c0b174c0] syncAndRender: frame rendered in 0ms, sync=0, render=0, swap=0
2026-07-14 17:50:58.930 DEBUG qt.scenegraph.time.renderloop: [window 0x7f20c65f8630][gui thread] polishAndSync: start, elapsed since last call: 4 ms
2026-07-14 17:50:58.930 DEBUG qt.scenegraph.time.renderloop: [window 0x7f20c65f8630][render thread 0x7f20c0b174c0] syncAndRender: start, elapsed since last call: 4 ms
2026-07-14 17:50:58.930 DEBUG qt.scenegraph.time.renderloop: [window 0x7f20c65f8630][gui thread] Frame prepared, polish=0 ms, lock=0 ms, blockedForSync=0 ms, animations=0 ms
2026-07-14 17:50:58.930 DEBUG qt.scenegraph.time.renderer: time in renderer: total=0ms, preprocess=0, updates=0, rendering=0
2026-07-14 17:50:58.931 DEBUG qt.scenegraph.time.renderloop: [window 0x7f20c65f8630][render thread 0x7f20c0b174c0] syncAndRender: frame rendered in 0ms, sync=0, render=0, swap=0
2026-07-14 17:50:58.959 DEBUG qt.scenegraph.time.renderloop: [window 0x7f20c65f8630][gui thread] polishAndSync: start, elapsed since last call: 28 ms
2026-07-14 17:50:58.959 DEBUG qt.scenegraph.time.renderloop: [window 0x7f20c65f8630][render thread 0x7f20c0b174c0] syncAndRender: start, elapsed since last call: 28 ms
2026-07-14 17:50:58.959 DEBUG qt.scenegraph.time.renderloop: [window 0x7f20c65f8630][gui thread] Frame prepared, polish=0 ms, lock=0 ms, blockedForSync=0 ms, animations=0 ms
2026-07-14 17:50:58.959 DEBUG qt.scenegraph.time.renderer: time in renderer: total=0ms, preprocess=0, updates=0, rendering=0
2026-07-14 17:50:58.959 DEBUG qt.scenegraph.time.renderloop: [window 0x7f20c65f8630][render thread 0x7f20c0b174c0] syncAndRender: frame rendered in 0ms, sync=0, render=0, swap=0
2026-07-14 17:50:58.965 DEBUG qt.scenegraph.time.renderloop: [window 0x7f20c65f8630][gui thread] polishAndSync: start, elapsed since last call: 6 ms
2026-07-14 17:50:58.965 DEBUG qt.scenegraph.time.renderloop: [window 0x7f20c65f8630][render thread 0x7f20c0b174c0] syncAndRender: start, elapsed since last call: 6 ms
2026-07-14 17:50:58.965 DEBUG qt.scenegraph.time.renderloop: [window 0x7f20c65f8630][gui thread] Frame prepared, polish=0 ms, lock=0 ms, blockedForSync=0 ms, animations=0 ms
2026-07-14 17:50:58.965 DEBUG qt.scenegraph.time.renderer: time in renderer: total=0ms, preprocess=0, updates=0, rendering=0
2026-07-14 17:50:58.966 DEBUG qt.scenegraph.time.renderloop: [window 0x7f20c65f8630][render thread 0x7f20c0b174c0] syncAndRender: frame rendered in 0ms, sync=0, render=0, swap=0
2026-07-14 17:50:58.992 DEBUG qt.scenegraph.time.renderloop: [window 0x7f20c65f8630][gui thread] polishAndSync: start, elapsed since last call: 27 ms
2026-07-14 17:50:58.993 DEBUG qt.scenegraph.time.renderloop: [window 0x7f20c65f8630][render thread 0x7f20c0b174c0] syncAndRender: start, elapsed since last call: 27 ms
2026-07-14 17:50:58.993 DEBUG qt.scenegraph.time.renderloop: [window 0x7f20c65f8630][gui thread] Frame prepared, polish=0 ms, lock=0 ms, blockedForSync=0 ms, animations=0 ms
2026-07-14 17:50:58.993 DEBUG qt.scenegraph.time.renderer: time in renderer: total=0ms, preprocess=0, updates=0, rendering=0
2026-07-14 17:50:58.993 DEBUG qt.scenegraph.time.renderloop: [window 0x7f20c65f8630][render thread 0x7f20c0b174c0] syncAndRender: frame rendered in 0ms, sync=0, render=0, swap=0
2026-07-14 17:50:59.000 DEBUG qt.scenegraph.time.renderloop: [window 0x7f20c65f8630][gui thread] polishAndSync: start, elapsed since last call: 7 ms
2026-07-14 17:50:59.000 DEBUG qt.scenegraph.time.renderloop: [window 0x7f20c65f8630][render thread 0x7f20c0b174c0] syncAndRender: start, elapsed since last call: 7 ms
2026-07-14 17:50:59.000 DEBUG qt.scenegraph.time.renderloop: [window 0x7f20c65f8630][gui thread] Frame prepared, polish=0 ms, lock=0 ms, blockedForSync=0 ms, animations=0 ms
2026-07-14 17:50:59.000 DEBUG qt.scenegraph.time.renderer: time in renderer: total=0ms, preprocess=0, updates=0, rendering=0
2026-07-14 17:50:59.000 DEBUG qt.scenegraph.time.renderloop: [window 0x7f20c65f8630][render thread 0x7f20c0b174c0] syncAndRender: frame rendered in 0ms, sync=0, render=0, swap=0
2026-07-14 17:50:59.025 DEBUG qt.scenegraph.time.renderloop: [window 0x7f20c65f8630][gui thread] polishAndSync: start, elapsed since last call: 25 ms
2026-07-14 17:50:59.025 DEBUG qt.scenegraph.time.renderloop: [window 0x7f20c65f8630][render thread 0x7f20c0b174c0] syncAndRender: start, elapsed since last call: 25 ms
2026-07-14 17:50:59.025 DEBUG qt.scenegraph.time.renderloop: [window 0x7f20c65f8630][gui thread] Frame prepared, polish=0 ms, lock=0 ms, blockedForSync=0 ms, animations=0 ms
2026-07-14 17:50:59.025 DEBUG qt.scenegraph.time.renderer: time in renderer: total=0ms, preprocess=0, updates=0, rendering=0
2026-07-14 17:50:59.025 DEBUG qt.scenegraph.time.renderloop: [window 0x7f20c65f8630][render thread 0x7f20c0b174c0] syncAndRender: frame rendered in 0ms, sync=0, render=0, swap=0
2026-07-14 17:50:59.028 DEBUG qt.scenegraph.time.renderloop: [window 0x7f20c65f8630][gui thread] polishAndSync: start, elapsed since last call: 2 ms
2026-07-14 17:50:59.028 DEBUG qt.scenegraph.time.renderloop: [window 0x7f20c65f8630][render thread 0x7f20c0b174c0] syncAndRender: start, elapsed since last call: 2 ms
2026-07-14 17:50:59.028 DEBUG qt.scenegraph.time.renderloop: [window 0x7f20c65f8630][gui thread] Frame prepared, polish=0 ms, lock=0 ms, blockedForSync=0 ms, animations=0 ms
2026-07-14 17:50:59.028 DEBUG qt.scenegraph.time.renderer: time in renderer: total=0ms, preprocess=0, updates=0, rendering=0
2026-07-14 17:50:59.028 DEBUG qt.scenegraph.time.renderloop: [window 0x7f20c65f8630][render thread 0x7f20c0b174c0] syncAndRender: frame rendered in 0ms, sync=0, render=0, swap=0
2026-07-14 17:50:59.035 DEBUG qt.scenegraph.time.renderloop: [window 0x7f20c65f8630][gui thread] polishAndSync: start, elapsed since last call: 6 ms
2026-07-14 17:50:59.035 DEBUG qt.scenegraph.time.renderloop: [window 0x7f20c65f8630][render thread 0x7f20c0b174c0] syncAndRender: start, elapsed since last call: 7 ms
2026-07-14 17:50:59.035 DEBUG qt.scenegraph.time.renderloop: [window 0x7f20c65f8630][gui thread] Frame prepared, polish=0 ms, lock=0 ms, blockedForSync=0 ms, animations=0 ms
2026-07-14 17:50:59.035 DEBUG qt.scenegraph.time.renderloop: [window 0x7f20c65f8630][gui thread] polishAndSync: start, elapsed since last call: 0 ms
2026-07-14 17:50:59.035 DEBUG qt.scenegraph.time.texture: atlastexture upload enqueued in: -9223363140080ms (16x16)
2026-07-14 17:50:59.035 DEBUG qt.scenegraph.time.texture: atlastexture upload enqueued in: -9223363140080ms (36x14)
2026-07-14 17:50:59.035 DEBUG qt.scenegraph.time.renderer: time in renderer: total=0ms, preprocess=0, updates=0, rendering=0
2026-07-14 17:50:59.035 DEBUG qt.scenegraph.time.renderloop: [window 0x7f20c65f8630][render thread 0x7f20c0b174c0] syncAndRender: frame rendered in 0ms, sync=0, render=0, swap=0
2026-07-14 17:50:59.036 DEBUG qt.scenegraph.time.renderloop: [window 0x7f20c65f8630][render thread 0x7f20c0b174c0] syncAndRender: start, elapsed since last call: 0 ms
2026-07-14 17:50:59.036 DEBUG qt.scenegraph.time.renderloop: [window 0x7f20c65f8630][gui thread] Frame prepared, polish=0 ms, lock=0 ms, blockedForSync=0 ms, animations=0 ms
2026-07-14 17:50:59.036 DEBUG qt.scenegraph.time.renderer: time in renderer: total=0ms, preprocess=0, updates=0, rendering=0
2026-07-14 17:50:59.042 DEBUG qt.scenegraph.time.renderloop: [window 0x7f20c65f8630][gui thread] polishAndSync: start, elapsed since last call: 6 ms
2026-07-14 17:50:59.042 DEBUG qt.scenegraph.time.renderloop: [window 0x7f20c65f8630][render thread 0x7f20c0b174c0] syncAndRender: frame rendered in 6ms, sync=0, render=0, swap=6
2026-07-14 17:50:59.042 DEBUG qt.scenegraph.time.renderloop: [window 0x7f20c65f8630][render thread 0x7f20c0b174c0] syncAndRender: start, elapsed since last call: 6 ms
2026-07-14 17:50:59.042 DEBUG qt.scenegraph.time.renderloop: [window 0x7f20c65f8630][gui thread] Frame prepared, polish=0 ms, lock=0 ms, blockedForSync=0 ms, animations=0 ms
2026-07-14 17:50:59.042 DEBUG qt.scenegraph.time.texture: atlastexture upload enqueued in: -9223363140074ms (36x14)
2026-07-14 17:50:59.042 DEBUG qt.scenegraph.time.renderer: time in renderer: total=0ms, preprocess=0, updates=0, rendering=0
2026-07-14 17:50:59.049 DEBUG qt.scenegraph.time.renderloop: [window 0x7f20c65f8630][gui thread] polishAndSync: start, elapsed since last call: 6 ms
2026-07-14 17:50:59.049 DEBUG qt.scenegraph.time.renderloop: [window 0x7f20c65f8630][render thread 0x7f20c0b174c0] syncAndRender: frame rendered in 6ms, sync=0, render=0, swap=6
2026-07-14 17:50:59.049 DEBUG qt.scenegraph.time.renderloop: [window 0x7f20c65f8630][render thread 0x7f20c0b174c0] syncAndRender: start, elapsed since last call: 6 ms
2026-07-14 17:50:59.049 DEBUG qt.scenegraph.time.renderloop: [window 0x7f20c65f8630][gui thread] Frame prepared, polish=0 ms, lock=0 ms, blockedForSync=0 ms, animations=0 ms
2026-07-14 17:50:59.049 DEBUG qt.scenegraph.time.renderer: time in renderer: total=0ms, preprocess=0, updates=0, rendering=0
2026-07-14 17:50:59.055 DEBUG qt.scenegraph.time.renderloop: [window 0x7f20c65f8630][gui thread] polishAndSync: start, elapsed since last call: 6 ms
2026-07-14 17:50:59.055 DEBUG qt.scenegraph.time.renderloop: [window 0x7f20c65f8630][render thread 0x7f20c0b174c0] syncAndRender: frame rendered in 6ms, sync=0, render=0, swap=6
2026-07-14 17:50:59.056 DEBUG qt.scenegraph.time.renderloop: [window 0x7f20c65f8630][render thread 0x7f20c0b174c0] syncAndRender: start, elapsed since last call: 7 ms
2026-07-14 17:50:59.056 DEBUG qt.scenegraph.time.renderloop: [window 0x7f20c65f8630][gui thread] Frame prepared, polish=0 ms, lock=0 ms, blockedForSync=0 ms, animations=0 ms
2026-07-14 17:50:59.056 DEBUG qt.scenegraph.time.renderer: time in renderer: total=0ms, preprocess=0, updates=0, rendering=0
2026-07-14 17:50:59.062 DEBUG qt.scenegraph.time.renderloop: [window 0x7f20c65f8630][gui thread] polishAndSync: start, elapsed since last call: 6 ms
2026-07-14 17:50:59.062 DEBUG qt.scenegraph.time.renderloop: [window 0x7f20c65f8630][render thread 0x7f20c0b174c0] syncAndRender: frame rendered in 6ms, sync=0, render=0, swap=6
2026-07-14 17:50:59.062 DEBUG qt.scenegraph.time.renderloop: [window 0x7f20c65f8630][render thread 0x7f20c0b174c0] syncAndRender: start, elapsed since last call: 6 ms
2026-07-14 17:50:59.062 DEBUG qt.scenegraph.time.renderloop: [window 0x7f20c65f8630][gui thread] Frame prepared, polish=0 ms, lock=0 ms, blockedForSync=0 ms, animations=0 ms
2026-07-14 17:50:59.062 DEBUG qt.scenegraph.time.renderer: time in renderer: total=0ms, preprocess=0, updates=0, rendering=0
2026-07-14 17:50:59.069 DEBUG qt.scenegraph.time.renderloop: [window 0x7f20c65f8630][gui thread] polishAndSync: start, elapsed since last call: 7 ms
2026-07-14 17:50:59.070 DEBUG qt.scenegraph.time.renderloop: [window 0x7f20c65f8630][render thread 0x7f20c0b174c0] syncAndRender: frame rendered in 7ms, sync=0, render=0, swap=7
2026-07-14 17:50:59.070 DEBUG qt.scenegraph.time.renderloop: [window 0x7f20c65f8630][render thread 0x7f20c0b174c0] syncAndRender: start, elapsed since last call: 7 ms
2026-07-14 17:50:59.070 DEBUG qt.scenegraph.time.renderloop: [window 0x7f20c65f8630][gui thread] Frame prepared, polish=0 ms, lock=0 ms, blockedForSync=0 ms, animations=0 ms
2026-07-14 17:50:59.070 DEBUG qt.scenegraph.time.renderer: time in renderer: total=0ms, preprocess=0, updates=0, rendering=0
2026-07-14 17:50:59.076 DEBUG qt.scenegraph.time.renderloop: [window 0x7f20c65f8630][render thread 0x7f20c0b174c0] syncAndRender: frame rendered in 6ms, sync=0, render=0, swap=6
2026-07-14 17:50:59.076 DEBUG qt.scenegraph.time.renderloop: [window 0x7f20c65f8630][gui thread] polishAndSync: start, elapsed since last call: 6 ms
2026-07-14 17:50:59.076 DEBUG qt.scenegraph.time.renderloop: [window 0x7f20c65f8630][render thread 0x7f20c0b174c0] syncAndRender: start, elapsed since last call: 6 ms
2026-07-14 17:50:59.076 DEBUG qt.scenegraph.time.renderloop: [window 0x7f20c65f8630][gui thread] Frame prepared, polish=0 ms, lock=0 ms, blockedForSync=0 ms, animations=0 ms
2026-07-14 17:50:59.076 DEBUG qt.scenegraph.time.renderer: time in renderer: total=0ms, preprocess=0, updates=0, rendering=0
2026-07-14 17:50:59.083 DEBUG qt.scenegraph.time.renderloop: [window 0x7f20c65f8630][gui thread] polishAndSync: start, elapsed since last call: 6 ms
2026-07-14 17:50:59.083 DEBUG qt.scenegraph.time.renderloop: [window 0x7f20c65f8630][render thread 0x7f20c0b174c0] syncAndRender: frame rendered in 6ms, sync=0, render=0, swap=6
2026-07-14 17:50:59.083 DEBUG qt.scenegraph.time.renderloop: [window 0x7f20c65f8630][render thread 0x7f20c0b174c0] syncAndRender: start, elapsed since last call: 6 ms
2026-07-14 17:50:59.083 DEBUG qt.scenegraph.time.renderloop: [window 0x7f20c65f8630][gui thread] Frame prepared, polish=0 ms, lock=0 ms, blockedForSync=0 ms, animations=0 ms
2026-07-14 17:50:59.083 DEBUG qt.scenegraph.time.renderer: time in renderer: total=0ms, preprocess=0, updates=0, rendering=0
2026-07-14 17:50:59.090 DEBUG qt.scenegraph.time.renderloop: [window 0x7f20c65f8630][gui thread] polishAndSync: start, elapsed since last call: 6 ms
2026-07-14 17:50:59.090 DEBUG qt.scenegraph.time.renderloop: [window 0x7f20c65f8630][render thread 0x7f20c0b174c0] syncAndRender: frame rendered in 6ms, sync=0, render=0, swap=6
2026-07-14 17:50:59.090 DEBUG qt.scenegraph.time.renderloop: [window 0x7f20c65f8630][render thread 0x7f20c0b174c0] syncAndRender: start, elapsed since last call: 7 ms
2026-07-14 17:50:59.090 DEBUG qt.scenegraph.time.renderloop: [window 0x7f20c65f8630][gui thread] Frame prepared, polish=0 ms, lock=0 ms, blockedForSync=0 ms, animations=0 ms
2026-07-14 17:50:59.090 DEBUG qt.scenegraph.time.renderer: time in renderer: total=0ms, preprocess=0, updates=0, rendering=0
2026-07-14 17:50:59.097 DEBUG qt.scenegraph.time.renderloop: [window 0x7f20c65f8630][gui thread] polishAndSync: start, elapsed since last call: 6 ms
2026-07-14 17:50:59.097 DEBUG qt.scenegraph.time.renderloop: [window 0x7f20c65f8630][render thread 0x7f20c0b174c0] syncAndRender: frame rendered in 6ms, sync=0, render=0, swap=6
2026-07-14 17:50:59.097 DEBUG qt.scenegraph.time.renderloop: [window 0x7f20c65f8630][render thread 0x7f20c0b174c0] syncAndRender: start, elapsed since last call: 6 ms
2026-07-14 17:50:59.097 DEBUG qt.scenegraph.time.renderloop: [window 0x7f20c65f8630][gui thread] Frame prepared, polish=0 ms, lock=0 ms, blockedForSync=0 ms, animations=0 ms
2026-07-14 17:50:59.097 DEBUG qt.scenegraph.time.renderer: time in renderer: total=0ms, preprocess=0, updates=0, rendering=0
2026-07-14 17:50:59.104 DEBUG qt.scenegraph.time.renderloop: [window 0x7f20c65f8630][gui thread] polishAndSync: start, elapsed since last call: 6 ms
2026-07-14 17:50:59.104 DEBUG qt.scenegraph.time.renderloop: [window 0x7f20c65f8630][render thread 0x7f20c0b174c0] syncAndRender: frame rendered in 6ms, sync=0, render=0, swap=6
2026-07-14 17:50:59.104 DEBUG qt.scenegraph.time.renderloop: [window 0x7f20c65f8630][render thread 0x7f20c0b174c0] syncAndRender: start, elapsed since last call: 6 ms
2026-07-14 17:50:59.104 DEBUG qt.scenegraph.time.renderloop: [window 0x7f20c65f8630][gui thread] Frame prepared, polish=0 ms, lock=0 ms, blockedForSync=0 ms, animations=0 ms
2026-07-14 17:50:59.104 DEBUG qt.scenegraph.time.renderer: time in renderer: total=0ms, preprocess=0, updates=0, rendering=0
2026-07-14 17:50:59.111 DEBUG qt.scenegraph.time.renderloop: [window 0x7f20c65f8630][gui thread] polishAndSync: start, elapsed since last call: 6 ms
2026-07-14 17:50:59.111 DEBUG qt.scenegraph.time.renderloop: [window 0x7f20c65f8630][render thread 0x7f20c0b174c0] syncAndRender: frame rendered in 6ms, sync=0, render=0, swap=6
2026-07-14 17:50:59.111 DEBUG qt.scenegraph.time.renderloop: [window 0x7f20c65f8630][render thread 0x7f20c0b174c0] syncAndRender: start, elapsed since last call: 6 ms
2026-07-14 17:50:59.111 DEBUG qt.scenegraph.time.renderloop: [window 0x7f20c65f8630][gui thread] Frame prepared, polish=0 ms, lock=0 ms, blockedForSync=0 ms, animations=0 ms
2026-07-14 17:50:59.111 DEBUG qt.scenegraph.time.renderer: time in renderer: total=0ms, preprocess=0, updates=0, rendering=0
2026-07-14 17:50:59.118 DEBUG qt.scenegraph.time.renderloop: [window 0x7f20c65f8630][gui thread] polishAndSync: start, elapsed since last call: 6 ms
2026-07-14 17:50:59.118 DEBUG qt.scenegraph.time.renderloop: [window 0x7f20c65f8630][render thread 0x7f20c0b174c0] syncAndRender: frame rendered in 6ms, sync=0, render=0, swap=6
2026-07-14 17:50:59.118 DEBUG qt.scenegraph.time.renderloop: [window 0x7f20c65f8630][render thread 0x7f20c0b174c0] syncAndRender: start, elapsed since last call: 7 ms
2026-07-14 17:50:59.118 DEBUG qt.scenegraph.time.renderloop: [window 0x7f20c65f8630][gui thread] Frame prepared, polish=0 ms, lock=0 ms, blockedForSync=0 ms, animations=0 ms
2026-07-14 17:50:59.118 DEBUG qt.scenegraph.time.renderer: time in renderer: total=0ms, preprocess=0, updates=0, rendering=0
2026-07-14 17:50:59.125 DEBUG qt.scenegraph.time.renderloop: [window 0x7f20c65f8630][gui thread] polishAndSync: start, elapsed since last call: 6 ms
2026-07-14 17:50:59.125 DEBUG qt.scenegraph.time.renderloop: [window 0x7f20c65f8630][render thread 0x7f20c0b174c0] syncAndRender: frame rendered in 6ms, sync=0, render=0, swap=6
2026-07-14 17:50:59.125 DEBUG qt.scenegraph.time.renderloop: [window 0x7f20c65f8630][render thread 0x7f20c0b174c0] syncAndRender: start, elapsed since last call: 6 ms
2026-07-14 17:50:59.125 DEBUG qt.scenegraph.time.renderloop: [window 0x7f20c65f8630][gui thread] Frame prepared, polish=0 ms, lock=0 ms, blockedForSync=0 ms, animations=0 ms
2026-07-14 17:50:59.125 DEBUG qt.scenegraph.time.renderer: time in renderer: total=0ms, preprocess=0, updates=0, rendering=0
2026-07-14 17:50:59.132 DEBUG qt.scenegraph.time.renderloop: [window 0x7f20c65f8630][gui thread] polishAndSync: start, elapsed since last call: 6 ms
2026-07-14 17:50:59.132 DEBUG qt.scenegraph.time.renderloop: [window 0x7f20c65f8630][render thread 0x7f20c0b174c0] syncAndRender: frame rendered in 6ms, sync=0, render=0, swap=6
2026-07-14 17:50:59.132 DEBUG qt.scenegraph.time.renderloop: [window 0x7f20c65f8630][render thread 0x7f20c0b174c0] syncAndRender: start, elapsed since last call: 6 ms
2026-07-14 17:50:59.132 DEBUG qt.scenegraph.time.renderloop: [window 0x7f20c65f8630][gui thread] Frame prepared, polish=0 ms, lock=0 ms, blockedForSync=0 ms, animations=0 ms
2026-07-14 17:50:59.132 DEBUG qt.scenegraph.time.renderer: time in renderer: total=0ms, preprocess=0, updates=0, rendering=0
2026-07-14 17:50:59.139 DEBUG qt.scenegraph.time.renderloop: [window 0x7f20c65f8630][gui thread] polishAndSync: start, elapsed since last call: 6 ms
2026-07-14 17:50:59.139 DEBUG qt.scenegraph.time.renderloop: [window 0x7f20c65f8630][render thread 0x7f20c0b174c0] syncAndRender: frame rendered in 6ms, sync=0, render=0, swap=6
2026-07-14 17:50:59.139 DEBUG qt.scenegraph.time.renderloop: [window 0x7f20c65f8630][render thread 0x7f20c0b174c0] syncAndRender: start, elapsed since last call: 6 ms
2026-07-14 17:50:59.139 DEBUG qt.scenegraph.time.renderer: time in renderer: total=0ms, preprocess=0, updates=0, rendering=0
2026-07-14 17:50:59.139 DEBUG qt.scenegraph.time.renderloop: [window 0x7f20c65f8630][gui thread] Frame prepared, polish=0 ms, lock=0 ms, blockedForSync=0 ms, animations=0 ms
2026-07-14 17:50:59.146 DEBUG qt.scenegraph.time.renderloop: [window 0x7f20c65f8630][gui thread] polishAndSync: start, elapsed since last call: 6 ms
2026-07-14 17:50:59.146 DEBUG qt.scenegraph.time.renderloop: [window 0x7f20c65f8630][render thread 0x7f20c0b174c0] syncAndRender: frame rendered in 6ms, sync=0, render=0, swap=6
2026-07-14 17:50:59.146 DEBUG qt.scenegraph.time.renderloop: [window 0x7f20c65f8630][render thread 0x7f20c0b174c0] syncAndRender: start, elapsed since last call: 6 ms
2026-07-14 17:50:59.146 DEBUG qt.scenegraph.time.renderloop: [window 0x7f20c65f8630][gui thread] Frame prepared, polish=0 ms, lock=0 ms, blockedForSync=0 ms, animations=0 ms
2026-07-14 17:50:59.146 DEBUG qt.scenegraph.time.renderer: time in renderer: total=0ms, preprocess=0, updates=0, rendering=0
2026-07-14 17:50:59.153 DEBUG qt.scenegraph.time.renderloop: [window 0x7f20c65f8630][render thread 0x7f20c0b174c0] syncAndRender: frame rendered in 6ms, sync=0, render=0, swap=6
2026-07-14 17:50:59.153 DEBUG qt.scenegraph.time.renderloop: [window 0x7f20c65f8630][gui thread] polishAndSync: start, elapsed since last call: 6 ms
2026-07-14 17:50:59.153 DEBUG qt.scenegraph.time.renderloop: [window 0x7f20c65f8630][render thread 0x7f20c0b174c0] syncAndRender: start, elapsed since last call: 7 ms
2026-07-14 17:50:59.153 DEBUG qt.scenegraph.time.renderloop: [window 0x7f20c65f8630][gui thread] Frame prepared, polish=0 ms, lock=0 ms, blockedForSync=0 ms, animations=0 ms
2026-07-14 17:50:59.153 DEBUG qt.scenegraph.time.renderer: time in renderer: total=0ms, preprocess=0, updates=0, rendering=0
2026-07-14 17:50:59.160 DEBUG qt.scenegraph.time.renderloop: [window 0x7f20c65f8630][gui thread] polishAndSync: start, elapsed since last call: 6 ms
2026-07-14 17:50:59.160 DEBUG qt.scenegraph.time.renderloop: [window 0x7f20c65f8630][render thread 0x7f20c0b174c0] syncAndRender: frame rendered in 6ms, sync=0, render=0, swap=6
2026-07-14 17:50:59.160 DEBUG qt.scenegraph.time.renderloop: [window 0x7f20c65f8630][render thread 0x7f20c0b174c0] syncAndRender: start, elapsed since last call: 6 ms
2026-07-14 17:50:59.160 DEBUG qt.scenegraph.time.renderloop: [window 0x7f20c65f8630][gui thread] Frame prepared, polish=0 ms, lock=0 ms, blockedForSync=0 ms, animations=0 ms
2026-07-14 17:50:59.160 DEBUG qt.scenegraph.time.renderer: time in renderer: total=0ms, preprocess=0, updates=0, rendering=0
2026-07-14 17:50:59.167 DEBUG qt.scenegraph.time.renderloop: [window 0x7f20c65f8630][gui thread] polishAndSync: start, elapsed since last call: 6 ms
2026-07-14 17:50:59.167 DEBUG qt.scenegraph.time.renderloop: [window 0x7f20c65f8630][render thread 0x7f20c0b174c0] syncAndRender: frame rendered in 6ms, sync=0, render=0, swap=6
2026-07-14 17:50:59.167 DEBUG qt.scenegraph.time.renderloop: [window 0x7f20c65f8630][render thread 0x7f20c0b174c0] syncAndRender: start, elapsed since last call: 6 ms
2026-07-14 17:50:59.167 DEBUG qt.scenegraph.time.renderloop: [window 0x7f20c65f8630][gui thread] Frame prepared, polish=0 ms, lock=0 ms, blockedForSync=0 ms, animations=0 ms
2026-07-14 17:50:59.167 DEBUG qt.scenegraph.time.renderer: time in renderer: total=0ms, preprocess=0, updates=0, rendering=0
2026-07-14 17:50:59.174 DEBUG qt.scenegraph.time.renderloop: [window 0x7f20c65f8630][gui thread] polishAndSync: start, elapsed since last call: 6 ms
2026-07-14 17:50:59.174 DEBUG qt.scenegraph.time.renderloop: [window 0x7f20c65f8630][render thread 0x7f20c0b174c0] syncAndRender: frame rendered in 6ms, sync=0, render=0, swap=6
2026-07-14 17:50:59.174 DEBUG qt.scenegraph.time.renderloop: [window 0x7f20c65f8630][render thread 0x7f20c0b174c0] syncAndRender: start, elapsed since last call: 6 ms
2026-07-14 17:50:59.174 DEBUG qt.scenegraph.time.renderloop: [window 0x7f20c65f8630][gui thread] Frame prepared, polish=0 ms, lock=0 ms, blockedForSync=0 ms, animations=0 ms
2026-07-14 17:50:59.174 DEBUG qt.scenegraph.time.renderer: time in renderer: total=0ms, preprocess=0, updates=0, rendering=0
2026-07-14 17:50:59.181 DEBUG qt.scenegraph.time.renderloop: [window 0x7f20c65f8630][gui thread] polishAndSync: start, elapsed since last call: 6 ms
2026-07-14 17:50:59.181 DEBUG qt.scenegraph.time.renderloop: [window 0x7f20c65f8630][render thread 0x7f20c0b174c0] syncAndRender: frame rendered in 6ms, sync=0, render=0, swap=6
2026-07-14 17:50:59.181 DEBUG qt.scenegraph.time.renderloop: [window 0x7f20c65f8630][render thread 0x7f20c0b174c0] syncAndRender: start, elapsed since last call: 6 ms
2026-07-14 17:50:59.181 DEBUG qt.scenegraph.time.renderloop: [window 0x7f20c65f8630][gui thread] Frame prepared, polish=0 ms, lock=0 ms, blockedForSync=0 ms, animations=0 ms
2026-07-14 17:50:59.181 DEBUG qt.scenegraph.time.renderer: time in renderer: total=0ms, preprocess=0, updates=0, rendering=0
2026-07-14 17:50:59.187 DEBUG qt.scenegraph.time.renderloop: [window 0x7f20c65f8630][gui thread] polishAndSync: start, elapsed since last call: 6 ms
2026-07-14 17:50:59.187 DEBUG qt.scenegraph.time.renderloop: [window 0x7f20c65f8630][render thread 0x7f20c0b174c0] syncAndRender: frame rendered in 6ms, sync=0, render=0, swap=6
2026-07-14 17:50:59.188 DEBUG qt.scenegraph.time.renderloop: [window 0x7f20c65f8630][render thread 0x7f20c0b174c0] syncAndRender: start, elapsed since last call: 7 ms
2026-07-14 17:50:59.188 DEBUG qt.scenegraph.time.renderloop: [window 0x7f20c65f8630][gui thread] Frame prepared, polish=0 ms, lock=0 ms, blockedForSync=0 ms, animations=0 ms
2026-07-14 17:50:59.188 DEBUG qt.scenegraph.time.renderer: time in renderer: total=0ms, preprocess=0, updates=0, rendering=0
2026-07-14 17:50:59.194 DEBUG qt.scenegraph.time.renderloop: [window 0x7f20c65f8630][render thread 0x7f20c0b174c0] syncAndRender: frame rendered in 6ms, sync=0, render=0, swap=6
2026-07-14 17:50:59.194 DEBUG qt.scenegraph.time.renderloop: [window 0x7f20c65f8630][gui thread] polishAndSync: start, elapsed since last call: 7 ms
2026-07-14 17:50:59.194 DEBUG qt.scenegraph.time.renderloop: [window 0x7f20c65f8630][render thread 0x7f20c0b174c0] syncAndRender: start, elapsed since last call: 6 ms
2026-07-14 17:50:59.195 DEBUG qt.scenegraph.time.renderloop: [window 0x7f20c65f8630][gui thread] Frame prepared, polish=0 ms, lock=0 ms, blockedForSync=0 ms, animations=0 ms
2026-07-14 17:50:59.195 DEBUG qt.scenegraph.time.renderer: time in renderer: total=0ms, preprocess=0, updates=0, rendering=0
2026-07-14 17:50:59.201 DEBUG qt.scenegraph.time.renderloop: [window 0x7f20c65f8630][gui thread] polishAndSync: start, elapsed since last call: 6 ms
2026-07-14 17:50:59.201 DEBUG qt.scenegraph.time.renderloop: [window 0x7f20c65f8630][render thread 0x7f20c0b174c0] syncAndRender: frame rendered in 6ms, sync=0, render=0, swap=6
2026-07-14 17:50:59.201 DEBUG qt.scenegraph.time.renderloop: [window 0x7f20c65f8630][render thread 0x7f20c0b174c0] syncAndRender: start, elapsed since last call: 6 ms
2026-07-14 17:50:59.201 DEBUG qt.scenegraph.time.renderloop: [window 0x7f20c65f8630][gui thread] Frame prepared, polish=0 ms, lock=0 ms, blockedForSync=0 ms, animations=0 ms
2026-07-14 17:50:59.201 DEBUG qt.scenegraph.time.renderer: time in renderer: total=0ms, preprocess=0, updates=0, rendering=0
2026-07-14 17:50:59.208 DEBUG qt.scenegraph.time.renderloop: [window 0x7f20c65f8630][gui thread] polishAndSync: start, elapsed since last call: 6 ms
2026-07-14 17:50:59.208 DEBUG qt.scenegraph.time.renderloop: [window 0x7f20c65f8630][render thread 0x7f20c0b174c0] syncAndRender: frame rendered in 6ms, sync=0, render=0, swap=6
2026-07-14 17:50:59.208 DEBUG qt.scenegraph.time.renderloop: [window 0x7f20c65f8630][render thread 0x7f20c0b174c0] syncAndRender: start, elapsed since last call: 6 ms
2026-07-14 17:50:59.208 DEBUG qt.scenegraph.time.renderloop: [window 0x7f20c65f8630][gui thread] Frame prepared, polish=0 ms, lock=0 ms, blockedForSync=0 ms, animations=0 ms
2026-07-14 17:50:59.208 DEBUG qt.scenegraph.time.renderer: time in renderer: total=0ms, preprocess=0, updates=0, rendering=0
2026-07-14 17:50:59.215 DEBUG qt.scenegraph.time.renderloop: [window 0x7f20c65f8630][gui thread] polishAndSync: start, elapsed since last call: 6 ms
2026-07-14 17:50:59.215 DEBUG qt.scenegraph.time.renderloop: [window 0x7f20c65f8630][render thread 0x7f20c0b174c0] syncAndRender: frame rendered in 6ms, sync=0, render=0, swap=6
2026-07-14 17:50:59.215 DEBUG qt.scenegraph.time.renderloop: [window 0x7f20c65f8630][render thread 0x7f20c0b174c0] syncAndRender: start, elapsed since last call: 6 ms
2026-07-14 17:50:59.215 DEBUG qt.scenegraph.time.renderloop: [window 0x7f20c65f8630][gui thread] Frame prepared, polish=0 ms, lock=0 ms, blockedForSync=0 ms, animations=0 ms
2026-07-14 17:50:59.215 DEBUG qt.scenegraph.time.renderer: time in renderer: total=0ms, preprocess=0, updates=0, rendering=0
2026-07-14 17:50:59.222 DEBUG qt.scenegraph.time.renderloop: [window 0x7f20c65f8630][gui thread] polishAndSync: start, elapsed since last call: 6 ms
2026-07-14 17:50:59.222 DEBUG qt.scenegraph.time.renderloop: [window 0x7f20c65f8630][render thread 0x7f20c0b174c0] syncAndRender: frame rendered in 6ms, sync=0, render=0, swap=6
2026-07-14 17:50:59.222 DEBUG qt.scenegraph.time.renderloop: [window 0x7f20c65f8630][render thread 0x7f20c0b174c0] syncAndRender: start, elapsed since last call: 7 ms
2026-07-14 17:50:59.223 DEBUG qt.scenegraph.time.renderloop: [window 0x7f20c65f8630][gui thread] Frame prepared, polish=0 ms, lock=0 ms, blockedForSync=0 ms, animations=0 ms
2026-07-14 17:50:59.223 DEBUG qt.scenegraph.time.renderer: time in renderer: total=0ms, preprocess=0, updates=0, rendering=0
2026-07-14 17:50:59.229 DEBUG qt.scenegraph.time.renderloop: [window 0x7f20c65f8630][gui thread] polishAndSync: start, elapsed since last call: 6 ms
2026-07-14 17:50:59.229 DEBUG qt.scenegraph.time.renderloop: [window 0x7f20c65f8630][render thread 0x7f20c0b174c0] syncAndRender: frame rendered in 6ms, sync=0, render=0, swap=6
2026-07-14 17:50:59.229 DEBUG qt.scenegraph.time.renderloop: [window 0x7f20c65f8630][render thread 0x7f20c0b174c0] syncAndRender: start, elapsed since last call: 6 ms
2026-07-14 17:50:59.229 DEBUG qt.scenegraph.time.renderloop: [window 0x7f20c65f8630][gui thread] Frame prepared, polish=0 ms, lock=0 ms, blockedForSync=0 ms, animations=0 ms
2026-07-14 17:50:59.229 DEBUG qt.scenegraph.time.renderer: time in renderer: total=0ms, preprocess=0, updates=0, rendering=0
2026-07-14 17:50:59.236 DEBUG qt.scenegraph.time.renderloop: [window 0x7f20c65f8630][gui thread] polishAndSync: start, elapsed since last call: 6 ms
2026-07-14 17:50:59.236 DEBUG qt.scenegraph.time.renderloop: [window 0x7f20c65f8630][render thread 0x7f20c0b174c0] syncAndRender: frame rendered in 6ms, sync=0, render=0, swap=6
2026-07-14 17:50:59.236 DEBUG qt.scenegraph.time.renderloop: [window 0x7f20c65f8630][render thread 0x7f20c0b174c0] syncAndRender: start, elapsed since last call: 6 ms
2026-07-14 17:50:59.236 DEBUG qt.scenegraph.time.renderloop: [window 0x7f20c65f8630][gui thread] Frame prepared, polish=0 ms, lock=0 ms, blockedForSync=0 ms, animations=0 ms
2026-07-14 17:50:59.236 DEBUG qt.scenegraph.time.renderer: time in renderer: total=0ms, preprocess=0, updates=0, rendering=0
2026-07-14 17:50:59.243 DEBUG qt.scenegraph.time.renderloop: [window 0x7f20c65f8630][gui thread] polishAndSync: start, elapsed since last call: 6 ms
2026-07-14 17:50:59.243 DEBUG qt.scenegraph.time.renderloop: [window 0x7f20c65f8630][render thread 0x7f20c0b174c0] syncAndRender: frame rendered in 6ms, sync=0, render=0, swap=6
2026-07-14 17:50:59.243 DEBUG qt.scenegraph.time.renderloop: [window 0x7f20c65f8630][render thread 0x7f20c0b174c0] syncAndRender: start, elapsed since last call: 6 ms
2026-07-14 17:50:59.243 DEBUG qt.scenegraph.time.renderloop: [window 0x7f20c65f8630][gui thread] Frame prepared, polish=0 ms, lock=0 ms, blockedForSync=0 ms, animations=0 ms
2026-07-14 17:50:59.243 DEBUG qt.scenegraph.time.renderer: time in renderer: total=0ms, preprocess=0, updates=0, rendering=0
2026-07-14 17:50:59.250 DEBUG qt.scenegraph.time.renderloop: [window 0x7f20c65f8630][gui thread] polishAndSync: start, elapsed since last call: 6 ms
2026-07-14 17:50:59.250 DEBUG qt.scenegraph.time.renderloop: [window 0x7f20c65f8630][render thread 0x7f20c0b174c0] syncAndRender: frame rendered in 6ms, sync=0, render=0, swap=6
2026-07-14 17:50:59.250 DEBUG qt.scenegraph.time.renderloop: [window 0x7f20c65f8630][render thread 0x7f20c0b174c0] syncAndRender: start, elapsed since last call: 7 ms
2026-07-14 17:50:59.250 DEBUG qt.scenegraph.time.renderloop: [window 0x7f20c65f8630][gui thread] Frame prepared, polish=0 ms, lock=0 ms, blockedForSync=0 ms, animations=0 ms
2026-07-14 17:50:59.250 DEBUG qt.scenegraph.time.renderer: time in renderer: total=0ms, preprocess=0, updates=0, rendering=0
2026-07-14 17:50:59.257 DEBUG qt.scenegraph.time.renderloop: [window 0x7f20c65f8630][gui thread] polishAndSync: start, elapsed since last call: 7 ms
2026-07-14 17:50:59.257 DEBUG qt.scenegraph.time.renderloop: [window 0x7f20c65f8630][render thread 0x7f20c0b174c0] syncAndRender: frame rendered in 6ms, sync=0, render=0, swap=6
2026-07-14 17:50:59.257 DEBUG qt.scenegraph.time.renderloop: [window 0x7f20c65f8630][render thread 0x7f20c0b174c0] syncAndRender: start, elapsed since last call: 6 ms
2026-07-14 17:50:59.257 DEBUG qt.scenegraph.time.renderloop: [window 0x7f20c65f8630][gui thread] Frame prepared, polish=0 ms, lock=0 ms, blockedForSync=0 ms, animations=0 ms
2026-07-14 17:50:59.257 DEBUG qt.scenegraph.time.renderer: time in renderer: total=0ms, preprocess=0, updates=0, rendering=0
2026-07-14 17:50:59.264 DEBUG qt.scenegraph.time.renderloop: [window 0x7f20c65f8630][gui thread] polishAndSync: start, elapsed since last call: 6 ms
2026-07-14 17:50:59.264 DEBUG qt.scenegraph.time.renderloop: [window 0x7f20c65f8630][render thread 0x7f20c0b174c0] syncAndRender: frame rendered in 6ms, sync=0, render=0, swap=6
2026-07-14 17:50:59.264 DEBUG qt.scenegraph.time.renderloop: [window 0x7f20c65f8630][render thread 0x7f20c0b174c0] syncAndRender: start, elapsed since last call: 6 ms
2026-07-14 17:50:59.264 DEBUG qt.scenegraph.time.renderloop: [window 0x7f20c65f8630][gui thread] Frame prepared, polish=0 ms, lock=0 ms, blockedForSync=0 ms, animations=0 ms
2026-07-14 17:50:59.264 DEBUG qt.scenegraph.time.renderer: time in renderer: total=0ms, preprocess=0, updates=0, rendering=0
2026-07-14 17:50:59.271 DEBUG qt.scenegraph.time.renderloop: [window 0x7f20c65f8630][gui thread] polishAndSync: start, elapsed since last call: 6 ms
2026-07-14 17:50:59.271 DEBUG qt.scenegraph.time.renderloop: [window 0x7f20c65f8630][render thread 0x7f20c0b174c0] syncAndRender: frame rendered in 6ms, sync=0, render=0, swap=6
2026-07-14 17:50:59.271 DEBUG qt.scenegraph.time.renderloop: [window 0x7f20c65f8630][render thread 0x7f20c0b174c0] syncAndRender: start, elapsed since last call: 6 ms
2026-07-14 17:50:59.271 DEBUG qt.scenegraph.time.renderloop: [window 0x7f20c65f8630][gui thread] Frame prepared, polish=0 ms, lock=0 ms, blockedForSync=0 ms, animations=0 ms
2026-07-14 17:50:59.271 DEBUG qt.scenegraph.time.renderer: time in renderer: total=0ms, preprocess=0, updates=0, rendering=0
2026-07-14 17:50:59.278 DEBUG qt.scenegraph.time.renderloop: [window 0x7f20c65f8630][gui thread] polishAndSync: start, elapsed since last call: 6 ms
2026-07-14 17:50:59.278 DEBUG qt.scenegraph.time.renderloop: [window 0x7f20c65f8630][render thread 0x7f20c0b174c0] syncAndRender: frame rendered in 6ms, sync=0, render=0, swap=6
2026-07-14 17:50:59.278 DEBUG qt.scenegraph.time.renderloop: [window 0x7f20c65f8630][render thread 0x7f20c0b174c0] syncAndRender: start, elapsed since last call: 6 ms
2026-07-14 17:50:59.278 DEBUG qt.scenegraph.time.renderloop: [window 0x7f20c65f8630][gui thread] Frame prepared, polish=0 ms, lock=0 ms, blockedForSync=0 ms, animations=0 ms
2026-07-14 17:50:59.278 DEBUG qt.scenegraph.time.renderer: time in renderer: total=0ms, preprocess=0, updates=0, rendering=0
2026-07-14 17:50:59.285 DEBUG qt.scenegraph.time.renderloop: [window 0x7f20c65f8630][gui thread] polishAndSync: start, elapsed since last call: 6 ms
2026-07-14 17:50:59.285 DEBUG qt.scenegraph.time.renderloop: [window 0x7f20c65f8630][render thread 0x7f20c0b174c0] syncAndRender: frame rendered in 6ms, sync=0, render=0, swap=6
2026-07-14 17:50:59.285 DEBUG qt.scenegraph.time.renderloop: [window 0x7f20c65f8630][render thread 0x7f20c0b174c0] syncAndRender: start, elapsed since last call: 7 ms
2026-07-14 17:50:59.285 DEBUG qt.scenegraph.time.renderloop: [window 0x7f20c65f8630][gui thread] Frame prepared, polish=0 ms, lock=0 ms, blockedForSync=0 ms, animations=0 ms
2026-07-14 17:50:59.285 DEBUG qt.scenegraph.time.renderer: time in renderer: total=0ms, preprocess=0, updates=0, rendering=0
2026-07-14 17:50:59.292 DEBUG qt.scenegraph.time.renderloop: [window 0x7f20c65f8630][gui thread] polishAndSync: start, elapsed since last call: 6 ms
2026-07-14 17:50:59.292 DEBUG qt.scenegraph.time.renderloop: [window 0x7f20c65f8630][render thread 0x7f20c0b174c0] syncAndRender: frame rendered in 6ms, sync=0, render=0, swap=6
2026-07-14 17:50:59.292 DEBUG qt.scenegraph.time.renderloop: [window 0x7f20c65f8630][render thread 0x7f20c0b174c0] syncAndRender: start, elapsed since last call: 6 ms
2026-07-14 17:50:59.292 DEBUG qt.scenegraph.time.renderloop: [window 0x7f20c65f8630][gui thread] Frame prepared, polish=0 ms, lock=0 ms, blockedForSync=0 ms, animations=0 ms
2026-07-14 17:50:59.292 DEBUG qt.scenegraph.time.renderer: time in renderer: total=0ms, preprocess=0, updates=0, rendering=0
2026-07-14 17:50:59.299 DEBUG qt.scenegraph.time.renderloop: [window 0x7f20c65f8630][gui thread] polishAndSync: start, elapsed since last call: 6 ms
2026-07-14 17:50:59.299 DEBUG qt.scenegraph.time.renderloop: [window 0x7f20c65f8630][render thread 0x7f20c0b174c0] syncAndRender: frame rendered in 6ms, sync=0, render=0, swap=6
2026-07-14 17:50:59.299 DEBUG qt.scenegraph.time.renderloop: [window 0x7f20c65f8630][render thread 0x7f20c0b174c0] syncAndRender: start, elapsed since last call: 6 ms
2026-07-14 17:50:59.299 DEBUG qt.scenegraph.time.renderloop: [window 0x7f20c65f8630][gui thread] Frame prepared, polish=0 ms, lock=0 ms, blockedForSync=0 ms, animations=0 ms
2026-07-14 17:50:59.299 DEBUG qt.scenegraph.time.renderer: time in renderer: total=0ms, preprocess=0, updates=0, rendering=0
2026-07-14 17:50:59.306 DEBUG qt.scenegraph.time.renderloop: [window 0x7f20c65f8630][gui thread] polishAndSync: start, elapsed since last call: 6 ms
2026-07-14 17:50:59.306 DEBUG qt.scenegraph.time.renderloop: [window 0x7f20c65f8630][render thread 0x7f20c0b174c0] syncAndRender: frame rendered in 6ms, sync=0, render=0, swap=6
2026-07-14 17:50:59.306 DEBUG qt.scenegraph.time.renderloop: [window 0x7f20c65f8630][render thread 0x7f20c0b174c0] syncAndRender: start, elapsed since last call: 6 ms
2026-07-14 17:50:59.306 DEBUG qt.scenegraph.time.renderloop: [window 0x7f20c65f8630][gui thread] Frame prepared, polish=0 ms, lock=0 ms, blockedForSync=0 ms, animations=0 ms
2026-07-14 17:50:59.306 DEBUG qt.scenegraph.time.renderer: time in renderer: total=0ms, preprocess=0, updates=0, rendering=0
2026-07-14 17:50:59.313 DEBUG qt.scenegraph.time.renderloop: [window 0x7f20c65f8630][gui thread] polishAndSync: start, elapsed since last call: 6 ms
2026-07-14 17:50:59.313 DEBUG qt.scenegraph.time.renderloop: [window 0x7f20c65f8630][render thread 0x7f20c0b174c0] syncAndRender: frame rendered in 6ms, sync=0, render=0, swap=6
2026-07-14 17:50:59.313 DEBUG qt.scenegraph.time.renderloop: [window 0x7f20c65f8630][render thread 0x7f20c0b174c0] syncAndRender: start, elapsed since last call: 6 ms
2026-07-14 17:50:59.313 DEBUG qt.scenegraph.time.renderloop: [window 0x7f20c65f8630][gui thread] Frame prepared, polish=0 ms, lock=0 ms, blockedForSync=0 ms, animations=0 ms
2026-07-14 17:50:59.313 DEBUG qt.scenegraph.time.renderer: time in renderer: total=0ms, preprocess=0, updates=0, rendering=0
2026-07-14 17:50:59.320 DEBUG qt.scenegraph.time.renderloop: [window 0x7f20c65f8630][gui thread] polishAndSync: start, elapsed since last call: 6 ms
2026-07-14 17:50:59.320 DEBUG qt.scenegraph.time.renderloop: [window 0x7f20c65f8630][render thread 0x7f20c0b174c0] syncAndRender: frame rendered in 6ms, sync=0, render=0, swap=6
2026-07-14 17:50:59.320 DEBUG qt.scenegraph.time.renderloop: [window 0x7f20c65f8630][render thread 0x7f20c0b174c0] syncAndRender: start, elapsed since last call: 7 ms
2026-07-14 17:50:59.320 DEBUG qt.scenegraph.time.renderloop: [window 0x7f20c65f8630][gui thread] Frame prepared, polish=0 ms, lock=0 ms, blockedForSync=0 ms, animations=0 ms
2026-07-14 17:50:59.320 DEBUG qt.scenegraph.time.renderer: time in renderer: total=0ms, preprocess=0, updates=0, rendering=0
2026-07-14 17:50:59.326 DEBUG qt.scenegraph.time.renderloop: [window 0x7f20c65f8630][gui thread] polishAndSync: start, elapsed since last call: 6 ms
2026-07-14 17:50:59.326 DEBUG qt.scenegraph.time.renderloop: [window 0x7f20c65f8630][render thread 0x7f20c0b174c0] syncAndRender: frame rendered in 6ms, sync=0, render=0, swap=6
2026-07-14 17:50:59.326 DEBUG qt.scenegraph.time.renderloop: [window 0x7f20c65f8630][render thread 0x7f20c0b174c0] syncAndRender: start, elapsed since last call: 6 ms
2026-07-14 17:50:59.327 DEBUG qt.scenegraph.time.renderloop: [window 0x7f20c65f8630][gui thread] Frame prepared, polish=0 ms, lock=0 ms, blockedForSync=0 ms, animations=0 ms
2026-07-14 17:50:59.327 DEBUG qt.scenegraph.time.renderer: time in renderer: total=0ms, preprocess=0, updates=0, rendering=0
2026-07-14 17:50:59.333 DEBUG qt.scenegraph.time.renderloop: [window 0x7f20c65f8630][gui thread] polishAndSync: start, elapsed since last call: 6 ms
2026-07-14 17:50:59.333 DEBUG qt.scenegraph.time.renderloop: [window 0x7f20c65f8630][render thread 0x7f20c0b174c0] syncAndRender: frame rendered in 6ms, sync=0, render=0, swap=6
2026-07-14 17:50:59.333 DEBUG qt.scenegraph.time.renderloop: [window 0x7f20c65f8630][render thread 0x7f20c0b174c0] syncAndRender: start, elapsed since last call: 6 ms
2026-07-14 17:50:59.333 DEBUG qt.scenegraph.time.renderloop: [window 0x7f20c65f8630][gui thread] Frame prepared, polish=0 ms, lock=0 ms, blockedForSync=0 ms, animations=0 ms
2026-07-14 17:50:59.333 DEBUG qt.scenegraph.time.renderer: time in renderer: total=0ms, preprocess=0, updates=0, rendering=0
2026-07-14 17:50:59.340 DEBUG qt.scenegraph.time.renderloop: [window 0x7f20c65f8630][render thread 0x7f20c0b174c0] syncAndRender: frame rendered in 6ms, sync=0, render=0, swap=6
2026-07-14 17:50:59.354 DEBUG qt.scenegraph.time.renderloop: [window 0x7f20c65f8630][gui thread] polishAndSync: start, elapsed since last call: 20 ms
2026-07-14 17:50:59.355 DEBUG qt.scenegraph.time.renderloop: [window 0x7f20c65f8630][render thread 0x7f20c0b174c0] syncAndRender: start, elapsed since last call: 21 ms
2026-07-14 17:50:59.355 DEBUG qt.scenegraph.time.renderloop: [window 0x7f20c65f8630][gui thread] Frame prepared, polish=0 ms, lock=0 ms, blockedForSync=0 ms, animations=0 ms
2026-07-14 17:50:59.355 DEBUG qt.scenegraph.time.renderer: time in renderer: total=0ms, preprocess=0, updates=0, rendering=0
2026-07-14 17:50:59.355 DEBUG qt.scenegraph.time.renderloop: [window 0x7f20c65f8630][render thread 0x7f20c0b174c0] syncAndRender: frame rendered in 0ms, sync=0, render=0, swap=0
2026-07-14 17:50:59.361 DEBUG qt.scenegraph.time.renderloop: [window 0x7f20c65f8630][gui thread] polishAndSync: start, elapsed since last call: 6 ms
2026-07-14 17:50:59.361 DEBUG qt.scenegraph.time.renderloop: [window 0x7f20c65f8630][render thread 0x7f20c0b174c0] syncAndRender: start, elapsed since last call: 6 ms
2026-07-14 17:50:59.361 DEBUG qt.scenegraph.time.renderloop: [window 0x7f20c65f8630][gui thread] Frame prepared, polish=0 ms, lock=0 ms, blockedForSync=0 ms, animations=0 ms
2026-07-14 17:50:59.361 DEBUG qt.scenegraph.time.renderer: time in renderer: total=0ms, preprocess=0, updates=0, rendering=0
2026-07-14 17:50:59.361 DEBUG qt.scenegraph.time.renderloop: [window 0x7f20c65f8630][render thread 0x7f20c0b174c0] syncAndRender: frame rendered in 0ms, sync=0, render=0, swap=0
2026-07-14 17:50:59.388 DEBUG qt.scenegraph.time.renderloop: [window 0x7f20c65f8630][gui thread] polishAndSync: start, elapsed since last call: 27 ms
2026-07-14 17:50:59.388 DEBUG qt.scenegraph.time.renderloop: [window 0x7f20c65f8630][render thread 0x7f20c0b174c0] syncAndRender: start, elapsed since last call: 27 ms
2026-07-14 17:50:59.388 DEBUG qt.scenegraph.time.renderloop: [window 0x7f20c65f8630][gui thread] Frame prepared, polish=0 ms, lock=0 ms, blockedForSync=0 ms, animations=0 ms
2026-07-14 17:50:59.389 DEBUG qt.scenegraph.time.renderer: time in renderer: total=0ms, preprocess=0, updates=0, rendering=0
2026-07-14 17:50:59.389 DEBUG qt.scenegraph.time.renderloop: [window 0x7f20c65f8630][render thread 0x7f20c0b174c0] syncAndRender: frame rendered in 0ms, sync=0, render=0, swap=0
2026-07-14 17:50:59.396 DEBUG qt.scenegraph.time.renderloop: [window 0x7f20c65f8630][gui thread] polishAndSync: start, elapsed since last call: 7 ms
2026-07-14 17:50:59.396 DEBUG qt.scenegraph.time.renderloop: [window 0x7f20c65f8630][render thread 0x7f20c0b174c0] syncAndRender: start, elapsed since last call: 7 ms
2026-07-14 17:50:59.396 DEBUG qt.scenegraph.time.renderloop: [window 0x7f20c65f8630][gui thread] Frame prepared, polish=0 ms, lock=0 ms, blockedForSync=0 ms, animations=0 ms
2026-07-14 17:50:59.396 DEBUG qt.scenegraph.time.renderer: time in renderer: total=0ms, preprocess=0, updates=0, rendering=0
2026-07-14 17:50:59.396 DEBUG qt.scenegraph.time.renderloop: [window 0x7f20c65f8630][render thread 0x7f20c0b174c0] syncAndRender: frame rendered in 0ms, sync=0, render=0, swap=0
2026-07-14 17:50:59.421 DEBUG qt.scenegraph.time.renderloop: [window 0x7f20c65f8630][gui thread] polishAndSync: start, elapsed since last call: 25 ms
2026-07-14 17:50:59.421 DEBUG qt.scenegraph.time.renderloop: [window 0x7f20c65f8630][render thread 0x7f20c0b174c0] syncAndRender: start, elapsed since last call: 25 ms
2026-07-14 17:50:59.421 DEBUG qt.scenegraph.time.renderloop: [window 0x7f20c65f8630][gui thread] Frame prepared, polish=0 ms, lock=0 ms, blockedForSync=0 ms, animations=0 ms
2026-07-14 17:50:59.421 DEBUG qt.scenegraph.time.renderer: time in renderer: total=0ms, preprocess=0, updates=0, rendering=0
2026-07-14 17:50:59.422 DEBUG qt.scenegraph.time.renderloop: [window 0x7f20c65f8630][render thread 0x7f20c0b174c0] syncAndRender: frame rendered in 0ms, sync=0, render=0, swap=0
2026-07-14 17:50:59.424 DEBUG qt.scenegraph.time.renderloop: [window 0x7f20c65f8630][gui thread] polishAndSync: start, elapsed since last call: 2 ms
2026-07-14 17:50:59.424 DEBUG qt.scenegraph.time.renderloop: [window 0x7f20c65f8630][render thread 0x7f20c0b174c0] syncAndRender: start, elapsed since last call: 2 ms
2026-07-14 17:50:59.424 DEBUG qt.scenegraph.time.renderloop: [window 0x7f20c65f8630][gui thread] Frame prepared, polish=0 ms, lock=0 ms, blockedForSync=0 ms, animations=0 ms
2026-07-14 17:50:59.424 DEBUG qt.scenegraph.time.renderer: time in renderer: total=0ms, preprocess=0, updates=0, rendering=0
2026-07-14 17:50:59.424 DEBUG qt.scenegraph.time.renderloop: [window 0x7f20c65f8630][render thread 0x7f20c0b174c0] syncAndRender: frame rendered in 0ms, sync=0, render=0, swap=0
2026-07-14 17:50:59.454 DEBUG qt.scenegraph.time.renderloop: [window 0x7f20c65f8630][gui thread] polishAndSync: start, elapsed since last call: 30 ms
2026-07-14 17:50:59.454 DEBUG qt.scenegraph.time.renderloop: [window 0x7f20c65f8630][render thread 0x7f20c0b174c0] syncAndRender: start, elapsed since last call: 30 ms
2026-07-14 17:50:59.454 DEBUG qt.scenegraph.time.renderloop: [window 0x7f20c65f8630][gui thread] Frame prepared, polish=0 ms, lock=0 ms, blockedForSync=0 ms, animations=0 ms
2026-07-14 17:50:59.454 DEBUG qt.scenegraph.time.renderer: time in renderer: total=0ms, preprocess=0, updates=0, rendering=0
2026-07-14 17:50:59.454 DEBUG qt.scenegraph.time.renderloop: [window 0x7f20c65f8630][render thread 0x7f20c0b174c0] syncAndRender: frame rendered in 0ms, sync=0, render=0, swap=0
2026-07-14 17:50:59.459 DEBUG qt.scenegraph.time.renderloop: [window 0x7f20c65f8630][gui thread] polishAndSync: start, elapsed since last call: 4 ms
2026-07-14 17:50:59.459 DEBUG qt.scenegraph.time.renderloop: [window 0x7f20c65f8630][render thread 0x7f20c0b174c0] syncAndRender: start, elapsed since last call: 4 ms
2026-07-14 17:50:59.459 DEBUG qt.scenegraph.time.renderloop: [window 0x7f20c65f8630][gui thread] Frame prepared, polish=0 ms, lock=0 ms, blockedForSync=0 ms, animations=0 ms
2026-07-14 17:50:59.459 DEBUG qt.scenegraph.time.renderer: time in renderer: total=0ms, preprocess=0, updates=0, rendering=0
2026-07-14 17:50:59.459 DEBUG qt.scenegraph.time.renderloop: [window 0x7f20c65f8630][render thread 0x7f20c0b174c0] syncAndRender: frame rendered in 0ms, sync=0, render=0, swap=0
2026-07-14 17:50:59.487 DEBUG qt.scenegraph.time.renderloop: [window 0x7f20c65f8630][gui thread] polishAndSync: start, elapsed since last call: 28 ms
2026-07-14 17:50:59.487 DEBUG qt.scenegraph.time.renderloop: [window 0x7f20c65f8630][render thread 0x7f20c0b174c0] syncAndRender: start, elapsed since last call: 28 ms
2026-07-14 17:50:59.487 DEBUG qt.scenegraph.time.renderloop: [window 0x7f20c65f8630][gui thread] Frame prepared, polish=0 ms, lock=0 ms, blockedForSync=0 ms, animations=0 ms
2026-07-14 17:50:59.487 DEBUG qt.scenegraph.time.renderer: time in renderer: total=0ms, preprocess=0, updates=0, rendering=0
2026-07-14 17:50:59.487 DEBUG qt.scenegraph.time.renderloop: [window 0x7f20c65f8630][render thread 0x7f20c0b174c0] syncAndRender: frame rendered in 0ms, sync=0, render=0, swap=0
2026-07-14 17:50:59.493 DEBUG qt.scenegraph.time.renderloop: [window 0x7f20c65f8630][gui thread] polishAndSync: start, elapsed since last call: 6 ms
2026-07-14 17:50:59.493 DEBUG qt.scenegraph.time.renderloop: [window 0x7f20c65f8630][render thread 0x7f20c0b174c0] syncAndRender: start, elapsed since last call: 6 ms
2026-07-14 17:50:59.493 DEBUG qt.scenegraph.time.renderloop: [window 0x7f20c65f8630][gui thread] Frame prepared, polish=0 ms, lock=0 ms, blockedForSync=0 ms, animations=0 ms
2026-07-14 17:50:59.493 DEBUG qt.scenegraph.time.renderer: time in renderer: total=0ms, preprocess=0, updates=0, rendering=0
2026-07-14 17:50:59.494 DEBUG qt.scenegraph.time.renderloop: [window 0x7f20c65f8630][render thread 0x7f20c0b174c0] syncAndRender: frame rendered in 0ms, sync=0, render=0, swap=0
2026-07-14 17:50:59.520 DEBUG qt.scenegraph.time.renderloop: [window 0x7f20c65f8630][gui thread] polishAndSync: start, elapsed since last call: 27 ms
2026-07-14 17:50:59.521 DEBUG qt.scenegraph.time.renderloop: [window 0x7f20c65f8630][render thread 0x7f20c0b174c0] syncAndRender: start, elapsed since last call: 27 ms
2026-07-14 17:50:59.521 DEBUG qt.scenegraph.time.renderloop: [window 0x7f20c65f8630][gui thread] Frame prepared, polish=0 ms, lock=0 ms, blockedForSync=0 ms, animations=0 ms
2026-07-14 17:50:59.521 DEBUG qt.scenegraph.time.renderer: time in renderer: total=0ms, preprocess=0, updates=0, rendering=0
2026-07-14 17:50:59.521 DEBUG qt.scenegraph.time.renderloop: [window 0x7f20c65f8630][render thread 0x7f20c0b174c0] syncAndRender: frame rendered in 0ms, sync=0, render=0, swap=0
2026-07-14 17:50:59.528 DEBUG qt.scenegraph.time.renderloop: [window 0x7f20c65f8630][gui thread] polishAndSync: start, elapsed since last call: 7 ms
2026-07-14 17:50:59.528 DEBUG qt.scenegraph.time.renderloop: [window 0x7f20c65f8630][render thread 0x7f20c0b174c0] syncAndRender: start, elapsed since last call: 7 ms
2026-07-14 17:50:59.528 DEBUG qt.scenegraph.time.renderloop: [window 0x7f20c65f8630][gui thread] Frame prepared, polish=0 ms, lock=0 ms, blockedForSync=0 ms, animations=0 ms
2026-07-14 17:50:59.528 DEBUG qt.scenegraph.time.renderer: time in renderer: total=0ms, preprocess=0, updates=0, rendering=0
2026-07-14 17:50:59.528 DEBUG qt.scenegraph.time.renderloop: [window 0x7f20c65f8630][render thread 0x7f20c0b174c0] syncAndRender: frame rendered in 0ms, sync=0, render=0, swap=0
2026-07-14 17:50:59.553 DEBUG qt.scenegraph.time.renderloop: [window 0x7f20c65f8630][gui thread] polishAndSync: start, elapsed since last call: 25 ms
2026-07-14 17:50:59.553 DEBUG qt.scenegraph.time.renderloop: [window 0x7f20c65f8630][render thread 0x7f20c0b174c0] syncAndRender: start, elapsed since last call: 25 ms
2026-07-14 17:50:59.553 DEBUG qt.scenegraph.time.renderloop: [window 0x7f20c65f8630][gui thread] Frame prepared, polish=0 ms, lock=0 ms, blockedForSync=0 ms, animations=0 ms
2026-07-14 17:50:59.553 DEBUG qt.scenegraph.time.renderer: time in renderer: total=0ms, preprocess=0, updates=0, rendering=0
2026-07-14 17:50:59.554 DEBUG qt.scenegraph.time.renderloop: [window 0x7f20c65f8630][render thread 0x7f20c0b174c0] syncAndRender: frame rendered in 0ms, sync=0, render=0, swap=0
2026-07-14 17:50:59.556 DEBUG qt.scenegraph.time.renderloop: [window 0x7f20c65f8630][gui thread] polishAndSync: start, elapsed since last call: 2 ms
2026-07-14 17:50:59.556 DEBUG qt.scenegraph.time.renderloop: [window 0x7f20c65f8630][render thread 0x7f20c0b174c0] syncAndRender: start, elapsed since last call: 2 ms
2026-07-14 17:50:59.556 DEBUG qt.scenegraph.time.renderloop: [window 0x7f20c65f8630][gui thread] Frame prepared, polish=0 ms, lock=0 ms, blockedForSync=0 ms, animations=0 ms
2026-07-14 17:50:59.556 DEBUG qt.scenegraph.time.renderer: time in renderer: total=0ms, preprocess=0, updates=0, rendering=0
2026-07-14 17:50:59.556 DEBUG qt.scenegraph.time.renderloop: [window 0x7f20c65f8630][render thread 0x7f20c0b174c0] syncAndRender: frame rendered in 0ms, sync=0, render=0, swap=0
2026-07-14 17:50:59.586 DEBUG qt.scenegraph.time.renderloop: [window 0x7f20c65f8630][gui thread] polishAndSync: start, elapsed since last call: 29 ms
2026-07-14 17:50:59.586 DEBUG qt.scenegraph.time.renderloop: [window 0x7f20c65f8630][render thread 0x7f20c0b174c0] syncAndRender: start, elapsed since last call: 30 ms
2026-07-14 17:50:59.586 DEBUG qt.scenegraph.time.renderloop: [window 0x7f20c65f8630][gui thread] Frame prepared, polish=0 ms, lock=0 ms, blockedForSync=0 ms, animations=0 ms
2026-07-14 17:50:59.586 DEBUG qt.scenegraph.time.renderer: time in renderer: total=0ms, preprocess=0, updates=0, rendering=0
2026-07-14 17:50:59.586 DEBUG qt.scenegraph.time.renderloop: [window 0x7f20c65f8630][render thread 0x7f20c0b174c0] syncAndRender: frame rendered in 0ms, sync=0, render=0, swap=0
2026-07-14 17:50:59.591 DEBUG qt.scenegraph.time.renderloop: [window 0x7f20c65f8630][gui thread] polishAndSync: start, elapsed since last call: 4 ms
2026-07-14 17:50:59.591 DEBUG qt.scenegraph.time.renderloop: [window 0x7f20c65f8630][render thread 0x7f20c0b174c0] syncAndRender: start, elapsed since last call: 4 ms
2026-07-14 17:50:59.591 DEBUG qt.scenegraph.time.renderloop: [window 0x7f20c65f8630][gui thread] Frame prepared, polish=0 ms, lock=0 ms, blockedForSync=0 ms, animations=0 ms
2026-07-14 17:50:59.591 DEBUG qt.scenegraph.time.renderer: time in renderer: total=0ms, preprocess=0, updates=0, rendering=0
2026-07-14 17:50:59.591 DEBUG qt.scenegraph.time.renderloop: [window 0x7f20c65f8630][render thread 0x7f20c0b174c0] syncAndRender: frame rendered in 0ms, sync=0, render=0, swap=0
2026-07-14 17:50:59.619 DEBUG qt.scenegraph.time.renderloop: [window 0x7f20c65f8630][gui thread] polishAndSync: start, elapsed since last call: 28 ms
2026-07-14 17:50:59.619 DEBUG qt.scenegraph.time.renderloop: [window 0x7f20c65f8630][render thread 0x7f20c0b174c0] syncAndRender: start, elapsed since last call: 28 ms
2026-07-14 17:50:59.619 DEBUG qt.scenegraph.time.renderloop: [window 0x7f20c65f8630][gui thread] Frame prepared, polish=0 ms, lock=0 ms, blockedForSync=0 ms, animations=0 ms
2026-07-14 17:50:59.619 DEBUG qt.scenegraph.time.renderer: time in renderer: total=0ms, preprocess=0, updates=0, rendering=0
2026-07-14 17:50:59.619 DEBUG qt.scenegraph.time.renderloop: [window 0x7f20c65f8630][render thread 0x7f20c0b174c0] syncAndRender: frame rendered in 0ms, sync=0, render=0, swap=0
2026-07-14 17:50:59.625 DEBUG qt.scenegraph.time.renderloop: [window 0x7f20c65f8630][gui thread] polishAndSync: start, elapsed since last call: 6 ms
2026-07-14 17:50:59.625 DEBUG qt.scenegraph.time.renderloop: [window 0x7f20c65f8630][render thread 0x7f20c0b174c0] syncAndRender: start, elapsed since last call: 6 ms
2026-07-14 17:50:59.625 DEBUG qt.scenegraph.time.renderloop: [window 0x7f20c65f8630][gui thread] Frame prepared, polish=0 ms, lock=0 ms, blockedForSync=0 ms, animations=0 ms
2026-07-14 17:50:59.625 DEBUG qt.scenegraph.time.renderer: time in renderer: total=0ms, preprocess=0, updates=0, rendering=0
2026-07-14 17:50:59.626 DEBUG qt.scenegraph.time.renderloop: [window 0x7f20c65f8630][render thread 0x7f20c0b174c0] syncAndRender: frame rendered in 0ms, sync=0, render=0, swap=0
2026-07-14 17:50:59.652 DEBUG qt.scenegraph.time.renderloop: [window 0x7f20c65f8630][gui thread] polishAndSync: start, elapsed since last call: 26 ms
2026-07-14 17:50:59.653 DEBUG qt.scenegraph.time.renderloop: [window 0x7f20c65f8630][render thread 0x7f20c0b174c0] syncAndRender: start, elapsed since last call: 27 ms
2026-07-14 17:50:59.653 DEBUG qt.scenegraph.time.renderloop: [window 0x7f20c65f8630][gui thread] Frame prepared, polish=0 ms, lock=0 ms, blockedForSync=0 ms, animations=0 ms
2026-07-14 17:50:59.653 DEBUG qt.scenegraph.time.renderer: time in renderer: total=0ms, preprocess=0, updates=0, rendering=0
2026-07-14 17:50:59.653 DEBUG qt.scenegraph.time.renderloop: [window 0x7f20c65f8630][render thread 0x7f20c0b174c0] syncAndRender: frame rendered in 0ms, sync=0, render=0, swap=0
2026-07-14 17:50:59.653 DEBUG qt.scenegraph.time.renderloop: [window 0x7f20c65f8630][gui thread] polishAndSync: start, elapsed since last call: 0 ms
2026-07-14 17:50:59.653 DEBUG qt.scenegraph.time.renderloop: [window 0x7f20c65f8630][render thread 0x7f20c0b174c0] syncAndRender: start, elapsed since last call: 0 ms
2026-07-14 17:50:59.653 DEBUG qt.scenegraph.time.renderloop: [window 0x7f20c65f8630][gui thread] Frame prepared, polish=0 ms, lock=0 ms, blockedForSync=0 ms, animations=0 ms
2026-07-14 17:50:59.653 DEBUG qt.scenegraph.time.renderer: time in renderer: total=0ms, preprocess=0, updates=0, rendering=0
2026-07-14 17:50:59.653 DEBUG qt.scenegraph.time.renderloop: [window 0x7f20c65f8630][render thread 0x7f20c0b174c0] syncAndRender: frame rendered in 0ms, sync=0, render=0, swap=0
2026-07-14 17:50:59.685 DEBUG qt.scenegraph.time.renderloop: [window 0x7f20c65f8630][gui thread] polishAndSync: start, elapsed since last call: 32 ms
2026-07-14 17:50:59.685 DEBUG qt.scenegraph.time.renderloop: [window 0x7f20c65f8630][render thread 0x7f20c0b174c0] syncAndRender: start, elapsed since last call: 32 ms
2026-07-14 17:50:59.685 DEBUG qt.scenegraph.time.renderloop: [window 0x7f20c65f8630][gui thread] Frame prepared, polish=0 ms, lock=0 ms, blockedForSync=0 ms, animations=0 ms
2026-07-14 17:50:59.685 DEBUG qt.scenegraph.time.renderer: time in renderer: total=0ms, preprocess=0, updates=0, rendering=0
2026-07-14 17:50:59.686 DEBUG qt.scenegraph.time.renderloop: [window 0x7f20c65f8630][render thread 0x7f20c0b174c0] syncAndRender: frame rendered in 0ms, sync=0, render=0, swap=0
2026-07-14 17:50:59.688 DEBUG qt.scenegraph.time.renderloop: [window 0x7f20c65f8630][gui thread] polishAndSync: start, elapsed since last call: 2 ms
2026-07-14 17:50:59.688 DEBUG qt.scenegraph.time.renderloop: [window 0x7f20c65f8630][render thread 0x7f20c0b174c0] syncAndRender: start, elapsed since last call: 2 ms
2026-07-14 17:50:59.688 DEBUG qt.scenegraph.time.renderloop: [window 0x7f20c65f8630][gui thread] Frame prepared, polish=0 ms, lock=0 ms, blockedForSync=0 ms, animations=0 ms
2026-07-14 17:50:59.688 DEBUG qt.scenegraph.time.renderer: time in renderer: total=0ms, preprocess=0, updates=0, rendering=0
2026-07-14 17:50:59.688 DEBUG qt.scenegraph.time.renderloop: [window 0x7f20c65f8630][render thread 0x7f20c0b174c0] syncAndRender: frame rendered in 0ms, sync=0, render=0, swap=0
2026-07-14 17:50:59.718 DEBUG qt.scenegraph.time.renderloop: [window 0x7f20c65f8630][gui thread] polishAndSync: start, elapsed since last call: 30 ms
2026-07-14 17:50:59.718 DEBUG qt.scenegraph.time.renderloop: [window 0x7f20c65f8630][render thread 0x7f20c0b174c0] syncAndRender: start, elapsed since last call: 30 ms
2026-07-14 17:50:59.718 DEBUG qt.scenegraph.time.renderloop: [window 0x7f20c65f8630][gui thread] Frame prepared, polish=0 ms, lock=0 ms, blockedForSync=0 ms, animations=0 ms
2026-07-14 17:50:59.718 DEBUG qt.scenegraph.time.renderer: time in renderer: total=0ms, preprocess=0, updates=0, rendering=0
2026-07-14 17:50:59.719 DEBUG qt.scenegraph.time.renderloop: [window 0x7f20c65f8630][render thread 0x7f20c0b174c0] syncAndRender: frame rendered in 0ms, sync=0, render=0, swap=0
2026-07-14 17:50:59.723 DEBUG qt.scenegraph.time.renderloop: [window 0x7f20c65f8630][gui thread] polishAndSync: start, elapsed since last call: 4 ms
2026-07-14 17:50:59.723 DEBUG qt.scenegraph.time.renderloop: [window 0x7f20c65f8630][render thread 0x7f20c0b174c0] syncAndRender: start, elapsed since last call: 4 ms
2026-07-14 17:50:59.723 DEBUG qt.scenegraph.time.renderloop: [window 0x7f20c65f8630][gui thread] Frame prepared, polish=0 ms, lock=0 ms, blockedForSync=0 ms, animations=0 ms
2026-07-14 17:50:59.723 DEBUG qt.scenegraph.time.renderer: time in renderer: total=0ms, preprocess=0, updates=0, rendering=0
2026-07-14 17:50:59.723 DEBUG qt.scenegraph.time.renderloop: [window 0x7f20c65f8630][render thread 0x7f20c0b174c0] syncAndRender: frame rendered in 0ms, sync=0, render=0, swap=0
2026-07-14 17:50:59.751 DEBUG qt.scenegraph.time.renderloop: [window 0x7f20c65f8630][gui thread] polishAndSync: start, elapsed since last call: 28 ms
2026-07-14 17:50:59.751 DEBUG qt.scenegraph.time.renderloop: [window 0x7f20c65f8630][render thread 0x7f20c0b174c0] syncAndRender: start, elapsed since last call: 28 ms
2026-07-14 17:50:59.751 DEBUG qt.scenegraph.time.renderloop: [window 0x7f20c65f8630][gui thread] Frame prepared, polish=0 ms, lock=0 ms, blockedForSync=0 ms, animations=0 ms
2026-07-14 17:50:59.751 DEBUG qt.scenegraph.time.renderer: time in renderer: total=0ms, preprocess=0, updates=0, rendering=0
2026-07-14 17:50:59.751 DEBUG qt.scenegraph.time.renderloop: [window 0x7f20c65f8630][render thread 0x7f20c0b174c0] syncAndRender: frame rendered in 0ms, sync=0, render=0, swap=0
2026-07-14 17:50:59.757 DEBUG qt.scenegraph.time.renderloop: [window 0x7f20c65f8630][gui thread] polishAndSync: start, elapsed since last call: 6 ms
2026-07-14 17:50:59.757 DEBUG qt.scenegraph.time.renderloop: [window 0x7f20c65f8630][render thread 0x7f20c0b174c0] syncAndRender: start, elapsed since last call: 6 ms
2026-07-14 17:50:59.757 DEBUG qt.scenegraph.time.renderloop: [window 0x7f20c65f8630][gui thread] Frame prepared, polish=0 ms, lock=0 ms, blockedForSync=0 ms, animations=0 ms
2026-07-14 17:50:59.758 DEBUG qt.scenegraph.time.renderer: time in renderer: total=0ms, preprocess=0, updates=0, rendering=0
2026-07-14 17:50:59.758 DEBUG qt.scenegraph.time.renderloop: [window 0x7f20c65f8630][render thread 0x7f20c0b174c0] syncAndRender: frame rendered in 0ms, sync=0, render=0, swap=0
2026-07-14 17:50:59.784 DEBUG qt.scenegraph.time.renderloop: [window 0x7f20c65f8630][gui thread] polishAndSync: start, elapsed since last call: 26 ms
2026-07-14 17:50:59.785 DEBUG qt.scenegraph.time.renderloop: [window 0x7f20c65f8630][render thread 0x7f20c0b174c0] syncAndRender: start, elapsed since last call: 27 ms
2026-07-14 17:50:59.785 DEBUG qt.scenegraph.time.renderloop: [window 0x7f20c65f8630][gui thread] Frame prepared, polish=0 ms, lock=0 ms, blockedForSync=0 ms, animations=0 ms
2026-07-14 17:50:59.785 DEBUG qt.scenegraph.time.renderer: time in renderer: total=0ms, preprocess=0, updates=0, rendering=0
2026-07-14 17:50:59.785 DEBUG qt.scenegraph.time.renderloop: [window 0x7f20c65f8630][render thread 0x7f20c0b174c0] syncAndRender: frame rendered in 0ms, sync=0, render=0, swap=0
2026-07-14 17:50:59.792 DEBUG qt.scenegraph.time.renderloop: [window 0x7f20c65f8630][gui thread] polishAndSync: start, elapsed since last call: 7 ms
2026-07-14 17:50:59.792 DEBUG qt.scenegraph.time.renderloop: [window 0x7f20c65f8630][render thread 0x7f20c0b174c0] syncAndRender: start, elapsed since last call: 7 ms
2026-07-14 17:50:59.792 DEBUG qt.scenegraph.time.renderloop: [window 0x7f20c65f8630][gui thread] Frame prepared, polish=0 ms, lock=0 ms, blockedForSync=0 ms, animations=0 ms
2026-07-14 17:50:59.792 DEBUG qt.scenegraph.time.renderer: time in renderer: total=0ms, preprocess=0, updates=0, rendering=0
2026-07-14 17:50:59.792 DEBUG qt.scenegraph.time.renderloop: [window 0x7f20c65f8630][render thread 0x7f20c0b174c0] syncAndRender: frame rendered in 0ms, sync=0, render=0, swap=0
2026-07-14 17:50:59.817 DEBUG qt.scenegraph.time.renderloop: [window 0x7f20c65f8630][gui thread] polishAndSync: start, elapsed since last call: 25 ms
2026-07-14 17:50:59.817 DEBUG qt.scenegraph.time.renderloop: [window 0x7f20c65f8630][render thread 0x7f20c0b174c0] syncAndRender: start, elapsed since last call: 25 ms
2026-07-14 17:50:59.817 DEBUG qt.scenegraph.time.renderloop: [window 0x7f20c65f8630][gui thread] Frame prepared, polish=0 ms, lock=0 ms, blockedForSync=0 ms, animations=0 ms
2026-07-14 17:50:59.817 DEBUG qt.scenegraph.time.renderer: time in renderer: total=0ms, preprocess=0, updates=0, rendering=0
2026-07-14 17:50:59.818 DEBUG qt.scenegraph.time.renderloop: [window 0x7f20c65f8630][render thread 0x7f20c0b174c0] syncAndRender: frame rendered in 0ms, sync=0, render=0, swap=0
2026-07-14 17:50:59.820 DEBUG qt.scenegraph.time.renderloop: [window 0x7f20c65f8630][gui thread] polishAndSync: start, elapsed since last call: 2 ms
2026-07-14 17:50:59.820 DEBUG qt.scenegraph.time.renderloop: [window 0x7f20c65f8630][render thread 0x7f20c0b174c0] syncAndRender: start, elapsed since last call: 2 ms
2026-07-14 17:50:59.820 DEBUG qt.scenegraph.time.renderloop: [window 0x7f20c65f8630][gui thread] Frame prepared, polish=0 ms, lock=0 ms, blockedForSync=0 ms, animations=0 ms
2026-07-14 17:50:59.820 DEBUG qt.scenegraph.time.renderer: time in renderer: total=0ms, preprocess=0, updates=0, rendering=0
2026-07-14 17:50:59.820 DEBUG qt.scenegraph.time.renderloop: [window 0x7f20c65f8630][render thread 0x7f20c0b174c0] syncAndRender: frame rendered in 0ms, sync=0, render=0, swap=0
2026-07-14 17:50:59.850 DEBUG qt.scenegraph.time.renderloop: [window 0x7f20c65f8630][gui thread] polishAndSync: start, elapsed since last call: 30 ms
2026-07-14 17:50:59.850 DEBUG qt.scenegraph.time.renderloop: [window 0x7f20c65f8630][render thread 0x7f20c0b174c0] syncAndRender: start, elapsed since last call: 30 ms
2026-07-14 17:50:59.850 DEBUG qt.scenegraph.time.renderloop: [window 0x7f20c65f8630][gui thread] Frame prepared, polish=0 ms, lock=0 ms, blockedForSync=0 ms, animations=0 ms
2026-07-14 17:50:59.850 DEBUG qt.scenegraph.time.renderer: time in renderer: total=0ms, preprocess=0, updates=0, rendering=0
2026-07-14 17:50:59.850 DEBUG qt.scenegraph.time.renderloop: [window 0x7f20c65f8630][render thread 0x7f20c0b174c0] syncAndRender: frame rendered in 0ms, sync=0, render=0, swap=0
2026-07-14 17:50:59.855 DEBUG qt.scenegraph.time.renderloop: [window 0x7f20c65f8630][gui thread] polishAndSync: start, elapsed since last call: 4 ms
2026-07-14 17:50:59.855 DEBUG qt.scenegraph.time.renderloop: [window 0x7f20c65f8630][render thread 0x7f20c0b174c0] syncAndRender: start, elapsed since last call: 4 ms
2026-07-14 17:50:59.855 DEBUG qt.scenegraph.time.renderloop: [window 0x7f20c65f8630][gui thread] Frame prepared, polish=0 ms, lock=0 ms, blockedForSync=0 ms, animations=0 ms
2026-07-14 17:50:59.855 DEBUG qt.scenegraph.time.renderer: time in renderer: total=0ms, preprocess=0, updates=0, rendering=0
2026-07-14 17:50:59.855 DEBUG qt.scenegraph.time.renderloop: [window 0x7f20c65f8630][render thread 0x7f20c0b174c0] syncAndRender: frame rendered in 0ms, sync=0, render=0, swap=0
2026-07-14 17:50:59.883 DEBUG qt.scenegraph.time.renderloop: [window 0x7f20c65f8630][gui thread] polishAndSync: start, elapsed since last call: 28 ms
2026-07-14 17:50:59.883 DEBUG qt.scenegraph.time.renderloop: [window 0x7f20c65f8630][render thread 0x7f20c0b174c0] syncAndRender: start, elapsed since last call: 28 ms
2026-07-14 17:50:59.883 DEBUG qt.scenegraph.time.renderloop: [window 0x7f20c65f8630][gui thread] Frame prepared, polish=0 ms, lock=0 ms, blockedForSync=0 ms, animations=0 ms
2026-07-14 17:50:59.883 DEBUG qt.scenegraph.time.renderer: time in renderer: total=0ms, preprocess=0, updates=0, rendering=0
2026-07-14 17:50:59.883 DEBUG qt.scenegraph.time.renderloop: [window 0x7f20c65f8630][render thread 0x7f20c0b174c0] syncAndRender: frame rendered in 0ms, sync=0, render=0, swap=0
2026-07-14 17:50:59.889 DEBUG qt.scenegraph.time.renderloop: [window 0x7f20c65f8630][gui thread] polishAndSync: start, elapsed since last call: 6 ms
2026-07-14 17:50:59.889 DEBUG qt.scenegraph.time.renderloop: [window 0x7f20c65f8630][render thread 0x7f20c0b174c0] syncAndRender: start, elapsed since last call: 6 ms
2026-07-14 17:50:59.890 DEBUG qt.scenegraph.time.renderloop: [window 0x7f20c65f8630][gui thread] Frame prepared, polish=0 ms, lock=0 ms, blockedForSync=0 ms, animations=0 ms
2026-07-14 17:50:59.890 DEBUG qt.scenegraph.time.renderer: time in renderer: total=0ms, preprocess=0, updates=0, rendering=0
2026-07-14 17:50:59.890 DEBUG qt.scenegraph.time.renderloop: [window 0x7f20c65f8630][render thread 0x7f20c0b174c0] syncAndRender: frame rendered in 0ms, sync=0, render=0, swap=0
2026-07-14 17:50:59.916 DEBUG qt.scenegraph.time.renderloop: [window 0x7f20c65f8630][gui thread] polishAndSync: start, elapsed since last call: 26 ms
2026-07-14 17:50:59.917 DEBUG qt.scenegraph.time.renderloop: [window 0x7f20c65f8630][render thread 0x7f20c0b174c0] syncAndRender: start, elapsed since last call: 27 ms
2026-07-14 17:50:59.917 DEBUG qt.scenegraph.time.renderloop: [window 0x7f20c65f8630][gui thread] Frame prepared, polish=0 ms, lock=0 ms, blockedForSync=0 ms, animations=0 ms
2026-07-14 17:50:59.917 DEBUG qt.scenegraph.time.renderer: time in renderer: total=0ms, preprocess=0, updates=0, rendering=0
2026-07-14 17:50:59.917 DEBUG qt.scenegraph.time.renderloop: [window 0x7f20c65f8630][render thread 0x7f20c0b174c0] syncAndRender: frame rendered in 0ms, sync=0, render=0, swap=0
2026-07-14 17:50:59.924 DEBUG qt.scenegraph.time.renderloop: [window 0x7f20c65f8630][gui thread] polishAndSync: start, elapsed since last call: 7 ms
2026-07-14 17:50:59.924 DEBUG qt.scenegraph.time.renderloop: [window 0x7f20c65f8630][render thread 0x7f20c0b174c0] syncAndRender: start, elapsed since last call: 7 ms
2026-07-14 17:50:59.924 DEBUG qt.scenegraph.time.renderloop: [window 0x7f20c65f8630][gui thread] Frame prepared, polish=0 ms, lock=0 ms, blockedForSync=0 ms, animations=0 ms
2026-07-14 17:50:59.924 DEBUG qt.scenegraph.time.renderer: time in renderer: total=0ms, preprocess=0, updates=0, rendering=0
2026-07-14 17:50:59.924 DEBUG qt.scenegraph.time.renderloop: [window 0x7f20c65f8630][render thread 0x7f20c0b174c0] syncAndRender: frame rendered in 0ms, sync=0, render=0, swap=0
2026-07-14 17:50:59.949 DEBUG qt.scenegraph.time.renderloop: [window 0x7f20c65f8630][gui thread] polishAndSync: start, elapsed since last call: 25 ms
2026-07-14 17:50:59.949 DEBUG qt.scenegraph.time.renderloop: [window 0x7f20c65f8630][render thread 0x7f20c0b174c0] syncAndRender: start, elapsed since last call: 25 ms
2026-07-14 17:50:59.950 DEBUG qt.scenegraph.time.renderloop: [window 0x7f20c65f8630][gui thread] Frame prepared, polish=0 ms, lock=0 ms, blockedForSync=0 ms, animations=0 ms
2026-07-14 17:50:59.950 DEBUG qt.scenegraph.time.renderer: time in renderer: total=0ms, preprocess=0, updates=0, rendering=0
2026-07-14 17:50:59.950 DEBUG qt.scenegraph.time.renderloop: [window 0x7f20c65f8630][render thread 0x7f20c0b174c0] syncAndRender: frame rendered in 0ms, sync=0, render=0, swap=0
2026-07-14 17:50:59.952 DEBUG qt.scenegraph.time.renderloop: [window 0x7f20c65f8630][gui thread] polishAndSync: start, elapsed since last call: 2 ms
2026-07-14 17:50:59.952 DEBUG qt.scenegraph.time.renderloop: [window 0x7f20c65f8630][render thread 0x7f20c0b174c0] syncAndRender: start, elapsed since last call: 2 ms
2026-07-14 17:50:59.952 DEBUG qt.scenegraph.time.renderloop: [window 0x7f20c65f8630][gui thread] Frame prepared, polish=0 ms, lock=0 ms, blockedForSync=0 ms, animations=0 ms
2026-07-14 17:50:59.952 DEBUG qt.scenegraph.time.renderer: time in renderer: total=0ms, preprocess=0, updates=0, rendering=0
2026-07-14 17:50:59.952 DEBUG qt.scenegraph.time.renderloop: [window 0x7f20c65f8630][render thread 0x7f20c0b174c0] syncAndRender: frame rendered in 0ms, sync=0, render=0, swap=0
2026-07-14 17:50:59.982 DEBUG qt.scenegraph.time.renderloop: [window 0x7f20c65f8630][gui thread] polishAndSync: start, elapsed since last call: 30 ms
2026-07-14 17:50:59.982 DEBUG qt.scenegraph.time.renderloop: [window 0x7f20c65f8630][render thread 0x7f20c0b174c0] syncAndRender: start, elapsed since last call: 30 ms
2026-07-14 17:50:59.982 DEBUG qt.scenegraph.time.renderloop: [window 0x7f20c65f8630][gui thread] Frame prepared, polish=0 ms, lock=0 ms, blockedForSync=0 ms, animations=0 ms
2026-07-14 17:50:59.983 DEBUG qt.scenegraph.time.renderer: time in renderer: total=0ms, preprocess=0, updates=0, rendering=0
2026-07-14 17:50:59.983 DEBUG qt.scenegraph.time.renderloop: [window 0x7f20c65f8630][render thread 0x7f20c0b174c0] syncAndRender: frame rendered in 0ms, sync=0, render=0, swap=0
2026-07-14 17:50:59.987 DEBUG qt.scenegraph.time.renderloop: [window 0x7f20c65f8630][gui thread] polishAndSync: start, elapsed since last call: 4 ms
2026-07-14 17:50:59.987 DEBUG qt.scenegraph.time.renderloop: [window 0x7f20c65f8630][render thread 0x7f20c0b174c0] syncAndRender: start, elapsed since last call: 4 ms
2026-07-14 17:50:59.987 DEBUG qt.scenegraph.time.renderloop: [window 0x7f20c65f8630][gui thread] Frame prepared, polish=0 ms, lock=0 ms, blockedForSync=0 ms, animations=0 ms
2026-07-14 17:50:59.987 DEBUG qt.scenegraph.time.renderer: time in renderer: total=0ms, preprocess=0, updates=0, rendering=0
2026-07-14 17:50:59.987 DEBUG qt.scenegraph.time.renderloop: [window 0x7f20c65f8630][render thread 0x7f20c0b174c0] syncAndRender: frame rendered in 0ms, sync=0, render=0, swap=0
2026-07-14 17:51:00.015 DEBUG qt.scenegraph.time.renderloop: [window 0x7f20c65f8630][gui thread] polishAndSync: start, elapsed since last call: 28 ms
2026-07-14 17:51:00.015 DEBUG qt.scenegraph.time.renderloop: [window 0x7f20c65f8630][render thread 0x7f20c0b174c0] syncAndRender: start, elapsed since last call: 28 ms
2026-07-14 17:51:00.015 DEBUG qt.scenegraph.time.renderloop: [window 0x7f20c65f8630][gui thread] Frame prepared, polish=0 ms, lock=0 ms, blockedForSync=0 ms, animations=0 ms
2026-07-14 17:51:00.015 DEBUG qt.scenegraph.time.renderer: time in renderer: total=0ms, preprocess=0, updates=0, rendering=0
2026-07-14 17:51:00.015 DEBUG qt.scenegraph.time.renderloop: [window 0x7f20c65f8630][render thread 0x7f20c0b174c0] syncAndRender: frame rendered in 0ms, sync=0, render=0, swap=0
2026-07-14 17:51:00.021 DEBUG qt.scenegraph.time.renderloop: [window 0x7f20c65f8630][gui thread] polishAndSync: start, elapsed since last call: 6 ms
2026-07-14 17:51:00.021 DEBUG qt.scenegraph.time.renderloop: [window 0x7f20c65f8630][render thread 0x7f20c0b174c0] syncAndRender: start, elapsed since last call: 6 ms
2026-07-14 17:51:00.021 DEBUG qt.scenegraph.time.renderloop: [window 0x7f20c65f8630][gui thread] Frame prepared, polish=0 ms, lock=0 ms, blockedForSync=0 ms, animations=0 ms
2026-07-14 17:51:00.022 DEBUG qt.scenegraph.time.renderer: time in renderer: total=0ms, preprocess=0, updates=0, rendering=0
2026-07-14 17:51:00.022 DEBUG qt.scenegraph.time.renderloop: [window 0x7f20c65f8630][render thread 0x7f20c0b174c0] syncAndRender: frame rendered in 0ms, sync=0, render=0, swap=0
2026-07-14 17:51:00.034 DEBUG qt.scenegraph.time.renderloop: [window 0x7f20c65f8630][gui thread] polishAndSync: start, elapsed since last call: 12 ms
2026-07-14 17:51:00.034 DEBUG qt.scenegraph.time.renderloop: [window 0x7f20c65f8630][render thread 0x7f20c0b174c0] syncAndRender: start, elapsed since last call: 12 ms
2026-07-14 17:51:00.034 DEBUG qt.scenegraph.time.renderloop: [window 0x7f20c65f8630][gui thread] Frame prepared, polish=0 ms, lock=0 ms, blockedForSync=0 ms, animations=0 ms
2026-07-14 17:51:00.034 DEBUG qt.scenegraph.time.renderer: time in renderer: total=0ms, preprocess=0, updates=0, rendering=0
2026-07-14 17:51:00.034 DEBUG qt.scenegraph.time.renderloop: [window 0x7f20c65f8630][render thread 0x7f20c0b174c0] syncAndRender: frame rendered in 0ms, sync=0, render=0, swap=0
2026-07-14 17:51:00.047 DEBUG qt.scenegraph.time.renderloop: [window 0x7f20c65f8630][gui thread] polishAndSync: start, elapsed since last call: 13 ms
2026-07-14 17:51:00.048 DEBUG qt.scenegraph.time.renderloop: [window 0x7f20c65f8630][render thread 0x7f20c0b174c0] syncAndRender: start, elapsed since last call: 13 ms
2026-07-14 17:51:00.048 DEBUG qt.scenegraph.time.renderloop: [window 0x7f20c65f8630][gui thread] Frame prepared, polish=0 ms, lock=0 ms, blockedForSync=0 ms, animations=0 ms
2026-07-14 17:51:00.048 DEBUG qt.scenegraph.time.renderer: time in renderer: total=0ms, preprocess=0, updates=0, rendering=0
2026-07-14 17:51:00.048 DEBUG qt.scenegraph.time.renderloop: [window 0x7f20c65f8630][render thread 0x7f20c0b174c0] syncAndRender: frame rendered in 0ms, sync=0, render=0, swap=0
2026-07-14 17:51:00.049 DEBUG qt.scenegraph.time.renderloop: [window 0x7f20c65f8630][gui thread] polishAndSync: start, elapsed since last call: 1 ms
2026-07-14 17:51:00.049 DEBUG qt.scenegraph.time.renderloop: [window 0x7f20c65f8630][render thread 0x7f20c0b174c0] syncAndRender: start, elapsed since last call: 1 ms
2026-07-14 17:51:00.049 DEBUG qt.scenegraph.time.renderloop: [window 0x7f20c65f8630][gui thread] Frame prepared, polish=0 ms, lock=0 ms, blockedForSync=0 ms, animations=0 ms
2026-07-14 17:51:00.049 DEBUG qt.scenegraph.time.renderer: time in renderer: total=0ms, preprocess=0, updates=0, rendering=0
2026-07-14 17:51:00.049 DEBUG qt.scenegraph.time.renderloop: [window 0x7f20c65f8630][render thread 0x7f20c0b174c0] syncAndRender: frame rendered in 0ms, sync=0, render=0, swap=0
2026-07-14 17:51:00.081 DEBUG qt.scenegraph.time.renderloop: [window 0x7f20c65f8630][gui thread] polishAndSync: start, elapsed since last call: 32 ms
2026-07-14 17:51:00.081 DEBUG qt.scenegraph.time.renderloop: [window 0x7f20c65f8630][render thread 0x7f20c0b174c0] syncAndRender: start, elapsed since last call: 32 ms
2026-07-14 17:51:00.081 DEBUG qt.scenegraph.time.renderloop: [window 0x7f20c65f8630][gui thread] Frame prepared, polish=0 ms, lock=0 ms, blockedForSync=0 ms, animations=0 ms
2026-07-14 17:51:00.081 DEBUG qt.scenegraph.time.renderer: time in renderer: total=0ms, preprocess=0, updates=0, rendering=0
2026-07-14 17:51:00.082 DEBUG qt.scenegraph.time.renderloop: [window 0x7f20c65f8630][render thread 0x7f20c0b174c0] syncAndRender: frame rendered in 0ms, sync=0, render=0, swap=0
2026-07-14 17:51:00.084 DEBUG qt.scenegraph.time.renderloop: [window 0x7f20c65f8630][gui thread] polishAndSync: start, elapsed since last call: 2 ms
2026-07-14 17:51:00.084 DEBUG qt.scenegraph.time.renderloop: [window 0x7f20c65f8630][render thread 0x7f20c0b174c0] syncAndRender: start, elapsed since last call: 2 ms
2026-07-14 17:51:00.084 DEBUG qt.scenegraph.time.renderloop: [window 0x7f20c65f8630][gui thread] Frame prepared, polish=0 ms, lock=0 ms, blockedForSync=0 ms, animations=0 ms
2026-07-14 17:51:00.084 DEBUG qt.scenegraph.time.renderer: time in renderer: total=0ms, preprocess=0, updates=0, rendering=0
2026-07-14 17:51:00.084 DEBUG qt.scenegraph.time.renderloop: [window 0x7f20c65f8630][render thread 0x7f20c0b174c0] syncAndRender: frame rendered in 0ms, sync=0, render=0, swap=0
2026-07-14 17:51:00.114 DEBUG qt.scenegraph.time.renderloop: [window 0x7f20c65f8630][gui thread] polishAndSync: start, elapsed since last call: 30 ms
2026-07-14 17:51:00.114 DEBUG qt.scenegraph.time.renderloop: [window 0x7f20c65f8630][render thread 0x7f20c0b174c0] syncAndRender: start, elapsed since last call: 30 ms
2026-07-14 17:51:00.114 DEBUG qt.scenegraph.time.renderloop: [window 0x7f20c65f8630][gui thread] Frame prepared, polish=0 ms, lock=0 ms, blockedForSync=0 ms, animations=0 ms
2026-07-14 17:51:00.114 DEBUG qt.scenegraph.time.renderer: time in renderer: total=0ms, preprocess=0, updates=0, rendering=0
2026-07-14 17:51:00.115 DEBUG qt.scenegraph.time.renderloop: [window 0x7f20c65f8630][render thread 0x7f20c0b174c0] syncAndRender: frame rendered in 0ms, sync=0, render=0, swap=0
2026-07-14 17:51:00.119 DEBUG qt.scenegraph.time.renderloop: [window 0x7f20c65f8630][gui thread] polishAndSync: start, elapsed since last call: 4 ms
2026-07-14 17:51:00.119 DEBUG qt.scenegraph.time.renderloop: [window 0x7f20c65f8630][render thread 0x7f20c0b174c0] syncAndRender: start, elapsed since last call: 4 ms
2026-07-14 17:51:00.119 DEBUG qt.scenegraph.time.renderloop: [window 0x7f20c65f8630][gui thread] Frame prepared, polish=0 ms, lock=0 ms, blockedForSync=0 ms, animations=0 ms
2026-07-14 17:51:00.119 DEBUG qt.scenegraph.time.renderer: time in renderer: total=0ms, preprocess=0, updates=0, rendering=0
2026-07-14 17:51:00.119 DEBUG qt.scenegraph.time.renderloop: [window 0x7f20c65f8630][render thread 0x7f20c0b174c0] syncAndRender: frame rendered in 0ms, sync=0, render=0, swap=0
2026-07-14 17:51:00.147 DEBUG qt.scenegraph.time.renderloop: [window 0x7f20c65f8630][gui thread] polishAndSync: start, elapsed since last call: 28 ms
2026-07-14 17:51:00.147 DEBUG qt.scenegraph.time.renderloop: [window 0x7f20c65f8630][render thread 0x7f20c0b174c0] syncAndRender: start, elapsed since last call: 28 ms
2026-07-14 17:51:00.147 DEBUG qt.scenegraph.time.renderloop: [window 0x7f20c65f8630][gui thread] Frame prepared, polish=0 ms, lock=0 ms, blockedForSync=0 ms, animations=0 ms
2026-07-14 17:51:00.147 DEBUG qt.scenegraph.time.renderer: time in renderer: total=0ms, preprocess=0, updates=0, rendering=0
2026-07-14 17:51:00.147 DEBUG qt.scenegraph.time.renderloop: [window 0x7f20c65f8630][render thread 0x7f20c0b174c0] syncAndRender: frame rendered in 0ms, sync=0, render=0, swap=0
2026-07-14 17:51:00.153 DEBUG qt.scenegraph.time.renderloop: [window 0x7f20c65f8630][gui thread] polishAndSync: start, elapsed since last call: 6 ms
2026-07-14 17:51:00.153 DEBUG qt.scenegraph.time.renderloop: [window 0x7f20c65f8630][render thread 0x7f20c0b174c0] syncAndRender: start, elapsed since last call: 6 ms
2026-07-14 17:51:00.153 DEBUG qt.scenegraph.time.renderloop: [window 0x7f20c65f8630][gui thread] Frame prepared, polish=0 ms, lock=0 ms, blockedForSync=0 ms, animations=0 ms
2026-07-14 17:51:00.153 DEBUG qt.scenegraph.time.renderer: time in renderer: total=0ms, preprocess=0, updates=0, rendering=0
2026-07-14 17:51:00.154 DEBUG qt.scenegraph.time.renderloop: [window 0x7f20c65f8630][render thread 0x7f20c0b174c0] syncAndRender: frame rendered in 0ms, sync=0, render=0, swap=0
2026-07-14 17:51:00.181 DEBUG qt.scenegraph.time.renderloop: [window 0x7f20c65f8630][gui thread] polishAndSync: start, elapsed since last call: 27 ms
2026-07-14 17:51:00.181 DEBUG qt.scenegraph.time.renderloop: [window 0x7f20c65f8630][render thread 0x7f20c0b174c0] syncAndRender: start, elapsed since last call: 27 ms
2026-07-14 17:51:00.181 DEBUG qt.scenegraph.time.renderloop: [window 0x7f20c65f8630][gui thread] Frame prepared, polish=0 ms, lock=0 ms, blockedForSync=0 ms, animations=0 ms
2026-07-14 17:51:00.181 DEBUG qt.scenegraph.time.renderer: time in renderer: total=0ms, preprocess=0, updates=0, rendering=0
2026-07-14 17:51:00.181 DEBUG qt.scenegraph.time.renderloop: [window 0x7f20c65f8630][render thread 0x7f20c0b174c0] syncAndRender: frame rendered in 0ms, sync=0, render=0, swap=0
2026-07-14 17:51:00.188 DEBUG qt.scenegraph.time.renderloop: [window 0x7f20c65f8630][gui thread] polishAndSync: start, elapsed since last call: 7 ms
2026-07-14 17:51:00.188 DEBUG qt.scenegraph.time.renderloop: [window 0x7f20c65f8630][render thread 0x7f20c0b174c0] syncAndRender: start, elapsed since last call: 7 ms
2026-07-14 17:51:00.188 DEBUG qt.scenegraph.time.renderloop: [window 0x7f20c65f8630][gui thread] Frame prepared, polish=0 ms, lock=0 ms, blockedForSync=0 ms, animations=0 ms
2026-07-14 17:51:00.188 DEBUG qt.scenegraph.time.renderer: time in renderer: total=0ms, preprocess=0, updates=0, rendering=0
2026-07-14 17:51:00.189 DEBUG qt.scenegraph.time.renderloop: [window 0x7f20c65f8630][render thread 0x7f20c0b174c0] syncAndRender: frame rendered in 0ms, sync=0, render=0, swap=0
2026-07-14 17:51:00.213 DEBUG qt.scenegraph.time.renderloop: [window 0x7f20c65f8630][gui thread] polishAndSync: start, elapsed since last call: 25 ms
2026-07-14 17:51:00.213 DEBUG qt.scenegraph.time.renderloop: [window 0x7f20c65f8630][render thread 0x7f20c0b174c0] syncAndRender: start, elapsed since last call: 25 ms
2026-07-14 17:51:00.214 DEBUG qt.scenegraph.time.renderloop: [window 0x7f20c65f8630][gui thread] Frame prepared, polish=0 ms, lock=0 ms, blockedForSync=0 ms, animations=0 ms
2026-07-14 17:51:00.214 DEBUG qt.scenegraph.time.renderer: time in renderer: total=0ms, preprocess=0, updates=0, rendering=0
2026-07-14 17:51:00.214 DEBUG qt.scenegraph.time.renderloop: [window 0x7f20c65f8630][render thread 0x7f20c0b174c0] syncAndRender: frame rendered in 0ms, sync=0, render=0, swap=0
2026-07-14 17:51:00.216 DEBUG qt.scenegraph.time.renderloop: [window 0x7f20c65f8630][gui thread] polishAndSync: start, elapsed since last call: 2 ms
2026-07-14 17:51:00.216 DEBUG qt.scenegraph.time.renderloop: [window 0x7f20c65f8630][render thread 0x7f20c0b174c0] syncAndRender: start, elapsed since last call: 2 ms
2026-07-14 17:51:00.216 DEBUG qt.scenegraph.time.renderloop: [window 0x7f20c65f8630][gui thread] Frame prepared, polish=0 ms, lock=0 ms, blockedForSync=0 ms, animations=0 ms
2026-07-14 17:51:00.216 DEBUG qt.scenegraph.time.renderer: time in renderer: total=0ms, preprocess=0, updates=0, rendering=0
2026-07-14 17:51:00.216 DEBUG qt.scenegraph.time.renderloop: [window 0x7f20c65f8630][render thread 0x7f20c0b174c0] syncAndRender: frame rendered in 0ms, sync=0, render=0, swap=0
2026-07-14 17:51:00.246 DEBUG qt.scenegraph.time.renderloop: [window 0x7f20c65f8630][gui thread] polishAndSync: start, elapsed since last call: 30 ms
2026-07-14 17:51:00.246 DEBUG qt.scenegraph.time.renderloop: [window 0x7f20c65f8630][render thread 0x7f20c0b174c0] syncAndRender: start, elapsed since last call: 30 ms
2026-07-14 17:51:00.246 DEBUG qt.scenegraph.time.renderloop: [window 0x7f20c65f8630][gui thread] Frame prepared, polish=0 ms, lock=0 ms, blockedForSync=0 ms, animations=0 ms
2026-07-14 17:51:00.246 DEBUG qt.scenegraph.time.renderer: time in renderer: total=0ms, preprocess=0, updates=0, rendering=0
2026-07-14 17:51:00.247 DEBUG qt.scenegraph.time.renderloop: [window 0x7f20c65f8630][render thread 0x7f20c0b174c0] syncAndRender: frame rendered in 0ms, sync=0, render=0, swap=0
2026-07-14 17:51:00.251 DEBUG qt.scenegraph.time.renderloop: [window 0x7f20c65f8630][gui thread] polishAndSync: start, elapsed since last call: 4 ms
2026-07-14 17:51:00.251 DEBUG qt.scenegraph.time.renderloop: [window 0x7f20c65f8630][render thread 0x7f20c0b174c0] syncAndRender: start, elapsed since last call: 4 ms
2026-07-14 17:51:00.251 DEBUG qt.scenegraph.time.renderloop: [window 0x7f20c65f8630][gui thread] Frame prepared, polish=0 ms, lock=0 ms, blockedForSync=0 ms, animations=0 ms
2026-07-14 17:51:00.251 DEBUG qt.scenegraph.time.renderer: time in renderer: total=0ms, preprocess=0, updates=0, rendering=0
2026-07-14 17:51:00.251 DEBUG qt.scenegraph.time.renderloop: [window 0x7f20c65f8630][render thread 0x7f20c0b174c0] syncAndRender: frame rendered in 0ms, sync=0, render=0, swap=0
2026-07-14 17:51:00.279 DEBUG qt.scenegraph.time.renderloop: [window 0x7f20c65f8630][gui thread] polishAndSync: start, elapsed since last call: 27 ms
2026-07-14 17:51:00.279 DEBUG qt.scenegraph.time.renderloop: [window 0x7f20c65f8630][render thread 0x7f20c0b174c0] syncAndRender: start, elapsed since last call: 28 ms
2026-07-14 17:51:00.279 DEBUG qt.scenegraph.time.renderloop: [window 0x7f20c65f8630][gui thread] Frame prepared, polish=0 ms, lock=0 ms, blockedForSync=0 ms, animations=0 ms
2026-07-14 17:51:00.279 DEBUG qt.scenegraph.time.renderer: time in renderer: total=0ms, preprocess=0, updates=0, rendering=0
2026-07-14 17:51:00.280 DEBUG qt.scenegraph.time.renderloop: [window 0x7f20c65f8630][render thread 0x7f20c0b174c0] syncAndRender: frame rendered in 0ms, sync=0, render=0, swap=0
2026-07-14 17:51:00.285 DEBUG qt.scenegraph.time.renderloop: [window 0x7f20c65f8630][gui thread] polishAndSync: start, elapsed since last call: 6 ms
2026-07-14 17:51:00.285 DEBUG qt.scenegraph.time.renderloop: [window 0x7f20c65f8630][render thread 0x7f20c0b174c0] syncAndRender: start, elapsed since last call: 6 ms
2026-07-14 17:51:00.286 DEBUG qt.scenegraph.time.renderloop: [window 0x7f20c65f8630][gui thread] Frame prepared, polish=0 ms, lock=0 ms, blockedForSync=0 ms, animations=0 ms
2026-07-14 17:51:00.286 DEBUG qt.scenegraph.time.renderer: time in renderer: total=0ms, preprocess=0, updates=0, rendering=0
2026-07-14 17:51:00.286 DEBUG qt.scenegraph.time.renderloop: [window 0x7f20c65f8630][render thread 0x7f20c0b174c0] syncAndRender: frame rendered in 0ms, sync=0, render=0, swap=0
2026-07-14 17:51:00.312 DEBUG qt.scenegraph.time.renderloop: [window 0x7f20c65f8630][gui thread] polishAndSync: start, elapsed since last call: 26 ms
2026-07-14 17:51:00.313 DEBUG qt.scenegraph.time.renderloop: [window 0x7f20c65f8630][render thread 0x7f20c0b174c0] syncAndRender: start, elapsed since last call: 27 ms
2026-07-14 17:51:00.313 DEBUG qt.scenegraph.time.renderloop: [window 0x7f20c65f8630][gui thread] Frame prepared, polish=1 ms, lock=0 ms, blockedForSync=0 ms, animations=0 ms
2026-07-14 17:51:00.314 DEBUG qt.scenegraph.time.renderer: time in renderer: total=0ms, preprocess=0, updates=0, rendering=0
2026-07-14 17:51:00.314 DEBUG qt.scenegraph.time.renderloop: [window 0x7f20c65f8630][render thread 0x7f20c0b174c0] syncAndRender: frame rendered in 0ms, sync=0, render=0, swap=0
2026-07-14 17:51:00.320 DEBUG qt.scenegraph.time.renderloop: [window 0x7f20c65f8630][gui thread] polishAndSync: start, elapsed since last call: 8 ms
2026-07-14 17:51:00.320 DEBUG qt.scenegraph.time.renderloop: [window 0x7f20c65f8630][render thread 0x7f20c0b174c0] syncAndRender: start, elapsed since last call: 6 ms
2026-07-14 17:51:00.320 DEBUG qt.scenegraph.time.renderloop: [window 0x7f20c65f8630][gui thread] Frame prepared, polish=0 ms, lock=0 ms, blockedForSync=0 ms, animations=0 ms
2026-07-14 17:51:00.321 DEBUG qt.scenegraph.time.renderer: time in renderer: total=0ms, preprocess=0, updates=0, rendering=0
2026-07-14 17:51:00.321 DEBUG qt.scenegraph.time.renderloop: [window 0x7f20c65f8630][render thread 0x7f20c0b174c0] syncAndRender: frame rendered in 0ms, sync=0, render=0, swap=0
2026-07-14 17:51:00.345 DEBUG qt.scenegraph.time.renderloop: [window 0x7f20c65f8630][gui thread] polishAndSync: start, elapsed since last call: 25 ms
2026-07-14 17:51:00.346 DEBUG qt.scenegraph.time.renderloop: [window 0x7f20c65f8630][render thread 0x7f20c0b174c0] syncAndRender: start, elapsed since last call: 25 ms
2026-07-14 17:51:00.346 DEBUG qt.scenegraph.time.renderloop: [window 0x7f20c65f8630][gui thread] Frame prepared, polish=0 ms, lock=0 ms, blockedForSync=0 ms, animations=0 ms
2026-07-14 17:51:00.346 DEBUG qt.scenegraph.time.renderer: time in renderer: total=0ms, preprocess=0, updates=0, rendering=0
2026-07-14 17:51:00.346 DEBUG qt.scenegraph.time.renderloop: [window 0x7f20c65f8630][render thread 0x7f20c0b174c0] syncAndRender: frame rendered in 0ms, sync=0, render=0, swap=0
2026-07-14 17:51:00.348 DEBUG qt.scenegraph.time.renderloop: [window 0x7f20c65f8630][gui thread] polishAndSync: start, elapsed since last call: 2 ms
2026-07-14 17:51:00.348 DEBUG qt.scenegraph.time.renderloop: [window 0x7f20c65f8630][render thread 0x7f20c0b174c0] syncAndRender: start, elapsed since last call: 2 ms
2026-07-14 17:51:00.348 DEBUG qt.scenegraph.time.renderloop: [window 0x7f20c65f8630][gui thread] Frame prepared, polish=0 ms, lock=0 ms, blockedForSync=0 ms, animations=0 ms
2026-07-14 17:51:00.348 DEBUG qt.scenegraph.time.renderer: time in renderer: total=0ms, preprocess=0, updates=0, rendering=0
2026-07-14 17:51:00.348 DEBUG qt.scenegraph.time.renderloop: [window 0x7f20c65f8630][render thread 0x7f20c0b174c0] syncAndRender: frame rendered in 0ms, sync=0, render=0, swap=0
2026-07-14 17:51:00.378 DEBUG qt.scenegraph.time.renderloop: [window 0x7f20c65f8630][gui thread] polishAndSync: start, elapsed since last call: 30 ms
2026-07-14 17:51:00.378 DEBUG qt.scenegraph.time.renderloop: [window 0x7f20c65f8630][render thread 0x7f20c0b174c0] syncAndRender: start, elapsed since last call: 30 ms
2026-07-14 17:51:00.378 DEBUG qt.scenegraph.time.renderloop: [window 0x7f20c65f8630][gui thread] Frame prepared, polish=0 ms, lock=0 ms, blockedForSync=0 ms, animations=0 ms
2026-07-14 17:51:00.379 DEBUG qt.scenegraph.time.renderer: time in renderer: total=0ms, preprocess=0, updates=0, rendering=0
2026-07-14 17:51:00.379 DEBUG qt.scenegraph.time.renderloop: [window 0x7f20c65f8630][render thread 0x7f20c0b174c0] syncAndRender: frame rendered in 0ms, sync=0, render=0, swap=0
2026-07-14 17:51:00.383 DEBUG qt.scenegraph.time.renderloop: [window 0x7f20c65f8630][gui thread] polishAndSync: start, elapsed since last call: 4 ms
2026-07-14 17:51:00.383 DEBUG qt.scenegraph.time.renderloop: [window 0x7f20c65f8630][render thread 0x7f20c0b174c0] syncAndRender: start, elapsed since last call: 4 ms
2026-07-14 17:51:00.383 DEBUG qt.scenegraph.time.renderloop: [window 0x7f20c65f8630][gui thread] Frame prepared, polish=0 ms, lock=0 ms, blockedForSync=0 ms, animations=0 ms
2026-07-14 17:51:00.383 DEBUG qt.scenegraph.time.renderer: time in renderer: total=0ms, preprocess=0, updates=0, rendering=0
2026-07-14 17:51:00.383 DEBUG qt.scenegraph.time.renderloop: [window 0x7f20c65f8630][render thread 0x7f20c0b174c0] syncAndRender: frame rendered in 0ms, sync=0, render=0, swap=0
2026-07-14 17:51:00.411 DEBUG qt.scenegraph.time.renderloop: [window 0x7f20c65f8630][gui thread] polishAndSync: start, elapsed since last call: 28 ms
2026-07-14 17:51:00.411 DEBUG qt.scenegraph.time.renderloop: [window 0x7f20c65f8630][render thread 0x7f20c0b174c0] syncAndRender: start, elapsed since last call: 28 ms
2026-07-14 17:51:00.411 DEBUG qt.scenegraph.time.renderloop: [window 0x7f20c65f8630][gui thread] Frame prepared, polish=0 ms, lock=0 ms, blockedForSync=0 ms, animations=0 ms
2026-07-14 17:51:00.411 DEBUG qt.scenegraph.time.renderer: time in renderer: total=0ms, preprocess=0, updates=0, rendering=0
2026-07-14 17:51:00.411 DEBUG qt.scenegraph.time.renderloop: [window 0x7f20c65f8630][render thread 0x7f20c0b174c0] syncAndRender: frame rendered in 0ms, sync=0, render=0, swap=0
2026-07-14 17:51:00.417 DEBUG qt.scenegraph.time.renderloop: [window 0x7f20c65f8630][gui thread] polishAndSync: start, elapsed since last call: 6 ms
2026-07-14 17:51:00.418 DEBUG qt.scenegraph.time.renderloop: [window 0x7f20c65f8630][render thread 0x7f20c0b174c0] syncAndRender: start, elapsed since last call: 6 ms
2026-07-14 17:51:00.418 DEBUG qt.scenegraph.time.renderloop: [window 0x7f20c65f8630][gui thread] Frame prepared, polish=0 ms, lock=0 ms, blockedForSync=0 ms, animations=0 ms
2026-07-14 17:51:00.418 DEBUG qt.scenegraph.time.renderer: time in renderer: total=0ms, preprocess=0, updates=0, rendering=0
2026-07-14 17:51:00.418 DEBUG qt.scenegraph.time.renderloop: [window 0x7f20c65f8630][render thread 0x7f20c0b174c0] syncAndRender: frame rendered in 0ms, sync=0, render=0, swap=0
2026-07-14 17:51:00.444 DEBUG qt.scenegraph.time.renderloop: [window 0x7f20c65f8630][gui thread] polishAndSync: start, elapsed since last call: 26 ms
2026-07-14 17:51:00.444 DEBUG qt.scenegraph.time.renderloop: [window 0x7f20c65f8630][render thread 0x7f20c0b174c0] syncAndRender: start, elapsed since last call: 26 ms
2026-07-14 17:51:00.444 DEBUG qt.scenegraph.time.renderloop: [window 0x7f20c65f8630][gui thread] Frame prepared, polish=0 ms, lock=0 ms, blockedForSync=0 ms, animations=0 ms
2026-07-14 17:51:00.444 DEBUG qt.scenegraph.time.renderer: time in renderer: total=0ms, preprocess=0, updates=0, rendering=0
2026-07-14 17:51:00.444 DEBUG qt.scenegraph.time.renderloop: [window 0x7f20c65f8630][render thread 0x7f20c0b174c0] syncAndRender: frame rendered in 0ms, sync=0, render=0, swap=0
2026-07-14 17:51:00.445 DEBUG qt.scenegraph.time.renderloop: [window 0x7f20c65f8630][gui thread] polishAndSync: start, elapsed since last call: 1 ms
2026-07-14 17:51:00.445 DEBUG qt.scenegraph.time.renderloop: [window 0x7f20c65f8630][render thread 0x7f20c0b174c0] syncAndRender: start, elapsed since last call: 1 ms
2026-07-14 17:51:00.445 DEBUG qt.scenegraph.time.renderloop: [window 0x7f20c65f8630][gui thread] Frame prepared, polish=0 ms, lock=0 ms, blockedForSync=0 ms, animations=0 ms
2026-07-14 17:51:00.445 DEBUG qt.scenegraph.time.renderer: time in renderer: total=0ms, preprocess=0, updates=0, rendering=0
2026-07-14 17:51:00.446 DEBUG qt.scenegraph.time.renderloop: [window 0x7f20c65f8630][render thread 0x7f20c0b174c0] syncAndRender: frame rendered in 0ms, sync=0, render=0, swap=0
2026-07-14 17:51:00.477 DEBUG qt.scenegraph.time.renderloop: [window 0x7f20c65f8630][gui thread] polishAndSync: start, elapsed since last call: 32 ms
2026-07-14 17:51:00.478 DEBUG qt.scenegraph.time.renderloop: [window 0x7f20c65f8630][render thread 0x7f20c0b174c0] syncAndRender: start, elapsed since last call: 32 ms
2026-07-14 17:51:00.478 DEBUG qt.scenegraph.time.renderloop: [window 0x7f20c65f8630][gui thread] Frame prepared, polish=0 ms, lock=0 ms, blockedForSync=0 ms, animations=0 ms
2026-07-14 17:51:00.478 DEBUG qt.scenegraph.time.renderer: time in renderer: total=0ms, preprocess=0, updates=0, rendering=0
2026-07-14 17:51:00.478 DEBUG qt.scenegraph.time.renderloop: [window 0x7f20c65f8630][render thread 0x7f20c0b174c0] syncAndRender: frame rendered in 0ms, sync=0, render=0, swap=0
2026-07-14 17:51:00.480 DEBUG qt.scenegraph.time.renderloop: [window 0x7f20c65f8630][gui thread] polishAndSync: start, elapsed since last call: 2 ms
2026-07-14 17:51:00.480 DEBUG qt.scenegraph.time.renderloop: [window 0x7f20c65f8630][render thread 0x7f20c0b174c0] syncAndRender: start, elapsed since last call: 2 ms
2026-07-14 17:51:00.480 DEBUG qt.scenegraph.time.renderloop: [window 0x7f20c65f8630][gui thread] Frame prepared, polish=0 ms, lock=0 ms, blockedForSync=0 ms, animations=0 ms
2026-07-14 17:51:00.480 DEBUG qt.scenegraph.time.renderer: time in renderer: total=0ms, preprocess=0, updates=0, rendering=0
2026-07-14 17:51:00.480 DEBUG qt.scenegraph.time.renderloop: [window 0x7f20c65f8630][render thread 0x7f20c0b174c0] syncAndRender: frame rendered in 0ms, sync=0, render=0, swap=0
2026-07-14 17:51:00.510 DEBUG qt.scenegraph.time.renderloop: [window 0x7f20c65f8630][gui thread] polishAndSync: start, elapsed since last call: 30 ms
2026-07-14 17:51:00.510 DEBUG qt.scenegraph.time.renderloop: [window 0x7f20c65f8630][render thread 0x7f20c0b174c0] syncAndRender: start, elapsed since last call: 30 ms
2026-07-14 17:51:00.510 DEBUG qt.scenegraph.time.renderloop: [window 0x7f20c65f8630][gui thread] Frame prepared, polish=0 ms, lock=0 ms, blockedForSync=0 ms, animations=0 ms
2026-07-14 17:51:00.510 DEBUG qt.scenegraph.time.renderer: time in renderer: total=0ms, preprocess=0, updates=0, rendering=0
2026-07-14 17:51:00.511 DEBUG qt.scenegraph.time.renderloop: [window 0x7f20c65f8630][render thread 0x7f20c0b174c0] syncAndRender: frame rendered in 0ms, sync=0, render=0, swap=0
2026-07-14 17:51:00.515 DEBUG qt.scenegraph.time.renderloop: [window 0x7f20c65f8630][gui thread] polishAndSync: start, elapsed since last call: 4 ms
2026-07-14 17:51:00.515 DEBUG qt.scenegraph.time.renderloop: [window 0x7f20c65f8630][render thread 0x7f20c0b174c0] syncAndRender: start, elapsed since last call: 4 ms
2026-07-14 17:51:00.515 DEBUG qt.scenegraph.time.renderloop: [window 0x7f20c65f8630][gui thread] Frame prepared, polish=0 ms, lock=0 ms, blockedForSync=0 ms, animations=0 ms
2026-07-14 17:51:00.515 DEBUG qt.scenegraph.time.renderer: time in renderer: total=0ms, preprocess=0, updates=0, rendering=0
2026-07-14 17:51:00.515 DEBUG qt.scenegraph.time.renderloop: [window 0x7f20c65f8630][render thread 0x7f20c0b174c0] syncAndRender: frame rendered in 0ms, sync=0, render=0, swap=0
2026-07-14 17:51:00.543 DEBUG qt.scenegraph.time.renderloop: [window 0x7f20c65f8630][gui thread] polishAndSync: start, elapsed since last call: 28 ms
2026-07-14 17:51:00.543 DEBUG qt.scenegraph.time.renderloop: [window 0x7f20c65f8630][render thread 0x7f20c0b174c0] syncAndRender: start, elapsed since last call: 28 ms
2026-07-14 17:51:00.543 DEBUG qt.scenegraph.time.renderloop: [window 0x7f20c65f8630][gui thread] Frame prepared, polish=0 ms, lock=0 ms, blockedForSync=0 ms, animations=0 ms
2026-07-14 17:51:00.543 DEBUG qt.scenegraph.time.renderer: time in renderer: total=0ms, preprocess=0, updates=0, rendering=0
2026-07-14 17:51:00.543 DEBUG qt.scenegraph.time.renderloop: [window 0x7f20c65f8630][render thread 0x7f20c0b174c0] syncAndRender: frame rendered in 0ms, sync=0, render=0, swap=0
2026-07-14 17:51:00.550 DEBUG qt.scenegraph.time.renderloop: [window 0x7f20c65f8630][gui thread] polishAndSync: start, elapsed since last call: 6 ms
2026-07-14 17:51:00.550 DEBUG qt.scenegraph.time.renderloop: [window 0x7f20c65f8630][render thread 0x7f20c0b174c0] syncAndRender: start, elapsed since last call: 6 ms
2026-07-14 17:51:00.550 DEBUG qt.scenegraph.time.renderloop: [window 0x7f20c65f8630][gui thread] Frame prepared, polish=0 ms, lock=0 ms, blockedForSync=0 ms, animations=0 ms
2026-07-14 17:51:00.550 DEBUG qt.scenegraph.time.renderer: time in renderer: total=0ms, preprocess=0, updates=0, rendering=0
2026-07-14 17:51:00.550 DEBUG qt.scenegraph.time.renderloop: [window 0x7f20c65f8630][render thread 0x7f20c0b174c0] syncAndRender: frame rendered in 0ms, sync=0, render=0, swap=0
2026-07-14 17:51:00.576 DEBUG qt.scenegraph.time.renderloop: [window 0x7f20c65f8630][gui thread] polishAndSync: start, elapsed since last call: 26 ms
2026-07-14 17:51:00.576 DEBUG qt.scenegraph.time.renderloop: [window 0x7f20c65f8630][render thread 0x7f20c0b174c0] syncAndRender: start, elapsed since last call: 26 ms
2026-07-14 17:51:00.576 DEBUG qt.scenegraph.time.renderloop: [window 0x7f20c65f8630][gui thread] Frame prepared, polish=0 ms, lock=0 ms, blockedForSync=0 ms, animations=0 ms
2026-07-14 17:51:00.576 DEBUG qt.scenegraph.time.renderer: time in renderer: total=0ms, preprocess=0, updates=0, rendering=0
2026-07-14 17:51:00.576 DEBUG qt.scenegraph.time.renderloop: [window 0x7f20c65f8630][render thread 0x7f20c0b174c0] syncAndRender: frame rendered in 0ms, sync=0, render=0, swap=0
2026-07-14 17:51:00.577 DEBUG qt.scenegraph.time.renderloop: [window 0x7f20c65f8630][gui thread] polishAndSync: start, elapsed since last call: 1 ms
2026-07-14 17:51:00.577 DEBUG qt.scenegraph.time.renderloop: [window 0x7f20c65f8630][render thread 0x7f20c0b174c0] syncAndRender: start, elapsed since last call: 1 ms
2026-07-14 17:51:00.577 DEBUG qt.scenegraph.time.renderloop: [window 0x7f20c65f8630][gui thread] Frame prepared, polish=0 ms, lock=0 ms, blockedForSync=0 ms, animations=0 ms
2026-07-14 17:51:00.577 DEBUG qt.scenegraph.time.renderer: time in renderer: total=0ms, preprocess=0, updates=0, rendering=0
2026-07-14 17:51:00.578 DEBUG qt.scenegraph.time.renderloop: [window 0x7f20c65f8630][render thread 0x7f20c0b174c0] syncAndRender: frame rendered in 0ms, sync=0, render=0, swap=0
2026-07-14 17:51:00.609 DEBUG qt.scenegraph.time.renderloop: [window 0x7f20c65f8630][gui thread] polishAndSync: start, elapsed since last call: 32 ms
2026-07-14 17:51:00.610 DEBUG qt.scenegraph.time.renderloop: [window 0x7f20c65f8630][render thread 0x7f20c0b174c0] syncAndRender: start, elapsed since last call: 32 ms
2026-07-14 17:51:00.610 DEBUG qt.scenegraph.time.renderloop: [window 0x7f20c65f8630][gui thread] Frame prepared, polish=0 ms, lock=0 ms, blockedForSync=0 ms, animations=0 ms
2026-07-14 17:51:00.610 DEBUG qt.scenegraph.time.renderer: time in renderer: total=0ms, preprocess=0, updates=0, rendering=0
2026-07-14 17:51:00.610 DEBUG qt.scenegraph.time.renderloop: [window 0x7f20c65f8630][render thread 0x7f20c0b174c0] syncAndRender: frame rendered in 0ms, sync=0, render=0, swap=0
2026-07-14 17:51:00.612 DEBUG qt.scenegraph.time.renderloop: [window 0x7f20c65f8630][gui thread] polishAndSync: start, elapsed since last call: 2 ms
2026-07-14 17:51:00.612 DEBUG qt.scenegraph.time.renderloop: [window 0x7f20c65f8630][render thread 0x7f20c0b174c0] syncAndRender: start, elapsed since last call: 2 ms
2026-07-14 17:51:00.612 DEBUG qt.scenegraph.time.renderloop: [window 0x7f20c65f8630][gui thread] Frame prepared, polish=0 ms, lock=0 ms, blockedForSync=0 ms, animations=0 ms
2026-07-14 17:51:00.612 DEBUG qt.scenegraph.time.renderer: time in renderer: total=0ms, preprocess=0, updates=0, rendering=0
2026-07-14 17:51:00.612 DEBUG qt.scenegraph.time.renderloop: [window 0x7f20c65f8630][render thread 0x7f20c0b174c0] syncAndRender: frame rendered in 0ms, sync=0, render=0, swap=0
2026-07-14 17:51:00.642 DEBUG qt.scenegraph.time.renderloop: [window 0x7f20c65f8630][gui thread] polishAndSync: start, elapsed since last call: 30 ms
2026-07-14 17:51:00.642 DEBUG qt.scenegraph.time.renderloop: [window 0x7f20c65f8630][render thread 0x7f20c0b174c0] syncAndRender: start, elapsed since last call: 30 ms
2026-07-14 17:51:00.642 DEBUG qt.scenegraph.time.renderloop: [window 0x7f20c65f8630][gui thread] Frame prepared, polish=0 ms, lock=0 ms, blockedForSync=0 ms, animations=0 ms
2026-07-14 17:51:00.643 DEBUG qt.scenegraph.time.renderer: time in renderer: total=0ms, preprocess=0, updates=0, rendering=0
2026-07-14 17:51:00.643 DEBUG qt.scenegraph.time.renderloop: [window 0x7f20c65f8630][render thread 0x7f20c0b174c0] syncAndRender: frame rendered in 0ms, sync=0, render=0, swap=0
2026-07-14 17:51:00.647 DEBUG qt.scenegraph.time.renderloop: [window 0x7f20c65f8630][gui thread] polishAndSync: start, elapsed since last call: 4 ms
2026-07-14 17:51:00.647 DEBUG qt.scenegraph.time.renderloop: [window 0x7f20c65f8630][render thread 0x7f20c0b174c0] syncAndRender: start, elapsed since last call: 4 ms
2026-07-14 17:51:00.647 DEBUG qt.scenegraph.time.renderloop: [window 0x7f20c65f8630][gui thread] Frame prepared, polish=0 ms, lock=0 ms, blockedForSync=0 ms, animations=0 ms
2026-07-14 17:51:00.647 DEBUG qt.scenegraph.time.renderer: time in renderer: total=0ms, preprocess=0, updates=0, rendering=0
2026-07-14 17:51:00.647 DEBUG qt.scenegraph.time.renderloop: [window 0x7f20c65f8630][render thread 0x7f20c0b174c0] syncAndRender: frame rendered in 0ms, sync=0, render=0, swap=0
2026-07-14 17:51:00.675 DEBUG qt.scenegraph.time.renderloop: [window 0x7f20c65f8630][gui thread] polishAndSync: start, elapsed since last call: 28 ms
2026-07-14 17:51:00.675 DEBUG qt.scenegraph.time.renderloop: [window 0x7f20c65f8630][render thread 0x7f20c0b174c0] syncAndRender: start, elapsed since last call: 28 ms
2026-07-14 17:51:00.675 DEBUG qt.scenegraph.time.renderloop: [window 0x7f20c65f8630][gui thread] Frame prepared, polish=0 ms, lock=0 ms, blockedForSync=0 ms, animations=0 ms
2026-07-14 17:51:00.675 DEBUG qt.scenegraph.time.renderer: time in renderer: total=0ms, preprocess=0, updates=0, rendering=0
2026-07-14 17:51:00.675 DEBUG qt.scenegraph.time.renderloop: [window 0x7f20c65f8630][render thread 0x7f20c0b174c0] syncAndRender: frame rendered in 0ms, sync=0, render=0, swap=0
2026-07-14 17:51:00.682 DEBUG qt.scenegraph.time.renderloop: [window 0x7f20c65f8630][gui thread] polishAndSync: start, elapsed since last call: 6 ms
2026-07-14 17:51:00.682 DEBUG qt.scenegraph.time.renderloop: [window 0x7f20c65f8630][render thread 0x7f20c0b174c0] syncAndRender: start, elapsed since last call: 6 ms
2026-07-14 17:51:00.682 DEBUG qt.scenegraph.time.renderloop: [window 0x7f20c65f8630][gui thread] Frame prepared, polish=0 ms, lock=0 ms, blockedForSync=0 ms, animations=0 ms
2026-07-14 17:51:00.682 DEBUG qt.scenegraph.time.renderer: time in renderer: total=0ms, preprocess=0, updates=0, rendering=0
2026-07-14 17:51:00.682 DEBUG qt.scenegraph.time.renderloop: [window 0x7f20c65f8630][render thread 0x7f20c0b174c0] syncAndRender: frame rendered in 0ms, sync=0, render=0, swap=0
2026-07-14 17:51:00.708 DEBUG qt.scenegraph.time.renderloop: [window 0x7f20c65f8630][gui thread] polishAndSync: start, elapsed since last call: 26 ms
2026-07-14 17:51:00.708 DEBUG qt.scenegraph.time.renderloop: [window 0x7f20c65f8630][render thread 0x7f20c0b174c0] syncAndRender: start, elapsed since last call: 26 ms
2026-07-14 17:51:00.708 DEBUG qt.scenegraph.time.renderloop: [window 0x7f20c65f8630][gui thread] Frame prepared, polish=0 ms, lock=0 ms, blockedForSync=0 ms, animations=0 ms
2026-07-14 17:51:00.708 DEBUG qt.scenegraph.time.renderer: time in renderer: total=0ms, preprocess=0, updates=0, rendering=0
2026-07-14 17:51:00.708 DEBUG qt.scenegraph.time.renderloop: [window 0x7f20c65f8630][render thread 0x7f20c0b174c0] syncAndRender: frame rendered in 0ms, sync=0, render=0, swap=0
2026-07-14 17:51:00.709 DEBUG qt.scenegraph.time.renderloop: [window 0x7f20c65f8630][gui thread] polishAndSync: start, elapsed since last call: 1 ms
2026-07-14 17:51:00.709 DEBUG qt.scenegraph.time.renderloop: [window 0x7f20c65f8630][render thread 0x7f20c0b174c0] syncAndRender: start, elapsed since last call: 1 ms
2026-07-14 17:51:00.709 DEBUG qt.scenegraph.time.renderloop: [window 0x7f20c65f8630][gui thread] Frame prepared, polish=0 ms, lock=0 ms, blockedForSync=0 ms, animations=0 ms
2026-07-14 17:51:00.709 DEBUG qt.scenegraph.time.renderer: time in renderer: total=0ms, preprocess=0, updates=0, rendering=0
2026-07-14 17:51:00.710 DEBUG qt.scenegraph.time.renderloop: [window 0x7f20c65f8630][render thread 0x7f20c0b174c0] syncAndRender: frame rendered in 0ms, sync=0, render=0, swap=0
2026-07-14 17:51:00.741 DEBUG qt.scenegraph.time.renderloop: [window 0x7f20c65f8630][gui thread] polishAndSync: start, elapsed since last call: 32 ms
2026-07-14 17:51:00.742 DEBUG qt.scenegraph.time.renderloop: [window 0x7f20c65f8630][render thread 0x7f20c0b174c0] syncAndRender: start, elapsed since last call: 32 ms
2026-07-14 17:51:00.742 DEBUG qt.scenegraph.time.renderloop: [window 0x7f20c65f8630][gui thread] Frame prepared, polish=0 ms, lock=0 ms, blockedForSync=0 ms, animations=0 ms
2026-07-14 17:51:00.742 DEBUG qt.scenegraph.time.renderer: time in renderer: total=0ms, preprocess=0, updates=0, rendering=0
2026-07-14 17:51:00.742 DEBUG qt.scenegraph.time.renderloop: [window 0x7f20c65f8630][render thread 0x7f20c0b174c0] syncAndRender: frame rendered in 0ms, sync=0, render=0, swap=0
2026-07-14 17:51:00.744 DEBUG qt.scenegraph.time.renderloop: [window 0x7f20c65f8630][gui thread] polishAndSync: start, elapsed since last call: 2 ms
2026-07-14 17:51:00.744 DEBUG qt.scenegraph.time.renderloop: [window 0x7f20c65f8630][render thread 0x7f20c0b174c0] syncAndRender: start, elapsed since last call: 2 ms
2026-07-14 17:51:00.744 DEBUG qt.scenegraph.time.renderloop: [window 0x7f20c65f8630][gui thread] Frame prepared, polish=0 ms, lock=0 ms, blockedForSync=0 ms, animations=0 ms
2026-07-14 17:51:00.744 DEBUG qt.scenegraph.time.renderer: time in renderer: total=0ms, preprocess=0, updates=0, rendering=0
2026-07-14 17:51:00.744 DEBUG qt.scenegraph.time.renderloop: [window 0x7f20c65f8630][render thread 0x7f20c0b174c0] syncAndRender: frame rendered in 0ms, sync=0, render=0, swap=0
2026-07-14 17:51:00.774 DEBUG qt.scenegraph.time.renderloop: [window 0x7f20c65f8630][gui thread] polishAndSync: start, elapsed since last call: 30 ms
2026-07-14 17:51:00.775 DEBUG qt.scenegraph.time.renderloop: [window 0x7f20c65f8630][render thread 0x7f20c0b174c0] syncAndRender: start, elapsed since last call: 30 ms
2026-07-14 17:51:00.775 DEBUG qt.scenegraph.time.renderloop: [window 0x7f20c65f8630][gui thread] Frame prepared, polish=0 ms, lock=0 ms, blockedForSync=0 ms, animations=0 ms
2026-07-14 17:51:00.775 DEBUG qt.scenegraph.time.renderer: time in renderer: total=0ms, preprocess=0, updates=0, rendering=0
2026-07-14 17:51:00.775 DEBUG qt.scenegraph.time.renderloop: [window 0x7f20c65f8630][render thread 0x7f20c0b174c0] syncAndRender: frame rendered in 0ms, sync=0, render=0, swap=0
2026-07-14 17:51:00.779 DEBUG qt.scenegraph.time.renderloop: [window 0x7f20c65f8630][gui thread] polishAndSync: start, elapsed since last call: 4 ms
2026-07-14 17:51:00.779 DEBUG qt.scenegraph.time.renderloop: [window 0x7f20c65f8630][render thread 0x7f20c0b174c0] syncAndRender: start, elapsed since last call: 4 ms
2026-07-14 17:51:00.779 DEBUG qt.scenegraph.time.renderloop: [window 0x7f20c65f8630][gui thread] Frame prepared, polish=0 ms, lock=0 ms, blockedForSync=0 ms, animations=0 ms
2026-07-14 17:51:00.779 DEBUG qt.scenegraph.time.renderer: time in renderer: total=0ms, preprocess=0, updates=0, rendering=0
2026-07-14 17:51:00.779 DEBUG qt.scenegraph.time.renderloop: [window 0x7f20c65f8630][render thread 0x7f20c0b174c0] syncAndRender: frame rendered in 0ms, sync=0, render=0, swap=0
2026-07-14 17:51:00.807 DEBUG qt.scenegraph.time.renderloop: [window 0x7f20c65f8630][gui thread] polishAndSync: start, elapsed since last call: 28 ms
2026-07-14 17:51:00.807 DEBUG qt.scenegraph.time.renderloop: [window 0x7f20c65f8630][render thread 0x7f20c0b174c0] syncAndRender: start, elapsed since last call: 28 ms
2026-07-14 17:51:00.807 DEBUG qt.scenegraph.time.renderloop: [window 0x7f20c65f8630][gui thread] Frame prepared, polish=0 ms, lock=0 ms, blockedForSync=0 ms, animations=0 ms
2026-07-14 17:51:00.807 DEBUG qt.scenegraph.time.renderer: time in renderer: total=0ms, preprocess=0, updates=0, rendering=0
2026-07-14 17:51:00.807 DEBUG qt.scenegraph.time.renderloop: [window 0x7f20c65f8630][render thread 0x7f20c0b174c0] syncAndRender: frame rendered in 0ms, sync=0, render=0, swap=0
2026-07-14 17:51:00.814 DEBUG qt.scenegraph.time.renderloop: [window 0x7f20c65f8630][gui thread] polishAndSync: start, elapsed since last call: 6 ms
2026-07-14 17:51:00.814 DEBUG qt.scenegraph.time.renderloop: [window 0x7f20c65f8630][render thread 0x7f20c0b174c0] syncAndRender: start, elapsed since last call: 6 ms
2026-07-14 17:51:00.814 DEBUG qt.scenegraph.time.renderloop: [window 0x7f20c65f8630][gui thread] Frame prepared, polish=0 ms, lock=0 ms, blockedForSync=0 ms, animations=0 ms
2026-07-14 17:51:00.814 DEBUG qt.scenegraph.time.renderer: time in renderer: total=0ms, preprocess=0, updates=0, rendering=0
2026-07-14 17:51:00.814 DEBUG qt.scenegraph.time.renderloop: [window 0x7f20c65f8630][render thread 0x7f20c0b174c0] syncAndRender: frame rendered in 0ms, sync=0, render=0, swap=0
2026-07-14 17:51:00.840 DEBUG qt.scenegraph.time.renderloop: [window 0x7f20c65f8630][gui thread] polishAndSync: start, elapsed since last call: 26 ms
2026-07-14 17:51:00.840 DEBUG qt.scenegraph.time.renderloop: [window 0x7f20c65f8630][render thread 0x7f20c0b174c0] syncAndRender: start, elapsed since last call: 26 ms
2026-07-14 17:51:00.840 DEBUG qt.scenegraph.time.renderloop: [window 0x7f20c65f8630][gui thread] Frame prepared, polish=0 ms, lock=0 ms, blockedForSync=0 ms, animations=0 ms
2026-07-14 17:51:00.840 DEBUG qt.scenegraph.time.renderer: time in renderer: total=0ms, preprocess=0, updates=0, rendering=0
2026-07-14 17:51:00.840 DEBUG qt.scenegraph.time.renderloop: [window 0x7f20c65f8630][render thread 0x7f20c0b174c0] syncAndRender: frame rendered in 0ms, sync=0, render=0, swap=0
2026-07-14 17:51:00.841 DEBUG qt.scenegraph.time.renderloop: [window 0x7f20c65f8630][gui thread] polishAndSync: start, elapsed since last call: 1 ms
2026-07-14 17:51:00.841 DEBUG qt.scenegraph.time.renderloop: [window 0x7f20c65f8630][render thread 0x7f20c0b174c0] syncAndRender: start, elapsed since last call: 1 ms
2026-07-14 17:51:00.841 DEBUG qt.scenegraph.time.renderloop: [window 0x7f20c65f8630][gui thread] Frame prepared, polish=0 ms, lock=0 ms, blockedForSync=0 ms, animations=0 ms
2026-07-14 17:51:00.841 DEBUG qt.scenegraph.time.renderer: time in renderer: total=0ms, preprocess=0, updates=0, rendering=0
2026-07-14 17:51:00.842 DEBUG qt.scenegraph.time.renderloop: [window 0x7f20c65f8630][render thread 0x7f20c0b174c0] syncAndRender: frame rendered in 0ms, sync=0, render=0, swap=0
2026-07-14 17:51:00.874 DEBUG qt.scenegraph.time.renderloop: [window 0x7f20c65f8630][gui thread] polishAndSync: start, elapsed since last call: 32 ms
2026-07-14 17:51:00.874 DEBUG qt.scenegraph.time.renderloop: [window 0x7f20c65f8630][render thread 0x7f20c0b174c0] syncAndRender: start, elapsed since last call: 32 ms
2026-07-14 17:51:00.874 DEBUG qt.scenegraph.time.renderloop: [window 0x7f20c65f8630][gui thread] Frame prepared, polish=0 ms, lock=0 ms, blockedForSync=0 ms, animations=0 ms
2026-07-14 17:51:00.874 DEBUG qt.scenegraph.time.renderer: time in renderer: total=0ms, preprocess=0, updates=0, rendering=0
2026-07-14 17:51:00.874 DEBUG qt.scenegraph.time.renderloop: [window 0x7f20c65f8630][render thread 0x7f20c0b174c0] syncAndRender: frame rendered in 0ms, sync=0, render=0, swap=0
2026-07-14 17:51:00.876 DEBUG qt.scenegraph.time.renderloop: [window 0x7f20c65f8630][gui thread] polishAndSync: start, elapsed since last call: 2 ms
2026-07-14 17:51:00.876 DEBUG qt.scenegraph.time.renderloop: [window 0x7f20c65f8630][render thread 0x7f20c0b174c0] syncAndRender: start, elapsed since last call: 2 ms
2026-07-14 17:51:00.876 DEBUG qt.scenegraph.time.renderloop: [window 0x7f20c65f8630][gui thread] Frame prepared, polish=0 ms, lock=0 ms, blockedForSync=0 ms, animations=0 ms
2026-07-14 17:51:00.876 DEBUG qt.scenegraph.time.renderer: time in renderer: total=0ms, preprocess=0, updates=0, rendering=0
2026-07-14 17:51:00.876 DEBUG qt.scenegraph.time.renderloop: [window 0x7f20c65f8630][render thread 0x7f20c0b174c0] syncAndRender: frame rendered in 0ms, sync=0, render=0, swap=0
2026-07-14 17:51:00.906 DEBUG qt.scenegraph.time.renderloop: [window 0x7f20c65f8630][gui thread] polishAndSync: start, elapsed since last call: 30 ms
2026-07-14 17:51:00.907 DEBUG qt.scenegraph.time.renderloop: [window 0x7f20c65f8630][render thread 0x7f20c0b174c0] syncAndRender: start, elapsed since last call: 30 ms
2026-07-14 17:51:00.907 DEBUG qt.scenegraph.time.renderloop: [window 0x7f20c65f8630][gui thread] Frame prepared, polish=0 ms, lock=0 ms, blockedForSync=0 ms, animations=0 ms
2026-07-14 17:51:00.907 DEBUG qt.scenegraph.time.renderer: time in renderer: total=0ms, preprocess=0, updates=0, rendering=0
2026-07-14 17:51:00.907 DEBUG qt.scenegraph.time.renderloop: [window 0x7f20c65f8630][render thread 0x7f20c0b174c0] syncAndRender: frame rendered in 0ms, sync=0, render=0, swap=0
2026-07-14 17:51:00.911 DEBUG qt.scenegraph.time.renderloop: [window 0x7f20c65f8630][gui thread] polishAndSync: start, elapsed since last call: 4 ms
2026-07-14 17:51:00.911 DEBUG qt.scenegraph.time.renderloop: [window 0x7f20c65f8630][render thread 0x7f20c0b174c0] syncAndRender: start, elapsed since last call: 4 ms
2026-07-14 17:51:00.911 DEBUG qt.scenegraph.time.renderloop: [window 0x7f20c65f8630][gui thread] Frame prepared, polish=0 ms, lock=0 ms, blockedForSync=0 ms, animations=0 ms
2026-07-14 17:51:00.911 DEBUG qt.scenegraph.time.renderer: time in renderer: total=0ms, preprocess=0, updates=0, rendering=0
2026-07-14 17:51:00.911 DEBUG qt.scenegraph.time.renderloop: [window 0x7f20c65f8630][render thread 0x7f20c0b174c0] syncAndRender: frame rendered in 0ms, sync=0, render=0, swap=0
2026-07-14 17:51:00.939 DEBUG qt.scenegraph.time.renderloop: [window 0x7f20c65f8630][gui thread] polishAndSync: start, elapsed since last call: 28 ms
2026-07-14 17:51:00.939 DEBUG qt.scenegraph.time.renderloop: [window 0x7f20c65f8630][render thread 0x7f20c0b174c0] syncAndRender: start, elapsed since last call: 28 ms
2026-07-14 17:51:00.939 DEBUG qt.scenegraph.time.renderloop: [window 0x7f20c65f8630][gui thread] Frame prepared, polish=0 ms, lock=0 ms, blockedForSync=0 ms, animations=0 ms
2026-07-14 17:51:00.939 DEBUG qt.scenegraph.time.renderer: time in renderer: total=0ms, preprocess=0, updates=0, rendering=0
2026-07-14 17:51:00.940 DEBUG qt.scenegraph.time.renderloop: [window 0x7f20c65f8630][render thread 0x7f20c0b174c0] syncAndRender: frame rendered in 0ms, sync=0, render=0, swap=0
2026-07-14 17:51:00.946 DEBUG qt.scenegraph.time.renderloop: [window 0x7f20c65f8630][gui thread] polishAndSync: start, elapsed since last call: 6 ms
2026-07-14 17:51:00.946 DEBUG qt.scenegraph.time.renderloop: [window 0x7f20c65f8630][render thread 0x7f20c0b174c0] syncAndRender: start, elapsed since last call: 6 ms
2026-07-14 17:51:00.946 DEBUG qt.scenegraph.time.renderloop: [window 0x7f20c65f8630][gui thread] Frame prepared, polish=0 ms, lock=0 ms, blockedForSync=0 ms, animations=0 ms
2026-07-14 17:51:00.946 DEBUG qt.scenegraph.time.renderer: time in renderer: total=0ms, preprocess=0, updates=0, rendering=0
2026-07-14 17:51:00.946 DEBUG qt.scenegraph.time.renderloop: [window 0x7f20c65f8630][render thread 0x7f20c0b174c0] syncAndRender: frame rendered in 0ms, sync=0, render=0, swap=0
2026-07-14 17:51:00.972 DEBUG qt.scenegraph.time.renderloop: [window 0x7f20c65f8630][gui thread] polishAndSync: start, elapsed since last call: 25 ms
2026-07-14 17:51:00.972 DEBUG qt.scenegraph.time.renderloop: [window 0x7f20c65f8630][render thread 0x7f20c0b174c0] syncAndRender: start, elapsed since last call: 26 ms
2026-07-14 17:51:00.972 DEBUG qt.scenegraph.time.renderloop: [window 0x7f20c65f8630][gui thread] Frame prepared, polish=0 ms, lock=0 ms, blockedForSync=0 ms, animations=0 ms
2026-07-14 17:51:00.972 DEBUG qt.scenegraph.time.renderer: time in renderer: total=0ms, preprocess=0, updates=0, rendering=0
2026-07-14 17:51:00.972 DEBUG qt.scenegraph.time.renderloop: [window 0x7f20c65f8630][render thread 0x7f20c0b174c0] syncAndRender: frame rendered in 0ms, sync=0, render=0, swap=0
2026-07-14 17:51:00.974 DEBUG qt.scenegraph.time.renderloop: [window 0x7f20c65f8630][gui thread] polishAndSync: start, elapsed since last call: 1 ms
2026-07-14 17:51:00.974 DEBUG qt.scenegraph.time.renderloop: [window 0x7f20c65f8630][render thread 0x7f20c0b174c0] syncAndRender: start, elapsed since last call: 1 ms
2026-07-14 17:51:00.974 DEBUG qt.scenegraph.time.renderloop: [window 0x7f20c65f8630][gui thread] Frame prepared, polish=0 ms, lock=0 ms, blockedForSync=0 ms, animations=0 ms
2026-07-14 17:51:00.974 DEBUG qt.scenegraph.time.renderer: time in renderer: total=0ms, preprocess=0, updates=0, rendering=0
2026-07-14 17:51:00.974 DEBUG qt.scenegraph.time.renderloop: [window 0x7f20c65f8630][render thread 0x7f20c0b174c0] syncAndRender: frame rendered in 0ms, sync=0, render=0, swap=0
2026-07-14 17:51:01.006 DEBUG qt.scenegraph.time.renderloop: [window 0x7f20c65f8630][gui thread] polishAndSync: start, elapsed since last call: 32 ms
2026-07-14 17:51:01.006 DEBUG qt.scenegraph.time.renderloop: [window 0x7f20c65f8630][render thread 0x7f20c0b174c0] syncAndRender: start, elapsed since last call: 32 ms
2026-07-14 17:51:01.006 DEBUG qt.scenegraph.time.renderloop: [window 0x7f20c65f8630][gui thread] Frame prepared, polish=0 ms, lock=0 ms, blockedForSync=0 ms, animations=0 ms
2026-07-14 17:51:01.006 DEBUG qt.scenegraph.time.renderer: time in renderer: total=0ms, preprocess=0, updates=0, rendering=0
2026-07-14 17:51:01.006 DEBUG qt.scenegraph.time.renderloop: [window 0x7f20c65f8630][render thread 0x7f20c0b174c0] syncAndRender: frame rendered in 0ms, sync=0, render=0, swap=0
2026-07-14 17:51:01.008 DEBUG qt.scenegraph.time.renderloop: [window 0x7f20c65f8630][gui thread] polishAndSync: start, elapsed since last call: 2 ms
2026-07-14 17:51:01.008 DEBUG qt.scenegraph.time.renderloop: [window 0x7f20c65f8630][render thread 0x7f20c0b174c0] syncAndRender: start, elapsed since last call: 2 ms
2026-07-14 17:51:01.008 DEBUG qt.scenegraph.time.renderloop: [window 0x7f20c65f8630][gui thread] Frame prepared, polish=0 ms, lock=0 ms, blockedForSync=0 ms, animations=0 ms
2026-07-14 17:51:01.008 DEBUG qt.scenegraph.time.renderer: time in renderer: total=0ms, preprocess=0, updates=0, rendering=0
2026-07-14 17:51:01.008 DEBUG qt.scenegraph.time.renderloop: [window 0x7f20c65f8630][render thread 0x7f20c0b174c0] syncAndRender: frame rendered in 0ms, sync=0, render=0, swap=0
2026-07-14 17:51:01.034 DEBUG qt.scenegraph.time.renderloop: [window 0x7f20c65f8630][gui thread] polishAndSync: start, elapsed since last call: 26 ms
2026-07-14 17:51:01.035 DEBUG qt.scenegraph.time.renderloop: [window 0x7f20c65f8630][render thread 0x7f20c0b174c0] syncAndRender: start, elapsed since last call: 26 ms
2026-07-14 17:51:01.035 DEBUG qt.scenegraph.time.renderloop: [window 0x7f20c65f8630][gui thread] Frame prepared, polish=0 ms, lock=0 ms, blockedForSync=0 ms, animations=0 ms
2026-07-14 17:51:01.035 DEBUG qt.scenegraph.time.texture: atlastexture upload enqueued in: -9223363138081ms (16x16)
2026-07-14 17:51:01.035 DEBUG qt.scenegraph.time.texture: atlastexture upload enqueued in: -9223363138081ms (36x14)
2026-07-14 17:51:01.035 DEBUG qt.scenegraph.time.renderer: time in renderer: total=0ms, preprocess=0, updates=0, rendering=0
2026-07-14 17:51:01.035 DEBUG qt.scenegraph.time.renderloop: [window 0x7f20c65f8630][render thread 0x7f20c0b174c0] syncAndRender: frame rendered in 0ms, sync=0, render=0, swap=0
2026-07-14 17:51:01.039 DEBUG qt.scenegraph.time.renderloop: [window 0x7f20c65f8630][gui thread] polishAndSync: start, elapsed since last call: 4 ms
2026-07-14 17:51:01.039 DEBUG qt.scenegraph.time.renderloop: [window 0x7f20c65f8630][render thread 0x7f20c0b174c0] syncAndRender: start, elapsed since last call: 4 ms
2026-07-14 17:51:01.039 DEBUG qt.scenegraph.time.renderloop: [window 0x7f20c65f8630][gui thread] Frame prepared, polish=0 ms, lock=0 ms, blockedForSync=0 ms, animations=0 ms
2026-07-14 17:51:01.039 DEBUG qt.scenegraph.time.renderer: time in renderer: total=0ms, preprocess=0, updates=0, rendering=0
2026-07-14 17:51:01.039 DEBUG qt.scenegraph.time.renderloop: [window 0x7f20c65f8630][render thread 0x7f20c0b174c0] syncAndRender: frame rendered in 0ms, sync=0, render=0, swap=0
2026-07-14 17:51:01.043 DEBUG qt.scenegraph.time.renderloop: [window 0x7f20c65f8630][gui thread] polishAndSync: start, elapsed since last call: 4 ms
2026-07-14 17:51:01.043 DEBUG qt.scenegraph.time.renderloop: [window 0x7f20c65f8630][render thread 0x7f20c0b174c0] syncAndRender: start, elapsed since last call: 4 ms
2026-07-14 17:51:01.043 DEBUG qt.scenegraph.time.renderloop: [window 0x7f20c65f8630][gui thread] Frame prepared, polish=0 ms, lock=0 ms, blockedForSync=0 ms, animations=0 ms
2026-07-14 17:51:01.044 DEBUG qt.scenegraph.time.texture: atlastexture upload enqueued in: -9223363138072ms (36x14)
2026-07-14 17:51:01.044 DEBUG qt.scenegraph.time.renderer: time in renderer: total=0ms, preprocess=0, updates=0, rendering=0
2026-07-14 17:51:01.044 DEBUG qt.scenegraph.time.renderloop: [window 0x7f20c65f8630][render thread 0x7f20c0b174c0] syncAndRender: frame rendered in 0ms, sync=0, render=0, swap=0
2026-07-14 17:51:01.071 DEBUG qt.scenegraph.time.renderloop: [window 0x7f20c65f8630][gui thread] polishAndSync: start, elapsed since last call: 27 ms
2026-07-14 17:51:01.071 DEBUG qt.scenegraph.time.renderloop: [window 0x7f20c65f8630][render thread 0x7f20c0b174c0] syncAndRender: start, elapsed since last call: 27 ms
2026-07-14 17:51:01.071 DEBUG qt.scenegraph.time.renderloop: [window 0x7f20c65f8630][gui thread] Frame prepared, polish=0 ms, lock=0 ms, blockedForSync=0 ms, animations=0 ms
2026-07-14 17:51:01.071 DEBUG qt.scenegraph.time.renderer: time in renderer: total=0ms, preprocess=0, updates=0, rendering=0
2026-07-14 17:51:01.072 DEBUG qt.scenegraph.time.renderloop: [window 0x7f20c65f8630][render thread 0x7f20c0b174c0] syncAndRender: frame rendered in 0ms, sync=0, render=0, swap=0
2026-07-14 17:51:01.078 DEBUG qt.scenegraph.time.renderloop: [window 0x7f20c65f8630][gui thread] polishAndSync: start, elapsed since last call: 6 ms
2026-07-14 17:51:01.078 DEBUG qt.scenegraph.time.renderloop: [window 0x7f20c65f8630][render thread 0x7f20c0b174c0] syncAndRender: start, elapsed since last call: 6 ms
2026-07-14 17:51:01.078 DEBUG qt.scenegraph.time.renderloop: [window 0x7f20c65f8630][gui thread] Frame prepared, polish=0 ms, lock=0 ms, blockedForSync=0 ms, animations=0 ms
2026-07-14 17:51:01.078 DEBUG qt.scenegraph.time.renderer: time in renderer: total=0ms, preprocess=0, updates=0, rendering=0
2026-07-14 17:51:01.078 DEBUG qt.scenegraph.time.renderloop: [window 0x7f20c65f8630][render thread 0x7f20c0b174c0] syncAndRender: frame rendered in 0ms, sync=0, render=0, swap=0
2026-07-14 17:51:01.104 DEBUG qt.scenegraph.time.renderloop: [window 0x7f20c65f8630][gui thread] polishAndSync: start, elapsed since last call: 25 ms
2026-07-14 17:51:01.104 DEBUG qt.scenegraph.time.renderloop: [window 0x7f20c65f8630][render thread 0x7f20c0b174c0] syncAndRender: start, elapsed since last call: 26 ms
2026-07-14 17:51:01.104 DEBUG qt.scenegraph.time.renderloop: [window 0x7f20c65f8630][gui thread] Frame prepared, polish=0 ms, lock=0 ms, blockedForSync=0 ms, animations=0 ms
2026-07-14 17:51:01.104 DEBUG qt.scenegraph.time.renderer: time in renderer: total=0ms, preprocess=0, updates=0, rendering=0
2026-07-14 17:51:01.104 DEBUG qt.scenegraph.time.renderloop: [window 0x7f20c65f8630][render thread 0x7f20c0b174c0] syncAndRender: frame rendered in 0ms, sync=0, render=0, swap=0
2026-07-14 17:51:01.105 DEBUG qt.scenegraph.time.renderloop: [window 0x7f20c65f8630][gui thread] polishAndSync: start, elapsed since last call: 1 ms
2026-07-14 17:51:01.105 DEBUG qt.scenegraph.time.renderloop: [window 0x7f20c65f8630][render thread 0x7f20c0b174c0] syncAndRender: start, elapsed since last call: 1 ms
2026-07-14 17:51:01.105 DEBUG qt.scenegraph.time.renderloop: [window 0x7f20c65f8630][gui thread] Frame prepared, polish=0 ms, lock=0 ms, blockedForSync=0 ms, animations=0 ms
2026-07-14 17:51:01.106 DEBUG qt.scenegraph.time.renderer: time in renderer: total=0ms, preprocess=0, updates=0, rendering=0
2026-07-14 17:51:01.106 DEBUG qt.scenegraph.time.renderloop: [window 0x7f20c65f8630][render thread 0x7f20c0b174c0] syncAndRender: frame rendered in 0ms, sync=0, render=0, swap=0
2026-07-14 17:51:01.138 DEBUG qt.scenegraph.time.renderloop: [window 0x7f20c65f8630][gui thread] polishAndSync: start, elapsed since last call: 32 ms
2026-07-14 17:51:01.138 DEBUG qt.scenegraph.time.renderloop: [window 0x7f20c65f8630][render thread 0x7f20c0b174c0] syncAndRender: start, elapsed since last call: 32 ms
2026-07-14 17:51:01.138 DEBUG qt.scenegraph.time.renderloop: [window 0x7f20c65f8630][gui thread] Frame prepared, polish=0 ms, lock=0 ms, blockedForSync=0 ms, animations=0 ms
2026-07-14 17:51:01.138 DEBUG qt.scenegraph.time.renderer: time in renderer: total=0ms, preprocess=0, updates=0, rendering=0
2026-07-14 17:51:01.138 DEBUG qt.scenegraph.time.renderloop: [window 0x7f20c65f8630][render thread 0x7f20c0b174c0] syncAndRender: frame rendered in 0ms, sync=0, render=0, swap=0
2026-07-14 17:51:01.140 DEBUG qt.scenegraph.time.renderloop: [window 0x7f20c65f8630][gui thread] polishAndSync: start, elapsed since last call: 2 ms
2026-07-14 17:51:01.140 DEBUG qt.scenegraph.time.renderloop: [window 0x7f20c65f8630][render thread 0x7f20c0b174c0] syncAndRender: start, elapsed since last call: 2 ms
2026-07-14 17:51:01.140 DEBUG qt.scenegraph.time.renderloop: [window 0x7f20c65f8630][gui thread] Frame prepared, polish=0 ms, lock=0 ms, blockedForSync=0 ms, animations=0 ms
2026-07-14 17:51:01.140 DEBUG qt.scenegraph.time.renderer: time in renderer: total=0ms, preprocess=0, updates=0, rendering=0
2026-07-14 17:51:01.140 DEBUG qt.scenegraph.time.renderloop: [window 0x7f20c65f8630][render thread 0x7f20c0b174c0] syncAndRender: frame rendered in 0ms, sync=0, render=0, swap=0
2026-07-14 17:51:01.170 DEBUG qt.scenegraph.time.renderloop: [window 0x7f20c65f8630][gui thread] polishAndSync: start, elapsed since last call: 30 ms
2026-07-14 17:51:01.171 DEBUG qt.scenegraph.time.renderloop: [window 0x7f20c65f8630][render thread 0x7f20c0b174c0] syncAndRender: start, elapsed since last call: 30 ms
2026-07-14 17:51:01.171 DEBUG qt.scenegraph.time.renderloop: [window 0x7f20c65f8630][gui thread] Frame prepared, polish=0 ms, lock=0 ms, blockedForSync=0 ms, animations=0 ms
2026-07-14 17:51:01.171 DEBUG qt.scenegraph.time.renderer: time in renderer: total=0ms, preprocess=0, updates=0, rendering=0
2026-07-14 17:51:01.171 DEBUG qt.scenegraph.time.renderloop: [window 0x7f20c65f8630][render thread 0x7f20c0b174c0] syncAndRender: frame rendered in 0ms, sync=0, render=0, swap=0
2026-07-14 17:51:01.175 DEBUG qt.scenegraph.time.renderloop: [window 0x7f20c65f8630][gui thread] polishAndSync: start, elapsed since last call: 4 ms
2026-07-14 17:51:01.175 DEBUG qt.scenegraph.time.renderloop: [window 0x7f20c65f8630][render thread 0x7f20c0b174c0] syncAndRender: start, elapsed since last call: 4 ms
2026-07-14 17:51:01.175 DEBUG qt.scenegraph.time.renderloop: [window 0x7f20c65f8630][gui thread] Frame prepared, polish=0 ms, lock=0 ms, blockedForSync=0 ms, animations=0 ms
2026-07-14 17:51:01.175 DEBUG qt.scenegraph.time.renderer: time in renderer: total=0ms, preprocess=0, updates=0, rendering=0
2026-07-14 17:51:01.175 DEBUG qt.scenegraph.time.renderloop: [window 0x7f20c65f8630][render thread 0x7f20c0b174c0] syncAndRender: frame rendered in 0ms, sync=0, render=0, swap=0
2026-07-14 17:51:01.203 DEBUG qt.scenegraph.time.renderloop: [window 0x7f20c65f8630][gui thread] polishAndSync: start, elapsed since last call: 28 ms
2026-07-14 17:51:01.203 DEBUG qt.scenegraph.time.renderloop: [window 0x7f20c65f8630][render thread 0x7f20c0b174c0] syncAndRender: start, elapsed since last call: 28 ms
2026-07-14 17:51:01.203 DEBUG qt.scenegraph.time.renderloop: [window 0x7f20c65f8630][gui thread] Frame prepared, polish=0 ms, lock=0 ms, blockedForSync=0 ms, animations=0 ms
2026-07-14 17:51:01.203 DEBUG qt.scenegraph.time.renderer: time in renderer: total=0ms, preprocess=0, updates=0, rendering=0
2026-07-14 17:51:01.203 DEBUG qt.scenegraph.time.renderloop: [window 0x7f20c65f8630][render thread 0x7f20c0b174c0] syncAndRender: frame rendered in 0ms, sync=0, render=0, swap=0
2026-07-14 17:51:01.210 DEBUG qt.scenegraph.time.renderloop: [window 0x7f20c65f8630][gui thread] polishAndSync: start, elapsed since last call: 6 ms
2026-07-14 17:51:01.210 DEBUG qt.scenegraph.time.renderloop: [window 0x7f20c65f8630][render thread 0x7f20c0b174c0] syncAndRender: start, elapsed since last call: 6 ms
2026-07-14 17:51:01.210 DEBUG qt.scenegraph.time.renderloop: [window 0x7f20c65f8630][gui thread] Frame prepared, polish=0 ms, lock=0 ms, blockedForSync=0 ms, animations=0 ms
2026-07-14 17:51:01.210 DEBUG qt.scenegraph.time.renderer: time in renderer: total=0ms, preprocess=0, updates=0, rendering=0
2026-07-14 17:51:01.210 DEBUG qt.scenegraph.time.renderloop: [window 0x7f20c65f8630][render thread 0x7f20c0b174c0] syncAndRender: frame rendered in 0ms, sync=0, render=0, swap=0
2026-07-14 17:51:01.236 DEBUG qt.scenegraph.time.renderloop: [window 0x7f20c65f8630][gui thread] polishAndSync: start, elapsed since last call: 26 ms
2026-07-14 17:51:01.236 DEBUG qt.scenegraph.time.renderloop: [window 0x7f20c65f8630][render thread 0x7f20c0b174c0] syncAndRender: start, elapsed since last call: 26 ms
2026-07-14 17:51:01.236 DEBUG qt.scenegraph.time.renderloop: [window 0x7f20c65f8630][gui thread] Frame prepared, polish=0 ms, lock=0 ms, blockedForSync=0 ms, animations=0 ms
2026-07-14 17:51:01.236 DEBUG qt.scenegraph.time.renderer: time in renderer: total=0ms, preprocess=0, updates=0, rendering=0
2026-07-14 17:51:01.236 DEBUG qt.scenegraph.time.renderloop: [window 0x7f20c65f8630][render thread 0x7f20c0b174c0] syncAndRender: frame rendered in 0ms, sync=0, render=0, swap=0
2026-07-14 17:51:01.238 DEBUG qt.scenegraph.time.renderloop: [window 0x7f20c65f8630][gui thread] polishAndSync: start, elapsed since last call: 1 ms
2026-07-14 17:51:01.238 DEBUG qt.scenegraph.time.renderloop: [window 0x7f20c65f8630][render thread 0x7f20c0b174c0] syncAndRender: start, elapsed since last call: 1 ms
2026-07-14 17:51:01.238 DEBUG qt.scenegraph.time.renderloop: [window 0x7f20c65f8630][gui thread] Frame prepared, polish=0 ms, lock=0 ms, blockedForSync=0 ms, animations=0 ms
2026-07-14 17:51:01.238 DEBUG qt.scenegraph.time.renderer: time in renderer: total=0ms, preprocess=0, updates=0, rendering=0
2026-07-14 17:51:01.238 DEBUG qt.scenegraph.time.renderloop: [window 0x7f20c65f8630][render thread 0x7f20c0b174c0] syncAndRender: frame rendered in 0ms, sync=0, render=0, swap=0
2026-07-14 17:51:01.270 DEBUG qt.scenegraph.time.renderloop: [window 0x7f20c65f8630][gui thread] polishAndSync: start, elapsed since last call: 32 ms
2026-07-14 17:51:01.270 DEBUG qt.scenegraph.time.renderloop: [window 0x7f20c65f8630][render thread 0x7f20c0b174c0] syncAndRender: start, elapsed since last call: 32 ms
2026-07-14 17:51:01.270 DEBUG qt.scenegraph.time.renderloop: [window 0x7f20c65f8630][gui thread] Frame prepared, polish=0 ms, lock=0 ms, blockedForSync=0 ms, animations=0 ms
2026-07-14 17:51:01.270 DEBUG qt.scenegraph.time.renderer: time in renderer: total=0ms, preprocess=0, updates=0, rendering=0
2026-07-14 17:51:01.270 DEBUG qt.scenegraph.time.renderloop: [window 0x7f20c65f8630][render thread 0x7f20c0b174c0] syncAndRender: frame rendered in 0ms, sync=0, render=0, swap=0
2026-07-14 17:51:01.272 DEBUG qt.scenegraph.time.renderloop: [window 0x7f20c65f8630][gui thread] polishAndSync: start, elapsed since last call: 2 ms
2026-07-14 17:51:01.272 DEBUG qt.scenegraph.time.renderloop: [window 0x7f20c65f8630][render thread 0x7f20c0b174c0] syncAndRender: start, elapsed since last call: 2 ms
2026-07-14 17:51:01.272 DEBUG qt.scenegraph.time.renderloop: [window 0x7f20c65f8630][gui thread] Frame prepared, polish=0 ms, lock=0 ms, blockedForSync=0 ms, animations=0 ms
2026-07-14 17:51:01.272 DEBUG qt.scenegraph.time.renderer: time in renderer: total=0ms, preprocess=0, updates=0, rendering=0
2026-07-14 17:51:01.273 DEBUG qt.scenegraph.time.renderloop: [window 0x7f20c65f8630][render thread 0x7f20c0b174c0] syncAndRender: frame rendered in 0ms, sync=0, render=0, swap=0
2026-07-14 17:51:01.303 DEBUG qt.scenegraph.time.renderloop: [window 0x7f20c65f8630][gui thread] polishAndSync: start, elapsed since last call: 30 ms
2026-07-14 17:51:01.303 DEBUG qt.scenegraph.time.renderloop: [window 0x7f20c65f8630][render thread 0x7f20c0b174c0] syncAndRender: start, elapsed since last call: 30 ms
2026-07-14 17:51:01.303 DEBUG qt.scenegraph.time.renderloop: [window 0x7f20c65f8630][gui thread] Frame prepared, polish=0 ms, lock=0 ms, blockedForSync=0 ms, animations=0 ms
2026-07-14 17:51:01.303 DEBUG qt.scenegraph.time.renderer: time in renderer: total=0ms, preprocess=0, updates=0, rendering=0
2026-07-14 17:51:01.303 DEBUG qt.scenegraph.time.renderloop: [window 0x7f20c65f8630][render thread 0x7f20c0b174c0] syncAndRender: frame rendered in 0ms, sync=0, render=0, swap=0
2026-07-14 17:51:01.307 DEBUG qt.scenegraph.time.renderloop: [window 0x7f20c65f8630][gui thread] polishAndSync: start, elapsed since last call: 4 ms
2026-07-14 17:51:01.307 DEBUG qt.scenegraph.time.renderloop: [window 0x7f20c65f8630][render thread 0x7f20c0b174c0] syncAndRender: start, elapsed since last call: 4 ms
2026-07-14 17:51:01.307 DEBUG qt.scenegraph.time.renderloop: [window 0x7f20c65f8630][gui thread] Frame prepared, polish=0 ms, lock=0 ms, blockedForSync=0 ms, animations=0 ms
2026-07-14 17:51:01.307 DEBUG qt.scenegraph.time.renderer: time in renderer: total=0ms, preprocess=0, updates=0, rendering=0
2026-07-14 17:51:01.307 DEBUG qt.scenegraph.time.renderloop: [window 0x7f20c65f8630][render thread 0x7f20c0b174c0] syncAndRender: frame rendered in 0ms, sync=0, render=0, swap=0
2026-07-14 17:51:01.335 DEBUG qt.scenegraph.time.renderloop: [window 0x7f20c65f8630][gui thread] polishAndSync: start, elapsed since last call: 28 ms
2026-07-14 17:51:01.335 DEBUG qt.scenegraph.time.renderloop: [window 0x7f20c65f8630][render thread 0x7f20c0b174c0] syncAndRender: start, elapsed since last call: 28 ms
2026-07-14 17:51:01.335 DEBUG qt.scenegraph.time.renderloop: [window 0x7f20c65f8630][gui thread] Frame prepared, polish=0 ms, lock=0 ms, blockedForSync=0 ms, animations=0 ms
2026-07-14 17:51:01.336 DEBUG qt.scenegraph.time.renderer: time in renderer: total=0ms, preprocess=0, updates=0, rendering=0
2026-07-14 17:51:01.336 DEBUG qt.scenegraph.time.renderloop: [window 0x7f20c65f8630][render thread 0x7f20c0b174c0] syncAndRender: frame rendered in 0ms, sync=0, render=0, swap=0
2026-07-14 17:51:01.342 DEBUG qt.scenegraph.time.renderloop: [window 0x7f20c65f8630][gui thread] polishAndSync: start, elapsed since last call: 6 ms
2026-07-14 17:51:01.342 DEBUG qt.scenegraph.time.renderloop: [window 0x7f20c65f8630][render thread 0x7f20c0b174c0] syncAndRender: start, elapsed since last call: 6 ms
2026-07-14 17:51:01.342 DEBUG qt.scenegraph.time.renderloop: [window 0x7f20c65f8630][gui thread] Frame prepared, polish=0 ms, lock=0 ms, blockedForSync=0 ms, animations=0 ms
2026-07-14 17:51:01.342 DEBUG qt.scenegraph.time.renderer: time in renderer: total=0ms, preprocess=0, updates=0, rendering=0
2026-07-14 17:51:01.342 DEBUG qt.scenegraph.time.renderloop: [window 0x7f20c65f8630][render thread 0x7f20c0b174c0] syncAndRender: frame rendered in 0ms, sync=0, render=0, swap=0
2026-07-14 17:51:01.368 DEBUG qt.scenegraph.time.renderloop: [window 0x7f20c65f8630][gui thread] polishAndSync: start, elapsed since last call: 26 ms
2026-07-14 17:51:01.368 DEBUG qt.scenegraph.time.renderloop: [window 0x7f20c65f8630][render thread 0x7f20c0b174c0] syncAndRender: start, elapsed since last call: 26 ms
2026-07-14 17:51:01.368 DEBUG qt.scenegraph.time.renderloop: [window 0x7f20c65f8630][gui thread] Frame prepared, polish=0 ms, lock=0 ms, blockedForSync=0 ms, animations=0 ms
2026-07-14 17:51:01.368 DEBUG qt.scenegraph.time.renderer: time in renderer: total=0ms, preprocess=0, updates=0, rendering=0
2026-07-14 17:51:01.368 DEBUG qt.scenegraph.time.renderloop: [window 0x7f20c65f8630][render thread 0x7f20c0b174c0] syncAndRender: frame rendered in 0ms, sync=0, render=0, swap=0
2026-07-14 17:51:01.370 DEBUG qt.scenegraph.time.renderloop: [window 0x7f20c65f8630][gui thread] polishAndSync: start, elapsed since last call: 1 ms
2026-07-14 17:51:01.370 DEBUG qt.scenegraph.time.renderloop: [window 0x7f20c65f8630][render thread 0x7f20c0b174c0] syncAndRender: start, elapsed since last call: 1 ms
2026-07-14 17:51:01.370 DEBUG qt.scenegraph.time.renderloop: [window 0x7f20c65f8630][gui thread] Frame prepared, polish=0 ms, lock=0 ms, blockedForSync=0 ms, animations=0 ms
2026-07-14 17:51:01.370 DEBUG qt.scenegraph.time.renderer: time in renderer: total=0ms, preprocess=0, updates=0, rendering=0
2026-07-14 17:51:01.370 DEBUG qt.scenegraph.time.renderloop: [window 0x7f20c65f8630][render thread 0x7f20c0b174c0] syncAndRender: frame rendered in 0ms, sync=0, render=0, swap=0
2026-07-14 17:51:01.401 DEBUG qt.scenegraph.time.renderloop: [window 0x7f20c65f8630][gui thread] polishAndSync: start, elapsed since last call: 31 ms
2026-07-14 17:51:01.401 DEBUG qt.scenegraph.time.renderloop: [window 0x7f20c65f8630][render thread 0x7f20c0b174c0] syncAndRender: start, elapsed since last call: 31 ms
2026-07-14 17:51:01.401 DEBUG qt.scenegraph.time.renderloop: [window 0x7f20c65f8630][gui thread] Frame prepared, polish=0 ms, lock=0 ms, blockedForSync=0 ms, animations=0 ms
2026-07-14 17:51:01.401 DEBUG qt.scenegraph.time.renderer: time in renderer: total=0ms, preprocess=0, updates=0, rendering=0
2026-07-14 17:51:01.401 DEBUG qt.scenegraph.time.renderloop: [window 0x7f20c65f8630][render thread 0x7f20c0b174c0] syncAndRender: frame rendered in 0ms, sync=0, render=0, swap=0
2026-07-14 17:51:01.404 DEBUG qt.scenegraph.time.renderloop: [window 0x7f20c65f8630][gui thread] polishAndSync: start, elapsed since last call: 3 ms
2026-07-14 17:51:01.404 DEBUG qt.scenegraph.time.renderloop: [window 0x7f20c65f8630][render thread 0x7f20c0b174c0] syncAndRender: start, elapsed since last call: 3 ms
2026-07-14 17:51:01.404 DEBUG qt.scenegraph.time.renderloop: [window 0x7f20c65f8630][gui thread] Frame prepared, polish=0 ms, lock=0 ms, blockedForSync=0 ms, animations=0 ms
2026-07-14 17:51:01.404 DEBUG qt.scenegraph.time.renderer: time in renderer: total=0ms, preprocess=0, updates=0, rendering=0
2026-07-14 17:51:01.405 DEBUG qt.scenegraph.time.renderloop: [window 0x7f20c65f8630][render thread 0x7f20c0b174c0] syncAndRender: frame rendered in 0ms, sync=0, render=0, swap=0
2026-07-14 17:51:01.434 DEBUG qt.scenegraph.time.renderloop: [window 0x7f20c65f8630][gui thread] polishAndSync: start, elapsed since last call: 30 ms
2026-07-14 17:51:01.435 DEBUG qt.scenegraph.time.renderloop: [window 0x7f20c65f8630][render thread 0x7f20c0b174c0] syncAndRender: start, elapsed since last call: 30 ms
2026-07-14 17:51:01.435 DEBUG qt.scenegraph.time.renderloop: [window 0x7f20c65f8630][gui thread] Frame prepared, polish=0 ms, lock=0 ms, blockedForSync=0 ms, animations=0 ms
2026-07-14 17:51:01.435 DEBUG qt.scenegraph.time.renderer: time in renderer: total=0ms, preprocess=0, updates=0, rendering=0
2026-07-14 17:51:01.435 DEBUG qt.scenegraph.time.renderloop: [window 0x7f20c65f8630][render thread 0x7f20c0b174c0] syncAndRender: frame rendered in 0ms, sync=0, render=0, swap=0
2026-07-14 17:51:01.439 DEBUG qt.scenegraph.time.renderloop: [window 0x7f20c65f8630][gui thread] polishAndSync: start, elapsed since last call: 4 ms
2026-07-14 17:51:01.439 DEBUG qt.scenegraph.time.renderloop: [window 0x7f20c65f8630][render thread 0x7f20c0b174c0] syncAndRender: start, elapsed since last call: 4 ms
2026-07-14 17:51:01.439 DEBUG qt.scenegraph.time.renderloop: [window 0x7f20c65f8630][gui thread] Frame prepared, polish=0 ms, lock=0 ms, blockedForSync=0 ms, animations=0 ms
2026-07-14 17:51:01.439 DEBUG qt.scenegraph.time.renderer: time in renderer: total=0ms, preprocess=0, updates=0, rendering=0
2026-07-14 17:51:01.439 DEBUG qt.scenegraph.time.renderloop: [window 0x7f20c65f8630][render thread 0x7f20c0b174c0] syncAndRender: frame rendered in 0ms, sync=0, render=0, swap=0
2026-07-14 17:51:01.467 DEBUG qt.scenegraph.time.renderloop: [window 0x7f20c65f8630][gui thread] polishAndSync: start, elapsed since last call: 28 ms
2026-07-14 17:51:01.467 DEBUG qt.scenegraph.time.renderloop: [window 0x7f20c65f8630][render thread 0x7f20c0b174c0] syncAndRender: start, elapsed since last call: 28 ms
2026-07-14 17:51:01.467 DEBUG qt.scenegraph.time.renderloop: [window 0x7f20c65f8630][gui thread] Frame prepared, polish=0 ms, lock=0 ms, blockedForSync=0 ms, animations=0 ms
2026-07-14 17:51:01.467 DEBUG qt.scenegraph.time.renderer: time in renderer: total=0ms, preprocess=0, updates=0, rendering=0
2026-07-14 17:51:01.468 DEBUG qt.scenegraph.time.renderloop: [window 0x7f20c65f8630][render thread 0x7f20c0b174c0] syncAndRender: frame rendered in 0ms, sync=0, render=0, swap=0
2026-07-14 17:51:01.474 DEBUG qt.scenegraph.time.renderloop: [window 0x7f20c65f8630][gui thread] polishAndSync: start, elapsed since last call: 6 ms
2026-07-14 17:51:01.474 DEBUG qt.scenegraph.time.renderloop: [window 0x7f20c65f8630][render thread 0x7f20c0b174c0] syncAndRender: start, elapsed since last call: 6 ms
2026-07-14 17:51:01.474 DEBUG qt.scenegraph.time.renderloop: [window 0x7f20c65f8630][gui thread] Frame prepared, polish=0 ms, lock=0 ms, blockedForSync=0 ms, animations=0 ms
2026-07-14 17:51:01.474 DEBUG qt.scenegraph.time.renderer: time in renderer: total=0ms, preprocess=0, updates=0, rendering=0
2026-07-14 17:51:01.474 DEBUG qt.scenegraph.time.renderloop: [window 0x7f20c65f8630][render thread 0x7f20c0b174c0] syncAndRender: frame rendered in 0ms, sync=0, render=0, swap=0
2026-07-14 17:51:01.500 DEBUG qt.scenegraph.time.renderloop: [window 0x7f20c65f8630][gui thread] polishAndSync: start, elapsed since last call: 26 ms
2026-07-14 17:51:01.500 DEBUG qt.scenegraph.time.renderloop: [window 0x7f20c65f8630][render thread 0x7f20c0b174c0] syncAndRender: start, elapsed since last call: 26 ms
2026-07-14 17:51:01.500 DEBUG qt.scenegraph.time.renderloop: [window 0x7f20c65f8630][gui thread] Frame prepared, polish=0 ms, lock=0 ms, blockedForSync=0 ms, animations=0 ms
2026-07-14 17:51:01.500 DEBUG qt.scenegraph.time.renderer: time in renderer: total=0ms, preprocess=0, updates=0, rendering=0
2026-07-14 17:51:01.501 DEBUG qt.scenegraph.time.renderloop: [window 0x7f20c65f8630][render thread 0x7f20c0b174c0] syncAndRender: frame rendered in 0ms, sync=0, render=0, swap=0
2026-07-14 17:51:01.502 DEBUG qt.scenegraph.time.renderloop: [window 0x7f20c65f8630][gui thread] polishAndSync: start, elapsed since last call: 1 ms
2026-07-14 17:51:01.502 DEBUG qt.scenegraph.time.renderloop: [window 0x7f20c65f8630][render thread 0x7f20c0b174c0] syncAndRender: start, elapsed since last call: 1 ms
2026-07-14 17:51:01.502 DEBUG qt.scenegraph.time.renderloop: [window 0x7f20c65f8630][gui thread] Frame prepared, polish=0 ms, lock=0 ms, blockedForSync=0 ms, animations=0 ms
2026-07-14 17:51:01.502 DEBUG qt.scenegraph.time.renderer: time in renderer: total=0ms, preprocess=0, updates=0, rendering=0
2026-07-14 17:51:01.502 DEBUG qt.scenegraph.time.renderloop: [window 0x7f20c65f8630][render thread 0x7f20c0b174c0] syncAndRender: frame rendered in 0ms, sync=0, render=0, swap=0
2026-07-14 17:51:01.533 DEBUG qt.scenegraph.time.renderloop: [window 0x7f20c65f8630][gui thread] polishAndSync: start, elapsed since last call: 31 ms
2026-07-14 17:51:01.534 DEBUG qt.scenegraph.time.renderloop: [window 0x7f20c65f8630][render thread 0x7f20c0b174c0] syncAndRender: start, elapsed since last call: 32 ms
2026-07-14 17:51:01.534 DEBUG qt.scenegraph.time.renderloop: [window 0x7f20c65f8630][gui thread] Frame prepared, polish=0 ms, lock=0 ms, blockedForSync=0 ms, animations=0 ms
2026-07-14 17:51:01.534 DEBUG qt.scenegraph.time.renderer: time in renderer: total=0ms, preprocess=0, updates=0, rendering=0
2026-07-14 17:51:01.534 DEBUG qt.scenegraph.time.renderloop: [window 0x7f20c65f8630][render thread 0x7f20c0b174c0] syncAndRender: frame rendered in 0ms, sync=0, render=0, swap=0
2026-07-14 17:51:01.535 DEBUG qt.scenegraph.time.renderloop: [window 0x7f20c65f8630][gui thread] polishAndSync: start, elapsed since last call: 1 ms
2026-07-14 17:51:01.535 DEBUG qt.scenegraph.time.renderloop: [window 0x7f20c65f8630][render thread 0x7f20c0b174c0] syncAndRender: start, elapsed since last call: 0 ms
2026-07-14 17:51:01.535 DEBUG qt.scenegraph.time.renderloop: [window 0x7f20c65f8630][gui thread] Frame prepared, polish=0 ms, lock=0 ms, blockedForSync=0 ms, animations=0 ms
2026-07-14 17:51:01.535 DEBUG qt.scenegraph.time.renderer: time in renderer: total=0ms, preprocess=0, updates=0, rendering=0
2026-07-14 17:51:01.535 DEBUG qt.scenegraph.time.renderloop: [window 0x7f20c65f8630][render thread 0x7f20c0b174c0] syncAndRender: frame rendered in 0ms, sync=0, render=0, swap=0
2026-07-14 17:51:01.566 DEBUG qt.scenegraph.time.renderloop: [window 0x7f20c65f8630][gui thread] polishAndSync: start, elapsed since last call: 31 ms
2026-07-14 17:51:01.566 DEBUG qt.scenegraph.time.renderloop: [window 0x7f20c65f8630][render thread 0x7f20c0b174c0] syncAndRender: start, elapsed since last call: 31 ms
2026-07-14 17:51:01.566 DEBUG qt.scenegraph.time.renderloop: [window 0x7f20c65f8630][gui thread] Frame prepared, polish=0 ms, lock=0 ms, blockedForSync=0 ms, animations=0 ms
2026-07-14 17:51:01.566 DEBUG qt.scenegraph.time.renderer: time in renderer: total=0ms, preprocess=0, updates=0, rendering=0
2026-07-14 17:51:01.566 DEBUG qt.scenegraph.time.renderloop: [window 0x7f20c65f8630][render thread 0x7f20c0b174c0] syncAndRender: frame rendered in 0ms, sync=0, render=0, swap=0
2026-07-14 17:51:01.571 DEBUG qt.scenegraph.time.renderloop: [window 0x7f20c65f8630][gui thread] polishAndSync: start, elapsed since last call: 5 ms
2026-07-14 17:51:01.571 DEBUG qt.scenegraph.time.renderloop: [window 0x7f20c65f8630][render thread 0x7f20c0b174c0] syncAndRender: start, elapsed since last call: 5 ms
2026-07-14 17:51:01.571 DEBUG qt.scenegraph.time.renderloop: [window 0x7f20c65f8630][gui thread] Frame prepared, polish=0 ms, lock=0 ms, blockedForSync=0 ms, animations=0 ms
2026-07-14 17:51:01.571 DEBUG qt.scenegraph.time.renderer: time in renderer: total=0ms, preprocess=0, updates=0, rendering=0
2026-07-14 17:51:01.571 DEBUG qt.scenegraph.time.renderloop: [window 0x7f20c65f8630][render thread 0x7f20c0b174c0] syncAndRender: frame rendered in 0ms, sync=0, render=0, swap=0
2026-07-14 17:51:01.599 DEBUG qt.scenegraph.time.renderloop: [window 0x7f20c65f8630][gui thread] polishAndSync: start, elapsed since last call: 28 ms
2026-07-14 17:51:01.599 DEBUG qt.scenegraph.time.renderloop: [window 0x7f20c65f8630][render thread 0x7f20c0b174c0] syncAndRender: start, elapsed since last call: 28 ms
2026-07-14 17:51:01.599 DEBUG qt.scenegraph.time.renderloop: [window 0x7f20c65f8630][gui thread] Frame prepared, polish=0 ms, lock=0 ms, blockedForSync=0 ms, animations=0 ms
2026-07-14 17:51:01.599 DEBUG qt.scenegraph.time.renderer: time in renderer: total=0ms, preprocess=0, updates=0, rendering=0
2026-07-14 17:51:01.600 DEBUG qt.scenegraph.time.renderloop: [window 0x7f20c65f8630][render thread 0x7f20c0b174c0] syncAndRender: frame rendered in 0ms, sync=0, render=0, swap=0
2026-07-14 17:51:01.606 DEBUG qt.scenegraph.time.renderloop: [window 0x7f20c65f8630][gui thread] polishAndSync: start, elapsed since last call: 6 ms
2026-07-14 17:51:01.606 DEBUG qt.scenegraph.time.renderloop: [window 0x7f20c65f8630][render thread 0x7f20c0b174c0] syncAndRender: start, elapsed since last call: 6 ms
2026-07-14 17:51:01.606 DEBUG qt.scenegraph.time.renderloop: [window 0x7f20c65f8630][gui thread] Frame prepared, polish=0 ms, lock=0 ms, blockedForSync=0 ms, animations=0 ms
2026-07-14 17:51:01.606 DEBUG qt.scenegraph.time.renderer: time in renderer: total=0ms, preprocess=0, updates=0, rendering=0
2026-07-14 17:51:01.606 DEBUG qt.scenegraph.time.renderloop: [window 0x7f20c65f8630][render thread 0x7f20c0b174c0] syncAndRender: frame rendered in 0ms, sync=0, render=0, swap=0
2026-07-14 17:51:01.632 DEBUG qt.scenegraph.time.renderloop: [window 0x7f20c65f8630][gui thread] polishAndSync: start, elapsed since last call: 26 ms
2026-07-14 17:51:01.632 DEBUG qt.scenegraph.time.renderloop: [window 0x7f20c65f8630][render thread 0x7f20c0b174c0] syncAndRender: start, elapsed since last call: 26 ms
2026-07-14 17:51:01.632 DEBUG qt.scenegraph.time.renderloop: [window 0x7f20c65f8630][gui thread] Frame prepared, polish=0 ms, lock=0 ms, blockedForSync=0 ms, animations=0 ms
2026-07-14 17:51:01.632 DEBUG qt.scenegraph.time.renderer: time in renderer: total=0ms, preprocess=0, updates=0, rendering=0
2026-07-14 17:51:01.633 DEBUG qt.scenegraph.time.renderloop: [window 0x7f20c65f8630][render thread 0x7f20c0b174c0] syncAndRender: frame rendered in 0ms, sync=0, render=0, swap=0
2026-07-14 17:51:01.634 DEBUG qt.scenegraph.time.renderloop: [window 0x7f20c65f8630][gui thread] polishAndSync: start, elapsed since last call: 1 ms
2026-07-14 17:51:01.634 DEBUG qt.scenegraph.time.renderloop: [window 0x7f20c65f8630][render thread 0x7f20c0b174c0] syncAndRender: start, elapsed since last call: 1 ms
2026-07-14 17:51:01.634 DEBUG qt.scenegraph.time.renderloop: [window 0x7f20c65f8630][gui thread] Frame prepared, polish=0 ms, lock=0 ms, blockedForSync=0 ms, animations=0 ms
2026-07-14 17:51:01.634 DEBUG qt.scenegraph.time.renderer: time in renderer: total=0ms, preprocess=0, updates=0, rendering=0
2026-07-14 17:51:01.634 DEBUG qt.scenegraph.time.renderloop: [window 0x7f20c65f8630][render thread 0x7f20c0b174c0] syncAndRender: frame rendered in 0ms, sync=0, render=0, swap=0
2026-07-14 17:51:01.665 DEBUG qt.scenegraph.time.renderloop: [window 0x7f20c65f8630][gui thread] polishAndSync: start, elapsed since last call: 31 ms
2026-07-14 17:51:01.665 DEBUG qt.scenegraph.time.renderloop: [window 0x7f20c65f8630][render thread 0x7f20c0b174c0] syncAndRender: start, elapsed since last call: 31 ms
2026-07-14 17:51:01.665 DEBUG qt.scenegraph.time.renderloop: [window 0x7f20c65f8630][gui thread] Frame prepared, polish=0 ms, lock=0 ms, blockedForSync=0 ms, animations=0 ms
2026-07-14 17:51:01.665 DEBUG qt.scenegraph.time.renderer: time in renderer: total=0ms, preprocess=0, updates=0, rendering=0
2026-07-14 17:51:01.666 DEBUG qt.scenegraph.time.renderloop: [window 0x7f20c65f8630][render thread 0x7f20c0b174c0] syncAndRender: frame rendered in 0ms, sync=0, render=0, swap=0
2026-07-14 17:51:01.668 DEBUG qt.scenegraph.time.renderloop: [window 0x7f20c65f8630][gui thread] polishAndSync: start, elapsed since last call: 3 ms
2026-07-14 17:51:01.668 DEBUG qt.scenegraph.time.renderloop: [window 0x7f20c65f8630][render thread 0x7f20c0b174c0] syncAndRender: start, elapsed since last call: 3 ms
2026-07-14 17:51:01.668 DEBUG qt.scenegraph.time.renderloop: [window 0x7f20c65f8630][gui thread] Frame prepared, polish=0 ms, lock=0 ms, blockedForSync=0 ms, animations=0 ms
2026-07-14 17:51:01.669 DEBUG qt.scenegraph.time.renderer: time in renderer: total=0ms, preprocess=0, updates=0, rendering=0
2026-07-14 17:51:01.669 DEBUG qt.scenegraph.time.renderloop: [window 0x7f20c65f8630][render thread 0x7f20c0b174c0] syncAndRender: frame rendered in 0ms, sync=0, render=0, swap=0
2026-07-14 17:51:01.697 DEBUG qt.scenegraph.time.renderloop: [window 0x7f20c65f8630][gui thread] polishAndSync: start, elapsed since last call: 29 ms
2026-07-14 17:51:01.698 DEBUG qt.scenegraph.time.renderloop: [window 0x7f20c65f8630][render thread 0x7f20c0b174c0] syncAndRender: start, elapsed since last call: 29 ms
2026-07-14 17:51:01.698 DEBUG qt.scenegraph.time.renderloop: [window 0x7f20c65f8630][gui thread] Frame prepared, polish=0 ms, lock=0 ms, blockedForSync=0 ms, animations=0 ms
2026-07-14 17:51:01.698 DEBUG qt.scenegraph.time.renderer: time in renderer: total=0ms, preprocess=0, updates=0, rendering=0
2026-07-14 17:51:01.698 DEBUG qt.scenegraph.time.renderloop: [window 0x7f20c65f8630][render thread 0x7f20c0b174c0] syncAndRender: frame rendered in 0ms, sync=0, render=0, swap=0
2026-07-14 17:51:01.703 DEBUG qt.scenegraph.time.renderloop: [window 0x7f20c65f8630][gui thread] polishAndSync: start, elapsed since last call: 5 ms
2026-07-14 17:51:01.703 DEBUG qt.scenegraph.time.renderloop: [window 0x7f20c65f8630][render thread 0x7f20c0b174c0] syncAndRender: start, elapsed since last call: 5 ms
2026-07-14 17:51:01.703 DEBUG qt.scenegraph.time.renderloop: [window 0x7f20c65f8630][gui thread] Frame prepared, polish=0 ms, lock=0 ms, blockedForSync=0 ms, animations=0 ms
2026-07-14 17:51:01.703 DEBUG qt.scenegraph.time.renderer: time in renderer: total=0ms, preprocess=0, updates=0, rendering=0
2026-07-14 17:51:01.704 DEBUG qt.scenegraph.time.renderloop: [window 0x7f20c65f8630][render thread 0x7f20c0b174c0] syncAndRender: frame rendered in 0ms, sync=0, render=0, swap=0
2026-07-14 17:51:01.731 DEBUG qt.scenegraph.time.renderloop: [window 0x7f20c65f8630][gui thread] polishAndSync: start, elapsed since last call: 28 ms
2026-07-14 17:51:01.732 DEBUG qt.scenegraph.time.renderloop: [window 0x7f20c65f8630][render thread 0x7f20c0b174c0] syncAndRender: start, elapsed since last call: 28 ms
2026-07-14 17:51:01.732 DEBUG qt.scenegraph.time.renderloop: [window 0x7f20c65f8630][gui thread] Frame prepared, polish=0 ms, lock=0 ms, blockedForSync=0 ms, animations=0 ms
2026-07-14 17:51:01.732 DEBUG qt.scenegraph.time.renderer: time in renderer: total=0ms, preprocess=0, updates=0, rendering=0
2026-07-14 17:51:01.732 DEBUG qt.scenegraph.time.renderloop: [window 0x7f20c65f8630][render thread 0x7f20c0b174c0] syncAndRender: frame rendered in 0ms, sync=0, render=0, swap=0
2026-07-14 17:51:01.738 DEBUG qt.scenegraph.time.renderloop: [window 0x7f20c65f8630][gui thread] polishAndSync: start, elapsed since last call: 6 ms
2026-07-14 17:51:01.738 DEBUG qt.scenegraph.time.renderloop: [window 0x7f20c65f8630][render thread 0x7f20c0b174c0] syncAndRender: start, elapsed since last call: 6 ms
2026-07-14 17:51:01.738 DEBUG qt.scenegraph.time.renderloop: [window 0x7f20c65f8630][gui thread] Frame prepared, polish=0 ms, lock=0 ms, blockedForSync=0 ms, animations=0 ms
2026-07-14 17:51:01.738 DEBUG qt.scenegraph.time.renderer: time in renderer: total=0ms, preprocess=0, updates=0, rendering=0
2026-07-14 17:51:01.738 DEBUG qt.scenegraph.time.renderloop: [window 0x7f20c65f8630][render thread 0x7f20c0b174c0] syncAndRender: frame rendered in 0ms, sync=0, render=0, swap=0
2026-07-14 17:51:01.764 DEBUG qt.scenegraph.time.renderloop: [window 0x7f20c65f8630][gui thread] polishAndSync: start, elapsed since last call: 26 ms
2026-07-14 17:51:01.764 DEBUG qt.scenegraph.time.renderloop: [window 0x7f20c65f8630][render thread 0x7f20c0b174c0] syncAndRender: start, elapsed since last call: 26 ms
2026-07-14 17:51:01.764 DEBUG qt.scenegraph.time.renderloop: [window 0x7f20c65f8630][gui thread] Frame prepared, polish=0 ms, lock=0 ms, blockedForSync=0 ms, animations=0 ms
2026-07-14 17:51:01.764 DEBUG qt.scenegraph.time.renderer: time in renderer: total=0ms, preprocess=0, updates=0, rendering=0
2026-07-14 17:51:01.765 DEBUG qt.scenegraph.time.renderloop: [window 0x7f20c65f8630][render thread 0x7f20c0b174c0] syncAndRender: frame rendered in 0ms, sync=0, render=0, swap=0
2026-07-14 17:51:01.766 DEBUG qt.scenegraph.time.renderloop: [window 0x7f20c65f8630][gui thread] polishAndSync: start, elapsed since last call: 1 ms
2026-07-14 17:51:01.766 DEBUG qt.scenegraph.time.renderloop: [window 0x7f20c65f8630][render thread 0x7f20c0b174c0] syncAndRender: start, elapsed since last call: 1 ms
2026-07-14 17:51:01.766 DEBUG qt.scenegraph.time.renderloop: [window 0x7f20c65f8630][gui thread] Frame prepared, polish=0 ms, lock=0 ms, blockedForSync=0 ms, animations=0 ms
2026-07-14 17:51:01.766 DEBUG qt.scenegraph.time.renderer: time in renderer: total=0ms, preprocess=0, updates=0, rendering=0
2026-07-14 17:51:01.766 DEBUG qt.scenegraph.time.renderloop: [window 0x7f20c65f8630][render thread 0x7f20c0b174c0] syncAndRender: frame rendered in 0ms, sync=0, render=0, swap=0
2026-07-14 17:51:01.797 DEBUG qt.scenegraph.time.renderloop: [window 0x7f20c65f8630][gui thread] polishAndSync: start, elapsed since last call: 31 ms
2026-07-14 17:51:01.797 DEBUG qt.scenegraph.time.renderloop: [window 0x7f20c65f8630][render thread 0x7f20c0b174c0] syncAndRender: start, elapsed since last call: 31 ms
2026-07-14 17:51:01.797 DEBUG qt.scenegraph.time.renderloop: [window 0x7f20c65f8630][gui thread] Frame prepared, polish=0 ms, lock=0 ms, blockedForSync=0 ms, animations=0 ms
2026-07-14 17:51:01.797 DEBUG qt.scenegraph.time.renderer: time in renderer: total=0ms, preprocess=0, updates=0, rendering=0
2026-07-14 17:51:01.797 DEBUG qt.scenegraph.time.renderloop: [window 0x7f20c65f8630][render thread 0x7f20c0b174c0] syncAndRender: frame rendered in 0ms, sync=0, render=0, swap=0
2026-07-14 17:51:01.800 DEBUG qt.scenegraph.time.renderloop: [window 0x7f20c65f8630][gui thread] polishAndSync: start, elapsed since last call: 3 ms
2026-07-14 17:51:01.800 DEBUG qt.scenegraph.time.renderloop: [window 0x7f20c65f8630][render thread 0x7f20c0b174c0] syncAndRender: start, elapsed since last call: 3 ms
2026-07-14 17:51:01.800 DEBUG qt.scenegraph.time.renderloop: [window 0x7f20c65f8630][gui thread] Frame prepared, polish=0 ms, lock=0 ms, blockedForSync=0 ms, animations=0 ms
2026-07-14 17:51:01.800 DEBUG qt.scenegraph.time.renderer: time in renderer: total=0ms, preprocess=0, updates=0, rendering=0
2026-07-14 17:51:01.801 DEBUG qt.scenegraph.time.renderloop: [window 0x7f20c65f8630][render thread 0x7f20c0b174c0] syncAndRender: frame rendered in 0ms, sync=0, render=0, swap=0
2026-07-14 17:51:01.831 DEBUG qt.scenegraph.time.renderloop: [window 0x7f20c65f8630][gui thread] polishAndSync: start, elapsed since last call: 30 ms
2026-07-14 17:51:01.831 DEBUG qt.scenegraph.time.renderloop: [window 0x7f20c65f8630][render thread 0x7f20c0b174c0] syncAndRender: start, elapsed since last call: 30 ms
2026-07-14 17:51:01.831 DEBUG qt.scenegraph.time.renderloop: [window 0x7f20c65f8630][gui thread] Frame prepared, polish=0 ms, lock=0 ms, blockedForSync=0 ms, animations=0 ms
2026-07-14 17:51:01.831 DEBUG qt.scenegraph.time.renderer: time in renderer: total=0ms, preprocess=0, updates=0, rendering=0
2026-07-14 17:51:01.831 DEBUG qt.scenegraph.time.renderloop: [window 0x7f20c65f8630][render thread 0x7f20c0b174c0] syncAndRender: frame rendered in 0ms, sync=0, render=0, swap=0
2026-07-14 17:51:01.835 DEBUG qt.scenegraph.time.renderloop: [window 0x7f20c65f8630][gui thread] polishAndSync: start, elapsed since last call: 4 ms
2026-07-14 17:51:01.835 DEBUG qt.scenegraph.time.renderloop: [window 0x7f20c65f8630][render thread 0x7f20c0b174c0] syncAndRender: start, elapsed since last call: 4 ms
2026-07-14 17:51:01.835 DEBUG qt.scenegraph.time.renderloop: [window 0x7f20c65f8630][gui thread] Frame prepared, polish=0 ms, lock=0 ms, blockedForSync=0 ms, animations=0 ms
2026-07-14 17:51:01.835 DEBUG qt.scenegraph.time.renderer: time in renderer: total=0ms, preprocess=0, updates=0, rendering=0
2026-07-14 17:51:01.836 DEBUG qt.scenegraph.time.renderloop: [window 0x7f20c65f8630][render thread 0x7f20c0b174c0] syncAndRender: frame rendered in 0ms, sync=0, render=0, swap=0
2026-07-14 17:51:01.863 DEBUG qt.scenegraph.time.renderloop: [window 0x7f20c65f8630][gui thread] polishAndSync: start, elapsed since last call: 27 ms
2026-07-14 17:51:01.863 DEBUG qt.scenegraph.time.renderloop: [window 0x7f20c65f8630][render thread 0x7f20c0b174c0] syncAndRender: start, elapsed since last call: 28 ms
2026-07-14 17:51:01.863 DEBUG qt.scenegraph.time.renderloop: [window 0x7f20c65f8630][gui thread] Frame prepared, polish=0 ms, lock=0 ms, blockedForSync=0 ms, animations=0 ms
2026-07-14 17:51:01.863 DEBUG qt.scenegraph.time.renderer: time in renderer: total=0ms, preprocess=0, updates=0, rendering=0
2026-07-14 17:51:01.864 DEBUG qt.scenegraph.time.renderloop: [window 0x7f20c65f8630][render thread 0x7f20c0b174c0] syncAndRender: frame rendered in 0ms, sync=0, render=0, swap=0
2026-07-14 17:51:01.870 DEBUG qt.scenegraph.time.renderloop: [window 0x7f20c65f8630][gui thread] polishAndSync: start, elapsed since last call: 6 ms
2026-07-14 17:51:01.870 DEBUG qt.scenegraph.time.renderloop: [window 0x7f20c65f8630][render thread 0x7f20c0b174c0] syncAndRender: start, elapsed since last call: 6 ms
2026-07-14 17:51:01.870 DEBUG qt.scenegraph.time.renderloop: [window 0x7f20c65f8630][gui thread] Frame prepared, polish=0 ms, lock=0 ms, blockedForSync=0 ms, animations=0 ms
2026-07-14 17:51:01.870 DEBUG qt.scenegraph.time.renderer: time in renderer: total=0ms, preprocess=0, updates=0, rendering=0
2026-07-14 17:51:01.870 DEBUG qt.scenegraph.time.renderloop: [window 0x7f20c65f8630][render thread 0x7f20c0b174c0] syncAndRender: frame rendered in 0ms, sync=0, render=0, swap=0
2026-07-14 17:51:01.896 DEBUG qt.scenegraph.time.renderloop: [window 0x7f20c65f8630][gui thread] polishAndSync: start, elapsed since last call: 25 ms
2026-07-14 17:51:01.896 DEBUG qt.scenegraph.time.renderloop: [window 0x7f20c65f8630][render thread 0x7f20c0b174c0] syncAndRender: start, elapsed since last call: 26 ms
2026-07-14 17:51:01.896 DEBUG qt.scenegraph.time.renderloop: [window 0x7f20c65f8630][gui thread] Frame prepared, polish=0 ms, lock=0 ms, blockedForSync=0 ms, animations=0 ms
2026-07-14 17:51:01.896 DEBUG qt.scenegraph.time.renderer: time in renderer: total=0ms, preprocess=0, updates=0, rendering=0
2026-07-14 17:51:01.896 DEBUG qt.scenegraph.time.renderloop: [window 0x7f20c65f8630][render thread 0x7f20c0b174c0] syncAndRender: frame rendered in 0ms, sync=0, render=0, swap=0
2026-07-14 17:51:01.898 DEBUG qt.scenegraph.time.renderloop: [window 0x7f20c65f8630][gui thread] polishAndSync: start, elapsed since last call: 1 ms
2026-07-14 17:51:01.898 DEBUG qt.scenegraph.time.renderloop: [window 0x7f20c65f8630][render thread 0x7f20c0b174c0] syncAndRender: start, elapsed since last call: 1 ms
2026-07-14 17:51:01.898 DEBUG qt.scenegraph.time.renderloop: [window 0x7f20c65f8630][gui thread] Frame prepared, polish=0 ms, lock=0 ms, blockedForSync=0 ms, animations=0 ms
2026-07-14 17:51:01.898 DEBUG qt.scenegraph.time.renderer: time in renderer: total=0ms, preprocess=0, updates=0, rendering=0
2026-07-14 17:51:01.898 DEBUG qt.scenegraph.time.renderloop: [window 0x7f20c65f8630][render thread 0x7f20c0b174c0] syncAndRender: frame rendered in 0ms, sync=0, render=0, swap=0
2026-07-14 17:51:01.929 DEBUG qt.scenegraph.time.renderloop: [window 0x7f20c65f8630][gui thread] polishAndSync: start, elapsed since last call: 31 ms
2026-07-14 17:51:01.929 DEBUG qt.scenegraph.time.renderloop: [window 0x7f20c65f8630][render thread 0x7f20c0b174c0] syncAndRender: start, elapsed since last call: 31 ms
2026-07-14 17:51:01.929 DEBUG qt.scenegraph.time.renderloop: [window 0x7f20c65f8630][gui thread] Frame prepared, polish=0 ms, lock=0 ms, blockedForSync=0 ms, animations=0 ms
2026-07-14 17:51:01.929 DEBUG qt.scenegraph.time.renderer: time in renderer: total=0ms, preprocess=0, updates=0, rendering=0
2026-07-14 17:51:01.929 DEBUG qt.scenegraph.time.renderloop: [window 0x7f20c65f8630][render thread 0x7f20c0b174c0] syncAndRender: frame rendered in 0ms, sync=0, render=0, swap=0
2026-07-14 17:51:01.932 DEBUG qt.scenegraph.time.renderloop: [window 0x7f20c65f8630][gui thread] polishAndSync: start, elapsed since last call: 3 ms
2026-07-14 17:51:01.932 DEBUG qt.scenegraph.time.renderloop: [window 0x7f20c65f8630][render thread 0x7f20c0b174c0] syncAndRender: start, elapsed since last call: 3 ms
2026-07-14 17:51:01.932 DEBUG qt.scenegraph.time.renderloop: [window 0x7f20c65f8630][gui thread] Frame prepared, polish=0 ms, lock=0 ms, blockedForSync=0 ms, animations=0 ms
2026-07-14 17:51:01.932 DEBUG qt.scenegraph.time.renderer: time in renderer: total=0ms, preprocess=0, updates=0, rendering=0
2026-07-14 17:51:01.933 DEBUG qt.scenegraph.time.renderloop: [window 0x7f20c65f8630][render thread 0x7f20c0b174c0] syncAndRender: frame rendered in 0ms, sync=0, render=0, swap=0
2026-07-14 17:51:01.961 DEBUG qt.scenegraph.time.renderloop: [window 0x7f20c65f8630][gui thread] polishAndSync: start, elapsed since last call: 29 ms
2026-07-14 17:51:01.962 DEBUG qt.scenegraph.time.renderloop: [window 0x7f20c65f8630][render thread 0x7f20c0b174c0] syncAndRender: start, elapsed since last call: 29 ms
2026-07-14 17:51:01.962 DEBUG qt.scenegraph.time.renderloop: [window 0x7f20c65f8630][gui thread] Frame prepared, polish=0 ms, lock=0 ms, blockedForSync=0 ms, animations=0 ms
2026-07-14 17:51:01.962 DEBUG qt.scenegraph.time.renderer: time in renderer: total=0ms, preprocess=0, updates=0, rendering=0
2026-07-14 17:51:01.962 DEBUG qt.scenegraph.time.renderloop: [window 0x7f20c65f8630][render thread 0x7f20c0b174c0] syncAndRender: frame rendered in 0ms, sync=0, render=0, swap=0
2026-07-14 17:51:01.967 DEBUG qt.scenegraph.time.renderloop: [window 0x7f20c65f8630][gui thread] polishAndSync: start, elapsed since last call: 5 ms
2026-07-14 17:51:01.967 DEBUG qt.scenegraph.time.renderloop: [window 0x7f20c65f8630][render thread 0x7f20c0b174c0] syncAndRender: start, elapsed since last call: 5 ms
2026-07-14 17:51:01.967 DEBUG qt.scenegraph.time.renderloop: [window 0x7f20c65f8630][gui thread] Frame prepared, polish=0 ms, lock=0 ms, blockedForSync=0 ms, animations=0 ms
2026-07-14 17:51:01.967 DEBUG qt.scenegraph.time.renderer: time in renderer: total=0ms, preprocess=0, updates=0, rendering=0
2026-07-14 17:51:01.968 DEBUG qt.scenegraph.time.renderloop: [window 0x7f20c65f8630][render thread 0x7f20c0b174c0] syncAndRender: frame rendered in 0ms, sync=0, render=0, swap=0
2026-07-14 17:51:01.995 DEBUG qt.scenegraph.time.renderloop: [window 0x7f20c65f8630][gui thread] polishAndSync: start, elapsed since last call: 27 ms
2026-07-14 17:51:01.995 DEBUG qt.scenegraph.time.renderloop: [window 0x7f20c65f8630][render thread 0x7f20c0b174c0] syncAndRender: start, elapsed since last call: 28 ms
2026-07-14 17:51:01.995 DEBUG qt.scenegraph.time.renderloop: [window 0x7f20c65f8630][gui thread] Frame prepared, polish=0 ms, lock=0 ms, blockedForSync=0 ms, animations=0 ms
2026-07-14 17:51:01.996 DEBUG qt.scenegraph.time.renderer: time in renderer: total=0ms, preprocess=0, updates=0, rendering=0
2026-07-14 17:51:01.996 DEBUG qt.scenegraph.time.renderloop: [window 0x7f20c65f8630][render thread 0x7f20c0b174c0] syncAndRender: frame rendered in 0ms, sync=0, render=0, swap=0
2026-07-14 17:51:02.002 DEBUG qt.scenegraph.time.renderloop: [window 0x7f20c65f8630][gui thread] polishAndSync: start, elapsed since last call: 6 ms
2026-07-14 17:51:02.002 DEBUG qt.scenegraph.time.renderloop: [window 0x7f20c65f8630][render thread 0x7f20c0b174c0] syncAndRender: start, elapsed since last call: 6 ms
2026-07-14 17:51:02.002 DEBUG qt.scenegraph.time.renderloop: [window 0x7f20c65f8630][gui thread] Frame prepared, polish=0 ms, lock=0 ms, blockedForSync=0 ms, animations=0 ms
2026-07-14 17:51:02.002 DEBUG qt.scenegraph.time.renderer: time in renderer: total=0ms, preprocess=0, updates=0, rendering=0
2026-07-14 17:51:02.002 DEBUG qt.scenegraph.time.renderloop: [window 0x7f20c65f8630][render thread 0x7f20c0b174c0] syncAndRender: frame rendered in 0ms, sync=0, render=0, swap=0
2026-07-14 17:51:02.028 DEBUG qt.scenegraph.time.renderloop: [window 0x7f20c65f8630][gui thread] polishAndSync: start, elapsed since last call: 26 ms
2026-07-14 17:51:02.028 DEBUG qt.scenegraph.time.renderloop: [window 0x7f20c65f8630][render thread 0x7f20c0b174c0] syncAndRender: start, elapsed since last call: 26 ms
2026-07-14 17:51:02.028 DEBUG qt.scenegraph.time.renderloop: [window 0x7f20c65f8630][gui thread] Frame prepared, polish=0 ms, lock=0 ms, blockedForSync=0 ms, animations=0 ms
2026-07-14 17:51:02.028 DEBUG qt.scenegraph.time.renderer: time in renderer: total=0ms, preprocess=0, updates=0, rendering=0
2026-07-14 17:51:02.028 DEBUG qt.scenegraph.time.renderloop: [window 0x7f20c65f8630][render thread 0x7f20c0b174c0] syncAndRender: frame rendered in 0ms, sync=0, render=0, swap=0
2026-07-14 17:51:02.030 DEBUG qt.scenegraph.time.renderloop: [window 0x7f20c65f8630][gui thread] polishAndSync: start, elapsed since last call: 1 ms
2026-07-14 17:51:02.030 DEBUG qt.scenegraph.time.renderloop: [window 0x7f20c65f8630][render thread 0x7f20c0b174c0] syncAndRender: start, elapsed since last call: 1 ms
2026-07-14 17:51:02.030 DEBUG qt.scenegraph.time.renderloop: [window 0x7f20c65f8630][gui thread] Frame prepared, polish=0 ms, lock=0 ms, blockedForSync=0 ms, animations=0 ms
2026-07-14 17:51:02.030 DEBUG qt.scenegraph.time.renderer: time in renderer: total=0ms, preprocess=0, updates=0, rendering=0
2026-07-14 17:51:02.030 DEBUG qt.scenegraph.time.renderloop: [window 0x7f20c65f8630][render thread 0x7f20c0b174c0] syncAndRender: frame rendered in 0ms, sync=0, render=0, swap=0
2026-07-14 17:51:02.061 DEBUG qt.scenegraph.time.renderloop: [window 0x7f20c65f8630][gui thread] polishAndSync: start, elapsed since last call: 31 ms
2026-07-14 17:51:02.061 DEBUG qt.scenegraph.time.renderloop: [window 0x7f20c65f8630][render thread 0x7f20c0b174c0] syncAndRender: start, elapsed since last call: 31 ms
2026-07-14 17:51:02.061 DEBUG qt.scenegraph.time.renderloop: [window 0x7f20c65f8630][gui thread] Frame prepared, polish=0 ms, lock=0 ms, blockedForSync=0 ms, animations=0 ms
2026-07-14 17:51:02.061 DEBUG qt.scenegraph.time.renderer: time in renderer: total=0ms, preprocess=0, updates=0, rendering=0
2026-07-14 17:51:02.062 DEBUG qt.scenegraph.time.renderloop: [window 0x7f20c65f8630][render thread 0x7f20c0b174c0] syncAndRender: frame rendered in 0ms, sync=0, render=0, swap=0
2026-07-14 17:51:02.065 DEBUG qt.scenegraph.time.renderloop: [window 0x7f20c65f8630][gui thread] polishAndSync: start, elapsed since last call: 3 ms
2026-07-14 17:51:02.065 DEBUG qt.scenegraph.time.renderloop: [window 0x7f20c65f8630][render thread 0x7f20c0b174c0] syncAndRender: start, elapsed since last call: 3 ms
2026-07-14 17:51:02.065 DEBUG qt.scenegraph.time.renderloop: [window 0x7f20c65f8630][gui thread] Frame prepared, polish=0 ms, lock=0 ms, blockedForSync=0 ms, animations=0 ms
2026-07-14 17:51:02.065 DEBUG qt.scenegraph.time.renderer: time in renderer: total=0ms, preprocess=0, updates=0, rendering=0
2026-07-14 17:51:02.065 DEBUG qt.scenegraph.time.renderloop: [window 0x7f20c65f8630][render thread 0x7f20c0b174c0] syncAndRender: frame rendered in 0ms, sync=0, render=0, swap=0
2026-07-14 17:51:02.094 DEBUG qt.scenegraph.time.renderloop: [window 0x7f20c65f8630][gui thread] polishAndSync: start, elapsed since last call: 28 ms
2026-07-14 17:51:02.094 DEBUG qt.scenegraph.time.renderloop: [window 0x7f20c65f8630][render thread 0x7f20c0b174c0] syncAndRender: start, elapsed since last call: 29 ms
2026-07-14 17:51:02.094 DEBUG qt.scenegraph.time.renderloop: [window 0x7f20c65f8630][gui thread] Frame prepared, polish=0 ms, lock=0 ms, blockedForSync=0 ms, animations=0 ms
2026-07-14 17:51:02.094 DEBUG qt.scenegraph.time.renderer: time in renderer: total=0ms, preprocess=0, updates=0, rendering=0
2026-07-14 17:51:02.094 DEBUG qt.scenegraph.time.renderloop: [window 0x7f20c65f8630][render thread 0x7f20c0b174c0] syncAndRender: frame rendered in 0ms, sync=0, render=0, swap=0
2026-07-14 17:51:02.099 DEBUG qt.scenegraph.time.renderloop: [window 0x7f20c65f8630][gui thread] polishAndSync: start, elapsed since last call: 5 ms
2026-07-14 17:51:02.099 DEBUG qt.scenegraph.time.renderloop: [window 0x7f20c65f8630][render thread 0x7f20c0b174c0] syncAndRender: start, elapsed since last call: 5 ms
2026-07-14 17:51:02.099 DEBUG qt.scenegraph.time.renderloop: [window 0x7f20c65f8630][gui thread] Frame prepared, polish=0 ms, lock=0 ms, blockedForSync=0 ms, animations=0 ms
2026-07-14 17:51:02.100 DEBUG qt.scenegraph.time.renderer: time in renderer: total=0ms, preprocess=0, updates=0, rendering=0
2026-07-14 17:51:02.100 DEBUG qt.scenegraph.time.renderloop: [window 0x7f20c65f8630][render thread 0x7f20c0b174c0] syncAndRender: frame rendered in 0ms, sync=0, render=0, swap=0
2026-07-14 17:51:02.127 DEBUG qt.scenegraph.time.renderloop: [window 0x7f20c65f8630][gui thread] polishAndSync: start, elapsed since last call: 28 ms
2026-07-14 17:51:02.128 DEBUG qt.scenegraph.time.renderloop: [window 0x7f20c65f8630][render thread 0x7f20c0b174c0] syncAndRender: start, elapsed since last call: 28 ms
2026-07-14 17:51:02.128 DEBUG qt.scenegraph.time.renderloop: [window 0x7f20c65f8630][gui thread] Frame prepared, polish=0 ms, lock=0 ms, blockedForSync=0 ms, animations=0 ms
2026-07-14 17:51:02.128 DEBUG qt.scenegraph.time.renderer: time in renderer: total=0ms, preprocess=0, updates=0, rendering=0
2026-07-14 17:51:02.128 DEBUG qt.scenegraph.time.renderloop: [window 0x7f20c65f8630][render thread 0x7f20c0b174c0] syncAndRender: frame rendered in 0ms, sync=0, render=0, swap=0
2026-07-14 17:51:02.134 DEBUG qt.scenegraph.time.renderloop: [window 0x7f20c65f8630][gui thread] polishAndSync: start, elapsed since last call: 6 ms
2026-07-14 17:51:02.134 DEBUG qt.scenegraph.time.renderloop: [window 0x7f20c65f8630][render thread 0x7f20c0b174c0] syncAndRender: start, elapsed since last call: 6 ms
2026-07-14 17:51:02.134 DEBUG qt.scenegraph.time.renderloop: [window 0x7f20c65f8630][gui thread] Frame prepared, polish=0 ms, lock=0 ms, blockedForSync=0 ms, animations=0 ms
2026-07-14 17:51:02.134 DEBUG qt.scenegraph.time.renderer: time in renderer: total=0ms, preprocess=0, updates=0, rendering=0
2026-07-14 17:51:02.135 DEBUG qt.scenegraph.time.renderloop: [window 0x7f20c65f8630][render thread 0x7f20c0b174c0] syncAndRender: frame rendered in 0ms, sync=0, render=0, swap=0
2026-07-14 17:51:02.160 DEBUG qt.scenegraph.time.renderloop: [window 0x7f20c65f8630][gui thread] polishAndSync: start, elapsed since last call: 26 ms
2026-07-14 17:51:02.160 DEBUG qt.scenegraph.time.renderloop: [window 0x7f20c65f8630][render thread 0x7f20c0b174c0] syncAndRender: start, elapsed since last call: 26 ms
2026-07-14 17:51:02.160 DEBUG qt.scenegraph.time.renderloop: [window 0x7f20c65f8630][gui thread] Frame prepared, polish=0 ms, lock=0 ms, blockedForSync=0 ms, animations=0 ms
2026-07-14 17:51:02.160 DEBUG qt.scenegraph.time.renderer: time in renderer: total=0ms, preprocess=0, updates=0, rendering=0
2026-07-14 17:51:02.161 DEBUG qt.scenegraph.time.renderloop: [window 0x7f20c65f8630][render thread 0x7f20c0b174c0] syncAndRender: frame rendered in 0ms, sync=0, render=0, swap=0
2026-07-14 17:51:02.162 DEBUG qt.scenegraph.time.renderloop: [window 0x7f20c65f8630][gui thread] polishAndSync: start, elapsed since last call: 1 ms
2026-07-14 17:51:02.162 DEBUG qt.scenegraph.time.renderloop: [window 0x7f20c65f8630][render thread 0x7f20c0b174c0] syncAndRender: start, elapsed since last call: 1 ms
2026-07-14 17:51:02.162 DEBUG qt.scenegraph.time.renderloop: [window 0x7f20c65f8630][gui thread] Frame prepared, polish=0 ms, lock=0 ms, blockedForSync=0 ms, animations=0 ms
2026-07-14 17:51:02.162 DEBUG qt.scenegraph.time.renderer: time in renderer: total=0ms, preprocess=0, updates=0, rendering=0
2026-07-14 17:51:02.162 DEBUG qt.scenegraph.time.renderloop: [window 0x7f20c65f8630][render thread 0x7f20c0b174c0] syncAndRender: frame rendered in 0ms, sync=0, render=0, swap=0
2026-07-14 17:51:02.193 DEBUG qt.scenegraph.time.renderloop: [window 0x7f20c65f8630][gui thread] polishAndSync: start, elapsed since last call: 31 ms
2026-07-14 17:51:02.193 DEBUG qt.scenegraph.time.renderloop: [window 0x7f20c65f8630][render thread 0x7f20c0b174c0] syncAndRender: start, elapsed since last call: 31 ms
2026-07-14 17:51:02.193 DEBUG qt.scenegraph.time.renderloop: [window 0x7f20c65f8630][gui thread] Frame prepared, polish=0 ms, lock=0 ms, blockedForSync=0 ms, animations=0 ms
2026-07-14 17:51:02.193 DEBUG qt.scenegraph.time.renderer: time in renderer: total=0ms, preprocess=0, updates=0, rendering=0
2026-07-14 17:51:02.194 DEBUG qt.scenegraph.time.renderloop: [window 0x7f20c65f8630][render thread 0x7f20c0b174c0] syncAndRender: frame rendered in 0ms, sync=0, render=0, swap=0
2026-07-14 17:51:02.197 DEBUG qt.scenegraph.time.renderloop: [window 0x7f20c65f8630][gui thread] polishAndSync: start, elapsed since last call: 3 ms
2026-07-14 17:51:02.197 DEBUG qt.scenegraph.time.renderloop: [window 0x7f20c65f8630][render thread 0x7f20c0b174c0] syncAndRender: start, elapsed since last call: 3 ms
2026-07-14 17:51:02.197 DEBUG qt.scenegraph.time.renderloop: [window 0x7f20c65f8630][gui thread] Frame prepared, polish=0 ms, lock=0 ms, blockedForSync=0 ms, animations=0 ms
2026-07-14 17:51:02.197 DEBUG qt.scenegraph.time.renderer: time in renderer: total=0ms, preprocess=0, updates=0, rendering=0
2026-07-14 17:51:02.197 DEBUG qt.scenegraph.time.renderloop: [window 0x7f20c65f8630][render thread 0x7f20c0b174c0] syncAndRender: frame rendered in 0ms, sync=0, render=0, swap=0
2026-07-14 17:51:02.226 DEBUG qt.scenegraph.time.renderloop: [window 0x7f20c65f8630][gui thread] polishAndSync: start, elapsed since last call: 29 ms
2026-07-14 17:51:02.226 DEBUG qt.scenegraph.time.renderloop: [window 0x7f20c65f8630][render thread 0x7f20c0b174c0] syncAndRender: start, elapsed since last call: 29 ms
2026-07-14 17:51:02.226 DEBUG qt.scenegraph.time.renderloop: [window 0x7f20c65f8630][gui thread] Frame prepared, polish=0 ms, lock=0 ms, blockedForSync=0 ms, animations=0 ms
2026-07-14 17:51:02.226 DEBUG qt.scenegraph.time.renderer: time in renderer: total=0ms, preprocess=0, updates=0, rendering=0
2026-07-14 17:51:02.226 DEBUG qt.scenegraph.time.renderloop: [window 0x7f20c65f8630][render thread 0x7f20c0b174c0] syncAndRender: frame rendered in 0ms, sync=0, render=0, swap=0
2026-07-14 17:51:02.231 DEBUG qt.scenegraph.time.renderloop: [window 0x7f20c65f8630][gui thread] polishAndSync: start, elapsed since last call: 5 ms
2026-07-14 17:51:02.231 DEBUG qt.scenegraph.time.renderloop: [window 0x7f20c65f8630][render thread 0x7f20c0b174c0] syncAndRender: start, elapsed since last call: 5 ms
2026-07-14 17:51:02.231 DEBUG qt.scenegraph.time.renderloop: [window 0x7f20c65f8630][gui thread] Frame prepared, polish=0 ms, lock=0 ms, blockedForSync=0 ms, animations=0 ms
2026-07-14 17:51:02.231 DEBUG qt.scenegraph.time.renderer: time in renderer: total=0ms, preprocess=0, updates=0, rendering=0
2026-07-14 17:51:02.232 DEBUG qt.scenegraph.time.renderloop: [window 0x7f20c65f8630][render thread 0x7f20c0b174c0] syncAndRender: frame rendered in 0ms, sync=0, render=0, swap=0
2026-07-14 17:51:02.259 DEBUG qt.scenegraph.time.renderloop: [window 0x7f20c65f8630][gui thread] polishAndSync: start, elapsed since last call: 28 ms
2026-07-14 17:51:02.260 DEBUG qt.scenegraph.time.renderloop: [window 0x7f20c65f8630][render thread 0x7f20c0b174c0] syncAndRender: start, elapsed since last call: 28 ms
2026-07-14 17:51:02.260 DEBUG qt.scenegraph.time.renderloop: [window 0x7f20c65f8630][gui thread] Frame prepared, polish=0 ms, lock=0 ms, blockedForSync=0 ms, animations=0 ms
2026-07-14 17:51:02.260 DEBUG qt.scenegraph.time.renderer: time in renderer: total=0ms, preprocess=0, updates=0, rendering=0
2026-07-14 17:51:02.260 DEBUG qt.scenegraph.time.renderloop: [window 0x7f20c65f8630][render thread 0x7f20c0b174c0] syncAndRender: frame rendered in 0ms, sync=0, render=0, swap=0
2026-07-14 17:51:02.266 DEBUG qt.scenegraph.time.renderloop: [window 0x7f20c65f8630][gui thread] polishAndSync: start, elapsed since last call: 6 ms
2026-07-14 17:51:02.266 DEBUG qt.scenegraph.time.renderloop: [window 0x7f20c65f8630][render thread 0x7f20c0b174c0] syncAndRender: start, elapsed since last call: 6 ms
2026-07-14 17:51:02.266 DEBUG qt.scenegraph.time.renderloop: [window 0x7f20c65f8630][gui thread] Frame prepared, polish=0 ms, lock=0 ms, blockedForSync=0 ms, animations=0 ms
2026-07-14 17:51:02.266 DEBUG qt.scenegraph.time.renderer: time in renderer: total=0ms, preprocess=0, updates=0, rendering=0
2026-07-14 17:51:02.267 DEBUG qt.scenegraph.time.renderloop: [window 0x7f20c65f8630][render thread 0x7f20c0b174c0] syncAndRender: frame rendered in 0ms, sync=0, render=0, swap=0
2026-07-14 17:51:02.292 DEBUG qt.scenegraph.time.renderloop: [window 0x7f20c65f8630][gui thread] polishAndSync: start, elapsed since last call: 26 ms
2026-07-14 17:51:02.294 DEBUG qt.scenegraph.time.renderloop: [window 0x7f20c65f8630][render thread 0x7f20c0b174c0] syncAndRender: start, elapsed since last call: 28 ms
2026-07-14 17:51:02.294 DEBUG qt.scenegraph.time.renderloop: [window 0x7f20c65f8630][gui thread] Frame prepared, polish=1 ms, lock=0 ms, blockedForSync=0 ms, animations=0 ms
2026-07-14 17:51:02.294 DEBUG qt.scenegraph.time.renderer: time in renderer: total=0ms, preprocess=0, updates=0, rendering=0
2026-07-14 17:51:02.295 DEBUG qt.scenegraph.time.renderloop: [window 0x7f20c65f8630][render thread 0x7f20c0b174c0] syncAndRender: frame rendered in 0ms, sync=0, render=0, swap=0
2026-07-14 17:51:02.301 DEBUG qt.scenegraph.time.renderloop: [window 0x7f20c65f8630][gui thread] polishAndSync: start, elapsed since last call: 8 ms
2026-07-14 17:51:02.301 DEBUG qt.scenegraph.time.renderloop: [window 0x7f20c65f8630][render thread 0x7f20c0b174c0] syncAndRender: start, elapsed since last call: 6 ms
2026-07-14 17:51:02.301 DEBUG qt.scenegraph.time.renderloop: [window 0x7f20c65f8630][gui thread] Frame prepared, polish=0 ms, lock=0 ms, blockedForSync=0 ms, animations=0 ms
2026-07-14 17:51:02.301 DEBUG qt.scenegraph.time.renderer: time in renderer: total=0ms, preprocess=0, updates=0, rendering=0
2026-07-14 17:51:02.301 DEBUG qt.scenegraph.time.renderloop: [window 0x7f20c65f8630][render thread 0x7f20c0b174c0] syncAndRender: frame rendered in 0ms, sync=0, render=0, swap=0
2026-07-14 17:51:02.325 DEBUG qt.scenegraph.time.renderloop: [window 0x7f20c65f8630][gui thread] polishAndSync: start, elapsed since last call: 23 ms
2026-07-14 17:51:02.325 DEBUG qt.scenegraph.time.renderloop: [window 0x7f20c65f8630][render thread 0x7f20c0b174c0] syncAndRender: start, elapsed since last call: 24 ms
2026-07-14 17:51:02.325 DEBUG qt.scenegraph.time.renderloop: [window 0x7f20c65f8630][gui thread] Frame prepared, polish=0 ms, lock=0 ms, blockedForSync=0 ms, animations=0 ms
2026-07-14 17:51:02.325 DEBUG qt.scenegraph.time.renderer: time in renderer: total=0ms, preprocess=0, updates=0, rendering=0
2026-07-14 17:51:02.325 DEBUG qt.scenegraph.time.renderloop: [window 0x7f20c65f8630][render thread 0x7f20c0b174c0] syncAndRender: frame rendered in 0ms, sync=0, render=0, swap=0
2026-07-14 17:51:02.329 DEBUG qt.scenegraph.time.renderloop: [window 0x7f20c65f8630][gui thread] polishAndSync: start, elapsed since last call: 3 ms
2026-07-14 17:51:02.329 DEBUG qt.scenegraph.time.renderloop: [window 0x7f20c65f8630][render thread 0x7f20c0b174c0] syncAndRender: start, elapsed since last call: 3 ms
2026-07-14 17:51:02.329 DEBUG qt.scenegraph.time.renderloop: [window 0x7f20c65f8630][gui thread] Frame prepared, polish=0 ms, lock=0 ms, blockedForSync=0 ms, animations=0 ms
2026-07-14 17:51:02.329 DEBUG qt.scenegraph.time.renderer: time in renderer: total=0ms, preprocess=0, updates=0, rendering=0
2026-07-14 17:51:02.329 DEBUG qt.scenegraph.time.renderloop: [window 0x7f20c65f8630][render thread 0x7f20c0b174c0] syncAndRender: frame rendered in 0ms, sync=0, render=0, swap=0
2026-07-14 17:51:02.358 DEBUG qt.scenegraph.time.renderloop: [window 0x7f20c65f8630][gui thread] polishAndSync: start, elapsed since last call: 29 ms
2026-07-14 17:51:02.358 DEBUG qt.scenegraph.time.renderloop: [window 0x7f20c65f8630][render thread 0x7f20c0b174c0] syncAndRender: start, elapsed since last call: 29 ms
2026-07-14 17:51:02.358 DEBUG qt.scenegraph.time.renderloop: [window 0x7f20c65f8630][gui thread] Frame prepared, polish=0 ms, lock=0 ms, blockedForSync=0 ms, animations=0 ms
2026-07-14 17:51:02.358 DEBUG qt.scenegraph.time.renderer: time in renderer: total=0ms, preprocess=0, updates=0, rendering=0
2026-07-14 17:51:02.358 DEBUG qt.scenegraph.time.renderloop: [window 0x7f20c65f8630][render thread 0x7f20c0b174c0] syncAndRender: frame rendered in 0ms, sync=0, render=0, swap=0
2026-07-14 17:51:02.363 DEBUG qt.scenegraph.time.renderloop: [window 0x7f20c65f8630][gui thread] polishAndSync: start, elapsed since last call: 5 ms
2026-07-14 17:51:02.363 DEBUG qt.scenegraph.time.renderloop: [window 0x7f20c65f8630][render thread 0x7f20c0b174c0] syncAndRender: start, elapsed since last call: 5 ms
2026-07-14 17:51:02.363 DEBUG qt.scenegraph.time.renderloop: [window 0x7f20c65f8630][gui thread] Frame prepared, polish=0 ms, lock=0 ms, blockedForSync=0 ms, animations=0 ms
2026-07-14 17:51:02.363 DEBUG qt.scenegraph.time.renderer: time in renderer: total=0ms, preprocess=0, updates=0, rendering=0
2026-07-14 17:51:02.364 DEBUG qt.scenegraph.time.renderloop: [window 0x7f20c65f8630][render thread 0x7f20c0b174c0] syncAndRender: frame rendered in 0ms, sync=0, render=0, swap=0
2026-07-14 17:51:02.391 DEBUG qt.scenegraph.time.renderloop: [window 0x7f20c65f8630][gui thread] polishAndSync: start, elapsed since last call: 28 ms
2026-07-14 17:51:02.392 DEBUG qt.scenegraph.time.renderloop: [window 0x7f20c65f8630][render thread 0x7f20c0b174c0] syncAndRender: start, elapsed since last call: 28 ms
2026-07-14 17:51:02.392 DEBUG qt.scenegraph.time.renderloop: [window 0x7f20c65f8630][gui thread] Frame prepared, polish=0 ms, lock=0 ms, blockedForSync=0 ms, animations=0 ms
2026-07-14 17:51:02.392 DEBUG qt.scenegraph.time.renderer: time in renderer: total=0ms, preprocess=0, updates=0, rendering=0
2026-07-14 17:51:02.392 DEBUG qt.scenegraph.time.renderloop: [window 0x7f20c65f8630][render thread 0x7f20c0b174c0] syncAndRender: frame rendered in 0ms, sync=0, render=0, swap=0
2026-07-14 17:51:02.398 DEBUG qt.scenegraph.time.renderloop: [window 0x7f20c65f8630][gui thread] polishAndSync: start, elapsed since last call: 6 ms
2026-07-14 17:51:02.398 DEBUG qt.scenegraph.time.renderloop: [window 0x7f20c65f8630][render thread 0x7f20c0b174c0] syncAndRender: start, elapsed since last call: 6 ms
2026-07-14 17:51:02.398 DEBUG qt.scenegraph.time.renderloop: [window 0x7f20c65f8630][gui thread] Frame prepared, polish=0 ms, lock=0 ms, blockedForSync=0 ms, animations=0 ms
2026-07-14 17:51:02.398 DEBUG qt.scenegraph.time.renderer: time in renderer: total=0ms, preprocess=0, updates=0, rendering=0
2026-07-14 17:51:02.398 DEBUG qt.scenegraph.time.renderloop: [window 0x7f20c65f8630][render thread 0x7f20c0b174c0] syncAndRender: frame rendered in 0ms, sync=0, render=0, swap=0
2026-07-14 17:51:02.424 DEBUG qt.scenegraph.time.renderloop: [window 0x7f20c65f8630][gui thread] polishAndSync: start, elapsed since last call: 26 ms
2026-07-14 17:51:02.424 DEBUG qt.scenegraph.time.renderloop: [window 0x7f20c65f8630][render thread 0x7f20c0b174c0] syncAndRender: start, elapsed since last call: 26 ms
2026-07-14 17:51:02.424 DEBUG qt.scenegraph.time.renderloop: [window 0x7f20c65f8630][gui thread] Frame prepared, polish=0 ms, lock=0 ms, blockedForSync=0 ms, animations=0 ms
2026-07-14 17:51:02.424 DEBUG qt.scenegraph.time.renderer: time in renderer: total=0ms, preprocess=0, updates=0, rendering=0
2026-07-14 17:51:02.425 DEBUG qt.scenegraph.time.renderloop: [window 0x7f20c65f8630][render thread 0x7f20c0b174c0] syncAndRender: frame rendered in 0ms, sync=0, render=0, swap=0
2026-07-14 17:51:02.426 DEBUG qt.scenegraph.time.renderloop: [window 0x7f20c65f8630][gui thread] polishAndSync: start, elapsed since last call: 1 ms
2026-07-14 17:51:02.426 DEBUG qt.scenegraph.time.renderloop: [window 0x7f20c65f8630][render thread 0x7f20c0b174c0] syncAndRender: start, elapsed since last call: 1 ms
2026-07-14 17:51:02.426 DEBUG qt.scenegraph.time.renderloop: [window 0x7f20c65f8630][gui thread] Frame prepared, polish=0 ms, lock=0 ms, blockedForSync=0 ms, animations=0 ms
2026-07-14 17:51:02.426 DEBUG qt.scenegraph.time.renderer: time in renderer: total=0ms, preprocess=0, updates=0, rendering=0
2026-07-14 17:51:02.426 DEBUG qt.scenegraph.time.renderloop: [window 0x7f20c65f8630][render thread 0x7f20c0b174c0] syncAndRender: frame rendered in 0ms, sync=0, render=0, swap=0
2026-07-14 17:51:02.457 DEBUG qt.scenegraph.time.renderloop: [window 0x7f20c65f8630][gui thread] polishAndSync: start, elapsed since last call: 31 ms
2026-07-14 17:51:02.457 DEBUG qt.scenegraph.time.renderloop: [window 0x7f20c65f8630][render thread 0x7f20c0b174c0] syncAndRender: start, elapsed since last call: 31 ms
2026-07-14 17:51:02.457 DEBUG qt.scenegraph.time.renderloop: [window 0x7f20c65f8630][gui thread] Frame prepared, polish=0 ms, lock=0 ms, blockedForSync=0 ms, animations=0 ms
2026-07-14 17:51:02.457 DEBUG qt.scenegraph.time.renderer: time in renderer: total=0ms, preprocess=0, updates=0, rendering=0
2026-07-14 17:51:02.457 DEBUG qt.scenegraph.time.renderloop: [window 0x7f20c65f8630][render thread 0x7f20c0b174c0] syncAndRender: frame rendered in 0ms, sync=0, render=0, swap=0
2026-07-14 17:51:02.461 DEBUG qt.scenegraph.time.renderloop: [window 0x7f20c65f8630][gui thread] polishAndSync: start, elapsed since last call: 3 ms
2026-07-14 17:51:02.461 DEBUG qt.scenegraph.time.renderloop: [window 0x7f20c65f8630][render thread 0x7f20c0b174c0] syncAndRender: start, elapsed since last call: 3 ms
2026-07-14 17:51:02.461 DEBUG qt.scenegraph.time.renderloop: [window 0x7f20c65f8630][gui thread] Frame prepared, polish=0 ms, lock=0 ms, blockedForSync=0 ms, animations=0 ms
2026-07-14 17:51:02.461 DEBUG qt.scenegraph.time.renderer: time in renderer: total=0ms, preprocess=0, updates=0, rendering=0
2026-07-14 17:51:02.461 DEBUG qt.scenegraph.time.renderloop: [window 0x7f20c65f8630][render thread 0x7f20c0b174c0] syncAndRender: frame rendered in 0ms, sync=0, render=0, swap=0
2026-07-14 17:51:02.490 DEBUG qt.scenegraph.time.renderloop: [window 0x7f20c65f8630][gui thread] polishAndSync: start, elapsed since last call: 29 ms
2026-07-14 17:51:02.490 DEBUG qt.scenegraph.time.renderloop: [window 0x7f20c65f8630][render thread 0x7f20c0b174c0] syncAndRender: start, elapsed since last call: 29 ms
2026-07-14 17:51:02.490 DEBUG qt.scenegraph.time.renderloop: [window 0x7f20c65f8630][gui thread] Frame prepared, polish=0 ms, lock=0 ms, blockedForSync=0 ms, animations=0 ms
2026-07-14 17:51:02.490 DEBUG qt.scenegraph.time.renderer: time in renderer: total=0ms, preprocess=0, updates=0, rendering=0
2026-07-14 17:51:02.490 DEBUG qt.scenegraph.time.renderloop: [window 0x7f20c65f8630][render thread 0x7f20c0b174c0] syncAndRender: frame rendered in 0ms, sync=0, render=0, swap=0
2026-07-14 17:51:02.495 DEBUG qt.scenegraph.time.renderloop: [window 0x7f20c65f8630][gui thread] polishAndSync: start, elapsed since last call: 5 ms
2026-07-14 17:51:02.495 DEBUG qt.scenegraph.time.renderloop: [window 0x7f20c65f8630][render thread 0x7f20c0b174c0] syncAndRender: start, elapsed since last call: 5 ms
2026-07-14 17:51:02.495 DEBUG qt.scenegraph.time.renderloop: [window 0x7f20c65f8630][gui thread] Frame prepared, polish=0 ms, lock=0 ms, blockedForSync=0 ms, animations=0 ms
2026-07-14 17:51:02.495 DEBUG qt.scenegraph.time.renderer: time in renderer: total=0ms, preprocess=0, updates=0, rendering=0
2026-07-14 17:51:02.496 DEBUG qt.scenegraph.time.renderloop: [window 0x7f20c65f8630][render thread 0x7f20c0b174c0] syncAndRender: frame rendered in 0ms, sync=0, render=0, swap=0
2026-07-14 17:51:02.523 DEBUG qt.scenegraph.time.renderloop: [window 0x7f20c65f8630][gui thread] polishAndSync: start, elapsed since last call: 28 ms
2026-07-14 17:51:02.524 DEBUG qt.scenegraph.time.renderloop: [window 0x7f20c65f8630][render thread 0x7f20c0b174c0] syncAndRender: start, elapsed since last call: 28 ms
2026-07-14 17:51:02.524 DEBUG qt.scenegraph.time.renderloop: [window 0x7f20c65f8630][gui thread] Frame prepared, polish=0 ms, lock=0 ms, blockedForSync=0 ms, animations=0 ms
2026-07-14 17:51:02.524 DEBUG qt.scenegraph.time.renderer: time in renderer: total=0ms, preprocess=0, updates=0, rendering=0
2026-07-14 17:51:02.524 DEBUG qt.scenegraph.time.renderloop: [window 0x7f20c65f8630][render thread 0x7f20c0b174c0] syncAndRender: frame rendered in 0ms, sync=0, render=0, swap=0
2026-07-14 17:51:02.530 DEBUG qt.scenegraph.time.renderloop: [window 0x7f20c65f8630][gui thread] polishAndSync: start, elapsed since last call: 6 ms
2026-07-14 17:51:02.530 DEBUG qt.scenegraph.time.renderloop: [window 0x7f20c65f8630][render thread 0x7f20c0b174c0] syncAndRender: start, elapsed since last call: 6 ms
2026-07-14 17:51:02.530 DEBUG qt.scenegraph.time.renderloop: [window 0x7f20c65f8630][gui thread] Frame prepared, polish=0 ms, lock=0 ms, blockedForSync=0 ms, animations=0 ms
2026-07-14 17:51:02.530 DEBUG qt.scenegraph.time.renderer: time in renderer: total=0ms, preprocess=0, updates=0, rendering=0
2026-07-14 17:51:02.530 DEBUG qt.scenegraph.time.renderloop: [window 0x7f20c65f8630][render thread 0x7f20c0b174c0] syncAndRender: frame rendered in 0ms, sync=0, render=0, swap=0
2026-07-14 17:51:02.556 DEBUG qt.scenegraph.time.renderloop: [window 0x7f20c65f8630][gui thread] polishAndSync: start, elapsed since last call: 26 ms
2026-07-14 17:51:02.556 DEBUG qt.scenegraph.time.renderloop: [window 0x7f20c65f8630][render thread 0x7f20c0b174c0] syncAndRender: start, elapsed since last call: 26 ms
2026-07-14 17:51:02.556 DEBUG qt.scenegraph.time.renderloop: [window 0x7f20c65f8630][gui thread] Frame prepared, polish=0 ms, lock=0 ms, blockedForSync=0 ms, animations=0 ms
2026-07-14 17:51:02.556 DEBUG qt.scenegraph.time.renderer: time in renderer: total=0ms, preprocess=0, updates=0, rendering=0
2026-07-14 17:51:02.557 DEBUG qt.scenegraph.time.renderloop: [window 0x7f20c65f8630][render thread 0x7f20c0b174c0] syncAndRender: frame rendered in 0ms, sync=0, render=0, swap=0
2026-07-14 17:51:02.558 DEBUG qt.scenegraph.time.renderloop: [window 0x7f20c65f8630][gui thread] polishAndSync: start, elapsed since last call: 1 ms
2026-07-14 17:51:02.558 DEBUG qt.scenegraph.time.renderloop: [window 0x7f20c65f8630][render thread 0x7f20c0b174c0] syncAndRender: start, elapsed since last call: 1 ms
2026-07-14 17:51:02.558 DEBUG qt.scenegraph.time.renderloop: [window 0x7f20c65f8630][gui thread] Frame prepared, polish=0 ms, lock=0 ms, blockedForSync=0 ms, animations=0 ms
2026-07-14 17:51:02.558 DEBUG qt.scenegraph.time.renderer: time in renderer: total=0ms, preprocess=0, updates=0, rendering=0
2026-07-14 17:51:02.558 DEBUG qt.scenegraph.time.renderloop: [window 0x7f20c65f8630][render thread 0x7f20c0b174c0] syncAndRender: frame rendered in 0ms, sync=0, render=0, swap=0
2026-07-14 17:51:02.589 DEBUG qt.scenegraph.time.renderloop: [window 0x7f20c65f8630][gui thread] polishAndSync: start, elapsed since last call: 31 ms
2026-07-14 17:51:02.589 DEBUG qt.scenegraph.time.renderloop: [window 0x7f20c65f8630][render thread 0x7f20c0b174c0] syncAndRender: start, elapsed since last call: 31 ms
2026-07-14 17:51:02.589 DEBUG qt.scenegraph.time.renderloop: [window 0x7f20c65f8630][gui thread] Frame prepared, polish=0 ms, lock=0 ms, blockedForSync=0 ms, animations=0 ms
2026-07-14 17:51:02.589 DEBUG qt.scenegraph.time.renderer: time in renderer: total=0ms, preprocess=0, updates=0, rendering=0
2026-07-14 17:51:02.589 DEBUG qt.scenegraph.time.renderloop: [window 0x7f20c65f8630][render thread 0x7f20c0b174c0] syncAndRender: frame rendered in 0ms, sync=0, render=0, swap=0
2026-07-14 17:51:02.593 DEBUG qt.scenegraph.time.renderloop: [window 0x7f20c65f8630][gui thread] polishAndSync: start, elapsed since last call: 3 ms
2026-07-14 17:51:02.593 DEBUG qt.scenegraph.time.renderloop: [window 0x7f20c65f8630][render thread 0x7f20c0b174c0] syncAndRender: start, elapsed since last call: 3 ms
2026-07-14 17:51:02.593 DEBUG qt.scenegraph.time.renderloop: [window 0x7f20c65f8630][gui thread] Frame prepared, polish=0 ms, lock=0 ms, blockedForSync=0 ms, animations=0 ms
2026-07-14 17:51:02.593 DEBUG qt.scenegraph.time.renderer: time in renderer: total=0ms, preprocess=0, updates=0, rendering=0
2026-07-14 17:51:02.593 DEBUG qt.scenegraph.time.renderloop: [window 0x7f20c65f8630][render thread 0x7f20c0b174c0] syncAndRender: frame rendered in 0ms, sync=0, render=0, swap=0
2026-07-14 17:51:02.622 DEBUG qt.scenegraph.time.renderloop: [window 0x7f20c65f8630][gui thread] polishAndSync: start, elapsed since last call: 29 ms
2026-07-14 17:51:02.622 DEBUG qt.scenegraph.time.renderloop: [window 0x7f20c65f8630][render thread 0x7f20c0b174c0] syncAndRender: start, elapsed since last call: 29 ms
2026-07-14 17:51:02.622 DEBUG qt.scenegraph.time.renderloop: [window 0x7f20c65f8630][gui thread] Frame prepared, polish=0 ms, lock=0 ms, blockedForSync=0 ms, animations=0 ms
2026-07-14 17:51:02.622 DEBUG qt.scenegraph.time.renderer: time in renderer: total=0ms, preprocess=0, updates=0, rendering=0
2026-07-14 17:51:02.622 DEBUG qt.scenegraph.time.renderloop: [window 0x7f20c65f8630][render thread 0x7f20c0b174c0] syncAndRender: frame rendered in 0ms, sync=0, render=0, swap=0
2026-07-14 17:51:02.627 DEBUG qt.scenegraph.time.renderloop: [window 0x7f20c65f8630][gui thread] polishAndSync: start, elapsed since last call: 5 ms
2026-07-14 17:51:02.627 DEBUG qt.scenegraph.time.renderloop: [window 0x7f20c65f8630][render thread 0x7f20c0b174c0] syncAndRender: start, elapsed since last call: 5 ms
2026-07-14 17:51:02.627 DEBUG qt.scenegraph.time.renderloop: [window 0x7f20c65f8630][gui thread] Frame prepared, polish=0 ms, lock=0 ms, blockedForSync=0 ms, animations=0 ms
2026-07-14 17:51:02.627 DEBUG qt.scenegraph.time.renderer: time in renderer: total=0ms, preprocess=0, updates=0, rendering=0
2026-07-14 17:51:02.628 DEBUG qt.scenegraph.time.renderloop: [window 0x7f20c65f8630][render thread 0x7f20c0b174c0] syncAndRender: frame rendered in 0ms, sync=0, render=0, swap=0
2026-07-14 17:51:02.655 DEBUG qt.scenegraph.time.renderloop: [window 0x7f20c65f8630][gui thread] polishAndSync: start, elapsed since last call: 28 ms
2026-07-14 17:51:02.656 DEBUG qt.scenegraph.time.renderloop: [window 0x7f20c65f8630][render thread 0x7f20c0b174c0] syncAndRender: start, elapsed since last call: 28 ms
2026-07-14 17:51:02.656 DEBUG qt.scenegraph.time.renderloop: [window 0x7f20c65f8630][gui thread] Frame prepared, polish=0 ms, lock=0 ms, blockedForSync=0 ms, animations=0 ms
2026-07-14 17:51:02.656 DEBUG qt.scenegraph.time.renderer: time in renderer: total=0ms, preprocess=0, updates=0, rendering=0
2026-07-14 17:51:02.656 DEBUG qt.scenegraph.time.renderloop: [window 0x7f20c65f8630][render thread 0x7f20c0b174c0] syncAndRender: frame rendered in 0ms, sync=0, render=0, swap=0
2026-07-14 17:51:02.662 DEBUG qt.scenegraph.time.renderloop: [window 0x7f20c65f8630][gui thread] polishAndSync: start, elapsed since last call: 6 ms
2026-07-14 17:51:02.662 DEBUG qt.scenegraph.time.renderloop: [window 0x7f20c65f8630][render thread 0x7f20c0b174c0] syncAndRender: start, elapsed since last call: 6 ms
2026-07-14 17:51:02.662 DEBUG qt.scenegraph.time.renderloop: [window 0x7f20c65f8630][gui thread] Frame prepared, polish=0 ms, lock=0 ms, blockedForSync=0 ms, animations=0 ms
2026-07-14 17:51:02.662 DEBUG qt.scenegraph.time.renderer: time in renderer: total=0ms, preprocess=0, updates=0, rendering=0
2026-07-14 17:51:02.662 DEBUG qt.scenegraph.time.renderloop: [window 0x7f20c65f8630][render thread 0x7f20c0b174c0] syncAndRender: frame rendered in 0ms, sync=0, render=0, swap=0
2026-07-14 17:51:02.688 DEBUG qt.scenegraph.time.renderloop: [window 0x7f20c65f8630][gui thread] polishAndSync: start, elapsed since last call: 26 ms
2026-07-14 17:51:02.688 DEBUG qt.scenegraph.time.renderloop: [window 0x7f20c65f8630][render thread 0x7f20c0b174c0] syncAndRender: start, elapsed since last call: 26 ms
2026-07-14 17:51:02.688 DEBUG qt.scenegraph.time.renderloop: [window 0x7f20c65f8630][gui thread] Frame prepared, polish=0 ms, lock=0 ms, blockedForSync=0 ms, animations=0 ms
2026-07-14 17:51:02.688 DEBUG qt.scenegraph.time.renderer: time in renderer: total=0ms, preprocess=0, updates=0, rendering=0
2026-07-14 17:51:02.688 DEBUG qt.scenegraph.time.renderloop: [window 0x7f20c65f8630][render thread 0x7f20c0b174c0] syncAndRender: frame rendered in 0ms, sync=0, render=0, swap=0
2026-07-14 17:51:02.690 DEBUG qt.scenegraph.time.renderloop: [window 0x7f20c65f8630][gui thread] polishAndSync: start, elapsed since last call: 1 ms
2026-07-14 17:51:02.690 DEBUG qt.scenegraph.time.renderloop: [window 0x7f20c65f8630][render thread 0x7f20c0b174c0] syncAndRender: start, elapsed since last call: 1 ms
2026-07-14 17:51:02.690 DEBUG qt.scenegraph.time.renderloop: [window 0x7f20c65f8630][gui thread] Frame prepared, polish=0 ms, lock=0 ms, blockedForSync=0 ms, animations=0 ms
2026-07-14 17:51:02.690 DEBUG qt.scenegraph.time.renderer: time in renderer: total=0ms, preprocess=0, updates=0, rendering=0
2026-07-14 17:51:02.690 DEBUG qt.scenegraph.time.renderloop: [window 0x7f20c65f8630][render thread 0x7f20c0b174c0] syncAndRender: frame rendered in 0ms, sync=0, render=0, swap=0
2026-07-14 17:51:02.721 DEBUG qt.scenegraph.time.renderloop: [window 0x7f20c65f8630][gui thread] polishAndSync: start, elapsed since last call: 31 ms
2026-07-14 17:51:02.721 DEBUG qt.scenegraph.time.renderloop: [window 0x7f20c65f8630][render thread 0x7f20c0b174c0] syncAndRender: start, elapsed since last call: 31 ms
2026-07-14 17:51:02.721 DEBUG qt.scenegraph.time.renderloop: [window 0x7f20c65f8630][gui thread] Frame prepared, polish=0 ms, lock=0 ms, blockedForSync=0 ms, animations=0 ms
2026-07-14 17:51:02.721 DEBUG qt.scenegraph.time.renderer: time in renderer: total=0ms, preprocess=0, updates=0, rendering=0
2026-07-14 17:51:02.721 DEBUG qt.scenegraph.time.renderloop: [window 0x7f20c65f8630][render thread 0x7f20c0b174c0] syncAndRender: frame rendered in 0ms, sync=0, render=0, swap=0
2026-07-14 17:51:02.725 DEBUG qt.scenegraph.time.renderloop: [window 0x7f20c65f8630][gui thread] polishAndSync: start, elapsed since last call: 3 ms
2026-07-14 17:51:02.725 DEBUG qt.scenegraph.time.renderloop: [window 0x7f20c65f8630][render thread 0x7f20c0b174c0] syncAndRender: start, elapsed since last call: 3 ms
2026-07-14 17:51:02.725 DEBUG qt.scenegraph.time.renderloop: [window 0x7f20c65f8630][gui thread] Frame prepared, polish=0 ms, lock=0 ms, blockedForSync=0 ms, animations=0 ms
2026-07-14 17:51:02.725 DEBUG qt.scenegraph.time.renderer: time in renderer: total=0ms, preprocess=0, updates=0, rendering=0
2026-07-14 17:51:02.725 DEBUG qt.scenegraph.time.renderloop: [window 0x7f20c65f8630][render thread 0x7f20c0b174c0] syncAndRender: frame rendered in 0ms, sync=0, render=0, swap=0
2026-07-14 17:51:02.754 DEBUG qt.scenegraph.time.renderloop: [window 0x7f20c65f8630][gui thread] polishAndSync: start, elapsed since last call: 29 ms
2026-07-14 17:51:02.754 DEBUG qt.scenegraph.time.renderloop: [window 0x7f20c65f8630][render thread 0x7f20c0b174c0] syncAndRender: start, elapsed since last call: 29 ms
2026-07-14 17:51:02.754 DEBUG qt.scenegraph.time.renderloop: [window 0x7f20c65f8630][gui thread] Frame prepared, polish=0 ms, lock=0 ms, blockedForSync=0 ms, animations=0 ms
2026-07-14 17:51:02.754 DEBUG qt.scenegraph.time.renderer: time in renderer: total=0ms, preprocess=0, updates=0, rendering=0
2026-07-14 17:51:02.754 DEBUG qt.scenegraph.time.renderloop: [window 0x7f20c65f8630][render thread 0x7f20c0b174c0] syncAndRender: frame rendered in 0ms, sync=0, render=0, swap=0
2026-07-14 17:51:02.759 DEBUG qt.scenegraph.time.renderloop: [window 0x7f20c65f8630][gui thread] polishAndSync: start, elapsed since last call: 5 ms
2026-07-14 17:51:02.759 DEBUG qt.scenegraph.time.renderloop: [window 0x7f20c65f8630][render thread 0x7f20c0b174c0] syncAndRender: start, elapsed since last call: 5 ms
2026-07-14 17:51:02.759 DEBUG qt.scenegraph.time.renderloop: [window 0x7f20c65f8630][gui thread] Frame prepared, polish=0 ms, lock=0 ms, blockedForSync=0 ms, animations=0 ms
2026-07-14 17:51:02.759 DEBUG qt.scenegraph.time.renderer: time in renderer: total=0ms, preprocess=0, updates=0, rendering=0
2026-07-14 17:51:02.760 DEBUG qt.scenegraph.time.renderloop: [window 0x7f20c65f8630][render thread 0x7f20c0b174c0] syncAndRender: frame rendered in 0ms, sync=0, render=0, swap=0
2026-07-14 17:51:02.787 DEBUG qt.scenegraph.time.renderloop: [window 0x7f20c65f8630][gui thread] polishAndSync: start, elapsed since last call: 28 ms
2026-07-14 17:51:02.788 DEBUG qt.scenegraph.time.renderloop: [window 0x7f20c65f8630][render thread 0x7f20c0b174c0] syncAndRender: start, elapsed since last call: 28 ms
2026-07-14 17:51:02.788 DEBUG qt.scenegraph.time.renderloop: [window 0x7f20c65f8630][gui thread] Frame prepared, polish=0 ms, lock=0 ms, blockedForSync=0 ms, animations=0 ms
2026-07-14 17:51:02.788 DEBUG qt.scenegraph.time.renderer: time in renderer: total=0ms, preprocess=0, updates=0, rendering=0
2026-07-14 17:51:02.788 DEBUG qt.scenegraph.time.renderloop: [window 0x7f20c65f8630][render thread 0x7f20c0b174c0] syncAndRender: frame rendered in 0ms, sync=0, render=0, swap=0
2026-07-14 17:51:02.794 DEBUG qt.scenegraph.time.renderloop: [window 0x7f20c65f8630][gui thread] polishAndSync: start, elapsed since last call: 6 ms
2026-07-14 17:51:02.794 DEBUG qt.scenegraph.time.renderloop: [window 0x7f20c65f8630][render thread 0x7f20c0b174c0] syncAndRender: start, elapsed since last call: 6 ms
2026-07-14 17:51:02.794 DEBUG qt.scenegraph.time.renderloop: [window 0x7f20c65f8630][gui thread] Frame prepared, polish=0 ms, lock=0 ms, blockedForSync=0 ms, animations=0 ms
2026-07-14 17:51:02.794 DEBUG qt.scenegraph.time.renderer: time in renderer: total=0ms, preprocess=0, updates=0, rendering=0
2026-07-14 17:51:02.794 DEBUG qt.scenegraph.time.renderloop: [window 0x7f20c65f8630][render thread 0x7f20c0b174c0] syncAndRender: frame rendered in 0ms, sync=0, render=0, swap=0
2026-07-14 17:51:02.820 DEBUG qt.scenegraph.time.renderloop: [window 0x7f20c65f8630][gui thread] polishAndSync: start, elapsed since last call: 26 ms
2026-07-14 17:51:02.820 DEBUG qt.scenegraph.time.renderloop: [window 0x7f20c65f8630][render thread 0x7f20c0b174c0] syncAndRender: start, elapsed since last call: 26 ms
2026-07-14 17:51:02.820 DEBUG qt.scenegraph.time.renderloop: [window 0x7f20c65f8630][gui thread] Frame prepared, polish=0 ms, lock=0 ms, blockedForSync=0 ms, animations=0 ms
2026-07-14 17:51:02.820 DEBUG qt.scenegraph.time.renderer: time in renderer: total=0ms, preprocess=0, updates=0, rendering=0
2026-07-14 17:51:02.821 DEBUG qt.scenegraph.time.renderloop: [window 0x7f20c65f8630][render thread 0x7f20c0b174c0] syncAndRender: frame rendered in 0ms, sync=0, render=0, swap=0
2026-07-14 17:51:02.822 DEBUG qt.scenegraph.time.renderloop: [window 0x7f20c65f8630][gui thread] polishAndSync: start, elapsed since last call: 1 ms
2026-07-14 17:51:02.822 DEBUG qt.scenegraph.time.renderloop: [window 0x7f20c65f8630][render thread 0x7f20c0b174c0] syncAndRender: start, elapsed since last call: 1 ms
2026-07-14 17:51:02.822 DEBUG qt.scenegraph.time.renderloop: [window 0x7f20c65f8630][gui thread] Frame prepared, polish=0 ms, lock=0 ms, blockedForSync=0 ms, animations=0 ms
2026-07-14 17:51:02.822 DEBUG qt.scenegraph.time.renderer: time in renderer: total=0ms, preprocess=0, updates=0, rendering=0
2026-07-14 17:51:02.822 DEBUG qt.scenegraph.time.renderloop: [window 0x7f20c65f8630][render thread 0x7f20c0b174c0] syncAndRender: frame rendered in 0ms, sync=0, render=0, swap=0
2026-07-14 17:51:02.853 DEBUG qt.scenegraph.time.renderloop: [window 0x7f20c65f8630][gui thread] polishAndSync: start, elapsed since last call: 31 ms
2026-07-14 17:51:02.853 DEBUG qt.scenegraph.time.renderloop: [window 0x7f20c65f8630][render thread 0x7f20c0b174c0] syncAndRender: start, elapsed since last call: 31 ms
2026-07-14 17:51:02.853 DEBUG qt.scenegraph.time.renderloop: [window 0x7f20c65f8630][gui thread] Frame prepared, polish=0 ms, lock=0 ms, blockedForSync=0 ms, animations=0 ms
2026-07-14 17:51:02.853 DEBUG qt.scenegraph.time.renderer: time in renderer: total=0ms, preprocess=0, updates=0, rendering=0
2026-07-14 17:51:02.854 DEBUG qt.scenegraph.time.renderloop: [window 0x7f20c65f8630][render thread 0x7f20c0b174c0] syncAndRender: frame rendered in 0ms, sync=0, render=0, swap=0
2026-07-14 17:51:02.857 DEBUG qt.scenegraph.time.renderloop: [window 0x7f20c65f8630][gui thread] polishAndSync: start, elapsed since last call: 3 ms
2026-07-14 17:51:02.857 DEBUG qt.scenegraph.time.renderloop: [window 0x7f20c65f8630][render thread 0x7f20c0b174c0] syncAndRender: start, elapsed since last call: 3 ms
2026-07-14 17:51:02.857 DEBUG qt.scenegraph.time.renderloop: [window 0x7f20c65f8630][gui thread] Frame prepared, polish=0 ms, lock=0 ms, blockedForSync=0 ms, animations=0 ms
2026-07-14 17:51:02.857 DEBUG qt.scenegraph.time.renderer: time in renderer: total=0ms, preprocess=0, updates=0, rendering=0
2026-07-14 17:51:02.857 DEBUG qt.scenegraph.time.renderloop: [window 0x7f20c65f8630][render thread 0x7f20c0b174c0] syncAndRender: frame rendered in 0ms, sync=0, render=0, swap=0
2026-07-14 17:51:02.886 DEBUG qt.scenegraph.time.renderloop: [window 0x7f20c65f8630][gui thread] polishAndSync: start, elapsed since last call: 29 ms
2026-07-14 17:51:02.886 DEBUG qt.scenegraph.time.renderloop: [window 0x7f20c65f8630][render thread 0x7f20c0b174c0] syncAndRender: start, elapsed since last call: 29 ms
2026-07-14 17:51:02.886 DEBUG qt.scenegraph.time.renderloop: [window 0x7f20c65f8630][gui thread] Frame prepared, polish=0 ms, lock=0 ms, blockedForSync=0 ms, animations=0 ms
2026-07-14 17:51:02.886 DEBUG qt.scenegraph.time.renderer: time in renderer: total=0ms, preprocess=0, updates=0, rendering=0
2026-07-14 17:51:02.886 DEBUG qt.scenegraph.time.renderloop: [window 0x7f20c65f8630][render thread 0x7f20c0b174c0] syncAndRender: frame rendered in 0ms, sync=0, render=0, swap=0
2026-07-14 17:51:02.891 DEBUG qt.scenegraph.time.renderloop: [window 0x7f20c65f8630][gui thread] polishAndSync: start, elapsed since last call: 5 ms
2026-07-14 17:51:02.891 DEBUG qt.scenegraph.time.renderloop: [window 0x7f20c65f8630][render thread 0x7f20c0b174c0] syncAndRender: start, elapsed since last call: 5 ms
2026-07-14 17:51:02.891 DEBUG qt.scenegraph.time.renderloop: [window 0x7f20c65f8630][gui thread] Frame prepared, polish=0 ms, lock=0 ms, blockedForSync=0 ms, animations=0 ms
2026-07-14 17:51:02.891 DEBUG qt.scenegraph.time.renderer: time in renderer: total=0ms, preprocess=0, updates=0, rendering=0
2026-07-14 17:51:02.892 DEBUG qt.scenegraph.time.renderloop: [window 0x7f20c65f8630][render thread 0x7f20c0b174c0] syncAndRender: frame rendered in 0ms, sync=0, render=0, swap=0
2026-07-14 17:51:02.920 DEBUG qt.scenegraph.time.renderloop: [window 0x7f20c65f8630][gui thread] polishAndSync: start, elapsed since last call: 28 ms
2026-07-14 17:51:02.920 DEBUG qt.scenegraph.time.renderloop: [window 0x7f20c65f8630][render thread 0x7f20c0b174c0] syncAndRender: start, elapsed since last call: 28 ms
2026-07-14 17:51:02.920 DEBUG qt.scenegraph.time.renderloop: [window 0x7f20c65f8630][gui thread] Frame prepared, polish=0 ms, lock=0 ms, blockedForSync=0 ms, animations=0 ms
2026-07-14 17:51:02.920 DEBUG qt.scenegraph.time.renderer: time in renderer: total=0ms, preprocess=0, updates=0, rendering=0
2026-07-14 17:51:02.920 DEBUG qt.scenegraph.time.renderloop: [window 0x7f20c65f8630][render thread 0x7f20c0b174c0] syncAndRender: frame rendered in 0ms, sync=0, render=0, swap=0
2026-07-14 17:51:02.926 DEBUG qt.scenegraph.time.renderloop: [window 0x7f20c65f8630][gui thread] polishAndSync: start, elapsed since last call: 6 ms
2026-07-14 17:51:02.926 DEBUG qt.scenegraph.time.renderloop: [window 0x7f20c65f8630][render thread 0x7f20c0b174c0] syncAndRender: start, elapsed since last call: 6 ms
2026-07-14 17:51:02.926 DEBUG qt.scenegraph.time.renderloop: [window 0x7f20c65f8630][gui thread] Frame prepared, polish=0 ms, lock=0 ms, blockedForSync=0 ms, animations=0 ms
2026-07-14 17:51:02.926 DEBUG qt.scenegraph.time.renderer: time in renderer: total=0ms, preprocess=0, updates=0, rendering=0
2026-07-14 17:51:02.926 DEBUG qt.scenegraph.time.renderloop: [window 0x7f20c65f8630][render thread 0x7f20c0b174c0] syncAndRender: frame rendered in 0ms, sync=0, render=0, swap=0
2026-07-14 17:51:02.952 DEBUG qt.scenegraph.time.renderloop: [window 0x7f20c65f8630][gui thread] polishAndSync: start, elapsed since last call: 26 ms
2026-07-14 17:51:02.953 DEBUG qt.scenegraph.time.renderloop: [window 0x7f20c65f8630][render thread 0x7f20c0b174c0] syncAndRender: start, elapsed since last call: 26 ms
2026-07-14 17:51:02.953 DEBUG qt.scenegraph.time.renderloop: [window 0x7f20c65f8630][gui thread] Frame prepared, polish=0 ms, lock=0 ms, blockedForSync=0 ms, animations=0 ms
2026-07-14 17:51:02.953 DEBUG qt.scenegraph.time.renderer: time in renderer: total=0ms, preprocess=0, updates=0, rendering=0
2026-07-14 17:51:02.953 DEBUG qt.scenegraph.time.renderloop: [window 0x7f20c65f8630][render thread 0x7f20c0b174c0] syncAndRender: frame rendered in 0ms, sync=0, render=0, swap=0
2026-07-14 17:51:02.954 DEBUG qt.scenegraph.time.renderloop: [window 0x7f20c65f8630][gui thread] polishAndSync: start, elapsed since last call: 1 ms
2026-07-14 17:51:02.954 DEBUG qt.scenegraph.time.renderloop: [window 0x7f20c65f8630][render thread 0x7f20c0b174c0] syncAndRender: start, elapsed since last call: 1 ms
2026-07-14 17:51:02.954 DEBUG qt.scenegraph.time.renderloop: [window 0x7f20c65f8630][gui thread] Frame prepared, polish=0 ms, lock=0 ms, blockedForSync=0 ms, animations=0 ms
2026-07-14 17:51:02.954 DEBUG qt.scenegraph.time.renderer: time in renderer: total=0ms, preprocess=0, updates=0, rendering=0
2026-07-14 17:51:02.954 DEBUG qt.scenegraph.time.renderloop: [window 0x7f20c65f8630][render thread 0x7f20c0b174c0] syncAndRender: frame rendered in 0ms, sync=0, render=0, swap=0
2026-07-14 17:51:02.985 DEBUG qt.scenegraph.time.renderloop: [window 0x7f20c65f8630][gui thread] polishAndSync: start, elapsed since last call: 31 ms
2026-07-14 17:51:02.985 DEBUG qt.scenegraph.time.renderloop: [window 0x7f20c65f8630][render thread 0x7f20c0b174c0] syncAndRender: start, elapsed since last call: 31 ms
2026-07-14 17:51:02.985 DEBUG qt.scenegraph.time.renderloop: [window 0x7f20c65f8630][gui thread] Frame prepared, polish=0 ms, lock=0 ms, blockedForSync=0 ms, animations=0 ms
2026-07-14 17:51:02.985 DEBUG qt.scenegraph.time.renderer: time in renderer: total=0ms, preprocess=0, updates=0, rendering=0
2026-07-14 17:51:02.986 DEBUG qt.scenegraph.time.renderloop: [window 0x7f20c65f8630][render thread 0x7f20c0b174c0] syncAndRender: frame rendered in 0ms, sync=0, render=0, swap=0
2026-07-14 17:51:02.989 DEBUG qt.scenegraph.time.renderloop: [window 0x7f20c65f8630][gui thread] polishAndSync: start, elapsed since last call: 3 ms
2026-07-14 17:51:02.989 DEBUG qt.scenegraph.time.renderloop: [window 0x7f20c65f8630][render thread 0x7f20c0b174c0] syncAndRender: start, elapsed since last call: 3 ms
2026-07-14 17:51:02.989 DEBUG qt.scenegraph.time.renderloop: [window 0x7f20c65f8630][gui thread] Frame prepared, polish=0 ms, lock=0 ms, blockedForSync=0 ms, animations=0 ms
2026-07-14 17:51:02.989 DEBUG qt.scenegraph.time.renderer: time in renderer: total=0ms, preprocess=0, updates=0, rendering=0
2026-07-14 17:51:02.989 DEBUG qt.scenegraph.time.renderloop: [window 0x7f20c65f8630][render thread 0x7f20c0b174c0] syncAndRender: frame rendered in 0ms, sync=0, render=0, swap=0
2026-07-14 17:51:03.018 DEBUG qt.scenegraph.time.renderloop: [window 0x7f20c65f8630][gui thread] polishAndSync: start, elapsed since last call: 29 ms
2026-07-14 17:51:03.018 DEBUG qt.scenegraph.time.renderloop: [window 0x7f20c65f8630][render thread 0x7f20c0b174c0] syncAndRender: start, elapsed since last call: 29 ms
2026-07-14 17:51:03.018 DEBUG qt.scenegraph.time.renderloop: [window 0x7f20c65f8630][gui thread] Frame prepared, polish=0 ms, lock=0 ms, blockedForSync=0 ms, animations=0 ms
2026-07-14 17:51:03.018 DEBUG qt.scenegraph.time.renderer: time in renderer: total=0ms, preprocess=0, updates=0, rendering=0
2026-07-14 17:51:03.018 DEBUG qt.scenegraph.time.renderloop: [window 0x7f20c65f8630][render thread 0x7f20c0b174c0] syncAndRender: frame rendered in 0ms, sync=0, render=0, swap=0
2026-07-14 17:51:03.023 DEBUG qt.scenegraph.time.renderloop: [window 0x7f20c65f8630][gui thread] polishAndSync: start, elapsed since last call: 5 ms
2026-07-14 17:51:03.023 DEBUG qt.scenegraph.time.renderloop: [window 0x7f20c65f8630][render thread 0x7f20c0b174c0] syncAndRender: start, elapsed since last call: 5 ms
2026-07-14 17:51:03.023 DEBUG qt.scenegraph.time.renderloop: [window 0x7f20c65f8630][gui thread] Frame prepared, polish=0 ms, lock=0 ms, blockedForSync=0 ms, animations=0 ms
2026-07-14 17:51:03.023 DEBUG qt.scenegraph.time.renderer: time in renderer: total=0ms, preprocess=0, updates=0, rendering=0
2026-07-14 17:51:03.024 DEBUG qt.scenegraph.time.renderloop: [window 0x7f20c65f8630][render thread 0x7f20c0b174c0] syncAndRender: frame rendered in 0ms, sync=0, render=0, swap=0
2026-07-14 17:51:03.035 DEBUG qt.scenegraph.time.renderloop: [window 0x7f20c65f8630][gui thread] polishAndSync: start, elapsed since last call: 11 ms
2026-07-14 17:51:03.035 DEBUG qt.scenegraph.time.renderloop: [window 0x7f20c65f8630][render thread 0x7f20c0b174c0] syncAndRender: start, elapsed since last call: 11 ms
2026-07-14 17:51:03.035 DEBUG qt.scenegraph.time.renderloop: [window 0x7f20c65f8630][gui thread] Frame prepared, polish=0 ms, lock=0 ms, blockedForSync=0 ms, animations=0 ms
2026-07-14 17:51:03.035 DEBUG qt.scenegraph.time.texture: atlastexture upload enqueued in: -9223363136081ms (16x16)
2026-07-14 17:51:03.035 DEBUG qt.scenegraph.time.texture: atlastexture upload enqueued in: -9223363136081ms (36x14)
2026-07-14 17:51:03.035 DEBUG qt.scenegraph.time.renderer: time in renderer: total=0ms, preprocess=0, updates=0, rendering=0
2026-07-14 17:51:03.035 DEBUG qt.scenegraph.time.renderloop: [window 0x7f20c65f8630][render thread 0x7f20c0b174c0] syncAndRender: frame rendered in 0ms, sync=0, render=0, swap=0
2026-07-14 17:51:03.041 DEBUG qt.scenegraph.time.renderloop: [window 0x7f20c65f8630][gui thread] polishAndSync: start, elapsed since last call: 6 ms
2026-07-14 17:51:03.041 DEBUG qt.scenegraph.time.renderloop: [window 0x7f20c65f8630][render thread 0x7f20c0b174c0] syncAndRender: start, elapsed since last call: 6 ms
2026-07-14 17:51:03.041 DEBUG qt.scenegraph.time.renderloop: [window 0x7f20c65f8630][gui thread] Frame prepared, polish=0 ms, lock=0 ms, blockedForSync=0 ms, animations=0 ms
2026-07-14 17:51:03.041 DEBUG qt.scenegraph.time.texture: atlastexture upload enqueued in: -9223363136074ms (36x14)
2026-07-14 17:51:03.041 DEBUG qt.scenegraph.time.renderer: time in renderer: total=0ms, preprocess=0, updates=0, rendering=0
2026-07-14 17:51:03.042 DEBUG qt.scenegraph.time.renderloop: [window 0x7f20c65f8630][render thread 0x7f20c0b174c0] syncAndRender: frame rendered in 0ms, sync=0, render=0, swap=0
2026-07-14 17:51:03.051 DEBUG qt.scenegraph.time.renderloop: [window 0x7f20c65f8630][gui thread] polishAndSync: start, elapsed since last call: 9 ms
2026-07-14 17:51:03.051 DEBUG qt.scenegraph.time.renderloop: [window 0x7f20c65f8630][render thread 0x7f20c0b174c0] syncAndRender: start, elapsed since last call: 9 ms
2026-07-14 17:51:03.051 DEBUG qt.scenegraph.time.renderloop: [window 0x7f20c65f8630][gui thread] Frame prepared, polish=0 ms, lock=0 ms, blockedForSync=0 ms, animations=0 ms
2026-07-14 17:51:03.051 DEBUG qt.scenegraph.time.renderer: time in renderer: total=0ms, preprocess=0, updates=0, rendering=0
2026-07-14 17:51:03.051 DEBUG qt.scenegraph.time.renderloop: [window 0x7f20c65f8630][render thread 0x7f20c0b174c0] syncAndRender: frame rendered in 0ms, sync=0, render=0, swap=0
2026-07-14 17:51:03.058 DEBUG qt.scenegraph.time.renderloop: [window 0x7f20c65f8630][gui thread] polishAndSync: start, elapsed since last call: 7 ms
2026-07-14 17:51:03.058 DEBUG qt.scenegraph.time.renderloop: [window 0x7f20c65f8630][render thread 0x7f20c0b174c0] syncAndRender: start, elapsed since last call: 7 ms
2026-07-14 17:51:03.058 DEBUG qt.scenegraph.time.renderloop: [window 0x7f20c65f8630][gui thread] Frame prepared, polish=0 ms, lock=0 ms, blockedForSync=0 ms, animations=0 ms
2026-07-14 17:51:03.058 DEBUG qt.scenegraph.time.renderer: time in renderer: total=0ms, preprocess=0, updates=0, rendering=0
2026-07-14 17:51:03.059 DEBUG qt.scenegraph.time.renderloop: [window 0x7f20c65f8630][render thread 0x7f20c0b174c0] syncAndRender: frame rendered in 0ms, sync=0, render=0, swap=0
2026-07-14 17:51:03.085 DEBUG qt.scenegraph.time.renderloop: [window 0x7f20c65f8630][gui thread] polishAndSync: start, elapsed since last call: 26 ms
2026-07-14 17:51:03.085 DEBUG qt.scenegraph.time.renderloop: [window 0x7f20c65f8630][render thread 0x7f20c0b174c0] syncAndRender: start, elapsed since last call: 26 ms
2026-07-14 17:51:03.085 DEBUG qt.scenegraph.time.renderloop: [window 0x7f20c65f8630][gui thread] Frame prepared, polish=0 ms, lock=0 ms, blockedForSync=0 ms, animations=0 ms
2026-07-14 17:51:03.085 DEBUG qt.scenegraph.time.renderer: time in renderer: total=0ms, preprocess=0, updates=0, rendering=0
2026-07-14 17:51:03.085 DEBUG qt.scenegraph.time.renderloop: [window 0x7f20c65f8630][render thread 0x7f20c0b174c0] syncAndRender: frame rendered in 0ms, sync=0, render=0, swap=0
2026-07-14 17:51:03.086 DEBUG qt.scenegraph.time.renderloop: [window 0x7f20c65f8630][gui thread] polishAndSync: start, elapsed since last call: 1 ms
2026-07-14 17:51:03.086 DEBUG qt.scenegraph.time.renderloop: [window 0x7f20c65f8630][render thread 0x7f20c0b174c0] syncAndRender: start, elapsed since last call: 1 ms
2026-07-14 17:51:03.086 DEBUG qt.scenegraph.time.renderloop: [window 0x7f20c65f8630][gui thread] Frame prepared, polish=0 ms, lock=0 ms, blockedForSync=0 ms, animations=0 ms
2026-07-14 17:51:03.086 DEBUG qt.scenegraph.time.renderer: time in renderer: total=0ms, preprocess=0, updates=0, rendering=0
2026-07-14 17:51:03.086 DEBUG qt.scenegraph.time.renderloop: [window 0x7f20c65f8630][render thread 0x7f20c0b174c0] syncAndRender: frame rendered in 0ms, sync=0, render=0, swap=0
2026-07-14 17:51:03.117 DEBUG qt.scenegraph.time.renderloop: [window 0x7f20c65f8630][gui thread] polishAndSync: start, elapsed since last call: 31 ms
2026-07-14 17:51:03.117 DEBUG qt.scenegraph.time.renderloop: [window 0x7f20c65f8630][render thread 0x7f20c0b174c0] syncAndRender: start, elapsed since last call: 31 ms
2026-07-14 17:51:03.118 DEBUG qt.scenegraph.time.renderloop: [window 0x7f20c65f8630][gui thread] Frame prepared, polish=0 ms, lock=0 ms, blockedForSync=0 ms, animations=0 ms
2026-07-14 17:51:03.118 DEBUG qt.scenegraph.time.renderer: time in renderer: total=0ms, preprocess=0, updates=0, rendering=0
2026-07-14 17:51:03.118 DEBUG qt.scenegraph.time.renderloop: [window 0x7f20c65f8630][render thread 0x7f20c0b174c0] syncAndRender: frame rendered in 0ms, sync=0, render=0, swap=0
2026-07-14 17:51:03.121 DEBUG qt.scenegraph.time.renderloop: [window 0x7f20c65f8630][gui thread] polishAndSync: start, elapsed since last call: 3 ms
2026-07-14 17:51:03.121 DEBUG qt.scenegraph.time.renderloop: [window 0x7f20c65f8630][render thread 0x7f20c0b174c0] syncAndRender: start, elapsed since last call: 3 ms
2026-07-14 17:51:03.121 DEBUG qt.scenegraph.time.renderloop: [window 0x7f20c65f8630][gui thread] Frame prepared, polish=0 ms, lock=0 ms, blockedForSync=0 ms, animations=0 ms
2026-07-14 17:51:03.121 DEBUG qt.scenegraph.time.renderer: time in renderer: total=0ms, preprocess=0, updates=0, rendering=0
2026-07-14 17:51:03.121 DEBUG qt.scenegraph.time.renderloop: [window 0x7f20c65f8630][render thread 0x7f20c0b174c0] syncAndRender: frame rendered in 0ms, sync=0, render=0, swap=0
2026-07-14 17:51:03.150 DEBUG qt.scenegraph.time.renderloop: [window 0x7f20c65f8630][gui thread] polishAndSync: start, elapsed since last call: 29 ms
2026-07-14 17:51:03.150 DEBUG qt.scenegraph.time.renderloop: [window 0x7f20c65f8630][render thread 0x7f20c0b174c0] syncAndRender: start, elapsed since last call: 29 ms
2026-07-14 17:51:03.150 DEBUG qt.scenegraph.time.renderloop: [window 0x7f20c65f8630][gui thread] Frame prepared, polish=0 ms, lock=0 ms, blockedForSync=0 ms, animations=0 ms
2026-07-14 17:51:03.150 DEBUG qt.scenegraph.time.renderer: time in renderer: total=0ms, preprocess=0, updates=0, rendering=0
2026-07-14 17:51:03.150 DEBUG qt.scenegraph.time.renderloop: [window 0x7f20c65f8630][render thread 0x7f20c0b174c0] syncAndRender: frame rendered in 0ms, sync=0, render=0, swap=0
2026-07-14 17:51:03.155 DEBUG qt.scenegraph.time.renderloop: [window 0x7f20c65f8630][gui thread] polishAndSync: start, elapsed since last call: 5 ms
2026-07-14 17:51:03.155 DEBUG qt.scenegraph.time.renderloop: [window 0x7f20c65f8630][render thread 0x7f20c0b174c0] syncAndRender: start, elapsed since last call: 5 ms
2026-07-14 17:51:03.155 DEBUG qt.scenegraph.time.renderloop: [window 0x7f20c65f8630][gui thread] Frame prepared, polish=0 ms, lock=0 ms, blockedForSync=0 ms, animations=0 ms
2026-07-14 17:51:03.156 DEBUG qt.scenegraph.time.renderer: time in renderer: total=0ms, preprocess=0, updates=0, rendering=0
2026-07-14 17:51:03.156 DEBUG qt.scenegraph.time.renderloop: [window 0x7f20c65f8630][render thread 0x7f20c0b174c0] syncAndRender: frame rendered in 0ms, sync=0, render=0, swap=0
2026-07-14 17:51:03.183 DEBUG qt.scenegraph.time.renderloop: [window 0x7f20c65f8630][gui thread] polishAndSync: start, elapsed since last call: 27 ms
2026-07-14 17:51:03.183 DEBUG qt.scenegraph.time.renderloop: [window 0x7f20c65f8630][render thread 0x7f20c0b174c0] syncAndRender: start, elapsed since last call: 27 ms
2026-07-14 17:51:03.183 DEBUG qt.scenegraph.time.renderloop: [window 0x7f20c65f8630][gui thread] Frame prepared, polish=0 ms, lock=0 ms, blockedForSync=0 ms, animations=0 ms
2026-07-14 17:51:03.183 DEBUG qt.scenegraph.time.renderer: time in renderer: total=0ms, preprocess=0, updates=0, rendering=0
2026-07-14 17:51:03.183 DEBUG qt.scenegraph.time.renderloop: [window 0x7f20c65f8630][render thread 0x7f20c0b174c0] syncAndRender: frame rendered in 0ms, sync=0, render=0, swap=0
2026-07-14 17:51:03.190 DEBUG qt.scenegraph.time.renderloop: [window 0x7f20c65f8630][gui thread] polishAndSync: start, elapsed since last call: 7 ms
2026-07-14 17:51:03.190 DEBUG qt.scenegraph.time.renderloop: [window 0x7f20c65f8630][render thread 0x7f20c0b174c0] syncAndRender: start, elapsed since last call: 7 ms
2026-07-14 17:51:03.190 DEBUG qt.scenegraph.time.renderloop: [window 0x7f20c65f8630][gui thread] Frame prepared, polish=0 ms, lock=0 ms, blockedForSync=0 ms, animations=0 ms
2026-07-14 17:51:03.190 DEBUG qt.scenegraph.time.renderer: time in renderer: total=0ms, preprocess=0, updates=0, rendering=0
2026-07-14 17:51:03.191 DEBUG qt.scenegraph.time.renderloop: [window 0x7f20c65f8630][render thread 0x7f20c0b174c0] syncAndRender: frame rendered in 0ms, sync=0, render=0, swap=0
2026-07-14 17:51:03.217 DEBUG qt.scenegraph.time.renderloop: [window 0x7f20c65f8630][gui thread] polishAndSync: start, elapsed since last call: 26 ms
2026-07-14 17:51:03.217 DEBUG qt.scenegraph.time.renderloop: [window 0x7f20c65f8630][render thread 0x7f20c0b174c0] syncAndRender: start, elapsed since last call: 26 ms
2026-07-14 17:51:03.217 DEBUG qt.scenegraph.time.renderloop: [window 0x7f20c65f8630][gui thread] Frame prepared, polish=0 ms, lock=0 ms, blockedForSync=0 ms, animations=0 ms
2026-07-14 17:51:03.217 DEBUG qt.scenegraph.time.renderer: time in renderer: total=0ms, preprocess=0, updates=0, rendering=0
2026-07-14 17:51:03.217 DEBUG qt.scenegraph.time.renderloop: [window 0x7f20c65f8630][render thread 0x7f20c0b174c0] syncAndRender: frame rendered in 0ms, sync=0, render=0, swap=0
2026-07-14 17:51:03.218 DEBUG qt.scenegraph.time.renderloop: [window 0x7f20c65f8630][gui thread] polishAndSync: start, elapsed since last call: 1 ms
2026-07-14 17:51:03.218 DEBUG qt.scenegraph.time.renderloop: [window 0x7f20c65f8630][render thread 0x7f20c0b174c0] syncAndRender: start, elapsed since last call: 1 ms
2026-07-14 17:51:03.218 DEBUG qt.scenegraph.time.renderloop: [window 0x7f20c65f8630][gui thread] Frame prepared, polish=0 ms, lock=0 ms, blockedForSync=0 ms, animations=0 ms
2026-07-14 17:51:03.218 DEBUG qt.scenegraph.time.renderer: time in renderer: total=0ms, preprocess=0, updates=0, rendering=0
2026-07-14 17:51:03.218 DEBUG qt.scenegraph.time.renderloop: [window 0x7f20c65f8630][render thread 0x7f20c0b174c0] syncAndRender: frame rendered in 0ms, sync=0, render=0, swap=0
2026-07-14 17:51:03.249 DEBUG qt.scenegraph.time.renderloop: [window 0x7f20c65f8630][gui thread] polishAndSync: start, elapsed since last call: 31 ms
2026-07-14 17:51:03.250 DEBUG qt.scenegraph.time.renderloop: [window 0x7f20c65f8630][render thread 0x7f20c0b174c0] syncAndRender: start, elapsed since last call: 31 ms
2026-07-14 17:51:03.250 DEBUG qt.scenegraph.time.renderloop: [window 0x7f20c65f8630][gui thread] Frame prepared, polish=0 ms, lock=0 ms, blockedForSync=0 ms, animations=0 ms
2026-07-14 17:51:03.250 DEBUG qt.scenegraph.time.renderer: time in renderer: total=0ms, preprocess=0, updates=0, rendering=0
2026-07-14 17:51:03.250 DEBUG qt.scenegraph.time.renderloop: [window 0x7f20c65f8630][render thread 0x7f20c0b174c0] syncAndRender: frame rendered in 0ms, sync=0, render=0, swap=0
2026-07-14 17:51:03.250 DEBUG qt.scenegraph.time.renderloop: [window 0x7f20c65f8630][gui thread] polishAndSync: start, elapsed since last call: 1 ms
2026-07-14 17:51:03.250 DEBUG qt.scenegraph.time.renderloop: [window 0x7f20c65f8630][render thread 0x7f20c0b174c0] syncAndRender: start, elapsed since last call: 0 ms
2026-07-14 17:51:03.250 DEBUG qt.scenegraph.time.renderloop: [window 0x7f20c65f8630][gui thread] Frame prepared, polish=0 ms, lock=0 ms, blockedForSync=0 ms, animations=0 ms
2026-07-14 17:51:03.250 DEBUG qt.scenegraph.time.renderer: time in renderer: total=0ms, preprocess=0, updates=0, rendering=0
2026-07-14 17:51:03.251 DEBUG qt.scenegraph.time.renderloop: [window 0x7f20c65f8630][render thread 0x7f20c0b174c0] syncAndRender: frame rendered in 0ms, sync=0, render=0, swap=0
2026-07-14 17:51:03.282 DEBUG qt.scenegraph.time.renderloop: [window 0x7f20c65f8630][gui thread] polishAndSync: start, elapsed since last call: 31 ms
2026-07-14 17:51:03.282 DEBUG qt.scenegraph.time.renderloop: [window 0x7f20c65f8630][render thread 0x7f20c0b174c0] syncAndRender: start, elapsed since last call: 31 ms
2026-07-14 17:51:03.282 DEBUG qt.scenegraph.time.renderloop: [window 0x7f20c65f8630][gui thread] Frame prepared, polish=0 ms, lock=0 ms, blockedForSync=0 ms, animations=0 ms
2026-07-14 17:51:03.282 DEBUG qt.scenegraph.time.renderer: time in renderer: total=0ms, preprocess=0, updates=0, rendering=0
2026-07-14 17:51:03.282 DEBUG qt.scenegraph.time.renderloop: [window 0x7f20c65f8630][render thread 0x7f20c0b174c0] syncAndRender: frame rendered in 0ms, sync=0, render=0, swap=0
2026-07-14 17:51:03.283 DEBUG qt.scenegraph.time.renderloop: [window 0x7f20c65f8630][gui thread] polishAndSync: start, elapsed since last call: 0 ms
2026-07-14 17:51:03.283 DEBUG qt.scenegraph.time.renderloop: [window 0x7f20c65f8630][render thread 0x7f20c0b174c0] syncAndRender: start, elapsed since last call: 0 ms
2026-07-14 17:51:03.283 DEBUG qt.scenegraph.time.renderloop: [window 0x7f20c65f8630][gui thread] Frame prepared, polish=0 ms, lock=0 ms, blockedForSync=0 ms, animations=0 ms
2026-07-14 17:51:03.283 DEBUG qt.scenegraph.time.renderer: time in renderer: total=0ms, preprocess=0, updates=0, rendering=0
2026-07-14 17:51:03.283 DEBUG qt.scenegraph.time.renderloop: [window 0x7f20c65f8630][render thread 0x7f20c0b174c0] syncAndRender: frame rendered in 0ms, sync=0, render=0, swap=0
2026-07-14 17:51:03.315 DEBUG qt.scenegraph.time.renderloop: [window 0x7f20c65f8630][gui thread] polishAndSync: start, elapsed since last call: 31 ms
2026-07-14 17:51:03.315 DEBUG qt.scenegraph.time.renderloop: [window 0x7f20c65f8630][render thread 0x7f20c0b174c0] syncAndRender: start, elapsed since last call: 31 ms
2026-07-14 17:51:03.315 DEBUG qt.scenegraph.time.renderloop: [window 0x7f20c65f8630][gui thread] Frame prepared, polish=0 ms, lock=0 ms, blockedForSync=0 ms, animations=0 ms
2026-07-14 17:51:03.315 DEBUG qt.scenegraph.time.renderer: time in renderer: total=0ms, preprocess=0, updates=0, rendering=0
2026-07-14 17:51:03.315 DEBUG qt.scenegraph.time.renderloop: [window 0x7f20c65f8630][render thread 0x7f20c0b174c0] syncAndRender: frame rendered in 0ms, sync=0, render=0, swap=0
2026-07-14 17:51:03.315 DEBUG qt.scenegraph.time.renderloop: [window 0x7f20c65f8630][gui thread] polishAndSync: start, elapsed since last call: 0 ms
2026-07-14 17:51:03.315 DEBUG qt.scenegraph.time.renderloop: [window 0x7f20c65f8630][render thread 0x7f20c0b174c0] syncAndRender: start, elapsed since last call: 0 ms
2026-07-14 17:51:03.316 DEBUG qt.scenegraph.time.renderloop: [window 0x7f20c65f8630][gui thread] Frame prepared, polish=0 ms, lock=0 ms, blockedForSync=0 ms, animations=0 ms
2026-07-14 17:51:03.316 DEBUG qt.scenegraph.time.renderer: time in renderer: total=0ms, preprocess=0, updates=0, rendering=0
2026-07-14 17:51:03.316 DEBUG qt.scenegraph.time.renderloop: [window 0x7f20c65f8630][render thread 0x7f20c0b174c0] syncAndRender: frame rendered in 0ms, sync=0, render=0, swap=0
2026-07-14 17:51:03.348 DEBUG qt.scenegraph.time.renderloop: [window 0x7f20c65f8630][gui thread] polishAndSync: start, elapsed since last call: 32 ms
2026-07-14 17:51:03.349 DEBUG qt.scenegraph.time.renderloop: [window 0x7f20c65f8630][render thread 0x7f20c0b174c0] syncAndRender: start, elapsed since last call: 33 ms
2026-07-14 17:51:03.349 DEBUG qt.scenegraph.time.renderloop: [window 0x7f20c65f8630][gui thread] Frame prepared, polish=0 ms, lock=0 ms, blockedForSync=0 ms, animations=0 ms
2026-07-14 17:51:03.349 DEBUG qt.scenegraph.time.renderer: time in renderer: total=0ms, preprocess=0, updates=0, rendering=0
2026-07-14 17:51:03.349 DEBUG qt.scenegraph.time.renderloop: [window 0x7f20c65f8630][render thread 0x7f20c0b174c0] syncAndRender: frame rendered in 0ms, sync=0, render=0, swap=0
2026-07-14 17:51:03.349 DEBUG qt.scenegraph.time.renderloop: [window 0x7f20c65f8630][gui thread] polishAndSync: start, elapsed since last call: 0 ms
2026-07-14 17:51:03.349 DEBUG qt.scenegraph.time.renderloop: [window 0x7f20c65f8630][render thread 0x7f20c0b174c0] syncAndRender: start, elapsed since last call: 0 ms
2026-07-14 17:51:03.349 DEBUG qt.scenegraph.time.renderloop: [window 0x7f20c65f8630][gui thread] Frame prepared, polish=0 ms, lock=0 ms, blockedForSync=0 ms, animations=0 ms
2026-07-14 17:51:03.349 DEBUG qt.scenegraph.time.renderer: time in renderer: total=0ms, preprocess=0, updates=0, rendering=0
2026-07-14 17:51:03.350 DEBUG qt.scenegraph.time.renderloop: [window 0x7f20c65f8630][render thread 0x7f20c0b174c0] syncAndRender: frame rendered in 0ms, sync=0, render=0, swap=0
2026-07-14 17:51:03.380 DEBUG qt.scenegraph.time.renderloop: [window 0x7f20c65f8630][gui thread] polishAndSync: start, elapsed since last call: 31 ms
2026-07-14 17:51:03.381 DEBUG qt.scenegraph.time.renderloop: [window 0x7f20c65f8630][render thread 0x7f20c0b174c0] syncAndRender: start, elapsed since last call: 31 ms
2026-07-14 17:51:03.381 DEBUG qt.scenegraph.time.renderloop: [window 0x7f20c65f8630][gui thread] Frame prepared, polish=0 ms, lock=0 ms, blockedForSync=0 ms, animations=0 ms
2026-07-14 17:51:03.381 DEBUG qt.scenegraph.time.renderer: time in renderer: total=0ms, preprocess=0, updates=0, rendering=0
2026-07-14 17:51:03.381 DEBUG qt.scenegraph.time.renderloop: [window 0x7f20c65f8630][render thread 0x7f20c0b174c0] syncAndRender: frame rendered in 0ms, sync=0, render=0, swap=0
2026-07-14 17:51:03.381 DEBUG qt.scenegraph.time.renderloop: [window 0x7f20c65f8630][gui thread] polishAndSync: start, elapsed since last call: 0 ms
2026-07-14 17:51:03.381 DEBUG qt.scenegraph.time.renderloop: [window 0x7f20c65f8630][render thread 0x7f20c0b174c0] syncAndRender: start, elapsed since last call: 0 ms
2026-07-14 17:51:03.381 DEBUG qt.scenegraph.time.renderloop: [window 0x7f20c65f8630][gui thread] Frame prepared, polish=0 ms, lock=0 ms, blockedForSync=0 ms, animations=0 ms
2026-07-14 17:51:03.381 DEBUG qt.scenegraph.time.renderer: time in renderer: total=0ms, preprocess=0, updates=0, rendering=0
2026-07-14 17:51:03.382 DEBUG qt.scenegraph.time.renderloop: [window 0x7f20c65f8630][render thread 0x7f20c0b174c0] syncAndRender: frame rendered in 0ms, sync=0, render=0, swap=0
2026-07-14 17:51:03.414 DEBUG qt.scenegraph.time.renderloop: [window 0x7f20c65f8630][gui thread] polishAndSync: start, elapsed since last call: 32 ms
2026-07-14 17:51:03.414 DEBUG qt.scenegraph.time.renderloop: [window 0x7f20c65f8630][render thread 0x7f20c0b174c0] syncAndRender: start, elapsed since last call: 32 ms
2026-07-14 17:51:03.414 DEBUG qt.scenegraph.time.renderloop: [window 0x7f20c65f8630][gui thread] Frame prepared, polish=0 ms, lock=0 ms, blockedForSync=0 ms, animations=0 ms
2026-07-14 17:51:03.414 DEBUG qt.scenegraph.time.renderer: time in renderer: total=0ms, preprocess=0, updates=0, rendering=0
2026-07-14 17:51:03.414 DEBUG qt.scenegraph.time.renderloop: [window 0x7f20c65f8630][render thread 0x7f20c0b174c0] syncAndRender: frame rendered in 0ms, sync=0, render=0, swap=0
2026-07-14 17:51:03.415 DEBUG qt.scenegraph.time.renderloop: [window 0x7f20c65f8630][gui thread] polishAndSync: start, elapsed since last call: 0 ms
2026-07-14 17:51:03.415 DEBUG qt.scenegraph.time.renderloop: [window 0x7f20c65f8630][render thread 0x7f20c0b174c0] syncAndRender: start, elapsed since last call: 0 ms
2026-07-14 17:51:03.415 DEBUG qt.scenegraph.time.renderloop: [window 0x7f20c65f8630][gui thread] Frame prepared, polish=0 ms, lock=0 ms, blockedForSync=0 ms, animations=0 ms
2026-07-14 17:51:03.415 DEBUG qt.scenegraph.time.renderer: time in renderer: total=0ms, preprocess=0, updates=0, rendering=0
2026-07-14 17:51:03.415 DEBUG qt.scenegraph.time.renderloop: [window 0x7f20c65f8630][render thread 0x7f20c0b174c0] syncAndRender: frame rendered in 0ms, sync=0, render=0, swap=0
2026-07-14 17:51:03.447 DEBUG qt.scenegraph.time.renderloop: [window 0x7f20c65f8630][gui thread] polishAndSync: start, elapsed since last call: 31 ms
2026-07-14 17:51:03.447 DEBUG qt.scenegraph.time.renderloop: [window 0x7f20c65f8630][render thread 0x7f20c0b174c0] syncAndRender: start, elapsed since last call: 32 ms
2026-07-14 17:51:03.447 DEBUG qt.scenegraph.time.renderloop: [window 0x7f20c65f8630][gui thread] Frame prepared, polish=0 ms, lock=0 ms, blockedForSync=0 ms, animations=0 ms
2026-07-14 17:51:03.447 DEBUG qt.scenegraph.time.renderer: time in renderer: total=0ms, preprocess=0, updates=0, rendering=0
2026-07-14 17:51:03.447 DEBUG qt.scenegraph.time.renderloop: [window 0x7f20c65f8630][render thread 0x7f20c0b174c0] syncAndRender: frame rendered in 0ms, sync=0, render=0, swap=0
2026-07-14 17:51:03.447 DEBUG qt.scenegraph.time.renderloop: [window 0x7f20c65f8630][gui thread] polishAndSync: start, elapsed since last call: 0 ms
2026-07-14 17:51:03.447 DEBUG qt.scenegraph.time.renderloop: [window 0x7f20c65f8630][render thread 0x7f20c0b174c0] syncAndRender: start, elapsed since last call: 0 ms
2026-07-14 17:51:03.447 DEBUG qt.scenegraph.time.renderloop: [window 0x7f20c65f8630][gui thread] Frame prepared, polish=0 ms, lock=0 ms, blockedForSync=0 ms, animations=0 ms
2026-07-14 17:51:03.448 DEBUG qt.scenegraph.time.renderer: time in renderer: total=0ms, preprocess=0, updates=0, rendering=0
2026-07-14 17:51:03.448 DEBUG qt.scenegraph.time.renderloop: [window 0x7f20c65f8630][render thread 0x7f20c0b174c0] syncAndRender: frame rendered in 0ms, sync=0, render=0, swap=0
2026-07-14 17:51:03.480 DEBUG qt.scenegraph.time.renderloop: [window 0x7f20c65f8630][gui thread] polishAndSync: start, elapsed since last call: 32 ms
2026-07-14 17:51:03.481 DEBUG qt.scenegraph.time.renderloop: [window 0x7f20c65f8630][render thread 0x7f20c0b174c0] syncAndRender: start, elapsed since last call: 33 ms
2026-07-14 17:51:03.481 DEBUG qt.scenegraph.time.renderloop: [window 0x7f20c65f8630][gui thread] Frame prepared, polish=0 ms, lock=0 ms, blockedForSync=0 ms, animations=0 ms
2026-07-14 17:51:03.481 DEBUG qt.scenegraph.time.renderer: time in renderer: total=0ms, preprocess=0, updates=0, rendering=0
2026-07-14 17:51:03.481 DEBUG qt.scenegraph.time.renderloop: [window 0x7f20c65f8630][render thread 0x7f20c0b174c0] syncAndRender: frame rendered in 0ms, sync=0, render=0, swap=0
2026-07-14 17:51:03.482 DEBUG qt.scenegraph.time.renderloop: [window 0x7f20c65f8630][gui thread] polishAndSync: start, elapsed since last call: 1 ms
2026-07-14 17:51:03.482 DEBUG qt.scenegraph.time.renderloop: [window 0x7f20c65f8630][render thread 0x7f20c0b174c0] syncAndRender: start, elapsed since last call: 1 ms
2026-07-14 17:51:03.482 DEBUG qt.scenegraph.time.renderloop: [window 0x7f20c65f8630][gui thread] Frame prepared, polish=0 ms, lock=0 ms, blockedForSync=0 ms, animations=0 ms
2026-07-14 17:51:03.482 DEBUG qt.scenegraph.time.renderer: time in renderer: total=0ms, preprocess=0, updates=0, rendering=0
2026-07-14 17:51:03.482 DEBUG qt.scenegraph.time.renderloop: [window 0x7f20c65f8630][render thread 0x7f20c0b174c0] syncAndRender: frame rendered in 0ms, sync=0, render=0, swap=0
2026-07-14 17:51:03.513 DEBUG qt.scenegraph.time.renderloop: [window 0x7f20c65f8630][gui thread] polishAndSync: start, elapsed since last call: 31 ms
2026-07-14 17:51:03.513 DEBUG qt.scenegraph.time.renderloop: [window 0x7f20c65f8630][render thread 0x7f20c0b174c0] syncAndRender: start, elapsed since last call: 31 ms
2026-07-14 17:51:03.513 DEBUG qt.scenegraph.time.renderloop: [window 0x7f20c65f8630][gui thread] Frame prepared, polish=0 ms, lock=0 ms, blockedForSync=0 ms, animations=0 ms
2026-07-14 17:51:03.513 DEBUG qt.scenegraph.time.renderer: time in renderer: total=0ms, preprocess=0, updates=0, rendering=0
2026-07-14 17:51:03.514 DEBUG qt.scenegraph.time.renderloop: [window 0x7f20c65f8630][render thread 0x7f20c0b174c0] syncAndRender: frame rendered in 0ms, sync=0, render=0, swap=0
2026-07-14 17:51:03.514 DEBUG qt.scenegraph.time.renderloop: [window 0x7f20c65f8630][gui thread] polishAndSync: start, elapsed since last call: 0 ms
2026-07-14 17:51:03.514 DEBUG qt.scenegraph.time.renderloop: [window 0x7f20c65f8630][render thread 0x7f20c0b174c0] syncAndRender: start, elapsed since last call: 0 ms
2026-07-14 17:51:03.514 DEBUG qt.scenegraph.time.renderloop: [window 0x7f20c65f8630][gui thread] Frame prepared, polish=0 ms, lock=0 ms, blockedForSync=0 ms, animations=0 ms
2026-07-14 17:51:03.514 DEBUG qt.scenegraph.time.renderer: time in renderer: total=0ms, preprocess=0, updates=0, rendering=0
2026-07-14 17:51:03.514 DEBUG qt.scenegraph.time.renderloop: [window 0x7f20c65f8630][render thread 0x7f20c0b174c0] syncAndRender: frame rendered in 0ms, sync=0, render=0, swap=0
2026-07-14 17:51:03.546 DEBUG qt.scenegraph.time.renderloop: [window 0x7f20c65f8630][gui thread] polishAndSync: start, elapsed since last call: 31 ms
2026-07-14 17:51:03.546 DEBUG qt.scenegraph.time.renderloop: [window 0x7f20c65f8630][render thread 0x7f20c0b174c0] syncAndRender: start, elapsed since last call: 32 ms
2026-07-14 17:51:03.546 DEBUG qt.scenegraph.time.renderloop: [window 0x7f20c65f8630][gui thread] Frame prepared, polish=0 ms, lock=0 ms, blockedForSync=0 ms, animations=0 ms
2026-07-14 17:51:03.546 DEBUG qt.scenegraph.time.renderer: time in renderer: total=0ms, preprocess=0, updates=0, rendering=0
2026-07-14 17:51:03.547 DEBUG qt.scenegraph.time.renderloop: [window 0x7f20c65f8630][render thread 0x7f20c0b174c0] syncAndRender: frame rendered in 0ms, sync=0, render=0, swap=0
2026-07-14 17:51:03.547 DEBUG qt.scenegraph.time.renderloop: [window 0x7f20c65f8630][gui thread] polishAndSync: start, elapsed since last call: 1 ms
2026-07-14 17:51:03.547 DEBUG qt.scenegraph.time.renderloop: [window 0x7f20c65f8630][render thread 0x7f20c0b174c0] syncAndRender: start, elapsed since last call: 0 ms
2026-07-14 17:51:03.547 DEBUG qt.scenegraph.time.renderloop: [window 0x7f20c65f8630][gui thread] Frame prepared, polish=0 ms, lock=0 ms, blockedForSync=0 ms, animations=0 ms
2026-07-14 17:51:03.547 DEBUG qt.scenegraph.time.renderer: time in renderer: total=0ms, preprocess=0, updates=0, rendering=0
2026-07-14 17:51:03.547 DEBUG qt.scenegraph.time.renderloop: [window 0x7f20c65f8630][render thread 0x7f20c0b174c0] syncAndRender: frame rendered in 0ms, sync=0, render=0, swap=0
2026-07-14 17:51:03.579 DEBUG qt.scenegraph.time.renderloop: [window 0x7f20c65f8630][gui thread] polishAndSync: start, elapsed since last call: 31 ms
2026-07-14 17:51:03.579 DEBUG qt.scenegraph.time.renderloop: [window 0x7f20c65f8630][render thread 0x7f20c0b174c0] syncAndRender: start, elapsed since last call: 32 ms
2026-07-14 17:51:03.579 DEBUG qt.scenegraph.time.renderloop: [window 0x7f20c65f8630][gui thread] Frame prepared, polish=0 ms, lock=0 ms, blockedForSync=0 ms, animations=0 ms
2026-07-14 17:51:03.579 DEBUG qt.scenegraph.time.renderer: time in renderer: total=0ms, preprocess=0, updates=0, rendering=0
2026-07-14 17:51:03.579 DEBUG qt.scenegraph.time.renderloop: [window 0x7f20c65f8630][render thread 0x7f20c0b174c0] syncAndRender: frame rendered in 0ms, sync=0, render=0, swap=0
2026-07-14 17:51:03.580 DEBUG qt.scenegraph.time.renderloop: [window 0x7f20c65f8630][gui thread] polishAndSync: start, elapsed since last call: 1 ms
2026-07-14 17:51:03.580 DEBUG qt.scenegraph.time.renderloop: [window 0x7f20c65f8630][render thread 0x7f20c0b174c0] syncAndRender: start, elapsed since last call: 0 ms
2026-07-14 17:51:03.580 DEBUG qt.scenegraph.time.renderloop: [window 0x7f20c65f8630][gui thread] Frame prepared, polish=0 ms, lock=0 ms, blockedForSync=0 ms, animations=0 ms
2026-07-14 17:51:03.580 DEBUG qt.scenegraph.time.renderer: time in renderer: total=0ms, preprocess=0, updates=0, rendering=0
2026-07-14 17:51:03.580 DEBUG qt.scenegraph.time.renderloop: [window 0x7f20c65f8630][render thread 0x7f20c0b174c0] syncAndRender: frame rendered in 0ms, sync=0, render=0, swap=0
2026-07-14 17:51:03.612 DEBUG qt.scenegraph.time.renderloop: [window 0x7f20c65f8630][gui thread] polishAndSync: start, elapsed since last call: 32 ms
2026-07-14 17:51:03.613 DEBUG qt.scenegraph.time.renderloop: [window 0x7f20c65f8630][render thread 0x7f20c0b174c0] syncAndRender: start, elapsed since last call: 32 ms
2026-07-14 17:51:03.613 DEBUG qt.scenegraph.time.renderloop: [window 0x7f20c65f8630][gui thread] Frame prepared, polish=0 ms, lock=0 ms, blockedForSync=0 ms, animations=0 ms
2026-07-14 17:51:03.613 DEBUG qt.scenegraph.time.renderer: time in renderer: total=0ms, preprocess=0, updates=0, rendering=0
2026-07-14 17:51:03.613 DEBUG qt.scenegraph.time.renderloop: [window 0x7f20c65f8630][render thread 0x7f20c0b174c0] syncAndRender: frame rendered in 0ms, sync=0, render=0, swap=0
2026-07-14 17:51:03.613 DEBUG qt.scenegraph.time.renderloop: [window 0x7f20c65f8630][gui thread] polishAndSync: start, elapsed since last call: 0 ms
2026-07-14 17:51:03.613 DEBUG qt.scenegraph.time.renderloop: [window 0x7f20c65f8630][render thread 0x7f20c0b174c0] syncAndRender: start, elapsed since last call: 0 ms
2026-07-14 17:51:03.613 DEBUG qt.scenegraph.time.renderloop: [window 0x7f20c65f8630][gui thread] Frame prepared, polish=0 ms, lock=0 ms, blockedForSync=0 ms, animations=0 ms
2026-07-14 17:51:03.613 DEBUG qt.scenegraph.time.renderer: time in renderer: total=0ms, preprocess=0, updates=0, rendering=0
2026-07-14 17:51:03.613 DEBUG qt.scenegraph.time.renderloop: [window 0x7f20c65f8630][render thread 0x7f20c0b174c0] syncAndRender: frame rendered in 0ms, sync=0, render=0, swap=0
2026-07-14 17:51:03.645 DEBUG qt.scenegraph.time.renderloop: [window 0x7f20c65f8630][gui thread] polishAndSync: start, elapsed since last call: 31 ms
2026-07-14 17:51:03.645 DEBUG qt.scenegraph.time.renderloop: [window 0x7f20c65f8630][render thread 0x7f20c0b174c0] syncAndRender: start, elapsed since last call: 32 ms
2026-07-14 17:51:03.645 DEBUG qt.scenegraph.time.renderloop: [window 0x7f20c65f8630][gui thread] Frame prepared, polish=0 ms, lock=0 ms, blockedForSync=0 ms, animations=0 ms
2026-07-14 17:51:03.645 DEBUG qt.scenegraph.time.renderer: time in renderer: total=0ms, preprocess=0, updates=0, rendering=0
2026-07-14 17:51:03.646 DEBUG qt.scenegraph.time.renderloop: [window 0x7f20c65f8630][render thread 0x7f20c0b174c0] syncAndRender: frame rendered in 0ms, sync=0, render=0, swap=0
2026-07-14 17:51:03.646 DEBUG qt.scenegraph.time.renderloop: [window 0x7f20c65f8630][gui thread] polishAndSync: start, elapsed since last call: 0 ms
2026-07-14 17:51:03.646 DEBUG qt.scenegraph.time.renderloop: [window 0x7f20c65f8630][render thread 0x7f20c0b174c0] syncAndRender: start, elapsed since last call: 0 ms
2026-07-14 17:51:03.646 DEBUG qt.scenegraph.time.renderloop: [window 0x7f20c65f8630][gui thread] Frame prepared, polish=0 ms, lock=0 ms, blockedForSync=0 ms, animations=0 ms
2026-07-14 17:51:03.646 DEBUG qt.scenegraph.time.renderer: time in renderer: total=0ms, preprocess=0, updates=0, rendering=0
2026-07-14 17:51:03.646 DEBUG qt.scenegraph.time.renderloop: [window 0x7f20c65f8630][render thread 0x7f20c0b174c0] syncAndRender: frame rendered in 0ms, sync=0, render=0, swap=0
2026-07-14 17:51:03.678 DEBUG qt.scenegraph.time.renderloop: [window 0x7f20c65f8630][gui thread] polishAndSync: start, elapsed since last call: 32 ms
2026-07-14 17:51:03.678 DEBUG qt.scenegraph.time.renderloop: [window 0x7f20c65f8630][render thread 0x7f20c0b174c0] syncAndRender: start, elapsed since last call: 32 ms
2026-07-14 17:51:03.678 DEBUG qt.scenegraph.time.renderloop: [window 0x7f20c65f8630][gui thread] Frame prepared, polish=0 ms, lock=0 ms, blockedForSync=0 ms, animations=0 ms
2026-07-14 17:51:03.678 DEBUG qt.scenegraph.time.renderer: time in renderer: total=0ms, preprocess=0, updates=0, rendering=0
2026-07-14 17:51:03.679 DEBUG qt.scenegraph.time.renderloop: [window 0x7f20c65f8630][render thread 0x7f20c0b174c0] syncAndRender: frame rendered in 0ms, sync=0, render=0, swap=0
2026-07-14 17:51:03.679 DEBUG qt.scenegraph.time.renderloop: [window 0x7f20c65f8630][gui thread] polishAndSync: start, elapsed since last call: 0 ms
2026-07-14 17:51:03.679 DEBUG qt.scenegraph.time.renderloop: [window 0x7f20c65f8630][render thread 0x7f20c0b174c0] syncAndRender: start, elapsed since last call: 0 ms
2026-07-14 17:51:03.679 DEBUG qt.scenegraph.time.renderloop: [window 0x7f20c65f8630][gui thread] Frame prepared, polish=0 ms, lock=0 ms, blockedForSync=0 ms, animations=0 ms
2026-07-14 17:51:03.679 DEBUG qt.scenegraph.time.renderer: time in renderer: total=0ms, preprocess=0, updates=0, rendering=0
2026-07-14 17:51:03.679 DEBUG qt.scenegraph.time.renderloop: [window 0x7f20c65f8630][render thread 0x7f20c0b174c0] syncAndRender: frame rendered in 0ms, sync=0, render=0, swap=0
2026-07-14 17:51:03.711 DEBUG qt.scenegraph.time.renderloop: [window 0x7f20c65f8630][gui thread] polishAndSync: start, elapsed since last call: 31 ms
2026-07-14 17:51:03.711 DEBUG qt.scenegraph.time.renderloop: [window 0x7f20c65f8630][render thread 0x7f20c0b174c0] syncAndRender: start, elapsed since last call: 32 ms
2026-07-14 17:51:03.711 DEBUG qt.scenegraph.time.renderloop: [window 0x7f20c65f8630][gui thread] Frame prepared, polish=0 ms, lock=0 ms, blockedForSync=0 ms, animations=0 ms
2026-07-14 17:51:03.711 DEBUG qt.scenegraph.time.renderer: time in renderer: total=0ms, preprocess=0, updates=0, rendering=0
2026-07-14 17:51:03.711 DEBUG qt.scenegraph.time.renderloop: [window 0x7f20c65f8630][render thread 0x7f20c0b174c0] syncAndRender: frame rendered in 0ms, sync=0, render=0, swap=0
2026-07-14 17:51:03.712 DEBUG qt.scenegraph.time.renderloop: [window 0x7f20c65f8630][gui thread] polishAndSync: start, elapsed since last call: 0 ms
2026-07-14 17:51:03.712 DEBUG qt.scenegraph.time.renderloop: [window 0x7f20c65f8630][render thread 0x7f20c0b174c0] syncAndRender: start, elapsed since last call: 0 ms
2026-07-14 17:51:03.712 DEBUG qt.scenegraph.time.renderloop: [window 0x7f20c65f8630][gui thread] Frame prepared, polish=0 ms, lock=0 ms, blockedForSync=0 ms, animations=0 ms
2026-07-14 17:51:03.712 DEBUG qt.scenegraph.time.renderer: time in renderer: total=0ms, preprocess=0, updates=0, rendering=0
2026-07-14 17:51:03.712 DEBUG qt.scenegraph.time.renderloop: [window 0x7f20c65f8630][render thread 0x7f20c0b174c0] syncAndRender: frame rendered in 0ms, sync=0, render=0, swap=0
2026-07-14 17:51:03.744 DEBUG qt.scenegraph.time.renderloop: [window 0x7f20c65f8630][gui thread] polishAndSync: start, elapsed since last call: 32 ms
2026-07-14 17:51:03.745 DEBUG qt.scenegraph.time.renderloop: [window 0x7f20c65f8630][render thread 0x7f20c0b174c0] syncAndRender: start, elapsed since last call: 33 ms
2026-07-14 17:51:03.745 DEBUG qt.scenegraph.time.renderloop: [window 0x7f20c65f8630][gui thread] Frame prepared, polish=0 ms, lock=0 ms, blockedForSync=0 ms, animations=0 ms
2026-07-14 17:51:03.745 DEBUG qt.scenegraph.time.renderer: time in renderer: total=0ms, preprocess=0, updates=0, rendering=0
2026-07-14 17:51:03.745 DEBUG qt.scenegraph.time.renderloop: [window 0x7f20c65f8630][render thread 0x7f20c0b174c0] syncAndRender: frame rendered in 0ms, sync=0, render=0, swap=0
2026-07-14 17:51:03.745 DEBUG qt.scenegraph.time.renderloop: [window 0x7f20c65f8630][gui thread] polishAndSync: start, elapsed since last call: 0 ms
2026-07-14 17:51:03.745 DEBUG qt.scenegraph.time.renderloop: [window 0x7f20c65f8630][render thread 0x7f20c0b174c0] syncAndRender: start, elapsed since last call: 0 ms
2026-07-14 17:51:03.745 DEBUG qt.scenegraph.time.renderloop: [window 0x7f20c65f8630][gui thread] Frame prepared, polish=0 ms, lock=0 ms, blockedForSync=0 ms, animations=0 ms
2026-07-14 17:51:03.745 DEBUG qt.scenegraph.time.renderer: time in renderer: total=0ms, preprocess=0, updates=0, rendering=0
2026-07-14 17:51:03.746 DEBUG qt.scenegraph.time.renderloop: [window 0x7f20c65f8630][render thread 0x7f20c0b174c0] syncAndRender: frame rendered in 0ms, sync=0, render=0, swap=0
2026-07-14 17:51:03.777 DEBUG qt.scenegraph.time.renderloop: [window 0x7f20c65f8630][gui thread] polishAndSync: start, elapsed since last call: 31 ms
2026-07-14 17:51:03.777 DEBUG qt.scenegraph.time.renderloop: [window 0x7f20c65f8630][render thread 0x7f20c0b174c0] syncAndRender: start, elapsed since last call: 32 ms
2026-07-14 17:51:03.778 DEBUG qt.scenegraph.time.renderloop: [window 0x7f20c65f8630][gui thread] Frame prepared, polish=0 ms, lock=0 ms, blockedForSync=0 ms, animations=0 ms
2026-07-14 17:51:03.778 DEBUG qt.scenegraph.time.renderer: time in renderer: total=0ms, preprocess=0, updates=0, rendering=0
2026-07-14 17:51:03.778 DEBUG qt.scenegraph.time.renderloop: [window 0x7f20c65f8630][render thread 0x7f20c0b174c0] syncAndRender: frame rendered in 0ms, sync=0, render=0, swap=0
2026-07-14 17:51:03.778 DEBUG qt.scenegraph.time.renderloop: [window 0x7f20c65f8630][gui thread] polishAndSync: start, elapsed since last call: 0 ms
2026-07-14 17:51:03.778 DEBUG qt.scenegraph.time.renderloop: [window 0x7f20c65f8630][render thread 0x7f20c0b174c0] syncAndRender: start, elapsed since last call: 0 ms
2026-07-14 17:51:03.778 DEBUG qt.scenegraph.time.renderloop: [window 0x7f20c65f8630][gui thread] Frame prepared, polish=0 ms, lock=0 ms, blockedForSync=0 ms, animations=0 ms
2026-07-14 17:51:03.778 DEBUG qt.scenegraph.time.renderer: time in renderer: total=0ms, preprocess=0, updates=0, rendering=0
2026-07-14 17:51:03.778 DEBUG qt.scenegraph.time.renderloop: [window 0x7f20c65f8630][render thread 0x7f20c0b174c0] syncAndRender: frame rendered in 0ms, sync=0, render=0, swap=0
2026-07-14 17:51:03.810 DEBUG qt.scenegraph.time.renderloop: [window 0x7f20c65f8630][gui thread] polishAndSync: start, elapsed since last call: 31 ms
2026-07-14 17:51:03.810 DEBUG qt.scenegraph.time.renderloop: [window 0x7f20c65f8630][render thread 0x7f20c0b174c0] syncAndRender: start, elapsed since last call: 32 ms
2026-07-14 17:51:03.810 DEBUG qt.scenegraph.time.renderloop: [window 0x7f20c65f8630][gui thread] Frame prepared, polish=0 ms, lock=0 ms, blockedForSync=0 ms, animations=0 ms
2026-07-14 17:51:03.810 DEBUG qt.scenegraph.time.renderer: time in renderer: total=0ms, preprocess=0, updates=0, rendering=0
2026-07-14 17:51:03.810 DEBUG qt.scenegraph.time.renderloop: [window 0x7f20c65f8630][render thread 0x7f20c0b174c0] syncAndRender: frame rendered in 0ms, sync=0, render=0, swap=0
2026-07-14 17:51:03.811 DEBUG qt.scenegraph.time.renderloop: [window 0x7f20c65f8630][gui thread] polishAndSync: start, elapsed since last call: 0 ms
2026-07-14 17:51:03.811 DEBUG qt.scenegraph.time.renderloop: [window 0x7f20c65f8630][render thread 0x7f20c0b174c0] syncAndRender: start, elapsed since last call: 0 ms
2026-07-14 17:51:03.811 DEBUG qt.scenegraph.time.renderloop: [window 0x7f20c65f8630][gui thread] Frame prepared, polish=0 ms, lock=0 ms, blockedForSync=0 ms, animations=0 ms
2026-07-14 17:51:03.811 DEBUG qt.scenegraph.time.renderer: time in renderer: total=0ms, preprocess=0, updates=0, rendering=0
2026-07-14 17:51:03.811 DEBUG qt.scenegraph.time.renderloop: [window 0x7f20c65f8630][render thread 0x7f20c0b174c0] syncAndRender: frame rendered in 0ms, sync=0, render=0, swap=0
2026-07-14 17:51:03.843 DEBUG qt.scenegraph.time.renderloop: [window 0x7f20c65f8630][gui thread] polishAndSync: start, elapsed since last call: 31 ms
2026-07-14 17:51:03.843 DEBUG qt.scenegraph.time.renderloop: [window 0x7f20c65f8630][render thread 0x7f20c0b174c0] syncAndRender: start, elapsed since last call: 32 ms
2026-07-14 17:51:03.843 DEBUG qt.scenegraph.time.renderloop: [window 0x7f20c65f8630][gui thread] Frame prepared, polish=0 ms, lock=0 ms, blockedForSync=0 ms, animations=0 ms
2026-07-14 17:51:03.843 DEBUG qt.scenegraph.time.renderer: time in renderer: total=0ms, preprocess=0, updates=0, rendering=0
2026-07-14 17:51:03.843 DEBUG qt.scenegraph.time.renderloop: [window 0x7f20c65f8630][render thread 0x7f20c0b174c0] syncAndRender: frame rendered in 0ms, sync=0, render=0, swap=0
2026-07-14 17:51:03.844 DEBUG qt.scenegraph.time.renderloop: [window 0x7f20c65f8630][gui thread] polishAndSync: start, elapsed since last call: 0 ms
2026-07-14 17:51:03.844 DEBUG qt.scenegraph.time.renderloop: [window 0x7f20c65f8630][render thread 0x7f20c0b174c0] syncAndRender: start, elapsed since last call: 0 ms
2026-07-14 17:51:03.844 DEBUG qt.scenegraph.time.renderloop: [window 0x7f20c65f8630][gui thread] Frame prepared, polish=0 ms, lock=0 ms, blockedForSync=0 ms, animations=0 ms
2026-07-14 17:51:03.844 DEBUG qt.scenegraph.time.renderer: time in renderer: total=0ms, preprocess=0, updates=0, rendering=0
2026-07-14 17:51:03.844 DEBUG qt.scenegraph.time.renderloop: [window 0x7f20c65f8630][render thread 0x7f20c0b174c0] syncAndRender: frame rendered in 0ms, sync=0, render=0, swap=0
2026-07-14 17:51:03.877 DEBUG qt.scenegraph.time.renderloop: [window 0x7f20c65f8630][gui thread] polishAndSync: start, elapsed since last call: 33 ms
2026-07-14 17:51:03.877 DEBUG qt.scenegraph.time.renderloop: [window 0x7f20c65f8630][render thread 0x7f20c0b174c0] syncAndRender: start, elapsed since last call: 33 ms
2026-07-14 17:51:03.877 DEBUG qt.scenegraph.time.renderloop: [window 0x7f20c65f8630][gui thread] Frame prepared, polish=0 ms, lock=0 ms, blockedForSync=0 ms, animations=0 ms
2026-07-14 17:51:03.877 DEBUG qt.scenegraph.time.renderer: time in renderer: total=0ms, preprocess=0, updates=0, rendering=0
2026-07-14 17:51:03.877 DEBUG qt.scenegraph.time.renderloop: [window 0x7f20c65f8630][render thread 0x7f20c0b174c0] syncAndRender: frame rendered in 0ms, sync=0, render=0, swap=0
2026-07-14 17:51:03.877 DEBUG qt.scenegraph.time.renderloop: [window 0x7f20c65f8630][gui thread] polishAndSync: start, elapsed since last call: 0 ms
2026-07-14 17:51:03.877 DEBUG qt.scenegraph.time.renderloop: [window 0x7f20c65f8630][render thread 0x7f20c0b174c0] syncAndRender: start, elapsed since last call: 0 ms
2026-07-14 17:51:03.877 DEBUG qt.scenegraph.time.renderloop: [window 0x7f20c65f8630][gui thread] Frame prepared, polish=0 ms, lock=0 ms, blockedForSync=0 ms, animations=0 ms
2026-07-14 17:51:03.877 DEBUG qt.scenegraph.time.renderer: time in renderer: total=0ms, preprocess=0, updates=0, rendering=0
2026-07-14 17:51:03.878 DEBUG qt.scenegraph.time.renderloop: [window 0x7f20c65f8630][render thread 0x7f20c0b174c0] syncAndRender: frame rendered in 0ms, sync=0, render=0, swap=0
2026-07-14 17:51:03.909 DEBUG qt.scenegraph.time.renderloop: [window 0x7f20c65f8630][gui thread] polishAndSync: start, elapsed since last call: 31 ms
2026-07-14 17:51:03.909 DEBUG qt.scenegraph.time.renderloop: [window 0x7f20c65f8630][render thread 0x7f20c0b174c0] syncAndRender: start, elapsed since last call: 31 ms
2026-07-14 17:51:03.909 DEBUG qt.scenegraph.time.renderloop: [window 0x7f20c65f8630][gui thread] Frame prepared, polish=0 ms, lock=0 ms, blockedForSync=0 ms, animations=0 ms
2026-07-14 17:51:03.909 DEBUG qt.scenegraph.time.renderer: time in renderer: total=0ms, preprocess=0, updates=0, rendering=0
2026-07-14 17:51:03.910 DEBUG qt.scenegraph.time.renderloop: [window 0x7f20c65f8630][render thread 0x7f20c0b174c0] syncAndRender: frame rendered in 0ms, sync=0, render=0, swap=0
2026-07-14 17:51:03.910 DEBUG qt.scenegraph.time.renderloop: [window 0x7f20c65f8630][gui thread] polishAndSync: start, elapsed since last call: 0 ms
2026-07-14 17:51:03.910 DEBUG qt.scenegraph.time.renderloop: [window 0x7f20c65f8630][render thread 0x7f20c0b174c0] syncAndRender: start, elapsed since last call: 0 ms
2026-07-14 17:51:03.910 DEBUG qt.scenegraph.time.renderloop: [window 0x7f20c65f8630][gui thread] Frame prepared, polish=0 ms, lock=0 ms, blockedForSync=0 ms, animations=0 ms
2026-07-14 17:51:03.910 DEBUG qt.scenegraph.time.renderer: time in renderer: total=0ms, preprocess=0, updates=0, rendering=0
2026-07-14 17:51:03.910 DEBUG qt.scenegraph.time.renderloop: [window 0x7f20c65f8630][render thread 0x7f20c0b174c0] syncAndRender: frame rendered in 0ms, sync=0, render=0, swap=0
2026-07-14 17:51:03.942 DEBUG qt.scenegraph.time.renderloop: [window 0x7f20c65f8630][gui thread] polishAndSync: start, elapsed since last call: 32 ms
2026-07-14 17:51:03.942 DEBUG qt.scenegraph.time.renderloop: [window 0x7f20c65f8630][render thread 0x7f20c0b174c0] syncAndRender: start, elapsed since last call: 32 ms
2026-07-14 17:51:03.942 DEBUG qt.scenegraph.time.renderloop: [window 0x7f20c65f8630][gui thread] Frame prepared, polish=0 ms, lock=0 ms, blockedForSync=0 ms, animations=0 ms
2026-07-14 17:51:03.942 DEBUG qt.scenegraph.time.renderer: time in renderer: total=0ms, preprocess=0, updates=0, rendering=0
2026-07-14 17:51:03.942 DEBUG qt.scenegraph.time.renderloop: [window 0x7f20c65f8630][render thread 0x7f20c0b174c0] syncAndRender: frame rendered in 0ms, sync=0, render=0, swap=0
2026-07-14 17:51:03.943 DEBUG qt.scenegraph.time.renderloop: [window 0x7f20c65f8630][gui thread] polishAndSync: start, elapsed since last call: 0 ms
2026-07-14 17:51:03.943 DEBUG qt.scenegraph.time.renderloop: [window 0x7f20c65f8630][render thread 0x7f20c0b174c0] syncAndRender: start, elapsed since last call: 0 ms
2026-07-14 17:51:03.943 DEBUG qt.scenegraph.time.renderloop: [window 0x7f20c65f8630][gui thread] Frame prepared, polish=0 ms, lock=0 ms, blockedForSync=0 ms, animations=0 ms
2026-07-14 17:51:03.943 DEBUG qt.scenegraph.time.renderer: time in renderer: total=0ms, preprocess=0, updates=0, rendering=0
2026-07-14 17:51:03.943 DEBUG qt.scenegraph.time.renderloop: [window 0x7f20c65f8630][render thread 0x7f20c0b174c0] syncAndRender: frame rendered in 0ms, sync=0, render=0, swap=0
2026-07-14 17:51:03.975 DEBUG qt.scenegraph.time.renderloop: [window 0x7f20c65f8630][gui thread] polishAndSync: start, elapsed since last call: 31 ms
2026-07-14 17:51:03.975 DEBUG qt.scenegraph.time.renderloop: [window 0x7f20c65f8630][render thread 0x7f20c0b174c0] syncAndRender: start, elapsed since last call: 32 ms
2026-07-14 17:51:03.975 DEBUG qt.scenegraph.time.renderloop: [window 0x7f20c65f8630][gui thread] Frame prepared, polish=0 ms, lock=0 ms, blockedForSync=0 ms, animations=0 ms
2026-07-14 17:51:03.975 DEBUG qt.scenegraph.time.renderer: time in renderer: total=0ms, preprocess=0, updates=0, rendering=0
2026-07-14 17:51:03.975 DEBUG qt.scenegraph.time.renderloop: [window 0x7f20c65f8630][render thread 0x7f20c0b174c0] syncAndRender: frame rendered in 0ms, sync=0, render=0, swap=0
2026-07-14 17:51:03.976 DEBUG qt.scenegraph.time.renderloop: [window 0x7f20c65f8630][gui thread] polishAndSync: start, elapsed since last call: 0 ms
2026-07-14 17:51:03.976 DEBUG qt.scenegraph.time.renderloop: [window 0x7f20c65f8630][render thread 0x7f20c0b174c0] syncAndRender: start, elapsed since last call: 0 ms
2026-07-14 17:51:03.976 DEBUG qt.scenegraph.time.renderloop: [window 0x7f20c65f8630][gui thread] Frame prepared, polish=0 ms, lock=0 ms, blockedForSync=0 ms, animations=0 ms
2026-07-14 17:51:03.976 DEBUG qt.scenegraph.time.renderer: time in renderer: total=0ms, preprocess=0, updates=0, rendering=0
2026-07-14 17:51:03.976 DEBUG qt.scenegraph.time.renderloop: [window 0x7f20c65f8630][render thread 0x7f20c0b174c0] syncAndRender: frame rendered in 0ms, sync=0, render=0, swap=0
2026-07-14 17:51:04.008 DEBUG qt.scenegraph.time.renderloop: [window 0x7f20c65f8630][gui thread] polishAndSync: start, elapsed since last call: 31 ms
2026-07-14 17:51:04.008 DEBUG qt.scenegraph.time.renderloop: [window 0x7f20c65f8630][render thread 0x7f20c0b174c0] syncAndRender: start, elapsed since last call: 32 ms
2026-07-14 17:51:04.008 DEBUG qt.scenegraph.time.renderloop: [window 0x7f20c65f8630][gui thread] Frame prepared, polish=0 ms, lock=0 ms, blockedForSync=0 ms, animations=0 ms
2026-07-14 17:51:04.008 DEBUG qt.scenegraph.time.renderer: time in renderer: total=0ms, preprocess=0, updates=0, rendering=0
2026-07-14 17:51:04.008 DEBUG qt.scenegraph.time.renderloop: [window 0x7f20c65f8630][render thread 0x7f20c0b174c0] syncAndRender: frame rendered in 0ms, sync=0, render=0, swap=0
2026-07-14 17:51:04.008 DEBUG qt.scenegraph.time.renderloop: [window 0x7f20c65f8630][gui thread] polishAndSync: start, elapsed since last call: 0 ms
2026-07-14 17:51:04.008 DEBUG qt.scenegraph.time.renderloop: [window 0x7f20c65f8630][render thread 0x7f20c0b174c0] syncAndRender: start, elapsed since last call: 0 ms
2026-07-14 17:51:04.008 DEBUG qt.scenegraph.time.renderloop: [window 0x7f20c65f8630][gui thread] Frame prepared, polish=0 ms, lock=0 ms, blockedForSync=0 ms, animations=0 ms
2026-07-14 17:51:04.008 DEBUG qt.scenegraph.time.renderer: time in renderer: total=0ms, preprocess=0, updates=0, rendering=0
2026-07-14 17:51:04.009 DEBUG qt.scenegraph.time.renderloop: [window 0x7f20c65f8630][render thread 0x7f20c0b174c0] syncAndRender: frame rendered in 0ms, sync=0, render=0, swap=0
2026-07-14 17:51:04.040 DEBUG qt.scenegraph.time.renderloop: [window 0x7f20c65f8630][gui thread] polishAndSync: start, elapsed since last call: 32 ms
2026-07-14 17:51:04.041 DEBUG qt.scenegraph.time.renderloop: [window 0x7f20c65f8630][render thread 0x7f20c0b174c0] syncAndRender: start, elapsed since last call: 32 ms
2026-07-14 17:51:04.041 DEBUG qt.scenegraph.time.renderloop: [window 0x7f20c65f8630][gui thread] Frame prepared, polish=0 ms, lock=0 ms, blockedForSync=0 ms, animations=0 ms
2026-07-14 17:51:04.041 DEBUG qt.scenegraph.time.renderer: time in renderer: total=0ms, preprocess=0, updates=0, rendering=0
2026-07-14 17:51:04.041 DEBUG qt.scenegraph.time.renderloop: [window 0x7f20c65f8630][render thread 0x7f20c0b174c0] syncAndRender: frame rendered in 0ms, sync=0, render=0, swap=0
2026-07-14 17:51:04.041 DEBUG qt.scenegraph.time.renderloop: [window 0x7f20c65f8630][gui thread] polishAndSync: start, elapsed since last call: 0 ms
2026-07-14 17:51:04.041 DEBUG qt.scenegraph.time.renderloop: [window 0x7f20c65f8630][render thread 0x7f20c0b174c0] syncAndRender: start, elapsed since last call: 0 ms
2026-07-14 17:51:04.041 DEBUG qt.scenegraph.time.renderloop: [window 0x7f20c65f8630][gui thread] Frame prepared, polish=0 ms, lock=0 ms, blockedForSync=0 ms, animations=0 ms
2026-07-14 17:51:04.041 DEBUG qt.scenegraph.time.renderer: time in renderer: total=0ms, preprocess=0, updates=0, rendering=0
2026-07-14 17:51:04.042 DEBUG qt.scenegraph.time.renderloop: [window 0x7f20c65f8630][render thread 0x7f20c0b174c0] syncAndRender: frame rendered in 0ms, sync=0, render=0, swap=0
2026-07-14 17:51:04.074 DEBUG qt.scenegraph.time.renderloop: [window 0x7f20c65f8630][gui thread] polishAndSync: start, elapsed since last call: 32 ms
2026-07-14 17:51:04.075 DEBUG qt.scenegraph.time.renderloop: [window 0x7f20c65f8630][render thread 0x7f20c0b174c0] syncAndRender: start, elapsed since last call: 33 ms
2026-07-14 17:51:04.075 DEBUG qt.scenegraph.time.renderloop: [window 0x7f20c65f8630][gui thread] Frame prepared, polish=0 ms, lock=0 ms, blockedForSync=0 ms, animations=0 ms
2026-07-14 17:51:04.075 DEBUG qt.scenegraph.time.renderer: time in renderer: total=0ms, preprocess=0, updates=0, rendering=0
2026-07-14 17:51:04.075 DEBUG qt.scenegraph.time.renderloop: [window 0x7f20c65f8630][render thread 0x7f20c0b174c0] syncAndRender: frame rendered in 0ms, sync=0, render=0, swap=0
2026-07-14 17:51:04.075 DEBUG qt.scenegraph.time.renderloop: [window 0x7f20c65f8630][gui thread] polishAndSync: start, elapsed since last call: 0 ms
2026-07-14 17:51:04.075 DEBUG qt.scenegraph.time.renderloop: [window 0x7f20c65f8630][render thread 0x7f20c0b174c0] syncAndRender: start, elapsed since last call: 0 ms
2026-07-14 17:51:04.075 DEBUG qt.scenegraph.time.renderloop: [window 0x7f20c65f8630][gui thread] Frame prepared, polish=0 ms, lock=0 ms, blockedForSync=0 ms, animations=0 ms
2026-07-14 17:51:04.075 DEBUG qt.scenegraph.time.renderer: time in renderer: total=0ms, preprocess=0, updates=0, rendering=0
2026-07-14 17:51:04.075 DEBUG qt.scenegraph.time.renderloop: [window 0x7f20c65f8630][render thread 0x7f20c0b174c0] syncAndRender: frame rendered in 0ms, sync=0, render=0, swap=0
2026-07-14 17:51:04.107 DEBUG qt.scenegraph.time.renderloop: [window 0x7f20c65f8630][gui thread] polishAndSync: start, elapsed since last call: 31 ms
2026-07-14 17:51:04.107 DEBUG qt.scenegraph.time.renderloop: [window 0x7f20c65f8630][render thread 0x7f20c0b174c0] syncAndRender: start, elapsed since last call: 31 ms
2026-07-14 17:51:04.107 DEBUG qt.scenegraph.time.renderloop: [window 0x7f20c65f8630][gui thread] Frame prepared, polish=0 ms, lock=0 ms, blockedForSync=0 ms, animations=0 ms
2026-07-14 17:51:04.107 DEBUG qt.scenegraph.time.renderer: time in renderer: total=0ms, preprocess=0, updates=0, rendering=0
2026-07-14 17:51:04.107 DEBUG qt.scenegraph.time.renderloop: [window 0x7f20c65f8630][render thread 0x7f20c0b174c0] syncAndRender: frame rendered in 0ms, sync=0, render=0, swap=0
2026-07-14 17:51:04.108 DEBUG qt.scenegraph.time.renderloop: [window 0x7f20c65f8630][gui thread] polishAndSync: start, elapsed since last call: 0 ms
2026-07-14 17:51:04.108 DEBUG qt.scenegraph.time.renderloop: [window 0x7f20c65f8630][render thread 0x7f20c0b174c0] syncAndRender: start, elapsed since last call: 0 ms
2026-07-14 17:51:04.108 DEBUG qt.scenegraph.time.renderloop: [window 0x7f20c65f8630][gui thread] Frame prepared, polish=0 ms, lock=0 ms, blockedForSync=0 ms, animations=0 ms
2026-07-14 17:51:04.108 DEBUG qt.scenegraph.time.renderer: time in renderer: total=0ms, preprocess=0, updates=0, rendering=0
2026-07-14 17:51:04.108 DEBUG qt.scenegraph.time.renderloop: [window 0x7f20c65f8630][render thread 0x7f20c0b174c0] syncAndRender: frame rendered in 0ms, sync=0, render=0, swap=0
2026-07-14 17:51:04.140 DEBUG qt.scenegraph.time.renderloop: [window 0x7f20c65f8630][gui thread] polishAndSync: start, elapsed since last call: 32 ms
2026-07-14 17:51:04.140 DEBUG qt.scenegraph.time.renderloop: [window 0x7f20c65f8630][render thread 0x7f20c0b174c0] syncAndRender: start, elapsed since last call: 32 ms
2026-07-14 17:51:04.140 DEBUG qt.scenegraph.time.renderloop: [window 0x7f20c65f8630][gui thread] Frame prepared, polish=0 ms, lock=0 ms, blockedForSync=0 ms, animations=0 ms
2026-07-14 17:51:04.140 DEBUG qt.scenegraph.time.renderer: time in renderer: total=0ms, preprocess=0, updates=0, rendering=0
2026-07-14 17:51:04.140 DEBUG qt.scenegraph.time.renderloop: [window 0x7f20c65f8630][render thread 0x7f20c0b174c0] syncAndRender: frame rendered in 0ms, sync=0, render=0, swap=0
2026-07-14 17:51:04.141 DEBUG qt.scenegraph.time.renderloop: [window 0x7f20c65f8630][gui thread] polishAndSync: start, elapsed since last call: 0 ms
2026-07-14 17:51:04.141 DEBUG qt.scenegraph.time.renderloop: [window 0x7f20c65f8630][render thread 0x7f20c0b174c0] syncAndRender: start, elapsed since last call: 0 ms
2026-07-14 17:51:04.141 DEBUG qt.scenegraph.time.renderloop: [window 0x7f20c65f8630][gui thread] Frame prepared, polish=0 ms, lock=0 ms, blockedForSync=0 ms, animations=0 ms
2026-07-14 17:51:04.141 DEBUG qt.scenegraph.time.renderer: time in renderer: total=0ms, preprocess=0, updates=0, rendering=0
2026-07-14 17:51:04.141 DEBUG qt.scenegraph.time.renderloop: [window 0x7f20c65f8630][render thread 0x7f20c0b174c0] syncAndRender: frame rendered in 0ms, sync=0, render=0, swap=0
2026-07-14 17:51:04.173 DEBUG qt.scenegraph.time.renderloop: [window 0x7f20c65f8630][gui thread] polishAndSync: start, elapsed since last call: 32 ms
2026-07-14 17:51:04.174 DEBUG qt.scenegraph.time.renderloop: [window 0x7f20c65f8630][render thread 0x7f20c0b174c0] syncAndRender: start, elapsed since last call: 32 ms
2026-07-14 17:51:04.174 DEBUG qt.scenegraph.time.renderloop: [window 0x7f20c65f8630][gui thread] Frame prepared, polish=0 ms, lock=0 ms, blockedForSync=0 ms, animations=0 ms
2026-07-14 17:51:04.174 DEBUG qt.scenegraph.time.renderer: time in renderer: total=0ms, preprocess=0, updates=0, rendering=0
2026-07-14 17:51:04.174 DEBUG qt.scenegraph.time.renderloop: [window 0x7f20c65f8630][render thread 0x7f20c0b174c0] syncAndRender: frame rendered in 0ms, sync=0, render=0, swap=0
2026-07-14 17:51:04.174 DEBUG qt.scenegraph.time.renderloop: [window 0x7f20c65f8630][gui thread] polishAndSync: start, elapsed since last call: 0 ms
2026-07-14 17:51:04.174 DEBUG qt.scenegraph.time.renderloop: [window 0x7f20c65f8630][render thread 0x7f20c0b174c0] syncAndRender: start, elapsed since last call: 0 ms
2026-07-14 17:51:04.174 DEBUG qt.scenegraph.time.renderloop: [window 0x7f20c65f8630][gui thread] Frame prepared, polish=0 ms, lock=0 ms, blockedForSync=0 ms, animations=0 ms
2026-07-14 17:51:04.174 DEBUG qt.scenegraph.time.renderer: time in renderer: total=0ms, preprocess=0, updates=0, rendering=0
2026-07-14 17:51:04.175 DEBUG qt.scenegraph.time.renderloop: [window 0x7f20c65f8630][render thread 0x7f20c0b174c0] syncAndRender: frame rendered in 0ms, sync=0, render=0, swap=0
2026-07-14 17:51:04.206 DEBUG qt.scenegraph.time.renderloop: [window 0x7f20c65f8630][gui thread] polishAndSync: start, elapsed since last call: 31 ms
2026-07-14 17:51:04.206 DEBUG qt.scenegraph.time.renderloop: [window 0x7f20c65f8630][render thread 0x7f20c0b174c0] syncAndRender: start, elapsed since last call: 32 ms
2026-07-14 17:51:04.206 DEBUG qt.scenegraph.time.renderloop: [window 0x7f20c65f8630][gui thread] Frame prepared, polish=0 ms, lock=0 ms, blockedForSync=0 ms, animations=0 ms
2026-07-14 17:51:04.206 DEBUG qt.scenegraph.time.renderer: time in renderer: total=0ms, preprocess=0, updates=0, rendering=0
2026-07-14 17:51:04.207 DEBUG qt.scenegraph.time.renderloop: [window 0x7f20c65f8630][render thread 0x7f20c0b174c0] syncAndRender: frame rendered in 0ms, sync=0, render=0, swap=0
2026-07-14 17:51:04.207 DEBUG qt.scenegraph.time.renderloop: [window 0x7f20c65f8630][gui thread] polishAndSync: start, elapsed since last call: 1 ms
2026-07-14 17:51:04.207 DEBUG qt.scenegraph.time.renderloop: [window 0x7f20c65f8630][render thread 0x7f20c0b174c0] syncAndRender: start, elapsed since last call: 0 ms
2026-07-14 17:51:04.207 DEBUG qt.scenegraph.time.renderloop: [window 0x7f20c65f8630][gui thread] Frame prepared, polish=0 ms, lock=0 ms, blockedForSync=0 ms, animations=0 ms
2026-07-14 17:51:04.207 DEBUG qt.scenegraph.time.renderer: time in renderer: total=0ms, preprocess=0, updates=0, rendering=0
2026-07-14 17:51:04.207 DEBUG qt.scenegraph.time.renderloop: [window 0x7f20c65f8630][render thread 0x7f20c0b174c0] syncAndRender: frame rendered in 0ms, sync=0, render=0, swap=0
2026-07-14 17:51:04.239 DEBUG qt.scenegraph.time.renderloop: [window 0x7f20c65f8630][gui thread] polishAndSync: start, elapsed since last call: 31 ms
2026-07-14 17:51:04.239 DEBUG qt.scenegraph.time.renderloop: [window 0x7f20c65f8630][render thread 0x7f20c0b174c0] syncAndRender: start, elapsed since last call: 31 ms
2026-07-14 17:51:04.239 DEBUG qt.scenegraph.time.renderloop: [window 0x7f20c65f8630][gui thread] Frame prepared, polish=0 ms, lock=0 ms, blockedForSync=0 ms, animations=0 ms
2026-07-14 17:51:04.239 DEBUG qt.scenegraph.time.renderer: time in renderer: total=0ms, preprocess=0, updates=0, rendering=0
2026-07-14 17:51:04.239 DEBUG qt.scenegraph.time.renderloop: [window 0x7f20c65f8630][render thread 0x7f20c0b174c0] syncAndRender: frame rendered in 0ms, sync=0, render=0, swap=0
2026-07-14 17:51:04.240 DEBUG qt.scenegraph.time.renderloop: [window 0x7f20c65f8630][gui thread] polishAndSync: start, elapsed since last call: 0 ms
2026-07-14 17:51:04.240 DEBUG qt.scenegraph.time.renderloop: [window 0x7f20c65f8630][render thread 0x7f20c0b174c0] syncAndRender: start, elapsed since last call: 0 ms
2026-07-14 17:51:04.240 DEBUG qt.scenegraph.time.renderloop: [window 0x7f20c65f8630][gui thread] Frame prepared, polish=0 ms, lock=0 ms, blockedForSync=0 ms, animations=0 ms
2026-07-14 17:51:04.240 DEBUG qt.scenegraph.time.renderer: time in renderer: total=0ms, preprocess=0, updates=0, rendering=0
2026-07-14 17:51:04.240 DEBUG qt.scenegraph.time.renderloop: [window 0x7f20c65f8630][render thread 0x7f20c0b174c0] syncAndRender: frame rendered in 0ms, sync=0, render=0, swap=0
2026-07-14 17:51:04.272 DEBUG qt.scenegraph.time.renderloop: [window 0x7f20c65f8630][gui thread] polishAndSync: start, elapsed since last call: 31 ms
2026-07-14 17:51:04.272 DEBUG qt.scenegraph.time.renderloop: [window 0x7f20c65f8630][render thread 0x7f20c0b174c0] syncAndRender: start, elapsed since last call: 32 ms
2026-07-14 17:51:04.272 DEBUG qt.scenegraph.time.renderloop: [window 0x7f20c65f8630][gui thread] Frame prepared, polish=0 ms, lock=0 ms, blockedForSync=0 ms, animations=0 ms
2026-07-14 17:51:04.272 DEBUG qt.scenegraph.time.renderer: time in renderer: total=0ms, preprocess=0, updates=0, rendering=0
2026-07-14 17:51:04.272 DEBUG qt.scenegraph.time.renderloop: [window 0x7f20c65f8630][render thread 0x7f20c0b174c0] syncAndRender: frame rendered in 0ms, sync=0, render=0, swap=0
2026-07-14 17:51:04.273 DEBUG qt.scenegraph.time.renderloop: [window 0x7f20c65f8630][gui thread] polishAndSync: start, elapsed since last call: 0 ms
2026-07-14 17:51:04.273 DEBUG qt.scenegraph.time.renderloop: [window 0x7f20c65f8630][render thread 0x7f20c0b174c0] syncAndRender: start, elapsed since last call: 0 ms
2026-07-14 17:51:04.273 DEBUG qt.scenegraph.time.renderloop: [window 0x7f20c65f8630][gui thread] Frame prepared, polish=0 ms, lock=0 ms, blockedForSync=0 ms, animations=0 ms
2026-07-14 17:51:04.273 DEBUG qt.scenegraph.time.renderer: time in renderer: total=0ms, preprocess=0, updates=0, rendering=0
2026-07-14 17:51:04.273 DEBUG qt.scenegraph.time.renderloop: [window 0x7f20c65f8630][render thread 0x7f20c0b174c0] syncAndRender: frame rendered in 0ms, sync=0, render=0, swap=0
2026-07-14 17:51:04.305 DEBUG qt.scenegraph.time.renderloop: [window 0x7f20c65f8630][gui thread] polishAndSync: start, elapsed since last call: 32 ms
2026-07-14 17:51:04.307 DEBUG qt.scenegraph.time.renderloop: [window 0x7f20c65f8630][render thread 0x7f20c0b174c0] syncAndRender: start, elapsed since last call: 34 ms
2026-07-14 17:51:04.307 DEBUG qt.scenegraph.time.renderloop: [window 0x7f20c65f8630][gui thread] Frame prepared, polish=1 ms, lock=0 ms, blockedForSync=0 ms, animations=0 ms
2026-07-14 17:51:04.307 DEBUG qt.scenegraph.time.renderer: time in renderer: total=0ms, preprocess=0, updates=0, rendering=0
2026-07-14 17:51:04.308 DEBUG qt.scenegraph.time.renderloop: [window 0x7f20c65f8630][render thread 0x7f20c0b174c0] syncAndRender: frame rendered in 0ms, sync=0, render=0, swap=0
2026-07-14 17:51:04.308 DEBUG qt.scenegraph.time.renderloop: [window 0x7f20c65f8630][gui thread] polishAndSync: start, elapsed since last call: 2 ms
2026-07-14 17:51:04.308 DEBUG qt.scenegraph.time.renderloop: [window 0x7f20c65f8630][render thread 0x7f20c0b174c0] syncAndRender: start, elapsed since last call: 0 ms
2026-07-14 17:51:04.308 DEBUG qt.scenegraph.time.renderloop: [window 0x7f20c65f8630][gui thread] Frame prepared, polish=0 ms, lock=0 ms, blockedForSync=0 ms, animations=0 ms
2026-07-14 17:51:04.308 DEBUG qt.scenegraph.time.renderer: time in renderer: total=0ms, preprocess=0, updates=0, rendering=0
2026-07-14 17:51:04.308 DEBUG qt.scenegraph.time.renderloop: [window 0x7f20c65f8630][render thread 0x7f20c0b174c0] syncAndRender: frame rendered in 0ms, sync=0, render=0, swap=0
2026-07-14 17:51:04.338 DEBUG qt.scenegraph.time.renderloop: [window 0x7f20c65f8630][gui thread] polishAndSync: start, elapsed since last call: 30 ms
2026-07-14 17:51:04.338 DEBUG qt.scenegraph.time.renderloop: [window 0x7f20c65f8630][render thread 0x7f20c0b174c0] syncAndRender: start, elapsed since last call: 30 ms
2026-07-14 17:51:04.339 DEBUG qt.scenegraph.time.renderloop: [window 0x7f20c65f8630][gui thread] Frame prepared, polish=0 ms, lock=0 ms, blockedForSync=0 ms, animations=0 ms
2026-07-14 17:51:04.339 DEBUG qt.scenegraph.time.renderer: time in renderer: total=0ms, preprocess=0, updates=0, rendering=0
2026-07-14 17:51:04.339 DEBUG qt.scenegraph.time.renderloop: [window 0x7f20c65f8630][render thread 0x7f20c0b174c0] syncAndRender: frame rendered in 0ms, sync=0, render=0, swap=0
2026-07-14 17:51:04.339 DEBUG qt.scenegraph.time.renderloop: [window 0x7f20c65f8630][gui thread] polishAndSync: start, elapsed since last call: 0 ms
2026-07-14 17:51:04.339 DEBUG qt.scenegraph.time.renderloop: [window 0x7f20c65f8630][render thread 0x7f20c0b174c0] syncAndRender: start, elapsed since last call: 0 ms
2026-07-14 17:51:04.339 DEBUG qt.scenegraph.time.renderloop: [window 0x7f20c65f8630][gui thread] Frame prepared, polish=0 ms, lock=0 ms, blockedForSync=0 ms, animations=0 ms
2026-07-14 17:51:04.339 DEBUG qt.scenegraph.time.renderer: time in renderer: total=0ms, preprocess=0, updates=0, rendering=0
2026-07-14 17:51:04.339 DEBUG qt.scenegraph.time.renderloop: [window 0x7f20c65f8630][render thread 0x7f20c0b174c0] syncAndRender: frame rendered in 0ms, sync=0, render=0, swap=0
2026-07-14 17:51:04.371 DEBUG qt.scenegraph.time.renderloop: [window 0x7f20c65f8630][gui thread] polishAndSync: start, elapsed since last call: 31 ms
2026-07-14 17:51:04.371 DEBUG qt.scenegraph.time.renderloop: [window 0x7f20c65f8630][render thread 0x7f20c0b174c0] syncAndRender: start, elapsed since last call: 32 ms
2026-07-14 17:51:04.371 DEBUG qt.scenegraph.time.renderloop: [window 0x7f20c65f8630][gui thread] Frame prepared, polish=0 ms, lock=0 ms, blockedForSync=0 ms, animations=0 ms
2026-07-14 17:51:04.371 DEBUG qt.scenegraph.time.renderer: time in renderer: total=0ms, preprocess=0, updates=0, rendering=0
2026-07-14 17:51:04.372 DEBUG qt.scenegraph.time.renderloop: [window 0x7f20c65f8630][render thread 0x7f20c0b174c0] syncAndRender: frame rendered in 0ms, sync=0, render=0, swap=0
2026-07-14 17:51:04.372 DEBUG qt.scenegraph.time.renderloop: [window 0x7f20c65f8630][gui thread] polishAndSync: start, elapsed since last call: 1 ms
2026-07-14 17:51:04.372 DEBUG qt.scenegraph.time.renderloop: [window 0x7f20c65f8630][render thread 0x7f20c0b174c0] syncAndRender: start, elapsed since last call: 0 ms
2026-07-14 17:51:04.372 DEBUG qt.scenegraph.time.renderloop: [window 0x7f20c65f8630][gui thread] Frame prepared, polish=0 ms, lock=0 ms, blockedForSync=0 ms, animations=0 ms
2026-07-14 17:51:04.372 DEBUG qt.scenegraph.time.renderer: time in renderer: total=0ms, preprocess=0, updates=0, rendering=0
2026-07-14 17:51:04.372 DEBUG qt.scenegraph.time.renderloop: [window 0x7f20c65f8630][render thread 0x7f20c0b174c0] syncAndRender: frame rendered in 0ms, sync=0, render=0, swap=0
2026-07-14 17:51:04.404 DEBUG qt.scenegraph.time.renderloop: [window 0x7f20c65f8630][gui thread] polishAndSync: start, elapsed since last call: 31 ms
2026-07-14 17:51:04.404 DEBUG qt.scenegraph.time.renderloop: [window 0x7f20c65f8630][render thread 0x7f20c0b174c0] syncAndRender: start, elapsed since last call: 32 ms
2026-07-14 17:51:04.404 DEBUG qt.scenegraph.time.renderloop: [window 0x7f20c65f8630][gui thread] Frame prepared, polish=0 ms, lock=0 ms, blockedForSync=0 ms, animations=0 ms
2026-07-14 17:51:04.404 DEBUG qt.scenegraph.time.renderer: time in renderer: total=0ms, preprocess=0, updates=0, rendering=0
2026-07-14 17:51:04.404 DEBUG qt.scenegraph.time.renderloop: [window 0x7f20c65f8630][render thread 0x7f20c0b174c0] syncAndRender: frame rendered in 0ms, sync=0, render=0, swap=0
2026-07-14 17:51:04.405 DEBUG qt.scenegraph.time.renderloop: [window 0x7f20c65f8630][gui thread] polishAndSync: start, elapsed since last call: 1 ms
2026-07-14 17:51:04.405 DEBUG qt.scenegraph.time.renderloop: [window 0x7f20c65f8630][render thread 0x7f20c0b174c0] syncAndRender: start, elapsed since last call: 0 ms
2026-07-14 17:51:04.405 DEBUG qt.scenegraph.time.renderloop: [window 0x7f20c65f8630][gui thread] Frame prepared, polish=0 ms, lock=0 ms, blockedForSync=0 ms, animations=0 ms
2026-07-14 17:51:04.405 DEBUG qt.scenegraph.time.renderer: time in renderer: total=0ms, preprocess=0, updates=0, rendering=0
2026-07-14 17:51:04.405 DEBUG qt.scenegraph.time.renderloop: [window 0x7f20c65f8630][render thread 0x7f20c0b174c0] syncAndRender: frame rendered in 0ms, sync=0, render=0, swap=0
2026-07-14 17:51:04.436 DEBUG qt.scenegraph.time.renderloop: [window 0x7f20c65f8630][gui thread] polishAndSync: start, elapsed since last call: 31 ms
2026-07-14 17:51:04.437 DEBUG qt.scenegraph.time.renderloop: [window 0x7f20c65f8630][render thread 0x7f20c0b174c0] syncAndRender: start, elapsed since last call: 31 ms
2026-07-14 17:51:04.437 DEBUG qt.scenegraph.time.renderloop: [window 0x7f20c65f8630][gui thread] Frame prepared, polish=0 ms, lock=0 ms, blockedForSync=0 ms, animations=0 ms
2026-07-14 17:51:04.437 DEBUG qt.scenegraph.time.renderer: time in renderer: total=0ms, preprocess=0, updates=0, rendering=0
2026-07-14 17:51:04.437 DEBUG qt.scenegraph.time.renderloop: [window 0x7f20c65f8630][render thread 0x7f20c0b174c0] syncAndRender: frame rendered in 0ms, sync=0, render=0, swap=0
2026-07-14 17:51:04.437 DEBUG qt.scenegraph.time.renderloop: [window 0x7f20c65f8630][gui thread] polishAndSync: start, elapsed since last call: 0 ms
2026-07-14 17:51:04.437 DEBUG qt.scenegraph.time.renderloop: [window 0x7f20c65f8630][render thread 0x7f20c0b174c0] syncAndRender: start, elapsed since last call: 0 ms
2026-07-14 17:51:04.437 DEBUG qt.scenegraph.time.renderloop: [window 0x7f20c65f8630][gui thread] Frame prepared, polish=0 ms, lock=0 ms, blockedForSync=0 ms, animations=0 ms
2026-07-14 17:51:04.437 DEBUG qt.scenegraph.time.renderer: time in renderer: total=0ms, preprocess=0, updates=0, rendering=0
2026-07-14 17:51:04.438 DEBUG qt.scenegraph.time.renderloop: [window 0x7f20c65f8630][render thread 0x7f20c0b174c0] syncAndRender: frame rendered in 0ms, sync=0, render=0, swap=0
2026-07-14 17:51:04.470 DEBUG qt.scenegraph.time.renderloop: [window 0x7f20c65f8630][gui thread] polishAndSync: start, elapsed since last call: 33 ms
2026-07-14 17:51:04.471 DEBUG qt.scenegraph.time.renderloop: [window 0x7f20c65f8630][render thread 0x7f20c0b174c0] syncAndRender: start, elapsed since last call: 33 ms
2026-07-14 17:51:04.471 DEBUG qt.scenegraph.time.renderloop: [window 0x7f20c65f8630][gui thread] Frame prepared, polish=0 ms, lock=0 ms, blockedForSync=0 ms, animations=0 ms
2026-07-14 17:51:04.471 DEBUG qt.scenegraph.time.renderer: time in renderer: total=0ms, preprocess=0, updates=0, rendering=0
2026-07-14 17:51:04.471 DEBUG qt.scenegraph.time.renderloop: [window 0x7f20c65f8630][render thread 0x7f20c0b174c0] syncAndRender: frame rendered in 0ms, sync=0, render=0, swap=0
2026-07-14 17:51:04.471 DEBUG qt.scenegraph.time.renderloop: [window 0x7f20c65f8630][gui thread] polishAndSync: start, elapsed since last call: 1 ms
2026-07-14 17:51:04.471 DEBUG qt.scenegraph.time.renderloop: [window 0x7f20c65f8630][render thread 0x7f20c0b174c0] syncAndRender: start, elapsed since last call: 0 ms
2026-07-14 17:51:04.471 DEBUG qt.scenegraph.time.renderloop: [window 0x7f20c65f8630][gui thread] Frame prepared, polish=0 ms, lock=0 ms, blockedForSync=0 ms, animations=0 ms
2026-07-14 17:51:04.472 DEBUG qt.scenegraph.time.renderer: time in renderer: total=0ms, preprocess=0, updates=0, rendering=0
2026-07-14 17:51:04.472 DEBUG qt.scenegraph.time.renderloop: [window 0x7f20c65f8630][render thread 0x7f20c0b174c0] syncAndRender: frame rendered in 0ms, sync=0, render=0, swap=0
2026-07-14 17:51:04.503 DEBUG qt.scenegraph.time.renderloop: [window 0x7f20c65f8630][gui thread] polishAndSync: start, elapsed since last call: 31 ms
2026-07-14 17:51:04.503 DEBUG qt.scenegraph.time.renderloop: [window 0x7f20c65f8630][render thread 0x7f20c0b174c0] syncAndRender: start, elapsed since last call: 31 ms
2026-07-14 17:51:04.503 DEBUG qt.scenegraph.time.renderloop: [window 0x7f20c65f8630][gui thread] Frame prepared, polish=0 ms, lock=0 ms, blockedForSync=0 ms, animations=0 ms
2026-07-14 17:51:04.503 DEBUG qt.scenegraph.time.renderer: time in renderer: total=0ms, preprocess=0, updates=0, rendering=0
2026-07-14 17:51:04.504 DEBUG qt.scenegraph.time.renderloop: [window 0x7f20c65f8630][render thread 0x7f20c0b174c0] syncAndRender: frame rendered in 0ms, sync=0, render=0, swap=0
2026-07-14 17:51:04.504 DEBUG qt.scenegraph.time.renderloop: [window 0x7f20c65f8630][gui thread] polishAndSync: start, elapsed since last call: 0 ms
2026-07-14 17:51:04.504 DEBUG qt.scenegraph.time.renderloop: [window 0x7f20c65f8630][render thread 0x7f20c0b174c0] syncAndRender: start, elapsed since last call: 0 ms
2026-07-14 17:51:04.504 DEBUG qt.scenegraph.time.renderloop: [window 0x7f20c65f8630][gui thread] Frame prepared, polish=0 ms, lock=0 ms, blockedForSync=0 ms, animations=0 ms
2026-07-14 17:51:04.504 DEBUG qt.scenegraph.time.renderer: time in renderer: total=0ms, preprocess=0, updates=0, rendering=0
2026-07-14 17:51:04.504 DEBUG qt.scenegraph.time.renderloop: [window 0x7f20c65f8630][render thread 0x7f20c0b174c0] syncAndRender: frame rendered in 0ms, sync=0, render=0, swap=0
2026-07-14 17:51:04.536 DEBUG qt.scenegraph.time.renderloop: [window 0x7f20c65f8630][gui thread] polishAndSync: start, elapsed since last call: 32 ms
2026-07-14 17:51:04.536 DEBUG qt.scenegraph.time.renderloop: [window 0x7f20c65f8630][render thread 0x7f20c0b174c0] syncAndRender: start, elapsed since last call: 32 ms
2026-07-14 17:51:04.536 DEBUG qt.scenegraph.time.renderloop: [window 0x7f20c65f8630][gui thread] Frame prepared, polish=0 ms, lock=0 ms, blockedForSync=0 ms, animations=0 ms
2026-07-14 17:51:04.536 DEBUG qt.scenegraph.time.renderer: time in renderer: total=0ms, preprocess=0, updates=0, rendering=0
2026-07-14 17:51:04.537 DEBUG qt.scenegraph.time.renderloop: [window 0x7f20c65f8630][render thread 0x7f20c0b174c0] syncAndRender: frame rendered in 0ms, sync=0, render=0, swap=0
2026-07-14 17:51:04.537 DEBUG qt.scenegraph.time.renderloop: [window 0x7f20c65f8630][gui thread] polishAndSync: start, elapsed since last call: 1 ms
2026-07-14 17:51:04.537 DEBUG qt.scenegraph.time.renderloop: [window 0x7f20c65f8630][render thread 0x7f20c0b174c0] syncAndRender: start, elapsed since last call: 0 ms
2026-07-14 17:51:04.537 DEBUG qt.scenegraph.time.renderloop: [window 0x7f20c65f8630][gui thread] Frame prepared, polish=0 ms, lock=0 ms, blockedForSync=0 ms, animations=0 ms
2026-07-14 17:51:04.537 DEBUG qt.scenegraph.time.renderer: time in renderer: total=0ms, preprocess=0, updates=0, rendering=0
2026-07-14 17:51:04.538 DEBUG qt.scenegraph.time.renderloop: [window 0x7f20c65f8630][render thread 0x7f20c0b174c0] syncAndRender: frame rendered in 0ms, sync=0, render=0, swap=0
2026-07-14 17:51:04.569 DEBUG qt.scenegraph.time.renderloop: [window 0x7f20c65f8630][gui thread] polishAndSync: start, elapsed since last call: 31 ms
2026-07-14 17:51:04.569 DEBUG qt.scenegraph.time.renderloop: [window 0x7f20c65f8630][render thread 0x7f20c0b174c0] syncAndRender: start, elapsed since last call: 31 ms
2026-07-14 17:51:04.569 DEBUG qt.scenegraph.time.renderloop: [window 0x7f20c65f8630][gui thread] Frame prepared, polish=0 ms, lock=0 ms, blockedForSync=0 ms, animations=0 ms
2026-07-14 17:51:04.569 DEBUG qt.scenegraph.time.renderer: time in renderer: total=0ms, preprocess=0, updates=0, rendering=0
2026-07-14 17:51:04.569 DEBUG qt.scenegraph.time.renderloop: [window 0x7f20c65f8630][render thread 0x7f20c0b174c0] syncAndRender: frame rendered in 0ms, sync=0, render=0, swap=0
2026-07-14 17:51:04.573 DEBUG qt.scenegraph.time.renderloop: [window 0x7f20c65f8630][gui thread] polishAndSync: start, elapsed since last call: 4 ms
2026-07-14 17:51:04.573 DEBUG qt.scenegraph.time.renderloop: [window 0x7f20c65f8630][render thread 0x7f20c0b174c0] syncAndRender: start, elapsed since last call: 4 ms
2026-07-14 17:51:04.573 DEBUG qt.scenegraph.time.renderloop: [window 0x7f20c65f8630][gui thread] Frame prepared, polish=0 ms, lock=0 ms, blockedForSync=0 ms, animations=0 ms
2026-07-14 17:51:04.573 DEBUG qt.scenegraph.time.renderer: time in renderer: total=0ms, preprocess=0, updates=0, rendering=0
2026-07-14 17:51:04.573 DEBUG qt.scenegraph.time.renderloop: [window 0x7f20c65f8630][render thread 0x7f20c0b174c0] syncAndRender: frame rendered in 0ms, sync=0, render=0, swap=0
2026-07-14 17:51:04.602 DEBUG qt.scenegraph.time.renderloop: [window 0x7f20c65f8630][gui thread] polishAndSync: start, elapsed since last call: 29 ms
2026-07-14 17:51:04.602 DEBUG qt.scenegraph.time.renderloop: [window 0x7f20c65f8630][render thread 0x7f20c0b174c0] syncAndRender: start, elapsed since last call: 29 ms
2026-07-14 17:51:04.602 DEBUG qt.scenegraph.time.renderloop: [window 0x7f20c65f8630][gui thread] Frame prepared, polish=0 ms, lock=0 ms, blockedForSync=0 ms, animations=0 ms
2026-07-14 17:51:04.603 DEBUG qt.scenegraph.time.renderer: time in renderer: total=0ms, preprocess=0, updates=0, rendering=0
2026-07-14 17:51:04.603 DEBUG qt.scenegraph.time.renderloop: [window 0x7f20c65f8630][render thread 0x7f20c0b174c0] syncAndRender: frame rendered in 0ms, sync=0, render=0, swap=0
2026-07-14 17:51:04.608 DEBUG qt.scenegraph.time.renderloop: [window 0x7f20c65f8630][gui thread] polishAndSync: start, elapsed since last call: 5 ms
2026-07-14 17:51:04.608 DEBUG qt.scenegraph.time.renderloop: [window 0x7f20c65f8630][render thread 0x7f20c0b174c0] syncAndRender: start, elapsed since last call: 5 ms
2026-07-14 17:51:04.608 DEBUG qt.scenegraph.time.renderloop: [window 0x7f20c65f8630][gui thread] Frame prepared, polish=0 ms, lock=0 ms, blockedForSync=0 ms, animations=0 ms
2026-07-14 17:51:04.608 DEBUG qt.scenegraph.time.renderer: time in renderer: total=0ms, preprocess=0, updates=0, rendering=0
2026-07-14 17:51:04.608 DEBUG qt.scenegraph.time.renderloop: [window 0x7f20c65f8630][render thread 0x7f20c0b174c0] syncAndRender: frame rendered in 0ms, sync=0, render=0, swap=0
2026-07-14 17:51:04.635 DEBUG qt.scenegraph.time.renderloop: [window 0x7f20c65f8630][gui thread] polishAndSync: start, elapsed since last call: 27 ms
2026-07-14 17:51:04.635 DEBUG qt.scenegraph.time.renderloop: [window 0x7f20c65f8630][render thread 0x7f20c0b174c0] syncAndRender: start, elapsed since last call: 27 ms
2026-07-14 17:51:04.635 DEBUG qt.scenegraph.time.renderloop: [window 0x7f20c65f8630][gui thread] Frame prepared, polish=0 ms, lock=0 ms, blockedForSync=0 ms, animations=0 ms
2026-07-14 17:51:04.635 DEBUG qt.scenegraph.time.renderer: time in renderer: total=0ms, preprocess=0, updates=0, rendering=0
2026-07-14 17:51:04.635 DEBUG qt.scenegraph.time.renderloop: [window 0x7f20c65f8630][render thread 0x7f20c0b174c0] syncAndRender: frame rendered in 0ms, sync=0, render=0, swap=0
2026-07-14 17:51:04.643 DEBUG qt.scenegraph.time.renderloop: [window 0x7f20c65f8630][gui thread] polishAndSync: start, elapsed since last call: 7 ms
2026-07-14 17:51:04.643 DEBUG qt.scenegraph.time.renderloop: [window 0x7f20c65f8630][render thread 0x7f20c0b174c0] syncAndRender: start, elapsed since last call: 7 ms
2026-07-14 17:51:04.643 DEBUG qt.scenegraph.time.renderloop: [window 0x7f20c65f8630][gui thread] Frame prepared, polish=0 ms, lock=0 ms, blockedForSync=0 ms, animations=0 ms
2026-07-14 17:51:04.643 DEBUG qt.scenegraph.time.renderer: time in renderer: total=0ms, preprocess=0, updates=0, rendering=0
2026-07-14 17:51:04.643 DEBUG qt.scenegraph.time.renderloop: [window 0x7f20c65f8630][render thread 0x7f20c0b174c0] syncAndRender: frame rendered in 0ms, sync=0, render=0, swap=0
2026-07-14 17:51:04.668 DEBUG qt.scenegraph.time.renderloop: [window 0x7f20c65f8630][gui thread] polishAndSync: start, elapsed since last call: 25 ms
2026-07-14 17:51:04.668 DEBUG qt.scenegraph.time.renderloop: [window 0x7f20c65f8630][render thread 0x7f20c0b174c0] syncAndRender: start, elapsed since last call: 25 ms
2026-07-14 17:51:04.668 DEBUG qt.scenegraph.time.renderloop: [window 0x7f20c65f8630][gui thread] Frame prepared, polish=0 ms, lock=0 ms, blockedForSync=0 ms, animations=0 ms
2026-07-14 17:51:04.668 DEBUG qt.scenegraph.time.renderer: time in renderer: total=0ms, preprocess=0, updates=0, rendering=0
2026-07-14 17:51:04.668 DEBUG qt.scenegraph.time.renderloop: [window 0x7f20c65f8630][render thread 0x7f20c0b174c0] syncAndRender: frame rendered in 0ms, sync=0, render=0, swap=0
2026-07-14 17:51:04.670 DEBUG qt.scenegraph.time.renderloop: [window 0x7f20c65f8630][gui thread] polishAndSync: start, elapsed since last call: 2 ms
2026-07-14 17:51:04.670 DEBUG qt.scenegraph.time.renderloop: [window 0x7f20c65f8630][render thread 0x7f20c0b174c0] syncAndRender: start, elapsed since last call: 2 ms
2026-07-14 17:51:04.670 DEBUG qt.scenegraph.time.renderloop: [window 0x7f20c65f8630][gui thread] Frame prepared, polish=0 ms, lock=0 ms, blockedForSync=0 ms, animations=0 ms
2026-07-14 17:51:04.670 DEBUG qt.scenegraph.time.renderer: time in renderer: total=0ms, preprocess=0, updates=0, rendering=0
2026-07-14 17:51:04.671 DEBUG qt.scenegraph.time.renderloop: [window 0x7f20c65f8630][render thread 0x7f20c0b174c0] syncAndRender: frame rendered in 0ms, sync=0, render=0, swap=0
2026-07-14 17:51:04.701 DEBUG qt.scenegraph.time.renderloop: [window 0x7f20c65f8630][gui thread] polishAndSync: start, elapsed since last call: 31 ms
2026-07-14 17:51:04.702 DEBUG qt.scenegraph.time.renderloop: [window 0x7f20c65f8630][render thread 0x7f20c0b174c0] syncAndRender: start, elapsed since last call: 31 ms
2026-07-14 17:51:04.702 DEBUG qt.scenegraph.time.renderloop: [window 0x7f20c65f8630][gui thread] Frame prepared, polish=0 ms, lock=0 ms, blockedForSync=0 ms, animations=0 ms
2026-07-14 17:51:04.702 DEBUG qt.scenegraph.time.renderer: time in renderer: total=0ms, preprocess=0, updates=0, rendering=0
2026-07-14 17:51:04.702 DEBUG qt.scenegraph.time.renderloop: [window 0x7f20c65f8630][render thread 0x7f20c0b174c0] syncAndRender: frame rendered in 0ms, sync=0, render=0, swap=0
2026-07-14 17:51:04.705 DEBUG qt.scenegraph.time.renderloop: [window 0x7f20c65f8630][gui thread] polishAndSync: start, elapsed since last call: 3 ms
2026-07-14 17:51:04.705 DEBUG qt.scenegraph.time.renderloop: [window 0x7f20c65f8630][render thread 0x7f20c0b174c0] syncAndRender: start, elapsed since last call: 3 ms
2026-07-14 17:51:04.705 DEBUG qt.scenegraph.time.renderloop: [window 0x7f20c65f8630][gui thread] Frame prepared, polish=0 ms, lock=0 ms, blockedForSync=0 ms, animations=0 ms
2026-07-14 17:51:04.705 DEBUG qt.scenegraph.time.renderer: time in renderer: total=0ms, preprocess=0, updates=0, rendering=0
2026-07-14 17:51:04.705 DEBUG qt.scenegraph.time.renderloop: [window 0x7f20c65f8630][render thread 0x7f20c0b174c0] syncAndRender: frame rendered in 0ms, sync=0, render=0, swap=0
2026-07-14 17:51:04.734 DEBUG qt.scenegraph.time.renderloop: [window 0x7f20c65f8630][gui thread] polishAndSync: start, elapsed since last call: 29 ms
2026-07-14 17:51:04.735 DEBUG qt.scenegraph.time.renderloop: [window 0x7f20c65f8630][render thread 0x7f20c0b174c0] syncAndRender: start, elapsed since last call: 29 ms
2026-07-14 17:51:04.735 DEBUG qt.scenegraph.time.renderloop: [window 0x7f20c65f8630][gui thread] Frame prepared, polish=0 ms, lock=0 ms, blockedForSync=0 ms, animations=0 ms
2026-07-14 17:51:04.735 DEBUG qt.scenegraph.time.renderer: time in renderer: total=0ms, preprocess=0, updates=0, rendering=0
2026-07-14 17:51:04.735 DEBUG qt.scenegraph.time.renderloop: [window 0x7f20c65f8630][render thread 0x7f20c0b174c0] syncAndRender: frame rendered in 0ms, sync=0, render=0, swap=0
2026-07-14 17:51:04.740 DEBUG qt.scenegraph.time.renderloop: [window 0x7f20c65f8630][gui thread] polishAndSync: start, elapsed since last call: 5 ms
2026-07-14 17:51:04.740 DEBUG qt.scenegraph.time.renderloop: [window 0x7f20c65f8630][render thread 0x7f20c0b174c0] syncAndRender: start, elapsed since last call: 5 ms
2026-07-14 17:51:04.740 DEBUG qt.scenegraph.time.renderloop: [window 0x7f20c65f8630][gui thread] Frame prepared, polish=0 ms, lock=0 ms, blockedForSync=0 ms, animations=0 ms
2026-07-14 17:51:04.740 DEBUG qt.scenegraph.time.renderer: time in renderer: total=0ms, preprocess=0, updates=0, rendering=0
2026-07-14 17:51:04.740 DEBUG qt.scenegraph.time.renderloop: [window 0x7f20c65f8630][render thread 0x7f20c0b174c0] syncAndRender: frame rendered in 0ms, sync=0, render=0, swap=0
2026-07-14 17:51:04.767 DEBUG qt.scenegraph.time.renderloop: [window 0x7f20c65f8630][gui thread] polishAndSync: start, elapsed since last call: 27 ms
2026-07-14 17:51:04.767 DEBUG qt.scenegraph.time.renderloop: [window 0x7f20c65f8630][render thread 0x7f20c0b174c0] syncAndRender: start, elapsed since last call: 27 ms
2026-07-14 17:51:04.767 DEBUG qt.scenegraph.time.renderloop: [window 0x7f20c65f8630][gui thread] Frame prepared, polish=0 ms, lock=0 ms, blockedForSync=0 ms, animations=0 ms
2026-07-14 17:51:04.768 DEBUG qt.scenegraph.time.renderer: time in renderer: total=0ms, preprocess=0, updates=0, rendering=0
2026-07-14 17:51:04.768 DEBUG qt.scenegraph.time.renderloop: [window 0x7f20c65f8630][render thread 0x7f20c0b174c0] syncAndRender: frame rendered in 0ms, sync=0, render=0, swap=0
2026-07-14 17:51:04.775 DEBUG qt.scenegraph.time.renderloop: [window 0x7f20c65f8630][gui thread] polishAndSync: start, elapsed since last call: 7 ms
2026-07-14 17:51:04.775 DEBUG qt.scenegraph.time.renderloop: [window 0x7f20c65f8630][render thread 0x7f20c0b174c0] syncAndRender: start, elapsed since last call: 7 ms
2026-07-14 17:51:04.775 DEBUG qt.scenegraph.time.renderloop: [window 0x7f20c65f8630][gui thread] Frame prepared, polish=0 ms, lock=0 ms, blockedForSync=0 ms, animations=0 ms
2026-07-14 17:51:04.775 DEBUG qt.scenegraph.time.renderer: time in renderer: total=0ms, preprocess=0, updates=0, rendering=0
2026-07-14 17:51:04.775 DEBUG qt.scenegraph.time.renderloop: [window 0x7f20c65f8630][render thread 0x7f20c0b174c0] syncAndRender: frame rendered in 0ms, sync=0, render=0, swap=0
2026-07-14 17:51:04.800 DEBUG qt.scenegraph.time.renderloop: [window 0x7f20c65f8630][gui thread] polishAndSync: start, elapsed since last call: 25 ms
2026-07-14 17:51:04.800 DEBUG qt.scenegraph.time.renderloop: [window 0x7f20c65f8630][render thread 0x7f20c0b174c0] syncAndRender: start, elapsed since last call: 25 ms
2026-07-14 17:51:04.800 DEBUG qt.scenegraph.time.renderloop: [window 0x7f20c65f8630][gui thread] Frame prepared, polish=0 ms, lock=0 ms, blockedForSync=0 ms, animations=0 ms
2026-07-14 17:51:04.800 DEBUG qt.scenegraph.time.renderer: time in renderer: total=0ms, preprocess=0, updates=0, rendering=0
2026-07-14 17:51:04.800 DEBUG qt.scenegraph.time.renderloop: [window 0x7f20c65f8630][render thread 0x7f20c0b174c0] syncAndRender: frame rendered in 0ms, sync=0, render=0, swap=0
2026-07-14 17:51:04.802 DEBUG qt.scenegraph.time.renderloop: [window 0x7f20c65f8630][gui thread] polishAndSync: start, elapsed since last call: 2 ms
2026-07-14 17:51:04.802 DEBUG qt.scenegraph.time.renderloop: [window 0x7f20c65f8630][render thread 0x7f20c0b174c0] syncAndRender: start, elapsed since last call: 2 ms
2026-07-14 17:51:04.802 DEBUG qt.scenegraph.time.renderloop: [window 0x7f20c65f8630][gui thread] Frame prepared, polish=0 ms, lock=0 ms, blockedForSync=0 ms, animations=0 ms
2026-07-14 17:51:04.802 DEBUG qt.scenegraph.time.renderer: time in renderer: total=0ms, preprocess=0, updates=0, rendering=0
2026-07-14 17:51:04.803 DEBUG qt.scenegraph.time.renderloop: [window 0x7f20c65f8630][render thread 0x7f20c0b174c0] syncAndRender: frame rendered in 0ms, sync=0, render=0, swap=0
2026-07-14 17:51:04.833 DEBUG qt.scenegraph.time.renderloop: [window 0x7f20c65f8630][gui thread] polishAndSync: start, elapsed since last call: 31 ms
2026-07-14 17:51:04.834 DEBUG qt.scenegraph.time.renderloop: [window 0x7f20c65f8630][render thread 0x7f20c0b174c0] syncAndRender: start, elapsed since last call: 31 ms
2026-07-14 17:51:04.834 DEBUG qt.scenegraph.time.renderloop: [window 0x7f20c65f8630][gui thread] Frame prepared, polish=0 ms, lock=0 ms, blockedForSync=0 ms, animations=0 ms
2026-07-14 17:51:04.834 DEBUG qt.scenegraph.time.renderer: time in renderer: total=0ms, preprocess=0, updates=0, rendering=0
2026-07-14 17:51:04.834 DEBUG qt.scenegraph.time.renderloop: [window 0x7f20c65f8630][render thread 0x7f20c0b174c0] syncAndRender: frame rendered in 0ms, sync=0, render=0, swap=0
2026-07-14 17:51:04.837 DEBUG qt.scenegraph.time.renderloop: [window 0x7f20c65f8630][gui thread] polishAndSync: start, elapsed since last call: 3 ms
2026-07-14 17:51:04.837 DEBUG qt.scenegraph.time.renderloop: [window 0x7f20c65f8630][render thread 0x7f20c0b174c0] syncAndRender: start, elapsed since last call: 3 ms
2026-07-14 17:51:04.837 DEBUG qt.scenegraph.time.renderloop: [window 0x7f20c65f8630][gui thread] Frame prepared, polish=0 ms, lock=0 ms, blockedForSync=0 ms, animations=0 ms
2026-07-14 17:51:04.837 DEBUG qt.scenegraph.time.renderer: time in renderer: total=0ms, preprocess=0, updates=0, rendering=0
2026-07-14 17:51:04.837 DEBUG qt.scenegraph.time.renderloop: [window 0x7f20c65f8630][render thread 0x7f20c0b174c0] syncAndRender: frame rendered in 0ms, sync=0, render=0, swap=0
2026-07-14 17:51:04.866 DEBUG qt.scenegraph.time.renderloop: [window 0x7f20c65f8630][gui thread] polishAndSync: start, elapsed since last call: 29 ms
2026-07-14 17:51:04.866 DEBUG qt.scenegraph.time.renderloop: [window 0x7f20c65f8630][render thread 0x7f20c0b174c0] syncAndRender: start, elapsed since last call: 29 ms
2026-07-14 17:51:04.867 DEBUG qt.scenegraph.time.renderloop: [window 0x7f20c65f8630][gui thread] Frame prepared, polish=0 ms, lock=0 ms, blockedForSync=0 ms, animations=0 ms
2026-07-14 17:51:04.867 DEBUG qt.scenegraph.time.renderer: time in renderer: total=0ms, preprocess=0, updates=0, rendering=0
2026-07-14 17:51:04.867 DEBUG qt.scenegraph.time.renderloop: [window 0x7f20c65f8630][render thread 0x7f20c0b174c0] syncAndRender: frame rendered in 0ms, sync=0, render=0, swap=0
2026-07-14 17:51:04.872 DEBUG qt.scenegraph.time.renderloop: [window 0x7f20c65f8630][gui thread] polishAndSync: start, elapsed since last call: 5 ms
2026-07-14 17:51:04.872 DEBUG qt.scenegraph.time.renderloop: [window 0x7f20c65f8630][render thread 0x7f20c0b174c0] syncAndRender: start, elapsed since last call: 5 ms
2026-07-14 17:51:04.872 DEBUG qt.scenegraph.time.renderloop: [window 0x7f20c65f8630][gui thread] Frame prepared, polish=0 ms, lock=0 ms, blockedForSync=0 ms, animations=0 ms
2026-07-14 17:51:04.872 DEBUG qt.scenegraph.time.renderer: time in renderer: total=0ms, preprocess=0, updates=0, rendering=0
2026-07-14 17:51:04.872 DEBUG qt.scenegraph.time.renderloop: [window 0x7f20c65f8630][render thread 0x7f20c0b174c0] syncAndRender: frame rendered in 0ms, sync=0, render=0, swap=0
2026-07-14 17:51:04.899 DEBUG qt.scenegraph.time.renderloop: [window 0x7f20c65f8630][gui thread] polishAndSync: start, elapsed since last call: 27 ms
2026-07-14 17:51:04.899 DEBUG qt.scenegraph.time.renderloop: [window 0x7f20c65f8630][render thread 0x7f20c0b174c0] syncAndRender: start, elapsed since last call: 27 ms
2026-07-14 17:51:04.899 DEBUG qt.scenegraph.time.renderloop: [window 0x7f20c65f8630][gui thread] Frame prepared, polish=0 ms, lock=0 ms, blockedForSync=0 ms, animations=0 ms
2026-07-14 17:51:04.899 DEBUG qt.scenegraph.time.renderer: time in renderer: total=0ms, preprocess=0, updates=0, rendering=0
2026-07-14 17:51:04.900 DEBUG qt.scenegraph.time.renderloop: [window 0x7f20c65f8630][render thread 0x7f20c0b174c0] syncAndRender: frame rendered in 0ms, sync=0, render=0, swap=0
2026-07-14 17:51:04.907 DEBUG qt.scenegraph.time.renderloop: [window 0x7f20c65f8630][gui thread] polishAndSync: start, elapsed since last call: 7 ms
2026-07-14 17:51:04.907 DEBUG qt.scenegraph.time.renderloop: [window 0x7f20c65f8630][render thread 0x7f20c0b174c0] syncAndRender: start, elapsed since last call: 7 ms
2026-07-14 17:51:04.907 DEBUG qt.scenegraph.time.renderloop: [window 0x7f20c65f8630][gui thread] Frame prepared, polish=0 ms, lock=0 ms, blockedForSync=0 ms, animations=0 ms
2026-07-14 17:51:04.907 DEBUG qt.scenegraph.time.renderer: time in renderer: total=0ms, preprocess=0, updates=0, rendering=0
2026-07-14 17:51:04.907 DEBUG qt.scenegraph.time.renderloop: [window 0x7f20c65f8630][render thread 0x7f20c0b174c0] syncAndRender: frame rendered in 0ms, sync=0, render=0, swap=0
2026-07-14 17:51:04.932 DEBUG qt.scenegraph.time.renderloop: [window 0x7f20c65f8630][gui thread] polishAndSync: start, elapsed since last call: 24 ms
2026-07-14 17:51:04.932 DEBUG qt.scenegraph.time.renderloop: [window 0x7f20c65f8630][render thread 0x7f20c0b174c0] syncAndRender: start, elapsed since last call: 25 ms
2026-07-14 17:51:04.932 DEBUG qt.scenegraph.time.renderloop: [window 0x7f20c65f8630][gui thread] Frame prepared, polish=0 ms, lock=0 ms, blockedForSync=0 ms, animations=0 ms
2026-07-14 17:51:04.932 DEBUG qt.scenegraph.time.renderer: time in renderer: total=0ms, preprocess=0, updates=0, rendering=0
2026-07-14 17:51:04.932 DEBUG qt.scenegraph.time.renderloop: [window 0x7f20c65f8630][render thread 0x7f20c0b174c0] syncAndRender: frame rendered in 0ms, sync=0, render=0, swap=0
2026-07-14 17:51:04.934 DEBUG qt.scenegraph.time.renderloop: [window 0x7f20c65f8630][gui thread] polishAndSync: start, elapsed since last call: 2 ms
2026-07-14 17:51:04.934 DEBUG qt.scenegraph.time.renderloop: [window 0x7f20c65f8630][render thread 0x7f20c0b174c0] syncAndRender: start, elapsed since last call: 2 ms
2026-07-14 17:51:04.934 DEBUG qt.scenegraph.time.renderloop: [window 0x7f20c65f8630][gui thread] Frame prepared, polish=0 ms, lock=0 ms, blockedForSync=0 ms, animations=0 ms
2026-07-14 17:51:04.934 DEBUG qt.scenegraph.time.renderer: time in renderer: total=0ms, preprocess=0, updates=0, rendering=0
2026-07-14 17:51:04.935 DEBUG qt.scenegraph.time.renderloop: [window 0x7f20c65f8630][render thread 0x7f20c0b174c0] syncAndRender: frame rendered in 0ms, sync=0, render=0, swap=0
2026-07-14 17:51:04.966 DEBUG qt.scenegraph.time.renderloop: [window 0x7f20c65f8630][gui thread] polishAndSync: start, elapsed since last call: 31 ms
2026-07-14 17:51:04.966 DEBUG qt.scenegraph.time.renderloop: [window 0x7f20c65f8630][render thread 0x7f20c0b174c0] syncAndRender: start, elapsed since last call: 31 ms
2026-07-14 17:51:04.966 DEBUG qt.scenegraph.time.renderloop: [window 0x7f20c65f8630][gui thread] Frame prepared, polish=0 ms, lock=0 ms, blockedForSync=0 ms, animations=0 ms
2026-07-14 17:51:04.966 DEBUG qt.scenegraph.time.renderer: time in renderer: total=0ms, preprocess=0, updates=0, rendering=0
2026-07-14 17:51:04.966 DEBUG qt.scenegraph.time.renderloop: [window 0x7f20c65f8630][render thread 0x7f20c0b174c0] syncAndRender: frame rendered in 0ms, sync=0, render=0, swap=0
2026-07-14 17:51:04.969 DEBUG qt.scenegraph.time.renderloop: [window 0x7f20c65f8630][gui thread] polishAndSync: start, elapsed since last call: 3 ms
2026-07-14 17:51:04.969 DEBUG qt.scenegraph.time.renderloop: [window 0x7f20c65f8630][render thread 0x7f20c0b174c0] syncAndRender: start, elapsed since last call: 3 ms
2026-07-14 17:51:04.969 DEBUG qt.scenegraph.time.renderloop: [window 0x7f20c65f8630][gui thread] Frame prepared, polish=0 ms, lock=0 ms, blockedForSync=0 ms, animations=0 ms
2026-07-14 17:51:04.969 DEBUG qt.scenegraph.time.renderer: time in renderer: total=0ms, preprocess=0, updates=0, rendering=0
2026-07-14 17:51:04.969 DEBUG qt.scenegraph.time.renderloop: [window 0x7f20c65f8630][render thread 0x7f20c0b174c0] syncAndRender: frame rendered in 0ms, sync=0, render=0, swap=0
2026-07-14 17:51:04.998 DEBUG qt.scenegraph.time.renderloop: [window 0x7f20c65f8630][gui thread] polishAndSync: start, elapsed since last call: 29 ms
2026-07-14 17:51:04.998 DEBUG qt.scenegraph.time.renderloop: [window 0x7f20c65f8630][render thread 0x7f20c0b174c0] syncAndRender: start, elapsed since last call: 29 ms
2026-07-14 17:51:04.999 DEBUG qt.scenegraph.time.renderloop: [window 0x7f20c65f8630][gui thread] Frame prepared, polish=0 ms, lock=0 ms, blockedForSync=0 ms, animations=0 ms
2026-07-14 17:51:04.999 DEBUG qt.scenegraph.time.renderer: time in renderer: total=0ms, preprocess=0, updates=0, rendering=0
2026-07-14 17:51:04.999 DEBUG qt.scenegraph.time.renderloop: [window 0x7f20c65f8630][render thread 0x7f20c0b174c0] syncAndRender: frame rendered in 0ms, sync=0, render=0, swap=0
2026-07-14 17:51:05.004 DEBUG qt.scenegraph.time.renderloop: [window 0x7f20c65f8630][gui thread] polishAndSync: start, elapsed since last call: 5 ms
2026-07-14 17:51:05.004 DEBUG qt.scenegraph.time.renderloop: [window 0x7f20c65f8630][render thread 0x7f20c0b174c0] syncAndRender: start, elapsed since last call: 5 ms
2026-07-14 17:51:05.004 DEBUG qt.scenegraph.time.renderloop: [window 0x7f20c65f8630][gui thread] Frame prepared, polish=0 ms, lock=0 ms, blockedForSync=0 ms, animations=0 ms
2026-07-14 17:51:05.004 DEBUG qt.scenegraph.time.renderer: time in renderer: total=0ms, preprocess=0, updates=0, rendering=0
2026-07-14 17:51:05.004 DEBUG qt.scenegraph.time.renderloop: [window 0x7f20c65f8630][render thread 0x7f20c0b174c0] syncAndRender: frame rendered in 0ms, sync=0, render=0, swap=0
2026-07-14 17:51:05.031 DEBUG qt.scenegraph.time.renderloop: [window 0x7f20c65f8630][gui thread] polishAndSync: start, elapsed since last call: 27 ms
2026-07-14 17:51:05.031 DEBUG qt.scenegraph.time.renderloop: [window 0x7f20c65f8630][render thread 0x7f20c0b174c0] syncAndRender: start, elapsed since last call: 27 ms
2026-07-14 17:51:05.031 DEBUG qt.scenegraph.time.renderloop: [window 0x7f20c65f8630][gui thread] Frame prepared, polish=0 ms, lock=0 ms, blockedForSync=0 ms, animations=0 ms
2026-07-14 17:51:05.031 DEBUG qt.scenegraph.time.renderer: time in renderer: total=0ms, preprocess=0, updates=0, rendering=0
2026-07-14 17:51:05.032 DEBUG qt.scenegraph.time.renderloop: [window 0x7f20c65f8630][render thread 0x7f20c0b174c0] syncAndRender: frame rendered in 0ms, sync=0, render=0, swap=0
2026-07-14 17:51:05.039 DEBUG qt.scenegraph.time.renderloop: [window 0x7f20c65f8630][gui thread] polishAndSync: start, elapsed since last call: 7 ms
2026-07-14 17:51:05.039 DEBUG qt.scenegraph.time.renderloop: [window 0x7f20c65f8630][render thread 0x7f20c0b174c0] syncAndRender: start, elapsed since last call: 7 ms
2026-07-14 17:51:05.039 DEBUG qt.scenegraph.time.renderloop: [window 0x7f20c65f8630][gui thread] Frame prepared, polish=0 ms, lock=0 ms, blockedForSync=0 ms, animations=0 ms
2026-07-14 17:51:05.039 DEBUG qt.scenegraph.time.texture: atlastexture upload enqueued in: -9223363134076ms (16x16)
2026-07-14 17:51:05.039 DEBUG qt.scenegraph.time.texture: atlastexture upload enqueued in: -9223363134076ms (36x14)
2026-07-14 17:51:05.039 DEBUG qt.scenegraph.time.renderer: time in renderer: total=0ms, preprocess=0, updates=0, rendering=0
2026-07-14 17:51:05.040 DEBUG qt.scenegraph.time.renderloop: [window 0x7f20c65f8630][render thread 0x7f20c0b174c0] syncAndRender: frame rendered in 0ms, sync=0, render=0, swap=0
2026-07-14 17:51:05.046 DEBUG qt.scenegraph.time.renderloop: [window 0x7f20c65f8630][gui thread] polishAndSync: start, elapsed since last call: 6 ms
2026-07-14 17:51:05.046 DEBUG qt.scenegraph.time.renderloop: [window 0x7f20c65f8630][render thread 0x7f20c0b174c0] syncAndRender: start, elapsed since last call: 6 ms
2026-07-14 17:51:05.046 DEBUG qt.scenegraph.time.renderloop: [window 0x7f20c65f8630][gui thread] Frame prepared, polish=0 ms, lock=0 ms, blockedForSync=0 ms, animations=0 ms
2026-07-14 17:51:05.046 DEBUG qt.scenegraph.time.texture: atlastexture upload enqueued in: -9223363134070ms (36x14)
2026-07-14 17:51:05.046 DEBUG qt.scenegraph.time.renderer: time in renderer: total=0ms, preprocess=0, updates=0, rendering=0
2026-07-14 17:51:05.046 DEBUG qt.scenegraph.time.renderloop: [window 0x7f20c65f8630][render thread 0x7f20c0b174c0] syncAndRender: frame rendered in 0ms, sync=0, render=0, swap=0
2026-07-14 17:51:05.065 DEBUG qt.scenegraph.time.renderloop: [window 0x7f20c65f8630][gui thread] polishAndSync: start, elapsed since last call: 19 ms
2026-07-14 17:51:05.065 DEBUG qt.scenegraph.time.renderloop: [window 0x7f20c65f8630][render thread 0x7f20c0b174c0] syncAndRender: start, elapsed since last call: 19 ms
2026-07-14 17:51:05.065 DEBUG qt.scenegraph.time.renderloop: [window 0x7f20c65f8630][gui thread] Frame prepared, polish=0 ms, lock=0 ms, blockedForSync=0 ms, animations=0 ms
2026-07-14 17:51:05.065 DEBUG qt.scenegraph.time.renderer: time in renderer: total=0ms, preprocess=0, updates=0, rendering=0
2026-07-14 17:51:05.065 DEBUG qt.scenegraph.time.renderloop: [window 0x7f20c65f8630][render thread 0x7f20c0b174c0] syncAndRender: frame rendered in 0ms, sync=0, render=0, swap=0
2026-07-14 17:51:05.066 DEBUG qt.scenegraph.time.renderloop: [window 0x7f20c65f8630][gui thread] polishAndSync: start, elapsed since last call: 1 ms
2026-07-14 17:51:05.066 DEBUG qt.scenegraph.time.renderloop: [window 0x7f20c65f8630][render thread 0x7f20c0b174c0] syncAndRender: start, elapsed since last call: 1 ms
2026-07-14 17:51:05.066 DEBUG qt.scenegraph.time.renderloop: [window 0x7f20c65f8630][gui thread] Frame prepared, polish=0 ms, lock=0 ms, blockedForSync=0 ms, animations=0 ms
2026-07-14 17:51:05.067 DEBUG qt.scenegraph.time.renderer: time in renderer: total=0ms, preprocess=0, updates=0, rendering=0
2026-07-14 17:51:05.067 DEBUG qt.scenegraph.time.renderloop: [window 0x7f20c65f8630][render thread 0x7f20c0b174c0] syncAndRender: frame rendered in 0ms, sync=0, render=0, swap=0
2026-07-14 17:51:05.098 DEBUG qt.scenegraph.time.renderloop: [window 0x7f20c65f8630][gui thread] polishAndSync: start, elapsed since last call: 31 ms
2026-07-14 17:51:05.098 DEBUG qt.scenegraph.time.renderloop: [window 0x7f20c65f8630][render thread 0x7f20c0b174c0] syncAndRender: start, elapsed since last call: 31 ms
2026-07-14 17:51:05.098 DEBUG qt.scenegraph.time.renderloop: [window 0x7f20c65f8630][gui thread] Frame prepared, polish=0 ms, lock=0 ms, blockedForSync=0 ms, animations=0 ms
2026-07-14 17:51:05.098 DEBUG qt.scenegraph.time.renderer: time in renderer: total=0ms, preprocess=0, updates=0, rendering=0
2026-07-14 17:51:05.098 DEBUG qt.scenegraph.time.renderloop: [window 0x7f20c65f8630][render thread 0x7f20c0b174c0] syncAndRender: frame rendered in 0ms, sync=0, render=0, swap=0
2026-07-14 17:51:05.101 DEBUG qt.scenegraph.time.renderloop: [window 0x7f20c65f8630][gui thread] polishAndSync: start, elapsed since last call: 3 ms
2026-07-14 17:51:05.101 DEBUG qt.scenegraph.time.renderloop: [window 0x7f20c65f8630][render thread 0x7f20c0b174c0] syncAndRender: start, elapsed since last call: 3 ms
2026-07-14 17:51:05.101 DEBUG qt.scenegraph.time.renderloop: [window 0x7f20c65f8630][gui thread] Frame prepared, polish=0 ms, lock=0 ms, blockedForSync=0 ms, animations=0 ms
2026-07-14 17:51:05.101 DEBUG qt.scenegraph.time.renderer: time in renderer: total=0ms, preprocess=0, updates=0, rendering=0
2026-07-14 17:51:05.102 DEBUG qt.scenegraph.time.renderloop: [window 0x7f20c65f8630][render thread 0x7f20c0b174c0] syncAndRender: frame rendered in 0ms, sync=0, render=0, swap=0
2026-07-14 17:51:05.130 DEBUG qt.scenegraph.time.renderloop: [window 0x7f20c65f8630][gui thread] polishAndSync: start, elapsed since last call: 28 ms
2026-07-14 17:51:05.130 DEBUG qt.scenegraph.time.renderloop: [window 0x7f20c65f8630][render thread 0x7f20c0b174c0] syncAndRender: start, elapsed since last call: 29 ms
2026-07-14 17:51:05.131 DEBUG qt.scenegraph.time.renderloop: [window 0x7f20c65f8630][gui thread] Frame prepared, polish=0 ms, lock=0 ms, blockedForSync=0 ms, animations=0 ms
2026-07-14 17:51:05.131 DEBUG qt.scenegraph.time.renderer: time in renderer: total=0ms, preprocess=0, updates=0, rendering=0
2026-07-14 17:51:05.131 DEBUG qt.scenegraph.time.renderloop: [window 0x7f20c65f8630][render thread 0x7f20c0b174c0] syncAndRender: frame rendered in 0ms, sync=0, render=0, swap=0
2026-07-14 17:51:05.136 DEBUG qt.scenegraph.time.renderloop: [window 0x7f20c65f8630][gui thread] polishAndSync: start, elapsed since last call: 5 ms
2026-07-14 17:51:05.136 DEBUG qt.scenegraph.time.renderloop: [window 0x7f20c65f8630][render thread 0x7f20c0b174c0] syncAndRender: start, elapsed since last call: 5 ms
2026-07-14 17:51:05.136 DEBUG qt.scenegraph.time.renderloop: [window 0x7f20c65f8630][gui thread] Frame prepared, polish=0 ms, lock=0 ms, blockedForSync=0 ms, animations=0 ms
2026-07-14 17:51:05.136 DEBUG qt.scenegraph.time.renderer: time in renderer: total=0ms, preprocess=0, updates=0, rendering=0
2026-07-14 17:51:05.136 DEBUG qt.scenegraph.time.renderloop: [window 0x7f20c65f8630][render thread 0x7f20c0b174c0] syncAndRender: frame rendered in 0ms, sync=0, render=0, swap=0
2026-07-14 17:51:05.163 DEBUG qt.scenegraph.time.renderloop: [window 0x7f20c65f8630][gui thread] polishAndSync: start, elapsed since last call: 27 ms
2026-07-14 17:51:05.163 DEBUG qt.scenegraph.time.renderloop: [window 0x7f20c65f8630][render thread 0x7f20c0b174c0] syncAndRender: start, elapsed since last call: 27 ms
2026-07-14 17:51:05.163 DEBUG qt.scenegraph.time.renderloop: [window 0x7f20c65f8630][gui thread] Frame prepared, polish=0 ms, lock=0 ms, blockedForSync=0 ms, animations=0 ms
2026-07-14 17:51:05.163 DEBUG qt.scenegraph.time.renderer: time in renderer: total=0ms, preprocess=0, updates=0, rendering=0
2026-07-14 17:51:05.164 DEBUG qt.scenegraph.time.renderloop: [window 0x7f20c65f8630][render thread 0x7f20c0b174c0] syncAndRender: frame rendered in 0ms, sync=0, render=0, swap=0
2026-07-14 17:51:05.171 DEBUG qt.scenegraph.time.renderloop: [window 0x7f20c65f8630][gui thread] polishAndSync: start, elapsed since last call: 7 ms
2026-07-14 17:51:05.171 DEBUG qt.scenegraph.time.renderloop: [window 0x7f20c65f8630][render thread 0x7f20c0b174c0] syncAndRender: start, elapsed since last call: 7 ms
2026-07-14 17:51:05.171 DEBUG qt.scenegraph.time.renderloop: [window 0x7f20c65f8630][gui thread] Frame prepared, polish=0 ms, lock=0 ms, blockedForSync=0 ms, animations=0 ms
2026-07-14 17:51:05.171 DEBUG qt.scenegraph.time.renderer: time in renderer: total=0ms, preprocess=0, updates=0, rendering=0
2026-07-14 17:51:05.171 DEBUG qt.scenegraph.time.renderloop: [window 0x7f20c65f8630][render thread 0x7f20c0b174c0] syncAndRender: frame rendered in 0ms, sync=0, render=0, swap=0
2026-07-14 17:51:05.196 DEBUG qt.scenegraph.time.renderloop: [window 0x7f20c65f8630][gui thread] polishAndSync: start, elapsed since last call: 25 ms
2026-07-14 17:51:05.196 DEBUG qt.scenegraph.time.renderloop: [window 0x7f20c65f8630][render thread 0x7f20c0b174c0] syncAndRender: start, elapsed since last call: 25 ms
2026-07-14 17:51:05.196 DEBUG qt.scenegraph.time.renderloop: [window 0x7f20c65f8630][gui thread] Frame prepared, polish=0 ms, lock=0 ms, blockedForSync=0 ms, animations=0 ms
2026-07-14 17:51:05.196 DEBUG qt.scenegraph.time.renderer: time in renderer: total=0ms, preprocess=0, updates=0, rendering=0
2026-07-14 17:51:05.196 DEBUG qt.scenegraph.time.renderloop: [window 0x7f20c65f8630][render thread 0x7f20c0b174c0] syncAndRender: frame rendered in 0ms, sync=0, render=0, swap=0
2026-07-14 17:51:05.198 DEBUG qt.scenegraph.time.renderloop: [window 0x7f20c65f8630][gui thread] polishAndSync: start, elapsed since last call: 2 ms
2026-07-14 17:51:05.198 DEBUG qt.scenegraph.time.renderloop: [window 0x7f20c65f8630][render thread 0x7f20c0b174c0] syncAndRender: start, elapsed since last call: 2 ms
2026-07-14 17:51:05.198 DEBUG qt.scenegraph.time.renderloop: [window 0x7f20c65f8630][gui thread] Frame prepared, polish=0 ms, lock=0 ms, blockedForSync=0 ms, animations=0 ms
2026-07-14 17:51:05.199 DEBUG qt.scenegraph.time.renderer: time in renderer: total=0ms, preprocess=0, updates=0, rendering=0
2026-07-14 17:51:05.199 DEBUG qt.scenegraph.time.renderloop: [window 0x7f20c65f8630][render thread 0x7f20c0b174c0] syncAndRender: frame rendered in 0ms, sync=0, render=0, swap=0
2026-07-14 17:51:05.230 DEBUG qt.scenegraph.time.renderloop: [window 0x7f20c65f8630][gui thread] polishAndSync: start, elapsed since last call: 31 ms
2026-07-14 17:51:05.230 DEBUG qt.scenegraph.time.renderloop: [window 0x7f20c65f8630][render thread 0x7f20c0b174c0] syncAndRender: start, elapsed since last call: 31 ms
2026-07-14 17:51:05.230 DEBUG qt.scenegraph.time.renderloop: [window 0x7f20c65f8630][gui thread] Frame prepared, polish=0 ms, lock=0 ms, blockedForSync=0 ms, animations=0 ms
2026-07-14 17:51:05.230 DEBUG qt.scenegraph.time.renderer: time in renderer: total=0ms, preprocess=0, updates=0, rendering=0
2026-07-14 17:51:05.230 DEBUG qt.scenegraph.time.renderloop: [window 0x7f20c65f8630][render thread 0x7f20c0b174c0] syncAndRender: frame rendered in 0ms, sync=0, render=0, swap=0
2026-07-14 17:51:05.233 DEBUG qt.scenegraph.time.renderloop: [window 0x7f20c65f8630][gui thread] polishAndSync: start, elapsed since last call: 3 ms
2026-07-14 17:51:05.233 DEBUG qt.scenegraph.time.renderloop: [window 0x7f20c65f8630][render thread 0x7f20c0b174c0] syncAndRender: start, elapsed since last call: 3 ms
2026-07-14 17:51:05.233 DEBUG qt.scenegraph.time.renderloop: [window 0x7f20c65f8630][gui thread] Frame prepared, polish=0 ms, lock=0 ms, blockedForSync=0 ms, animations=0 ms
2026-07-14 17:51:05.233 DEBUG qt.scenegraph.time.renderer: time in renderer: total=0ms, preprocess=0, updates=0, rendering=0
2026-07-14 17:51:05.234 DEBUG qt.scenegraph.time.renderloop: [window 0x7f20c65f8630][render thread 0x7f20c0b174c0] syncAndRender: frame rendered in 0ms, sync=0, render=0, swap=0
2026-07-14 17:51:05.262 DEBUG qt.scenegraph.time.renderloop: [window 0x7f20c65f8630][gui thread] polishAndSync: start, elapsed since last call: 29 ms
2026-07-14 17:51:05.263 DEBUG qt.scenegraph.time.renderloop: [window 0x7f20c65f8630][render thread 0x7f20c0b174c0] syncAndRender: start, elapsed since last call: 29 ms
2026-07-14 17:51:05.263 DEBUG qt.scenegraph.time.renderloop: [window 0x7f20c65f8630][gui thread] Frame prepared, polish=0 ms, lock=0 ms, blockedForSync=0 ms, animations=0 ms
2026-07-14 17:51:05.263 DEBUG qt.scenegraph.time.renderer: time in renderer: total=0ms, preprocess=0, updates=0, rendering=0
2026-07-14 17:51:05.263 DEBUG qt.scenegraph.time.renderloop: [window 0x7f20c65f8630][render thread 0x7f20c0b174c0] syncAndRender: frame rendered in 0ms, sync=0, render=0, swap=0
2026-07-14 17:51:05.268 DEBUG qt.scenegraph.time.renderloop: [window 0x7f20c65f8630][gui thread] polishAndSync: start, elapsed since last call: 5 ms
2026-07-14 17:51:05.268 DEBUG qt.scenegraph.time.renderloop: [window 0x7f20c65f8630][render thread 0x7f20c0b174c0] syncAndRender: start, elapsed since last call: 5 ms
2026-07-14 17:51:05.268 DEBUG qt.scenegraph.time.renderloop: [window 0x7f20c65f8630][gui thread] Frame prepared, polish=0 ms, lock=0 ms, blockedForSync=0 ms, animations=0 ms
2026-07-14 17:51:05.268 DEBUG qt.scenegraph.time.renderer: time in renderer: total=0ms, preprocess=0, updates=0, rendering=0
2026-07-14 17:51:05.268 DEBUG qt.scenegraph.time.renderloop: [window 0x7f20c65f8630][render thread 0x7f20c0b174c0] syncAndRender: frame rendered in 0ms, sync=0, render=0, swap=0
2026-07-14 17:51:05.295 DEBUG qt.scenegraph.time.renderloop: [window 0x7f20c65f8630][gui thread] polishAndSync: start, elapsed since last call: 27 ms
2026-07-14 17:51:05.295 DEBUG qt.scenegraph.time.renderloop: [window 0x7f20c65f8630][render thread 0x7f20c0b174c0] syncAndRender: start, elapsed since last call: 27 ms
2026-07-14 17:51:05.295 DEBUG qt.scenegraph.time.renderloop: [window 0x7f20c65f8630][gui thread] Frame prepared, polish=0 ms, lock=0 ms, blockedForSync=0 ms, animations=0 ms
2026-07-14 17:51:05.295 DEBUG qt.scenegraph.time.renderer: time in renderer: total=0ms, preprocess=0, updates=0, rendering=0
2026-07-14 17:51:05.296 DEBUG qt.scenegraph.time.renderloop: [window 0x7f20c65f8630][render thread 0x7f20c0b174c0] syncAndRender: frame rendered in 0ms, sync=0, render=0, swap=0
2026-07-14 17:51:05.303 DEBUG qt.scenegraph.time.renderloop: [window 0x7f20c65f8630][gui thread] polishAndSync: start, elapsed since last call: 7 ms
2026-07-14 17:51:05.303 DEBUG qt.scenegraph.time.renderloop: [window 0x7f20c65f8630][render thread 0x7f20c0b174c0] syncAndRender: start, elapsed since last call: 7 ms
2026-07-14 17:51:05.303 DEBUG qt.scenegraph.time.renderloop: [window 0x7f20c65f8630][gui thread] Frame prepared, polish=0 ms, lock=0 ms, blockedForSync=0 ms, animations=0 ms
2026-07-14 17:51:05.303 DEBUG qt.scenegraph.time.renderer: time in renderer: total=0ms, preprocess=0, updates=0, rendering=0
2026-07-14 17:51:05.303 DEBUG qt.scenegraph.time.renderloop: [window 0x7f20c65f8630][render thread 0x7f20c0b174c0] syncAndRender: frame rendered in 0ms, sync=0, render=0, swap=0
2026-07-14 17:51:05.328 DEBUG qt.scenegraph.time.renderloop: [window 0x7f20c65f8630][gui thread] polishAndSync: start, elapsed since last call: 25 ms
2026-07-14 17:51:05.328 DEBUG qt.scenegraph.time.renderloop: [window 0x7f20c65f8630][render thread 0x7f20c0b174c0] syncAndRender: start, elapsed since last call: 25 ms
2026-07-14 17:51:05.328 DEBUG qt.scenegraph.time.renderloop: [window 0x7f20c65f8630][gui thread] Frame prepared, polish=0 ms, lock=0 ms, blockedForSync=0 ms, animations=0 ms
2026-07-14 17:51:05.328 DEBUG qt.scenegraph.time.renderer: time in renderer: total=0ms, preprocess=0, updates=0, rendering=0
2026-07-14 17:51:05.328 DEBUG qt.scenegraph.time.renderloop: [window 0x7f20c65f8630][render thread 0x7f20c0b174c0] syncAndRender: frame rendered in 0ms, sync=0, render=0, swap=0
2026-07-14 17:51:05.330 DEBUG qt.scenegraph.time.renderloop: [window 0x7f20c65f8630][gui thread] polishAndSync: start, elapsed since last call: 2 ms
2026-07-14 17:51:05.331 DEBUG qt.scenegraph.time.renderloop: [window 0x7f20c65f8630][render thread 0x7f20c0b174c0] syncAndRender: start, elapsed since last call: 2 ms
2026-07-14 17:51:05.331 DEBUG qt.scenegraph.time.renderloop: [window 0x7f20c65f8630][gui thread] Frame prepared, polish=0 ms, lock=0 ms, blockedForSync=0 ms, animations=0 ms
2026-07-14 17:51:05.331 DEBUG qt.scenegraph.time.renderer: time in renderer: total=0ms, preprocess=0, updates=0, rendering=0
2026-07-14 17:51:05.331 DEBUG qt.scenegraph.time.renderloop: [window 0x7f20c65f8630][render thread 0x7f20c0b174c0] syncAndRender: frame rendered in 0ms, sync=0, render=0, swap=0
2026-07-14 17:51:05.362 DEBUG qt.scenegraph.time.renderloop: [window 0x7f20c65f8630][gui thread] polishAndSync: start, elapsed since last call: 31 ms
2026-07-14 17:51:05.362 DEBUG qt.scenegraph.time.renderloop: [window 0x7f20c65f8630][render thread 0x7f20c0b174c0] syncAndRender: start, elapsed since last call: 31 ms
2026-07-14 17:51:05.362 DEBUG qt.scenegraph.time.renderloop: [window 0x7f20c65f8630][gui thread] Frame prepared, polish=0 ms, lock=0 ms, blockedForSync=0 ms, animations=0 ms
2026-07-14 17:51:05.362 DEBUG qt.scenegraph.time.renderer: time in renderer: total=0ms, preprocess=0, updates=0, rendering=0
2026-07-14 17:51:05.362 DEBUG qt.scenegraph.time.renderloop: [window 0x7f20c65f8630][render thread 0x7f20c0b174c0] syncAndRender: frame rendered in 0ms, sync=0, render=0, swap=0
2026-07-14 17:51:05.365 DEBUG qt.scenegraph.time.renderloop: [window 0x7f20c65f8630][gui thread] polishAndSync: start, elapsed since last call: 3 ms
2026-07-14 17:51:05.365 DEBUG qt.scenegraph.time.renderloop: [window 0x7f20c65f8630][render thread 0x7f20c0b174c0] syncAndRender: start, elapsed since last call: 3 ms
2026-07-14 17:51:05.365 DEBUG qt.scenegraph.time.renderloop: [window 0x7f20c65f8630][gui thread] Frame prepared, polish=0 ms, lock=0 ms, blockedForSync=0 ms, animations=0 ms
2026-07-14 17:51:05.365 DEBUG qt.scenegraph.time.renderer: time in renderer: total=0ms, preprocess=0, updates=0, rendering=0
2026-07-14 17:51:05.366 DEBUG qt.scenegraph.time.renderloop: [window 0x7f20c65f8630][render thread 0x7f20c0b174c0] syncAndRender: frame rendered in 0ms, sync=0, render=0, swap=0
2026-07-14 17:51:05.394 DEBUG qt.scenegraph.time.renderloop: [window 0x7f20c65f8630][gui thread] polishAndSync: start, elapsed since last call: 29 ms
2026-07-14 17:51:05.395 DEBUG qt.scenegraph.time.renderloop: [window 0x7f20c65f8630][render thread 0x7f20c0b174c0] syncAndRender: start, elapsed since last call: 29 ms
2026-07-14 17:51:05.395 DEBUG qt.scenegraph.time.renderloop: [window 0x7f20c65f8630][gui thread] Frame prepared, polish=0 ms, lock=0 ms, blockedForSync=0 ms, animations=0 ms
2026-07-14 17:51:05.395 DEBUG qt.scenegraph.time.renderer: time in renderer: total=0ms, preprocess=0, updates=0, rendering=0
2026-07-14 17:51:05.395 DEBUG qt.scenegraph.time.renderloop: [window 0x7f20c65f8630][render thread 0x7f20c0b174c0] syncAndRender: frame rendered in 0ms, sync=0, render=0, swap=0
2026-07-14 17:51:05.400 DEBUG qt.scenegraph.time.renderloop: [window 0x7f20c65f8630][gui thread] polishAndSync: start, elapsed since last call: 5 ms
2026-07-14 17:51:05.400 DEBUG qt.scenegraph.time.renderloop: [window 0x7f20c65f8630][render thread 0x7f20c0b174c0] syncAndRender: start, elapsed since last call: 5 ms
2026-07-14 17:51:05.400 DEBUG qt.scenegraph.time.renderloop: [window 0x7f20c65f8630][gui thread] Frame prepared, polish=0 ms, lock=0 ms, blockedForSync=0 ms, animations=0 ms
2026-07-14 17:51:05.400 DEBUG qt.scenegraph.time.renderer: time in renderer: total=0ms, preprocess=0, updates=0, rendering=0
2026-07-14 17:51:05.400 DEBUG qt.scenegraph.time.renderloop: [window 0x7f20c65f8630][render thread 0x7f20c0b174c0] syncAndRender: frame rendered in 0ms, sync=0, render=0, swap=0
2026-07-14 17:51:05.427 DEBUG qt.scenegraph.time.renderloop: [window 0x7f20c65f8630][gui thread] polishAndSync: start, elapsed since last call: 27 ms
2026-07-14 17:51:05.427 DEBUG qt.scenegraph.time.renderloop: [window 0x7f20c65f8630][render thread 0x7f20c0b174c0] syncAndRender: start, elapsed since last call: 27 ms
2026-07-14 17:51:05.427 DEBUG qt.scenegraph.time.renderloop: [window 0x7f20c65f8630][gui thread] Frame prepared, polish=0 ms, lock=0 ms, blockedForSync=0 ms, animations=0 ms
2026-07-14 17:51:05.428 DEBUG qt.scenegraph.time.renderer: time in renderer: total=0ms, preprocess=0, updates=0, rendering=0
2026-07-14 17:51:05.428 DEBUG qt.scenegraph.time.renderloop: [window 0x7f20c65f8630][render thread 0x7f20c0b174c0] syncAndRender: frame rendered in 0ms, sync=0, render=0, swap=0
2026-07-14 17:51:05.435 DEBUG qt.scenegraph.time.renderloop: [window 0x7f20c65f8630][gui thread] polishAndSync: start, elapsed since last call: 7 ms
2026-07-14 17:51:05.435 DEBUG qt.scenegraph.time.renderloop: [window 0x7f20c65f8630][render thread 0x7f20c0b174c0] syncAndRender: start, elapsed since last call: 7 ms
2026-07-14 17:51:05.435 DEBUG qt.scenegraph.time.renderloop: [window 0x7f20c65f8630][gui thread] Frame prepared, polish=0 ms, lock=0 ms, blockedForSync=0 ms, animations=0 ms
2026-07-14 17:51:05.435 DEBUG qt.scenegraph.time.renderer: time in renderer: total=0ms, preprocess=0, updates=0, rendering=0
2026-07-14 17:51:05.435 DEBUG qt.scenegraph.time.renderloop: [window 0x7f20c65f8630][render thread 0x7f20c0b174c0] syncAndRender: frame rendered in 0ms, sync=0, render=0, swap=0
2026-07-14 17:51:05.460 DEBUG qt.scenegraph.time.renderloop: [window 0x7f20c65f8630][gui thread] polishAndSync: start, elapsed since last call: 25 ms
2026-07-14 17:51:05.460 DEBUG qt.scenegraph.time.renderloop: [window 0x7f20c65f8630][render thread 0x7f20c0b174c0] syncAndRender: start, elapsed since last call: 25 ms
2026-07-14 17:51:05.460 DEBUG qt.scenegraph.time.renderloop: [window 0x7f20c65f8630][gui thread] Frame prepared, polish=0 ms, lock=0 ms, blockedForSync=0 ms, animations=0 ms
2026-07-14 17:51:05.460 DEBUG qt.scenegraph.time.renderer: time in renderer: total=0ms, preprocess=0, updates=0, rendering=0
2026-07-14 17:51:05.460 DEBUG qt.scenegraph.time.renderloop: [window 0x7f20c65f8630][render thread 0x7f20c0b174c0] syncAndRender: frame rendered in 0ms, sync=0, render=0, swap=0
2026-07-14 17:51:05.463 DEBUG qt.scenegraph.time.renderloop: [window 0x7f20c65f8630][gui thread] polishAndSync: start, elapsed since last call: 2 ms
2026-07-14 17:51:05.463 DEBUG qt.scenegraph.time.renderloop: [window 0x7f20c65f8630][render thread 0x7f20c0b174c0] syncAndRender: start, elapsed since last call: 2 ms
2026-07-14 17:51:05.463 DEBUG qt.scenegraph.time.renderloop: [window 0x7f20c65f8630][gui thread] Frame prepared, polish=0 ms, lock=0 ms, blockedForSync=0 ms, animations=0 ms
2026-07-14 17:51:05.463 DEBUG qt.scenegraph.time.renderer: time in renderer: total=0ms, preprocess=0, updates=0, rendering=0
2026-07-14 17:51:05.463 DEBUG qt.scenegraph.time.renderloop: [window 0x7f20c65f8630][render thread 0x7f20c0b174c0] syncAndRender: frame rendered in 0ms, sync=0, render=0, swap=0
2026-07-14 17:51:05.493 DEBUG qt.scenegraph.time.renderloop: [window 0x7f20c65f8630][gui thread] polishAndSync: start, elapsed since last call: 30 ms
2026-07-14 17:51:05.493 DEBUG qt.scenegraph.time.renderloop: [window 0x7f20c65f8630][render thread 0x7f20c0b174c0] syncAndRender: start, elapsed since last call: 30 ms
2026-07-14 17:51:05.493 DEBUG qt.scenegraph.time.renderloop: [window 0x7f20c65f8630][gui thread] Frame prepared, polish=0 ms, lock=0 ms, blockedForSync=0 ms, animations=0 ms
2026-07-14 17:51:05.493 DEBUG qt.scenegraph.time.renderer: time in renderer: total=0ms, preprocess=0, updates=0, rendering=0
2026-07-14 17:51:05.493 DEBUG qt.scenegraph.time.renderloop: [window 0x7f20c65f8630][render thread 0x7f20c0b174c0] syncAndRender: frame rendered in 0ms, sync=0, render=0, swap=0
2026-07-14 17:51:05.497 DEBUG qt.scenegraph.time.renderloop: [window 0x7f20c65f8630][gui thread] polishAndSync: start, elapsed since last call: 4 ms
2026-07-14 17:51:05.497 DEBUG qt.scenegraph.time.renderloop: [window 0x7f20c65f8630][render thread 0x7f20c0b174c0] syncAndRender: start, elapsed since last call: 4 ms
2026-07-14 17:51:05.497 DEBUG qt.scenegraph.time.renderloop: [window 0x7f20c65f8630][gui thread] Frame prepared, polish=0 ms, lock=0 ms, blockedForSync=0 ms, animations=0 ms
2026-07-14 17:51:05.497 DEBUG qt.scenegraph.time.renderer: time in renderer: total=0ms, preprocess=0, updates=0, rendering=0
2026-07-14 17:51:05.498 DEBUG qt.scenegraph.time.renderloop: [window 0x7f20c65f8630][render thread 0x7f20c0b174c0] syncAndRender: frame rendered in 0ms, sync=0, render=0, swap=0
2026-07-14 17:51:05.526 DEBUG qt.scenegraph.time.renderloop: [window 0x7f20c65f8630][gui thread] polishAndSync: start, elapsed since last call: 29 ms
2026-07-14 17:51:05.527 DEBUG qt.scenegraph.time.renderloop: [window 0x7f20c65f8630][render thread 0x7f20c0b174c0] syncAndRender: start, elapsed since last call: 29 ms
2026-07-14 17:51:05.527 DEBUG qt.scenegraph.time.renderloop: [window 0x7f20c65f8630][gui thread] Frame prepared, polish=0 ms, lock=0 ms, blockedForSync=0 ms, animations=0 ms
2026-07-14 17:51:05.527 DEBUG qt.scenegraph.time.renderer: time in renderer: total=0ms, preprocess=0, updates=0, rendering=0
2026-07-14 17:51:05.527 DEBUG qt.scenegraph.time.renderloop: [window 0x7f20c65f8630][render thread 0x7f20c0b174c0] syncAndRender: frame rendered in 0ms, sync=0, render=0, swap=0
2026-07-14 17:51:05.532 DEBUG qt.scenegraph.time.renderloop: [window 0x7f20c65f8630][gui thread] polishAndSync: start, elapsed since last call: 5 ms
2026-07-14 17:51:05.532 DEBUG qt.scenegraph.time.renderloop: [window 0x7f20c65f8630][render thread 0x7f20c0b174c0] syncAndRender: start, elapsed since last call: 5 ms
2026-07-14 17:51:05.532 DEBUG qt.scenegraph.time.renderloop: [window 0x7f20c65f8630][gui thread] Frame prepared, polish=0 ms, lock=0 ms, blockedForSync=0 ms, animations=0 ms
2026-07-14 17:51:05.532 DEBUG qt.scenegraph.time.renderer: time in renderer: total=0ms, preprocess=0, updates=0, rendering=0
2026-07-14 17:51:05.532 DEBUG qt.scenegraph.time.renderloop: [window 0x7f20c65f8630][render thread 0x7f20c0b174c0] syncAndRender: frame rendered in 0ms, sync=0, render=0, swap=0
2026-07-14 17:51:05.559 DEBUG qt.scenegraph.time.renderloop: [window 0x7f20c65f8630][gui thread] polishAndSync: start, elapsed since last call: 27 ms
2026-07-14 17:51:05.559 DEBUG qt.scenegraph.time.renderloop: [window 0x7f20c65f8630][render thread 0x7f20c0b174c0] syncAndRender: start, elapsed since last call: 27 ms
2026-07-14 17:51:05.559 DEBUG qt.scenegraph.time.renderloop: [window 0x7f20c65f8630][gui thread] Frame prepared, polish=0 ms, lock=0 ms, blockedForSync=0 ms, animations=0 ms
2026-07-14 17:51:05.559 DEBUG qt.scenegraph.time.renderer: time in renderer: total=0ms, preprocess=0, updates=0, rendering=0
2026-07-14 17:51:05.560 DEBUG qt.scenegraph.time.renderloop: [window 0x7f20c65f8630][render thread 0x7f20c0b174c0] syncAndRender: frame rendered in 0ms, sync=0, render=0, swap=0
2026-07-14 17:51:05.567 DEBUG qt.scenegraph.time.renderloop: [window 0x7f20c65f8630][gui thread] polishAndSync: start, elapsed since last call: 7 ms
2026-07-14 17:51:05.567 DEBUG qt.scenegraph.time.renderloop: [window 0x7f20c65f8630][render thread 0x7f20c0b174c0] syncAndRender: start, elapsed since last call: 7 ms
2026-07-14 17:51:05.567 DEBUG qt.scenegraph.time.renderloop: [window 0x7f20c65f8630][gui thread] Frame prepared, polish=0 ms, lock=0 ms, blockedForSync=0 ms, animations=0 ms
2026-07-14 17:51:05.567 DEBUG qt.scenegraph.time.renderer: time in renderer: total=0ms, preprocess=0, updates=0, rendering=0
2026-07-14 17:51:05.567 DEBUG qt.scenegraph.time.renderloop: [window 0x7f20c65f8630][render thread 0x7f20c0b174c0] syncAndRender: frame rendered in 0ms, sync=0, render=0, swap=0
2026-07-14 17:51:05.592 DEBUG qt.scenegraph.time.renderloop: [window 0x7f20c65f8630][gui thread] polishAndSync: start, elapsed since last call: 25 ms
2026-07-14 17:51:05.592 DEBUG qt.scenegraph.time.renderloop: [window 0x7f20c65f8630][render thread 0x7f20c0b174c0] syncAndRender: start, elapsed since last call: 25 ms
2026-07-14 17:51:05.592 DEBUG qt.scenegraph.time.renderloop: [window 0x7f20c65f8630][gui thread] Frame prepared, polish=0 ms, lock=0 ms, blockedForSync=0 ms, animations=0 ms
2026-07-14 17:51:05.592 DEBUG qt.scenegraph.time.renderer: time in renderer: total=0ms, preprocess=0, updates=0, rendering=0
2026-07-14 17:51:05.592 DEBUG qt.scenegraph.time.renderloop: [window 0x7f20c65f8630][render thread 0x7f20c0b174c0] syncAndRender: frame rendered in 0ms, sync=0, render=0, swap=0
2026-07-14 17:51:05.595 DEBUG qt.scenegraph.time.renderloop: [window 0x7f20c65f8630][gui thread] polishAndSync: start, elapsed since last call: 2 ms
2026-07-14 17:51:05.595 DEBUG qt.scenegraph.time.renderloop: [window 0x7f20c65f8630][render thread 0x7f20c0b174c0] syncAndRender: start, elapsed since last call: 2 ms
2026-07-14 17:51:05.595 DEBUG qt.scenegraph.time.renderloop: [window 0x7f20c65f8630][gui thread] Frame prepared, polish=0 ms, lock=0 ms, blockedForSync=0 ms, animations=0 ms
2026-07-14 17:51:05.595 DEBUG qt.scenegraph.time.renderer: time in renderer: total=0ms, preprocess=0, updates=0, rendering=0
2026-07-14 17:51:05.595 DEBUG qt.scenegraph.time.renderloop: [window 0x7f20c65f8630][render thread 0x7f20c0b174c0] syncAndRender: frame rendered in 0ms, sync=0, render=0, swap=0
2026-07-14 17:51:05.625 DEBUG qt.scenegraph.time.renderloop: [window 0x7f20c65f8630][gui thread] polishAndSync: start, elapsed since last call: 30 ms
2026-07-14 17:51:05.625 DEBUG qt.scenegraph.time.renderloop: [window 0x7f20c65f8630][render thread 0x7f20c0b174c0] syncAndRender: start, elapsed since last call: 30 ms
2026-07-14 17:51:05.625 DEBUG qt.scenegraph.time.renderloop: [window 0x7f20c65f8630][gui thread] Frame prepared, polish=0 ms, lock=0 ms, blockedForSync=0 ms, animations=0 ms
2026-07-14 17:51:05.625 DEBUG qt.scenegraph.time.renderer: time in renderer: total=0ms, preprocess=0, updates=0, rendering=0
2026-07-14 17:51:05.625 DEBUG qt.scenegraph.time.renderloop: [window 0x7f20c65f8630][render thread 0x7f20c0b174c0] syncAndRender: frame rendered in 0ms, sync=0, render=0, swap=0
2026-07-14 17:51:05.629 DEBUG qt.scenegraph.time.renderloop: [window 0x7f20c65f8630][gui thread] polishAndSync: start, elapsed since last call: 4 ms
2026-07-14 17:51:05.629 DEBUG qt.scenegraph.time.renderloop: [window 0x7f20c65f8630][render thread 0x7f20c0b174c0] syncAndRender: start, elapsed since last call: 4 ms
2026-07-14 17:51:05.629 DEBUG qt.scenegraph.time.renderloop: [window 0x7f20c65f8630][gui thread] Frame prepared, polish=0 ms, lock=0 ms, blockedForSync=0 ms, animations=0 ms
2026-07-14 17:51:05.630 DEBUG qt.scenegraph.time.renderer: time in renderer: total=0ms, preprocess=0, updates=0, rendering=0
2026-07-14 17:51:05.630 DEBUG qt.scenegraph.time.renderloop: [window 0x7f20c65f8630][render thread 0x7f20c0b174c0] syncAndRender: frame rendered in 0ms, sync=0, render=0, swap=0
2026-07-14 17:51:05.658 DEBUG qt.scenegraph.time.renderloop: [window 0x7f20c65f8630][gui thread] polishAndSync: start, elapsed since last call: 28 ms
2026-07-14 17:51:05.659 DEBUG qt.scenegraph.time.renderloop: [window 0x7f20c65f8630][render thread 0x7f20c0b174c0] syncAndRender: start, elapsed since last call: 29 ms
2026-07-14 17:51:05.659 DEBUG qt.scenegraph.time.renderloop: [window 0x7f20c65f8630][gui thread] Frame prepared, polish=0 ms, lock=0 ms, blockedForSync=0 ms, animations=0 ms
2026-07-14 17:51:05.659 DEBUG qt.scenegraph.time.renderer: time in renderer: total=0ms, preprocess=0, updates=0, rendering=0
2026-07-14 17:51:05.659 DEBUG qt.scenegraph.time.renderloop: [window 0x7f20c65f8630][render thread 0x7f20c0b174c0] syncAndRender: frame rendered in 0ms, sync=0, render=0, swap=0
2026-07-14 17:51:05.664 DEBUG qt.scenegraph.time.renderloop: [window 0x7f20c65f8630][gui thread] polishAndSync: start, elapsed since last call: 5 ms
2026-07-14 17:51:05.664 DEBUG qt.scenegraph.time.renderloop: [window 0x7f20c65f8630][render thread 0x7f20c0b174c0] syncAndRender: start, elapsed since last call: 5 ms
2026-07-14 17:51:05.664 DEBUG qt.scenegraph.time.renderloop: [window 0x7f20c65f8630][gui thread] Frame prepared, polish=0 ms, lock=0 ms, blockedForSync=0 ms, animations=0 ms
2026-07-14 17:51:05.664 DEBUG qt.scenegraph.time.renderer: time in renderer: total=0ms, preprocess=0, updates=0, rendering=0
2026-07-14 17:51:05.664 DEBUG qt.scenegraph.time.renderloop: [window 0x7f20c65f8630][render thread 0x7f20c0b174c0] syncAndRender: frame rendered in 0ms, sync=0, render=0, swap=0
2026-07-14 17:51:05.691 DEBUG qt.scenegraph.time.renderloop: [window 0x7f20c65f8630][gui thread] polishAndSync: start, elapsed since last call: 27 ms
2026-07-14 17:51:05.691 DEBUG qt.scenegraph.time.renderloop: [window 0x7f20c65f8630][render thread 0x7f20c0b174c0] syncAndRender: start, elapsed since last call: 27 ms
2026-07-14 17:51:05.691 DEBUG qt.scenegraph.time.renderloop: [window 0x7f20c65f8630][gui thread] Frame prepared, polish=0 ms, lock=0 ms, blockedForSync=0 ms, animations=0 ms
2026-07-14 17:51:05.691 DEBUG qt.scenegraph.time.renderer: time in renderer: total=0ms, preprocess=0, updates=0, rendering=0
2026-07-14 17:51:05.692 DEBUG qt.scenegraph.time.renderloop: [window 0x7f20c65f8630][render thread 0x7f20c0b174c0] syncAndRender: frame rendered in 0ms, sync=0, render=0, swap=0
2026-07-14 17:51:05.699 DEBUG qt.scenegraph.time.renderloop: [window 0x7f20c65f8630][gui thread] polishAndSync: start, elapsed since last call: 7 ms
2026-07-14 17:51:05.699 DEBUG qt.scenegraph.time.renderloop: [window 0x7f20c65f8630][render thread 0x7f20c0b174c0] syncAndRender: start, elapsed since last call: 7 ms
2026-07-14 17:51:05.699 DEBUG qt.scenegraph.time.renderloop: [window 0x7f20c65f8630][gui thread] Frame prepared, polish=0 ms, lock=0 ms, blockedForSync=0 ms, animations=0 ms
2026-07-14 17:51:05.699 DEBUG qt.scenegraph.time.renderer: time in renderer: total=0ms, preprocess=0, updates=0, rendering=0
2026-07-14 17:51:05.699 DEBUG qt.scenegraph.time.renderloop: [window 0x7f20c65f8630][render thread 0x7f20c0b174c0] syncAndRender: frame rendered in 0ms, sync=0, render=0, swap=0
2026-07-14 17:51:05.724 DEBUG qt.scenegraph.time.renderloop: [window 0x7f20c65f8630][gui thread] polishAndSync: start, elapsed since last call: 25 ms
2026-07-14 17:51:05.724 DEBUG qt.scenegraph.time.renderloop: [window 0x7f20c65f8630][render thread 0x7f20c0b174c0] syncAndRender: start, elapsed since last call: 25 ms
2026-07-14 17:51:05.724 DEBUG qt.scenegraph.time.renderloop: [window 0x7f20c65f8630][gui thread] Frame prepared, polish=0 ms, lock=0 ms, blockedForSync=0 ms, animations=0 ms
2026-07-14 17:51:05.724 DEBUG qt.scenegraph.time.renderer: time in renderer: total=0ms, preprocess=0, updates=0, rendering=0
2026-07-14 17:51:05.724 DEBUG qt.scenegraph.time.renderloop: [window 0x7f20c65f8630][render thread 0x7f20c0b174c0] syncAndRender: frame rendered in 0ms, sync=0, render=0, swap=0
2026-07-14 17:51:05.727 DEBUG qt.scenegraph.time.renderloop: [window 0x7f20c65f8630][gui thread] polishAndSync: start, elapsed since last call: 2 ms
2026-07-14 17:51:05.727 DEBUG qt.scenegraph.time.renderloop: [window 0x7f20c65f8630][render thread 0x7f20c0b174c0] syncAndRender: start, elapsed since last call: 2 ms
2026-07-14 17:51:05.727 DEBUG qt.scenegraph.time.renderloop: [window 0x7f20c65f8630][gui thread] Frame prepared, polish=0 ms, lock=0 ms, blockedForSync=0 ms, animations=0 ms
2026-07-14 17:51:05.727 DEBUG qt.scenegraph.time.renderer: time in renderer: total=0ms, preprocess=0, updates=0, rendering=0
2026-07-14 17:51:05.727 DEBUG qt.scenegraph.time.renderloop: [window 0x7f20c65f8630][render thread 0x7f20c0b174c0] syncAndRender: frame rendered in 0ms, sync=0, render=0, swap=0
2026-07-14 17:51:05.757 DEBUG qt.scenegraph.time.renderloop: [window 0x7f20c65f8630][gui thread] polishAndSync: start, elapsed since last call: 30 ms
2026-07-14 17:51:05.757 DEBUG qt.scenegraph.time.renderloop: [window 0x7f20c65f8630][render thread 0x7f20c0b174c0] syncAndRender: start, elapsed since last call: 30 ms
2026-07-14 17:51:05.757 DEBUG qt.scenegraph.time.renderloop: [window 0x7f20c65f8630][gui thread] Frame prepared, polish=0 ms, lock=0 ms, blockedForSync=0 ms, animations=0 ms
2026-07-14 17:51:05.757 DEBUG qt.scenegraph.time.renderer: time in renderer: total=0ms, preprocess=0, updates=0, rendering=0
2026-07-14 17:51:05.757 DEBUG qt.scenegraph.time.renderloop: [window 0x7f20c65f8630][render thread 0x7f20c0b174c0] syncAndRender: frame rendered in 0ms, sync=0, render=0, swap=0
2026-07-14 17:51:05.761 DEBUG qt.scenegraph.time.renderloop: [window 0x7f20c65f8630][gui thread] polishAndSync: start, elapsed since last call: 4 ms
2026-07-14 17:51:05.761 DEBUG qt.scenegraph.time.renderloop: [window 0x7f20c65f8630][render thread 0x7f20c0b174c0] syncAndRender: start, elapsed since last call: 4 ms
2026-07-14 17:51:05.761 DEBUG qt.scenegraph.time.renderloop: [window 0x7f20c65f8630][gui thread] Frame prepared, polish=0 ms, lock=0 ms, blockedForSync=0 ms, animations=0 ms
2026-07-14 17:51:05.761 DEBUG qt.scenegraph.time.renderer: time in renderer: total=0ms, preprocess=0, updates=0, rendering=0
2026-07-14 17:51:05.762 DEBUG qt.scenegraph.time.renderloop: [window 0x7f20c65f8630][render thread 0x7f20c0b174c0] syncAndRender: frame rendered in 0ms, sync=0, render=0, swap=0
2026-07-14 17:51:05.790 DEBUG qt.scenegraph.time.renderloop: [window 0x7f20c65f8630][gui thread] polishAndSync: start, elapsed since last call: 29 ms
2026-07-14 17:51:05.791 DEBUG qt.scenegraph.time.renderloop: [window 0x7f20c65f8630][render thread 0x7f20c0b174c0] syncAndRender: start, elapsed since last call: 29 ms
2026-07-14 17:51:05.791 DEBUG qt.scenegraph.time.renderloop: [window 0x7f20c65f8630][gui thread] Frame prepared, polish=0 ms, lock=0 ms, blockedForSync=0 ms, animations=0 ms
2026-07-14 17:51:05.791 DEBUG qt.scenegraph.time.renderer: time in renderer: total=0ms, preprocess=0, updates=0, rendering=0
2026-07-14 17:51:05.791 DEBUG qt.scenegraph.time.renderloop: [window 0x7f20c65f8630][render thread 0x7f20c0b174c0] syncAndRender: frame rendered in 0ms, sync=0, render=0, swap=0
2026-07-14 17:51:05.796 DEBUG qt.scenegraph.time.renderloop: [window 0x7f20c65f8630][gui thread] polishAndSync: start, elapsed since last call: 5 ms
2026-07-14 17:51:05.796 DEBUG qt.scenegraph.time.renderloop: [window 0x7f20c65f8630][render thread 0x7f20c0b174c0] syncAndRender: start, elapsed since last call: 5 ms
2026-07-14 17:51:05.796 DEBUG qt.scenegraph.time.renderloop: [window 0x7f20c65f8630][gui thread] Frame prepared, polish=0 ms, lock=0 ms, blockedForSync=0 ms, animations=0 ms
2026-07-14 17:51:05.796 DEBUG qt.scenegraph.time.renderer: time in renderer: total=0ms, preprocess=0, updates=0, rendering=0
2026-07-14 17:51:05.796 DEBUG qt.scenegraph.time.renderloop: [window 0x7f20c65f8630][render thread 0x7f20c0b174c0] syncAndRender: frame rendered in 0ms, sync=0, render=0, swap=0
2026-07-14 17:51:05.823 DEBUG qt.scenegraph.time.renderloop: [window 0x7f20c65f8630][gui thread] polishAndSync: start, elapsed since last call: 27 ms
2026-07-14 17:51:05.823 DEBUG qt.scenegraph.time.renderloop: [window 0x7f20c65f8630][render thread 0x7f20c0b174c0] syncAndRender: start, elapsed since last call: 27 ms
2026-07-14 17:51:05.823 DEBUG qt.scenegraph.time.renderloop: [window 0x7f20c65f8630][gui thread] Frame prepared, polish=0 ms, lock=0 ms, blockedForSync=0 ms, animations=0 ms
2026-07-14 17:51:05.823 DEBUG qt.scenegraph.time.renderer: time in renderer: total=0ms, preprocess=0, updates=0, rendering=0
2026-07-14 17:51:05.824 DEBUG qt.scenegraph.time.renderloop: [window 0x7f20c65f8630][render thread 0x7f20c0b174c0] syncAndRender: frame rendered in 0ms, sync=0, render=0, swap=0
2026-07-14 17:51:05.831 DEBUG qt.scenegraph.time.renderloop: [window 0x7f20c65f8630][gui thread] polishAndSync: start, elapsed since last call: 7 ms
2026-07-14 17:51:05.831 DEBUG qt.scenegraph.time.renderloop: [window 0x7f20c65f8630][render thread 0x7f20c0b174c0] syncAndRender: start, elapsed since last call: 7 ms
2026-07-14 17:51:05.831 DEBUG qt.scenegraph.time.renderloop: [window 0x7f20c65f8630][gui thread] Frame prepared, polish=0 ms, lock=0 ms, blockedForSync=0 ms, animations=0 ms
2026-07-14 17:51:05.831 DEBUG qt.scenegraph.time.renderer: time in renderer: total=0ms, preprocess=0, updates=0, rendering=0
2026-07-14 17:51:05.831 DEBUG qt.scenegraph.time.renderloop: [window 0x7f20c65f8630][render thread 0x7f20c0b174c0] syncAndRender: frame rendered in 0ms, sync=0, render=0, swap=0
2026-07-14 17:51:05.856 DEBUG qt.scenegraph.time.renderloop: [window 0x7f20c65f8630][gui thread] polishAndSync: start, elapsed since last call: 25 ms
2026-07-14 17:51:05.856 DEBUG qt.scenegraph.time.renderloop: [window 0x7f20c65f8630][render thread 0x7f20c0b174c0] syncAndRender: start, elapsed since last call: 25 ms
2026-07-14 17:51:05.856 DEBUG qt.scenegraph.time.renderloop: [window 0x7f20c65f8630][gui thread] Frame prepared, polish=0 ms, lock=0 ms, blockedForSync=0 ms, animations=0 ms
2026-07-14 17:51:05.856 DEBUG qt.scenegraph.time.renderer: time in renderer: total=0ms, preprocess=0, updates=0, rendering=0
2026-07-14 17:51:05.856 DEBUG qt.scenegraph.time.renderloop: [window 0x7f20c65f8630][render thread 0x7f20c0b174c0] syncAndRender: frame rendered in 0ms, sync=0, render=0, swap=0
2026-07-14 17:51:05.859 DEBUG qt.scenegraph.time.renderloop: [window 0x7f20c65f8630][gui thread] polishAndSync: start, elapsed since last call: 2 ms
2026-07-14 17:51:05.859 DEBUG qt.scenegraph.time.renderloop: [window 0x7f20c65f8630][render thread 0x7f20c0b174c0] syncAndRender: start, elapsed since last call: 2 ms
2026-07-14 17:51:05.859 DEBUG qt.scenegraph.time.renderloop: [window 0x7f20c65f8630][gui thread] Frame prepared, polish=0 ms, lock=0 ms, blockedForSync=0 ms, animations=0 ms
2026-07-14 17:51:05.859 DEBUG qt.scenegraph.time.renderer: time in renderer: total=0ms, preprocess=0, updates=0, rendering=0
2026-07-14 17:51:05.859 DEBUG qt.scenegraph.time.renderloop: [window 0x7f20c65f8630][render thread 0x7f20c0b174c0] syncAndRender: frame rendered in 0ms, sync=0, render=0, swap=0
2026-07-14 17:51:05.889 DEBUG qt.scenegraph.time.renderloop: [window 0x7f20c65f8630][gui thread] polishAndSync: start, elapsed since last call: 30 ms
2026-07-14 17:51:05.889 DEBUG qt.scenegraph.time.renderloop: [window 0x7f20c65f8630][render thread 0x7f20c0b174c0] syncAndRender: start, elapsed since last call: 30 ms
2026-07-14 17:51:05.889 DEBUG qt.scenegraph.time.renderloop: [window 0x7f20c65f8630][gui thread] Frame prepared, polish=0 ms, lock=0 ms, blockedForSync=0 ms, animations=0 ms
2026-07-14 17:51:05.889 DEBUG qt.scenegraph.time.renderer: time in renderer: total=0ms, preprocess=0, updates=0, rendering=0
2026-07-14 17:51:05.889 DEBUG qt.scenegraph.time.renderloop: [window 0x7f20c65f8630][render thread 0x7f20c0b174c0] syncAndRender: frame rendered in 0ms, sync=0, render=0, swap=0
2026-07-14 17:51:05.893 DEBUG qt.scenegraph.time.renderloop: [window 0x7f20c65f8630][gui thread] polishAndSync: start, elapsed since last call: 4 ms
2026-07-14 17:51:05.893 DEBUG qt.scenegraph.time.renderloop: [window 0x7f20c65f8630][render thread 0x7f20c0b174c0] syncAndRender: start, elapsed since last call: 4 ms
2026-07-14 17:51:05.893 DEBUG qt.scenegraph.time.renderloop: [window 0x7f20c65f8630][gui thread] Frame prepared, polish=0 ms, lock=0 ms, blockedForSync=0 ms, animations=0 ms
2026-07-14 17:51:05.893 DEBUG qt.scenegraph.time.renderer: time in renderer: total=0ms, preprocess=0, updates=0, rendering=0
2026-07-14 17:51:05.894 DEBUG qt.scenegraph.time.renderloop: [window 0x7f20c65f8630][render thread 0x7f20c0b174c0] syncAndRender: frame rendered in 0ms, sync=0, render=0, swap=0
2026-07-14 17:51:05.922 DEBUG qt.scenegraph.time.renderloop: [window 0x7f20c65f8630][gui thread] polishAndSync: start, elapsed since last call: 29 ms
2026-07-14 17:51:05.923 DEBUG qt.scenegraph.time.renderloop: [window 0x7f20c65f8630][render thread 0x7f20c0b174c0] syncAndRender: start, elapsed since last call: 29 ms
2026-07-14 17:51:05.923 DEBUG qt.scenegraph.time.renderloop: [window 0x7f20c65f8630][gui thread] Frame prepared, polish=0 ms, lock=0 ms, blockedForSync=0 ms, animations=0 ms
2026-07-14 17:51:05.923 DEBUG qt.scenegraph.time.renderer: time in renderer: total=0ms, preprocess=0, updates=0, rendering=0
2026-07-14 17:51:05.923 DEBUG qt.scenegraph.time.renderloop: [window 0x7f20c65f8630][render thread 0x7f20c0b174c0] syncAndRender: frame rendered in 0ms, sync=0, render=0, swap=0
2026-07-14 17:51:05.928 DEBUG qt.scenegraph.time.renderloop: [window 0x7f20c65f8630][gui thread] polishAndSync: start, elapsed since last call: 5 ms
2026-07-14 17:51:05.928 DEBUG qt.scenegraph.time.renderloop: [window 0x7f20c65f8630][render thread 0x7f20c0b174c0] syncAndRender: start, elapsed since last call: 5 ms
2026-07-14 17:51:05.928 DEBUG qt.scenegraph.time.renderloop: [window 0x7f20c65f8630][gui thread] Frame prepared, polish=0 ms, lock=0 ms, blockedForSync=0 ms, animations=0 ms
2026-07-14 17:51:05.928 DEBUG qt.scenegraph.time.renderer: time in renderer: total=0ms, preprocess=0, updates=0, rendering=0
2026-07-14 17:51:05.929 DEBUG qt.scenegraph.time.renderloop: [window 0x7f20c65f8630][render thread 0x7f20c0b174c0] syncAndRender: frame rendered in 0ms, sync=0, render=0, swap=0
2026-07-14 17:51:05.955 DEBUG qt.scenegraph.time.renderloop: [window 0x7f20c65f8630][gui thread] polishAndSync: start, elapsed since last call: 26 ms
2026-07-14 17:51:05.955 DEBUG qt.scenegraph.time.renderloop: [window 0x7f20c65f8630][render thread 0x7f20c0b174c0] syncAndRender: start, elapsed since last call: 27 ms
2026-07-14 17:51:05.955 DEBUG qt.scenegraph.time.renderloop: [window 0x7f20c65f8630][gui thread] Frame prepared, polish=0 ms, lock=0 ms, blockedForSync=0 ms, animations=0 ms
2026-07-14 17:51:05.955 DEBUG qt.scenegraph.time.renderer: time in renderer: total=0ms, preprocess=0, updates=0, rendering=0
2026-07-14 17:51:05.956 DEBUG qt.scenegraph.time.renderloop: [window 0x7f20c65f8630][render thread 0x7f20c0b174c0] syncAndRender: frame rendered in 0ms, sync=0, render=0, swap=0
2026-07-14 17:51:05.956 DEBUG qt.scenegraph.time.renderloop: [window 0x7f20c65f8630][gui thread] polishAndSync: start, elapsed since last call: 0 ms
2026-07-14 17:51:05.956 DEBUG qt.scenegraph.time.renderloop: [window 0x7f20c65f8630][render thread 0x7f20c0b174c0] syncAndRender: start, elapsed since last call: 0 ms
2026-07-14 17:51:05.956 DEBUG qt.scenegraph.time.renderloop: [window 0x7f20c65f8630][gui thread] Frame prepared, polish=0 ms, lock=0 ms, blockedForSync=0 ms, animations=0 ms
2026-07-14 17:51:05.956 DEBUG qt.scenegraph.time.renderer: time in renderer: total=0ms, preprocess=0, updates=0, rendering=0
2026-07-14 17:51:05.956 DEBUG qt.scenegraph.time.renderloop: [window 0x7f20c65f8630][render thread 0x7f20c0b174c0] syncAndRender: frame rendered in 0ms, sync=0, render=0, swap=0
2026-07-14 17:51:05.988 DEBUG qt.scenegraph.time.renderloop: [window 0x7f20c65f8630][gui thread] polishAndSync: start, elapsed since last call: 32 ms
2026-07-14 17:51:05.989 DEBUG qt.scenegraph.time.renderloop: [window 0x7f20c65f8630][render thread 0x7f20c0b174c0] syncAndRender: start, elapsed since last call: 32 ms
2026-07-14 17:51:05.989 DEBUG qt.scenegraph.time.renderloop: [window 0x7f20c65f8630][gui thread] Frame prepared, polish=0 ms, lock=0 ms, blockedForSync=0 ms, animations=0 ms
2026-07-14 17:51:05.989 DEBUG qt.scenegraph.time.renderer: time in renderer: total=0ms, preprocess=0, updates=0, rendering=0
2026-07-14 17:51:05.989 DEBUG qt.scenegraph.time.renderloop: [window 0x7f20c65f8630][render thread 0x7f20c0b174c0] syncAndRender: frame rendered in 0ms, sync=0, render=0, swap=0
2026-07-14 17:51:05.991 DEBUG qt.scenegraph.time.renderloop: [window 0x7f20c65f8630][gui thread] polishAndSync: start, elapsed since last call: 2 ms
2026-07-14 17:51:05.991 DEBUG qt.scenegraph.time.renderloop: [window 0x7f20c65f8630][render thread 0x7f20c0b174c0] syncAndRender: start, elapsed since last call: 2 ms
2026-07-14 17:51:05.991 DEBUG qt.scenegraph.time.renderloop: [window 0x7f20c65f8630][gui thread] Frame prepared, polish=0 ms, lock=0 ms, blockedForSync=0 ms, animations=0 ms
2026-07-14 17:51:05.991 DEBUG qt.scenegraph.time.renderer: time in renderer: total=0ms, preprocess=0, updates=0, rendering=0
2026-07-14 17:51:05.991 DEBUG qt.scenegraph.time.renderloop: [window 0x7f20c65f8630][render thread 0x7f20c0b174c0] syncAndRender: frame rendered in 0ms, sync=0, render=0, swap=0
2026-07-14 17:51:06.021 DEBUG qt.scenegraph.time.renderloop: [window 0x7f20c65f8630][gui thread] polishAndSync: start, elapsed since last call: 30 ms
2026-07-14 17:51:06.021 DEBUG qt.scenegraph.time.renderloop: [window 0x7f20c65f8630][render thread 0x7f20c0b174c0] syncAndRender: start, elapsed since last call: 30 ms
2026-07-14 17:51:06.021 DEBUG qt.scenegraph.time.renderloop: [window 0x7f20c65f8630][gui thread] Frame prepared, polish=0 ms, lock=0 ms, blockedForSync=0 ms, animations=0 ms
2026-07-14 17:51:06.021 DEBUG qt.scenegraph.time.renderer: time in renderer: total=0ms, preprocess=0, updates=0, rendering=0
2026-07-14 17:51:06.021 DEBUG qt.scenegraph.time.renderloop: [window 0x7f20c65f8630][render thread 0x7f20c0b174c0] syncAndRender: frame rendered in 0ms, sync=0, render=0, swap=0
2026-07-14 17:51:06.025 DEBUG qt.scenegraph.time.renderloop: [window 0x7f20c65f8630][gui thread] polishAndSync: start, elapsed since last call: 4 ms
2026-07-14 17:51:06.025 DEBUG qt.scenegraph.time.renderloop: [window 0x7f20c65f8630][render thread 0x7f20c0b174c0] syncAndRender: start, elapsed since last call: 4 ms
2026-07-14 17:51:06.025 DEBUG qt.scenegraph.time.renderloop: [window 0x7f20c65f8630][gui thread] Frame prepared, polish=0 ms, lock=0 ms, blockedForSync=0 ms, animations=0 ms
2026-07-14 17:51:06.025 DEBUG qt.scenegraph.time.renderer: time in renderer: total=0ms, preprocess=0, updates=0, rendering=0
2026-07-14 17:51:06.026 DEBUG qt.scenegraph.time.renderloop: [window 0x7f20c65f8630][render thread 0x7f20c0b174c0] syncAndRender: frame rendered in 0ms, sync=0, render=0, swap=0
2026-07-14 17:51:06.054 DEBUG qt.scenegraph.time.renderloop: [window 0x7f20c65f8630][gui thread] polishAndSync: start, elapsed since last call: 28 ms
2026-07-14 17:51:06.054 DEBUG qt.scenegraph.time.renderloop: [window 0x7f20c65f8630][render thread 0x7f20c0b174c0] syncAndRender: start, elapsed since last call: 28 ms
2026-07-14 17:51:06.054 DEBUG qt.scenegraph.time.renderloop: [window 0x7f20c65f8630][gui thread] Frame prepared, polish=0 ms, lock=0 ms, blockedForSync=0 ms, animations=0 ms
2026-07-14 17:51:06.054 DEBUG qt.scenegraph.time.renderer: time in renderer: total=0ms, preprocess=0, updates=0, rendering=0
2026-07-14 17:51:06.054 DEBUG qt.scenegraph.time.renderloop: [window 0x7f20c65f8630][render thread 0x7f20c0b174c0] syncAndRender: frame rendered in 0ms, sync=0, render=0, swap=0
2026-07-14 17:51:06.060 DEBUG qt.scenegraph.time.renderloop: [window 0x7f20c65f8630][gui thread] polishAndSync: start, elapsed since last call: 6 ms
2026-07-14 17:51:06.060 DEBUG qt.scenegraph.time.renderloop: [window 0x7f20c65f8630][render thread 0x7f20c0b174c0] syncAndRender: start, elapsed since last call: 6 ms
2026-07-14 17:51:06.060 DEBUG qt.scenegraph.time.renderloop: [window 0x7f20c65f8630][gui thread] Frame prepared, polish=0 ms, lock=0 ms, blockedForSync=0 ms, animations=0 ms
2026-07-14 17:51:06.060 DEBUG qt.scenegraph.time.renderer: time in renderer: total=0ms, preprocess=0, updates=0, rendering=0
2026-07-14 17:51:06.061 DEBUG qt.scenegraph.time.renderloop: [window 0x7f20c65f8630][render thread 0x7f20c0b174c0] syncAndRender: frame rendered in 0ms, sync=0, render=0, swap=0
2026-07-14 17:51:06.087 DEBUG qt.scenegraph.time.renderloop: [window 0x7f20c65f8630][gui thread] polishAndSync: start, elapsed since last call: 26 ms
2026-07-14 17:51:06.087 DEBUG qt.scenegraph.time.renderloop: [window 0x7f20c65f8630][render thread 0x7f20c0b174c0] syncAndRender: start, elapsed since last call: 27 ms
2026-07-14 17:51:06.087 DEBUG qt.scenegraph.time.renderloop: [window 0x7f20c65f8630][gui thread] Frame prepared, polish=0 ms, lock=0 ms, blockedForSync=0 ms, animations=0 ms
2026-07-14 17:51:06.088 DEBUG qt.scenegraph.time.renderer: time in renderer: total=0ms, preprocess=0, updates=0, rendering=0
2026-07-14 17:51:06.088 DEBUG qt.scenegraph.time.renderloop: [window 0x7f20c65f8630][render thread 0x7f20c0b174c0] syncAndRender: frame rendered in 0ms, sync=0, render=0, swap=0
2026-07-14 17:51:06.095 DEBUG qt.scenegraph.time.renderloop: [window 0x7f20c65f8630][gui thread] polishAndSync: start, elapsed since last call: 7 ms
2026-07-14 17:51:06.095 DEBUG qt.scenegraph.time.renderloop: [window 0x7f20c65f8630][render thread 0x7f20c0b174c0] syncAndRender: start, elapsed since last call: 7 ms
2026-07-14 17:51:06.095 DEBUG qt.scenegraph.time.renderloop: [window 0x7f20c65f8630][gui thread] Frame prepared, polish=0 ms, lock=0 ms, blockedForSync=0 ms, animations=0 ms
2026-07-14 17:51:06.095 DEBUG qt.scenegraph.time.renderer: time in renderer: total=0ms, preprocess=0, updates=0, rendering=0
2026-07-14 17:51:06.095 DEBUG qt.scenegraph.time.renderloop: [window 0x7f20c65f8630][render thread 0x7f20c0b174c0] syncAndRender: frame rendered in 0ms, sync=0, render=0, swap=0
2026-07-14 17:51:06.120 DEBUG qt.scenegraph.time.renderloop: [window 0x7f20c65f8630][gui thread] polishAndSync: start, elapsed since last call: 25 ms
2026-07-14 17:51:06.120 DEBUG qt.scenegraph.time.renderloop: [window 0x7f20c65f8630][render thread 0x7f20c0b174c0] syncAndRender: start, elapsed since last call: 25 ms
2026-07-14 17:51:06.120 DEBUG qt.scenegraph.time.renderloop: [window 0x7f20c65f8630][gui thread] Frame prepared, polish=0 ms, lock=0 ms, blockedForSync=0 ms, animations=0 ms
2026-07-14 17:51:06.120 DEBUG qt.scenegraph.time.renderer: time in renderer: total=0ms, preprocess=0, updates=0, rendering=0
2026-07-14 17:51:06.120 DEBUG qt.scenegraph.time.renderloop: [window 0x7f20c65f8630][render thread 0x7f20c0b174c0] syncAndRender: frame rendered in 0ms, sync=0, render=0, swap=0
2026-07-14 17:51:06.123 DEBUG qt.scenegraph.time.renderloop: [window 0x7f20c65f8630][gui thread] polishAndSync: start, elapsed since last call: 2 ms
2026-07-14 17:51:06.123 DEBUG qt.scenegraph.time.renderloop: [window 0x7f20c65f8630][render thread 0x7f20c0b174c0] syncAndRender: start, elapsed since last call: 2 ms
2026-07-14 17:51:06.123 DEBUG qt.scenegraph.time.renderloop: [window 0x7f20c65f8630][gui thread] Frame prepared, polish=0 ms, lock=0 ms, blockedForSync=0 ms, animations=0 ms
2026-07-14 17:51:06.123 DEBUG qt.scenegraph.time.renderer: time in renderer: total=0ms, preprocess=0, updates=0, rendering=0
2026-07-14 17:51:06.123 DEBUG qt.scenegraph.time.renderloop: [window 0x7f20c65f8630][render thread 0x7f20c0b174c0] syncAndRender: frame rendered in 0ms, sync=0, render=0, swap=0
