2026-07-14 19:22:17.803  INFO: Launching config: "/tmp/opencode/.task-12-full-boundary.work.jmvwcc/sources/pr/source/versions/V1/shell.qml"
2026-07-14 19:22:17.803  INFO: Shell ID: "de7ae06fbca937497e3bfd9c65125ce0" Path ID "de7ae06fbca937497e3bfd9c65125ce0"
2026-07-14 19:22:17.803  INFO: Saving logs to "/run/user/1000/quickshell/by-id/rt095ld6it/log.qslog"
2026-07-14 19:22:17.856 DEBUG qt.scenegraph.general: threaded render loop
2026-07-14 19:22:17.856 DEBUG qt.scenegraph.general: Using sg animation driver
2026-07-14 19:22:17.856 DEBUG qt.scenegraph.general: Animation Driver: using vsync: 6.94 ms
2026-07-14 19:22:18.219  WARN scene: QML IpcHandler at @shell.qml[33:5]: Signal detected: "enabledChanged"
2026-07-14 19:22:18.220  WARN scene: QML IpcHandler at @shell.qml[33:5]: Signal detected: "panelVisibleChanged"
2026-07-14 19:22:18.221  INFO: Configuration Loaded
2026-07-14 19:22:18.252 DEBUG qt.scenegraph.time.renderloop: [window 0x7f380ef04e40][gui thread] polishAndSync: start, elapsed since last call: 3 ms
2026-07-14 19:22:18.252 DEBUG qt.scenegraph.general: Animation Driver: using vsync: 6.94 ms
2026-07-14 19:22:18.252 DEBUG qt.scenegraph.general: Creating QRhi with backend OpenGL for window 0x7f380ef04e40 (wflags 0x1)
  Graphics API debug/validation layers: 0
  Debug markers: 0
  Timestamps: 0
  Prefer software device: 0
  Shader/pipeline cache collection: 1
2026-07-14 19:22:18.254 DEBUG qt.rhi.general: Created OpenGL context QSurfaceFormat(version 4.6, options QFlags<QSurfaceFormat::FormatOption>(DeprecatedFunctions|ResetNotification), depthBufferSize 24, redBufferSize 8, greenBufferSize 8, blueBufferSize 8, alphaBufferSize 8, stencilBufferSize 8, samples 0, swapBehavior QSurfaceFormat::DefaultSwapBehavior, swapInterval 1, colorSpace QColorSpace(), profile  QSurfaceFormat::CompatibilityProfile)
2026-07-14 19:22:18.255 DEBUG qt.rhi.general: OpenGL VENDOR: AMD RENDERER: AMD Radeon RX 6700 XT (radeonsi, navi22, ACO, DRM 3.64, 7.1.3-2-cachyos) VERSION: 4.6 (Compatibility Profile) Mesa 26.1.4-arch1.1
2026-07-14 19:22:18.256 DEBUG qt.scenegraph.general: Created QRhi 0x7f380a80c008 for window 0x7f380ef04e40
2026-07-14 19:22:18.256 DEBUG qt.scenegraph.general: Attempting to seed pipeline cache for QRhi 0x7f380a80c008 from '/home/alarisco/.cache/quickshell/qtpipelinecache-x86_64-little_endian-lp64/qqpc_opengl'
2026-07-14 19:22:18.256 DEBUG qt.rhi.general: Seeded pipeline cache with 11 program binaries
2026-07-14 19:22:18.256 DEBUG qt.scenegraph.general: MSAA sample count for the swapchain is 1. Alpha channel requested = yes.
2026-07-14 19:22:18.256 DEBUG qt.scenegraph.time.renderloop: [window 0x7f380ef04e40][render thread 0x7f380ed86040] syncAndRender: start, elapsed since last call: 4 ms
2026-07-14 19:22:18.256 DEBUG qt.scenegraph.time.renderloop: [window 0x7f380ef04e40][render thread 0x7f380ed86040] syncAndRender: frame rendered in 0ms, sync=0, render=0, swap=0
2026-07-14 19:22:18.256 DEBUG qt.scenegraph.general: rhi texture atlas dimensions: 4096x2048
2026-07-14 19:22:18.256 DEBUG qt.scenegraph.time.renderloop: [window 0x7f380ef04e40][render thread 0x7f380ed86040] syncAndRender: start, elapsed since last call: 0 ms
2026-07-14 19:22:18.266 DEBUG qt.scenegraph.time.glyph: distancefield: 12 glyphs prepared in 0ms, rendering=0, upload=0
2026-07-14 19:22:18.266 DEBUG qt.scenegraph.time.glyph: distancefield: 1 glyphs prepared in 0ms, rendering=0, upload=0
2026-07-14 19:22:18.266 DEBUG qt.scenegraph.time.glyph: distancefield: 1 glyphs prepared in 0ms, rendering=0, upload=0
2026-07-14 19:22:18.266 DEBUG qt.scenegraph.time.glyph: distancefield: 1 glyphs prepared in 0ms, rendering=0, upload=0
2026-07-14 19:22:18.266 DEBUG qt.scenegraph.time.glyph: distancefield: 2 glyphs prepared in 0ms, rendering=0, upload=0
2026-07-14 19:22:18.267 DEBUG qt.scenegraph.time.glyph: distancefield: 19 glyphs prepared in 0ms, rendering=0, upload=0
2026-07-14 19:22:18.268 DEBUG qt.scenegraph.time.renderer: time in renderer: total=0ms, preprocess=0, updates=0, rendering=0
2026-07-14 19:22:18.270 DEBUG qt.scenegraph.time.renderer: time in renderer: total=2ms, preprocess=0, updates=0, rendering=1
2026-07-14 19:22:18.275 DEBUG qt.scenegraph.time.renderloop: [window 0x7f380ef04e40][render thread 0x7f380ed86040] syncAndRender: frame rendered in 18ms, sync=9, render=4, swap=4
2026-07-14 19:22:18.275 DEBUG qt.scenegraph.time.renderloop: [window 0x7f380ef04e40][gui thread] Frame prepared, polish=0 ms, lock=0 ms, blockedForSync=22 ms, animations=0 ms
2026-07-14 19:22:18.358 DEBUG qt.scenegraph.time.renderloop: [window 0x7f380ef04e40][gui thread] polishAndSync: start, elapsed since last call: 106 ms
2026-07-14 19:22:18.359 DEBUG qt.scenegraph.time.renderloop: [window 0x7f380ef04e40][render thread 0x7f380ed86040] syncAndRender: start, elapsed since last call: 102 ms
2026-07-14 19:22:18.360 DEBUG qt.scenegraph.time.glyph: distancefield: 1 glyphs prepared in 0ms, rendering=0, upload=0
2026-07-14 19:22:18.360 DEBUG qt.scenegraph.time.glyph: distancefield: 1 glyphs prepared in 0ms, rendering=0, upload=0
2026-07-14 19:22:18.361 DEBUG qt.scenegraph.time.glyph: distancefield: 2 glyphs prepared in 0ms, rendering=0, upload=0
2026-07-14 19:22:18.361 DEBUG qt.scenegraph.time.renderloop: [window 0x7f380ef04e40][gui thread] Frame prepared, polish=1 ms, lock=0 ms, blockedForSync=1 ms, animations=0 ms
2026-07-14 19:22:18.361 DEBUG qt.scenegraph.time.texture: atlastexture upload enqueued in: -9223357660754ms (18x18)
2026-07-14 19:22:18.361 DEBUG qt.scenegraph.time.texture: atlastexture upload enqueued in: -9223357660754ms (48x48)
2026-07-14 19:22:18.361 DEBUG qt.scenegraph.time.texture: atlastexture upload enqueued in: -9223357660754ms (656x192)
2026-07-14 19:22:18.361 DEBUG qt.scenegraph.time.texture: atlastexture upload enqueued in: -9223357660754ms (549x230)
2026-07-14 19:22:18.362 DEBUG qt.scenegraph.time.texture: atlastexture upload enqueued in: -9223357660754ms (605x231)
2026-07-14 19:22:18.362 DEBUG qt.scenegraph.time.texture: atlastexture upload enqueued in: -9223357660754ms (80x24)
2026-07-14 19:22:18.362 DEBUG qt.scenegraph.time.texture: atlastexture upload enqueued in: -9223357660754ms (16x14)
2026-07-14 19:22:18.362 DEBUG qt.scenegraph.time.texture: atlastexture upload enqueued in: -9223357660754ms (6x8)
2026-07-14 19:22:18.362 DEBUG qt.scenegraph.time.texture: atlastexture upload enqueued in: -9223357660754ms (36x14)
2026-07-14 19:22:18.362 DEBUG qt.scenegraph.time.texture: atlastexture upload enqueued in: -9223357660754ms (16x16)
2026-07-14 19:22:18.362 DEBUG qt.scenegraph.time.texture: atlastexture upload enqueued in: -9223357660754ms (16x16)
2026-07-14 19:22:18.362 DEBUG qt.scenegraph.time.texture: atlastexture upload enqueued in: -9223357660754ms (36x14)
2026-07-14 19:22:18.362 DEBUG qt.scenegraph.time.texture: atlastexture upload enqueued in: -9223357660754ms (22x14)
2026-07-14 19:22:18.362 DEBUG qt.scenegraph.time.texture: atlastexture upload enqueued in: -9223357660754ms (36x14)
2026-07-14 19:22:18.362 DEBUG qt.scenegraph.time.renderer: time in renderer: total=1ms, preprocess=0, updates=0, rendering=1
2026-07-14 19:22:18.366 DEBUG qt.scenegraph.time.renderloop: [window 0x7f380ef04e40][render thread 0x7f380ed86040] syncAndRender: frame rendered in 6ms, sync=1, render=1, swap=3
2026-07-14 19:22:18.377 DEBUG qt.scenegraph.time.renderloop: [window 0x7f380ef04e40][gui thread] polishAndSync: start, elapsed since last call: 19 ms
2026-07-14 19:22:18.378 DEBUG qt.scenegraph.time.renderloop: [window 0x7f380ef04e40][render thread 0x7f380ed86040] syncAndRender: start, elapsed since last call: 19 ms
2026-07-14 19:22:18.379 DEBUG qt.scenegraph.time.glyph: distancefield: 1 glyphs prepared in 0ms, rendering=0, upload=0
2026-07-14 19:22:18.379 DEBUG qt.scenegraph.time.texture: atlastexture upload enqueued in: -9223357660737ms (36x14)
2026-07-14 19:22:18.379 DEBUG qt.scenegraph.time.renderer: time in renderer: total=0ms, preprocess=0, updates=0, rendering=0
2026-07-14 19:22:18.380 DEBUG qt.scenegraph.time.renderloop: [window 0x7f380ef04e40][render thread 0x7f380ed86040] syncAndRender: frame rendered in 2ms, sync=0, render=0, swap=1
2026-07-14 19:22:18.386 DEBUG qt.scenegraph.time.renderloop: [window 0x7f380ef04e40][gui thread] Frame prepared, polish=0 ms, lock=0 ms, blockedForSync=0 ms, animations=7 ms
2026-07-14 19:22:18.387 DEBUG qt.scenegraph.time.renderloop: [window 0x7f380ef04e40][gui thread] polishAndSync: start, elapsed since last call: 9 ms
2026-07-14 19:22:18.392 DEBUG qt.scenegraph.time.renderloop: [window 0x7f380ef04e40][render thread 0x7f380ed86040] syncAndRender: start, elapsed since last call: 13 ms
2026-07-14 19:22:18.393 DEBUG qt.scenegraph.general: animation driver switched to timer mode
2026-07-14 19:22:18.393 DEBUG qt.scenegraph.time.renderer: time in renderer: total=0ms, preprocess=0, updates=0, rendering=0
2026-07-14 19:22:18.393 DEBUG qt.scenegraph.time.texture: atlastexture upload enqueued in: -9223357660722ms (36x14)
2026-07-14 19:22:18.393 DEBUG qt.scenegraph.time.renderer: time in renderer: total=0ms, preprocess=0, updates=0, rendering=0
2026-07-14 19:22:18.394 DEBUG qt.scenegraph.time.renderloop: [window 0x7f380ef04e40][render thread 0x7f380ed86040] syncAndRender: frame rendered in 2ms, sync=0, render=0, swap=0
2026-07-14 19:22:18.399 DEBUG qt.scenegraph.time.renderloop: [window 0x7f380ef04e40][gui thread] Frame prepared, polish=5 ms, lock=0 ms, blockedForSync=0 ms, animations=6 ms
2026-07-14 19:22:18.399 DEBUG qt.scenegraph.time.renderloop: [window 0x7f380ef04e40][gui thread] polishAndSync: start, elapsed since last call: 12 ms
2026-07-14 19:22:18.402 DEBUG qt.scenegraph.time.renderloop: [window 0x7f380ef04e40][render thread 0x7f380ed86040] syncAndRender: start, elapsed since last call: 10 ms
2026-07-14 19:22:18.403 DEBUG qt.scenegraph.time.renderer: time in renderer: total=0ms, preprocess=0, updates=0, rendering=0
2026-07-14 19:22:18.404 DEBUG qt.scenegraph.time.renderloop: [window 0x7f380ef04e40][render thread 0x7f380ed86040] syncAndRender: frame rendered in 1ms, sync=0, render=0, swap=0
2026-07-14 19:22:18.410 DEBUG qt.scenegraph.time.renderloop: [window 0x7f380ef04e40][gui thread] Frame prepared, polish=2 ms, lock=0 ms, blockedForSync=0 ms, animations=7 ms
2026-07-14 19:22:18.412 DEBUG qt.scenegraph.time.renderloop: [window 0x7f380ef04e40][gui thread] polishAndSync: start, elapsed since last call: 12 ms
2026-07-14 19:22:18.414 DEBUG qt.scenegraph.time.renderloop: [window 0x7f380ef04e40][render thread 0x7f380ed86040] syncAndRender: start, elapsed since last call: 11 ms
2026-07-14 19:22:18.414 DEBUG qt.scenegraph.time.renderer: time in renderer: total=0ms, preprocess=0, updates=0, rendering=0
2026-07-14 19:22:18.415 DEBUG qt.scenegraph.time.renderloop: [window 0x7f380ef04e40][render thread 0x7f380ed86040] syncAndRender: frame rendered in 1ms, sync=0, render=0, swap=0
2026-07-14 19:22:18.417 DEBUG qt.scenegraph.time.renderloop: [window 0x7f380ef04e40][gui thread] Frame prepared, polish=1 ms, lock=0 ms, blockedForSync=0 ms, animations=2 ms
2026-07-14 19:22:18.418 DEBUG qt.scenegraph.time.renderloop: [window 0x7f380ef04e40][gui thread] polishAndSync: start, elapsed since last call: 5 ms
2026-07-14 19:22:18.420 DEBUG qt.scenegraph.time.renderloop: [window 0x7f380ef04e40][render thread 0x7f380ed86040] syncAndRender: start, elapsed since last call: 5 ms
2026-07-14 19:22:18.420 DEBUG qt.scenegraph.time.renderer: time in renderer: total=0ms, preprocess=0, updates=0, rendering=0
2026-07-14 19:22:18.421 DEBUG qt.scenegraph.time.renderloop: [window 0x7f380ef04e40][render thread 0x7f380ed86040] syncAndRender: frame rendered in 0ms, sync=0, render=0, swap=0
2026-07-14 19:22:18.422 DEBUG qt.scenegraph.time.renderloop: [window 0x7f380ef04e40][gui thread] Frame prepared, polish=2 ms, lock=0 ms, blockedForSync=0 ms, animations=2 ms
2026-07-14 19:22:18.424 DEBUG qt.scenegraph.time.renderloop: [window 0x7f380ef04e40][gui thread] polishAndSync: start, elapsed since last call: 6 ms
2026-07-14 19:22:18.426 DEBUG qt.scenegraph.time.renderloop: [window 0x7f380ef04e40][render thread 0x7f380ed86040] syncAndRender: start, elapsed since last call: 6 ms
2026-07-14 19:22:18.427 DEBUG qt.scenegraph.time.renderer: time in renderer: total=0ms, preprocess=0, updates=0, rendering=0
2026-07-14 19:22:18.427 DEBUG qt.scenegraph.time.renderloop: [window 0x7f380ef04e40][render thread 0x7f380ed86040] syncAndRender: frame rendered in 1ms, sync=0, render=0, swap=0
2026-07-14 19:22:18.430 DEBUG qt.scenegraph.time.renderloop: [window 0x7f380ef04e40][gui thread] Frame prepared, polish=2 ms, lock=0 ms, blockedForSync=0 ms, animations=2 ms
2026-07-14 19:22:18.430 DEBUG qt.scenegraph.time.renderloop: [window 0x7f380ef04e40][gui thread] polishAndSync: start, elapsed since last call: 5 ms
2026-07-14 19:22:18.432 DEBUG qt.scenegraph.time.renderloop: [window 0x7f380ef04e40][render thread 0x7f380ed86040] syncAndRender: start, elapsed since last call: 5 ms
2026-07-14 19:22:18.433 DEBUG qt.scenegraph.time.renderer: time in renderer: total=0ms, preprocess=0, updates=0, rendering=0
2026-07-14 19:22:18.433 DEBUG qt.scenegraph.time.renderer: time in renderer: total=0ms, preprocess=0, updates=0, rendering=0
2026-07-14 19:22:18.433 DEBUG qt.scenegraph.time.renderer: time in renderer: total=0ms, preprocess=0, updates=0, rendering=0
2026-07-14 19:22:18.434 DEBUG qt.scenegraph.time.renderloop: [window 0x7f380ef04e40][render thread 0x7f380ed86040] syncAndRender: frame rendered in 1ms, sync=0, render=0, swap=0
2026-07-14 19:22:18.441 DEBUG qt.scenegraph.time.renderloop: [window 0x7f380ef04e40][gui thread] Frame prepared, polish=2 ms, lock=0 ms, blockedForSync=0 ms, animations=8 ms
2026-07-14 19:22:18.441 DEBUG qt.scenegraph.time.renderloop: [window 0x7f380ef04e40][gui thread] polishAndSync: start, elapsed since last call: 11 ms
2026-07-14 19:22:18.444 DEBUG qt.scenegraph.time.renderloop: [window 0x7f380ef04e40][render thread 0x7f380ed86040] syncAndRender: start, elapsed since last call: 11 ms
2026-07-14 19:22:18.444 DEBUG qt.scenegraph.time.renderer: time in renderer: total=0ms, preprocess=0, updates=0, rendering=0
2026-07-14 19:22:18.445 DEBUG qt.scenegraph.time.renderloop: [window 0x7f380ef04e40][render thread 0x7f380ed86040] syncAndRender: frame rendered in 0ms, sync=0, render=0, swap=0
2026-07-14 19:22:18.453 DEBUG qt.scenegraph.time.renderloop: [window 0x7f380ef04e40][gui thread] Frame prepared, polish=3 ms, lock=0 ms, blockedForSync=0 ms, animations=8 ms
2026-07-14 19:22:18.453 DEBUG qt.scenegraph.time.renderloop: [window 0x7f380ef04e40][gui thread] polishAndSync: start, elapsed since last call: 12 ms
2026-07-14 19:22:18.459 DEBUG qt.scenegraph.time.renderloop: [window 0x7f380ef04e40][render thread 0x7f380ed86040] syncAndRender: start, elapsed since last call: 14 ms
2026-07-14 19:22:18.459 DEBUG qt.scenegraph.time.renderer: time in renderer: total=0ms, preprocess=0, updates=0, rendering=0
2026-07-14 19:22:18.460 DEBUG qt.scenegraph.time.renderloop: [window 0x7f380ef04e40][render thread 0x7f380ed86040] syncAndRender: frame rendered in 0ms, sync=0, render=0, swap=0
2026-07-14 19:22:18.468 DEBUG qt.scenegraph.time.renderloop: [window 0x7f380ef04e40][gui thread] Frame prepared, polish=5 ms, lock=0 ms, blockedForSync=0 ms, animations=9 ms
2026-07-14 19:22:18.469 DEBUG qt.scenegraph.time.renderloop: [window 0x7f380ef04e40][gui thread] polishAndSync: start, elapsed since last call: 15 ms
2026-07-14 19:22:18.472 DEBUG qt.scenegraph.time.renderloop: [window 0x7f380ef04e40][render thread 0x7f380ed86040] syncAndRender: start, elapsed since last call: 13 ms
2026-07-14 19:22:18.473 DEBUG qt.scenegraph.time.renderer: time in renderer: total=0ms, preprocess=0, updates=0, rendering=0
2026-07-14 19:22:18.473 DEBUG qt.scenegraph.time.renderloop: [window 0x7f380ef04e40][render thread 0x7f380ed86040] syncAndRender: frame rendered in 1ms, sync=0, render=0, swap=0
2026-07-14 19:22:18.481 DEBUG qt.scenegraph.time.renderloop: [window 0x7f380ef04e40][gui thread] Frame prepared, polish=3 ms, lock=0 ms, blockedForSync=0 ms, animations=9 ms
2026-07-14 19:22:18.483 DEBUG qt.scenegraph.time.renderloop: [window 0x7f380ef04e40][gui thread] polishAndSync: start, elapsed since last call: 14 ms
2026-07-14 19:22:18.486 DEBUG qt.scenegraph.time.renderloop: [window 0x7f380ef04e40][render thread 0x7f380ed86040] syncAndRender: start, elapsed since last call: 14 ms
2026-07-14 19:22:18.487 DEBUG qt.scenegraph.time.renderer: time in renderer: total=0ms, preprocess=0, updates=0, rendering=0
2026-07-14 19:22:18.487 DEBUG qt.scenegraph.time.renderloop: [window 0x7f380ef04e40][render thread 0x7f380ed86040] syncAndRender: frame rendered in 0ms, sync=0, render=0, swap=0
2026-07-14 19:22:18.495 DEBUG qt.scenegraph.time.renderloop: [window 0x7f380ef04e40][gui thread] Frame prepared, polish=2 ms, lock=0 ms, blockedForSync=0 ms, animations=8 ms
2026-07-14 19:22:18.495 DEBUG qt.scenegraph.time.renderloop: [window 0x7f380ef04e40][gui thread] polishAndSync: start, elapsed since last call: 11 ms
2026-07-14 19:22:18.498 DEBUG qt.scenegraph.time.renderloop: [window 0x7f380ef04e40][render thread 0x7f380ed86040] syncAndRender: start, elapsed since last call: 11 ms
2026-07-14 19:22:18.498 DEBUG qt.scenegraph.time.renderer: time in renderer: total=0ms, preprocess=0, updates=0, rendering=0
2026-07-14 19:22:18.499 DEBUG qt.scenegraph.time.renderloop: [window 0x7f380ef04e40][render thread 0x7f380ed86040] syncAndRender: frame rendered in 0ms, sync=0, render=0, swap=0
2026-07-14 19:22:18.507 DEBUG qt.scenegraph.time.renderloop: [window 0x7f380ef04e40][gui thread] Frame prepared, polish=2 ms, lock=0 ms, blockedForSync=0 ms, animations=8 ms
2026-07-14 19:22:18.507 DEBUG qt.scenegraph.time.renderloop: [window 0x7f380ef04e40][gui thread] polishAndSync: start, elapsed since last call: 12 ms
2026-07-14 19:22:18.511 DEBUG qt.scenegraph.time.renderloop: [window 0x7f380ef04e40][render thread 0x7f380ed86040] syncAndRender: start, elapsed since last call: 12 ms
2026-07-14 19:22:18.511 DEBUG qt.scenegraph.time.renderer: time in renderer: total=0ms, preprocess=0, updates=0, rendering=0
2026-07-14 19:22:18.511 DEBUG qt.scenegraph.time.renderloop: [window 0x7f380ef04e40][render thread 0x7f380ed86040] syncAndRender: frame rendered in 0ms, sync=0, render=0, swap=0
2026-07-14 19:22:18.519 DEBUG qt.scenegraph.time.renderloop: [window 0x7f380ef04e40][gui thread] Frame prepared, polish=3 ms, lock=0 ms, blockedForSync=0 ms, animations=7 ms
2026-07-14 19:22:18.519 DEBUG qt.scenegraph.time.renderloop: [window 0x7f380ef04e40][gui thread] polishAndSync: start, elapsed since last call: 11 ms
2026-07-14 19:22:18.522 DEBUG qt.scenegraph.time.renderloop: [window 0x7f380ef04e40][render thread 0x7f380ed86040] syncAndRender: start, elapsed since last call: 11 ms
2026-07-14 19:22:18.523 DEBUG qt.scenegraph.time.renderer: time in renderer: total=0ms, preprocess=0, updates=0, rendering=0
2026-07-14 19:22:18.523 DEBUG qt.scenegraph.time.renderloop: [window 0x7f380ef04e40][render thread 0x7f380ed86040] syncAndRender: frame rendered in 1ms, sync=0, render=0, swap=0
2026-07-14 19:22:18.531 DEBUG qt.scenegraph.time.renderloop: [window 0x7f380ef04e40][gui thread] Frame prepared, polish=2 ms, lock=0 ms, blockedForSync=0 ms, animations=8 ms
2026-07-14 19:22:18.532 DEBUG qt.scenegraph.time.renderloop: [window 0x7f380ef04e40][gui thread] polishAndSync: start, elapsed since last call: 12 ms
2026-07-14 19:22:18.535 DEBUG qt.scenegraph.time.renderloop: [window 0x7f380ef04e40][render thread 0x7f380ed86040] syncAndRender: start, elapsed since last call: 12 ms
2026-07-14 19:22:18.535 DEBUG qt.scenegraph.time.renderer: time in renderer: total=0ms, preprocess=0, updates=0, rendering=0
2026-07-14 19:22:18.536 DEBUG qt.scenegraph.time.renderloop: [window 0x7f380ef04e40][render thread 0x7f380ed86040] syncAndRender: frame rendered in 0ms, sync=0, render=0, swap=0
2026-07-14 19:22:18.546 DEBUG qt.scenegraph.time.renderloop: [window 0x7f380ef04e40][gui thread] Frame prepared, polish=2 ms, lock=0 ms, blockedForSync=0 ms, animations=10 ms
2026-07-14 19:22:18.546 DEBUG qt.scenegraph.time.renderloop: [window 0x7f380ef04e40][gui thread] polishAndSync: start, elapsed since last call: 14 ms
2026-07-14 19:22:18.549 DEBUG qt.scenegraph.time.renderloop: [window 0x7f380ef04e40][render thread 0x7f380ed86040] syncAndRender: start, elapsed since last call: 14 ms
2026-07-14 19:22:18.550 DEBUG qt.scenegraph.time.renderer: time in renderer: total=0ms, preprocess=0, updates=0, rendering=0
2026-07-14 19:22:18.550 DEBUG qt.scenegraph.time.renderloop: [window 0x7f380ef04e40][render thread 0x7f380ed86040] syncAndRender: frame rendered in 1ms, sync=0, render=0, swap=0
2026-07-14 19:22:18.558 DEBUG qt.scenegraph.time.renderloop: [window 0x7f380ef04e40][gui thread] Frame prepared, polish=3 ms, lock=0 ms, blockedForSync=0 ms, animations=8 ms
2026-07-14 19:22:18.558 DEBUG qt.scenegraph.time.renderloop: [window 0x7f380ef04e40][gui thread] polishAndSync: start, elapsed since last call: 11 ms
2026-07-14 19:22:18.561 DEBUG qt.scenegraph.time.renderloop: [window 0x7f380ef04e40][render thread 0x7f380ed86040] syncAndRender: start, elapsed since last call: 11 ms
2026-07-14 19:22:18.561 DEBUG qt.scenegraph.time.renderer: time in renderer: total=0ms, preprocess=0, updates=0, rendering=0
2026-07-14 19:22:18.562 DEBUG qt.scenegraph.time.renderloop: [window 0x7f380ef04e40][render thread 0x7f380ed86040] syncAndRender: frame rendered in 0ms, sync=0, render=0, swap=0
2026-07-14 19:22:18.569 DEBUG qt.scenegraph.time.renderloop: [window 0x7f380ef04e40][gui thread] Frame prepared, polish=3 ms, lock=0 ms, blockedForSync=0 ms, animations=8 ms
2026-07-14 19:22:18.571 DEBUG qt.scenegraph.time.renderloop: [window 0x7f380ef04e40][gui thread] polishAndSync: start, elapsed since last call: 13 ms
2026-07-14 19:22:18.576 DEBUG qt.scenegraph.time.renderloop: [window 0x7f380ef04e40][render thread 0x7f380ed86040] syncAndRender: start, elapsed since last call: 14 ms
2026-07-14 19:22:18.576 DEBUG qt.scenegraph.time.glyph: distancefield: 1 glyphs prepared in 0ms, rendering=0, upload=0
2026-07-14 19:22:18.577 DEBUG qt.scenegraph.time.renderer: time in renderer: total=0ms, preprocess=0, updates=0, rendering=0
2026-07-14 19:22:18.577 DEBUG qt.scenegraph.time.renderloop: [window 0x7f380ef04e40][render thread 0x7f380ed86040] syncAndRender: frame rendered in 1ms, sync=0, render=0, swap=0
2026-07-14 19:22:18.585 DEBUG qt.scenegraph.time.renderloop: [window 0x7f380ef04e40][gui thread] Frame prepared, polish=4 ms, lock=0 ms, blockedForSync=0 ms, animations=9 ms
2026-07-14 19:22:18.586 DEBUG qt.scenegraph.time.renderloop: [window 0x7f380ef04e40][gui thread] polishAndSync: start, elapsed since last call: 14 ms
2026-07-14 19:22:18.589 DEBUG qt.scenegraph.time.renderloop: [window 0x7f380ef04e40][render thread 0x7f380ed86040] syncAndRender: start, elapsed since last call: 13 ms
2026-07-14 19:22:18.589 DEBUG qt.scenegraph.time.renderer: time in renderer: total=0ms, preprocess=0, updates=0, rendering=0
2026-07-14 19:22:18.590 DEBUG qt.scenegraph.time.renderloop: [window 0x7f380ef04e40][render thread 0x7f380ed86040] syncAndRender: frame rendered in 0ms, sync=0, render=0, swap=0
2026-07-14 19:22:18.598 DEBUG qt.scenegraph.time.renderloop: [window 0x7f380ef04e40][gui thread] Frame prepared, polish=3 ms, lock=0 ms, blockedForSync=0 ms, animations=8 ms
2026-07-14 19:22:18.601 DEBUG qt.scenegraph.time.renderloop: [window 0x7f380ef04e40][gui thread] polishAndSync: start, elapsed since last call: 15 ms
2026-07-14 19:22:18.605 DEBUG qt.scenegraph.time.renderloop: [window 0x7f380ef04e40][render thread 0x7f380ed86040] syncAndRender: start, elapsed since last call: 15 ms
2026-07-14 19:22:18.605 DEBUG qt.scenegraph.time.renderer: time in renderer: total=0ms, preprocess=0, updates=0, rendering=0
2026-07-14 19:22:18.605 DEBUG qt.scenegraph.time.renderloop: [window 0x7f380ef04e40][render thread 0x7f380ed86040] syncAndRender: frame rendered in 0ms, sync=0, render=0, swap=0
2026-07-14 19:22:18.607 DEBUG qt.scenegraph.time.renderloop: [window 0x7f380ef04e40][gui thread] Frame prepared, polish=3 ms, lock=0 ms, blockedForSync=0 ms, animations=1 ms
2026-07-14 19:22:18.607 DEBUG qt.scenegraph.time.renderloop: [window 0x7f380ef04e40][gui thread] polishAndSync: start, elapsed since last call: 5 ms
2026-07-14 19:22:18.608 DEBUG qt.scenegraph.time.renderloop: [window 0x7f380ef04e40][render thread 0x7f380ed86040] syncAndRender: start, elapsed since last call: 3 ms
2026-07-14 19:22:18.609 DEBUG qt.scenegraph.time.renderer: time in renderer: total=0ms, preprocess=0, updates=0, rendering=0
2026-07-14 19:22:18.609 DEBUG qt.scenegraph.time.renderloop: [window 0x7f380ef04e40][render thread 0x7f380ed86040] syncAndRender: frame rendered in 0ms, sync=0, render=0, swap=0
2026-07-14 19:22:18.610 DEBUG qt.scenegraph.time.renderloop: [window 0x7f380ef04e40][gui thread] Frame prepared, polish=1 ms, lock=0 ms, blockedForSync=0 ms, animations=1 ms
2026-07-14 19:22:18.612 DEBUG qt.scenegraph.time.renderloop: [window 0x7f380ef04e40][gui thread] polishAndSync: start, elapsed since last call: 5 ms
2026-07-14 19:22:18.614 DEBUG qt.scenegraph.time.renderloop: [window 0x7f380ef04e40][render thread 0x7f380ed86040] syncAndRender: start, elapsed since last call: 5 ms
2026-07-14 19:22:18.615 DEBUG qt.scenegraph.time.renderer: time in renderer: total=0ms, preprocess=0, updates=0, rendering=0
2026-07-14 19:22:18.615 DEBUG qt.scenegraph.time.renderloop: [window 0x7f380ef04e40][render thread 0x7f380ed86040] syncAndRender: frame rendered in 0ms, sync=0, render=0, swap=0
2026-07-14 19:22:18.616 DEBUG qt.scenegraph.time.renderloop: [window 0x7f380ef04e40][gui thread] Frame prepared, polish=1 ms, lock=0 ms, blockedForSync=0 ms, animations=1 ms
2026-07-14 19:22:18.616 DEBUG qt.scenegraph.time.renderloop: [window 0x7f380ef04e40][gui thread] polishAndSync: start, elapsed since last call: 4 ms
2026-07-14 19:22:18.618 DEBUG qt.scenegraph.time.renderloop: [window 0x7f380ef04e40][render thread 0x7f380ed86040] syncAndRender: start, elapsed since last call: 3 ms
2026-07-14 19:22:18.619 DEBUG qt.scenegraph.time.renderer: time in renderer: total=0ms, preprocess=0, updates=0, rendering=0
2026-07-14 19:22:18.620 DEBUG qt.scenegraph.time.renderloop: [window 0x7f380ef04e40][gui thread] Frame prepared, polish=1 ms, lock=0 ms, blockedForSync=0 ms, animations=1 ms
2026-07-14 19:22:18.621 DEBUG qt.scenegraph.time.renderloop: [window 0x7f380ef04e40][gui thread] polishAndSync: start, elapsed since last call: 4 ms
2026-07-14 19:22:18.621 DEBUG qt.scenegraph.time.renderloop: [window 0x7f380ef04e40][render thread 0x7f380ed86040] syncAndRender: frame rendered in 3ms, sync=0, render=0, swap=2
2026-07-14 19:22:18.624 DEBUG qt.scenegraph.time.renderloop: [window 0x7f380ef04e40][render thread 0x7f380ed86040] syncAndRender: start, elapsed since last call: 5 ms
2026-07-14 19:22:18.625 DEBUG qt.scenegraph.time.renderer: time in renderer: total=0ms, preprocess=0, updates=0, rendering=0
2026-07-14 19:22:18.626 DEBUG qt.scenegraph.time.renderloop: [window 0x7f380ef04e40][gui thread] Frame prepared, polish=2 ms, lock=0 ms, blockedForSync=0 ms, animations=1 ms
2026-07-14 19:22:18.628 DEBUG qt.scenegraph.time.renderloop: [window 0x7f380ef04e40][gui thread] polishAndSync: start, elapsed since last call: 6 ms
2026-07-14 19:22:18.628 DEBUG qt.scenegraph.time.renderloop: [window 0x7f380ef04e40][render thread 0x7f380ed86040] syncAndRender: frame rendered in 4ms, sync=0, render=0, swap=3
2026-07-14 19:22:18.630 DEBUG qt.scenegraph.time.renderloop: [window 0x7f380ef04e40][render thread 0x7f380ed86040] syncAndRender: start, elapsed since last call: 6 ms
2026-07-14 19:22:18.631 DEBUG qt.scenegraph.time.renderer: time in renderer: total=0ms, preprocess=0, updates=0, rendering=0
2026-07-14 19:22:18.631 DEBUG qt.scenegraph.time.renderloop: [window 0x7f380ef04e40][gui thread] Frame prepared, polish=2 ms, lock=0 ms, blockedForSync=0 ms, animations=0 ms
2026-07-14 19:22:18.635 DEBUG qt.scenegraph.time.renderloop: [window 0x7f380ef04e40][gui thread] polishAndSync: start, elapsed since last call: 6 ms
2026-07-14 19:22:18.635 DEBUG qt.scenegraph.time.renderloop: [window 0x7f380ef04e40][render thread 0x7f380ed86040] syncAndRender: frame rendered in 4ms, sync=0, render=0, swap=4
2026-07-14 19:22:18.636 DEBUG qt.scenegraph.time.renderloop: [window 0x7f380ef04e40][render thread 0x7f380ed86040] syncAndRender: start, elapsed since last call: 6 ms
2026-07-14 19:22:18.637 DEBUG qt.scenegraph.time.renderer: time in renderer: total=0ms, preprocess=0, updates=0, rendering=0
2026-07-14 19:22:18.638 DEBUG qt.scenegraph.time.renderloop: [window 0x7f380ef04e40][gui thread] Frame prepared, polish=1 ms, lock=0 ms, blockedForSync=0 ms, animations=0 ms
2026-07-14 19:22:18.642 DEBUG qt.scenegraph.time.renderloop: [window 0x7f380ef04e40][gui thread] polishAndSync: start, elapsed since last call: 6 ms
2026-07-14 19:22:18.642 DEBUG qt.scenegraph.time.renderloop: [window 0x7f380ef04e40][render thread 0x7f380ed86040] syncAndRender: frame rendered in 5ms, sync=0, render=0, swap=4
2026-07-14 19:22:18.644 DEBUG qt.scenegraph.time.renderloop: [window 0x7f380ef04e40][render thread 0x7f380ed86040] syncAndRender: start, elapsed since last call: 7 ms
2026-07-14 19:22:18.644 DEBUG qt.scenegraph.time.renderer: time in renderer: total=0ms, preprocess=0, updates=0, rendering=0
2026-07-14 19:22:18.645 DEBUG qt.scenegraph.time.renderloop: [window 0x7f380ef04e40][gui thread] Frame prepared, polish=2 ms, lock=0 ms, blockedForSync=0 ms, animations=0 ms
2026-07-14 19:22:18.649 DEBUG qt.scenegraph.time.renderloop: [window 0x7f380ef04e40][gui thread] polishAndSync: start, elapsed since last call: 6 ms
2026-07-14 19:22:18.649 DEBUG qt.scenegraph.time.renderloop: [window 0x7f380ef04e40][render thread 0x7f380ed86040] syncAndRender: frame rendered in 4ms, sync=0, render=0, swap=4
2026-07-14 19:22:18.652 DEBUG qt.scenegraph.time.renderloop: [window 0x7f380ef04e40][render thread 0x7f380ed86040] syncAndRender: start, elapsed since last call: 7 ms
2026-07-14 19:22:18.652 DEBUG qt.scenegraph.time.renderer: time in renderer: total=0ms, preprocess=0, updates=0, rendering=0
2026-07-14 19:22:18.654 DEBUG qt.scenegraph.time.renderloop: [window 0x7f380ef04e40][gui thread] Frame prepared, polish=2 ms, lock=0 ms, blockedForSync=0 ms, animations=1 ms
2026-07-14 19:22:18.656 DEBUG qt.scenegraph.time.renderloop: [window 0x7f380ef04e40][gui thread] polishAndSync: start, elapsed since last call: 6 ms
2026-07-14 19:22:18.656 DEBUG qt.scenegraph.time.renderloop: [window 0x7f380ef04e40][render thread 0x7f380ed86040] syncAndRender: frame rendered in 4ms, sync=0, render=0, swap=3
2026-07-14 19:22:18.658 DEBUG qt.scenegraph.time.renderloop: [window 0x7f380ef04e40][render thread 0x7f380ed86040] syncAndRender: start, elapsed since last call: 6 ms
2026-07-14 19:22:18.658 DEBUG qt.scenegraph.time.renderer: time in renderer: total=0ms, preprocess=0, updates=0, rendering=0
2026-07-14 19:22:18.660 DEBUG qt.scenegraph.time.renderloop: [window 0x7f380ef04e40][gui thread] Frame prepared, polish=2 ms, lock=0 ms, blockedForSync=0 ms, animations=1 ms
2026-07-14 19:22:18.663 DEBUG qt.scenegraph.time.renderloop: [window 0x7f380ef04e40][gui thread] polishAndSync: start, elapsed since last call: 6 ms
2026-07-14 19:22:18.663 DEBUG qt.scenegraph.time.renderloop: [window 0x7f380ef04e40][render thread 0x7f380ed86040] syncAndRender: frame rendered in 4ms, sync=0, render=0, swap=4
2026-07-14 19:22:18.664 DEBUG qt.scenegraph.time.renderloop: [window 0x7f380ef04e40][render thread 0x7f380ed86040] syncAndRender: start, elapsed since last call: 5 ms
2026-07-14 19:22:18.664 DEBUG qt.scenegraph.time.renderer: time in renderer: total=0ms, preprocess=0, updates=0, rendering=0
2026-07-14 19:22:18.666 DEBUG qt.scenegraph.time.renderloop: [window 0x7f380ef04e40][gui thread] Frame prepared, polish=1 ms, lock=0 ms, blockedForSync=0 ms, animations=1 ms
2026-07-14 19:22:18.670 DEBUG qt.scenegraph.time.renderloop: [window 0x7f380ef04e40][gui thread] polishAndSync: start, elapsed since last call: 6 ms
2026-07-14 19:22:18.670 DEBUG qt.scenegraph.time.renderloop: [window 0x7f380ef04e40][render thread 0x7f380ed86040] syncAndRender: frame rendered in 5ms, sync=0, render=0, swap=5
2026-07-14 19:22:18.672 DEBUG qt.scenegraph.time.renderloop: [window 0x7f380ef04e40][render thread 0x7f380ed86040] syncAndRender: start, elapsed since last call: 8 ms
2026-07-14 19:22:18.672 DEBUG qt.scenegraph.general: animation driver switched to vsync mode
2026-07-14 19:22:18.672 DEBUG qt.scenegraph.time.renderer: time in renderer: total=0ms, preprocess=0, updates=0, rendering=0
2026-07-14 19:22:18.673 DEBUG qt.scenegraph.time.renderloop: [window 0x7f380ef04e40][gui thread] Frame prepared, polish=2 ms, lock=0 ms, blockedForSync=0 ms, animations=1 ms
2026-07-14 19:22:18.677 DEBUG qt.scenegraph.time.renderloop: [window 0x7f380ef04e40][gui thread] polishAndSync: start, elapsed since last call: 6 ms
2026-07-14 19:22:18.677 DEBUG qt.scenegraph.time.renderloop: [window 0x7f380ef04e40][render thread 0x7f380ed86040] syncAndRender: frame rendered in 4ms, sync=0, render=0, swap=4
2026-07-14 19:22:18.679 DEBUG qt.scenegraph.time.renderloop: [window 0x7f380ef04e40][render thread 0x7f380ed86040] syncAndRender: start, elapsed since last call: 6 ms
2026-07-14 19:22:18.679 DEBUG qt.scenegraph.time.renderer: time in renderer: total=0ms, preprocess=0, updates=0, rendering=0
2026-07-14 19:22:18.681 DEBUG qt.scenegraph.time.renderloop: [window 0x7f380ef04e40][gui thread] Frame prepared, polish=2 ms, lock=0 ms, blockedForSync=0 ms, animations=1 ms
2026-07-14 19:22:18.684 DEBUG qt.scenegraph.time.renderloop: [window 0x7f380ef04e40][gui thread] polishAndSync: start, elapsed since last call: 6 ms
2026-07-14 19:22:18.684 DEBUG qt.scenegraph.time.renderloop: [window 0x7f380ef04e40][render thread 0x7f380ed86040] syncAndRender: frame rendered in 4ms, sync=0, render=0, swap=4
2026-07-14 19:22:18.686 DEBUG qt.scenegraph.time.renderloop: [window 0x7f380ef04e40][render thread 0x7f380ed86040] syncAndRender: start, elapsed since last call: 7 ms
2026-07-14 19:22:18.687 DEBUG qt.scenegraph.time.renderer: time in renderer: total=0ms, preprocess=0, updates=0, rendering=0
2026-07-14 19:22:18.688 DEBUG qt.scenegraph.time.renderloop: [window 0x7f380ef04e40][gui thread] Frame prepared, polish=2 ms, lock=0 ms, blockedForSync=0 ms, animations=1 ms
2026-07-14 19:22:18.690 DEBUG qt.scenegraph.time.renderloop: [window 0x7f380ef04e40][gui thread] polishAndSync: start, elapsed since last call: 6 ms
2026-07-14 19:22:18.691 DEBUG qt.scenegraph.time.renderloop: [window 0x7f380ef04e40][render thread 0x7f380ed86040] syncAndRender: frame rendered in 4ms, sync=0, render=0, swap=3
2026-07-14 19:22:18.693 DEBUG qt.scenegraph.time.renderloop: [window 0x7f380ef04e40][render thread 0x7f380ed86040] syncAndRender: start, elapsed since last call: 6 ms
2026-07-14 19:22:18.693 DEBUG qt.scenegraph.time.renderer: time in renderer: total=0ms, preprocess=0, updates=0, rendering=0
2026-07-14 19:22:18.695 DEBUG qt.scenegraph.time.renderloop: [window 0x7f380ef04e40][gui thread] Frame prepared, polish=2 ms, lock=0 ms, blockedForSync=0 ms, animations=2 ms
2026-07-14 19:22:18.697 DEBUG qt.scenegraph.time.renderloop: [window 0x7f380ef04e40][gui thread] polishAndSync: start, elapsed since last call: 6 ms
2026-07-14 19:22:18.697 DEBUG qt.scenegraph.time.renderloop: [window 0x7f380ef04e40][render thread 0x7f380ed86040] syncAndRender: frame rendered in 4ms, sync=0, render=0, swap=3
2026-07-14 19:22:18.700 DEBUG qt.scenegraph.time.renderloop: [window 0x7f380ef04e40][render thread 0x7f380ed86040] syncAndRender: start, elapsed since last call: 6 ms
2026-07-14 19:22:18.700 DEBUG qt.scenegraph.time.renderer: time in renderer: total=0ms, preprocess=0, updates=0, rendering=0
2026-07-14 19:22:18.702 DEBUG qt.scenegraph.time.renderloop: [window 0x7f380ef04e40][gui thread] Frame prepared, polish=2 ms, lock=0 ms, blockedForSync=0 ms, animations=1 ms
2026-07-14 19:22:18.704 DEBUG qt.scenegraph.time.renderloop: [window 0x7f380ef04e40][gui thread] polishAndSync: start, elapsed since last call: 6 ms
2026-07-14 19:22:18.704 DEBUG qt.scenegraph.time.renderloop: [window 0x7f380ef04e40][render thread 0x7f380ed86040] syncAndRender: frame rendered in 4ms, sync=0, render=0, swap=4
2026-07-14 19:22:18.709 DEBUG qt.scenegraph.time.renderloop: [window 0x7f380ef04e40][render thread 0x7f380ed86040] syncAndRender: start, elapsed since last call: 9 ms
2026-07-14 19:22:18.710 DEBUG qt.scenegraph.time.renderer: time in renderer: total=0ms, preprocess=0, updates=0, rendering=0
2026-07-14 19:22:18.711 DEBUG qt.scenegraph.time.renderloop: [window 0x7f380ef04e40][gui thread] Frame prepared, polish=4 ms, lock=0 ms, blockedForSync=0 ms, animations=1 ms
2026-07-14 19:22:18.712 DEBUG qt.scenegraph.time.renderloop: [window 0x7f380ef04e40][render thread 0x7f380ed86040] syncAndRender: frame rendered in 2ms, sync=0, render=0, swap=1
2026-07-14 19:22:18.713 DEBUG qt.scenegraph.time.renderloop: [window 0x7f380ef04e40][gui thread] polishAndSync: start, elapsed since last call: 8 ms
2026-07-14 19:22:18.716 DEBUG qt.scenegraph.time.renderloop: [window 0x7f380ef04e40][render thread 0x7f380ed86040] syncAndRender: start, elapsed since last call: 6 ms
2026-07-14 19:22:18.716 DEBUG qt.scenegraph.time.renderer: time in renderer: total=0ms, preprocess=0, updates=0, rendering=0
2026-07-14 19:22:18.718 DEBUG qt.scenegraph.time.renderloop: [window 0x7f380ef04e40][gui thread] Frame prepared, polish=2 ms, lock=0 ms, blockedForSync=0 ms, animations=1 ms
2026-07-14 19:22:18.718 DEBUG qt.scenegraph.time.renderloop: [window 0x7f380ef04e40][gui thread] polishAndSync: start, elapsed since last call: 5 ms
2026-07-14 19:22:18.718 DEBUG qt.scenegraph.time.renderloop: [window 0x7f380ef04e40][render thread 0x7f380ed86040] syncAndRender: frame rendered in 2ms, sync=0, render=0, swap=2
2026-07-14 19:22:18.721 DEBUG qt.scenegraph.time.renderloop: [window 0x7f380ef04e40][render thread 0x7f380ed86040] syncAndRender: start, elapsed since last call: 5 ms
2026-07-14 19:22:18.721 DEBUG qt.scenegraph.time.renderer: time in renderer: total=0ms, preprocess=0, updates=0, rendering=0
2026-07-14 19:22:18.723 DEBUG qt.scenegraph.time.renderloop: [window 0x7f380ef04e40][gui thread] Frame prepared, polish=2 ms, lock=0 ms, blockedForSync=0 ms, animations=1 ms
2026-07-14 19:22:18.725 DEBUG qt.scenegraph.time.renderloop: [window 0x7f380ef04e40][gui thread] polishAndSync: start, elapsed since last call: 6 ms
2026-07-14 19:22:18.725 DEBUG qt.scenegraph.time.renderloop: [window 0x7f380ef04e40][render thread 0x7f380ed86040] syncAndRender: frame rendered in 4ms, sync=0, render=0, swap=4
2026-07-14 19:22:18.728 DEBUG qt.scenegraph.time.renderloop: [window 0x7f380ef04e40][render thread 0x7f380ed86040] syncAndRender: start, elapsed since last call: 6 ms
2026-07-14 19:22:18.728 DEBUG qt.scenegraph.time.renderer: time in renderer: total=0ms, preprocess=0, updates=0, rendering=0
2026-07-14 19:22:18.730 DEBUG qt.scenegraph.time.renderloop: [window 0x7f380ef04e40][gui thread] Frame prepared, polish=2 ms, lock=0 ms, blockedForSync=0 ms, animations=1 ms
2026-07-14 19:22:18.732 DEBUG qt.scenegraph.time.renderloop: [window 0x7f380ef04e40][render thread 0x7f380ed86040] syncAndRender: frame rendered in 4ms, sync=0, render=0, swap=4
2026-07-14 19:22:18.732 DEBUG qt.scenegraph.time.renderloop: [window 0x7f380ef04e40][gui thread] polishAndSync: start, elapsed since last call: 6 ms
2026-07-14 19:22:18.735 DEBUG qt.scenegraph.time.renderloop: [window 0x7f380ef04e40][render thread 0x7f380ed86040] syncAndRender: start, elapsed since last call: 6 ms
2026-07-14 19:22:18.735 DEBUG qt.scenegraph.time.renderer: time in renderer: total=0ms, preprocess=0, updates=0, rendering=0
2026-07-14 19:22:18.737 DEBUG qt.scenegraph.time.renderloop: [window 0x7f380ef04e40][gui thread] Frame prepared, polish=2 ms, lock=0 ms, blockedForSync=0 ms, animations=1 ms
2026-07-14 19:22:18.739 DEBUG qt.scenegraph.time.renderloop: [window 0x7f380ef04e40][gui thread] polishAndSync: start, elapsed since last call: 6 ms
2026-07-14 19:22:18.739 DEBUG qt.scenegraph.time.renderloop: [window 0x7f380ef04e40][render thread 0x7f380ed86040] syncAndRender: frame rendered in 4ms, sync=0, render=0, swap=4
2026-07-14 19:22:18.742 DEBUG qt.scenegraph.time.renderloop: [window 0x7f380ef04e40][render thread 0x7f380ed86040] syncAndRender: start, elapsed since last call: 7 ms
2026-07-14 19:22:18.742 DEBUG qt.scenegraph.time.renderer: time in renderer: total=0ms, preprocess=0, updates=0, rendering=0
2026-07-14 19:22:18.744 DEBUG qt.scenegraph.time.renderloop: [window 0x7f380ef04e40][gui thread] Frame prepared, polish=2 ms, lock=0 ms, blockedForSync=0 ms, animations=1 ms
2026-07-14 19:22:18.746 DEBUG qt.scenegraph.time.renderloop: [window 0x7f380ef04e40][gui thread] polishAndSync: start, elapsed since last call: 6 ms
2026-07-14 19:22:18.746 DEBUG qt.scenegraph.time.renderloop: [window 0x7f380ef04e40][render thread 0x7f380ed86040] syncAndRender: frame rendered in 4ms, sync=0, render=0, swap=4
2026-07-14 19:22:18.748 DEBUG qt.scenegraph.time.renderloop: [window 0x7f380ef04e40][render thread 0x7f380ed86040] syncAndRender: start, elapsed since last call: 6 ms
2026-07-14 19:22:18.749 DEBUG qt.scenegraph.time.renderer: time in renderer: total=0ms, preprocess=0, updates=0, rendering=0
2026-07-14 19:22:18.750 DEBUG qt.scenegraph.time.renderloop: [window 0x7f380ef04e40][gui thread] Frame prepared, polish=2 ms, lock=0 ms, blockedForSync=0 ms, animations=1 ms
2026-07-14 19:22:18.753 DEBUG qt.scenegraph.time.renderloop: [window 0x7f380ef04e40][render thread 0x7f380ed86040] syncAndRender: frame rendered in 4ms, sync=0, render=0, swap=4
2026-07-14 19:22:18.753 DEBUG qt.scenegraph.time.renderloop: [window 0x7f380ef04e40][gui thread] polishAndSync: start, elapsed since last call: 7 ms
2026-07-14 19:22:18.757 DEBUG qt.scenegraph.time.renderloop: [window 0x7f380ef04e40][render thread 0x7f380ed86040] syncAndRender: start, elapsed since last call: 8 ms
2026-07-14 19:22:18.757 DEBUG qt.scenegraph.time.renderer: time in renderer: total=0ms, preprocess=0, updates=0, rendering=0
2026-07-14 19:22:18.758 DEBUG qt.scenegraph.time.renderloop: [window 0x7f380ef04e40][gui thread] Frame prepared, polish=3 ms, lock=0 ms, blockedForSync=0 ms, animations=1 ms
2026-07-14 19:22:18.760 DEBUG qt.scenegraph.time.renderloop: [window 0x7f380ef04e40][gui thread] polishAndSync: start, elapsed since last call: 6 ms
2026-07-14 19:22:18.760 DEBUG qt.scenegraph.time.renderloop: [window 0x7f380ef04e40][render thread 0x7f380ed86040] syncAndRender: frame rendered in 3ms, sync=0, render=0, swap=3
2026-07-14 19:22:18.763 DEBUG qt.scenegraph.time.renderloop: [window 0x7f380ef04e40][render thread 0x7f380ed86040] syncAndRender: start, elapsed since last call: 5 ms
2026-07-14 19:22:18.763 DEBUG qt.scenegraph.time.renderer: time in renderer: total=0ms, preprocess=0, updates=0, rendering=0
2026-07-14 19:22:18.765 DEBUG qt.scenegraph.time.renderloop: [window 0x7f380ef04e40][gui thread] Frame prepared, polish=2 ms, lock=0 ms, blockedForSync=0 ms, animations=2 ms
2026-07-14 19:22:18.767 DEBUG qt.scenegraph.time.renderloop: [window 0x7f380ef04e40][gui thread] polishAndSync: start, elapsed since last call: 6 ms
2026-07-14 19:22:18.767 DEBUG qt.scenegraph.time.renderloop: [window 0x7f380ef04e40][render thread 0x7f380ed86040] syncAndRender: frame rendered in 4ms, sync=0, render=0, swap=4
2026-07-14 19:22:18.769 DEBUG qt.scenegraph.time.renderloop: [window 0x7f380ef04e40][render thread 0x7f380ed86040] syncAndRender: start, elapsed since last call: 6 ms
2026-07-14 19:22:18.770 DEBUG qt.scenegraph.time.renderer: time in renderer: total=0ms, preprocess=0, updates=0, rendering=0
2026-07-14 19:22:18.771 DEBUG qt.scenegraph.time.renderloop: [window 0x7f380ef04e40][gui thread] Frame prepared, polish=2 ms, lock=0 ms, blockedForSync=0 ms, animations=1 ms
2026-07-14 19:22:18.774 DEBUG qt.scenegraph.time.renderloop: [window 0x7f380ef04e40][gui thread] polishAndSync: start, elapsed since last call: 6 ms
2026-07-14 19:22:18.774 DEBUG qt.scenegraph.time.renderloop: [window 0x7f380ef04e40][render thread 0x7f380ed86040] syncAndRender: frame rendered in 4ms, sync=0, render=0, swap=4
2026-07-14 19:22:18.777 DEBUG qt.scenegraph.time.renderloop: [window 0x7f380ef04e40][render thread 0x7f380ed86040] syncAndRender: start, elapsed since last call: 7 ms
2026-07-14 19:22:18.777 DEBUG qt.scenegraph.time.renderer: time in renderer: total=0ms, preprocess=0, updates=0, rendering=0
2026-07-14 19:22:18.778 DEBUG qt.scenegraph.time.renderloop: [window 0x7f380ef04e40][gui thread] Frame prepared, polish=2 ms, lock=0 ms, blockedForSync=0 ms, animations=1 ms
2026-07-14 19:22:18.781 DEBUG qt.scenegraph.time.renderloop: [window 0x7f380ef04e40][gui thread] polishAndSync: start, elapsed since last call: 6 ms
2026-07-14 19:22:18.781 DEBUG qt.scenegraph.time.renderloop: [window 0x7f380ef04e40][render thread 0x7f380ed86040] syncAndRender: frame rendered in 4ms, sync=0, render=0, swap=3
2026-07-14 19:22:18.782 DEBUG qt.scenegraph.time.renderloop: [window 0x7f380ef04e40][render thread 0x7f380ed86040] syncAndRender: start, elapsed since last call: 5 ms
2026-07-14 19:22:18.783 DEBUG qt.scenegraph.time.renderer: time in renderer: total=0ms, preprocess=0, updates=0, rendering=0
2026-07-14 19:22:18.783 DEBUG qt.scenegraph.time.renderloop: [window 0x7f380ef04e40][gui thread] Frame prepared, polish=1 ms, lock=0 ms, blockedForSync=0 ms, animations=1 ms
2026-07-14 19:22:18.788 DEBUG qt.scenegraph.time.renderloop: [window 0x7f380ef04e40][gui thread] polishAndSync: start, elapsed since last call: 6 ms
2026-07-14 19:22:18.788 DEBUG qt.scenegraph.time.renderloop: [window 0x7f380ef04e40][render thread 0x7f380ed86040] syncAndRender: frame rendered in 5ms, sync=0, render=0, swap=5
2026-07-14 19:22:18.789 DEBUG qt.scenegraph.time.renderloop: [window 0x7f380ef04e40][render thread 0x7f380ed86040] syncAndRender: start, elapsed since last call: 6 ms
2026-07-14 19:22:18.789 DEBUG qt.scenegraph.time.renderer: time in renderer: total=0ms, preprocess=0, updates=0, rendering=0
2026-07-14 19:22:18.790 DEBUG qt.scenegraph.time.renderloop: [window 0x7f380ef04e40][gui thread] Frame prepared, polish=0 ms, lock=0 ms, blockedForSync=0 ms, animations=0 ms
2026-07-14 19:22:18.795 DEBUG qt.scenegraph.time.renderloop: [window 0x7f380ef04e40][gui thread] polishAndSync: start, elapsed since last call: 6 ms
2026-07-14 19:22:18.795 DEBUG qt.scenegraph.time.renderloop: [window 0x7f380ef04e40][render thread 0x7f380ed86040] syncAndRender: frame rendered in 6ms, sync=0, render=0, swap=5
2026-07-14 19:22:18.796 DEBUG qt.scenegraph.time.renderloop: [window 0x7f380ef04e40][render thread 0x7f380ed86040] syncAndRender: start, elapsed since last call: 7 ms
2026-07-14 19:22:18.796 DEBUG qt.scenegraph.time.renderer: time in renderer: total=0ms, preprocess=0, updates=0, rendering=0
2026-07-14 19:22:18.797 DEBUG qt.scenegraph.time.renderloop: [window 0x7f380ef04e40][gui thread] Frame prepared, polish=0 ms, lock=0 ms, blockedForSync=0 ms, animations=1 ms
2026-07-14 19:22:18.802 DEBUG qt.scenegraph.time.renderloop: [window 0x7f380ef04e40][gui thread] polishAndSync: start, elapsed since last call: 6 ms
2026-07-14 19:22:18.802 DEBUG qt.scenegraph.time.renderloop: [window 0x7f380ef04e40][render thread 0x7f380ed86040] syncAndRender: frame rendered in 5ms, sync=0, render=0, swap=5
2026-07-14 19:22:18.803 DEBUG qt.scenegraph.time.renderloop: [window 0x7f380ef04e40][render thread 0x7f380ed86040] syncAndRender: start, elapsed since last call: 6 ms
2026-07-14 19:22:18.803 DEBUG qt.scenegraph.time.renderer: time in renderer: total=0ms, preprocess=0, updates=0, rendering=0
2026-07-14 19:22:18.804 DEBUG qt.scenegraph.time.renderloop: [window 0x7f380ef04e40][gui thread] Frame prepared, polish=0 ms, lock=0 ms, blockedForSync=0 ms, animations=1 ms
2026-07-14 19:22:18.809 DEBUG qt.scenegraph.time.renderloop: [window 0x7f380ef04e40][gui thread] polishAndSync: start, elapsed since last call: 6 ms
2026-07-14 19:22:18.809 DEBUG qt.scenegraph.time.renderloop: [window 0x7f380ef04e40][render thread 0x7f380ed86040] syncAndRender: frame rendered in 6ms, sync=0, render=0, swap=5
2026-07-14 19:22:18.810 DEBUG qt.scenegraph.time.renderloop: [window 0x7f380ef04e40][render thread 0x7f380ed86040] syncAndRender: start, elapsed since last call: 7 ms
2026-07-14 19:22:18.810 DEBUG qt.scenegraph.time.renderer: time in renderer: total=0ms, preprocess=0, updates=0, rendering=0
2026-07-14 19:22:18.811 DEBUG qt.scenegraph.time.renderloop: [window 0x7f380ef04e40][gui thread] Frame prepared, polish=1 ms, lock=0 ms, blockedForSync=0 ms, animations=1 ms
2026-07-14 19:22:18.816 DEBUG qt.scenegraph.time.renderloop: [window 0x7f380ef04e40][gui thread] polishAndSync: start, elapsed since last call: 6 ms
2026-07-14 19:22:18.816 DEBUG qt.scenegraph.time.renderloop: [window 0x7f380ef04e40][render thread 0x7f380ed86040] syncAndRender: frame rendered in 5ms, sync=0, render=0, swap=5
2026-07-14 19:22:18.817 DEBUG qt.scenegraph.time.renderloop: [window 0x7f380ef04e40][render thread 0x7f380ed86040] syncAndRender: start, elapsed since last call: 7 ms
2026-07-14 19:22:18.817 DEBUG qt.scenegraph.time.renderer: time in renderer: total=0ms, preprocess=0, updates=0, rendering=0
2026-07-14 19:22:18.818 DEBUG qt.scenegraph.time.renderloop: [window 0x7f380ef04e40][gui thread] Frame prepared, polish=1 ms, lock=0 ms, blockedForSync=0 ms, animations=1 ms
2026-07-14 19:22:18.823 DEBUG qt.scenegraph.time.renderloop: [window 0x7f380ef04e40][gui thread] polishAndSync: start, elapsed since last call: 6 ms
2026-07-14 19:22:18.823 DEBUG qt.scenegraph.time.renderloop: [window 0x7f380ef04e40][render thread 0x7f380ed86040] syncAndRender: frame rendered in 5ms, sync=0, render=0, swap=5
2026-07-14 19:22:18.824 DEBUG qt.scenegraph.time.renderloop: [window 0x7f380ef04e40][render thread 0x7f380ed86040] syncAndRender: start, elapsed since last call: 6 ms
2026-07-14 19:22:18.824 DEBUG qt.scenegraph.time.renderer: time in renderer: total=0ms, preprocess=0, updates=0, rendering=0
2026-07-14 19:22:18.825 DEBUG qt.scenegraph.time.renderloop: [window 0x7f380ef04e40][gui thread] Frame prepared, polish=1 ms, lock=0 ms, blockedForSync=0 ms, animations=1 ms
2026-07-14 19:22:18.830 DEBUG qt.scenegraph.time.renderloop: [window 0x7f380ef04e40][gui thread] polishAndSync: start, elapsed since last call: 6 ms
2026-07-14 19:22:18.830 DEBUG qt.scenegraph.time.renderloop: [window 0x7f380ef04e40][render thread 0x7f380ed86040] syncAndRender: frame rendered in 5ms, sync=0, render=0, swap=5
2026-07-14 19:22:18.831 DEBUG qt.scenegraph.time.renderloop: [window 0x7f380ef04e40][render thread 0x7f380ed86040] syncAndRender: start, elapsed since last call: 6 ms
2026-07-14 19:22:18.831 DEBUG qt.scenegraph.time.renderer: time in renderer: total=0ms, preprocess=0, updates=0, rendering=0
2026-07-14 19:22:18.832 DEBUG qt.scenegraph.time.renderloop: [window 0x7f380ef04e40][gui thread] Frame prepared, polish=1 ms, lock=0 ms, blockedForSync=0 ms, animations=1 ms
2026-07-14 19:22:18.836 DEBUG qt.scenegraph.time.renderloop: [window 0x7f380ef04e40][gui thread] polishAndSync: start, elapsed since last call: 6 ms
2026-07-14 19:22:18.836 DEBUG qt.scenegraph.time.renderloop: [window 0x7f380ef04e40][render thread 0x7f380ed86040] syncAndRender: frame rendered in 5ms, sync=0, render=0, swap=5
2026-07-14 19:22:18.837 DEBUG qt.scenegraph.time.renderloop: [window 0x7f380ef04e40][render thread 0x7f380ed86040] syncAndRender: start, elapsed since last call: 6 ms
2026-07-14 19:22:18.838 DEBUG qt.scenegraph.time.renderer: time in renderer: total=0ms, preprocess=0, updates=0, rendering=0
2026-07-14 19:22:18.838 DEBUG qt.scenegraph.time.renderloop: [window 0x7f380ef04e40][gui thread] Frame prepared, polish=0 ms, lock=0 ms, blockedForSync=0 ms, animations=1 ms
2026-07-14 19:22:18.843 DEBUG qt.scenegraph.time.renderloop: [window 0x7f380ef04e40][gui thread] polishAndSync: start, elapsed since last call: 6 ms
2026-07-14 19:22:18.843 DEBUG qt.scenegraph.time.renderloop: [window 0x7f380ef04e40][render thread 0x7f380ed86040] syncAndRender: frame rendered in 6ms, sync=0, render=0, swap=5
2026-07-14 19:22:18.844 DEBUG qt.scenegraph.time.renderloop: [window 0x7f380ef04e40][render thread 0x7f380ed86040] syncAndRender: start, elapsed since last call: 6 ms
2026-07-14 19:22:18.844 DEBUG qt.scenegraph.time.renderer: time in renderer: total=0ms, preprocess=0, updates=0, rendering=0
2026-07-14 19:22:18.845 DEBUG qt.scenegraph.time.renderloop: [window 0x7f380ef04e40][gui thread] Frame prepared, polish=0 ms, lock=0 ms, blockedForSync=0 ms, animations=1 ms
2026-07-14 19:22:18.850 DEBUG qt.scenegraph.time.renderloop: [window 0x7f380ef04e40][render thread 0x7f380ed86040] syncAndRender: frame rendered in 6ms, sync=0, render=0, swap=5
2026-07-14 19:22:18.850 DEBUG qt.scenegraph.time.renderloop: [window 0x7f380ef04e40][gui thread] polishAndSync: start, elapsed since last call: 6 ms
2026-07-14 19:22:18.852 DEBUG qt.scenegraph.time.renderloop: [window 0x7f380ef04e40][render thread 0x7f380ed86040] syncAndRender: start, elapsed since last call: 7 ms
2026-07-14 19:22:18.852 DEBUG qt.scenegraph.time.renderer: time in renderer: total=0ms, preprocess=0, updates=0, rendering=0
2026-07-14 19:22:18.853 DEBUG qt.scenegraph.time.renderloop: [window 0x7f380ef04e40][gui thread] Frame prepared, polish=1 ms, lock=0 ms, blockedForSync=0 ms, animations=1 ms
2026-07-14 19:22:18.857 DEBUG qt.scenegraph.time.renderloop: [window 0x7f380ef04e40][gui thread] polishAndSync: start, elapsed since last call: 7 ms
2026-07-14 19:22:18.857 DEBUG qt.scenegraph.time.renderloop: [window 0x7f380ef04e40][render thread 0x7f380ed86040] syncAndRender: frame rendered in 5ms, sync=0, render=0, swap=5
2026-07-14 19:22:18.858 DEBUG qt.scenegraph.time.renderloop: [window 0x7f380ef04e40][render thread 0x7f380ed86040] syncAndRender: start, elapsed since last call: 6 ms
2026-07-14 19:22:18.859 DEBUG qt.scenegraph.time.renderer: time in renderer: total=0ms, preprocess=0, updates=0, rendering=0
2026-07-14 19:22:18.860 DEBUG qt.scenegraph.time.renderloop: [window 0x7f380ef04e40][gui thread] Frame prepared, polish=1 ms, lock=0 ms, blockedForSync=0 ms, animations=1 ms
2026-07-14 19:22:18.864 DEBUG qt.scenegraph.time.renderloop: [window 0x7f380ef04e40][render thread 0x7f380ed86040] syncAndRender: frame rendered in 5ms, sync=0, render=0, swap=5
2026-07-14 19:22:18.864 DEBUG qt.scenegraph.time.renderloop: [window 0x7f380ef04e40][gui thread] polishAndSync: start, elapsed since last call: 6 ms
2026-07-14 19:22:18.866 DEBUG qt.scenegraph.time.renderloop: [window 0x7f380ef04e40][render thread 0x7f380ed86040] syncAndRender: start, elapsed since last call: 7 ms
2026-07-14 19:22:18.866 DEBUG qt.scenegraph.time.renderer: time in renderer: total=0ms, preprocess=0, updates=0, rendering=0
2026-07-14 19:22:18.867 DEBUG qt.scenegraph.time.renderloop: [window 0x7f380ef04e40][gui thread] Frame prepared, polish=1 ms, lock=0 ms, blockedForSync=0 ms, animations=1 ms
2026-07-14 19:22:18.871 DEBUG qt.scenegraph.time.renderloop: [window 0x7f380ef04e40][gui thread] polishAndSync: start, elapsed since last call: 7 ms
2026-07-14 19:22:18.871 DEBUG qt.scenegraph.time.renderloop: [window 0x7f380ef04e40][render thread 0x7f380ed86040] syncAndRender: frame rendered in 5ms, sync=0, render=0, swap=5
2026-07-14 19:22:18.872 DEBUG qt.scenegraph.time.renderloop: [window 0x7f380ef04e40][render thread 0x7f380ed86040] syncAndRender: start, elapsed since last call: 5 ms
2026-07-14 19:22:18.872 DEBUG qt.scenegraph.time.renderer: time in renderer: total=0ms, preprocess=0, updates=0, rendering=0
2026-07-14 19:22:18.873 DEBUG qt.scenegraph.time.renderloop: [window 0x7f380ef04e40][gui thread] Frame prepared, polish=0 ms, lock=0 ms, blockedForSync=0 ms, animations=1 ms
2026-07-14 19:22:18.878 DEBUG qt.scenegraph.time.renderloop: [window 0x7f380ef04e40][gui thread] polishAndSync: start, elapsed since last call: 6 ms
2026-07-14 19:22:18.878 DEBUG qt.scenegraph.time.renderloop: [window 0x7f380ef04e40][render thread 0x7f380ed86040] syncAndRender: frame rendered in 6ms, sync=0, render=0, swap=6
2026-07-14 19:22:18.879 DEBUG qt.scenegraph.time.renderloop: [window 0x7f380ef04e40][render thread 0x7f380ed86040] syncAndRender: start, elapsed since last call: 7 ms
2026-07-14 19:22:18.879 DEBUG qt.scenegraph.time.renderer: time in renderer: total=0ms, preprocess=0, updates=0, rendering=0
2026-07-14 19:22:18.880 DEBUG qt.scenegraph.time.renderloop: [window 0x7f380ef04e40][gui thread] Frame prepared, polish=0 ms, lock=0 ms, blockedForSync=0 ms, animations=1 ms
2026-07-14 19:22:18.885 DEBUG qt.scenegraph.time.renderloop: [window 0x7f380ef04e40][gui thread] polishAndSync: start, elapsed since last call: 6 ms
2026-07-14 19:22:18.885 DEBUG qt.scenegraph.time.renderloop: [window 0x7f380ef04e40][render thread 0x7f380ed86040] syncAndRender: frame rendered in 6ms, sync=0, render=0, swap=6
2026-07-14 19:22:18.886 DEBUG qt.scenegraph.time.renderloop: [window 0x7f380ef04e40][render thread 0x7f380ed86040] syncAndRender: start, elapsed since last call: 7 ms
2026-07-14 19:22:18.886 DEBUG qt.scenegraph.time.renderloop: [window 0x7f380ef04e40][gui thread] Frame prepared, polish=0 ms, lock=0 ms, blockedForSync=0 ms, animations=0 ms
2026-07-14 19:22:18.886 DEBUG qt.scenegraph.time.renderer: time in renderer: total=0ms, preprocess=0, updates=0, rendering=0
2026-07-14 19:22:18.892 DEBUG qt.scenegraph.time.renderloop: [window 0x7f380ef04e40][gui thread] polishAndSync: start, elapsed since last call: 6 ms
2026-07-14 19:22:18.892 DEBUG qt.scenegraph.time.renderloop: [window 0x7f380ef04e40][render thread 0x7f380ed86040] syncAndRender: frame rendered in 6ms, sync=0, render=0, swap=6
2026-07-14 19:22:18.892 DEBUG qt.scenegraph.time.renderloop: [window 0x7f380ef04e40][render thread 0x7f380ed86040] syncAndRender: start, elapsed since last call: 6 ms
2026-07-14 19:22:18.892 DEBUG qt.scenegraph.time.renderloop: [window 0x7f380ef04e40][gui thread] Frame prepared, polish=0 ms, lock=0 ms, blockedForSync=0 ms, animations=0 ms
2026-07-14 19:22:18.892 DEBUG qt.scenegraph.time.renderer: time in renderer: total=0ms, preprocess=0, updates=0, rendering=0
2026-07-14 19:22:18.899 DEBUG qt.scenegraph.time.renderloop: [window 0x7f380ef04e40][render thread 0x7f380ed86040] syncAndRender: frame rendered in 6ms, sync=0, render=0, swap=6
2026-07-14 19:22:18.907 DEBUG qt.scenegraph.time.renderloop: [window 0x7f380ef04e40][gui thread] polishAndSync: start, elapsed since last call: 14 ms
2026-07-14 19:22:18.907 DEBUG qt.scenegraph.time.renderloop: [window 0x7f380ef04e40][render thread 0x7f380ed86040] syncAndRender: start, elapsed since last call: 15 ms
2026-07-14 19:22:18.907 DEBUG qt.scenegraph.time.renderloop: [window 0x7f380ef04e40][gui thread] Frame prepared, polish=0 ms, lock=0 ms, blockedForSync=0 ms, animations=0 ms
2026-07-14 19:22:18.907 DEBUG qt.scenegraph.time.renderer: time in renderer: total=0ms, preprocess=0, updates=0, rendering=0
2026-07-14 19:22:18.908 DEBUG qt.scenegraph.time.renderloop: [window 0x7f380ef04e40][render thread 0x7f380ed86040] syncAndRender: frame rendered in 0ms, sync=0, render=0, swap=0
2026-07-14 19:22:18.913 DEBUG qt.scenegraph.time.renderloop: [window 0x7f380ef04e40][gui thread] polishAndSync: start, elapsed since last call: 5 ms
2026-07-14 19:22:18.913 DEBUG qt.scenegraph.time.renderloop: [window 0x7f380ef04e40][render thread 0x7f380ed86040] syncAndRender: start, elapsed since last call: 5 ms
2026-07-14 19:22:18.913 DEBUG qt.scenegraph.time.renderloop: [window 0x7f380ef04e40][gui thread] Frame prepared, polish=0 ms, lock=0 ms, blockedForSync=0 ms, animations=0 ms
2026-07-14 19:22:18.913 DEBUG qt.scenegraph.time.renderer: time in renderer: total=0ms, preprocess=0, updates=0, rendering=0
2026-07-14 19:22:18.913 DEBUG qt.scenegraph.time.renderloop: [window 0x7f380ef04e40][render thread 0x7f380ed86040] syncAndRender: frame rendered in 0ms, sync=0, render=0, swap=0
2026-07-14 19:22:18.920 DEBUG qt.scenegraph.time.renderloop: [window 0x7f380ef04e40][gui thread] polishAndSync: start, elapsed since last call: 6 ms
2026-07-14 19:22:18.920 DEBUG qt.scenegraph.time.renderloop: [window 0x7f380ef04e40][render thread 0x7f380ed86040] syncAndRender: start, elapsed since last call: 6 ms
2026-07-14 19:22:18.920 DEBUG qt.scenegraph.time.renderloop: [window 0x7f380ef04e40][gui thread] Frame prepared, polish=0 ms, lock=0 ms, blockedForSync=0 ms, animations=0 ms
2026-07-14 19:22:18.921 DEBUG qt.scenegraph.time.renderer: time in renderer: total=0ms, preprocess=0, updates=0, rendering=0
2026-07-14 19:22:18.921 DEBUG qt.scenegraph.time.renderloop: [window 0x7f380ef04e40][render thread 0x7f380ed86040] syncAndRender: frame rendered in 0ms, sync=0, render=0, swap=0
2026-07-14 19:22:18.942 DEBUG qt.scenegraph.time.renderloop: [window 0x7f380ef04e40][gui thread] polishAndSync: start, elapsed since last call: 22 ms
2026-07-14 19:22:18.942 DEBUG qt.scenegraph.time.renderloop: [window 0x7f380ef04e40][render thread 0x7f380ed86040] syncAndRender: start, elapsed since last call: 22 ms
2026-07-14 19:22:18.942 DEBUG qt.scenegraph.time.renderloop: [window 0x7f380ef04e40][gui thread] Frame prepared, polish=0 ms, lock=0 ms, blockedForSync=0 ms, animations=0 ms
2026-07-14 19:22:18.942 DEBUG qt.scenegraph.time.renderer: time in renderer: total=0ms, preprocess=0, updates=0, rendering=0
2026-07-14 19:22:18.942 DEBUG qt.scenegraph.time.renderloop: [window 0x7f380ef04e40][render thread 0x7f380ed86040] syncAndRender: frame rendered in 0ms, sync=0, render=0, swap=0
2026-07-14 19:22:18.943 DEBUG qt.scenegraph.time.renderloop: [window 0x7f380ef04e40][gui thread] polishAndSync: start, elapsed since last call: 1 ms
2026-07-14 19:22:18.943 DEBUG qt.scenegraph.time.renderloop: [window 0x7f380ef04e40][render thread 0x7f380ed86040] syncAndRender: start, elapsed since last call: 0 ms
2026-07-14 19:22:18.943 DEBUG qt.scenegraph.time.renderloop: [window 0x7f380ef04e40][gui thread] Frame prepared, polish=0 ms, lock=0 ms, blockedForSync=0 ms, animations=0 ms
2026-07-14 19:22:18.943 DEBUG qt.scenegraph.time.renderer: time in renderer: total=0ms, preprocess=0, updates=0, rendering=0
2026-07-14 19:22:18.943 DEBUG qt.scenegraph.time.renderloop: [window 0x7f380ef04e40][render thread 0x7f380ed86040] syncAndRender: frame rendered in 0ms, sync=0, render=0, swap=0
2026-07-14 19:22:18.976 DEBUG qt.scenegraph.time.renderloop: [window 0x7f380ef04e40][gui thread] polishAndSync: start, elapsed since last call: 32 ms
2026-07-14 19:22:18.976 DEBUG qt.scenegraph.time.renderloop: [window 0x7f380ef04e40][render thread 0x7f380ed86040] syncAndRender: start, elapsed since last call: 33 ms
2026-07-14 19:22:18.976 DEBUG qt.scenegraph.time.renderloop: [window 0x7f380ef04e40][gui thread] Frame prepared, polish=0 ms, lock=0 ms, blockedForSync=0 ms, animations=0 ms
2026-07-14 19:22:18.976 DEBUG qt.scenegraph.time.renderer: time in renderer: total=0ms, preprocess=0, updates=0, rendering=0
2026-07-14 19:22:18.976 DEBUG qt.scenegraph.time.renderloop: [window 0x7f380ef04e40][render thread 0x7f380ed86040] syncAndRender: frame rendered in 0ms, sync=0, render=0, swap=0
2026-07-14 19:22:18.977 DEBUG qt.scenegraph.time.renderloop: [window 0x7f380ef04e40][gui thread] polishAndSync: start, elapsed since last call: 1 ms
2026-07-14 19:22:18.977 DEBUG qt.scenegraph.time.renderloop: [window 0x7f380ef04e40][render thread 0x7f380ed86040] syncAndRender: start, elapsed since last call: 0 ms
2026-07-14 19:22:18.977 DEBUG qt.scenegraph.time.renderloop: [window 0x7f380ef04e40][gui thread] Frame prepared, polish=0 ms, lock=0 ms, blockedForSync=0 ms, animations=0 ms
2026-07-14 19:22:18.977 DEBUG qt.scenegraph.time.renderer: time in renderer: total=0ms, preprocess=0, updates=0, rendering=0
2026-07-14 19:22:18.977 DEBUG qt.scenegraph.time.renderloop: [window 0x7f380ef04e40][render thread 0x7f380ed86040] syncAndRender: frame rendered in 0ms, sync=0, render=0, swap=0
2026-07-14 19:22:19.009 DEBUG qt.scenegraph.time.renderloop: [window 0x7f380ef04e40][gui thread] polishAndSync: start, elapsed since last call: 31 ms
2026-07-14 19:22:19.009 DEBUG qt.scenegraph.time.renderloop: [window 0x7f380ef04e40][render thread 0x7f380ed86040] syncAndRender: start, elapsed since last call: 32 ms
2026-07-14 19:22:19.009 DEBUG qt.scenegraph.time.renderloop: [window 0x7f380ef04e40][gui thread] Frame prepared, polish=0 ms, lock=0 ms, blockedForSync=0 ms, animations=0 ms
2026-07-14 19:22:19.009 DEBUG qt.scenegraph.time.renderer: time in renderer: total=0ms, preprocess=0, updates=0, rendering=0
2026-07-14 19:22:19.009 DEBUG qt.scenegraph.time.renderloop: [window 0x7f380ef04e40][render thread 0x7f380ed86040] syncAndRender: frame rendered in 0ms, sync=0, render=0, swap=0
2026-07-14 19:22:19.010 DEBUG qt.scenegraph.time.renderloop: [window 0x7f380ef04e40][gui thread] polishAndSync: start, elapsed since last call: 1 ms
2026-07-14 19:22:19.010 DEBUG qt.scenegraph.time.renderloop: [window 0x7f380ef04e40][render thread 0x7f380ed86040] syncAndRender: start, elapsed since last call: 0 ms
2026-07-14 19:22:19.010 DEBUG qt.scenegraph.time.renderloop: [window 0x7f380ef04e40][gui thread] Frame prepared, polish=0 ms, lock=0 ms, blockedForSync=0 ms, animations=0 ms
2026-07-14 19:22:19.010 DEBUG qt.scenegraph.time.renderer: time in renderer: total=0ms, preprocess=0, updates=0, rendering=0
2026-07-14 19:22:19.010 DEBUG qt.scenegraph.time.renderloop: [window 0x7f380ef04e40][render thread 0x7f380ed86040] syncAndRender: frame rendered in 0ms, sync=0, render=0, swap=0
2026-07-14 19:22:19.041 DEBUG qt.scenegraph.time.renderloop: [window 0x7f380ef04e40][gui thread] polishAndSync: start, elapsed since last call: 31 ms
2026-07-14 19:22:19.042 DEBUG qt.scenegraph.time.renderloop: [window 0x7f380ef04e40][render thread 0x7f380ed86040] syncAndRender: start, elapsed since last call: 31 ms
2026-07-14 19:22:19.042 DEBUG qt.scenegraph.time.renderloop: [window 0x7f380ef04e40][gui thread] Frame prepared, polish=0 ms, lock=0 ms, blockedForSync=0 ms, animations=0 ms
2026-07-14 19:22:19.042 DEBUG qt.scenegraph.time.renderer: time in renderer: total=0ms, preprocess=0, updates=0, rendering=0
2026-07-14 19:22:19.042 DEBUG qt.scenegraph.time.renderloop: [window 0x7f380ef04e40][render thread 0x7f380ed86040] syncAndRender: frame rendered in 0ms, sync=0, render=0, swap=0
2026-07-14 19:22:19.045 DEBUG qt.scenegraph.time.renderloop: [window 0x7f380ef04e40][gui thread] polishAndSync: start, elapsed since last call: 3 ms
2026-07-14 19:22:19.045 DEBUG qt.scenegraph.time.renderloop: [window 0x7f380ef04e40][render thread 0x7f380ed86040] syncAndRender: start, elapsed since last call: 3 ms
2026-07-14 19:22:19.045 DEBUG qt.scenegraph.time.renderloop: [window 0x7f380ef04e40][gui thread] Frame prepared, polish=0 ms, lock=0 ms, blockedForSync=0 ms, animations=0 ms
2026-07-14 19:22:19.045 DEBUG qt.scenegraph.time.renderer: time in renderer: total=0ms, preprocess=0, updates=0, rendering=0
2026-07-14 19:22:19.045 DEBUG qt.scenegraph.time.renderloop: [window 0x7f380ef04e40][render thread 0x7f380ed86040] syncAndRender: frame rendered in 0ms, sync=0, render=0, swap=0
2026-07-14 19:22:19.075 DEBUG qt.scenegraph.time.renderloop: [window 0x7f380ef04e40][gui thread] polishAndSync: start, elapsed since last call: 30 ms
2026-07-14 19:22:19.075 DEBUG qt.scenegraph.time.renderloop: [window 0x7f380ef04e40][render thread 0x7f380ed86040] syncAndRender: start, elapsed since last call: 30 ms
2026-07-14 19:22:19.075 DEBUG qt.scenegraph.time.renderloop: [window 0x7f380ef04e40][gui thread] Frame prepared, polish=0 ms, lock=0 ms, blockedForSync=0 ms, animations=0 ms
2026-07-14 19:22:19.075 DEBUG qt.scenegraph.time.renderer: time in renderer: total=0ms, preprocess=0, updates=0, rendering=0
2026-07-14 19:22:19.076 DEBUG qt.scenegraph.time.renderloop: [window 0x7f380ef04e40][render thread 0x7f380ed86040] syncAndRender: frame rendered in 0ms, sync=0, render=0, swap=0
2026-07-14 19:22:19.076 DEBUG qt.scenegraph.time.renderloop: [window 0x7f380ef04e40][gui thread] polishAndSync: start, elapsed since last call: 0 ms
2026-07-14 19:22:19.076 DEBUG qt.scenegraph.time.renderloop: [window 0x7f380ef04e40][render thread 0x7f380ed86040] syncAndRender: start, elapsed since last call: 0 ms
2026-07-14 19:22:19.076 DEBUG qt.scenegraph.time.renderloop: [window 0x7f380ef04e40][gui thread] Frame prepared, polish=0 ms, lock=0 ms, blockedForSync=0 ms, animations=0 ms
2026-07-14 19:22:19.076 DEBUG qt.scenegraph.time.renderer: time in renderer: total=0ms, preprocess=0, updates=0, rendering=0
2026-07-14 19:22:19.076 DEBUG qt.scenegraph.time.renderloop: [window 0x7f380ef04e40][render thread 0x7f380ed86040] syncAndRender: frame rendered in 0ms, sync=0, render=0, swap=0
2026-07-14 19:22:19.108 DEBUG qt.scenegraph.time.renderloop: [window 0x7f380ef04e40][gui thread] polishAndSync: start, elapsed since last call: 31 ms
2026-07-14 19:22:19.108 DEBUG qt.scenegraph.time.renderloop: [window 0x7f380ef04e40][render thread 0x7f380ed86040] syncAndRender: start, elapsed since last call: 32 ms
2026-07-14 19:22:19.108 DEBUG qt.scenegraph.time.renderloop: [window 0x7f380ef04e40][gui thread] Frame prepared, polish=0 ms, lock=0 ms, blockedForSync=0 ms, animations=0 ms
2026-07-14 19:22:19.108 DEBUG qt.scenegraph.time.renderer: time in renderer: total=0ms, preprocess=0, updates=0, rendering=0
2026-07-14 19:22:19.109 DEBUG qt.scenegraph.time.renderloop: [window 0x7f380ef04e40][render thread 0x7f380ed86040] syncAndRender: frame rendered in 0ms, sync=0, render=0, swap=0
2026-07-14 19:22:19.109 DEBUG qt.scenegraph.time.renderloop: [window 0x7f380ef04e40][gui thread] polishAndSync: start, elapsed since last call: 1 ms
2026-07-14 19:22:19.109 DEBUG qt.scenegraph.time.renderloop: [window 0x7f380ef04e40][render thread 0x7f380ed86040] syncAndRender: start, elapsed since last call: 0 ms
2026-07-14 19:22:19.109 DEBUG qt.scenegraph.time.renderloop: [window 0x7f380ef04e40][gui thread] Frame prepared, polish=0 ms, lock=0 ms, blockedForSync=0 ms, animations=0 ms
2026-07-14 19:22:19.109 DEBUG qt.scenegraph.time.renderer: time in renderer: total=0ms, preprocess=0, updates=0, rendering=0
2026-07-14 19:22:19.109 DEBUG qt.scenegraph.time.renderloop: [window 0x7f380ef04e40][render thread 0x7f380ed86040] syncAndRender: frame rendered in 0ms, sync=0, render=0, swap=0
2026-07-14 19:22:19.141 DEBUG qt.scenegraph.time.renderloop: [window 0x7f380ef04e40][gui thread] polishAndSync: start, elapsed since last call: 31 ms
2026-07-14 19:22:19.141 DEBUG qt.scenegraph.time.renderloop: [window 0x7f380ef04e40][render thread 0x7f380ed86040] syncAndRender: start, elapsed since last call: 31 ms
2026-07-14 19:22:19.141 DEBUG qt.scenegraph.time.renderloop: [window 0x7f380ef04e40][gui thread] Frame prepared, polish=0 ms, lock=0 ms, blockedForSync=0 ms, animations=0 ms
2026-07-14 19:22:19.141 DEBUG qt.scenegraph.time.renderer: time in renderer: total=0ms, preprocess=0, updates=0, rendering=0
2026-07-14 19:22:19.141 DEBUG qt.scenegraph.time.renderloop: [window 0x7f380ef04e40][render thread 0x7f380ed86040] syncAndRender: frame rendered in 0ms, sync=0, render=0, swap=0
2026-07-14 19:22:19.141 DEBUG qt.scenegraph.time.renderloop: [window 0x7f380ef04e40][gui thread] polishAndSync: start, elapsed since last call: 0 ms
2026-07-14 19:22:19.142 DEBUG qt.scenegraph.time.renderloop: [window 0x7f380ef04e40][render thread 0x7f380ed86040] syncAndRender: start, elapsed since last call: 0 ms
2026-07-14 19:22:19.142 DEBUG qt.scenegraph.time.renderloop: [window 0x7f380ef04e40][gui thread] Frame prepared, polish=0 ms, lock=0 ms, blockedForSync=0 ms, animations=0 ms
2026-07-14 19:22:19.142 DEBUG qt.scenegraph.time.renderer: time in renderer: total=0ms, preprocess=0, updates=0, rendering=0
2026-07-14 19:22:19.142 DEBUG qt.scenegraph.time.renderloop: [window 0x7f380ef04e40][render thread 0x7f380ed86040] syncAndRender: frame rendered in 0ms, sync=0, render=0, swap=0
2026-07-14 19:22:19.173 DEBUG qt.scenegraph.time.renderloop: [window 0x7f380ef04e40][gui thread] polishAndSync: start, elapsed since last call: 31 ms
2026-07-14 19:22:19.176 DEBUG qt.scenegraph.time.renderloop: [window 0x7f380ef04e40][render thread 0x7f380ed86040] syncAndRender: start, elapsed since last call: 34 ms
2026-07-14 19:22:19.176 DEBUG qt.scenegraph.time.renderloop: [window 0x7f380ef04e40][gui thread] Frame prepared, polish=2 ms, lock=0 ms, blockedForSync=0 ms, animations=0 ms
2026-07-14 19:22:19.176 DEBUG qt.scenegraph.time.renderer: time in renderer: total=0ms, preprocess=0, updates=0, rendering=0
2026-07-14 19:22:19.176 DEBUG qt.scenegraph.time.renderloop: [window 0x7f380ef04e40][render thread 0x7f380ed86040] syncAndRender: frame rendered in 0ms, sync=0, render=0, swap=0
2026-07-14 19:22:19.177 DEBUG qt.scenegraph.time.renderloop: [window 0x7f380ef04e40][gui thread] polishAndSync: start, elapsed since last call: 3 ms
2026-07-14 19:22:19.177 DEBUG qt.scenegraph.time.renderloop: [window 0x7f380ef04e40][render thread 0x7f380ed86040] syncAndRender: start, elapsed since last call: 1 ms
2026-07-14 19:22:19.177 DEBUG qt.scenegraph.time.renderloop: [window 0x7f380ef04e40][gui thread] Frame prepared, polish=0 ms, lock=0 ms, blockedForSync=0 ms, animations=0 ms
2026-07-14 19:22:19.177 DEBUG qt.scenegraph.time.renderer: time in renderer: total=0ms, preprocess=0, updates=0, rendering=0
2026-07-14 19:22:19.177 DEBUG qt.scenegraph.time.renderloop: [window 0x7f380ef04e40][render thread 0x7f380ed86040] syncAndRender: frame rendered in 0ms, sync=0, render=0, swap=0
2026-07-14 19:22:19.207 DEBUG qt.scenegraph.time.renderloop: [window 0x7f380ef04e40][gui thread] polishAndSync: start, elapsed since last call: 30 ms
2026-07-14 19:22:19.208 DEBUG qt.scenegraph.time.renderloop: [window 0x7f380ef04e40][render thread 0x7f380ed86040] syncAndRender: start, elapsed since last call: 30 ms
2026-07-14 19:22:19.208 DEBUG qt.scenegraph.time.renderloop: [window 0x7f380ef04e40][gui thread] Frame prepared, polish=0 ms, lock=0 ms, blockedForSync=0 ms, animations=0 ms
2026-07-14 19:22:19.208 DEBUG qt.scenegraph.time.renderer: time in renderer: total=0ms, preprocess=0, updates=0, rendering=0
2026-07-14 19:22:19.208 DEBUG qt.scenegraph.time.renderloop: [window 0x7f380ef04e40][render thread 0x7f380ed86040] syncAndRender: frame rendered in 0ms, sync=0, render=0, swap=0
2026-07-14 19:22:19.208 DEBUG qt.scenegraph.time.renderloop: [window 0x7f380ef04e40][gui thread] polishAndSync: start, elapsed since last call: 1 ms
2026-07-14 19:22:19.208 DEBUG qt.scenegraph.time.renderloop: [window 0x7f380ef04e40][render thread 0x7f380ed86040] syncAndRender: start, elapsed since last call: 0 ms
2026-07-14 19:22:19.208 DEBUG qt.scenegraph.time.renderloop: [window 0x7f380ef04e40][gui thread] Frame prepared, polish=0 ms, lock=0 ms, blockedForSync=0 ms, animations=0 ms
2026-07-14 19:22:19.209 DEBUG qt.scenegraph.time.renderer: time in renderer: total=0ms, preprocess=0, updates=0, rendering=0
2026-07-14 19:22:19.209 DEBUG qt.scenegraph.time.renderloop: [window 0x7f380ef04e40][render thread 0x7f380ed86040] syncAndRender: frame rendered in 0ms, sync=0, render=0, swap=0
2026-07-14 19:22:19.240 DEBUG qt.scenegraph.time.renderloop: [window 0x7f380ef04e40][gui thread] polishAndSync: start, elapsed since last call: 31 ms
2026-07-14 19:22:19.240 DEBUG qt.scenegraph.time.renderloop: [window 0x7f380ef04e40][render thread 0x7f380ed86040] syncAndRender: start, elapsed since last call: 31 ms
2026-07-14 19:22:19.240 DEBUG qt.scenegraph.time.renderloop: [window 0x7f380ef04e40][gui thread] Frame prepared, polish=0 ms, lock=0 ms, blockedForSync=0 ms, animations=0 ms
2026-07-14 19:22:19.240 DEBUG qt.scenegraph.time.renderer: time in renderer: total=0ms, preprocess=0, updates=0, rendering=0
2026-07-14 19:22:19.241 DEBUG qt.scenegraph.time.renderloop: [window 0x7f380ef04e40][render thread 0x7f380ed86040] syncAndRender: frame rendered in 0ms, sync=0, render=0, swap=0
2026-07-14 19:22:19.241 DEBUG qt.scenegraph.time.renderloop: [window 0x7f380ef04e40][gui thread] polishAndSync: start, elapsed since last call: 1 ms
2026-07-14 19:22:19.241 DEBUG qt.scenegraph.time.renderloop: [window 0x7f380ef04e40][render thread 0x7f380ed86040] syncAndRender: start, elapsed since last call: 0 ms
2026-07-14 19:22:19.241 DEBUG qt.scenegraph.time.renderloop: [window 0x7f380ef04e40][gui thread] Frame prepared, polish=0 ms, lock=0 ms, blockedForSync=0 ms, animations=0 ms
2026-07-14 19:22:19.241 DEBUG qt.scenegraph.time.renderer: time in renderer: total=0ms, preprocess=0, updates=0, rendering=0
2026-07-14 19:22:19.241 DEBUG qt.scenegraph.time.renderloop: [window 0x7f380ef04e40][render thread 0x7f380ed86040] syncAndRender: frame rendered in 0ms, sync=0, render=0, swap=0
2026-07-14 19:22:19.273 DEBUG qt.scenegraph.time.renderloop: [window 0x7f380ef04e40][gui thread] polishAndSync: start, elapsed since last call: 31 ms
2026-07-14 19:22:19.273 DEBUG qt.scenegraph.time.renderloop: [window 0x7f380ef04e40][render thread 0x7f380ed86040] syncAndRender: start, elapsed since last call: 31 ms
2026-07-14 19:22:19.273 DEBUG qt.scenegraph.time.renderloop: [window 0x7f380ef04e40][gui thread] Frame prepared, polish=0 ms, lock=0 ms, blockedForSync=0 ms, animations=0 ms
2026-07-14 19:22:19.273 DEBUG qt.scenegraph.time.renderer: time in renderer: total=0ms, preprocess=0, updates=0, rendering=0
2026-07-14 19:22:19.273 DEBUG qt.scenegraph.time.renderloop: [window 0x7f380ef04e40][render thread 0x7f380ed86040] syncAndRender: frame rendered in 0ms, sync=0, render=0, swap=0
2026-07-14 19:22:19.274 DEBUG qt.scenegraph.time.renderloop: [window 0x7f380ef04e40][gui thread] polishAndSync: start, elapsed since last call: 1 ms
2026-07-14 19:22:19.274 DEBUG qt.scenegraph.time.renderloop: [window 0x7f380ef04e40][render thread 0x7f380ed86040] syncAndRender: start, elapsed since last call: 0 ms
2026-07-14 19:22:19.274 DEBUG qt.scenegraph.time.renderloop: [window 0x7f380ef04e40][gui thread] Frame prepared, polish=0 ms, lock=0 ms, blockedForSync=0 ms, animations=0 ms
2026-07-14 19:22:19.274 DEBUG qt.scenegraph.time.renderer: time in renderer: total=0ms, preprocess=0, updates=0, rendering=0
2026-07-14 19:22:19.274 DEBUG qt.scenegraph.time.renderloop: [window 0x7f380ef04e40][render thread 0x7f380ed86040] syncAndRender: frame rendered in 0ms, sync=0, render=0, swap=0
2026-07-14 19:22:19.305 DEBUG qt.scenegraph.time.renderloop: [window 0x7f380ef04e40][gui thread] polishAndSync: start, elapsed since last call: 31 ms
2026-07-14 19:22:19.306 DEBUG qt.scenegraph.time.renderloop: [window 0x7f380ef04e40][render thread 0x7f380ed86040] syncAndRender: start, elapsed since last call: 32 ms
2026-07-14 19:22:19.306 DEBUG qt.scenegraph.time.renderloop: [window 0x7f380ef04e40][gui thread] Frame prepared, polish=0 ms, lock=0 ms, blockedForSync=0 ms, animations=0 ms
2026-07-14 19:22:19.306 DEBUG qt.scenegraph.time.renderer: time in renderer: total=0ms, preprocess=0, updates=0, rendering=0
2026-07-14 19:22:19.306 DEBUG qt.scenegraph.time.renderloop: [window 0x7f380ef04e40][render thread 0x7f380ed86040] syncAndRender: frame rendered in 0ms, sync=0, render=0, swap=0
2026-07-14 19:22:19.307 DEBUG qt.scenegraph.time.renderloop: [window 0x7f380ef04e40][gui thread] polishAndSync: start, elapsed since last call: 1 ms
2026-07-14 19:22:19.307 DEBUG qt.scenegraph.time.renderloop: [window 0x7f380ef04e40][render thread 0x7f380ed86040] syncAndRender: start, elapsed since last call: 0 ms
2026-07-14 19:22:19.307 DEBUG qt.scenegraph.time.renderloop: [window 0x7f380ef04e40][gui thread] Frame prepared, polish=0 ms, lock=0 ms, blockedForSync=0 ms, animations=0 ms
2026-07-14 19:22:19.307 DEBUG qt.scenegraph.time.renderer: time in renderer: total=0ms, preprocess=0, updates=0, rendering=0
2026-07-14 19:22:19.307 DEBUG qt.scenegraph.time.renderloop: [window 0x7f380ef04e40][render thread 0x7f380ed86040] syncAndRender: frame rendered in 0ms, sync=0, render=0, swap=0
2026-07-14 19:22:19.339 DEBUG qt.scenegraph.time.renderloop: [window 0x7f380ef04e40][gui thread] polishAndSync: start, elapsed since last call: 32 ms
2026-07-14 19:22:19.340 DEBUG qt.scenegraph.time.renderloop: [window 0x7f380ef04e40][render thread 0x7f380ed86040] syncAndRender: start, elapsed since last call: 32 ms
2026-07-14 19:22:19.340 DEBUG qt.scenegraph.time.renderloop: [window 0x7f380ef04e40][gui thread] Frame prepared, polish=0 ms, lock=0 ms, blockedForSync=0 ms, animations=0 ms
2026-07-14 19:22:19.340 DEBUG qt.scenegraph.time.renderer: time in renderer: total=0ms, preprocess=0, updates=0, rendering=0
2026-07-14 19:22:19.340 DEBUG qt.scenegraph.time.renderloop: [window 0x7f380ef04e40][render thread 0x7f380ed86040] syncAndRender: frame rendered in 0ms, sync=0, render=0, swap=0
2026-07-14 19:22:19.340 DEBUG qt.scenegraph.time.renderloop: [window 0x7f380ef04e40][gui thread] polishAndSync: start, elapsed since last call: 0 ms
2026-07-14 19:22:19.340 DEBUG qt.scenegraph.time.renderloop: [window 0x7f380ef04e40][render thread 0x7f380ed86040] syncAndRender: start, elapsed since last call: 0 ms
2026-07-14 19:22:19.340 DEBUG qt.scenegraph.time.renderloop: [window 0x7f380ef04e40][gui thread] Frame prepared, polish=0 ms, lock=0 ms, blockedForSync=0 ms, animations=0 ms
2026-07-14 19:22:19.340 DEBUG qt.scenegraph.time.renderer: time in renderer: total=0ms, preprocess=0, updates=0, rendering=0
2026-07-14 19:22:19.341 DEBUG qt.scenegraph.time.renderloop: [window 0x7f380ef04e40][render thread 0x7f380ed86040] syncAndRender: frame rendered in 0ms, sync=0, render=0, swap=0
2026-07-14 19:22:19.372 DEBUG qt.scenegraph.time.renderloop: [window 0x7f380ef04e40][gui thread] polishAndSync: start, elapsed since last call: 31 ms
2026-07-14 19:22:19.372 DEBUG qt.scenegraph.time.renderloop: [window 0x7f380ef04e40][render thread 0x7f380ed86040] syncAndRender: start, elapsed since last call: 31 ms
2026-07-14 19:22:19.372 DEBUG qt.scenegraph.time.renderloop: [window 0x7f380ef04e40][gui thread] Frame prepared, polish=0 ms, lock=0 ms, blockedForSync=0 ms, animations=0 ms
2026-07-14 19:22:19.372 DEBUG qt.scenegraph.time.renderer: time in renderer: total=0ms, preprocess=0, updates=0, rendering=0
2026-07-14 19:22:19.372 DEBUG qt.scenegraph.time.renderloop: [window 0x7f380ef04e40][render thread 0x7f380ed86040] syncAndRender: frame rendered in 0ms, sync=0, render=0, swap=0
2026-07-14 19:22:19.373 DEBUG qt.scenegraph.time.renderloop: [window 0x7f380ef04e40][gui thread] polishAndSync: start, elapsed since last call: 1 ms
2026-07-14 19:22:19.373 DEBUG qt.scenegraph.time.renderloop: [window 0x7f380ef04e40][render thread 0x7f380ed86040] syncAndRender: start, elapsed since last call: 0 ms
2026-07-14 19:22:19.373 DEBUG qt.scenegraph.time.renderloop: [window 0x7f380ef04e40][gui thread] Frame prepared, polish=0 ms, lock=0 ms, blockedForSync=0 ms, animations=0 ms
2026-07-14 19:22:19.373 DEBUG qt.scenegraph.time.renderer: time in renderer: total=0ms, preprocess=0, updates=0, rendering=0
2026-07-14 19:22:19.373 DEBUG qt.scenegraph.time.renderloop: [window 0x7f380ef04e40][render thread 0x7f380ed86040] syncAndRender: frame rendered in 0ms, sync=0, render=0, swap=0
2026-07-14 19:22:19.405 DEBUG qt.scenegraph.time.renderloop: [window 0x7f380ef04e40][gui thread] polishAndSync: start, elapsed since last call: 31 ms
2026-07-14 19:22:19.405 DEBUG qt.scenegraph.time.renderloop: [window 0x7f380ef04e40][render thread 0x7f380ed86040] syncAndRender: start, elapsed since last call: 32 ms
2026-07-14 19:22:19.405 DEBUG qt.scenegraph.time.renderloop: [window 0x7f380ef04e40][gui thread] Frame prepared, polish=0 ms, lock=0 ms, blockedForSync=0 ms, animations=0 ms
2026-07-14 19:22:19.405 DEBUG qt.scenegraph.time.renderer: time in renderer: total=0ms, preprocess=0, updates=0, rendering=0
2026-07-14 19:22:19.405 DEBUG qt.scenegraph.time.renderloop: [window 0x7f380ef04e40][render thread 0x7f380ed86040] syncAndRender: frame rendered in 0ms, sync=0, render=0, swap=0
2026-07-14 19:22:19.405 DEBUG qt.scenegraph.time.renderloop: [window 0x7f380ef04e40][gui thread] polishAndSync: start, elapsed since last call: 0 ms
2026-07-14 19:22:19.406 DEBUG qt.scenegraph.time.renderloop: [window 0x7f380ef04e40][render thread 0x7f380ed86040] syncAndRender: start, elapsed since last call: 0 ms
2026-07-14 19:22:19.406 DEBUG qt.scenegraph.time.renderloop: [window 0x7f380ef04e40][gui thread] Frame prepared, polish=0 ms, lock=0 ms, blockedForSync=0 ms, animations=0 ms
2026-07-14 19:22:19.406 DEBUG qt.scenegraph.time.renderer: time in renderer: total=0ms, preprocess=0, updates=0, rendering=0
2026-07-14 19:22:19.406 DEBUG qt.scenegraph.time.renderloop: [window 0x7f380ef04e40][render thread 0x7f380ed86040] syncAndRender: frame rendered in 0ms, sync=0, render=0, swap=0
2026-07-14 19:22:19.437 DEBUG qt.scenegraph.time.renderloop: [window 0x7f380ef04e40][gui thread] polishAndSync: start, elapsed since last call: 31 ms
2026-07-14 19:22:19.438 DEBUG qt.scenegraph.time.renderloop: [window 0x7f380ef04e40][render thread 0x7f380ed86040] syncAndRender: start, elapsed since last call: 32 ms
2026-07-14 19:22:19.438 DEBUG qt.scenegraph.time.renderloop: [window 0x7f380ef04e40][gui thread] Frame prepared, polish=0 ms, lock=0 ms, blockedForSync=0 ms, animations=0 ms
2026-07-14 19:22:19.438 DEBUG qt.scenegraph.time.renderer: time in renderer: total=0ms, preprocess=0, updates=0, rendering=0
2026-07-14 19:22:19.438 DEBUG qt.scenegraph.time.renderloop: [window 0x7f380ef04e40][render thread 0x7f380ed86040] syncAndRender: frame rendered in 0ms, sync=0, render=0, swap=0
2026-07-14 19:22:19.438 DEBUG qt.scenegraph.time.renderloop: [window 0x7f380ef04e40][gui thread] polishAndSync: start, elapsed since last call: 0 ms
2026-07-14 19:22:19.438 DEBUG qt.scenegraph.time.renderloop: [window 0x7f380ef04e40][render thread 0x7f380ed86040] syncAndRender: start, elapsed since last call: 0 ms
2026-07-14 19:22:19.438 DEBUG qt.scenegraph.time.renderloop: [window 0x7f380ef04e40][gui thread] Frame prepared, polish=0 ms, lock=0 ms, blockedForSync=0 ms, animations=0 ms
2026-07-14 19:22:19.438 DEBUG qt.scenegraph.time.renderer: time in renderer: total=0ms, preprocess=0, updates=0, rendering=0
2026-07-14 19:22:19.438 DEBUG qt.scenegraph.time.renderloop: [window 0x7f380ef04e40][render thread 0x7f380ed86040] syncAndRender: frame rendered in 0ms, sync=0, render=0, swap=0
2026-07-14 19:22:19.471 DEBUG qt.scenegraph.time.renderloop: [window 0x7f380ef04e40][gui thread] polishAndSync: start, elapsed since last call: 33 ms
2026-07-14 19:22:19.472 DEBUG qt.scenegraph.time.renderloop: [window 0x7f380ef04e40][render thread 0x7f380ed86040] syncAndRender: start, elapsed since last call: 33 ms
2026-07-14 19:22:19.472 DEBUG qt.scenegraph.time.renderloop: [window 0x7f380ef04e40][gui thread] Frame prepared, polish=0 ms, lock=0 ms, blockedForSync=0 ms, animations=0 ms
2026-07-14 19:22:19.472 DEBUG qt.scenegraph.time.renderer: time in renderer: total=0ms, preprocess=0, updates=0, rendering=0
2026-07-14 19:22:19.472 DEBUG qt.scenegraph.time.renderloop: [window 0x7f380ef04e40][render thread 0x7f380ed86040] syncAndRender: frame rendered in 0ms, sync=0, render=0, swap=0
2026-07-14 19:22:19.472 DEBUG qt.scenegraph.time.renderloop: [window 0x7f380ef04e40][gui thread] polishAndSync: start, elapsed since last call: 1 ms
2026-07-14 19:22:19.472 DEBUG qt.scenegraph.time.renderloop: [window 0x7f380ef04e40][render thread 0x7f380ed86040] syncAndRender: start, elapsed since last call: 0 ms
2026-07-14 19:22:19.472 DEBUG qt.scenegraph.time.renderloop: [window 0x7f380ef04e40][gui thread] Frame prepared, polish=0 ms, lock=0 ms, blockedForSync=0 ms, animations=0 ms
2026-07-14 19:22:19.472 DEBUG qt.scenegraph.time.renderer: time in renderer: total=0ms, preprocess=0, updates=0, rendering=0
2026-07-14 19:22:19.473 DEBUG qt.scenegraph.time.renderloop: [window 0x7f380ef04e40][render thread 0x7f380ed86040] syncAndRender: frame rendered in 0ms, sync=0, render=0, swap=0
2026-07-14 19:22:19.504 DEBUG qt.scenegraph.time.renderloop: [window 0x7f380ef04e40][gui thread] polishAndSync: start, elapsed since last call: 31 ms
2026-07-14 19:22:19.504 DEBUG qt.scenegraph.time.renderloop: [window 0x7f380ef04e40][render thread 0x7f380ed86040] syncAndRender: start, elapsed since last call: 31 ms
2026-07-14 19:22:19.504 DEBUG qt.scenegraph.time.renderloop: [window 0x7f380ef04e40][gui thread] Frame prepared, polish=0 ms, lock=0 ms, blockedForSync=0 ms, animations=0 ms
2026-07-14 19:22:19.504 DEBUG qt.scenegraph.time.renderer: time in renderer: total=0ms, preprocess=0, updates=0, rendering=0
2026-07-14 19:22:19.504 DEBUG qt.scenegraph.time.renderloop: [window 0x7f380ef04e40][render thread 0x7f380ed86040] syncAndRender: frame rendered in 0ms, sync=0, render=0, swap=0
2026-07-14 19:22:19.505 DEBUG qt.scenegraph.time.renderloop: [window 0x7f380ef04e40][gui thread] polishAndSync: start, elapsed since last call: 1 ms
2026-07-14 19:22:19.505 DEBUG qt.scenegraph.time.renderloop: [window 0x7f380ef04e40][render thread 0x7f380ed86040] syncAndRender: start, elapsed since last call: 0 ms
2026-07-14 19:22:19.505 DEBUG qt.scenegraph.time.renderloop: [window 0x7f380ef04e40][gui thread] Frame prepared, polish=0 ms, lock=0 ms, blockedForSync=0 ms, animations=0 ms
2026-07-14 19:22:19.505 DEBUG qt.scenegraph.time.renderer: time in renderer: total=0ms, preprocess=0, updates=0, rendering=0
2026-07-14 19:22:19.505 DEBUG qt.scenegraph.time.renderloop: [window 0x7f380ef04e40][render thread 0x7f380ed86040] syncAndRender: frame rendered in 0ms, sync=0, render=0, swap=0
2026-07-14 19:22:19.537 DEBUG qt.scenegraph.time.renderloop: [window 0x7f380ef04e40][gui thread] polishAndSync: start, elapsed since last call: 31 ms
2026-07-14 19:22:19.537 DEBUG qt.scenegraph.time.renderloop: [window 0x7f380ef04e40][render thread 0x7f380ed86040] syncAndRender: start, elapsed since last call: 31 ms
2026-07-14 19:22:19.537 DEBUG qt.scenegraph.time.renderloop: [window 0x7f380ef04e40][gui thread] Frame prepared, polish=0 ms, lock=0 ms, blockedForSync=0 ms, animations=0 ms
2026-07-14 19:22:19.537 DEBUG qt.scenegraph.time.renderer: time in renderer: total=0ms, preprocess=0, updates=0, rendering=0
2026-07-14 19:22:19.537 DEBUG qt.scenegraph.time.renderloop: [window 0x7f380ef04e40][render thread 0x7f380ed86040] syncAndRender: frame rendered in 0ms, sync=0, render=0, swap=0
2026-07-14 19:22:19.538 DEBUG qt.scenegraph.time.renderloop: [window 0x7f380ef04e40][gui thread] polishAndSync: start, elapsed since last call: 1 ms
2026-07-14 19:22:19.538 DEBUG qt.scenegraph.time.renderloop: [window 0x7f380ef04e40][render thread 0x7f380ed86040] syncAndRender: start, elapsed since last call: 0 ms
2026-07-14 19:22:19.538 DEBUG qt.scenegraph.time.renderloop: [window 0x7f380ef04e40][gui thread] Frame prepared, polish=0 ms, lock=0 ms, blockedForSync=0 ms, animations=0 ms
2026-07-14 19:22:19.538 DEBUG qt.scenegraph.time.renderer: time in renderer: total=0ms, preprocess=0, updates=0, rendering=0
2026-07-14 19:22:19.538 DEBUG qt.scenegraph.time.renderloop: [window 0x7f380ef04e40][render thread 0x7f380ed86040] syncAndRender: frame rendered in 0ms, sync=0, render=0, swap=0
2026-07-14 19:22:19.569 DEBUG qt.scenegraph.time.renderloop: [window 0x7f380ef04e40][gui thread] polishAndSync: start, elapsed since last call: 31 ms
2026-07-14 19:22:19.570 DEBUG qt.scenegraph.time.renderloop: [window 0x7f380ef04e40][render thread 0x7f380ed86040] syncAndRender: start, elapsed since last call: 31 ms
2026-07-14 19:22:19.570 DEBUG qt.scenegraph.time.renderloop: [window 0x7f380ef04e40][gui thread] Frame prepared, polish=0 ms, lock=0 ms, blockedForSync=0 ms, animations=0 ms
2026-07-14 19:22:19.570 DEBUG qt.scenegraph.time.renderer: time in renderer: total=0ms, preprocess=0, updates=0, rendering=0
2026-07-14 19:22:19.570 DEBUG qt.scenegraph.time.renderloop: [window 0x7f380ef04e40][render thread 0x7f380ed86040] syncAndRender: frame rendered in 0ms, sync=0, render=0, swap=0
2026-07-14 19:22:19.570 DEBUG qt.scenegraph.time.renderloop: [window 0x7f380ef04e40][gui thread] polishAndSync: start, elapsed since last call: 1 ms
2026-07-14 19:22:19.571 DEBUG qt.scenegraph.time.renderloop: [window 0x7f380ef04e40][render thread 0x7f380ed86040] syncAndRender: start, elapsed since last call: 0 ms
2026-07-14 19:22:19.571 DEBUG qt.scenegraph.time.renderloop: [window 0x7f380ef04e40][gui thread] Frame prepared, polish=0 ms, lock=0 ms, blockedForSync=0 ms, animations=0 ms
2026-07-14 19:22:19.571 DEBUG qt.scenegraph.time.renderer: time in renderer: total=0ms, preprocess=0, updates=0, rendering=0
2026-07-14 19:22:19.571 DEBUG qt.scenegraph.time.renderloop: [window 0x7f380ef04e40][render thread 0x7f380ed86040] syncAndRender: frame rendered in 0ms, sync=0, render=0, swap=0
2026-07-14 19:22:19.602 DEBUG qt.scenegraph.time.renderloop: [window 0x7f380ef04e40][gui thread] polishAndSync: start, elapsed since last call: 31 ms
2026-07-14 19:22:19.603 DEBUG qt.scenegraph.time.renderloop: [window 0x7f380ef04e40][render thread 0x7f380ed86040] syncAndRender: start, elapsed since last call: 32 ms
2026-07-14 19:22:19.603 DEBUG qt.scenegraph.time.renderloop: [window 0x7f380ef04e40][gui thread] Frame prepared, polish=0 ms, lock=0 ms, blockedForSync=0 ms, animations=0 ms
2026-07-14 19:22:19.603 DEBUG qt.scenegraph.time.renderer: time in renderer: total=0ms, preprocess=0, updates=0, rendering=0
2026-07-14 19:22:19.603 DEBUG qt.scenegraph.time.renderloop: [window 0x7f380ef04e40][render thread 0x7f380ed86040] syncAndRender: frame rendered in 0ms, sync=0, render=0, swap=0
2026-07-14 19:22:19.603 DEBUG qt.scenegraph.time.renderloop: [window 0x7f380ef04e40][gui thread] polishAndSync: start, elapsed since last call: 0 ms
2026-07-14 19:22:19.603 DEBUG qt.scenegraph.time.renderloop: [window 0x7f380ef04e40][render thread 0x7f380ed86040] syncAndRender: start, elapsed since last call: 0 ms
2026-07-14 19:22:19.603 DEBUG qt.scenegraph.time.renderloop: [window 0x7f380ef04e40][gui thread] Frame prepared, polish=0 ms, lock=0 ms, blockedForSync=0 ms, animations=0 ms
2026-07-14 19:22:19.603 DEBUG qt.scenegraph.time.renderer: time in renderer: total=0ms, preprocess=0, updates=0, rendering=0
2026-07-14 19:22:19.604 DEBUG qt.scenegraph.time.renderloop: [window 0x7f380ef04e40][render thread 0x7f380ed86040] syncAndRender: frame rendered in 0ms, sync=0, render=0, swap=0
2026-07-14 19:22:19.636 DEBUG qt.scenegraph.time.renderloop: [window 0x7f380ef04e40][gui thread] polishAndSync: start, elapsed since last call: 32 ms
2026-07-14 19:22:19.636 DEBUG qt.scenegraph.time.renderloop: [window 0x7f380ef04e40][render thread 0x7f380ed86040] syncAndRender: start, elapsed since last call: 33 ms
2026-07-14 19:22:19.636 DEBUG qt.scenegraph.time.renderloop: [window 0x7f380ef04e40][gui thread] Frame prepared, polish=0 ms, lock=0 ms, blockedForSync=0 ms, animations=0 ms
2026-07-14 19:22:19.636 DEBUG qt.scenegraph.time.renderer: time in renderer: total=0ms, preprocess=0, updates=0, rendering=0
2026-07-14 19:22:19.637 DEBUG qt.scenegraph.time.renderloop: [window 0x7f380ef04e40][render thread 0x7f380ed86040] syncAndRender: frame rendered in 0ms, sync=0, render=0, swap=0
2026-07-14 19:22:19.637 DEBUG qt.scenegraph.time.renderloop: [window 0x7f380ef04e40][gui thread] polishAndSync: start, elapsed since last call: 1 ms
2026-07-14 19:22:19.637 DEBUG qt.scenegraph.time.renderloop: [window 0x7f380ef04e40][render thread 0x7f380ed86040] syncAndRender: start, elapsed since last call: 0 ms
2026-07-14 19:22:19.637 DEBUG qt.scenegraph.time.renderloop: [window 0x7f380ef04e40][gui thread] Frame prepared, polish=0 ms, lock=0 ms, blockedForSync=0 ms, animations=0 ms
2026-07-14 19:22:19.637 DEBUG qt.scenegraph.time.renderer: time in renderer: total=0ms, preprocess=0, updates=0, rendering=0
2026-07-14 19:22:19.637 DEBUG qt.scenegraph.time.renderloop: [window 0x7f380ef04e40][render thread 0x7f380ed86040] syncAndRender: frame rendered in 0ms, sync=0, render=0, swap=0
2026-07-14 19:22:19.669 DEBUG qt.scenegraph.time.renderloop: [window 0x7f380ef04e40][gui thread] polishAndSync: start, elapsed since last call: 31 ms
2026-07-14 19:22:19.669 DEBUG qt.scenegraph.time.renderloop: [window 0x7f380ef04e40][render thread 0x7f380ed86040] syncAndRender: start, elapsed since last call: 31 ms
2026-07-14 19:22:19.669 DEBUG qt.scenegraph.time.renderloop: [window 0x7f380ef04e40][gui thread] Frame prepared, polish=0 ms, lock=0 ms, blockedForSync=0 ms, animations=0 ms
2026-07-14 19:22:19.669 DEBUG qt.scenegraph.time.renderer: time in renderer: total=0ms, preprocess=0, updates=0, rendering=0
2026-07-14 19:22:19.669 DEBUG qt.scenegraph.time.renderloop: [window 0x7f380ef04e40][render thread 0x7f380ed86040] syncAndRender: frame rendered in 0ms, sync=0, render=0, swap=0
2026-07-14 19:22:19.670 DEBUG qt.scenegraph.time.renderloop: [window 0x7f380ef04e40][gui thread] polishAndSync: start, elapsed since last call: 1 ms
2026-07-14 19:22:19.670 DEBUG qt.scenegraph.time.renderloop: [window 0x7f380ef04e40][render thread 0x7f380ed86040] syncAndRender: start, elapsed since last call: 0 ms
2026-07-14 19:22:19.670 DEBUG qt.scenegraph.time.renderloop: [window 0x7f380ef04e40][gui thread] Frame prepared, polish=0 ms, lock=0 ms, blockedForSync=0 ms, animations=0 ms
2026-07-14 19:22:19.670 DEBUG qt.scenegraph.time.renderer: time in renderer: total=0ms, preprocess=0, updates=0, rendering=0
2026-07-14 19:22:19.670 DEBUG qt.scenegraph.time.renderloop: [window 0x7f380ef04e40][render thread 0x7f380ed86040] syncAndRender: frame rendered in 0ms, sync=0, render=0, swap=0
2026-07-14 19:22:19.701 DEBUG qt.scenegraph.time.renderloop: [window 0x7f380ef04e40][gui thread] polishAndSync: start, elapsed since last call: 30 ms
2026-07-14 19:22:19.701 DEBUG qt.scenegraph.time.renderloop: [window 0x7f380ef04e40][render thread 0x7f380ed86040] syncAndRender: start, elapsed since last call: 30 ms
2026-07-14 19:22:19.701 DEBUG qt.scenegraph.time.renderloop: [window 0x7f380ef04e40][gui thread] Frame prepared, polish=0 ms, lock=0 ms, blockedForSync=0 ms, animations=0 ms
2026-07-14 19:22:19.701 DEBUG qt.scenegraph.time.renderer: time in renderer: total=0ms, preprocess=0, updates=0, rendering=0
2026-07-14 19:22:19.701 DEBUG qt.scenegraph.time.renderloop: [window 0x7f380ef04e40][render thread 0x7f380ed86040] syncAndRender: frame rendered in 0ms, sync=0, render=0, swap=0
2026-07-14 19:22:19.702 DEBUG qt.scenegraph.time.renderloop: [window 0x7f380ef04e40][gui thread] polishAndSync: start, elapsed since last call: 0 ms
2026-07-14 19:22:19.702 DEBUG qt.scenegraph.time.renderloop: [window 0x7f380ef04e40][render thread 0x7f380ed86040] syncAndRender: start, elapsed since last call: 0 ms
2026-07-14 19:22:19.702 DEBUG qt.scenegraph.time.renderloop: [window 0x7f380ef04e40][gui thread] Frame prepared, polish=0 ms, lock=0 ms, blockedForSync=0 ms, animations=0 ms
2026-07-14 19:22:19.702 DEBUG qt.scenegraph.time.renderer: time in renderer: total=0ms, preprocess=0, updates=0, rendering=0
2026-07-14 19:22:19.702 DEBUG qt.scenegraph.time.renderloop: [window 0x7f380ef04e40][render thread 0x7f380ed86040] syncAndRender: frame rendered in 0ms, sync=0, render=0, swap=0
2026-07-14 19:22:19.734 DEBUG qt.scenegraph.time.renderloop: [window 0x7f380ef04e40][gui thread] polishAndSync: start, elapsed since last call: 32 ms
2026-07-14 19:22:19.735 DEBUG qt.scenegraph.time.renderloop: [window 0x7f380ef04e40][render thread 0x7f380ed86040] syncAndRender: start, elapsed since last call: 33 ms
2026-07-14 19:22:19.735 DEBUG qt.scenegraph.time.renderloop: [window 0x7f380ef04e40][gui thread] Frame prepared, polish=0 ms, lock=0 ms, blockedForSync=0 ms, animations=0 ms
2026-07-14 19:22:19.735 DEBUG qt.scenegraph.time.renderer: time in renderer: total=0ms, preprocess=0, updates=0, rendering=0
2026-07-14 19:22:19.735 DEBUG qt.scenegraph.time.renderloop: [window 0x7f380ef04e40][render thread 0x7f380ed86040] syncAndRender: frame rendered in 0ms, sync=0, render=0, swap=0
2026-07-14 19:22:19.735 DEBUG qt.scenegraph.time.renderloop: [window 0x7f380ef04e40][gui thread] polishAndSync: start, elapsed since last call: 1 ms
2026-07-14 19:22:19.735 DEBUG qt.scenegraph.time.renderloop: [window 0x7f380ef04e40][render thread 0x7f380ed86040] syncAndRender: start, elapsed since last call: 0 ms
2026-07-14 19:22:19.735 DEBUG qt.scenegraph.time.renderloop: [window 0x7f380ef04e40][gui thread] Frame prepared, polish=0 ms, lock=0 ms, blockedForSync=0 ms, animations=0 ms
2026-07-14 19:22:19.735 DEBUG qt.scenegraph.time.renderer: time in renderer: total=0ms, preprocess=0, updates=0, rendering=0
2026-07-14 19:22:19.736 DEBUG qt.scenegraph.time.renderloop: [window 0x7f380ef04e40][render thread 0x7f380ed86040] syncAndRender: frame rendered in 0ms, sync=0, render=0, swap=0
2026-07-14 19:22:19.768 DEBUG qt.scenegraph.time.renderloop: [window 0x7f380ef04e40][gui thread] polishAndSync: start, elapsed since last call: 32 ms
2026-07-14 19:22:19.768 DEBUG qt.scenegraph.time.renderloop: [window 0x7f380ef04e40][render thread 0x7f380ed86040] syncAndRender: start, elapsed since last call: 32 ms
2026-07-14 19:22:19.768 DEBUG qt.scenegraph.time.renderloop: [window 0x7f380ef04e40][gui thread] Frame prepared, polish=0 ms, lock=0 ms, blockedForSync=0 ms, animations=0 ms
2026-07-14 19:22:19.768 DEBUG qt.scenegraph.time.renderer: time in renderer: total=0ms, preprocess=0, updates=0, rendering=0
2026-07-14 19:22:19.769 DEBUG qt.scenegraph.time.renderloop: [window 0x7f380ef04e40][render thread 0x7f380ed86040] syncAndRender: frame rendered in 0ms, sync=0, render=0, swap=0
2026-07-14 19:22:19.769 DEBUG qt.scenegraph.time.renderloop: [window 0x7f380ef04e40][gui thread] polishAndSync: start, elapsed since last call: 1 ms
2026-07-14 19:22:19.769 DEBUG qt.scenegraph.time.renderloop: [window 0x7f380ef04e40][render thread 0x7f380ed86040] syncAndRender: start, elapsed since last call: 0 ms
2026-07-14 19:22:19.769 DEBUG qt.scenegraph.time.renderloop: [window 0x7f380ef04e40][gui thread] Frame prepared, polish=0 ms, lock=0 ms, blockedForSync=0 ms, animations=0 ms
2026-07-14 19:22:19.769 DEBUG qt.scenegraph.time.renderer: time in renderer: total=0ms, preprocess=0, updates=0, rendering=0
2026-07-14 19:22:19.769 DEBUG qt.scenegraph.time.renderloop: [window 0x7f380ef04e40][render thread 0x7f380ed86040] syncAndRender: frame rendered in 0ms, sync=0, render=0, swap=0
2026-07-14 19:22:19.800 DEBUG qt.scenegraph.time.renderloop: [window 0x7f380ef04e40][gui thread] polishAndSync: start, elapsed since last call: 31 ms
2026-07-14 19:22:19.801 DEBUG qt.scenegraph.time.renderloop: [window 0x7f380ef04e40][render thread 0x7f380ed86040] syncAndRender: start, elapsed since last call: 31 ms
2026-07-14 19:22:19.801 DEBUG qt.scenegraph.time.renderloop: [window 0x7f380ef04e40][gui thread] Frame prepared, polish=0 ms, lock=0 ms, blockedForSync=0 ms, animations=0 ms
2026-07-14 19:22:19.801 DEBUG qt.scenegraph.time.renderer: time in renderer: total=0ms, preprocess=0, updates=0, rendering=0
2026-07-14 19:22:19.801 DEBUG qt.scenegraph.time.renderloop: [window 0x7f380ef04e40][render thread 0x7f380ed86040] syncAndRender: frame rendered in 0ms, sync=0, render=0, swap=0
2026-07-14 19:22:19.801 DEBUG qt.scenegraph.time.renderloop: [window 0x7f380ef04e40][gui thread] polishAndSync: start, elapsed since last call: 1 ms
2026-07-14 19:22:19.801 DEBUG qt.scenegraph.time.renderloop: [window 0x7f380ef04e40][render thread 0x7f380ed86040] syncAndRender: start, elapsed since last call: 0 ms
2026-07-14 19:22:19.801 DEBUG qt.scenegraph.time.renderloop: [window 0x7f380ef04e40][gui thread] Frame prepared, polish=0 ms, lock=0 ms, blockedForSync=0 ms, animations=0 ms
2026-07-14 19:22:19.801 DEBUG qt.scenegraph.time.renderer: time in renderer: total=0ms, preprocess=0, updates=0, rendering=0
2026-07-14 19:22:19.802 DEBUG qt.scenegraph.time.renderloop: [window 0x7f380ef04e40][render thread 0x7f380ed86040] syncAndRender: frame rendered in 0ms, sync=0, render=0, swap=0
2026-07-14 19:22:19.833 DEBUG qt.scenegraph.time.renderloop: [window 0x7f380ef04e40][gui thread] polishAndSync: start, elapsed since last call: 32 ms
2026-07-14 19:22:19.834 DEBUG qt.scenegraph.time.renderloop: [window 0x7f380ef04e40][render thread 0x7f380ed86040] syncAndRender: start, elapsed since last call: 32 ms
2026-07-14 19:22:19.834 DEBUG qt.scenegraph.time.renderloop: [window 0x7f380ef04e40][gui thread] Frame prepared, polish=0 ms, lock=0 ms, blockedForSync=0 ms, animations=0 ms
2026-07-14 19:22:19.834 DEBUG qt.scenegraph.time.renderer: time in renderer: total=0ms, preprocess=0, updates=0, rendering=0
2026-07-14 19:22:19.834 DEBUG qt.scenegraph.time.renderloop: [window 0x7f380ef04e40][render thread 0x7f380ed86040] syncAndRender: frame rendered in 0ms, sync=0, render=0, swap=0
2026-07-14 19:22:19.835 DEBUG qt.scenegraph.time.renderloop: [window 0x7f380ef04e40][gui thread] polishAndSync: start, elapsed since last call: 1 ms
2026-07-14 19:22:19.835 DEBUG qt.scenegraph.time.renderloop: [window 0x7f380ef04e40][render thread 0x7f380ed86040] syncAndRender: start, elapsed since last call: 0 ms
2026-07-14 19:22:19.835 DEBUG qt.scenegraph.time.renderloop: [window 0x7f380ef04e40][gui thread] Frame prepared, polish=0 ms, lock=0 ms, blockedForSync=0 ms, animations=0 ms
2026-07-14 19:22:19.835 DEBUG qt.scenegraph.time.renderer: time in renderer: total=0ms, preprocess=0, updates=0, rendering=0
2026-07-14 19:22:19.835 DEBUG qt.scenegraph.time.renderloop: [window 0x7f380ef04e40][render thread 0x7f380ed86040] syncAndRender: frame rendered in 0ms, sync=0, render=0, swap=0
2026-07-14 19:22:19.866 DEBUG qt.scenegraph.time.renderloop: [window 0x7f380ef04e40][gui thread] polishAndSync: start, elapsed since last call: 31 ms
2026-07-14 19:22:19.867 DEBUG qt.scenegraph.time.renderloop: [window 0x7f380ef04e40][render thread 0x7f380ed86040] syncAndRender: start, elapsed since last call: 31 ms
2026-07-14 19:22:19.867 DEBUG qt.scenegraph.time.renderloop: [window 0x7f380ef04e40][gui thread] Frame prepared, polish=0 ms, lock=0 ms, blockedForSync=0 ms, animations=0 ms
2026-07-14 19:22:19.867 DEBUG qt.scenegraph.time.renderer: time in renderer: total=0ms, preprocess=0, updates=0, rendering=0
2026-07-14 19:22:19.867 DEBUG qt.scenegraph.time.renderloop: [window 0x7f380ef04e40][render thread 0x7f380ed86040] syncAndRender: frame rendered in 0ms, sync=0, render=0, swap=0
2026-07-14 19:22:19.867 DEBUG qt.scenegraph.time.renderloop: [window 0x7f380ef04e40][gui thread] polishAndSync: start, elapsed since last call: 1 ms
2026-07-14 19:22:19.867 DEBUG qt.scenegraph.time.renderloop: [window 0x7f380ef04e40][render thread 0x7f380ed86040] syncAndRender: start, elapsed since last call: 0 ms
2026-07-14 19:22:19.867 DEBUG qt.scenegraph.time.renderloop: [window 0x7f380ef04e40][gui thread] Frame prepared, polish=0 ms, lock=0 ms, blockedForSync=0 ms, animations=0 ms
2026-07-14 19:22:19.868 DEBUG qt.scenegraph.time.renderer: time in renderer: total=0ms, preprocess=0, updates=0, rendering=0
2026-07-14 19:22:19.868 DEBUG qt.scenegraph.time.renderloop: [window 0x7f380ef04e40][render thread 0x7f380ed86040] syncAndRender: frame rendered in 0ms, sync=0, render=0, swap=0
2026-07-14 19:22:19.900 DEBUG qt.scenegraph.time.renderloop: [window 0x7f380ef04e40][gui thread] polishAndSync: start, elapsed since last call: 32 ms
2026-07-14 19:22:19.901 DEBUG qt.scenegraph.time.renderloop: [window 0x7f380ef04e40][render thread 0x7f380ed86040] syncAndRender: start, elapsed since last call: 33 ms
2026-07-14 19:22:19.901 DEBUG qt.scenegraph.time.renderloop: [window 0x7f380ef04e40][gui thread] Frame prepared, polish=0 ms, lock=0 ms, blockedForSync=0 ms, animations=0 ms
2026-07-14 19:22:19.901 DEBUG qt.scenegraph.time.renderer: time in renderer: total=0ms, preprocess=0, updates=0, rendering=0
2026-07-14 19:22:19.901 DEBUG qt.scenegraph.time.renderloop: [window 0x7f380ef04e40][render thread 0x7f380ed86040] syncAndRender: frame rendered in 0ms, sync=0, render=0, swap=0
2026-07-14 19:22:19.901 DEBUG qt.scenegraph.time.renderloop: [window 0x7f380ef04e40][gui thread] polishAndSync: start, elapsed since last call: 1 ms
2026-07-14 19:22:19.902 DEBUG qt.scenegraph.time.renderloop: [window 0x7f380ef04e40][render thread 0x7f380ed86040] syncAndRender: start, elapsed since last call: 0 ms
2026-07-14 19:22:19.902 DEBUG qt.scenegraph.time.renderloop: [window 0x7f380ef04e40][gui thread] Frame prepared, polish=0 ms, lock=0 ms, blockedForSync=0 ms, animations=0 ms
2026-07-14 19:22:19.902 DEBUG qt.scenegraph.time.renderer: time in renderer: total=0ms, preprocess=0, updates=0, rendering=0
2026-07-14 19:22:19.902 DEBUG qt.scenegraph.time.renderloop: [window 0x7f380ef04e40][render thread 0x7f380ed86040] syncAndRender: frame rendered in 0ms, sync=0, render=0, swap=0
2026-07-14 19:22:19.933 DEBUG qt.scenegraph.time.renderloop: [window 0x7f380ef04e40][gui thread] polishAndSync: start, elapsed since last call: 31 ms
2026-07-14 19:22:19.933 DEBUG qt.scenegraph.time.renderloop: [window 0x7f380ef04e40][render thread 0x7f380ed86040] syncAndRender: start, elapsed since last call: 31 ms
2026-07-14 19:22:19.933 DEBUG qt.scenegraph.time.renderloop: [window 0x7f380ef04e40][gui thread] Frame prepared, polish=0 ms, lock=0 ms, blockedForSync=0 ms, animations=0 ms
2026-07-14 19:22:19.933 DEBUG qt.scenegraph.time.renderer: time in renderer: total=0ms, preprocess=0, updates=0, rendering=0
2026-07-14 19:22:19.934 DEBUG qt.scenegraph.time.renderloop: [window 0x7f380ef04e40][render thread 0x7f380ed86040] syncAndRender: frame rendered in 0ms, sync=0, render=0, swap=0
2026-07-14 19:22:19.934 DEBUG qt.scenegraph.time.renderloop: [window 0x7f380ef04e40][gui thread] polishAndSync: start, elapsed since last call: 1 ms
2026-07-14 19:22:19.934 DEBUG qt.scenegraph.time.renderloop: [window 0x7f380ef04e40][render thread 0x7f380ed86040] syncAndRender: start, elapsed since last call: 0 ms
2026-07-14 19:22:19.934 DEBUG qt.scenegraph.time.renderloop: [window 0x7f380ef04e40][gui thread] Frame prepared, polish=0 ms, lock=0 ms, blockedForSync=0 ms, animations=0 ms
2026-07-14 19:22:19.934 DEBUG qt.scenegraph.time.renderer: time in renderer: total=0ms, preprocess=0, updates=0, rendering=0
2026-07-14 19:22:19.934 DEBUG qt.scenegraph.time.renderloop: [window 0x7f380ef04e40][render thread 0x7f380ed86040] syncAndRender: frame rendered in 0ms, sync=0, render=0, swap=0
2026-07-14 19:22:19.966 DEBUG qt.scenegraph.time.renderloop: [window 0x7f380ef04e40][gui thread] polishAndSync: start, elapsed since last call: 31 ms
2026-07-14 19:22:19.966 DEBUG qt.scenegraph.time.renderloop: [window 0x7f380ef04e40][render thread 0x7f380ed86040] syncAndRender: start, elapsed since last call: 31 ms
2026-07-14 19:22:19.966 DEBUG qt.scenegraph.time.renderloop: [window 0x7f380ef04e40][gui thread] Frame prepared, polish=0 ms, lock=0 ms, blockedForSync=0 ms, animations=0 ms
2026-07-14 19:22:19.966 DEBUG qt.scenegraph.time.renderer: time in renderer: total=0ms, preprocess=0, updates=0, rendering=0
2026-07-14 19:22:19.966 DEBUG qt.scenegraph.time.renderloop: [window 0x7f380ef04e40][render thread 0x7f380ed86040] syncAndRender: frame rendered in 0ms, sync=0, render=0, swap=0
2026-07-14 19:22:19.967 DEBUG qt.scenegraph.time.renderloop: [window 0x7f380ef04e40][gui thread] polishAndSync: start, elapsed since last call: 1 ms
2026-07-14 19:22:19.967 DEBUG qt.scenegraph.time.renderloop: [window 0x7f380ef04e40][render thread 0x7f380ed86040] syncAndRender: start, elapsed since last call: 0 ms
2026-07-14 19:22:19.967 DEBUG qt.scenegraph.time.renderloop: [window 0x7f380ef04e40][gui thread] Frame prepared, polish=0 ms, lock=0 ms, blockedForSync=0 ms, animations=0 ms
2026-07-14 19:22:19.967 DEBUG qt.scenegraph.time.renderer: time in renderer: total=0ms, preprocess=0, updates=0, rendering=0
2026-07-14 19:22:19.967 DEBUG qt.scenegraph.time.renderloop: [window 0x7f380ef04e40][render thread 0x7f380ed86040] syncAndRender: frame rendered in 0ms, sync=0, render=0, swap=0
2026-07-14 19:22:19.998 DEBUG qt.scenegraph.time.renderloop: [window 0x7f380ef04e40][gui thread] polishAndSync: start, elapsed since last call: 31 ms
2026-07-14 19:22:19.999 DEBUG qt.scenegraph.time.renderloop: [window 0x7f380ef04e40][render thread 0x7f380ed86040] syncAndRender: start, elapsed since last call: 31 ms
2026-07-14 19:22:19.999 DEBUG qt.scenegraph.time.renderloop: [window 0x7f380ef04e40][gui thread] Frame prepared, polish=0 ms, lock=0 ms, blockedForSync=0 ms, animations=0 ms
2026-07-14 19:22:19.999 DEBUG qt.scenegraph.time.renderer: time in renderer: total=0ms, preprocess=0, updates=0, rendering=0
2026-07-14 19:22:19.999 DEBUG qt.scenegraph.time.renderloop: [window 0x7f380ef04e40][render thread 0x7f380ed86040] syncAndRender: frame rendered in 0ms, sync=0, render=0, swap=0
2026-07-14 19:22:19.999 DEBUG qt.scenegraph.time.renderloop: [window 0x7f380ef04e40][gui thread] polishAndSync: start, elapsed since last call: 1 ms
2026-07-14 19:22:19.999 DEBUG qt.scenegraph.time.renderloop: [window 0x7f380ef04e40][render thread 0x7f380ed86040] syncAndRender: start, elapsed since last call: 0 ms
2026-07-14 19:22:20.000 DEBUG qt.scenegraph.time.renderloop: [window 0x7f380ef04e40][gui thread] Frame prepared, polish=0 ms, lock=0 ms, blockedForSync=0 ms, animations=0 ms
2026-07-14 19:22:20.000 DEBUG qt.scenegraph.time.renderer: time in renderer: total=0ms, preprocess=0, updates=0, rendering=0
2026-07-14 19:22:20.000 DEBUG qt.scenegraph.time.renderloop: [window 0x7f380ef04e40][render thread 0x7f380ed86040] syncAndRender: frame rendered in 0ms, sync=0, render=0, swap=0
2026-07-14 19:22:20.032 DEBUG qt.scenegraph.time.renderloop: [window 0x7f380ef04e40][gui thread] polishAndSync: start, elapsed since last call: 32 ms
2026-07-14 19:22:20.033 DEBUG qt.scenegraph.time.renderloop: [window 0x7f380ef04e40][render thread 0x7f380ed86040] syncAndRender: start, elapsed since last call: 33 ms
2026-07-14 19:22:20.033 DEBUG qt.scenegraph.time.renderloop: [window 0x7f380ef04e40][gui thread] Frame prepared, polish=0 ms, lock=0 ms, blockedForSync=0 ms, animations=0 ms
2026-07-14 19:22:20.033 DEBUG qt.scenegraph.time.renderer: time in renderer: total=0ms, preprocess=0, updates=0, rendering=0
2026-07-14 19:22:20.033 DEBUG qt.scenegraph.time.renderloop: [window 0x7f380ef04e40][render thread 0x7f380ed86040] syncAndRender: frame rendered in 0ms, sync=0, render=0, swap=0
2026-07-14 19:22:20.033 DEBUG qt.scenegraph.time.renderloop: [window 0x7f380ef04e40][gui thread] polishAndSync: start, elapsed since last call: 1 ms
2026-07-14 19:22:20.033 DEBUG qt.scenegraph.time.renderloop: [window 0x7f380ef04e40][render thread 0x7f380ed86040] syncAndRender: start, elapsed since last call: 0 ms
2026-07-14 19:22:20.033 DEBUG qt.scenegraph.time.renderloop: [window 0x7f380ef04e40][gui thread] Frame prepared, polish=0 ms, lock=0 ms, blockedForSync=0 ms, animations=0 ms
2026-07-14 19:22:20.033 DEBUG qt.scenegraph.time.renderer: time in renderer: total=0ms, preprocess=0, updates=0, rendering=0
2026-07-14 19:22:20.033 DEBUG qt.scenegraph.time.renderloop: [window 0x7f380ef04e40][render thread 0x7f380ed86040] syncAndRender: frame rendered in 0ms, sync=0, render=0, swap=0
2026-07-14 19:22:20.065 DEBUG qt.scenegraph.time.renderloop: [window 0x7f380ef04e40][gui thread] polishAndSync: start, elapsed since last call: 31 ms
2026-07-14 19:22:20.067 DEBUG qt.scenegraph.time.renderloop: [window 0x7f380ef04e40][render thread 0x7f380ed86040] syncAndRender: start, elapsed since last call: 34 ms
2026-07-14 19:22:20.067 DEBUG qt.scenegraph.time.renderloop: [window 0x7f380ef04e40][gui thread] Frame prepared, polish=2 ms, lock=0 ms, blockedForSync=0 ms, animations=0 ms
2026-07-14 19:22:20.067 DEBUG qt.scenegraph.time.renderer: time in renderer: total=0ms, preprocess=0, updates=0, rendering=0
2026-07-14 19:22:20.068 DEBUG qt.scenegraph.time.renderloop: [window 0x7f380ef04e40][render thread 0x7f380ed86040] syncAndRender: frame rendered in 0ms, sync=0, render=0, swap=0
2026-07-14 19:22:20.068 DEBUG qt.scenegraph.time.renderloop: [window 0x7f380ef04e40][gui thread] polishAndSync: start, elapsed since last call: 3 ms
2026-07-14 19:22:20.068 DEBUG qt.scenegraph.time.renderloop: [window 0x7f380ef04e40][render thread 0x7f380ed86040] syncAndRender: start, elapsed since last call: 0 ms
2026-07-14 19:22:20.068 DEBUG qt.scenegraph.time.renderloop: [window 0x7f380ef04e40][gui thread] Frame prepared, polish=0 ms, lock=0 ms, blockedForSync=0 ms, animations=0 ms
2026-07-14 19:22:20.068 DEBUG qt.scenegraph.time.renderer: time in renderer: total=0ms, preprocess=0, updates=0, rendering=0
2026-07-14 19:22:20.069 DEBUG qt.scenegraph.time.renderloop: [window 0x7f380ef04e40][render thread 0x7f380ed86040] syncAndRender: frame rendered in 0ms, sync=0, render=0, swap=0
2026-07-14 19:22:20.098 DEBUG qt.scenegraph.time.renderloop: [window 0x7f380ef04e40][gui thread] polishAndSync: start, elapsed since last call: 29 ms
2026-07-14 19:22:20.098 DEBUG qt.scenegraph.time.renderloop: [window 0x7f380ef04e40][render thread 0x7f380ed86040] syncAndRender: start, elapsed since last call: 29 ms
2026-07-14 19:22:20.098 DEBUG qt.scenegraph.time.renderloop: [window 0x7f380ef04e40][gui thread] Frame prepared, polish=0 ms, lock=0 ms, blockedForSync=0 ms, animations=0 ms
2026-07-14 19:22:20.098 DEBUG qt.scenegraph.time.renderer: time in renderer: total=0ms, preprocess=0, updates=0, rendering=0
2026-07-14 19:22:20.098 DEBUG qt.scenegraph.time.renderloop: [window 0x7f380ef04e40][render thread 0x7f380ed86040] syncAndRender: frame rendered in 0ms, sync=0, render=0, swap=0
2026-07-14 19:22:20.098 DEBUG qt.scenegraph.time.renderloop: [window 0x7f380ef04e40][gui thread] polishAndSync: start, elapsed since last call: 0 ms
2026-07-14 19:22:20.099 DEBUG qt.scenegraph.time.renderloop: [window 0x7f380ef04e40][render thread 0x7f380ed86040] syncAndRender: start, elapsed since last call: 0 ms
2026-07-14 19:22:20.099 DEBUG qt.scenegraph.time.renderloop: [window 0x7f380ef04e40][gui thread] Frame prepared, polish=0 ms, lock=0 ms, blockedForSync=0 ms, animations=0 ms
2026-07-14 19:22:20.099 DEBUG qt.scenegraph.time.renderer: time in renderer: total=0ms, preprocess=0, updates=0, rendering=0
2026-07-14 19:22:20.099 DEBUG qt.scenegraph.time.renderloop: [window 0x7f380ef04e40][render thread 0x7f380ed86040] syncAndRender: frame rendered in 0ms, sync=0, render=0, swap=0
2026-07-14 19:22:20.130 DEBUG qt.scenegraph.time.renderloop: [window 0x7f380ef04e40][gui thread] polishAndSync: start, elapsed since last call: 31 ms
2026-07-14 19:22:20.131 DEBUG qt.scenegraph.time.renderloop: [window 0x7f380ef04e40][render thread 0x7f380ed86040] syncAndRender: start, elapsed since last call: 32 ms
2026-07-14 19:22:20.131 DEBUG qt.scenegraph.time.renderloop: [window 0x7f380ef04e40][gui thread] Frame prepared, polish=0 ms, lock=0 ms, blockedForSync=0 ms, animations=0 ms
2026-07-14 19:22:20.131 DEBUG qt.scenegraph.time.renderer: time in renderer: total=0ms, preprocess=0, updates=0, rendering=0
2026-07-14 19:22:20.131 DEBUG qt.scenegraph.time.renderloop: [window 0x7f380ef04e40][render thread 0x7f380ed86040] syncAndRender: frame rendered in 0ms, sync=0, render=0, swap=0
2026-07-14 19:22:20.131 DEBUG qt.scenegraph.time.renderloop: [window 0x7f380ef04e40][gui thread] polishAndSync: start, elapsed since last call: 0 ms
2026-07-14 19:22:20.131 DEBUG qt.scenegraph.time.renderloop: [window 0x7f380ef04e40][render thread 0x7f380ed86040] syncAndRender: start, elapsed since last call: 0 ms
2026-07-14 19:22:20.131 DEBUG qt.scenegraph.time.renderloop: [window 0x7f380ef04e40][gui thread] Frame prepared, polish=0 ms, lock=0 ms, blockedForSync=0 ms, animations=0 ms
2026-07-14 19:22:20.131 DEBUG qt.scenegraph.time.renderer: time in renderer: total=0ms, preprocess=0, updates=0, rendering=0
2026-07-14 19:22:20.132 DEBUG qt.scenegraph.time.renderloop: [window 0x7f380ef04e40][render thread 0x7f380ed86040] syncAndRender: frame rendered in 0ms, sync=0, render=0, swap=0
2026-07-14 19:22:20.163 DEBUG qt.scenegraph.time.renderloop: [window 0x7f380ef04e40][gui thread] polishAndSync: start, elapsed since last call: 31 ms
2026-07-14 19:22:20.163 DEBUG qt.scenegraph.time.renderloop: [window 0x7f380ef04e40][render thread 0x7f380ed86040] syncAndRender: start, elapsed since last call: 32 ms
2026-07-14 19:22:20.163 DEBUG qt.scenegraph.time.renderloop: [window 0x7f380ef04e40][gui thread] Frame prepared, polish=0 ms, lock=0 ms, blockedForSync=0 ms, animations=0 ms
2026-07-14 19:22:20.163 DEBUG qt.scenegraph.time.renderer: time in renderer: total=0ms, preprocess=0, updates=0, rendering=0
2026-07-14 19:22:20.164 DEBUG qt.scenegraph.time.renderloop: [window 0x7f380ef04e40][render thread 0x7f380ed86040] syncAndRender: frame rendered in 0ms, sync=0, render=0, swap=0
2026-07-14 19:22:20.164 DEBUG qt.scenegraph.time.renderloop: [window 0x7f380ef04e40][gui thread] polishAndSync: start, elapsed since last call: 0 ms
2026-07-14 19:22:20.164 DEBUG qt.scenegraph.time.renderloop: [window 0x7f380ef04e40][render thread 0x7f380ed86040] syncAndRender: start, elapsed since last call: 0 ms
2026-07-14 19:22:20.164 DEBUG qt.scenegraph.time.renderloop: [window 0x7f380ef04e40][gui thread] Frame prepared, polish=0 ms, lock=0 ms, blockedForSync=0 ms, animations=0 ms
2026-07-14 19:22:20.164 DEBUG qt.scenegraph.time.renderer: time in renderer: total=0ms, preprocess=0, updates=0, rendering=0
2026-07-14 19:22:20.164 DEBUG qt.scenegraph.time.renderloop: [window 0x7f380ef04e40][render thread 0x7f380ed86040] syncAndRender: frame rendered in 0ms, sync=0, render=0, swap=0
2026-07-14 19:22:20.197 DEBUG qt.scenegraph.time.renderloop: [window 0x7f380ef04e40][gui thread] polishAndSync: start, elapsed since last call: 32 ms
2026-07-14 19:22:20.197 DEBUG qt.scenegraph.time.renderloop: [window 0x7f380ef04e40][render thread 0x7f380ed86040] syncAndRender: start, elapsed since last call: 33 ms
2026-07-14 19:22:20.197 DEBUG qt.scenegraph.time.renderloop: [window 0x7f380ef04e40][gui thread] Frame prepared, polish=0 ms, lock=0 ms, blockedForSync=0 ms, animations=0 ms
2026-07-14 19:22:20.197 DEBUG qt.scenegraph.time.renderer: time in renderer: total=0ms, preprocess=0, updates=0, rendering=0
2026-07-14 19:22:20.197 DEBUG qt.scenegraph.time.renderloop: [window 0x7f380ef04e40][render thread 0x7f380ed86040] syncAndRender: frame rendered in 0ms, sync=0, render=0, swap=0
2026-07-14 19:22:20.198 DEBUG qt.scenegraph.time.renderloop: [window 0x7f380ef04e40][gui thread] polishAndSync: start, elapsed since last call: 1 ms
2026-07-14 19:22:20.198 DEBUG qt.scenegraph.time.renderloop: [window 0x7f380ef04e40][render thread 0x7f380ed86040] syncAndRender: start, elapsed since last call: 0 ms
2026-07-14 19:22:20.198 DEBUG qt.scenegraph.time.renderloop: [window 0x7f380ef04e40][gui thread] Frame prepared, polish=0 ms, lock=0 ms, blockedForSync=0 ms, animations=0 ms
2026-07-14 19:22:20.198 DEBUG qt.scenegraph.time.renderer: time in renderer: total=0ms, preprocess=0, updates=0, rendering=0
2026-07-14 19:22:20.198 DEBUG qt.scenegraph.time.renderloop: [window 0x7f380ef04e40][render thread 0x7f380ed86040] syncAndRender: frame rendered in 0ms, sync=0, render=0, swap=0
2026-07-14 19:22:20.230 DEBUG qt.scenegraph.time.renderloop: [window 0x7f380ef04e40][gui thread] polishAndSync: start, elapsed since last call: 31 ms
2026-07-14 19:22:20.230 DEBUG qt.scenegraph.time.renderloop: [window 0x7f380ef04e40][render thread 0x7f380ed86040] syncAndRender: start, elapsed since last call: 32 ms
2026-07-14 19:22:20.230 DEBUG qt.scenegraph.time.renderloop: [window 0x7f380ef04e40][gui thread] Frame prepared, polish=0 ms, lock=0 ms, blockedForSync=0 ms, animations=0 ms
2026-07-14 19:22:20.230 DEBUG qt.scenegraph.time.renderer: time in renderer: total=0ms, preprocess=0, updates=0, rendering=0
2026-07-14 19:22:20.231 DEBUG qt.scenegraph.time.renderloop: [window 0x7f380ef04e40][render thread 0x7f380ed86040] syncAndRender: frame rendered in 0ms, sync=0, render=0, swap=0
2026-07-14 19:22:20.231 DEBUG qt.scenegraph.time.renderloop: [window 0x7f380ef04e40][gui thread] polishAndSync: start, elapsed since last call: 1 ms
2026-07-14 19:22:20.231 DEBUG qt.scenegraph.time.renderloop: [window 0x7f380ef04e40][render thread 0x7f380ed86040] syncAndRender: start, elapsed since last call: 0 ms
2026-07-14 19:22:20.231 DEBUG qt.scenegraph.time.renderloop: [window 0x7f380ef04e40][gui thread] Frame prepared, polish=0 ms, lock=0 ms, blockedForSync=0 ms, animations=0 ms
2026-07-14 19:22:20.231 DEBUG qt.scenegraph.time.renderer: time in renderer: total=0ms, preprocess=0, updates=0, rendering=0
2026-07-14 19:22:20.232 DEBUG qt.scenegraph.time.renderloop: [window 0x7f380ef04e40][render thread 0x7f380ed86040] syncAndRender: frame rendered in 0ms, sync=0, render=0, swap=0
2026-07-14 19:22:20.262 DEBUG qt.scenegraph.time.renderloop: [window 0x7f380ef04e40][gui thread] polishAndSync: start, elapsed since last call: 31 ms
2026-07-14 19:22:20.263 DEBUG qt.scenegraph.time.renderloop: [window 0x7f380ef04e40][render thread 0x7f380ed86040] syncAndRender: start, elapsed since last call: 31 ms
2026-07-14 19:22:20.263 DEBUG qt.scenegraph.time.renderloop: [window 0x7f380ef04e40][gui thread] Frame prepared, polish=0 ms, lock=0 ms, blockedForSync=0 ms, animations=0 ms
2026-07-14 19:22:20.263 DEBUG qt.scenegraph.time.renderer: time in renderer: total=0ms, preprocess=0, updates=0, rendering=0
2026-07-14 19:22:20.263 DEBUG qt.scenegraph.time.renderloop: [window 0x7f380ef04e40][render thread 0x7f380ed86040] syncAndRender: frame rendered in 0ms, sync=0, render=0, swap=0
2026-07-14 19:22:20.264 DEBUG qt.scenegraph.time.renderloop: [window 0x7f380ef04e40][gui thread] polishAndSync: start, elapsed since last call: 1 ms
2026-07-14 19:22:20.264 DEBUG qt.scenegraph.time.renderloop: [window 0x7f380ef04e40][render thread 0x7f380ed86040] syncAndRender: start, elapsed since last call: 0 ms
2026-07-14 19:22:20.264 DEBUG qt.scenegraph.time.renderloop: [window 0x7f380ef04e40][gui thread] Frame prepared, polish=0 ms, lock=0 ms, blockedForSync=0 ms, animations=0 ms
2026-07-14 19:22:20.264 DEBUG qt.scenegraph.time.renderer: time in renderer: total=0ms, preprocess=0, updates=0, rendering=0
2026-07-14 19:22:20.264 DEBUG qt.scenegraph.time.renderloop: [window 0x7f380ef04e40][render thread 0x7f380ed86040] syncAndRender: frame rendered in 0ms, sync=0, render=0, swap=0
2026-07-14 19:22:20.278 DEBUG qt.scenegraph.time.renderloop: [window 0x7f380ef04e40][gui thread] polishAndSync: start, elapsed since last call: 14 ms
2026-07-14 19:22:20.278 DEBUG qt.scenegraph.time.renderloop: [window 0x7f380ef04e40][render thread 0x7f380ed86040] syncAndRender: start, elapsed since last call: 14 ms
2026-07-14 19:22:20.278 DEBUG qt.scenegraph.time.renderloop: [window 0x7f380ef04e40][gui thread] Frame prepared, polish=0 ms, lock=0 ms, blockedForSync=0 ms, animations=0 ms
2026-07-14 19:22:20.278 DEBUG qt.scenegraph.time.renderloop: [window 0x7f380ef04e40][gui thread] polishAndSync: start, elapsed since last call: 0 ms
2026-07-14 19:22:20.278 DEBUG qt.scenegraph.time.texture: atlastexture upload enqueued in: -9223357658837ms (16x16)
2026-07-14 19:22:20.279 DEBUG qt.scenegraph.time.texture: atlastexture upload enqueued in: -9223357658837ms (16x16)
2026-07-14 19:22:20.279 DEBUG qt.scenegraph.time.texture: atlastexture upload enqueued in: -9223357658837ms (36x14)
2026-07-14 19:22:20.279 DEBUG qt.scenegraph.time.renderer: time in renderer: total=0ms, preprocess=0, updates=0, rendering=0
2026-07-14 19:22:20.279 DEBUG qt.scenegraph.time.renderloop: [window 0x7f380ef04e40][render thread 0x7f380ed86040] syncAndRender: frame rendered in 0ms, sync=0, render=0, swap=0
2026-07-14 19:22:20.279 DEBUG qt.scenegraph.time.renderloop: [window 0x7f380ef04e40][render thread 0x7f380ed86040] syncAndRender: start, elapsed since last call: 0 ms
2026-07-14 19:22:20.279 DEBUG qt.scenegraph.time.renderloop: [window 0x7f380ef04e40][gui thread] Frame prepared, polish=0 ms, lock=0 ms, blockedForSync=0 ms, animations=0 ms
2026-07-14 19:22:20.279 DEBUG qt.scenegraph.time.renderer: time in renderer: total=0ms, preprocess=0, updates=0, rendering=0
2026-07-14 19:22:20.280 DEBUG qt.scenegraph.time.renderloop: [window 0x7f380ef04e40][gui thread] polishAndSync: start, elapsed since last call: 1 ms
2026-07-14 19:22:20.280 DEBUG qt.scenegraph.time.renderloop: [window 0x7f380ef04e40][render thread 0x7f380ed86040] syncAndRender: frame rendered in 0ms, sync=0, render=0, swap=0
2026-07-14 19:22:20.280 DEBUG qt.scenegraph.time.renderloop: [window 0x7f380ef04e40][render thread 0x7f380ed86040] syncAndRender: start, elapsed since last call: 0 ms
2026-07-14 19:22:20.280 DEBUG qt.scenegraph.time.renderloop: [window 0x7f380ef04e40][gui thread] Frame prepared, polish=0 ms, lock=0 ms, blockedForSync=0 ms, animations=0 ms
2026-07-14 19:22:20.280 DEBUG qt.scenegraph.time.renderer: time in renderer: total=0ms, preprocess=0, updates=0, rendering=0
2026-07-14 19:22:20.282 DEBUG qt.scenegraph.time.renderloop: [window 0x7f380ef04e40][gui thread] polishAndSync: start, elapsed since last call: 2 ms
2026-07-14 19:22:20.282 DEBUG qt.scenegraph.time.renderloop: [window 0x7f380ef04e40][render thread 0x7f380ed86040] syncAndRender: frame rendered in 2ms, sync=0, render=0, swap=2
2026-07-14 19:22:20.282 DEBUG qt.scenegraph.time.renderloop: [window 0x7f380ef04e40][render thread 0x7f380ed86040] syncAndRender: start, elapsed since last call: 2 ms
2026-07-14 19:22:20.282 DEBUG qt.scenegraph.time.renderloop: [window 0x7f380ef04e40][gui thread] Frame prepared, polish=0 ms, lock=0 ms, blockedForSync=0 ms, animations=0 ms
2026-07-14 19:22:20.282 DEBUG qt.scenegraph.time.renderer: time in renderer: total=0ms, preprocess=0, updates=0, rendering=0
2026-07-14 19:22:20.289 DEBUG qt.scenegraph.time.renderloop: [window 0x7f380ef04e40][gui thread] polishAndSync: start, elapsed since last call: 6 ms
2026-07-14 19:22:20.289 DEBUG qt.scenegraph.time.renderloop: [window 0x7f380ef04e40][render thread 0x7f380ed86040] syncAndRender: frame rendered in 6ms, sync=0, render=0, swap=6
2026-07-14 19:22:20.289 DEBUG qt.scenegraph.time.renderloop: [window 0x7f380ef04e40][render thread 0x7f380ed86040] syncAndRender: start, elapsed since last call: 7 ms
2026-07-14 19:22:20.289 DEBUG qt.scenegraph.time.renderloop: [window 0x7f380ef04e40][gui thread] Frame prepared, polish=0 ms, lock=0 ms, blockedForSync=0 ms, animations=0 ms
2026-07-14 19:22:20.289 DEBUG qt.scenegraph.time.texture: atlastexture upload enqueued in: -9223357658826ms (36x14)
2026-07-14 19:22:20.289 DEBUG qt.scenegraph.time.renderer: time in renderer: total=0ms, preprocess=0, updates=0, rendering=0
2026-07-14 19:22:20.296 DEBUG qt.scenegraph.time.renderloop: [window 0x7f380ef04e40][gui thread] polishAndSync: start, elapsed since last call: 7 ms
2026-07-14 19:22:20.296 DEBUG qt.scenegraph.time.renderloop: [window 0x7f380ef04e40][render thread 0x7f380ed86040] syncAndRender: frame rendered in 6ms, sync=0, render=0, swap=6
2026-07-14 19:22:20.296 DEBUG qt.scenegraph.time.renderloop: [window 0x7f380ef04e40][render thread 0x7f380ed86040] syncAndRender: start, elapsed since last call: 6 ms
2026-07-14 19:22:20.296 DEBUG qt.scenegraph.time.renderloop: [window 0x7f380ef04e40][gui thread] Frame prepared, polish=0 ms, lock=0 ms, blockedForSync=0 ms, animations=0 ms
2026-07-14 19:22:20.296 DEBUG qt.scenegraph.time.renderer: time in renderer: total=0ms, preprocess=0, updates=0, rendering=0
2026-07-14 19:22:20.303 DEBUG qt.scenegraph.time.renderloop: [window 0x7f380ef04e40][gui thread] polishAndSync: start, elapsed since last call: 6 ms
2026-07-14 19:22:20.303 DEBUG qt.scenegraph.time.renderloop: [window 0x7f380ef04e40][render thread 0x7f380ed86040] syncAndRender: frame rendered in 6ms, sync=0, render=0, swap=6
2026-07-14 19:22:20.303 DEBUG qt.scenegraph.time.renderloop: [window 0x7f380ef04e40][render thread 0x7f380ed86040] syncAndRender: start, elapsed since last call: 6 ms
2026-07-14 19:22:20.303 DEBUG qt.scenegraph.time.renderloop: [window 0x7f380ef04e40][gui thread] Frame prepared, polish=0 ms, lock=0 ms, blockedForSync=0 ms, animations=0 ms
2026-07-14 19:22:20.303 DEBUG qt.scenegraph.time.renderer: time in renderer: total=0ms, preprocess=0, updates=0, rendering=0
2026-07-14 19:22:20.310 DEBUG qt.scenegraph.time.renderloop: [window 0x7f380ef04e40][gui thread] polishAndSync: start, elapsed since last call: 6 ms
2026-07-14 19:22:20.310 DEBUG qt.scenegraph.time.renderloop: [window 0x7f380ef04e40][render thread 0x7f380ed86040] syncAndRender: frame rendered in 6ms, sync=0, render=0, swap=6
2026-07-14 19:22:20.310 DEBUG qt.scenegraph.time.renderloop: [window 0x7f380ef04e40][render thread 0x7f380ed86040] syncAndRender: start, elapsed since last call: 6 ms
2026-07-14 19:22:20.310 DEBUG qt.scenegraph.time.renderloop: [window 0x7f380ef04e40][gui thread] Frame prepared, polish=0 ms, lock=0 ms, blockedForSync=0 ms, animations=0 ms
2026-07-14 19:22:20.310 DEBUG qt.scenegraph.time.renderer: time in renderer: total=0ms, preprocess=0, updates=0, rendering=0
2026-07-14 19:22:20.317 DEBUG qt.scenegraph.time.renderloop: [window 0x7f380ef04e40][gui thread] polishAndSync: start, elapsed since last call: 6 ms
2026-07-14 19:22:20.317 DEBUG qt.scenegraph.time.renderloop: [window 0x7f380ef04e40][render thread 0x7f380ed86040] syncAndRender: frame rendered in 6ms, sync=0, render=0, swap=6
2026-07-14 19:22:20.317 DEBUG qt.scenegraph.time.renderloop: [window 0x7f380ef04e40][render thread 0x7f380ed86040] syncAndRender: start, elapsed since last call: 6 ms
2026-07-14 19:22:20.317 DEBUG qt.scenegraph.time.renderloop: [window 0x7f380ef04e40][gui thread] Frame prepared, polish=0 ms, lock=0 ms, blockedForSync=0 ms, animations=0 ms
2026-07-14 19:22:20.317 DEBUG qt.scenegraph.time.renderer: time in renderer: total=0ms, preprocess=0, updates=0, rendering=0
2026-07-14 19:22:20.324 DEBUG qt.scenegraph.time.renderloop: [window 0x7f380ef04e40][gui thread] polishAndSync: start, elapsed since last call: 6 ms
2026-07-14 19:22:20.324 DEBUG qt.scenegraph.time.renderloop: [window 0x7f380ef04e40][render thread 0x7f380ed86040] syncAndRender: frame rendered in 6ms, sync=0, render=0, swap=6
2026-07-14 19:22:20.324 DEBUG qt.scenegraph.time.renderloop: [window 0x7f380ef04e40][render thread 0x7f380ed86040] syncAndRender: start, elapsed since last call: 7 ms
2026-07-14 19:22:20.324 DEBUG qt.scenegraph.time.renderloop: [window 0x7f380ef04e40][gui thread] Frame prepared, polish=0 ms, lock=0 ms, blockedForSync=0 ms, animations=0 ms
2026-07-14 19:22:20.324 DEBUG qt.scenegraph.time.renderer: time in renderer: total=0ms, preprocess=0, updates=0, rendering=0
2026-07-14 19:22:20.331 DEBUG qt.scenegraph.time.renderloop: [window 0x7f380ef04e40][gui thread] polishAndSync: start, elapsed since last call: 7 ms
2026-07-14 19:22:20.331 DEBUG qt.scenegraph.time.renderloop: [window 0x7f380ef04e40][render thread 0x7f380ed86040] syncAndRender: frame rendered in 6ms, sync=0, render=0, swap=6
2026-07-14 19:22:20.331 DEBUG qt.scenegraph.time.renderloop: [window 0x7f380ef04e40][render thread 0x7f380ed86040] syncAndRender: start, elapsed since last call: 6 ms
2026-07-14 19:22:20.331 DEBUG qt.scenegraph.time.renderloop: [window 0x7f380ef04e40][gui thread] Frame prepared, polish=0 ms, lock=0 ms, blockedForSync=0 ms, animations=0 ms
2026-07-14 19:22:20.331 DEBUG qt.scenegraph.time.renderer: time in renderer: total=0ms, preprocess=0, updates=0, rendering=0
2026-07-14 19:22:20.337 DEBUG qt.scenegraph.time.renderloop: [window 0x7f380ef04e40][gui thread] polishAndSync: start, elapsed since last call: 6 ms
2026-07-14 19:22:20.337 DEBUG qt.scenegraph.time.renderloop: [window 0x7f380ef04e40][render thread 0x7f380ed86040] syncAndRender: frame rendered in 6ms, sync=0, render=0, swap=6
2026-07-14 19:22:20.337 DEBUG qt.scenegraph.time.renderloop: [window 0x7f380ef04e40][render thread 0x7f380ed86040] syncAndRender: start, elapsed since last call: 6 ms
2026-07-14 19:22:20.337 DEBUG qt.scenegraph.time.renderloop: [window 0x7f380ef04e40][gui thread] Frame prepared, polish=0 ms, lock=0 ms, blockedForSync=0 ms, animations=0 ms
2026-07-14 19:22:20.337 DEBUG qt.scenegraph.time.renderer: time in renderer: total=0ms, preprocess=0, updates=0, rendering=0
2026-07-14 19:22:20.345 DEBUG qt.scenegraph.time.renderloop: [window 0x7f380ef04e40][gui thread] polishAndSync: start, elapsed since last call: 7 ms
2026-07-14 19:22:20.345 DEBUG qt.scenegraph.time.renderloop: [window 0x7f380ef04e40][render thread 0x7f380ed86040] syncAndRender: frame rendered in 7ms, sync=0, render=0, swap=7
2026-07-14 19:22:20.345 DEBUG qt.scenegraph.time.renderloop: [window 0x7f380ef04e40][render thread 0x7f380ed86040] syncAndRender: start, elapsed since last call: 7 ms
2026-07-14 19:22:20.345 DEBUG qt.scenegraph.time.renderloop: [window 0x7f380ef04e40][gui thread] Frame prepared, polish=0 ms, lock=0 ms, blockedForSync=0 ms, animations=0 ms
2026-07-14 19:22:20.345 DEBUG qt.scenegraph.time.renderer: time in renderer: total=0ms, preprocess=0, updates=0, rendering=0
2026-07-14 19:22:20.351 DEBUG qt.scenegraph.time.renderloop: [window 0x7f380ef04e40][gui thread] polishAndSync: start, elapsed since last call: 6 ms
2026-07-14 19:22:20.351 DEBUG qt.scenegraph.time.renderloop: [window 0x7f380ef04e40][render thread 0x7f380ed86040] syncAndRender: frame rendered in 6ms, sync=0, render=0, swap=6
2026-07-14 19:22:20.352 DEBUG qt.scenegraph.time.renderloop: [window 0x7f380ef04e40][render thread 0x7f380ed86040] syncAndRender: start, elapsed since last call: 7 ms
2026-07-14 19:22:20.352 DEBUG qt.scenegraph.time.renderloop: [window 0x7f380ef04e40][gui thread] Frame prepared, polish=0 ms, lock=0 ms, blockedForSync=0 ms, animations=0 ms
2026-07-14 19:22:20.352 DEBUG qt.scenegraph.time.renderer: time in renderer: total=0ms, preprocess=0, updates=0, rendering=0
2026-07-14 19:22:20.358 DEBUG qt.scenegraph.time.renderloop: [window 0x7f380ef04e40][render thread 0x7f380ed86040] syncAndRender: frame rendered in 6ms, sync=0, render=0, swap=6
2026-07-14 19:22:20.358 DEBUG qt.scenegraph.time.renderloop: [window 0x7f380ef04e40][gui thread] polishAndSync: start, elapsed since last call: 6 ms
2026-07-14 19:22:20.358 DEBUG qt.scenegraph.time.renderloop: [window 0x7f380ef04e40][render thread 0x7f380ed86040] syncAndRender: start, elapsed since last call: 6 ms
2026-07-14 19:22:20.358 DEBUG qt.scenegraph.time.renderloop: [window 0x7f380ef04e40][gui thread] Frame prepared, polish=0 ms, lock=0 ms, blockedForSync=0 ms, animations=0 ms
2026-07-14 19:22:20.358 DEBUG qt.scenegraph.time.renderer: time in renderer: total=0ms, preprocess=0, updates=0, rendering=0
2026-07-14 19:22:20.365 DEBUG qt.scenegraph.time.renderloop: [window 0x7f380ef04e40][gui thread] polishAndSync: start, elapsed since last call: 6 ms
2026-07-14 19:22:20.365 DEBUG qt.scenegraph.time.renderloop: [window 0x7f380ef04e40][render thread 0x7f380ed86040] syncAndRender: frame rendered in 6ms, sync=0, render=0, swap=6
2026-07-14 19:22:20.365 DEBUG qt.scenegraph.time.renderloop: [window 0x7f380ef04e40][render thread 0x7f380ed86040] syncAndRender: start, elapsed since last call: 6 ms
2026-07-14 19:22:20.365 DEBUG qt.scenegraph.time.renderloop: [window 0x7f380ef04e40][gui thread] Frame prepared, polish=0 ms, lock=0 ms, blockedForSync=0 ms, animations=0 ms
2026-07-14 19:22:20.365 DEBUG qt.scenegraph.time.renderer: time in renderer: total=0ms, preprocess=0, updates=0, rendering=0
2026-07-14 19:22:20.372 DEBUG qt.scenegraph.time.renderloop: [window 0x7f380ef04e40][gui thread] polishAndSync: start, elapsed since last call: 7 ms
2026-07-14 19:22:20.372 DEBUG qt.scenegraph.time.renderloop: [window 0x7f380ef04e40][render thread 0x7f380ed86040] syncAndRender: frame rendered in 7ms, sync=0, render=0, swap=7
2026-07-14 19:22:20.372 DEBUG qt.scenegraph.time.renderloop: [window 0x7f380ef04e40][render thread 0x7f380ed86040] syncAndRender: start, elapsed since last call: 7 ms
2026-07-14 19:22:20.372 DEBUG qt.scenegraph.time.renderloop: [window 0x7f380ef04e40][gui thread] Frame prepared, polish=0 ms, lock=0 ms, blockedForSync=0 ms, animations=0 ms
2026-07-14 19:22:20.372 DEBUG qt.scenegraph.time.renderer: time in renderer: total=0ms, preprocess=0, updates=0, rendering=0
2026-07-14 19:22:20.379 DEBUG qt.scenegraph.time.renderloop: [window 0x7f380ef04e40][gui thread] polishAndSync: start, elapsed since last call: 6 ms
2026-07-14 19:22:20.379 DEBUG qt.scenegraph.time.renderloop: [window 0x7f380ef04e40][render thread 0x7f380ed86040] syncAndRender: frame rendered in 6ms, sync=0, render=0, swap=6
2026-07-14 19:22:20.379 DEBUG qt.scenegraph.time.renderloop: [window 0x7f380ef04e40][render thread 0x7f380ed86040] syncAndRender: start, elapsed since last call: 6 ms
2026-07-14 19:22:20.379 DEBUG qt.scenegraph.time.renderloop: [window 0x7f380ef04e40][gui thread] Frame prepared, polish=0 ms, lock=0 ms, blockedForSync=0 ms, animations=0 ms
2026-07-14 19:22:20.379 DEBUG qt.scenegraph.time.renderer: time in renderer: total=0ms, preprocess=0, updates=0, rendering=0
2026-07-14 19:22:20.386 DEBUG qt.scenegraph.time.renderloop: [window 0x7f380ef04e40][gui thread] polishAndSync: start, elapsed since last call: 7 ms
2026-07-14 19:22:20.386 DEBUG qt.scenegraph.time.renderloop: [window 0x7f380ef04e40][render thread 0x7f380ed86040] syncAndRender: frame rendered in 7ms, sync=0, render=0, swap=7
2026-07-14 19:22:20.387 DEBUG qt.scenegraph.time.renderloop: [window 0x7f380ef04e40][render thread 0x7f380ed86040] syncAndRender: start, elapsed since last call: 7 ms
2026-07-14 19:22:20.387 DEBUG qt.scenegraph.time.renderloop: [window 0x7f380ef04e40][gui thread] Frame prepared, polish=0 ms, lock=0 ms, blockedForSync=0 ms, animations=0 ms
2026-07-14 19:22:20.387 DEBUG qt.scenegraph.time.renderer: time in renderer: total=0ms, preprocess=0, updates=0, rendering=0
2026-07-14 19:22:20.393 DEBUG qt.scenegraph.time.renderloop: [window 0x7f380ef04e40][gui thread] polishAndSync: start, elapsed since last call: 6 ms
2026-07-14 19:22:20.393 DEBUG qt.scenegraph.time.renderloop: [window 0x7f380ef04e40][render thread 0x7f380ed86040] syncAndRender: frame rendered in 6ms, sync=0, render=0, swap=6
2026-07-14 19:22:20.393 DEBUG qt.scenegraph.time.renderloop: [window 0x7f380ef04e40][render thread 0x7f380ed86040] syncAndRender: start, elapsed since last call: 6 ms
2026-07-14 19:22:20.393 DEBUG qt.scenegraph.time.renderloop: [window 0x7f380ef04e40][gui thread] Frame prepared, polish=0 ms, lock=0 ms, blockedForSync=0 ms, animations=0 ms
2026-07-14 19:22:20.393 DEBUG qt.scenegraph.time.renderer: time in renderer: total=0ms, preprocess=0, updates=0, rendering=0
2026-07-14 19:22:20.400 DEBUG qt.scenegraph.time.renderloop: [window 0x7f380ef04e40][gui thread] polishAndSync: start, elapsed since last call: 7 ms
2026-07-14 19:22:20.400 DEBUG qt.scenegraph.time.renderloop: [window 0x7f380ef04e40][render thread 0x7f380ed86040] syncAndRender: frame rendered in 7ms, sync=0, render=0, swap=6
2026-07-14 19:22:20.400 DEBUG qt.scenegraph.time.renderloop: [window 0x7f380ef04e40][render thread 0x7f380ed86040] syncAndRender: start, elapsed since last call: 7 ms
2026-07-14 19:22:20.400 DEBUG qt.scenegraph.time.renderloop: [window 0x7f380ef04e40][gui thread] Frame prepared, polish=0 ms, lock=0 ms, blockedForSync=0 ms, animations=0 ms
2026-07-14 19:22:20.400 DEBUG qt.scenegraph.time.renderer: time in renderer: total=0ms, preprocess=0, updates=0, rendering=0
2026-07-14 19:22:20.407 DEBUG qt.scenegraph.time.renderloop: [window 0x7f380ef04e40][render thread 0x7f380ed86040] syncAndRender: frame rendered in 6ms, sync=0, render=0, swap=6
2026-07-14 19:22:20.407 DEBUG qt.scenegraph.time.renderloop: [window 0x7f380ef04e40][gui thread] polishAndSync: start, elapsed since last call: 6 ms
2026-07-14 19:22:20.407 DEBUG qt.scenegraph.time.renderloop: [window 0x7f380ef04e40][render thread 0x7f380ed86040] syncAndRender: start, elapsed since last call: 6 ms
2026-07-14 19:22:20.407 DEBUG qt.scenegraph.time.renderloop: [window 0x7f380ef04e40][gui thread] Frame prepared, polish=0 ms, lock=0 ms, blockedForSync=0 ms, animations=0 ms
2026-07-14 19:22:20.407 DEBUG qt.scenegraph.time.renderer: time in renderer: total=0ms, preprocess=0, updates=0, rendering=0
2026-07-14 19:22:20.414 DEBUG qt.scenegraph.time.renderloop: [window 0x7f380ef04e40][gui thread] polishAndSync: start, elapsed since last call: 6 ms
2026-07-14 19:22:20.414 DEBUG qt.scenegraph.time.renderloop: [window 0x7f380ef04e40][render thread 0x7f380ed86040] syncAndRender: frame rendered in 6ms, sync=0, render=0, swap=6
2026-07-14 19:22:20.414 DEBUG qt.scenegraph.time.renderloop: [window 0x7f380ef04e40][render thread 0x7f380ed86040] syncAndRender: start, elapsed since last call: 6 ms
2026-07-14 19:22:20.414 DEBUG qt.scenegraph.time.renderloop: [window 0x7f380ef04e40][gui thread] Frame prepared, polish=0 ms, lock=0 ms, blockedForSync=0 ms, animations=0 ms
2026-07-14 19:22:20.414 DEBUG qt.scenegraph.time.renderer: time in renderer: total=0ms, preprocess=0, updates=0, rendering=0
2026-07-14 19:22:20.421 DEBUG qt.scenegraph.time.renderloop: [window 0x7f380ef04e40][gui thread] polishAndSync: start, elapsed since last call: 7 ms
2026-07-14 19:22:20.421 DEBUG qt.scenegraph.time.renderloop: [window 0x7f380ef04e40][render thread 0x7f380ed86040] syncAndRender: frame rendered in 7ms, sync=0, render=0, swap=6
2026-07-14 19:22:20.421 DEBUG qt.scenegraph.time.renderloop: [window 0x7f380ef04e40][render thread 0x7f380ed86040] syncAndRender: start, elapsed since last call: 7 ms
2026-07-14 19:22:20.421 DEBUG qt.scenegraph.time.renderloop: [window 0x7f380ef04e40][gui thread] Frame prepared, polish=0 ms, lock=0 ms, blockedForSync=0 ms, animations=0 ms
2026-07-14 19:22:20.421 DEBUG qt.scenegraph.time.renderer: time in renderer: total=0ms, preprocess=0, updates=0, rendering=0
2026-07-14 19:22:20.428 DEBUG qt.scenegraph.time.renderloop: [window 0x7f380ef04e40][gui thread] polishAndSync: start, elapsed since last call: 6 ms
2026-07-14 19:22:20.428 DEBUG qt.scenegraph.time.renderloop: [window 0x7f380ef04e40][render thread 0x7f380ed86040] syncAndRender: frame rendered in 6ms, sync=0, render=0, swap=6
2026-07-14 19:22:20.428 DEBUG qt.scenegraph.time.renderloop: [window 0x7f380ef04e40][render thread 0x7f380ed86040] syncAndRender: start, elapsed since last call: 6 ms
2026-07-14 19:22:20.428 DEBUG qt.scenegraph.time.renderloop: [window 0x7f380ef04e40][gui thread] Frame prepared, polish=0 ms, lock=0 ms, blockedForSync=0 ms, animations=0 ms
2026-07-14 19:22:20.428 DEBUG qt.scenegraph.time.renderer: time in renderer: total=0ms, preprocess=0, updates=0, rendering=0
2026-07-14 19:22:20.435 DEBUG qt.scenegraph.time.renderloop: [window 0x7f380ef04e40][gui thread] polishAndSync: start, elapsed since last call: 7 ms
2026-07-14 19:22:20.435 DEBUG qt.scenegraph.time.renderloop: [window 0x7f380ef04e40][render thread 0x7f380ed86040] syncAndRender: frame rendered in 7ms, sync=0, render=0, swap=7
2026-07-14 19:22:20.435 DEBUG qt.scenegraph.time.renderloop: [window 0x7f380ef04e40][render thread 0x7f380ed86040] syncAndRender: start, elapsed since last call: 7 ms
2026-07-14 19:22:20.435 DEBUG qt.scenegraph.time.renderloop: [window 0x7f380ef04e40][gui thread] Frame prepared, polish=0 ms, lock=0 ms, blockedForSync=0 ms, animations=0 ms
2026-07-14 19:22:20.435 DEBUG qt.scenegraph.time.renderer: time in renderer: total=0ms, preprocess=0, updates=0, rendering=0
2026-07-14 19:22:20.442 DEBUG qt.scenegraph.time.renderloop: [window 0x7f380ef04e40][gui thread] polishAndSync: start, elapsed since last call: 6 ms
2026-07-14 19:22:20.442 DEBUG qt.scenegraph.time.renderloop: [window 0x7f380ef04e40][render thread 0x7f380ed86040] syncAndRender: frame rendered in 6ms, sync=0, render=0, swap=6
2026-07-14 19:22:20.442 DEBUG qt.scenegraph.time.renderloop: [window 0x7f380ef04e40][render thread 0x7f380ed86040] syncAndRender: start, elapsed since last call: 6 ms
2026-07-14 19:22:20.442 DEBUG qt.scenegraph.time.renderloop: [window 0x7f380ef04e40][gui thread] Frame prepared, polish=0 ms, lock=0 ms, blockedForSync=0 ms, animations=0 ms
2026-07-14 19:22:20.442 DEBUG qt.scenegraph.time.renderer: time in renderer: total=0ms, preprocess=0, updates=0, rendering=0
2026-07-14 19:22:20.449 DEBUG qt.scenegraph.time.renderloop: [window 0x7f380ef04e40][render thread 0x7f380ed86040] syncAndRender: frame rendered in 6ms, sync=0, render=0, swap=6
2026-07-14 19:22:20.449 DEBUG qt.scenegraph.time.renderloop: [window 0x7f380ef04e40][gui thread] polishAndSync: start, elapsed since last call: 6 ms
2026-07-14 19:22:20.449 DEBUG qt.scenegraph.time.renderloop: [window 0x7f380ef04e40][render thread 0x7f380ed86040] syncAndRender: start, elapsed since last call: 6 ms
2026-07-14 19:22:20.449 DEBUG qt.scenegraph.time.renderloop: [window 0x7f380ef04e40][gui thread] Frame prepared, polish=0 ms, lock=0 ms, blockedForSync=0 ms, animations=0 ms
2026-07-14 19:22:20.449 DEBUG qt.scenegraph.time.renderer: time in renderer: total=0ms, preprocess=0, updates=0, rendering=0
2026-07-14 19:22:20.456 DEBUG qt.scenegraph.time.renderloop: [window 0x7f380ef04e40][render thread 0x7f380ed86040] syncAndRender: frame rendered in 7ms, sync=0, render=0, swap=6
2026-07-14 19:22:20.456 DEBUG qt.scenegraph.time.renderloop: [window 0x7f380ef04e40][gui thread] polishAndSync: start, elapsed since last call: 7 ms
2026-07-14 19:22:20.456 DEBUG qt.scenegraph.time.renderloop: [window 0x7f380ef04e40][render thread 0x7f380ed86040] syncAndRender: start, elapsed since last call: 7 ms
2026-07-14 19:22:20.456 DEBUG qt.scenegraph.time.renderloop: [window 0x7f380ef04e40][gui thread] Frame prepared, polish=0 ms, lock=0 ms, blockedForSync=0 ms, animations=0 ms
2026-07-14 19:22:20.456 DEBUG qt.scenegraph.time.renderer: time in renderer: total=0ms, preprocess=0, updates=0, rendering=0
2026-07-14 19:22:20.463 DEBUG qt.scenegraph.time.renderloop: [window 0x7f380ef04e40][render thread 0x7f380ed86040] syncAndRender: frame rendered in 6ms, sync=0, render=0, swap=6
2026-07-14 19:22:20.463 DEBUG qt.scenegraph.time.renderloop: [window 0x7f380ef04e40][gui thread] polishAndSync: start, elapsed since last call: 6 ms
2026-07-14 19:22:20.463 DEBUG qt.scenegraph.time.renderloop: [window 0x7f380ef04e40][render thread 0x7f380ed86040] syncAndRender: start, elapsed since last call: 6 ms
2026-07-14 19:22:20.463 DEBUG qt.scenegraph.time.renderloop: [window 0x7f380ef04e40][gui thread] Frame prepared, polish=0 ms, lock=0 ms, blockedForSync=0 ms, animations=0 ms
2026-07-14 19:22:20.463 DEBUG qt.scenegraph.time.renderer: time in renderer: total=0ms, preprocess=0, updates=0, rendering=0
2026-07-14 19:22:20.470 DEBUG qt.scenegraph.time.renderloop: [window 0x7f380ef04e40][gui thread] polishAndSync: start, elapsed since last call: 6 ms
2026-07-14 19:22:20.470 DEBUG qt.scenegraph.time.renderloop: [window 0x7f380ef04e40][render thread 0x7f380ed86040] syncAndRender: frame rendered in 6ms, sync=0, render=0, swap=6
2026-07-14 19:22:20.470 DEBUG qt.scenegraph.time.renderloop: [window 0x7f380ef04e40][render thread 0x7f380ed86040] syncAndRender: start, elapsed since last call: 6 ms
2026-07-14 19:22:20.470 DEBUG qt.scenegraph.time.renderloop: [window 0x7f380ef04e40][gui thread] Frame prepared, polish=0 ms, lock=0 ms, blockedForSync=0 ms, animations=0 ms
2026-07-14 19:22:20.470 DEBUG qt.scenegraph.time.renderer: time in renderer: total=0ms, preprocess=0, updates=0, rendering=0
2026-07-14 19:22:20.476 DEBUG qt.scenegraph.time.renderloop: [window 0x7f380ef04e40][render thread 0x7f380ed86040] syncAndRender: frame rendered in 6ms, sync=0, render=0, swap=6
2026-07-14 19:22:20.476 DEBUG qt.scenegraph.time.renderloop: [window 0x7f380ef04e40][gui thread] polishAndSync: start, elapsed since last call: 6 ms
2026-07-14 19:22:20.476 DEBUG qt.scenegraph.time.renderloop: [window 0x7f380ef04e40][render thread 0x7f380ed86040] syncAndRender: start, elapsed since last call: 6 ms
2026-07-14 19:22:20.476 DEBUG qt.scenegraph.time.renderer: time in renderer: total=0ms, preprocess=0, updates=0, rendering=0
2026-07-14 19:22:20.476 DEBUG qt.scenegraph.time.renderloop: [window 0x7f380ef04e40][gui thread] Frame prepared, polish=0 ms, lock=0 ms, blockedForSync=0 ms, animations=0 ms
2026-07-14 19:22:20.483 DEBUG qt.scenegraph.time.renderloop: [window 0x7f380ef04e40][gui thread] polishAndSync: start, elapsed since last call: 6 ms
2026-07-14 19:22:20.483 DEBUG qt.scenegraph.time.renderloop: [window 0x7f380ef04e40][render thread 0x7f380ed86040] syncAndRender: frame rendered in 6ms, sync=0, render=0, swap=6
2026-07-14 19:22:20.484 DEBUG qt.scenegraph.time.renderloop: [window 0x7f380ef04e40][render thread 0x7f380ed86040] syncAndRender: start, elapsed since last call: 7 ms
2026-07-14 19:22:20.484 DEBUG qt.scenegraph.time.renderloop: [window 0x7f380ef04e40][gui thread] Frame prepared, polish=0 ms, lock=0 ms, blockedForSync=0 ms, animations=0 ms
2026-07-14 19:22:20.484 DEBUG qt.scenegraph.time.renderer: time in renderer: total=0ms, preprocess=0, updates=0, rendering=0
2026-07-14 19:22:20.490 DEBUG qt.scenegraph.time.renderloop: [window 0x7f380ef04e40][render thread 0x7f380ed86040] syncAndRender: frame rendered in 6ms, sync=0, render=0, swap=6
2026-07-14 19:22:20.490 DEBUG qt.scenegraph.time.renderloop: [window 0x7f380ef04e40][gui thread] polishAndSync: start, elapsed since last call: 7 ms
2026-07-14 19:22:20.490 DEBUG qt.scenegraph.time.renderloop: [window 0x7f380ef04e40][render thread 0x7f380ed86040] syncAndRender: start, elapsed since last call: 6 ms
2026-07-14 19:22:20.490 DEBUG qt.scenegraph.time.renderloop: [window 0x7f380ef04e40][gui thread] Frame prepared, polish=0 ms, lock=0 ms, blockedForSync=0 ms, animations=0 ms
2026-07-14 19:22:20.490 DEBUG qt.scenegraph.time.renderer: time in renderer: total=0ms, preprocess=0, updates=0, rendering=0
2026-07-14 19:22:20.497 DEBUG qt.scenegraph.time.renderloop: [window 0x7f380ef04e40][gui thread] polishAndSync: start, elapsed since last call: 6 ms
2026-07-14 19:22:20.497 DEBUG qt.scenegraph.time.renderloop: [window 0x7f380ef04e40][render thread 0x7f380ed86040] syncAndRender: frame rendered in 6ms, sync=0, render=0, swap=6
2026-07-14 19:22:20.497 DEBUG qt.scenegraph.time.renderloop: [window 0x7f380ef04e40][render thread 0x7f380ed86040] syncAndRender: start, elapsed since last call: 6 ms
2026-07-14 19:22:20.497 DEBUG qt.scenegraph.time.renderloop: [window 0x7f380ef04e40][gui thread] Frame prepared, polish=0 ms, lock=0 ms, blockedForSync=0 ms, animations=0 ms
2026-07-14 19:22:20.497 DEBUG qt.scenegraph.time.renderer: time in renderer: total=0ms, preprocess=0, updates=0, rendering=0
2026-07-14 19:22:20.504 DEBUG qt.scenegraph.time.renderloop: [window 0x7f380ef04e40][gui thread] polishAndSync: start, elapsed since last call: 7 ms
2026-07-14 19:22:20.504 DEBUG qt.scenegraph.time.renderloop: [window 0x7f380ef04e40][render thread 0x7f380ed86040] syncAndRender: frame rendered in 7ms, sync=0, render=0, swap=6
2026-07-14 19:22:20.504 DEBUG qt.scenegraph.time.renderloop: [window 0x7f380ef04e40][render thread 0x7f380ed86040] syncAndRender: start, elapsed since last call: 7 ms
2026-07-14 19:22:20.504 DEBUG qt.scenegraph.time.renderloop: [window 0x7f380ef04e40][gui thread] Frame prepared, polish=0 ms, lock=0 ms, blockedForSync=0 ms, animations=0 ms
2026-07-14 19:22:20.504 DEBUG qt.scenegraph.time.renderer: time in renderer: total=0ms, preprocess=0, updates=0, rendering=0
2026-07-14 19:22:20.511 DEBUG qt.scenegraph.time.renderloop: [window 0x7f380ef04e40][gui thread] polishAndSync: start, elapsed since last call: 6 ms
2026-07-14 19:22:20.511 DEBUG qt.scenegraph.time.renderloop: [window 0x7f380ef04e40][render thread 0x7f380ed86040] syncAndRender: frame rendered in 6ms, sync=0, render=0, swap=6
2026-07-14 19:22:20.511 DEBUG qt.scenegraph.time.renderloop: [window 0x7f380ef04e40][render thread 0x7f380ed86040] syncAndRender: start, elapsed since last call: 6 ms
2026-07-14 19:22:20.511 DEBUG qt.scenegraph.time.renderloop: [window 0x7f380ef04e40][gui thread] Frame prepared, polish=0 ms, lock=0 ms, blockedForSync=0 ms, animations=0 ms
2026-07-14 19:22:20.511 DEBUG qt.scenegraph.time.renderer: time in renderer: total=0ms, preprocess=0, updates=0, rendering=0
2026-07-14 19:22:20.518 DEBUG qt.scenegraph.time.renderloop: [window 0x7f380ef04e40][gui thread] polishAndSync: start, elapsed since last call: 6 ms
2026-07-14 19:22:20.518 DEBUG qt.scenegraph.time.renderloop: [window 0x7f380ef04e40][render thread 0x7f380ed86040] syncAndRender: frame rendered in 6ms, sync=0, render=0, swap=6
2026-07-14 19:22:20.519 DEBUG qt.scenegraph.time.renderloop: [window 0x7f380ef04e40][render thread 0x7f380ed86040] syncAndRender: start, elapsed since last call: 7 ms
2026-07-14 19:22:20.519 DEBUG qt.scenegraph.time.renderloop: [window 0x7f380ef04e40][gui thread] Frame prepared, polish=0 ms, lock=0 ms, blockedForSync=0 ms, animations=0 ms
2026-07-14 19:22:20.519 DEBUG qt.scenegraph.time.renderer: time in renderer: total=0ms, preprocess=0, updates=0, rendering=0
2026-07-14 19:22:20.525 DEBUG qt.scenegraph.time.renderloop: [window 0x7f380ef04e40][render thread 0x7f380ed86040] syncAndRender: frame rendered in 6ms, sync=0, render=0, swap=6
2026-07-14 19:22:20.525 DEBUG qt.scenegraph.time.renderloop: [window 0x7f380ef04e40][gui thread] polishAndSync: start, elapsed since last call: 6 ms
2026-07-14 19:22:20.525 DEBUG qt.scenegraph.time.renderloop: [window 0x7f380ef04e40][render thread 0x7f380ed86040] syncAndRender: start, elapsed since last call: 6 ms
2026-07-14 19:22:20.525 DEBUG qt.scenegraph.time.renderloop: [window 0x7f380ef04e40][gui thread] Frame prepared, polish=0 ms, lock=0 ms, blockedForSync=0 ms, animations=0 ms
2026-07-14 19:22:20.525 DEBUG qt.scenegraph.time.renderer: time in renderer: total=0ms, preprocess=0, updates=0, rendering=0
2026-07-14 19:22:20.532 DEBUG qt.scenegraph.time.renderloop: [window 0x7f380ef04e40][gui thread] polishAndSync: start, elapsed since last call: 7 ms
2026-07-14 19:22:20.532 DEBUG qt.scenegraph.time.renderloop: [window 0x7f380ef04e40][render thread 0x7f380ed86040] syncAndRender: frame rendered in 6ms, sync=0, render=0, swap=6
2026-07-14 19:22:20.532 DEBUG qt.scenegraph.time.renderloop: [window 0x7f380ef04e40][render thread 0x7f380ed86040] syncAndRender: start, elapsed since last call: 7 ms
2026-07-14 19:22:20.532 DEBUG qt.scenegraph.time.renderloop: [window 0x7f380ef04e40][gui thread] Frame prepared, polish=0 ms, lock=0 ms, blockedForSync=0 ms, animations=0 ms
2026-07-14 19:22:20.532 DEBUG qt.scenegraph.time.renderer: time in renderer: total=0ms, preprocess=0, updates=0, rendering=0
2026-07-14 19:22:20.539 DEBUG qt.scenegraph.time.renderloop: [window 0x7f380ef04e40][gui thread] polishAndSync: start, elapsed since last call: 6 ms
2026-07-14 19:22:20.539 DEBUG qt.scenegraph.time.renderloop: [window 0x7f380ef04e40][render thread 0x7f380ed86040] syncAndRender: frame rendered in 6ms, sync=0, render=0, swap=6
2026-07-14 19:22:20.539 DEBUG qt.scenegraph.time.renderloop: [window 0x7f380ef04e40][render thread 0x7f380ed86040] syncAndRender: start, elapsed since last call: 6 ms
2026-07-14 19:22:20.539 DEBUG qt.scenegraph.time.renderloop: [window 0x7f380ef04e40][gui thread] Frame prepared, polish=0 ms, lock=0 ms, blockedForSync=0 ms, animations=0 ms
2026-07-14 19:22:20.539 DEBUG qt.scenegraph.time.renderer: time in renderer: total=0ms, preprocess=0, updates=0, rendering=0
2026-07-14 19:22:20.546 DEBUG qt.scenegraph.time.renderloop: [window 0x7f380ef04e40][gui thread] polishAndSync: start, elapsed since last call: 6 ms
2026-07-14 19:22:20.546 DEBUG qt.scenegraph.time.renderloop: [window 0x7f380ef04e40][render thread 0x7f380ed86040] syncAndRender: frame rendered in 6ms, sync=0, render=0, swap=6
2026-07-14 19:22:20.546 DEBUG qt.scenegraph.time.renderloop: [window 0x7f380ef04e40][render thread 0x7f380ed86040] syncAndRender: start, elapsed since last call: 6 ms
2026-07-14 19:22:20.546 DEBUG qt.scenegraph.time.renderloop: [window 0x7f380ef04e40][gui thread] Frame prepared, polish=0 ms, lock=0 ms, blockedForSync=0 ms, animations=0 ms
2026-07-14 19:22:20.546 DEBUG qt.scenegraph.time.renderer: time in renderer: total=0ms, preprocess=0, updates=0, rendering=0
2026-07-14 19:22:20.553 DEBUG qt.scenegraph.time.renderloop: [window 0x7f380ef04e40][gui thread] polishAndSync: start, elapsed since last call: 6 ms
2026-07-14 19:22:20.553 DEBUG qt.scenegraph.time.renderloop: [window 0x7f380ef04e40][render thread 0x7f380ed86040] syncAndRender: frame rendered in 6ms, sync=0, render=0, swap=6
2026-07-14 19:22:20.553 DEBUG qt.scenegraph.time.renderloop: [window 0x7f380ef04e40][render thread 0x7f380ed86040] syncAndRender: start, elapsed since last call: 7 ms
2026-07-14 19:22:20.553 DEBUG qt.scenegraph.time.renderloop: [window 0x7f380ef04e40][gui thread] Frame prepared, polish=0 ms, lock=0 ms, blockedForSync=0 ms, animations=0 ms
2026-07-14 19:22:20.553 DEBUG qt.scenegraph.time.renderer: time in renderer: total=0ms, preprocess=0, updates=0, rendering=0
2026-07-14 19:22:20.560 DEBUG qt.scenegraph.time.renderloop: [window 0x7f380ef04e40][gui thread] polishAndSync: start, elapsed since last call: 6 ms
2026-07-14 19:22:20.560 DEBUG qt.scenegraph.time.renderloop: [window 0x7f380ef04e40][render thread 0x7f380ed86040] syncAndRender: frame rendered in 6ms, sync=0, render=0, swap=6
2026-07-14 19:22:20.560 DEBUG qt.scenegraph.time.renderloop: [window 0x7f380ef04e40][render thread 0x7f380ed86040] syncAndRender: start, elapsed since last call: 6 ms
2026-07-14 19:22:20.560 DEBUG qt.scenegraph.time.renderloop: [window 0x7f380ef04e40][gui thread] Frame prepared, polish=0 ms, lock=0 ms, blockedForSync=0 ms, animations=0 ms
2026-07-14 19:22:20.560 DEBUG qt.scenegraph.time.renderer: time in renderer: total=0ms, preprocess=0, updates=0, rendering=0
2026-07-14 19:22:20.567 DEBUG qt.scenegraph.time.renderloop: [window 0x7f380ef04e40][gui thread] polishAndSync: start, elapsed since last call: 6 ms
2026-07-14 19:22:20.567 DEBUG qt.scenegraph.time.renderloop: [window 0x7f380ef04e40][render thread 0x7f380ed86040] syncAndRender: frame rendered in 6ms, sync=0, render=0, swap=6
2026-07-14 19:22:20.567 DEBUG qt.scenegraph.time.renderloop: [window 0x7f380ef04e40][render thread 0x7f380ed86040] syncAndRender: start, elapsed since last call: 6 ms
2026-07-14 19:22:20.567 DEBUG qt.scenegraph.time.renderloop: [window 0x7f380ef04e40][gui thread] Frame prepared, polish=0 ms, lock=0 ms, blockedForSync=0 ms, animations=0 ms
2026-07-14 19:22:20.567 DEBUG qt.scenegraph.time.renderer: time in renderer: total=0ms, preprocess=0, updates=0, rendering=0
2026-07-14 19:22:20.574 DEBUG qt.scenegraph.time.renderloop: [window 0x7f380ef04e40][gui thread] polishAndSync: start, elapsed since last call: 6 ms
2026-07-14 19:22:20.574 DEBUG qt.scenegraph.time.renderloop: [window 0x7f380ef04e40][render thread 0x7f380ed86040] syncAndRender: frame rendered in 6ms, sync=0, render=0, swap=6
2026-07-14 19:22:20.574 DEBUG qt.scenegraph.time.renderloop: [window 0x7f380ef04e40][render thread 0x7f380ed86040] syncAndRender: start, elapsed since last call: 6 ms
2026-07-14 19:22:20.574 DEBUG qt.scenegraph.time.renderloop: [window 0x7f380ef04e40][gui thread] Frame prepared, polish=0 ms, lock=0 ms, blockedForSync=0 ms, animations=0 ms
2026-07-14 19:22:20.574 DEBUG qt.scenegraph.time.renderer: time in renderer: total=0ms, preprocess=0, updates=0, rendering=0
2026-07-14 19:22:20.581 DEBUG qt.scenegraph.time.renderloop: [window 0x7f380ef04e40][render thread 0x7f380ed86040] syncAndRender: frame rendered in 6ms, sync=0, render=0, swap=6
2026-07-14 19:22:20.588 DEBUG qt.scenegraph.time.renderloop: [window 0x7f380ef04e40][gui thread] polishAndSync: start, elapsed since last call: 13 ms
2026-07-14 19:22:20.588 DEBUG qt.scenegraph.time.renderloop: [window 0x7f380ef04e40][render thread 0x7f380ed86040] syncAndRender: start, elapsed since last call: 14 ms
2026-07-14 19:22:20.588 DEBUG qt.scenegraph.time.renderloop: [window 0x7f380ef04e40][gui thread] Frame prepared, polish=0 ms, lock=0 ms, blockedForSync=0 ms, animations=0 ms
2026-07-14 19:22:20.588 DEBUG qt.scenegraph.time.renderer: time in renderer: total=0ms, preprocess=0, updates=0, rendering=0
2026-07-14 19:22:20.588 DEBUG qt.scenegraph.time.renderloop: [window 0x7f380ef04e40][render thread 0x7f380ed86040] syncAndRender: frame rendered in 0ms, sync=0, render=0, swap=0
2026-07-14 19:22:20.595 DEBUG qt.scenegraph.time.renderloop: [window 0x7f380ef04e40][gui thread] polishAndSync: start, elapsed since last call: 7 ms
2026-07-14 19:22:20.595 DEBUG qt.scenegraph.time.renderloop: [window 0x7f380ef04e40][render thread 0x7f380ed86040] syncAndRender: start, elapsed since last call: 7 ms
2026-07-14 19:22:20.595 DEBUG qt.scenegraph.time.renderloop: [window 0x7f380ef04e40][gui thread] Frame prepared, polish=0 ms, lock=0 ms, blockedForSync=0 ms, animations=0 ms
2026-07-14 19:22:20.595 DEBUG qt.scenegraph.time.renderer: time in renderer: total=0ms, preprocess=0, updates=0, rendering=0
2026-07-14 19:22:20.595 DEBUG qt.scenegraph.time.renderloop: [window 0x7f380ef04e40][render thread 0x7f380ed86040] syncAndRender: frame rendered in 0ms, sync=0, render=0, swap=0
2026-07-14 19:22:20.619 DEBUG qt.scenegraph.time.renderloop: [window 0x7f380ef04e40][gui thread] polishAndSync: start, elapsed since last call: 23 ms
2026-07-14 19:22:20.619 DEBUG qt.scenegraph.time.renderloop: [window 0x7f380ef04e40][render thread 0x7f380ed86040] syncAndRender: start, elapsed since last call: 24 ms
2026-07-14 19:22:20.619 DEBUG qt.scenegraph.time.renderloop: [window 0x7f380ef04e40][gui thread] Frame prepared, polish=0 ms, lock=0 ms, blockedForSync=0 ms, animations=0 ms
2026-07-14 19:22:20.619 DEBUG qt.scenegraph.time.renderer: time in renderer: total=0ms, preprocess=0, updates=0, rendering=0
2026-07-14 19:22:20.619 DEBUG qt.scenegraph.time.renderloop: [window 0x7f380ef04e40][render thread 0x7f380ed86040] syncAndRender: frame rendered in 0ms, sync=0, render=0, swap=0
2026-07-14 19:22:20.620 DEBUG qt.scenegraph.time.renderloop: [window 0x7f380ef04e40][gui thread] polishAndSync: start, elapsed since last call: 0 ms
2026-07-14 19:22:20.620 DEBUG qt.scenegraph.time.renderloop: [window 0x7f380ef04e40][render thread 0x7f380ed86040] syncAndRender: start, elapsed since last call: 0 ms
2026-07-14 19:22:20.620 DEBUG qt.scenegraph.time.renderloop: [window 0x7f380ef04e40][gui thread] Frame prepared, polish=0 ms, lock=0 ms, blockedForSync=0 ms, animations=0 ms
2026-07-14 19:22:20.620 DEBUG qt.scenegraph.time.renderer: time in renderer: total=0ms, preprocess=0, updates=0, rendering=0
2026-07-14 19:22:20.620 DEBUG qt.scenegraph.time.renderloop: [window 0x7f380ef04e40][render thread 0x7f380ed86040] syncAndRender: frame rendered in 0ms, sync=0, render=0, swap=0
2026-07-14 19:22:20.653 DEBUG qt.scenegraph.time.renderloop: [window 0x7f380ef04e40][gui thread] polishAndSync: start, elapsed since last call: 32 ms
2026-07-14 19:22:20.653 DEBUG qt.scenegraph.time.renderloop: [window 0x7f380ef04e40][render thread 0x7f380ed86040] syncAndRender: start, elapsed since last call: 33 ms
2026-07-14 19:22:20.653 DEBUG qt.scenegraph.time.renderloop: [window 0x7f380ef04e40][gui thread] Frame prepared, polish=0 ms, lock=0 ms, blockedForSync=0 ms, animations=0 ms
2026-07-14 19:22:20.653 DEBUG qt.scenegraph.time.renderer: time in renderer: total=0ms, preprocess=0, updates=0, rendering=0
2026-07-14 19:22:20.653 DEBUG qt.scenegraph.time.renderloop: [window 0x7f380ef04e40][render thread 0x7f380ed86040] syncAndRender: frame rendered in 0ms, sync=0, render=0, swap=0
2026-07-14 19:22:20.654 DEBUG qt.scenegraph.time.renderloop: [window 0x7f380ef04e40][gui thread] polishAndSync: start, elapsed since last call: 1 ms
2026-07-14 19:22:20.654 DEBUG qt.scenegraph.time.renderloop: [window 0x7f380ef04e40][render thread 0x7f380ed86040] syncAndRender: start, elapsed since last call: 0 ms
2026-07-14 19:22:20.654 DEBUG qt.scenegraph.time.renderloop: [window 0x7f380ef04e40][gui thread] Frame prepared, polish=0 ms, lock=0 ms, blockedForSync=0 ms, animations=0 ms
2026-07-14 19:22:20.654 DEBUG qt.scenegraph.time.renderer: time in renderer: total=0ms, preprocess=0, updates=0, rendering=0
2026-07-14 19:22:20.654 DEBUG qt.scenegraph.time.renderloop: [window 0x7f380ef04e40][render thread 0x7f380ed86040] syncAndRender: frame rendered in 0ms, sync=0, render=0, swap=0
2026-07-14 19:22:20.685 DEBUG qt.scenegraph.time.renderloop: [window 0x7f380ef04e40][gui thread] polishAndSync: start, elapsed since last call: 31 ms
2026-07-14 19:22:20.686 DEBUG qt.scenegraph.time.renderloop: [window 0x7f380ef04e40][render thread 0x7f380ed86040] syncAndRender: start, elapsed since last call: 32 ms
2026-07-14 19:22:20.686 DEBUG qt.scenegraph.time.renderloop: [window 0x7f380ef04e40][gui thread] Frame prepared, polish=0 ms, lock=0 ms, blockedForSync=0 ms, animations=0 ms
2026-07-14 19:22:20.686 DEBUG qt.scenegraph.time.renderer: time in renderer: total=0ms, preprocess=0, updates=0, rendering=0
2026-07-14 19:22:20.686 DEBUG qt.scenegraph.time.renderloop: [window 0x7f380ef04e40][render thread 0x7f380ed86040] syncAndRender: frame rendered in 0ms, sync=0, render=0, swap=0
2026-07-14 19:22:20.686 DEBUG qt.scenegraph.time.renderloop: [window 0x7f380ef04e40][gui thread] polishAndSync: start, elapsed since last call: 1 ms
2026-07-14 19:22:20.686 DEBUG qt.scenegraph.time.renderloop: [window 0x7f380ef04e40][render thread 0x7f380ed86040] syncAndRender: start, elapsed since last call: 0 ms
2026-07-14 19:22:20.686 DEBUG qt.scenegraph.time.renderloop: [window 0x7f380ef04e40][gui thread] Frame prepared, polish=0 ms, lock=0 ms, blockedForSync=0 ms, animations=0 ms
2026-07-14 19:22:20.686 DEBUG qt.scenegraph.time.renderer: time in renderer: total=0ms, preprocess=0, updates=0, rendering=0
2026-07-14 19:22:20.687 DEBUG qt.scenegraph.time.renderloop: [window 0x7f380ef04e40][render thread 0x7f380ed86040] syncAndRender: frame rendered in 0ms, sync=0, render=0, swap=0
2026-07-14 19:22:20.719 DEBUG qt.scenegraph.time.renderloop: [window 0x7f380ef04e40][gui thread] polishAndSync: start, elapsed since last call: 32 ms
2026-07-14 19:22:20.719 DEBUG qt.scenegraph.time.renderloop: [window 0x7f380ef04e40][render thread 0x7f380ed86040] syncAndRender: start, elapsed since last call: 33 ms
2026-07-14 19:22:20.719 DEBUG qt.scenegraph.time.renderloop: [window 0x7f380ef04e40][gui thread] Frame prepared, polish=0 ms, lock=0 ms, blockedForSync=0 ms, animations=0 ms
2026-07-14 19:22:20.720 DEBUG qt.scenegraph.time.renderer: time in renderer: total=0ms, preprocess=0, updates=0, rendering=0
2026-07-14 19:22:20.720 DEBUG qt.scenegraph.time.renderloop: [window 0x7f380ef04e40][render thread 0x7f380ed86040] syncAndRender: frame rendered in 0ms, sync=0, render=0, swap=0
2026-07-14 19:22:20.720 DEBUG qt.scenegraph.time.renderloop: [window 0x7f380ef04e40][gui thread] polishAndSync: start, elapsed since last call: 1 ms
2026-07-14 19:22:20.720 DEBUG qt.scenegraph.time.renderloop: [window 0x7f380ef04e40][render thread 0x7f380ed86040] syncAndRender: start, elapsed since last call: 0 ms
2026-07-14 19:22:20.720 DEBUG qt.scenegraph.time.renderloop: [window 0x7f380ef04e40][gui thread] Frame prepared, polish=0 ms, lock=0 ms, blockedForSync=0 ms, animations=0 ms
2026-07-14 19:22:20.720 DEBUG qt.scenegraph.time.renderer: time in renderer: total=0ms, preprocess=0, updates=0, rendering=0
2026-07-14 19:22:20.720 DEBUG qt.scenegraph.time.renderloop: [window 0x7f380ef04e40][render thread 0x7f380ed86040] syncAndRender: frame rendered in 0ms, sync=0, render=0, swap=0
2026-07-14 19:22:20.752 DEBUG qt.scenegraph.time.renderloop: [window 0x7f380ef04e40][gui thread] polishAndSync: start, elapsed since last call: 31 ms
2026-07-14 19:22:20.752 DEBUG qt.scenegraph.time.renderloop: [window 0x7f380ef04e40][render thread 0x7f380ed86040] syncAndRender: start, elapsed since last call: 32 ms
2026-07-14 19:22:20.752 DEBUG qt.scenegraph.time.renderloop: [window 0x7f380ef04e40][gui thread] Frame prepared, polish=0 ms, lock=0 ms, blockedForSync=0 ms, animations=0 ms
2026-07-14 19:22:20.752 DEBUG qt.scenegraph.time.renderer: time in renderer: total=0ms, preprocess=0, updates=0, rendering=0
2026-07-14 19:22:20.753 DEBUG qt.scenegraph.time.renderloop: [window 0x7f380ef04e40][render thread 0x7f380ed86040] syncAndRender: frame rendered in 0ms, sync=0, render=0, swap=0
2026-07-14 19:22:20.753 DEBUG qt.scenegraph.time.renderloop: [window 0x7f380ef04e40][gui thread] polishAndSync: start, elapsed since last call: 1 ms
2026-07-14 19:22:20.753 DEBUG qt.scenegraph.time.renderloop: [window 0x7f380ef04e40][render thread 0x7f380ed86040] syncAndRender: start, elapsed since last call: 0 ms
2026-07-14 19:22:20.753 DEBUG qt.scenegraph.time.renderloop: [window 0x7f380ef04e40][gui thread] Frame prepared, polish=0 ms, lock=0 ms, blockedForSync=0 ms, animations=0 ms
2026-07-14 19:22:20.753 DEBUG qt.scenegraph.time.renderer: time in renderer: total=0ms, preprocess=0, updates=0, rendering=0
2026-07-14 19:22:20.753 DEBUG qt.scenegraph.time.renderloop: [window 0x7f380ef04e40][render thread 0x7f380ed86040] syncAndRender: frame rendered in 0ms, sync=0, render=0, swap=0
2026-07-14 19:22:20.785 DEBUG qt.scenegraph.time.renderloop: [window 0x7f380ef04e40][gui thread] polishAndSync: start, elapsed since last call: 31 ms
2026-07-14 19:22:20.785 DEBUG qt.scenegraph.time.renderloop: [window 0x7f380ef04e40][render thread 0x7f380ed86040] syncAndRender: start, elapsed since last call: 32 ms
2026-07-14 19:22:20.785 DEBUG qt.scenegraph.time.renderloop: [window 0x7f380ef04e40][gui thread] Frame prepared, polish=0 ms, lock=0 ms, blockedForSync=0 ms, animations=0 ms
2026-07-14 19:22:20.785 DEBUG qt.scenegraph.time.renderer: time in renderer: total=0ms, preprocess=0, updates=0, rendering=0
2026-07-14 19:22:20.785 DEBUG qt.scenegraph.time.renderloop: [window 0x7f380ef04e40][render thread 0x7f380ed86040] syncAndRender: frame rendered in 0ms, sync=0, render=0, swap=0
2026-07-14 19:22:20.786 DEBUG qt.scenegraph.time.renderloop: [window 0x7f380ef04e40][gui thread] polishAndSync: start, elapsed since last call: 1 ms
2026-07-14 19:22:20.786 DEBUG qt.scenegraph.time.renderloop: [window 0x7f380ef04e40][render thread 0x7f380ed86040] syncAndRender: start, elapsed since last call: 0 ms
2026-07-14 19:22:20.786 DEBUG qt.scenegraph.time.renderloop: [window 0x7f380ef04e40][gui thread] Frame prepared, polish=0 ms, lock=0 ms, blockedForSync=0 ms, animations=0 ms
2026-07-14 19:22:20.786 DEBUG qt.scenegraph.time.renderer: time in renderer: total=0ms, preprocess=0, updates=0, rendering=0
2026-07-14 19:22:20.786 DEBUG qt.scenegraph.time.renderloop: [window 0x7f380ef04e40][render thread 0x7f380ed86040] syncAndRender: frame rendered in 0ms, sync=0, render=0, swap=0
2026-07-14 19:22:20.817 DEBUG qt.scenegraph.time.renderloop: [window 0x7f380ef04e40][gui thread] polishAndSync: start, elapsed since last call: 31 ms
2026-07-14 19:22:20.818 DEBUG qt.scenegraph.time.renderloop: [window 0x7f380ef04e40][render thread 0x7f380ed86040] syncAndRender: start, elapsed since last call: 31 ms
2026-07-14 19:22:20.818 DEBUG qt.scenegraph.time.renderloop: [window 0x7f380ef04e40][gui thread] Frame prepared, polish=0 ms, lock=0 ms, blockedForSync=0 ms, animations=0 ms
2026-07-14 19:22:20.818 DEBUG qt.scenegraph.time.renderer: time in renderer: total=0ms, preprocess=0, updates=0, rendering=0
2026-07-14 19:22:20.818 DEBUG qt.scenegraph.time.renderloop: [window 0x7f380ef04e40][render thread 0x7f380ed86040] syncAndRender: frame rendered in 0ms, sync=0, render=0, swap=0
2026-07-14 19:22:20.818 DEBUG qt.scenegraph.time.renderloop: [window 0x7f380ef04e40][gui thread] polishAndSync: start, elapsed since last call: 1 ms
2026-07-14 19:22:20.818 DEBUG qt.scenegraph.time.renderloop: [window 0x7f380ef04e40][render thread 0x7f380ed86040] syncAndRender: start, elapsed since last call: 0 ms
2026-07-14 19:22:20.818 DEBUG qt.scenegraph.time.renderloop: [window 0x7f380ef04e40][gui thread] Frame prepared, polish=0 ms, lock=0 ms, blockedForSync=0 ms, animations=0 ms
2026-07-14 19:22:20.818 DEBUG qt.scenegraph.time.renderer: time in renderer: total=0ms, preprocess=0, updates=0, rendering=0
2026-07-14 19:22:20.819 DEBUG qt.scenegraph.time.renderloop: [window 0x7f380ef04e40][render thread 0x7f380ed86040] syncAndRender: frame rendered in 0ms, sync=0, render=0, swap=0
2026-07-14 19:22:20.851 DEBUG qt.scenegraph.time.renderloop: [window 0x7f380ef04e40][gui thread] polishAndSync: start, elapsed since last call: 32 ms
2026-07-14 19:22:20.852 DEBUG qt.scenegraph.time.renderloop: [window 0x7f380ef04e40][render thread 0x7f380ed86040] syncAndRender: start, elapsed since last call: 33 ms
2026-07-14 19:22:20.852 DEBUG qt.scenegraph.time.renderloop: [window 0x7f380ef04e40][gui thread] Frame prepared, polish=0 ms, lock=0 ms, blockedForSync=0 ms, animations=0 ms
2026-07-14 19:22:20.852 DEBUG qt.scenegraph.time.renderer: time in renderer: total=0ms, preprocess=0, updates=0, rendering=0
2026-07-14 19:22:20.852 DEBUG qt.scenegraph.time.renderloop: [window 0x7f380ef04e40][render thread 0x7f380ed86040] syncAndRender: frame rendered in 0ms, sync=0, render=0, swap=0
2026-07-14 19:22:20.852 DEBUG qt.scenegraph.time.renderloop: [window 0x7f380ef04e40][gui thread] polishAndSync: start, elapsed since last call: 1 ms
2026-07-14 19:22:20.852 DEBUG qt.scenegraph.time.renderloop: [window 0x7f380ef04e40][render thread 0x7f380ed86040] syncAndRender: start, elapsed since last call: 0 ms
2026-07-14 19:22:20.852 DEBUG qt.scenegraph.time.renderloop: [window 0x7f380ef04e40][gui thread] Frame prepared, polish=0 ms, lock=0 ms, blockedForSync=0 ms, animations=0 ms
2026-07-14 19:22:20.853 DEBUG qt.scenegraph.time.renderer: time in renderer: total=0ms, preprocess=0, updates=0, rendering=0
2026-07-14 19:22:20.853 DEBUG qt.scenegraph.time.renderloop: [window 0x7f380ef04e40][render thread 0x7f380ed86040] syncAndRender: frame rendered in 0ms, sync=0, render=0, swap=0
2026-07-14 19:22:20.884 DEBUG qt.scenegraph.time.renderloop: [window 0x7f380ef04e40][gui thread] polishAndSync: start, elapsed since last call: 31 ms
2026-07-14 19:22:20.884 DEBUG qt.scenegraph.time.renderloop: [window 0x7f380ef04e40][render thread 0x7f380ed86040] syncAndRender: start, elapsed since last call: 31 ms
2026-07-14 19:22:20.884 DEBUG qt.scenegraph.time.renderloop: [window 0x7f380ef04e40][gui thread] Frame prepared, polish=0 ms, lock=0 ms, blockedForSync=0 ms, animations=0 ms
2026-07-14 19:22:20.884 DEBUG qt.scenegraph.time.renderer: time in renderer: total=0ms, preprocess=0, updates=0, rendering=0
2026-07-14 19:22:20.885 DEBUG qt.scenegraph.time.renderloop: [window 0x7f380ef04e40][render thread 0x7f380ed86040] syncAndRender: frame rendered in 0ms, sync=0, render=0, swap=0
2026-07-14 19:22:20.885 DEBUG qt.scenegraph.time.renderloop: [window 0x7f380ef04e40][gui thread] polishAndSync: start, elapsed since last call: 1 ms
2026-07-14 19:22:20.885 DEBUG qt.scenegraph.time.renderloop: [window 0x7f380ef04e40][render thread 0x7f380ed86040] syncAndRender: start, elapsed since last call: 0 ms
2026-07-14 19:22:20.885 DEBUG qt.scenegraph.time.renderloop: [window 0x7f380ef04e40][gui thread] Frame prepared, polish=0 ms, lock=0 ms, blockedForSync=0 ms, animations=0 ms
2026-07-14 19:22:20.885 DEBUG qt.scenegraph.time.renderer: time in renderer: total=0ms, preprocess=0, updates=0, rendering=0
2026-07-14 19:22:20.885 DEBUG qt.scenegraph.time.renderloop: [window 0x7f380ef04e40][render thread 0x7f380ed86040] syncAndRender: frame rendered in 0ms, sync=0, render=0, swap=0
2026-07-14 19:22:20.917 DEBUG qt.scenegraph.time.renderloop: [window 0x7f380ef04e40][gui thread] polishAndSync: start, elapsed since last call: 31 ms
2026-07-14 19:22:20.919 DEBUG qt.scenegraph.time.renderloop: [window 0x7f380ef04e40][render thread 0x7f380ed86040] syncAndRender: start, elapsed since last call: 33 ms
2026-07-14 19:22:20.919 DEBUG qt.scenegraph.time.renderloop: [window 0x7f380ef04e40][gui thread] Frame prepared, polish=2 ms, lock=0 ms, blockedForSync=0 ms, animations=0 ms
2026-07-14 19:22:20.919 DEBUG qt.scenegraph.time.renderer: time in renderer: total=0ms, preprocess=0, updates=0, rendering=0
2026-07-14 19:22:20.919 DEBUG qt.scenegraph.time.renderloop: [window 0x7f380ef04e40][render thread 0x7f380ed86040] syncAndRender: frame rendered in 0ms, sync=0, render=0, swap=0
2026-07-14 19:22:20.920 DEBUG qt.scenegraph.time.renderloop: [window 0x7f380ef04e40][gui thread] polishAndSync: start, elapsed since last call: 3 ms
2026-07-14 19:22:20.920 DEBUG qt.scenegraph.time.renderloop: [window 0x7f380ef04e40][render thread 0x7f380ed86040] syncAndRender: start, elapsed since last call: 1 ms
2026-07-14 19:22:20.920 DEBUG qt.scenegraph.time.renderloop: [window 0x7f380ef04e40][gui thread] Frame prepared, polish=0 ms, lock=0 ms, blockedForSync=0 ms, animations=0 ms
2026-07-14 19:22:20.920 DEBUG qt.scenegraph.time.renderer: time in renderer: total=0ms, preprocess=0, updates=0, rendering=0
2026-07-14 19:22:20.920 DEBUG qt.scenegraph.time.renderloop: [window 0x7f380ef04e40][render thread 0x7f380ed86040] syncAndRender: frame rendered in 0ms, sync=0, render=0, swap=0
2026-07-14 19:22:20.950 DEBUG qt.scenegraph.time.renderloop: [window 0x7f380ef04e40][gui thread] polishAndSync: start, elapsed since last call: 29 ms
2026-07-14 19:22:20.950 DEBUG qt.scenegraph.time.renderloop: [window 0x7f380ef04e40][render thread 0x7f380ed86040] syncAndRender: start, elapsed since last call: 29 ms
2026-07-14 19:22:20.950 DEBUG qt.scenegraph.time.renderloop: [window 0x7f380ef04e40][gui thread] Frame prepared, polish=0 ms, lock=0 ms, blockedForSync=0 ms, animations=0 ms
2026-07-14 19:22:20.950 DEBUG qt.scenegraph.time.renderer: time in renderer: total=0ms, preprocess=0, updates=0, rendering=0
2026-07-14 19:22:20.950 DEBUG qt.scenegraph.time.renderloop: [window 0x7f380ef04e40][render thread 0x7f380ed86040] syncAndRender: frame rendered in 0ms, sync=0, render=0, swap=0
2026-07-14 19:22:20.951 DEBUG qt.scenegraph.time.renderloop: [window 0x7f380ef04e40][gui thread] polishAndSync: start, elapsed since last call: 1 ms
2026-07-14 19:22:20.951 DEBUG qt.scenegraph.time.renderloop: [window 0x7f380ef04e40][render thread 0x7f380ed86040] syncAndRender: start, elapsed since last call: 1 ms
2026-07-14 19:22:20.951 DEBUG qt.scenegraph.time.renderloop: [window 0x7f380ef04e40][gui thread] Frame prepared, polish=0 ms, lock=0 ms, blockedForSync=0 ms, animations=0 ms
2026-07-14 19:22:20.951 DEBUG qt.scenegraph.time.renderer: time in renderer: total=0ms, preprocess=0, updates=0, rendering=0
2026-07-14 19:22:20.951 DEBUG qt.scenegraph.time.renderloop: [window 0x7f380ef04e40][render thread 0x7f380ed86040] syncAndRender: frame rendered in 0ms, sync=0, render=0, swap=0
2026-07-14 19:22:20.982 DEBUG qt.scenegraph.time.renderloop: [window 0x7f380ef04e40][gui thread] polishAndSync: start, elapsed since last call: 31 ms
2026-07-14 19:22:20.983 DEBUG qt.scenegraph.time.renderloop: [window 0x7f380ef04e40][render thread 0x7f380ed86040] syncAndRender: start, elapsed since last call: 31 ms
2026-07-14 19:22:20.983 DEBUG qt.scenegraph.time.renderloop: [window 0x7f380ef04e40][gui thread] Frame prepared, polish=0 ms, lock=0 ms, blockedForSync=0 ms, animations=0 ms
2026-07-14 19:22:20.983 DEBUG qt.scenegraph.time.renderer: time in renderer: total=0ms, preprocess=0, updates=0, rendering=0
2026-07-14 19:22:20.983 DEBUG qt.scenegraph.time.renderloop: [window 0x7f380ef04e40][render thread 0x7f380ed86040] syncAndRender: frame rendered in 0ms, sync=0, render=0, swap=0
2026-07-14 19:22:20.984 DEBUG qt.scenegraph.time.renderloop: [window 0x7f380ef04e40][gui thread] polishAndSync: start, elapsed since last call: 1 ms
2026-07-14 19:22:20.984 DEBUG qt.scenegraph.time.renderloop: [window 0x7f380ef04e40][render thread 0x7f380ed86040] syncAndRender: start, elapsed since last call: 0 ms
2026-07-14 19:22:20.984 DEBUG qt.scenegraph.time.renderloop: [window 0x7f380ef04e40][gui thread] Frame prepared, polish=0 ms, lock=0 ms, blockedForSync=0 ms, animations=0 ms
2026-07-14 19:22:20.984 DEBUG qt.scenegraph.time.renderer: time in renderer: total=0ms, preprocess=0, updates=0, rendering=0
2026-07-14 19:22:20.984 DEBUG qt.scenegraph.time.renderloop: [window 0x7f380ef04e40][render thread 0x7f380ed86040] syncAndRender: frame rendered in 0ms, sync=0, render=0, swap=0
2026-07-14 19:22:21.016 DEBUG qt.scenegraph.time.renderloop: [window 0x7f380ef04e40][gui thread] polishAndSync: start, elapsed since last call: 32 ms
2026-07-14 19:22:21.016 DEBUG qt.scenegraph.time.renderloop: [window 0x7f380ef04e40][render thread 0x7f380ed86040] syncAndRender: start, elapsed since last call: 32 ms
2026-07-14 19:22:21.016 DEBUG qt.scenegraph.time.renderloop: [window 0x7f380ef04e40][gui thread] Frame prepared, polish=0 ms, lock=0 ms, blockedForSync=0 ms, animations=0 ms
2026-07-14 19:22:21.016 DEBUG qt.scenegraph.time.renderer: time in renderer: total=0ms, preprocess=0, updates=0, rendering=0
2026-07-14 19:22:21.016 DEBUG qt.scenegraph.time.renderloop: [window 0x7f380ef04e40][render thread 0x7f380ed86040] syncAndRender: frame rendered in 0ms, sync=0, render=0, swap=0
2026-07-14 19:22:21.017 DEBUG qt.scenegraph.time.renderloop: [window 0x7f380ef04e40][gui thread] polishAndSync: start, elapsed since last call: 1 ms
2026-07-14 19:22:21.017 DEBUG qt.scenegraph.time.renderloop: [window 0x7f380ef04e40][render thread 0x7f380ed86040] syncAndRender: start, elapsed since last call: 0 ms
2026-07-14 19:22:21.017 DEBUG qt.scenegraph.time.renderloop: [window 0x7f380ef04e40][gui thread] Frame prepared, polish=0 ms, lock=0 ms, blockedForSync=0 ms, animations=0 ms
2026-07-14 19:22:21.017 DEBUG qt.scenegraph.time.renderer: time in renderer: total=0ms, preprocess=0, updates=0, rendering=0
2026-07-14 19:22:21.017 DEBUG qt.scenegraph.time.renderloop: [window 0x7f380ef04e40][render thread 0x7f380ed86040] syncAndRender: frame rendered in 0ms, sync=0, render=0, swap=0
2026-07-14 19:22:21.049 DEBUG qt.scenegraph.time.renderloop: [window 0x7f380ef04e40][gui thread] polishAndSync: start, elapsed since last call: 31 ms
2026-07-14 19:22:21.049 DEBUG qt.scenegraph.time.renderloop: [window 0x7f380ef04e40][render thread 0x7f380ed86040] syncAndRender: start, elapsed since last call: 32 ms
2026-07-14 19:22:21.049 DEBUG qt.scenegraph.time.renderloop: [window 0x7f380ef04e40][gui thread] Frame prepared, polish=0 ms, lock=0 ms, blockedForSync=0 ms, animations=0 ms
2026-07-14 19:22:21.049 DEBUG qt.scenegraph.time.renderer: time in renderer: total=0ms, preprocess=0, updates=0, rendering=0
2026-07-14 19:22:21.049 DEBUG qt.scenegraph.time.renderloop: [window 0x7f380ef04e40][render thread 0x7f380ed86040] syncAndRender: frame rendered in 0ms, sync=0, render=0, swap=0
2026-07-14 19:22:21.050 DEBUG qt.scenegraph.time.renderloop: [window 0x7f380ef04e40][gui thread] polishAndSync: start, elapsed since last call: 1 ms
2026-07-14 19:22:21.050 DEBUG qt.scenegraph.time.renderloop: [window 0x7f380ef04e40][render thread 0x7f380ed86040] syncAndRender: start, elapsed since last call: 0 ms
2026-07-14 19:22:21.050 DEBUG qt.scenegraph.time.renderloop: [window 0x7f380ef04e40][gui thread] Frame prepared, polish=0 ms, lock=0 ms, blockedForSync=0 ms, animations=0 ms
2026-07-14 19:22:21.050 DEBUG qt.scenegraph.time.renderer: time in renderer: total=0ms, preprocess=0, updates=0, rendering=0
2026-07-14 19:22:21.050 DEBUG qt.scenegraph.time.renderloop: [window 0x7f380ef04e40][render thread 0x7f380ed86040] syncAndRender: frame rendered in 0ms, sync=0, render=0, swap=0
2026-07-14 19:22:21.081 DEBUG qt.scenegraph.time.renderloop: [window 0x7f380ef04e40][gui thread] polishAndSync: start, elapsed since last call: 31 ms
2026-07-14 19:22:21.082 DEBUG qt.scenegraph.time.renderloop: [window 0x7f380ef04e40][render thread 0x7f380ed86040] syncAndRender: start, elapsed since last call: 32 ms
2026-07-14 19:22:21.082 DEBUG qt.scenegraph.time.renderloop: [window 0x7f380ef04e40][gui thread] Frame prepared, polish=0 ms, lock=0 ms, blockedForSync=0 ms, animations=0 ms
2026-07-14 19:22:21.082 DEBUG qt.scenegraph.time.renderer: time in renderer: total=0ms, preprocess=0, updates=0, rendering=0
2026-07-14 19:22:21.082 DEBUG qt.scenegraph.time.renderloop: [window 0x7f380ef04e40][render thread 0x7f380ed86040] syncAndRender: frame rendered in 0ms, sync=0, render=0, swap=0
2026-07-14 19:22:21.082 DEBUG qt.scenegraph.time.renderloop: [window 0x7f380ef04e40][gui thread] polishAndSync: start, elapsed since last call: 0 ms
2026-07-14 19:22:21.082 DEBUG qt.scenegraph.time.renderloop: [window 0x7f380ef04e40][render thread 0x7f380ed86040] syncAndRender: start, elapsed since last call: 0 ms
2026-07-14 19:22:21.082 DEBUG qt.scenegraph.time.renderloop: [window 0x7f380ef04e40][gui thread] Frame prepared, polish=0 ms, lock=0 ms, blockedForSync=0 ms, animations=0 ms
2026-07-14 19:22:21.082 DEBUG qt.scenegraph.time.renderer: time in renderer: total=0ms, preprocess=0, updates=0, rendering=0
2026-07-14 19:22:21.083 DEBUG qt.scenegraph.time.renderloop: [window 0x7f380ef04e40][render thread 0x7f380ed86040] syncAndRender: frame rendered in 0ms, sync=0, render=0, swap=0
2026-07-14 19:22:21.114 DEBUG qt.scenegraph.time.renderloop: [window 0x7f380ef04e40][gui thread] polishAndSync: start, elapsed since last call: 31 ms
2026-07-14 19:22:21.114 DEBUG qt.scenegraph.time.renderloop: [window 0x7f380ef04e40][render thread 0x7f380ed86040] syncAndRender: start, elapsed since last call: 32 ms
2026-07-14 19:22:21.114 DEBUG qt.scenegraph.time.renderloop: [window 0x7f380ef04e40][gui thread] Frame prepared, polish=0 ms, lock=0 ms, blockedForSync=0 ms, animations=0 ms
2026-07-14 19:22:21.115 DEBUG qt.scenegraph.time.renderer: time in renderer: total=0ms, preprocess=0, updates=0, rendering=0
2026-07-14 19:22:21.115 DEBUG qt.scenegraph.time.renderloop: [window 0x7f380ef04e40][render thread 0x7f380ed86040] syncAndRender: frame rendered in 0ms, sync=0, render=0, swap=0
2026-07-14 19:22:21.115 DEBUG qt.scenegraph.time.renderloop: [window 0x7f380ef04e40][gui thread] polishAndSync: start, elapsed since last call: 0 ms
2026-07-14 19:22:21.115 DEBUG qt.scenegraph.time.renderloop: [window 0x7f380ef04e40][render thread 0x7f380ed86040] syncAndRender: start, elapsed since last call: 0 ms
2026-07-14 19:22:21.115 DEBUG qt.scenegraph.time.renderloop: [window 0x7f380ef04e40][gui thread] Frame prepared, polish=0 ms, lock=0 ms, blockedForSync=0 ms, animations=0 ms
2026-07-14 19:22:21.115 DEBUG qt.scenegraph.time.renderer: time in renderer: total=0ms, preprocess=0, updates=0, rendering=0
2026-07-14 19:22:21.115 DEBUG qt.scenegraph.time.renderloop: [window 0x7f380ef04e40][render thread 0x7f380ed86040] syncAndRender: frame rendered in 0ms, sync=0, render=0, swap=0
2026-07-14 19:22:21.148 DEBUG qt.scenegraph.time.renderloop: [window 0x7f380ef04e40][gui thread] polishAndSync: start, elapsed since last call: 32 ms
2026-07-14 19:22:21.148 DEBUG qt.scenegraph.time.renderloop: [window 0x7f380ef04e40][render thread 0x7f380ed86040] syncAndRender: start, elapsed since last call: 33 ms
2026-07-14 19:22:21.148 DEBUG qt.scenegraph.time.renderloop: [window 0x7f380ef04e40][gui thread] Frame prepared, polish=0 ms, lock=0 ms, blockedForSync=0 ms, animations=0 ms
2026-07-14 19:22:21.148 DEBUG qt.scenegraph.time.renderer: time in renderer: total=0ms, preprocess=0, updates=0, rendering=0
2026-07-14 19:22:21.148 DEBUG qt.scenegraph.time.renderloop: [window 0x7f380ef04e40][render thread 0x7f380ed86040] syncAndRender: frame rendered in 0ms, sync=0, render=0, swap=0
2026-07-14 19:22:21.149 DEBUG qt.scenegraph.time.renderloop: [window 0x7f380ef04e40][gui thread] polishAndSync: start, elapsed since last call: 0 ms
2026-07-14 19:22:21.149 DEBUG qt.scenegraph.time.renderloop: [window 0x7f380ef04e40][render thread 0x7f380ed86040] syncAndRender: start, elapsed since last call: 0 ms
2026-07-14 19:22:21.149 DEBUG qt.scenegraph.time.renderloop: [window 0x7f380ef04e40][gui thread] Frame prepared, polish=0 ms, lock=0 ms, blockedForSync=0 ms, animations=0 ms
2026-07-14 19:22:21.149 DEBUG qt.scenegraph.time.renderer: time in renderer: total=0ms, preprocess=0, updates=0, rendering=0
2026-07-14 19:22:21.149 DEBUG qt.scenegraph.time.renderloop: [window 0x7f380ef04e40][render thread 0x7f380ed86040] syncAndRender: frame rendered in 0ms, sync=0, render=0, swap=0
2026-07-14 19:22:21.181 DEBUG qt.scenegraph.time.renderloop: [window 0x7f380ef04e40][gui thread] polishAndSync: start, elapsed since last call: 31 ms
2026-07-14 19:22:21.181 DEBUG qt.scenegraph.time.renderloop: [window 0x7f380ef04e40][render thread 0x7f380ed86040] syncAndRender: start, elapsed since last call: 32 ms
2026-07-14 19:22:21.181 DEBUG qt.scenegraph.time.renderloop: [window 0x7f380ef04e40][gui thread] Frame prepared, polish=0 ms, lock=0 ms, blockedForSync=0 ms, animations=0 ms
2026-07-14 19:22:21.181 DEBUG qt.scenegraph.time.renderer: time in renderer: total=0ms, preprocess=0, updates=0, rendering=0
2026-07-14 19:22:21.181 DEBUG qt.scenegraph.time.renderloop: [window 0x7f380ef04e40][render thread 0x7f380ed86040] syncAndRender: frame rendered in 0ms, sync=0, render=0, swap=0
2026-07-14 19:22:21.182 DEBUG qt.scenegraph.time.renderloop: [window 0x7f380ef04e40][gui thread] polishAndSync: start, elapsed since last call: 0 ms
2026-07-14 19:22:21.182 DEBUG qt.scenegraph.time.renderloop: [window 0x7f380ef04e40][render thread 0x7f380ed86040] syncAndRender: start, elapsed since last call: 0 ms
2026-07-14 19:22:21.182 DEBUG qt.scenegraph.time.renderloop: [window 0x7f380ef04e40][gui thread] Frame prepared, polish=0 ms, lock=0 ms, blockedForSync=0 ms, animations=0 ms
2026-07-14 19:22:21.182 DEBUG qt.scenegraph.time.renderer: time in renderer: total=0ms, preprocess=0, updates=0, rendering=0
2026-07-14 19:22:21.182 DEBUG qt.scenegraph.time.renderloop: [window 0x7f380ef04e40][render thread 0x7f380ed86040] syncAndRender: frame rendered in 0ms, sync=0, render=0, swap=0
2026-07-14 19:22:21.213 DEBUG qt.scenegraph.time.renderloop: [window 0x7f380ef04e40][gui thread] polishAndSync: start, elapsed since last call: 31 ms
2026-07-14 19:22:21.214 DEBUG qt.scenegraph.time.renderloop: [window 0x7f380ef04e40][render thread 0x7f380ed86040] syncAndRender: start, elapsed since last call: 32 ms
2026-07-14 19:22:21.214 DEBUG qt.scenegraph.time.renderloop: [window 0x7f380ef04e40][gui thread] Frame prepared, polish=0 ms, lock=0 ms, blockedForSync=0 ms, animations=0 ms
2026-07-14 19:22:21.214 DEBUG qt.scenegraph.time.renderer: time in renderer: total=0ms, preprocess=0, updates=0, rendering=0
2026-07-14 19:22:21.214 DEBUG qt.scenegraph.time.renderloop: [window 0x7f380ef04e40][render thread 0x7f380ed86040] syncAndRender: frame rendered in 0ms, sync=0, render=0, swap=0
2026-07-14 19:22:21.214 DEBUG qt.scenegraph.time.renderloop: [window 0x7f380ef04e40][gui thread] polishAndSync: start, elapsed since last call: 0 ms
2026-07-14 19:22:21.214 DEBUG qt.scenegraph.time.renderloop: [window 0x7f380ef04e40][render thread 0x7f380ed86040] syncAndRender: start, elapsed since last call: 0 ms
2026-07-14 19:22:21.214 DEBUG qt.scenegraph.time.renderloop: [window 0x7f380ef04e40][gui thread] Frame prepared, polish=0 ms, lock=0 ms, blockedForSync=0 ms, animations=0 ms
2026-07-14 19:22:21.214 DEBUG qt.scenegraph.time.renderer: time in renderer: total=0ms, preprocess=0, updates=0, rendering=0
2026-07-14 19:22:21.215 DEBUG qt.scenegraph.time.renderloop: [window 0x7f380ef04e40][render thread 0x7f380ed86040] syncAndRender: frame rendered in 0ms, sync=0, render=0, swap=0
2026-07-14 19:22:21.247 DEBUG qt.scenegraph.time.renderloop: [window 0x7f380ef04e40][gui thread] polishAndSync: start, elapsed since last call: 32 ms
2026-07-14 19:22:21.248 DEBUG qt.scenegraph.time.renderloop: [window 0x7f380ef04e40][render thread 0x7f380ed86040] syncAndRender: start, elapsed since last call: 33 ms
2026-07-14 19:22:21.248 DEBUG qt.scenegraph.time.renderloop: [window 0x7f380ef04e40][gui thread] Frame prepared, polish=0 ms, lock=0 ms, blockedForSync=0 ms, animations=0 ms
2026-07-14 19:22:21.248 DEBUG qt.scenegraph.time.renderer: time in renderer: total=0ms, preprocess=0, updates=0, rendering=0
2026-07-14 19:22:21.248 DEBUG qt.scenegraph.time.renderloop: [window 0x7f380ef04e40][render thread 0x7f380ed86040] syncAndRender: frame rendered in 0ms, sync=0, render=0, swap=0
2026-07-14 19:22:21.248 DEBUG qt.scenegraph.time.renderloop: [window 0x7f380ef04e40][gui thread] polishAndSync: start, elapsed since last call: 1 ms
2026-07-14 19:22:21.248 DEBUG qt.scenegraph.time.renderloop: [window 0x7f380ef04e40][render thread 0x7f380ed86040] syncAndRender: start, elapsed since last call: 0 ms
2026-07-14 19:22:21.248 DEBUG qt.scenegraph.time.renderloop: [window 0x7f380ef04e40][gui thread] Frame prepared, polish=0 ms, lock=0 ms, blockedForSync=0 ms, animations=0 ms
2026-07-14 19:22:21.248 DEBUG qt.scenegraph.time.renderer: time in renderer: total=0ms, preprocess=0, updates=0, rendering=0
2026-07-14 19:22:21.249 DEBUG qt.scenegraph.time.renderloop: [window 0x7f380ef04e40][render thread 0x7f380ed86040] syncAndRender: frame rendered in 0ms, sync=0, render=0, swap=0
2026-07-14 19:22:21.279 DEBUG qt.scenegraph.time.renderloop: [window 0x7f380ef04e40][gui thread] polishAndSync: start, elapsed since last call: 30 ms
2026-07-14 19:22:21.279 DEBUG qt.scenegraph.time.renderloop: [window 0x7f380ef04e40][render thread 0x7f380ed86040] syncAndRender: start, elapsed since last call: 30 ms
2026-07-14 19:22:21.279 DEBUG qt.scenegraph.time.renderloop: [window 0x7f380ef04e40][gui thread] Frame prepared, polish=0 ms, lock=0 ms, blockedForSync=0 ms, animations=0 ms
2026-07-14 19:22:21.279 DEBUG qt.scenegraph.time.renderer: time in renderer: total=0ms, preprocess=0, updates=0, rendering=0
2026-07-14 19:22:21.280 DEBUG qt.scenegraph.time.renderloop: [window 0x7f380ef04e40][render thread 0x7f380ed86040] syncAndRender: frame rendered in 0ms, sync=0, render=0, swap=0
2026-07-14 19:22:21.280 DEBUG qt.scenegraph.time.renderloop: [window 0x7f380ef04e40][gui thread] polishAndSync: start, elapsed since last call: 1 ms
2026-07-14 19:22:21.280 DEBUG qt.scenegraph.time.renderloop: [window 0x7f380ef04e40][render thread 0x7f380ed86040] syncAndRender: start, elapsed since last call: 0 ms
2026-07-14 19:22:21.280 DEBUG qt.scenegraph.time.renderloop: [window 0x7f380ef04e40][gui thread] Frame prepared, polish=0 ms, lock=0 ms, blockedForSync=0 ms, animations=0 ms
2026-07-14 19:22:21.280 DEBUG qt.scenegraph.time.renderer: time in renderer: total=0ms, preprocess=0, updates=0, rendering=0
2026-07-14 19:22:21.280 DEBUG qt.scenegraph.time.renderloop: [window 0x7f380ef04e40][render thread 0x7f380ed86040] syncAndRender: frame rendered in 0ms, sync=0, render=0, swap=0
2026-07-14 19:22:21.312 DEBUG qt.scenegraph.time.renderloop: [window 0x7f380ef04e40][gui thread] polishAndSync: start, elapsed since last call: 31 ms
2026-07-14 19:22:21.312 DEBUG qt.scenegraph.time.renderloop: [window 0x7f380ef04e40][render thread 0x7f380ed86040] syncAndRender: start, elapsed since last call: 32 ms
2026-07-14 19:22:21.312 DEBUG qt.scenegraph.time.renderloop: [window 0x7f380ef04e40][gui thread] Frame prepared, polish=0 ms, lock=0 ms, blockedForSync=0 ms, animations=0 ms
2026-07-14 19:22:21.312 DEBUG qt.scenegraph.time.renderer: time in renderer: total=0ms, preprocess=0, updates=0, rendering=0
2026-07-14 19:22:21.313 DEBUG qt.scenegraph.time.renderloop: [window 0x7f380ef04e40][render thread 0x7f380ed86040] syncAndRender: frame rendered in 0ms, sync=0, render=0, swap=0
2026-07-14 19:22:21.313 DEBUG qt.scenegraph.time.renderloop: [window 0x7f380ef04e40][gui thread] polishAndSync: start, elapsed since last call: 1 ms
2026-07-14 19:22:21.313 DEBUG qt.scenegraph.time.renderloop: [window 0x7f380ef04e40][render thread 0x7f380ed86040] syncAndRender: start, elapsed since last call: 0 ms
2026-07-14 19:22:21.313 DEBUG qt.scenegraph.time.renderloop: [window 0x7f380ef04e40][gui thread] Frame prepared, polish=0 ms, lock=0 ms, blockedForSync=0 ms, animations=0 ms
2026-07-14 19:22:21.313 DEBUG qt.scenegraph.time.renderer: time in renderer: total=0ms, preprocess=0, updates=0, rendering=0
2026-07-14 19:22:21.314 DEBUG qt.scenegraph.time.renderloop: [window 0x7f380ef04e40][render thread 0x7f380ed86040] syncAndRender: frame rendered in 0ms, sync=0, render=0, swap=0
2026-07-14 19:22:21.346 DEBUG qt.scenegraph.time.renderloop: [window 0x7f380ef04e40][gui thread] polishAndSync: start, elapsed since last call: 32 ms
2026-07-14 19:22:21.346 DEBUG qt.scenegraph.time.renderloop: [window 0x7f380ef04e40][render thread 0x7f380ed86040] syncAndRender: start, elapsed since last call: 32 ms
2026-07-14 19:22:21.346 DEBUG qt.scenegraph.time.renderloop: [window 0x7f380ef04e40][gui thread] Frame prepared, polish=0 ms, lock=0 ms, blockedForSync=0 ms, animations=0 ms
2026-07-14 19:22:21.346 DEBUG qt.scenegraph.time.renderer: time in renderer: total=0ms, preprocess=0, updates=0, rendering=0
2026-07-14 19:22:21.346 DEBUG qt.scenegraph.time.renderloop: [window 0x7f380ef04e40][render thread 0x7f380ed86040] syncAndRender: frame rendered in 0ms, sync=0, render=0, swap=0
2026-07-14 19:22:21.347 DEBUG qt.scenegraph.time.renderloop: [window 0x7f380ef04e40][gui thread] polishAndSync: start, elapsed since last call: 1 ms
2026-07-14 19:22:21.347 DEBUG qt.scenegraph.time.renderloop: [window 0x7f380ef04e40][render thread 0x7f380ed86040] syncAndRender: start, elapsed since last call: 1 ms
2026-07-14 19:22:21.347 DEBUG qt.scenegraph.time.renderloop: [window 0x7f380ef04e40][gui thread] Frame prepared, polish=0 ms, lock=0 ms, blockedForSync=0 ms, animations=0 ms
2026-07-14 19:22:21.347 DEBUG qt.scenegraph.time.renderer: time in renderer: total=0ms, preprocess=0, updates=0, rendering=0
2026-07-14 19:22:21.347 DEBUG qt.scenegraph.time.renderloop: [window 0x7f380ef04e40][render thread 0x7f380ed86040] syncAndRender: frame rendered in 0ms, sync=0, render=0, swap=0
2026-07-14 19:22:21.378 DEBUG qt.scenegraph.time.renderloop: [window 0x7f380ef04e40][gui thread] polishAndSync: start, elapsed since last call: 31 ms
2026-07-14 19:22:21.379 DEBUG qt.scenegraph.time.renderloop: [window 0x7f380ef04e40][render thread 0x7f380ed86040] syncAndRender: start, elapsed since last call: 31 ms
2026-07-14 19:22:21.379 DEBUG qt.scenegraph.time.renderloop: [window 0x7f380ef04e40][gui thread] Frame prepared, polish=0 ms, lock=0 ms, blockedForSync=0 ms, animations=0 ms
2026-07-14 19:22:21.379 DEBUG qt.scenegraph.time.renderer: time in renderer: total=0ms, preprocess=0, updates=0, rendering=0
2026-07-14 19:22:21.379 DEBUG qt.scenegraph.time.renderloop: [window 0x7f380ef04e40][render thread 0x7f380ed86040] syncAndRender: frame rendered in 0ms, sync=0, render=0, swap=0
2026-07-14 19:22:21.380 DEBUG qt.scenegraph.time.renderloop: [window 0x7f380ef04e40][gui thread] polishAndSync: start, elapsed since last call: 1 ms
2026-07-14 19:22:21.380 DEBUG qt.scenegraph.time.renderloop: [window 0x7f380ef04e40][render thread 0x7f380ed86040] syncAndRender: start, elapsed since last call: 0 ms
2026-07-14 19:22:21.380 DEBUG qt.scenegraph.time.renderloop: [window 0x7f380ef04e40][gui thread] Frame prepared, polish=0 ms, lock=0 ms, blockedForSync=0 ms, animations=0 ms
2026-07-14 19:22:21.380 DEBUG qt.scenegraph.time.renderer: time in renderer: total=0ms, preprocess=0, updates=0, rendering=0
2026-07-14 19:22:21.380 DEBUG qt.scenegraph.time.renderloop: [window 0x7f380ef04e40][render thread 0x7f380ed86040] syncAndRender: frame rendered in 0ms, sync=0, render=0, swap=0
2026-07-14 19:22:21.412 DEBUG qt.scenegraph.time.renderloop: [window 0x7f380ef04e40][gui thread] polishAndSync: start, elapsed since last call: 32 ms
2026-07-14 19:22:21.413 DEBUG qt.scenegraph.time.renderloop: [window 0x7f380ef04e40][render thread 0x7f380ed86040] syncAndRender: start, elapsed since last call: 32 ms
2026-07-14 19:22:21.413 DEBUG qt.scenegraph.time.renderloop: [window 0x7f380ef04e40][gui thread] Frame prepared, polish=0 ms, lock=0 ms, blockedForSync=0 ms, animations=0 ms
2026-07-14 19:22:21.413 DEBUG qt.scenegraph.time.renderer: time in renderer: total=0ms, preprocess=0, updates=0, rendering=0
2026-07-14 19:22:21.413 DEBUG qt.scenegraph.time.renderloop: [window 0x7f380ef04e40][render thread 0x7f380ed86040] syncAndRender: frame rendered in 0ms, sync=0, render=0, swap=0
2026-07-14 19:22:21.414 DEBUG qt.scenegraph.time.renderloop: [window 0x7f380ef04e40][gui thread] polishAndSync: start, elapsed since last call: 1 ms
2026-07-14 19:22:21.414 DEBUG qt.scenegraph.time.renderloop: [window 0x7f380ef04e40][render thread 0x7f380ed86040] syncAndRender: start, elapsed since last call: 0 ms
2026-07-14 19:22:21.414 DEBUG qt.scenegraph.time.renderloop: [window 0x7f380ef04e40][gui thread] Frame prepared, polish=0 ms, lock=0 ms, blockedForSync=0 ms, animations=0 ms
2026-07-14 19:22:21.414 DEBUG qt.scenegraph.time.renderer: time in renderer: total=0ms, preprocess=0, updates=0, rendering=0
2026-07-14 19:22:21.414 DEBUG qt.scenegraph.time.renderloop: [window 0x7f380ef04e40][render thread 0x7f380ed86040] syncAndRender: frame rendered in 0ms, sync=0, render=0, swap=0
2026-07-14 19:22:21.445 DEBUG qt.scenegraph.time.renderloop: [window 0x7f380ef04e40][gui thread] polishAndSync: start, elapsed since last call: 31 ms
2026-07-14 19:22:21.445 DEBUG qt.scenegraph.time.renderloop: [window 0x7f380ef04e40][render thread 0x7f380ed86040] syncAndRender: start, elapsed since last call: 31 ms
2026-07-14 19:22:21.445 DEBUG qt.scenegraph.time.renderloop: [window 0x7f380ef04e40][gui thread] Frame prepared, polish=0 ms, lock=0 ms, blockedForSync=0 ms, animations=0 ms
2026-07-14 19:22:21.445 DEBUG qt.scenegraph.time.renderer: time in renderer: total=0ms, preprocess=0, updates=0, rendering=0
2026-07-14 19:22:21.445 DEBUG qt.scenegraph.time.renderloop: [window 0x7f380ef04e40][render thread 0x7f380ed86040] syncAndRender: frame rendered in 0ms, sync=0, render=0, swap=0
2026-07-14 19:22:21.449 DEBUG qt.scenegraph.time.renderloop: [window 0x7f380ef04e40][gui thread] polishAndSync: start, elapsed since last call: 4 ms
2026-07-14 19:22:21.449 DEBUG qt.scenegraph.time.renderloop: [window 0x7f380ef04e40][render thread 0x7f380ed86040] syncAndRender: start, elapsed since last call: 4 ms
2026-07-14 19:22:21.449 DEBUG qt.scenegraph.time.renderloop: [window 0x7f380ef04e40][gui thread] Frame prepared, polish=0 ms, lock=0 ms, blockedForSync=0 ms, animations=0 ms
2026-07-14 19:22:21.450 DEBUG qt.scenegraph.time.renderer: time in renderer: total=0ms, preprocess=0, updates=0, rendering=0
2026-07-14 19:22:21.450 DEBUG qt.scenegraph.time.renderloop: [window 0x7f380ef04e40][render thread 0x7f380ed86040] syncAndRender: frame rendered in 0ms, sync=0, render=0, swap=0
2026-07-14 19:22:21.478 DEBUG qt.scenegraph.time.renderloop: [window 0x7f380ef04e40][gui thread] polishAndSync: start, elapsed since last call: 28 ms
2026-07-14 19:22:21.478 DEBUG qt.scenegraph.time.renderloop: [window 0x7f380ef04e40][render thread 0x7f380ed86040] syncAndRender: start, elapsed since last call: 28 ms
2026-07-14 19:22:21.478 DEBUG qt.scenegraph.time.renderloop: [window 0x7f380ef04e40][gui thread] Frame prepared, polish=0 ms, lock=0 ms, blockedForSync=0 ms, animations=0 ms
2026-07-14 19:22:21.478 DEBUG qt.scenegraph.time.renderer: time in renderer: total=0ms, preprocess=0, updates=0, rendering=0
2026-07-14 19:22:21.478 DEBUG qt.scenegraph.time.renderloop: [window 0x7f380ef04e40][render thread 0x7f380ed86040] syncAndRender: frame rendered in 0ms, sync=0, render=0, swap=0
2026-07-14 19:22:21.479 DEBUG qt.scenegraph.time.renderloop: [window 0x7f380ef04e40][gui thread] polishAndSync: start, elapsed since last call: 1 ms
2026-07-14 19:22:21.479 DEBUG qt.scenegraph.time.renderloop: [window 0x7f380ef04e40][render thread 0x7f380ed86040] syncAndRender: start, elapsed since last call: 0 ms
2026-07-14 19:22:21.479 DEBUG qt.scenegraph.time.renderloop: [window 0x7f380ef04e40][gui thread] Frame prepared, polish=0 ms, lock=0 ms, blockedForSync=0 ms, animations=0 ms
2026-07-14 19:22:21.479 DEBUG qt.scenegraph.time.renderer: time in renderer: total=0ms, preprocess=0, updates=0, rendering=0
2026-07-14 19:22:21.479 DEBUG qt.scenegraph.time.renderloop: [window 0x7f380ef04e40][render thread 0x7f380ed86040] syncAndRender: frame rendered in 0ms, sync=0, render=0, swap=0
2026-07-14 19:22:21.510 DEBUG qt.scenegraph.time.renderloop: [window 0x7f380ef04e40][gui thread] polishAndSync: start, elapsed since last call: 31 ms
2026-07-14 19:22:21.511 DEBUG qt.scenegraph.time.renderloop: [window 0x7f380ef04e40][render thread 0x7f380ed86040] syncAndRender: start, elapsed since last call: 31 ms
2026-07-14 19:22:21.511 DEBUG qt.scenegraph.time.renderloop: [window 0x7f380ef04e40][gui thread] Frame prepared, polish=0 ms, lock=0 ms, blockedForSync=0 ms, animations=0 ms
2026-07-14 19:22:21.511 DEBUG qt.scenegraph.time.renderer: time in renderer: total=0ms, preprocess=0, updates=0, rendering=0
2026-07-14 19:22:21.511 DEBUG qt.scenegraph.time.renderloop: [window 0x7f380ef04e40][render thread 0x7f380ed86040] syncAndRender: frame rendered in 0ms, sync=0, render=0, swap=0
2026-07-14 19:22:21.511 DEBUG qt.scenegraph.time.renderloop: [window 0x7f380ef04e40][gui thread] polishAndSync: start, elapsed since last call: 1 ms
2026-07-14 19:22:21.511 DEBUG qt.scenegraph.time.renderloop: [window 0x7f380ef04e40][render thread 0x7f380ed86040] syncAndRender: start, elapsed since last call: 0 ms
2026-07-14 19:22:21.512 DEBUG qt.scenegraph.time.renderloop: [window 0x7f380ef04e40][gui thread] Frame prepared, polish=0 ms, lock=0 ms, blockedForSync=0 ms, animations=0 ms
2026-07-14 19:22:21.512 DEBUG qt.scenegraph.time.renderer: time in renderer: total=0ms, preprocess=0, updates=0, rendering=0
2026-07-14 19:22:21.512 DEBUG qt.scenegraph.time.renderloop: [window 0x7f380ef04e40][render thread 0x7f380ed86040] syncAndRender: frame rendered in 0ms, sync=0, render=0, swap=0
2026-07-14 19:22:21.544 DEBUG qt.scenegraph.time.renderloop: [window 0x7f380ef04e40][gui thread] polishAndSync: start, elapsed since last call: 32 ms
2026-07-14 19:22:21.545 DEBUG qt.scenegraph.time.renderloop: [window 0x7f380ef04e40][render thread 0x7f380ed86040] syncAndRender: start, elapsed since last call: 33 ms
2026-07-14 19:22:21.545 DEBUG qt.scenegraph.time.renderloop: [window 0x7f380ef04e40][gui thread] Frame prepared, polish=0 ms, lock=0 ms, blockedForSync=0 ms, animations=0 ms
2026-07-14 19:22:21.545 DEBUG qt.scenegraph.time.renderer: time in renderer: total=0ms, preprocess=0, updates=0, rendering=0
2026-07-14 19:22:21.545 DEBUG qt.scenegraph.time.renderloop: [window 0x7f380ef04e40][render thread 0x7f380ed86040] syncAndRender: frame rendered in 0ms, sync=0, render=0, swap=0
2026-07-14 19:22:21.545 DEBUG qt.scenegraph.time.renderloop: [window 0x7f380ef04e40][gui thread] polishAndSync: start, elapsed since last call: 1 ms
2026-07-14 19:22:21.545 DEBUG qt.scenegraph.time.renderloop: [window 0x7f380ef04e40][render thread 0x7f380ed86040] syncAndRender: start, elapsed since last call: 0 ms
2026-07-14 19:22:21.546 DEBUG qt.scenegraph.time.renderloop: [window 0x7f380ef04e40][gui thread] Frame prepared, polish=0 ms, lock=0 ms, blockedForSync=0 ms, animations=0 ms
2026-07-14 19:22:21.546 DEBUG qt.scenegraph.time.renderer: time in renderer: total=0ms, preprocess=0, updates=0, rendering=0
2026-07-14 19:22:21.546 DEBUG qt.scenegraph.time.renderloop: [window 0x7f380ef04e40][render thread 0x7f380ed86040] syncAndRender: frame rendered in 0ms, sync=0, render=0, swap=0
2026-07-14 19:22:21.577 DEBUG qt.scenegraph.time.renderloop: [window 0x7f380ef04e40][gui thread] polishAndSync: start, elapsed since last call: 31 ms
2026-07-14 19:22:21.577 DEBUG qt.scenegraph.time.renderloop: [window 0x7f380ef04e40][render thread 0x7f380ed86040] syncAndRender: start, elapsed since last call: 31 ms
2026-07-14 19:22:21.577 DEBUG qt.scenegraph.time.renderloop: [window 0x7f380ef04e40][gui thread] Frame prepared, polish=0 ms, lock=0 ms, blockedForSync=0 ms, animations=0 ms
2026-07-14 19:22:21.577 DEBUG qt.scenegraph.time.renderer: time in renderer: total=0ms, preprocess=0, updates=0, rendering=0
2026-07-14 19:22:21.578 DEBUG qt.scenegraph.time.renderloop: [window 0x7f380ef04e40][render thread 0x7f380ed86040] syncAndRender: frame rendered in 0ms, sync=0, render=0, swap=0
2026-07-14 19:22:21.578 DEBUG qt.scenegraph.time.renderloop: [window 0x7f380ef04e40][gui thread] polishAndSync: start, elapsed since last call: 1 ms
2026-07-14 19:22:21.578 DEBUG qt.scenegraph.time.renderloop: [window 0x7f380ef04e40][render thread 0x7f380ed86040] syncAndRender: start, elapsed since last call: 0 ms
2026-07-14 19:22:21.578 DEBUG qt.scenegraph.time.renderloop: [window 0x7f380ef04e40][gui thread] Frame prepared, polish=0 ms, lock=0 ms, blockedForSync=0 ms, animations=0 ms
2026-07-14 19:22:21.578 DEBUG qt.scenegraph.time.renderer: time in renderer: total=0ms, preprocess=0, updates=0, rendering=0
2026-07-14 19:22:21.578 DEBUG qt.scenegraph.time.renderloop: [window 0x7f380ef04e40][render thread 0x7f380ed86040] syncAndRender: frame rendered in 0ms, sync=0, render=0, swap=0
2026-07-14 19:22:21.610 DEBUG qt.scenegraph.time.renderloop: [window 0x7f380ef04e40][gui thread] polishAndSync: start, elapsed since last call: 31 ms
2026-07-14 19:22:21.610 DEBUG qt.scenegraph.time.renderloop: [window 0x7f380ef04e40][render thread 0x7f380ed86040] syncAndRender: start, elapsed since last call: 31 ms
2026-07-14 19:22:21.610 DEBUG qt.scenegraph.time.renderloop: [window 0x7f380ef04e40][gui thread] Frame prepared, polish=0 ms, lock=0 ms, blockedForSync=0 ms, animations=0 ms
2026-07-14 19:22:21.610 DEBUG qt.scenegraph.time.renderer: time in renderer: total=0ms, preprocess=0, updates=0, rendering=0
2026-07-14 19:22:21.610 DEBUG qt.scenegraph.time.renderloop: [window 0x7f380ef04e40][render thread 0x7f380ed86040] syncAndRender: frame rendered in 0ms, sync=0, render=0, swap=0
2026-07-14 19:22:21.611 DEBUG qt.scenegraph.time.renderloop: [window 0x7f380ef04e40][gui thread] polishAndSync: start, elapsed since last call: 1 ms
2026-07-14 19:22:21.611 DEBUG qt.scenegraph.time.renderloop: [window 0x7f380ef04e40][render thread 0x7f380ed86040] syncAndRender: start, elapsed since last call: 0 ms
2026-07-14 19:22:21.611 DEBUG qt.scenegraph.time.renderloop: [window 0x7f380ef04e40][gui thread] Frame prepared, polish=0 ms, lock=0 ms, blockedForSync=0 ms, animations=0 ms
2026-07-14 19:22:21.611 DEBUG qt.scenegraph.time.renderer: time in renderer: total=0ms, preprocess=0, updates=0, rendering=0
2026-07-14 19:22:21.611 DEBUG qt.scenegraph.time.renderloop: [window 0x7f380ef04e40][render thread 0x7f380ed86040] syncAndRender: frame rendered in 0ms, sync=0, render=0, swap=0
2026-07-14 19:22:21.642 DEBUG qt.scenegraph.time.renderloop: [window 0x7f380ef04e40][gui thread] polishAndSync: start, elapsed since last call: 31 ms
2026-07-14 19:22:21.643 DEBUG qt.scenegraph.time.renderloop: [window 0x7f380ef04e40][render thread 0x7f380ed86040] syncAndRender: start, elapsed since last call: 31 ms
2026-07-14 19:22:21.643 DEBUG qt.scenegraph.time.renderloop: [window 0x7f380ef04e40][gui thread] Frame prepared, polish=0 ms, lock=0 ms, blockedForSync=0 ms, animations=0 ms
2026-07-14 19:22:21.643 DEBUG qt.scenegraph.time.renderer: time in renderer: total=0ms, preprocess=0, updates=0, rendering=0
2026-07-14 19:22:21.643 DEBUG qt.scenegraph.time.renderloop: [window 0x7f380ef04e40][render thread 0x7f380ed86040] syncAndRender: frame rendered in 0ms, sync=0, render=0, swap=0
2026-07-14 19:22:21.643 DEBUG qt.scenegraph.time.renderloop: [window 0x7f380ef04e40][gui thread] polishAndSync: start, elapsed since last call: 1 ms
2026-07-14 19:22:21.643 DEBUG qt.scenegraph.time.renderloop: [window 0x7f380ef04e40][render thread 0x7f380ed86040] syncAndRender: start, elapsed since last call: 0 ms
2026-07-14 19:22:21.644 DEBUG qt.scenegraph.time.renderloop: [window 0x7f380ef04e40][gui thread] Frame prepared, polish=0 ms, lock=0 ms, blockedForSync=0 ms, animations=0 ms
2026-07-14 19:22:21.644 DEBUG qt.scenegraph.time.renderer: time in renderer: total=0ms, preprocess=0, updates=0, rendering=0
2026-07-14 19:22:21.644 DEBUG qt.scenegraph.time.renderloop: [window 0x7f380ef04e40][render thread 0x7f380ed86040] syncAndRender: frame rendered in 0ms, sync=0, render=0, swap=0
2026-07-14 19:22:21.676 DEBUG qt.scenegraph.time.renderloop: [window 0x7f380ef04e40][gui thread] polishAndSync: start, elapsed since last call: 32 ms
2026-07-14 19:22:21.677 DEBUG qt.scenegraph.time.renderloop: [window 0x7f380ef04e40][render thread 0x7f380ed86040] syncAndRender: start, elapsed since last call: 33 ms
2026-07-14 19:22:21.677 DEBUG qt.scenegraph.time.renderloop: [window 0x7f380ef04e40][gui thread] Frame prepared, polish=0 ms, lock=0 ms, blockedForSync=0 ms, animations=0 ms
2026-07-14 19:22:21.677 DEBUG qt.scenegraph.time.renderer: time in renderer: total=0ms, preprocess=0, updates=0, rendering=0
2026-07-14 19:22:21.677 DEBUG qt.scenegraph.time.renderloop: [window 0x7f380ef04e40][render thread 0x7f380ed86040] syncAndRender: frame rendered in 0ms, sync=0, render=0, swap=0
2026-07-14 19:22:21.677 DEBUG qt.scenegraph.time.renderloop: [window 0x7f380ef04e40][gui thread] polishAndSync: start, elapsed since last call: 1 ms
2026-07-14 19:22:21.677 DEBUG qt.scenegraph.time.renderloop: [window 0x7f380ef04e40][render thread 0x7f380ed86040] syncAndRender: start, elapsed since last call: 0 ms
2026-07-14 19:22:21.677 DEBUG qt.scenegraph.time.renderloop: [window 0x7f380ef04e40][gui thread] Frame prepared, polish=0 ms, lock=0 ms, blockedForSync=0 ms, animations=0 ms
2026-07-14 19:22:21.678 DEBUG qt.scenegraph.time.renderer: time in renderer: total=0ms, preprocess=0, updates=0, rendering=0
2026-07-14 19:22:21.678 DEBUG qt.scenegraph.time.renderloop: [window 0x7f380ef04e40][render thread 0x7f380ed86040] syncAndRender: frame rendered in 0ms, sync=0, render=0, swap=0
2026-07-14 19:22:21.709 DEBUG qt.scenegraph.time.renderloop: [window 0x7f380ef04e40][gui thread] polishAndSync: start, elapsed since last call: 31 ms
2026-07-14 19:22:21.709 DEBUG qt.scenegraph.time.renderloop: [window 0x7f380ef04e40][render thread 0x7f380ed86040] syncAndRender: start, elapsed since last call: 31 ms
2026-07-14 19:22:21.709 DEBUG qt.scenegraph.time.renderloop: [window 0x7f380ef04e40][gui thread] Frame prepared, polish=0 ms, lock=0 ms, blockedForSync=0 ms, animations=0 ms
2026-07-14 19:22:21.709 DEBUG qt.scenegraph.time.renderer: time in renderer: total=0ms, preprocess=0, updates=0, rendering=0
2026-07-14 19:22:21.710 DEBUG qt.scenegraph.time.renderloop: [window 0x7f380ef04e40][render thread 0x7f380ed86040] syncAndRender: frame rendered in 0ms, sync=0, render=0, swap=0
2026-07-14 19:22:21.710 DEBUG qt.scenegraph.time.renderloop: [window 0x7f380ef04e40][gui thread] polishAndSync: start, elapsed since last call: 1 ms
2026-07-14 19:22:21.710 DEBUG qt.scenegraph.time.renderloop: [window 0x7f380ef04e40][render thread 0x7f380ed86040] syncAndRender: start, elapsed since last call: 0 ms
2026-07-14 19:22:21.710 DEBUG qt.scenegraph.time.renderloop: [window 0x7f380ef04e40][gui thread] Frame prepared, polish=0 ms, lock=0 ms, blockedForSync=0 ms, animations=0 ms
2026-07-14 19:22:21.710 DEBUG qt.scenegraph.time.renderer: time in renderer: total=0ms, preprocess=0, updates=0, rendering=0
2026-07-14 19:22:21.710 DEBUG qt.scenegraph.time.renderloop: [window 0x7f380ef04e40][render thread 0x7f380ed86040] syncAndRender: frame rendered in 0ms, sync=0, render=0, swap=0
2026-07-14 19:22:21.742 DEBUG qt.scenegraph.time.renderloop: [window 0x7f380ef04e40][gui thread] polishAndSync: start, elapsed since last call: 31 ms
2026-07-14 19:22:21.742 DEBUG qt.scenegraph.time.renderloop: [window 0x7f380ef04e40][render thread 0x7f380ed86040] syncAndRender: start, elapsed since last call: 31 ms
2026-07-14 19:22:21.742 DEBUG qt.scenegraph.time.renderloop: [window 0x7f380ef04e40][gui thread] Frame prepared, polish=0 ms, lock=0 ms, blockedForSync=0 ms, animations=0 ms
2026-07-14 19:22:21.742 DEBUG qt.scenegraph.time.renderer: time in renderer: total=0ms, preprocess=0, updates=0, rendering=0
2026-07-14 19:22:21.743 DEBUG qt.scenegraph.time.renderloop: [window 0x7f380ef04e40][render thread 0x7f380ed86040] syncAndRender: frame rendered in 0ms, sync=0, render=0, swap=0
2026-07-14 19:22:21.743 DEBUG qt.scenegraph.time.renderloop: [window 0x7f380ef04e40][gui thread] polishAndSync: start, elapsed since last call: 1 ms
2026-07-14 19:22:21.743 DEBUG qt.scenegraph.time.renderloop: [window 0x7f380ef04e40][render thread 0x7f380ed86040] syncAndRender: start, elapsed since last call: 1 ms
2026-07-14 19:22:21.743 DEBUG qt.scenegraph.time.renderloop: [window 0x7f380ef04e40][gui thread] Frame prepared, polish=0 ms, lock=0 ms, blockedForSync=0 ms, animations=0 ms
2026-07-14 19:22:21.743 DEBUG qt.scenegraph.time.renderer: time in renderer: total=0ms, preprocess=0, updates=0, rendering=0
2026-07-14 19:22:21.743 DEBUG qt.scenegraph.time.renderloop: [window 0x7f380ef04e40][render thread 0x7f380ed86040] syncAndRender: frame rendered in 0ms, sync=0, render=0, swap=0
2026-07-14 19:22:21.774 DEBUG qt.scenegraph.time.renderloop: [window 0x7f380ef04e40][gui thread] polishAndSync: start, elapsed since last call: 31 ms
2026-07-14 19:22:21.775 DEBUG qt.scenegraph.time.renderloop: [window 0x7f380ef04e40][render thread 0x7f380ed86040] syncAndRender: start, elapsed since last call: 31 ms
2026-07-14 19:22:21.775 DEBUG qt.scenegraph.time.renderloop: [window 0x7f380ef04e40][gui thread] Frame prepared, polish=0 ms, lock=0 ms, blockedForSync=0 ms, animations=0 ms
2026-07-14 19:22:21.775 DEBUG qt.scenegraph.time.renderer: time in renderer: total=0ms, preprocess=0, updates=0, rendering=0
2026-07-14 19:22:21.775 DEBUG qt.scenegraph.time.renderloop: [window 0x7f380ef04e40][render thread 0x7f380ed86040] syncAndRender: frame rendered in 0ms, sync=0, render=0, swap=0
2026-07-14 19:22:21.776 DEBUG qt.scenegraph.time.renderloop: [window 0x7f380ef04e40][gui thread] polishAndSync: start, elapsed since last call: 1 ms
2026-07-14 19:22:21.776 DEBUG qt.scenegraph.time.renderloop: [window 0x7f380ef04e40][render thread 0x7f380ed86040] syncAndRender: start, elapsed since last call: 0 ms
2026-07-14 19:22:21.776 DEBUG qt.scenegraph.time.renderloop: [window 0x7f380ef04e40][gui thread] Frame prepared, polish=0 ms, lock=0 ms, blockedForSync=0 ms, animations=0 ms
2026-07-14 19:22:21.776 DEBUG qt.scenegraph.time.renderer: time in renderer: total=0ms, preprocess=0, updates=0, rendering=0
2026-07-14 19:22:21.776 DEBUG qt.scenegraph.time.renderloop: [window 0x7f380ef04e40][render thread 0x7f380ed86040] syncAndRender: frame rendered in 0ms, sync=0, render=0, swap=0
2026-07-14 19:22:21.808 DEBUG qt.scenegraph.time.renderloop: [window 0x7f380ef04e40][gui thread] polishAndSync: start, elapsed since last call: 32 ms
2026-07-14 19:22:21.810 DEBUG qt.scenegraph.time.renderloop: [window 0x7f380ef04e40][render thread 0x7f380ed86040] syncAndRender: start, elapsed since last call: 34 ms
2026-07-14 19:22:21.810 DEBUG qt.scenegraph.time.renderloop: [window 0x7f380ef04e40][gui thread] Frame prepared, polish=2 ms, lock=0 ms, blockedForSync=0 ms, animations=0 ms
2026-07-14 19:22:21.811 DEBUG qt.scenegraph.time.renderer: time in renderer: total=0ms, preprocess=0, updates=0, rendering=0
2026-07-14 19:22:21.811 DEBUG qt.scenegraph.time.renderloop: [window 0x7f380ef04e40][render thread 0x7f380ed86040] syncAndRender: frame rendered in 0ms, sync=0, render=0, swap=0
2026-07-14 19:22:21.811 DEBUG qt.scenegraph.time.renderloop: [window 0x7f380ef04e40][gui thread] polishAndSync: start, elapsed since last call: 3 ms
2026-07-14 19:22:21.811 DEBUG qt.scenegraph.time.renderloop: [window 0x7f380ef04e40][render thread 0x7f380ed86040] syncAndRender: start, elapsed since last call: 1 ms
2026-07-14 19:22:21.811 DEBUG qt.scenegraph.time.renderloop: [window 0x7f380ef04e40][gui thread] Frame prepared, polish=0 ms, lock=0 ms, blockedForSync=0 ms, animations=0 ms
2026-07-14 19:22:21.812 DEBUG qt.scenegraph.time.renderer: time in renderer: total=0ms, preprocess=0, updates=0, rendering=0
2026-07-14 19:22:21.812 DEBUG qt.scenegraph.time.renderloop: [window 0x7f380ef04e40][render thread 0x7f380ed86040] syncAndRender: frame rendered in 0ms, sync=0, render=0, swap=0
2026-07-14 19:22:21.841 DEBUG qt.scenegraph.time.renderloop: [window 0x7f380ef04e40][gui thread] polishAndSync: start, elapsed since last call: 29 ms
2026-07-14 19:22:21.841 DEBUG qt.scenegraph.time.renderloop: [window 0x7f380ef04e40][render thread 0x7f380ed86040] syncAndRender: start, elapsed since last call: 29 ms
2026-07-14 19:22:21.841 DEBUG qt.scenegraph.time.renderloop: [window 0x7f380ef04e40][gui thread] Frame prepared, polish=0 ms, lock=0 ms, blockedForSync=0 ms, animations=0 ms
2026-07-14 19:22:21.841 DEBUG qt.scenegraph.time.renderer: time in renderer: total=0ms, preprocess=0, updates=0, rendering=0
2026-07-14 19:22:21.842 DEBUG qt.scenegraph.time.renderloop: [window 0x7f380ef04e40][render thread 0x7f380ed86040] syncAndRender: frame rendered in 0ms, sync=0, render=0, swap=0
2026-07-14 19:22:21.842 DEBUG qt.scenegraph.time.renderloop: [window 0x7f380ef04e40][gui thread] polishAndSync: start, elapsed since last call: 1 ms
2026-07-14 19:22:21.842 DEBUG qt.scenegraph.time.renderloop: [window 0x7f380ef04e40][render thread 0x7f380ed86040] syncAndRender: start, elapsed since last call: 0 ms
2026-07-14 19:22:21.842 DEBUG qt.scenegraph.time.renderloop: [window 0x7f380ef04e40][gui thread] Frame prepared, polish=0 ms, lock=0 ms, blockedForSync=0 ms, animations=0 ms
2026-07-14 19:22:21.842 DEBUG qt.scenegraph.time.renderer: time in renderer: total=0ms, preprocess=0, updates=0, rendering=0
2026-07-14 19:22:21.843 DEBUG qt.scenegraph.time.renderloop: [window 0x7f380ef04e40][render thread 0x7f380ed86040] syncAndRender: frame rendered in 0ms, sync=0, render=0, swap=0
2026-07-14 19:22:21.874 DEBUG qt.scenegraph.time.renderloop: [window 0x7f380ef04e40][gui thread] polishAndSync: start, elapsed since last call: 31 ms
2026-07-14 19:22:21.874 DEBUG qt.scenegraph.time.renderloop: [window 0x7f380ef04e40][render thread 0x7f380ed86040] syncAndRender: start, elapsed since last call: 31 ms
2026-07-14 19:22:21.874 DEBUG qt.scenegraph.time.renderloop: [window 0x7f380ef04e40][gui thread] Frame prepared, polish=0 ms, lock=0 ms, blockedForSync=0 ms, animations=0 ms
2026-07-14 19:22:21.874 DEBUG qt.scenegraph.time.renderer: time in renderer: total=0ms, preprocess=0, updates=0, rendering=0
2026-07-14 19:22:21.875 DEBUG qt.scenegraph.time.renderloop: [window 0x7f380ef04e40][render thread 0x7f380ed86040] syncAndRender: frame rendered in 0ms, sync=0, render=0, swap=0
2026-07-14 19:22:21.875 DEBUG qt.scenegraph.time.renderloop: [window 0x7f380ef04e40][gui thread] polishAndSync: start, elapsed since last call: 1 ms
2026-07-14 19:22:21.875 DEBUG qt.scenegraph.time.renderloop: [window 0x7f380ef04e40][render thread 0x7f380ed86040] syncAndRender: start, elapsed since last call: 0 ms
2026-07-14 19:22:21.875 DEBUG qt.scenegraph.time.renderloop: [window 0x7f380ef04e40][gui thread] Frame prepared, polish=0 ms, lock=0 ms, blockedForSync=0 ms, animations=0 ms
2026-07-14 19:22:21.875 DEBUG qt.scenegraph.time.renderer: time in renderer: total=0ms, preprocess=0, updates=0, rendering=0
2026-07-14 19:22:21.875 DEBUG qt.scenegraph.time.renderloop: [window 0x7f380ef04e40][render thread 0x7f380ed86040] syncAndRender: frame rendered in 0ms, sync=0, render=0, swap=0
2026-07-14 19:22:21.906 DEBUG qt.scenegraph.time.renderloop: [window 0x7f380ef04e40][gui thread] polishAndSync: start, elapsed since last call: 31 ms
2026-07-14 19:22:21.907 DEBUG qt.scenegraph.time.renderloop: [window 0x7f380ef04e40][render thread 0x7f380ed86040] syncAndRender: start, elapsed since last call: 31 ms
2026-07-14 19:22:21.907 DEBUG qt.scenegraph.time.renderloop: [window 0x7f380ef04e40][gui thread] Frame prepared, polish=0 ms, lock=0 ms, blockedForSync=0 ms, animations=0 ms
2026-07-14 19:22:21.907 DEBUG qt.scenegraph.time.renderer: time in renderer: total=0ms, preprocess=0, updates=0, rendering=0
2026-07-14 19:22:21.907 DEBUG qt.scenegraph.time.renderloop: [window 0x7f380ef04e40][render thread 0x7f380ed86040] syncAndRender: frame rendered in 0ms, sync=0, render=0, swap=0
2026-07-14 19:22:21.908 DEBUG qt.scenegraph.time.renderloop: [window 0x7f380ef04e40][gui thread] polishAndSync: start, elapsed since last call: 1 ms
2026-07-14 19:22:21.908 DEBUG qt.scenegraph.time.renderloop: [window 0x7f380ef04e40][render thread 0x7f380ed86040] syncAndRender: start, elapsed since last call: 0 ms
2026-07-14 19:22:21.908 DEBUG qt.scenegraph.time.renderloop: [window 0x7f380ef04e40][gui thread] Frame prepared, polish=0 ms, lock=0 ms, blockedForSync=0 ms, animations=0 ms
2026-07-14 19:22:21.908 DEBUG qt.scenegraph.time.renderer: time in renderer: total=0ms, preprocess=0, updates=0, rendering=0
2026-07-14 19:22:21.908 DEBUG qt.scenegraph.time.renderloop: [window 0x7f380ef04e40][render thread 0x7f380ed86040] syncAndRender: frame rendered in 0ms, sync=0, render=0, swap=0
2026-07-14 19:22:21.940 DEBUG qt.scenegraph.time.renderloop: [window 0x7f380ef04e40][gui thread] polishAndSync: start, elapsed since last call: 32 ms
2026-07-14 19:22:21.940 DEBUG qt.scenegraph.time.renderloop: [window 0x7f380ef04e40][render thread 0x7f380ed86040] syncAndRender: start, elapsed since last call: 32 ms
2026-07-14 19:22:21.940 DEBUG qt.scenegraph.time.renderloop: [window 0x7f380ef04e40][gui thread] Frame prepared, polish=0 ms, lock=0 ms, blockedForSync=0 ms, animations=0 ms
2026-07-14 19:22:21.940 DEBUG qt.scenegraph.time.renderer: time in renderer: total=0ms, preprocess=0, updates=0, rendering=0
2026-07-14 19:22:21.941 DEBUG qt.scenegraph.time.renderloop: [window 0x7f380ef04e40][render thread 0x7f380ed86040] syncAndRender: frame rendered in 0ms, sync=0, render=0, swap=0
2026-07-14 19:22:21.941 DEBUG qt.scenegraph.time.renderloop: [window 0x7f380ef04e40][gui thread] polishAndSync: start, elapsed since last call: 1 ms
2026-07-14 19:22:21.941 DEBUG qt.scenegraph.time.renderloop: [window 0x7f380ef04e40][render thread 0x7f380ed86040] syncAndRender: start, elapsed since last call: 0 ms
2026-07-14 19:22:21.941 DEBUG qt.scenegraph.time.renderloop: [window 0x7f380ef04e40][gui thread] Frame prepared, polish=0 ms, lock=0 ms, blockedForSync=0 ms, animations=0 ms
2026-07-14 19:22:21.941 DEBUG qt.scenegraph.time.renderer: time in renderer: total=0ms, preprocess=0, updates=0, rendering=0
2026-07-14 19:22:21.942 DEBUG qt.scenegraph.time.renderloop: [window 0x7f380ef04e40][render thread 0x7f380ed86040] syncAndRender: frame rendered in 0ms, sync=0, render=0, swap=0
2026-07-14 19:22:21.973 DEBUG qt.scenegraph.time.renderloop: [window 0x7f380ef04e40][gui thread] polishAndSync: start, elapsed since last call: 31 ms
2026-07-14 19:22:21.974 DEBUG qt.scenegraph.time.renderloop: [window 0x7f380ef04e40][render thread 0x7f380ed86040] syncAndRender: start, elapsed since last call: 32 ms
2026-07-14 19:22:21.974 DEBUG qt.scenegraph.time.renderloop: [window 0x7f380ef04e40][gui thread] Frame prepared, polish=1 ms, lock=0 ms, blockedForSync=0 ms, animations=0 ms
2026-07-14 19:22:21.974 DEBUG qt.scenegraph.time.renderer: time in renderer: total=0ms, preprocess=0, updates=0, rendering=0
2026-07-14 19:22:21.975 DEBUG qt.scenegraph.time.renderloop: [window 0x7f380ef04e40][render thread 0x7f380ed86040] syncAndRender: frame rendered in 0ms, sync=0, render=0, swap=0
2026-07-14 19:22:21.975 DEBUG qt.scenegraph.time.renderloop: [window 0x7f380ef04e40][gui thread] polishAndSync: start, elapsed since last call: 2 ms
2026-07-14 19:22:21.975 DEBUG qt.scenegraph.time.renderloop: [window 0x7f380ef04e40][render thread 0x7f380ed86040] syncAndRender: start, elapsed since last call: 0 ms
2026-07-14 19:22:21.975 DEBUG qt.scenegraph.time.renderloop: [window 0x7f380ef04e40][gui thread] Frame prepared, polish=0 ms, lock=0 ms, blockedForSync=0 ms, animations=0 ms
2026-07-14 19:22:21.975 DEBUG qt.scenegraph.time.renderer: time in renderer: total=0ms, preprocess=0, updates=0, rendering=0
2026-07-14 19:22:21.975 DEBUG qt.scenegraph.time.renderloop: [window 0x7f380ef04e40][render thread 0x7f380ed86040] syncAndRender: frame rendered in 0ms, sync=0, render=0, swap=0
2026-07-14 19:22:22.006 DEBUG qt.scenegraph.time.renderloop: [window 0x7f380ef04e40][gui thread] polishAndSync: start, elapsed since last call: 30 ms
2026-07-14 19:22:22.006 DEBUG qt.scenegraph.time.renderloop: [window 0x7f380ef04e40][render thread 0x7f380ed86040] syncAndRender: start, elapsed since last call: 30 ms
2026-07-14 19:22:22.006 DEBUG qt.scenegraph.time.renderloop: [window 0x7f380ef04e40][gui thread] Frame prepared, polish=0 ms, lock=0 ms, blockedForSync=0 ms, animations=0 ms
2026-07-14 19:22:22.006 DEBUG qt.scenegraph.time.renderer: time in renderer: total=0ms, preprocess=0, updates=0, rendering=0
2026-07-14 19:22:22.006 DEBUG qt.scenegraph.time.renderloop: [window 0x7f380ef04e40][render thread 0x7f380ed86040] syncAndRender: frame rendered in 0ms, sync=0, render=0, swap=0
2026-07-14 19:22:22.007 DEBUG qt.scenegraph.time.renderloop: [window 0x7f380ef04e40][gui thread] polishAndSync: start, elapsed since last call: 1 ms
2026-07-14 19:22:22.007 DEBUG qt.scenegraph.time.renderloop: [window 0x7f380ef04e40][render thread 0x7f380ed86040] syncAndRender: start, elapsed since last call: 0 ms
2026-07-14 19:22:22.007 DEBUG qt.scenegraph.time.renderloop: [window 0x7f380ef04e40][gui thread] Frame prepared, polish=0 ms, lock=0 ms, blockedForSync=0 ms, animations=0 ms
2026-07-14 19:22:22.007 DEBUG qt.scenegraph.time.renderer: time in renderer: total=0ms, preprocess=0, updates=0, rendering=0
2026-07-14 19:22:22.007 DEBUG qt.scenegraph.time.renderloop: [window 0x7f380ef04e40][render thread 0x7f380ed86040] syncAndRender: frame rendered in 0ms, sync=0, render=0, swap=0
2026-07-14 19:22:22.038 DEBUG qt.scenegraph.time.renderloop: [window 0x7f380ef04e40][gui thread] polishAndSync: start, elapsed since last call: 31 ms
2026-07-14 19:22:22.039 DEBUG qt.scenegraph.time.renderloop: [window 0x7f380ef04e40][render thread 0x7f380ed86040] syncAndRender: start, elapsed since last call: 31 ms
2026-07-14 19:22:22.039 DEBUG qt.scenegraph.time.renderloop: [window 0x7f380ef04e40][gui thread] Frame prepared, polish=0 ms, lock=0 ms, blockedForSync=0 ms, animations=0 ms
2026-07-14 19:22:22.039 DEBUG qt.scenegraph.time.renderer: time in renderer: total=0ms, preprocess=0, updates=0, rendering=0
2026-07-14 19:22:22.039 DEBUG qt.scenegraph.time.renderloop: [window 0x7f380ef04e40][render thread 0x7f380ed86040] syncAndRender: frame rendered in 0ms, sync=0, render=0, swap=0
2026-07-14 19:22:22.039 DEBUG qt.scenegraph.time.renderloop: [window 0x7f380ef04e40][gui thread] polishAndSync: start, elapsed since last call: 1 ms
2026-07-14 19:22:22.040 DEBUG qt.scenegraph.time.renderloop: [window 0x7f380ef04e40][render thread 0x7f380ed86040] syncAndRender: start, elapsed since last call: 0 ms
2026-07-14 19:22:22.040 DEBUG qt.scenegraph.time.renderloop: [window 0x7f380ef04e40][gui thread] Frame prepared, polish=0 ms, lock=0 ms, blockedForSync=0 ms, animations=0 ms
2026-07-14 19:22:22.040 DEBUG qt.scenegraph.time.renderer: time in renderer: total=0ms, preprocess=0, updates=0, rendering=0
2026-07-14 19:22:22.040 DEBUG qt.scenegraph.time.renderloop: [window 0x7f380ef04e40][render thread 0x7f380ed86040] syncAndRender: frame rendered in 0ms, sync=0, render=0, swap=0
2026-07-14 19:22:22.072 DEBUG qt.scenegraph.time.renderloop: [window 0x7f380ef04e40][gui thread] polishAndSync: start, elapsed since last call: 32 ms
2026-07-14 19:22:22.073 DEBUG qt.scenegraph.time.renderloop: [window 0x7f380ef04e40][render thread 0x7f380ed86040] syncAndRender: start, elapsed since last call: 33 ms
2026-07-14 19:22:22.073 DEBUG qt.scenegraph.time.renderloop: [window 0x7f380ef04e40][gui thread] Frame prepared, polish=0 ms, lock=0 ms, blockedForSync=0 ms, animations=0 ms
2026-07-14 19:22:22.073 DEBUG qt.scenegraph.time.renderer: time in renderer: total=0ms, preprocess=0, updates=0, rendering=0
2026-07-14 19:22:22.073 DEBUG qt.scenegraph.time.renderloop: [window 0x7f380ef04e40][render thread 0x7f380ed86040] syncAndRender: frame rendered in 0ms, sync=0, render=0, swap=0
2026-07-14 19:22:22.074 DEBUG qt.scenegraph.time.renderloop: [window 0x7f380ef04e40][gui thread] polishAndSync: start, elapsed since last call: 1 ms
2026-07-14 19:22:22.074 DEBUG qt.scenegraph.time.renderloop: [window 0x7f380ef04e40][render thread 0x7f380ed86040] syncAndRender: start, elapsed since last call: 0 ms
2026-07-14 19:22:22.074 DEBUG qt.scenegraph.time.renderloop: [window 0x7f380ef04e40][gui thread] Frame prepared, polish=0 ms, lock=0 ms, blockedForSync=0 ms, animations=0 ms
2026-07-14 19:22:22.074 DEBUG qt.scenegraph.time.renderer: time in renderer: total=0ms, preprocess=0, updates=0, rendering=0
2026-07-14 19:22:22.074 DEBUG qt.scenegraph.time.renderloop: [window 0x7f380ef04e40][render thread 0x7f380ed86040] syncAndRender: frame rendered in 0ms, sync=0, render=0, swap=0
2026-07-14 19:22:22.105 DEBUG qt.scenegraph.time.renderloop: [window 0x7f380ef04e40][gui thread] polishAndSync: start, elapsed since last call: 31 ms
2026-07-14 19:22:22.105 DEBUG qt.scenegraph.time.renderloop: [window 0x7f380ef04e40][render thread 0x7f380ed86040] syncAndRender: start, elapsed since last call: 31 ms
2026-07-14 19:22:22.105 DEBUG qt.scenegraph.time.renderloop: [window 0x7f380ef04e40][gui thread] Frame prepared, polish=0 ms, lock=0 ms, blockedForSync=0 ms, animations=0 ms
2026-07-14 19:22:22.106 DEBUG qt.scenegraph.time.renderer: time in renderer: total=0ms, preprocess=0, updates=0, rendering=0
2026-07-14 19:22:22.106 DEBUG qt.scenegraph.time.renderloop: [window 0x7f380ef04e40][render thread 0x7f380ed86040] syncAndRender: frame rendered in 0ms, sync=0, render=0, swap=0
2026-07-14 19:22:22.106 DEBUG qt.scenegraph.time.renderloop: [window 0x7f380ef04e40][gui thread] polishAndSync: start, elapsed since last call: 1 ms
2026-07-14 19:22:22.106 DEBUG qt.scenegraph.time.renderloop: [window 0x7f380ef04e40][render thread 0x7f380ed86040] syncAndRender: start, elapsed since last call: 0 ms
2026-07-14 19:22:22.106 DEBUG qt.scenegraph.time.renderloop: [window 0x7f380ef04e40][gui thread] Frame prepared, polish=0 ms, lock=0 ms, blockedForSync=0 ms, animations=0 ms
2026-07-14 19:22:22.107 DEBUG qt.scenegraph.time.renderer: time in renderer: total=0ms, preprocess=0, updates=0, rendering=0
2026-07-14 19:22:22.107 DEBUG qt.scenegraph.time.renderloop: [window 0x7f380ef04e40][render thread 0x7f380ed86040] syncAndRender: frame rendered in 0ms, sync=0, render=0, swap=0
2026-07-14 19:22:22.138 DEBUG qt.scenegraph.time.renderloop: [window 0x7f380ef04e40][gui thread] polishAndSync: start, elapsed since last call: 31 ms
2026-07-14 19:22:22.138 DEBUG qt.scenegraph.time.renderloop: [window 0x7f380ef04e40][render thread 0x7f380ed86040] syncAndRender: start, elapsed since last call: 31 ms
2026-07-14 19:22:22.138 DEBUG qt.scenegraph.time.renderloop: [window 0x7f380ef04e40][gui thread] Frame prepared, polish=0 ms, lock=0 ms, blockedForSync=0 ms, animations=0 ms
2026-07-14 19:22:22.138 DEBUG qt.scenegraph.time.renderer: time in renderer: total=0ms, preprocess=0, updates=0, rendering=0
2026-07-14 19:22:22.139 DEBUG qt.scenegraph.time.renderloop: [window 0x7f380ef04e40][render thread 0x7f380ed86040] syncAndRender: frame rendered in 0ms, sync=0, render=0, swap=0
2026-07-14 19:22:22.139 DEBUG qt.scenegraph.time.renderloop: [window 0x7f380ef04e40][gui thread] polishAndSync: start, elapsed since last call: 1 ms
2026-07-14 19:22:22.139 DEBUG qt.scenegraph.time.renderloop: [window 0x7f380ef04e40][render thread 0x7f380ed86040] syncAndRender: start, elapsed since last call: 0 ms
2026-07-14 19:22:22.139 DEBUG qt.scenegraph.time.renderloop: [window 0x7f380ef04e40][gui thread] Frame prepared, polish=0 ms, lock=0 ms, blockedForSync=0 ms, animations=0 ms
2026-07-14 19:22:22.139 DEBUG qt.scenegraph.time.renderer: time in renderer: total=0ms, preprocess=0, updates=0, rendering=0
2026-07-14 19:22:22.140 DEBUG qt.scenegraph.time.renderloop: [window 0x7f380ef04e40][render thread 0x7f380ed86040] syncAndRender: frame rendered in 0ms, sync=0, render=0, swap=0
2026-07-14 19:22:22.170 DEBUG qt.scenegraph.time.renderloop: [window 0x7f380ef04e40][gui thread] polishAndSync: start, elapsed since last call: 31 ms
2026-07-14 19:22:22.171 DEBUG qt.scenegraph.time.renderloop: [window 0x7f380ef04e40][render thread 0x7f380ed86040] syncAndRender: start, elapsed since last call: 31 ms
2026-07-14 19:22:22.171 DEBUG qt.scenegraph.time.renderloop: [window 0x7f380ef04e40][gui thread] Frame prepared, polish=0 ms, lock=0 ms, blockedForSync=0 ms, animations=0 ms
2026-07-14 19:22:22.171 DEBUG qt.scenegraph.time.renderer: time in renderer: total=0ms, preprocess=0, updates=0, rendering=0
2026-07-14 19:22:22.171 DEBUG qt.scenegraph.time.renderloop: [window 0x7f380ef04e40][render thread 0x7f380ed86040] syncAndRender: frame rendered in 0ms, sync=0, render=0, swap=0
2026-07-14 19:22:22.172 DEBUG qt.scenegraph.time.renderloop: [window 0x7f380ef04e40][gui thread] polishAndSync: start, elapsed since last call: 1 ms
2026-07-14 19:22:22.172 DEBUG qt.scenegraph.time.renderloop: [window 0x7f380ef04e40][render thread 0x7f380ed86040] syncAndRender: start, elapsed since last call: 0 ms
2026-07-14 19:22:22.172 DEBUG qt.scenegraph.time.renderloop: [window 0x7f380ef04e40][gui thread] Frame prepared, polish=0 ms, lock=0 ms, blockedForSync=0 ms, animations=0 ms
2026-07-14 19:22:22.172 DEBUG qt.scenegraph.time.renderer: time in renderer: total=0ms, preprocess=0, updates=0, rendering=0
2026-07-14 19:22:22.172 DEBUG qt.scenegraph.time.renderloop: [window 0x7f380ef04e40][render thread 0x7f380ed86040] syncAndRender: frame rendered in 0ms, sync=0, render=0, swap=0
2026-07-14 19:22:22.203 DEBUG qt.scenegraph.time.renderloop: [window 0x7f380ef04e40][gui thread] polishAndSync: start, elapsed since last call: 31 ms
2026-07-14 19:22:22.204 DEBUG qt.scenegraph.time.renderloop: [window 0x7f380ef04e40][render thread 0x7f380ed86040] syncAndRender: start, elapsed since last call: 31 ms
2026-07-14 19:22:22.204 DEBUG qt.scenegraph.time.renderloop: [window 0x7f380ef04e40][gui thread] Frame prepared, polish=0 ms, lock=0 ms, blockedForSync=0 ms, animations=0 ms
2026-07-14 19:22:22.204 DEBUG qt.scenegraph.time.renderer: time in renderer: total=0ms, preprocess=0, updates=0, rendering=0
2026-07-14 19:22:22.204 DEBUG qt.scenegraph.time.renderloop: [window 0x7f380ef04e40][render thread 0x7f380ed86040] syncAndRender: frame rendered in 0ms, sync=0, render=0, swap=0
2026-07-14 19:22:22.204 DEBUG qt.scenegraph.time.renderloop: [window 0x7f380ef04e40][gui thread] polishAndSync: start, elapsed since last call: 1 ms
2026-07-14 19:22:22.205 DEBUG qt.scenegraph.time.renderloop: [window 0x7f380ef04e40][render thread 0x7f380ed86040] syncAndRender: start, elapsed since last call: 0 ms
2026-07-14 19:22:22.205 DEBUG qt.scenegraph.time.renderloop: [window 0x7f380ef04e40][gui thread] Frame prepared, polish=0 ms, lock=0 ms, blockedForSync=0 ms, animations=0 ms
2026-07-14 19:22:22.205 DEBUG qt.scenegraph.time.renderer: time in renderer: total=0ms, preprocess=0, updates=0, rendering=0
2026-07-14 19:22:22.205 DEBUG qt.scenegraph.time.renderloop: [window 0x7f380ef04e40][render thread 0x7f380ed86040] syncAndRender: frame rendered in 0ms, sync=0, render=0, swap=0
2026-07-14 19:22:22.237 DEBUG qt.scenegraph.time.renderloop: [window 0x7f380ef04e40][gui thread] polishAndSync: start, elapsed since last call: 32 ms
2026-07-14 19:22:22.237 DEBUG qt.scenegraph.time.renderloop: [window 0x7f380ef04e40][render thread 0x7f380ed86040] syncAndRender: start, elapsed since last call: 32 ms
2026-07-14 19:22:22.237 DEBUG qt.scenegraph.time.renderloop: [window 0x7f380ef04e40][gui thread] Frame prepared, polish=0 ms, lock=0 ms, blockedForSync=0 ms, animations=0 ms
2026-07-14 19:22:22.238 DEBUG qt.scenegraph.time.renderer: time in renderer: total=0ms, preprocess=0, updates=0, rendering=0
2026-07-14 19:22:22.238 DEBUG qt.scenegraph.time.renderloop: [window 0x7f380ef04e40][render thread 0x7f380ed86040] syncAndRender: frame rendered in 0ms, sync=0, render=0, swap=0
2026-07-14 19:22:22.238 DEBUG qt.scenegraph.time.renderloop: [window 0x7f380ef04e40][gui thread] polishAndSync: start, elapsed since last call: 1 ms
2026-07-14 19:22:22.238 DEBUG qt.scenegraph.time.renderloop: [window 0x7f380ef04e40][render thread 0x7f380ed86040] syncAndRender: start, elapsed since last call: 1 ms
2026-07-14 19:22:22.238 DEBUG qt.scenegraph.time.renderloop: [window 0x7f380ef04e40][gui thread] Frame prepared, polish=0 ms, lock=0 ms, blockedForSync=0 ms, animations=0 ms
2026-07-14 19:22:22.239 DEBUG qt.scenegraph.time.renderer: time in renderer: total=0ms, preprocess=0, updates=0, rendering=0
2026-07-14 19:22:22.239 DEBUG qt.scenegraph.time.renderloop: [window 0x7f380ef04e40][render thread 0x7f380ed86040] syncAndRender: frame rendered in 0ms, sync=0, render=0, swap=0
2026-07-14 19:22:22.270 DEBUG qt.scenegraph.time.renderloop: [window 0x7f380ef04e40][gui thread] polishAndSync: start, elapsed since last call: 31 ms
2026-07-14 19:22:22.271 DEBUG qt.scenegraph.time.renderloop: [window 0x7f380ef04e40][render thread 0x7f380ed86040] syncAndRender: start, elapsed since last call: 32 ms
2026-07-14 19:22:22.271 DEBUG qt.scenegraph.time.renderloop: [window 0x7f380ef04e40][gui thread] Frame prepared, polish=0 ms, lock=0 ms, blockedForSync=0 ms, animations=0 ms
2026-07-14 19:22:22.271 DEBUG qt.scenegraph.time.renderer: time in renderer: total=0ms, preprocess=0, updates=0, rendering=0
2026-07-14 19:22:22.271 DEBUG qt.scenegraph.time.renderloop: [window 0x7f380ef04e40][render thread 0x7f380ed86040] syncAndRender: frame rendered in 0ms, sync=0, render=0, swap=0
2026-07-14 19:22:22.272 DEBUG qt.scenegraph.time.renderloop: [window 0x7f380ef04e40][gui thread] polishAndSync: start, elapsed since last call: 1 ms
2026-07-14 19:22:22.272 DEBUG qt.scenegraph.time.renderloop: [window 0x7f380ef04e40][render thread 0x7f380ed86040] syncAndRender: start, elapsed since last call: 1 ms
2026-07-14 19:22:22.272 DEBUG qt.scenegraph.time.renderloop: [window 0x7f380ef04e40][gui thread] Frame prepared, polish=0 ms, lock=0 ms, blockedForSync=0 ms, animations=0 ms
2026-07-14 19:22:22.272 DEBUG qt.scenegraph.time.renderloop: [window 0x7f380ef04e40][gui thread] polishAndSync: start, elapsed since last call: 0 ms
2026-07-14 19:22:22.272 DEBUG qt.scenegraph.time.texture: atlastexture upload enqueued in: -9223357656843ms (16x16)
2026-07-14 19:22:22.272 DEBUG qt.scenegraph.time.texture: atlastexture upload enqueued in: -9223357656843ms (36x14)
2026-07-14 19:22:22.272 DEBUG qt.scenegraph.time.renderer: time in renderer: total=0ms, preprocess=0, updates=0, rendering=0
2026-07-14 19:22:22.273 DEBUG qt.scenegraph.time.renderloop: [window 0x7f380ef04e40][render thread 0x7f380ed86040] syncAndRender: frame rendered in 0ms, sync=0, render=0, swap=0
2026-07-14 19:22:22.273 DEBUG qt.scenegraph.time.renderloop: [window 0x7f380ef04e40][render thread 0x7f380ed86040] syncAndRender: start, elapsed since last call: 0 ms
2026-07-14 19:22:22.273 DEBUG qt.scenegraph.time.renderloop: [window 0x7f380ef04e40][gui thread] Frame prepared, polish=0 ms, lock=0 ms, blockedForSync=0 ms, animations=0 ms
2026-07-14 19:22:22.273 DEBUG qt.scenegraph.time.renderer: time in renderer: total=0ms, preprocess=0, updates=0, rendering=0
2026-07-14 19:22:22.276 DEBUG qt.scenegraph.time.renderloop: [window 0x7f380ef04e40][gui thread] polishAndSync: start, elapsed since last call: 4 ms
2026-07-14 19:22:22.276 DEBUG qt.scenegraph.time.renderloop: [window 0x7f380ef04e40][render thread 0x7f380ed86040] syncAndRender: frame rendered in 3ms, sync=0, render=0, swap=3
2026-07-14 19:22:22.276 DEBUG qt.scenegraph.time.renderloop: [window 0x7f380ef04e40][render thread 0x7f380ed86040] syncAndRender: start, elapsed since last call: 3 ms
2026-07-14 19:22:22.276 DEBUG qt.scenegraph.time.renderloop: [window 0x7f380ef04e40][gui thread] Frame prepared, polish=0 ms, lock=0 ms, blockedForSync=0 ms, animations=0 ms
2026-07-14 19:22:22.276 DEBUG qt.scenegraph.time.renderer: time in renderer: total=0ms, preprocess=0, updates=0, rendering=0
2026-07-14 19:22:22.283 DEBUG qt.scenegraph.time.renderloop: [window 0x7f380ef04e40][gui thread] polishAndSync: start, elapsed since last call: 6 ms
2026-07-14 19:22:22.283 DEBUG qt.scenegraph.time.renderloop: [window 0x7f380ef04e40][render thread 0x7f380ed86040] syncAndRender: frame rendered in 6ms, sync=0, render=0, swap=6
2026-07-14 19:22:22.283 DEBUG qt.scenegraph.time.renderloop: [window 0x7f380ef04e40][render thread 0x7f380ed86040] syncAndRender: start, elapsed since last call: 7 ms
2026-07-14 19:22:22.283 DEBUG qt.scenegraph.time.renderloop: [window 0x7f380ef04e40][gui thread] Frame prepared, polish=0 ms, lock=0 ms, blockedForSync=0 ms, animations=0 ms
2026-07-14 19:22:22.284 DEBUG qt.scenegraph.time.texture: atlastexture upload enqueued in: -9223357656832ms (36x14)
2026-07-14 19:22:22.284 DEBUG qt.scenegraph.time.renderer: time in renderer: total=0ms, preprocess=0, updates=0, rendering=0
2026-07-14 19:22:22.290 DEBUG qt.scenegraph.time.renderloop: [window 0x7f380ef04e40][gui thread] polishAndSync: start, elapsed since last call: 7 ms
2026-07-14 19:22:22.290 DEBUG qt.scenegraph.time.renderloop: [window 0x7f380ef04e40][render thread 0x7f380ed86040] syncAndRender: frame rendered in 6ms, sync=0, render=0, swap=6
2026-07-14 19:22:22.290 DEBUG qt.scenegraph.time.renderloop: [window 0x7f380ef04e40][render thread 0x7f380ed86040] syncAndRender: start, elapsed since last call: 7 ms
2026-07-14 19:22:22.290 DEBUG qt.scenegraph.time.renderloop: [window 0x7f380ef04e40][gui thread] Frame prepared, polish=0 ms, lock=0 ms, blockedForSync=0 ms, animations=0 ms
2026-07-14 19:22:22.291 DEBUG qt.scenegraph.time.renderer: time in renderer: total=0ms, preprocess=0, updates=0, rendering=0
2026-07-14 19:22:22.297 DEBUG qt.scenegraph.time.renderloop: [window 0x7f380ef04e40][gui thread] polishAndSync: start, elapsed since last call: 6 ms
2026-07-14 19:22:22.297 DEBUG qt.scenegraph.time.renderloop: [window 0x7f380ef04e40][render thread 0x7f380ed86040] syncAndRender: frame rendered in 6ms, sync=0, render=0, swap=6
2026-07-14 19:22:22.297 DEBUG qt.scenegraph.time.renderloop: [window 0x7f380ef04e40][render thread 0x7f380ed86040] syncAndRender: start, elapsed since last call: 7 ms
2026-07-14 19:22:22.297 DEBUG qt.scenegraph.time.renderloop: [window 0x7f380ef04e40][gui thread] Frame prepared, polish=0 ms, lock=0 ms, blockedForSync=0 ms, animations=0 ms
2026-07-14 19:22:22.298 DEBUG qt.scenegraph.time.renderer: time in renderer: total=0ms, preprocess=0, updates=0, rendering=0
2026-07-14 19:22:22.304 DEBUG qt.scenegraph.time.renderloop: [window 0x7f380ef04e40][gui thread] polishAndSync: start, elapsed since last call: 6 ms
2026-07-14 19:22:22.304 DEBUG qt.scenegraph.time.renderloop: [window 0x7f380ef04e40][render thread 0x7f380ed86040] syncAndRender: frame rendered in 6ms, sync=0, render=0, swap=6
2026-07-14 19:22:22.304 DEBUG qt.scenegraph.time.renderloop: [window 0x7f380ef04e40][render thread 0x7f380ed86040] syncAndRender: start, elapsed since last call: 6 ms
2026-07-14 19:22:22.304 DEBUG qt.scenegraph.time.renderloop: [window 0x7f380ef04e40][gui thread] Frame prepared, polish=0 ms, lock=0 ms, blockedForSync=0 ms, animations=0 ms
2026-07-14 19:22:22.304 DEBUG qt.scenegraph.time.renderer: time in renderer: total=0ms, preprocess=0, updates=0, rendering=0
2026-07-14 19:22:22.311 DEBUG qt.scenegraph.time.renderloop: [window 0x7f380ef04e40][render thread 0x7f380ed86040] syncAndRender: frame rendered in 7ms, sync=0, render=0, swap=6
2026-07-14 19:22:22.311 DEBUG qt.scenegraph.time.renderloop: [window 0x7f380ef04e40][gui thread] polishAndSync: start, elapsed since last call: 7 ms
2026-07-14 19:22:22.311 DEBUG qt.scenegraph.time.renderloop: [window 0x7f380ef04e40][render thread 0x7f380ed86040] syncAndRender: start, elapsed since last call: 7 ms
2026-07-14 19:22:22.311 DEBUG qt.scenegraph.time.renderloop: [window 0x7f380ef04e40][gui thread] Frame prepared, polish=0 ms, lock=0 ms, blockedForSync=0 ms, animations=0 ms
2026-07-14 19:22:22.311 DEBUG qt.scenegraph.time.renderer: time in renderer: total=0ms, preprocess=0, updates=0, rendering=0
2026-07-14 19:22:22.318 DEBUG qt.scenegraph.time.renderloop: [window 0x7f380ef04e40][gui thread] polishAndSync: start, elapsed since last call: 6 ms
2026-07-14 19:22:22.318 DEBUG qt.scenegraph.time.renderloop: [window 0x7f380ef04e40][render thread 0x7f380ed86040] syncAndRender: frame rendered in 6ms, sync=0, render=0, swap=6
2026-07-14 19:22:22.318 DEBUG qt.scenegraph.time.renderloop: [window 0x7f380ef04e40][render thread 0x7f380ed86040] syncAndRender: start, elapsed since last call: 6 ms
2026-07-14 19:22:22.318 DEBUG qt.scenegraph.time.renderloop: [window 0x7f380ef04e40][gui thread] Frame prepared, polish=0 ms, lock=0 ms, blockedForSync=0 ms, animations=0 ms
2026-07-14 19:22:22.318 DEBUG qt.scenegraph.time.renderer: time in renderer: total=0ms, preprocess=0, updates=0, rendering=0
2026-07-14 19:22:22.325 DEBUG qt.scenegraph.time.renderloop: [window 0x7f380ef04e40][gui thread] polishAndSync: start, elapsed since last call: 6 ms
2026-07-14 19:22:22.325 DEBUG qt.scenegraph.time.renderloop: [window 0x7f380ef04e40][render thread 0x7f380ed86040] syncAndRender: frame rendered in 6ms, sync=0, render=0, swap=6
2026-07-14 19:22:22.325 DEBUG qt.scenegraph.time.renderloop: [window 0x7f380ef04e40][render thread 0x7f380ed86040] syncAndRender: start, elapsed since last call: 6 ms
2026-07-14 19:22:22.325 DEBUG qt.scenegraph.time.renderloop: [window 0x7f380ef04e40][gui thread] Frame prepared, polish=0 ms, lock=0 ms, blockedForSync=0 ms, animations=0 ms
2026-07-14 19:22:22.325 DEBUG qt.scenegraph.time.renderer: time in renderer: total=0ms, preprocess=0, updates=0, rendering=0
2026-07-14 19:22:22.332 DEBUG qt.scenegraph.time.renderloop: [window 0x7f380ef04e40][render thread 0x7f380ed86040] syncAndRender: frame rendered in 7ms, sync=0, render=0, swap=7
2026-07-14 19:22:22.332 DEBUG qt.scenegraph.time.renderloop: [window 0x7f380ef04e40][gui thread] polishAndSync: start, elapsed since last call: 7 ms
2026-07-14 19:22:22.332 DEBUG qt.scenegraph.time.renderloop: [window 0x7f380ef04e40][render thread 0x7f380ed86040] syncAndRender: start, elapsed since last call: 7 ms
2026-07-14 19:22:22.333 DEBUG qt.scenegraph.time.renderloop: [window 0x7f380ef04e40][gui thread] Frame prepared, polish=0 ms, lock=0 ms, blockedForSync=0 ms, animations=0 ms
2026-07-14 19:22:22.333 DEBUG qt.scenegraph.time.renderer: time in renderer: total=0ms, preprocess=0, updates=0, rendering=0
2026-07-14 19:22:22.339 DEBUG qt.scenegraph.time.renderloop: [window 0x7f380ef04e40][gui thread] polishAndSync: start, elapsed since last call: 6 ms
2026-07-14 19:22:22.339 DEBUG qt.scenegraph.time.renderloop: [window 0x7f380ef04e40][render thread 0x7f380ed86040] syncAndRender: frame rendered in 6ms, sync=0, render=0, swap=6
2026-07-14 19:22:22.339 DEBUG qt.scenegraph.time.renderloop: [window 0x7f380ef04e40][render thread 0x7f380ed86040] syncAndRender: start, elapsed since last call: 6 ms
2026-07-14 19:22:22.339 DEBUG qt.scenegraph.time.renderloop: [window 0x7f380ef04e40][gui thread] Frame prepared, polish=0 ms, lock=0 ms, blockedForSync=0 ms, animations=0 ms
2026-07-14 19:22:22.339 DEBUG qt.scenegraph.time.renderer: time in renderer: total=0ms, preprocess=0, updates=0, rendering=0
2026-07-14 19:22:22.346 DEBUG qt.scenegraph.time.renderloop: [window 0x7f380ef04e40][render thread 0x7f380ed86040] syncAndRender: frame rendered in 6ms, sync=0, render=0, swap=6
2026-07-14 19:22:22.346 DEBUG qt.scenegraph.time.renderloop: [window 0x7f380ef04e40][gui thread] polishAndSync: start, elapsed since last call: 6 ms
2026-07-14 19:22:22.346 DEBUG qt.scenegraph.time.renderloop: [window 0x7f380ef04e40][render thread 0x7f380ed86040] syncAndRender: start, elapsed since last call: 6 ms
2026-07-14 19:22:22.346 DEBUG qt.scenegraph.time.renderloop: [window 0x7f380ef04e40][gui thread] Frame prepared, polish=0 ms, lock=0 ms, blockedForSync=0 ms, animations=0 ms
2026-07-14 19:22:22.346 DEBUG qt.scenegraph.time.renderer: time in renderer: total=0ms, preprocess=0, updates=0, rendering=0
2026-07-14 19:22:22.353 DEBUG qt.scenegraph.time.renderloop: [window 0x7f380ef04e40][gui thread] polishAndSync: start, elapsed since last call: 6 ms
2026-07-14 19:22:22.353 DEBUG qt.scenegraph.time.renderloop: [window 0x7f380ef04e40][render thread 0x7f380ed86040] syncAndRender: frame rendered in 6ms, sync=0, render=0, swap=6
2026-07-14 19:22:22.353 DEBUG qt.scenegraph.time.renderloop: [window 0x7f380ef04e40][render thread 0x7f380ed86040] syncAndRender: start, elapsed since last call: 6 ms
2026-07-14 19:22:22.353 DEBUG qt.scenegraph.time.renderloop: [window 0x7f380ef04e40][gui thread] Frame prepared, polish=0 ms, lock=0 ms, blockedForSync=0 ms, animations=0 ms
2026-07-14 19:22:22.353 DEBUG qt.scenegraph.time.renderer: time in renderer: total=0ms, preprocess=0, updates=0, rendering=0
2026-07-14 19:22:22.360 DEBUG qt.scenegraph.time.renderloop: [window 0x7f380ef04e40][gui thread] polishAndSync: start, elapsed since last call: 6 ms
2026-07-14 19:22:22.360 DEBUG qt.scenegraph.time.renderloop: [window 0x7f380ef04e40][render thread 0x7f380ed86040] syncAndRender: frame rendered in 6ms, sync=0, render=0, swap=6
2026-07-14 19:22:22.360 DEBUG qt.scenegraph.time.renderloop: [window 0x7f380ef04e40][render thread 0x7f380ed86040] syncAndRender: start, elapsed since last call: 7 ms
2026-07-14 19:22:22.360 DEBUG qt.scenegraph.time.renderloop: [window 0x7f380ef04e40][gui thread] Frame prepared, polish=0 ms, lock=0 ms, blockedForSync=0 ms, animations=0 ms
2026-07-14 19:22:22.360 DEBUG qt.scenegraph.time.renderer: time in renderer: total=0ms, preprocess=0, updates=0, rendering=0
2026-07-14 19:22:22.367 DEBUG qt.scenegraph.time.renderloop: [window 0x7f380ef04e40][gui thread] polishAndSync: start, elapsed since last call: 6 ms
2026-07-14 19:22:22.367 DEBUG qt.scenegraph.time.renderloop: [window 0x7f380ef04e40][render thread 0x7f380ed86040] syncAndRender: frame rendered in 6ms, sync=0, render=0, swap=6
2026-07-14 19:22:22.367 DEBUG qt.scenegraph.time.renderloop: [window 0x7f380ef04e40][render thread 0x7f380ed86040] syncAndRender: start, elapsed since last call: 6 ms
2026-07-14 19:22:22.367 DEBUG qt.scenegraph.time.renderloop: [window 0x7f380ef04e40][gui thread] Frame prepared, polish=0 ms, lock=0 ms, blockedForSync=0 ms, animations=0 ms
2026-07-14 19:22:22.367 DEBUG qt.scenegraph.time.renderer: time in renderer: total=0ms, preprocess=0, updates=0, rendering=0
2026-07-14 19:22:22.374 DEBUG qt.scenegraph.time.renderloop: [window 0x7f380ef04e40][gui thread] polishAndSync: start, elapsed since last call: 7 ms
2026-07-14 19:22:22.374 DEBUG qt.scenegraph.time.renderloop: [window 0x7f380ef04e40][render thread 0x7f380ed86040] syncAndRender: frame rendered in 7ms, sync=0, render=0, swap=7
2026-07-14 19:22:22.374 DEBUG qt.scenegraph.time.renderloop: [window 0x7f380ef04e40][render thread 0x7f380ed86040] syncAndRender: start, elapsed since last call: 7 ms
2026-07-14 19:22:22.374 DEBUG qt.scenegraph.time.renderloop: [window 0x7f380ef04e40][gui thread] Frame prepared, polish=0 ms, lock=0 ms, blockedForSync=0 ms, animations=0 ms
2026-07-14 19:22:22.374 DEBUG qt.scenegraph.time.renderer: time in renderer: total=0ms, preprocess=0, updates=0, rendering=0
2026-07-14 19:22:22.381 DEBUG qt.scenegraph.time.renderloop: [window 0x7f380ef04e40][gui thread] polishAndSync: start, elapsed since last call: 6 ms
2026-07-14 19:22:22.381 DEBUG qt.scenegraph.time.renderloop: [window 0x7f380ef04e40][render thread 0x7f380ed86040] syncAndRender: frame rendered in 6ms, sync=0, render=0, swap=6
2026-07-14 19:22:22.381 DEBUG qt.scenegraph.time.renderloop: [window 0x7f380ef04e40][render thread 0x7f380ed86040] syncAndRender: start, elapsed since last call: 6 ms
2026-07-14 19:22:22.381 DEBUG qt.scenegraph.time.renderer: time in renderer: total=0ms, preprocess=0, updates=0, rendering=0
2026-07-14 19:22:22.381 DEBUG qt.scenegraph.time.renderloop: [window 0x7f380ef04e40][gui thread] Frame prepared, polish=0 ms, lock=0 ms, blockedForSync=0 ms, animations=0 ms
2026-07-14 19:22:22.387 DEBUG qt.scenegraph.time.renderloop: [window 0x7f380ef04e40][gui thread] polishAndSync: start, elapsed since last call: 6 ms
2026-07-14 19:22:22.387 DEBUG qt.scenegraph.time.renderloop: [window 0x7f380ef04e40][render thread 0x7f380ed86040] syncAndRender: frame rendered in 6ms, sync=0, render=0, swap=6
2026-07-14 19:22:22.387 DEBUG qt.scenegraph.time.renderloop: [window 0x7f380ef04e40][render thread 0x7f380ed86040] syncAndRender: start, elapsed since last call: 6 ms
2026-07-14 19:22:22.387 DEBUG qt.scenegraph.time.renderloop: [window 0x7f380ef04e40][gui thread] Frame prepared, polish=0 ms, lock=0 ms, blockedForSync=0 ms, animations=0 ms
2026-07-14 19:22:22.387 DEBUG qt.scenegraph.time.renderer: time in renderer: total=0ms, preprocess=0, updates=0, rendering=0
2026-07-14 19:22:22.394 DEBUG qt.scenegraph.time.renderloop: [window 0x7f380ef04e40][gui thread] polishAndSync: start, elapsed since last call: 6 ms
2026-07-14 19:22:22.394 DEBUG qt.scenegraph.time.renderloop: [window 0x7f380ef04e40][render thread 0x7f380ed86040] syncAndRender: frame rendered in 6ms, sync=0, render=0, swap=6
2026-07-14 19:22:22.395 DEBUG qt.scenegraph.time.renderloop: [window 0x7f380ef04e40][render thread 0x7f380ed86040] syncAndRender: start, elapsed since last call: 7 ms
2026-07-14 19:22:22.395 DEBUG qt.scenegraph.time.renderloop: [window 0x7f380ef04e40][gui thread] Frame prepared, polish=0 ms, lock=0 ms, blockedForSync=0 ms, animations=0 ms
2026-07-14 19:22:22.395 DEBUG qt.scenegraph.time.renderer: time in renderer: total=0ms, preprocess=0, updates=0, rendering=0
2026-07-14 19:22:22.402 DEBUG qt.scenegraph.time.renderloop: [window 0x7f380ef04e40][render thread 0x7f380ed86040] syncAndRender: frame rendered in 6ms, sync=0, render=0, swap=6
2026-07-14 19:22:22.402 DEBUG qt.scenegraph.time.renderloop: [window 0x7f380ef04e40][gui thread] polishAndSync: start, elapsed since last call: 7 ms
2026-07-14 19:22:22.402 DEBUG qt.scenegraph.time.renderloop: [window 0x7f380ef04e40][render thread 0x7f380ed86040] syncAndRender: start, elapsed since last call: 6 ms
2026-07-14 19:22:22.402 DEBUG qt.scenegraph.time.renderloop: [window 0x7f380ef04e40][gui thread] Frame prepared, polish=0 ms, lock=0 ms, blockedForSync=0 ms, animations=0 ms
2026-07-14 19:22:22.402 DEBUG qt.scenegraph.time.renderer: time in renderer: total=0ms, preprocess=0, updates=0, rendering=0
2026-07-14 19:22:22.408 DEBUG qt.scenegraph.time.renderloop: [window 0x7f380ef04e40][gui thread] polishAndSync: start, elapsed since last call: 6 ms
2026-07-14 19:22:22.408 DEBUG qt.scenegraph.time.renderloop: [window 0x7f380ef04e40][render thread 0x7f380ed86040] syncAndRender: frame rendered in 6ms, sync=0, render=0, swap=6
2026-07-14 19:22:22.408 DEBUG qt.scenegraph.time.renderloop: [window 0x7f380ef04e40][render thread 0x7f380ed86040] syncAndRender: start, elapsed since last call: 6 ms
2026-07-14 19:22:22.408 DEBUG qt.scenegraph.time.renderloop: [window 0x7f380ef04e40][gui thread] Frame prepared, polish=0 ms, lock=0 ms, blockedForSync=0 ms, animations=0 ms
2026-07-14 19:22:22.409 DEBUG qt.scenegraph.time.renderer: time in renderer: total=0ms, preprocess=0, updates=0, rendering=0
2026-07-14 19:22:22.415 DEBUG qt.scenegraph.time.renderloop: [window 0x7f380ef04e40][gui thread] polishAndSync: start, elapsed since last call: 6 ms
2026-07-14 19:22:22.415 DEBUG qt.scenegraph.time.renderloop: [window 0x7f380ef04e40][render thread 0x7f380ed86040] syncAndRender: frame rendered in 6ms, sync=0, render=0, swap=6
2026-07-14 19:22:22.415 DEBUG qt.scenegraph.time.renderloop: [window 0x7f380ef04e40][render thread 0x7f380ed86040] syncAndRender: start, elapsed since last call: 6 ms
2026-07-14 19:22:22.415 DEBUG qt.scenegraph.time.renderloop: [window 0x7f380ef04e40][gui thread] Frame prepared, polish=0 ms, lock=0 ms, blockedForSync=0 ms, animations=0 ms
2026-07-14 19:22:22.415 DEBUG qt.scenegraph.time.renderer: time in renderer: total=0ms, preprocess=0, updates=0, rendering=0
2026-07-14 19:22:22.422 DEBUG qt.scenegraph.time.renderloop: [window 0x7f380ef04e40][gui thread] polishAndSync: start, elapsed since last call: 7 ms
2026-07-14 19:22:22.422 DEBUG qt.scenegraph.time.renderloop: [window 0x7f380ef04e40][render thread 0x7f380ed86040] syncAndRender: frame rendered in 7ms, sync=0, render=0, swap=6
2026-07-14 19:22:22.422 DEBUG qt.scenegraph.time.renderloop: [window 0x7f380ef04e40][render thread 0x7f380ed86040] syncAndRender: start, elapsed since last call: 7 ms
2026-07-14 19:22:22.422 DEBUG qt.scenegraph.time.renderloop: [window 0x7f380ef04e40][gui thread] Frame prepared, polish=0 ms, lock=0 ms, blockedForSync=0 ms, animations=0 ms
2026-07-14 19:22:22.422 DEBUG qt.scenegraph.time.renderer: time in renderer: total=0ms, preprocess=0, updates=0, rendering=0
2026-07-14 19:22:22.429 DEBUG qt.scenegraph.time.renderloop: [window 0x7f380ef04e40][gui thread] polishAndSync: start, elapsed since last call: 6 ms
2026-07-14 19:22:22.429 DEBUG qt.scenegraph.time.renderloop: [window 0x7f380ef04e40][render thread 0x7f380ed86040] syncAndRender: frame rendered in 6ms, sync=0, render=0, swap=6
2026-07-14 19:22:22.430 DEBUG qt.scenegraph.time.renderloop: [window 0x7f380ef04e40][render thread 0x7f380ed86040] syncAndRender: start, elapsed since last call: 7 ms
2026-07-14 19:22:22.430 DEBUG qt.scenegraph.time.renderloop: [window 0x7f380ef04e40][gui thread] Frame prepared, polish=0 ms, lock=0 ms, blockedForSync=0 ms, animations=0 ms
2026-07-14 19:22:22.430 DEBUG qt.scenegraph.time.renderer: time in renderer: total=0ms, preprocess=0, updates=0, rendering=0
2026-07-14 19:22:22.436 DEBUG qt.scenegraph.time.renderloop: [window 0x7f380ef04e40][gui thread] polishAndSync: start, elapsed since last call: 6 ms
2026-07-14 19:22:22.436 DEBUG qt.scenegraph.time.renderloop: [window 0x7f380ef04e40][render thread 0x7f380ed86040] syncAndRender: frame rendered in 6ms, sync=0, render=0, swap=6
2026-07-14 19:22:22.436 DEBUG qt.scenegraph.time.renderloop: [window 0x7f380ef04e40][render thread 0x7f380ed86040] syncAndRender: start, elapsed since last call: 6 ms
2026-07-14 19:22:22.436 DEBUG qt.scenegraph.time.renderloop: [window 0x7f380ef04e40][gui thread] Frame prepared, polish=0 ms, lock=0 ms, blockedForSync=0 ms, animations=0 ms
2026-07-14 19:22:22.436 DEBUG qt.scenegraph.time.renderer: time in renderer: total=0ms, preprocess=0, updates=0, rendering=0
2026-07-14 19:22:22.443 DEBUG qt.scenegraph.time.renderloop: [window 0x7f380ef04e40][gui thread] polishAndSync: start, elapsed since last call: 6 ms
2026-07-14 19:22:22.443 DEBUG qt.scenegraph.time.renderloop: [window 0x7f380ef04e40][render thread 0x7f380ed86040] syncAndRender: frame rendered in 6ms, sync=0, render=0, swap=6
2026-07-14 19:22:22.443 DEBUG qt.scenegraph.time.renderloop: [window 0x7f380ef04e40][render thread 0x7f380ed86040] syncAndRender: start, elapsed since last call: 6 ms
2026-07-14 19:22:22.443 DEBUG qt.scenegraph.time.renderloop: [window 0x7f380ef04e40][gui thread] Frame prepared, polish=0 ms, lock=0 ms, blockedForSync=0 ms, animations=0 ms
2026-07-14 19:22:22.443 DEBUG qt.scenegraph.time.renderer: time in renderer: total=0ms, preprocess=0, updates=0, rendering=0
2026-07-14 19:22:22.450 DEBUG qt.scenegraph.time.renderloop: [window 0x7f380ef04e40][gui thread] polishAndSync: start, elapsed since last call: 7 ms
2026-07-14 19:22:22.450 DEBUG qt.scenegraph.time.renderloop: [window 0x7f380ef04e40][render thread 0x7f380ed86040] syncAndRender: frame rendered in 7ms, sync=0, render=0, swap=7
2026-07-14 19:22:22.450 DEBUG qt.scenegraph.time.renderloop: [window 0x7f380ef04e40][render thread 0x7f380ed86040] syncAndRender: start, elapsed since last call: 7 ms
2026-07-14 19:22:22.450 DEBUG qt.scenegraph.time.renderloop: [window 0x7f380ef04e40][gui thread] Frame prepared, polish=0 ms, lock=0 ms, blockedForSync=0 ms, animations=0 ms
2026-07-14 19:22:22.450 DEBUG qt.scenegraph.time.renderer: time in renderer: total=0ms, preprocess=0, updates=0, rendering=0
2026-07-14 19:22:22.457 DEBUG qt.scenegraph.time.renderloop: [window 0x7f380ef04e40][gui thread] polishAndSync: start, elapsed since last call: 6 ms
2026-07-14 19:22:22.457 DEBUG qt.scenegraph.time.renderloop: [window 0x7f380ef04e40][render thread 0x7f380ed86040] syncAndRender: frame rendered in 6ms, sync=0, render=0, swap=6
2026-07-14 19:22:22.457 DEBUG qt.scenegraph.time.renderloop: [window 0x7f380ef04e40][render thread 0x7f380ed86040] syncAndRender: start, elapsed since last call: 6 ms
2026-07-14 19:22:22.457 DEBUG qt.scenegraph.time.renderloop: [window 0x7f380ef04e40][gui thread] Frame prepared, polish=0 ms, lock=0 ms, blockedForSync=0 ms, animations=0 ms
2026-07-14 19:22:22.457 DEBUG qt.scenegraph.time.renderer: time in renderer: total=0ms, preprocess=0, updates=0, rendering=0
2026-07-14 19:22:22.464 DEBUG qt.scenegraph.time.renderloop: [window 0x7f380ef04e40][gui thread] polishAndSync: start, elapsed since last call: 7 ms
2026-07-14 19:22:22.464 DEBUG qt.scenegraph.time.renderloop: [window 0x7f380ef04e40][render thread 0x7f380ed86040] syncAndRender: frame rendered in 7ms, sync=0, render=0, swap=7
2026-07-14 19:22:22.464 DEBUG qt.scenegraph.time.renderloop: [window 0x7f380ef04e40][render thread 0x7f380ed86040] syncAndRender: start, elapsed since last call: 7 ms
2026-07-14 19:22:22.464 DEBUG qt.scenegraph.time.renderloop: [window 0x7f380ef04e40][gui thread] Frame prepared, polish=0 ms, lock=0 ms, blockedForSync=0 ms, animations=0 ms
2026-07-14 19:22:22.465 DEBUG qt.scenegraph.time.renderer: time in renderer: total=0ms, preprocess=0, updates=0, rendering=0
2026-07-14 19:22:22.471 DEBUG qt.scenegraph.time.renderloop: [window 0x7f380ef04e40][gui thread] polishAndSync: start, elapsed since last call: 6 ms
2026-07-14 19:22:22.471 DEBUG qt.scenegraph.time.renderloop: [window 0x7f380ef04e40][render thread 0x7f380ed86040] syncAndRender: frame rendered in 6ms, sync=0, render=0, swap=6
2026-07-14 19:22:22.471 DEBUG qt.scenegraph.time.renderloop: [window 0x7f380ef04e40][render thread 0x7f380ed86040] syncAndRender: start, elapsed since last call: 6 ms
2026-07-14 19:22:22.471 DEBUG qt.scenegraph.time.renderloop: [window 0x7f380ef04e40][gui thread] Frame prepared, polish=0 ms, lock=0 ms, blockedForSync=0 ms, animations=0 ms
2026-07-14 19:22:22.471 DEBUG qt.scenegraph.time.renderer: time in renderer: total=0ms, preprocess=0, updates=0, rendering=0
2026-07-14 19:22:22.478 DEBUG qt.scenegraph.time.renderloop: [window 0x7f380ef04e40][gui thread] polishAndSync: start, elapsed since last call: 6 ms
2026-07-14 19:22:22.478 DEBUG qt.scenegraph.time.renderloop: [window 0x7f380ef04e40][render thread 0x7f380ed86040] syncAndRender: frame rendered in 6ms, sync=0, render=0, swap=6
2026-07-14 19:22:22.478 DEBUG qt.scenegraph.time.renderloop: [window 0x7f380ef04e40][render thread 0x7f380ed86040] syncAndRender: start, elapsed since last call: 6 ms
2026-07-14 19:22:22.478 DEBUG qt.scenegraph.time.renderloop: [window 0x7f380ef04e40][gui thread] Frame prepared, polish=0 ms, lock=0 ms, blockedForSync=0 ms, animations=0 ms
2026-07-14 19:22:22.478 DEBUG qt.scenegraph.time.renderer: time in renderer: total=0ms, preprocess=0, updates=0, rendering=0
2026-07-14 19:22:22.485 DEBUG qt.scenegraph.time.renderloop: [window 0x7f380ef04e40][gui thread] polishAndSync: start, elapsed since last call: 7 ms
2026-07-14 19:22:22.485 DEBUG qt.scenegraph.time.renderloop: [window 0x7f380ef04e40][render thread 0x7f380ed86040] syncAndRender: frame rendered in 7ms, sync=0, render=0, swap=6
2026-07-14 19:22:22.485 DEBUG qt.scenegraph.time.renderloop: [window 0x7f380ef04e40][render thread 0x7f380ed86040] syncAndRender: start, elapsed since last call: 7 ms
2026-07-14 19:22:22.485 DEBUG qt.scenegraph.time.renderloop: [window 0x7f380ef04e40][gui thread] Frame prepared, polish=0 ms, lock=0 ms, blockedForSync=0 ms, animations=0 ms
2026-07-14 19:22:22.485 DEBUG qt.scenegraph.time.renderer: time in renderer: total=0ms, preprocess=0, updates=0, rendering=0
2026-07-14 19:22:22.492 DEBUG qt.scenegraph.time.renderloop: [window 0x7f380ef04e40][gui thread] polishAndSync: start, elapsed since last call: 7 ms
2026-07-14 19:22:22.492 DEBUG qt.scenegraph.time.renderloop: [window 0x7f380ef04e40][render thread 0x7f380ed86040] syncAndRender: frame rendered in 7ms, sync=0, render=0, swap=7
2026-07-14 19:22:22.492 DEBUG qt.scenegraph.time.renderloop: [window 0x7f380ef04e40][render thread 0x7f380ed86040] syncAndRender: start, elapsed since last call: 7 ms
2026-07-14 19:22:22.492 DEBUG qt.scenegraph.time.renderloop: [window 0x7f380ef04e40][gui thread] Frame prepared, polish=0 ms, lock=0 ms, blockedForSync=0 ms, animations=0 ms
2026-07-14 19:22:22.492 DEBUG qt.scenegraph.time.renderer: time in renderer: total=0ms, preprocess=0, updates=0, rendering=0
2026-07-14 19:22:22.499 DEBUG qt.scenegraph.time.renderloop: [window 0x7f380ef04e40][gui thread] polishAndSync: start, elapsed since last call: 6 ms
2026-07-14 19:22:22.499 DEBUG qt.scenegraph.time.renderloop: [window 0x7f380ef04e40][render thread 0x7f380ed86040] syncAndRender: frame rendered in 6ms, sync=0, render=0, swap=6
2026-07-14 19:22:22.499 DEBUG qt.scenegraph.time.renderloop: [window 0x7f380ef04e40][render thread 0x7f380ed86040] syncAndRender: start, elapsed since last call: 6 ms
2026-07-14 19:22:22.499 DEBUG qt.scenegraph.time.renderloop: [window 0x7f380ef04e40][gui thread] Frame prepared, polish=0 ms, lock=0 ms, blockedForSync=0 ms, animations=0 ms
2026-07-14 19:22:22.499 DEBUG qt.scenegraph.time.renderer: time in renderer: total=0ms, preprocess=0, updates=0, rendering=0
2026-07-14 19:22:22.506 DEBUG qt.scenegraph.time.renderloop: [window 0x7f380ef04e40][gui thread] polishAndSync: start, elapsed since last call: 7 ms
2026-07-14 19:22:22.506 DEBUG qt.scenegraph.time.renderloop: [window 0x7f380ef04e40][render thread 0x7f380ed86040] syncAndRender: frame rendered in 7ms, sync=0, render=0, swap=7
2026-07-14 19:22:22.506 DEBUG qt.scenegraph.time.renderloop: [window 0x7f380ef04e40][render thread 0x7f380ed86040] syncAndRender: start, elapsed since last call: 7 ms
2026-07-14 19:22:22.506 DEBUG qt.scenegraph.time.renderloop: [window 0x7f380ef04e40][gui thread] Frame prepared, polish=0 ms, lock=0 ms, blockedForSync=0 ms, animations=0 ms
2026-07-14 19:22:22.506 DEBUG qt.scenegraph.time.renderer: time in renderer: total=0ms, preprocess=0, updates=0, rendering=0
2026-07-14 19:22:22.513 DEBUG qt.scenegraph.time.renderloop: [window 0x7f380ef04e40][gui thread] polishAndSync: start, elapsed since last call: 6 ms
2026-07-14 19:22:22.513 DEBUG qt.scenegraph.time.renderloop: [window 0x7f380ef04e40][render thread 0x7f380ed86040] syncAndRender: frame rendered in 6ms, sync=0, render=0, swap=6
2026-07-14 19:22:22.513 DEBUG qt.scenegraph.time.renderloop: [window 0x7f380ef04e40][render thread 0x7f380ed86040] syncAndRender: start, elapsed since last call: 6 ms
2026-07-14 19:22:22.513 DEBUG qt.scenegraph.time.renderloop: [window 0x7f380ef04e40][gui thread] Frame prepared, polish=0 ms, lock=0 ms, blockedForSync=0 ms, animations=0 ms
2026-07-14 19:22:22.513 DEBUG qt.scenegraph.time.renderer: time in renderer: total=0ms, preprocess=0, updates=0, rendering=0
2026-07-14 19:22:22.520 DEBUG qt.scenegraph.time.renderloop: [window 0x7f380ef04e40][gui thread] polishAndSync: start, elapsed since last call: 6 ms
2026-07-14 19:22:22.520 DEBUG qt.scenegraph.time.renderloop: [window 0x7f380ef04e40][render thread 0x7f380ed86040] syncAndRender: frame rendered in 6ms, sync=0, render=0, swap=6
2026-07-14 19:22:22.520 DEBUG qt.scenegraph.time.renderloop: [window 0x7f380ef04e40][render thread 0x7f380ed86040] syncAndRender: start, elapsed since last call: 6 ms
2026-07-14 19:22:22.520 DEBUG qt.scenegraph.time.renderloop: [window 0x7f380ef04e40][gui thread] Frame prepared, polish=0 ms, lock=0 ms, blockedForSync=0 ms, animations=0 ms
2026-07-14 19:22:22.520 DEBUG qt.scenegraph.time.renderer: time in renderer: total=0ms, preprocess=0, updates=0, rendering=0
2026-07-14 19:22:22.527 DEBUG qt.scenegraph.time.renderloop: [window 0x7f380ef04e40][gui thread] polishAndSync: start, elapsed since last call: 6 ms
2026-07-14 19:22:22.527 DEBUG qt.scenegraph.time.renderloop: [window 0x7f380ef04e40][render thread 0x7f380ed86040] syncAndRender: frame rendered in 6ms, sync=0, render=0, swap=6
2026-07-14 19:22:22.527 DEBUG qt.scenegraph.time.renderloop: [window 0x7f380ef04e40][render thread 0x7f380ed86040] syncAndRender: start, elapsed since last call: 7 ms
2026-07-14 19:22:22.527 DEBUG qt.scenegraph.time.renderloop: [window 0x7f380ef04e40][gui thread] Frame prepared, polish=0 ms, lock=0 ms, blockedForSync=0 ms, animations=0 ms
2026-07-14 19:22:22.527 DEBUG qt.scenegraph.time.renderer: time in renderer: total=0ms, preprocess=0, updates=0, rendering=0
2026-07-14 19:22:22.533 DEBUG qt.scenegraph.time.renderloop: [window 0x7f380ef04e40][gui thread] polishAndSync: start, elapsed since last call: 6 ms
2026-07-14 19:22:22.533 DEBUG qt.scenegraph.time.renderloop: [window 0x7f380ef04e40][render thread 0x7f380ed86040] syncAndRender: frame rendered in 6ms, sync=0, render=0, swap=6
2026-07-14 19:22:22.533 DEBUG qt.scenegraph.time.renderloop: [window 0x7f380ef04e40][render thread 0x7f380ed86040] syncAndRender: start, elapsed since last call: 6 ms
2026-07-14 19:22:22.534 DEBUG qt.scenegraph.time.renderloop: [window 0x7f380ef04e40][gui thread] Frame prepared, polish=0 ms, lock=0 ms, blockedForSync=0 ms, animations=0 ms
2026-07-14 19:22:22.534 DEBUG qt.scenegraph.time.renderer: time in renderer: total=0ms, preprocess=0, updates=0, rendering=0
2026-07-14 19:22:22.540 DEBUG qt.scenegraph.time.renderloop: [window 0x7f380ef04e40][gui thread] polishAndSync: start, elapsed since last call: 6 ms
2026-07-14 19:22:22.540 DEBUG qt.scenegraph.time.renderloop: [window 0x7f380ef04e40][render thread 0x7f380ed86040] syncAndRender: frame rendered in 6ms, sync=0, render=0, swap=6
2026-07-14 19:22:22.540 DEBUG qt.scenegraph.time.renderloop: [window 0x7f380ef04e40][render thread 0x7f380ed86040] syncAndRender: start, elapsed since last call: 6 ms
2026-07-14 19:22:22.541 DEBUG qt.scenegraph.time.renderloop: [window 0x7f380ef04e40][gui thread] Frame prepared, polish=0 ms, lock=0 ms, blockedForSync=0 ms, animations=0 ms
2026-07-14 19:22:22.541 DEBUG qt.scenegraph.time.renderer: time in renderer: total=0ms, preprocess=0, updates=0, rendering=0
2026-07-14 19:22:22.547 DEBUG qt.scenegraph.time.renderloop: [window 0x7f380ef04e40][gui thread] polishAndSync: start, elapsed since last call: 7 ms
2026-07-14 19:22:22.547 DEBUG qt.scenegraph.time.renderloop: [window 0x7f380ef04e40][render thread 0x7f380ed86040] syncAndRender: frame rendered in 6ms, sync=0, render=0, swap=6
2026-07-14 19:22:22.547 DEBUG qt.scenegraph.time.renderloop: [window 0x7f380ef04e40][render thread 0x7f380ed86040] syncAndRender: start, elapsed since last call: 6 ms
2026-07-14 19:22:22.547 DEBUG qt.scenegraph.time.renderloop: [window 0x7f380ef04e40][gui thread] Frame prepared, polish=0 ms, lock=0 ms, blockedForSync=0 ms, animations=0 ms
2026-07-14 19:22:22.547 DEBUG qt.scenegraph.time.renderer: time in renderer: total=0ms, preprocess=0, updates=0, rendering=0
2026-07-14 19:22:22.554 DEBUG qt.scenegraph.time.renderloop: [window 0x7f380ef04e40][gui thread] polishAndSync: start, elapsed since last call: 6 ms
2026-07-14 19:22:22.554 DEBUG qt.scenegraph.time.renderloop: [window 0x7f380ef04e40][render thread 0x7f380ed86040] syncAndRender: frame rendered in 6ms, sync=0, render=0, swap=6
2026-07-14 19:22:22.554 DEBUG qt.scenegraph.time.renderloop: [window 0x7f380ef04e40][render thread 0x7f380ed86040] syncAndRender: start, elapsed since last call: 6 ms
2026-07-14 19:22:22.554 DEBUG qt.scenegraph.time.renderloop: [window 0x7f380ef04e40][gui thread] Frame prepared, polish=0 ms, lock=0 ms, blockedForSync=0 ms, animations=0 ms
2026-07-14 19:22:22.554 DEBUG qt.scenegraph.time.renderer: time in renderer: total=0ms, preprocess=0, updates=0, rendering=0
2026-07-14 19:22:22.561 DEBUG qt.scenegraph.time.renderloop: [window 0x7f380ef04e40][gui thread] polishAndSync: start, elapsed since last call: 6 ms
2026-07-14 19:22:22.561 DEBUG qt.scenegraph.time.renderloop: [window 0x7f380ef04e40][render thread 0x7f380ed86040] syncAndRender: frame rendered in 6ms, sync=0, render=0, swap=6
2026-07-14 19:22:22.562 DEBUG qt.scenegraph.time.renderloop: [window 0x7f380ef04e40][render thread 0x7f380ed86040] syncAndRender: start, elapsed since last call: 7 ms
2026-07-14 19:22:22.562 DEBUG qt.scenegraph.time.renderloop: [window 0x7f380ef04e40][gui thread] Frame prepared, polish=0 ms, lock=0 ms, blockedForSync=0 ms, animations=0 ms
2026-07-14 19:22:22.562 DEBUG qt.scenegraph.time.renderer: time in renderer: total=0ms, preprocess=0, updates=0, rendering=0
2026-07-14 19:22:22.568 DEBUG qt.scenegraph.time.renderloop: [window 0x7f380ef04e40][gui thread] polishAndSync: start, elapsed since last call: 6 ms
2026-07-14 19:22:22.568 DEBUG qt.scenegraph.time.renderloop: [window 0x7f380ef04e40][render thread 0x7f380ed86040] syncAndRender: frame rendered in 6ms, sync=0, render=0, swap=6
2026-07-14 19:22:22.568 DEBUG qt.scenegraph.time.renderloop: [window 0x7f380ef04e40][render thread 0x7f380ed86040] syncAndRender: start, elapsed since last call: 6 ms
2026-07-14 19:22:22.568 DEBUG qt.scenegraph.time.renderloop: [window 0x7f380ef04e40][gui thread] Frame prepared, polish=0 ms, lock=0 ms, blockedForSync=0 ms, animations=0 ms
2026-07-14 19:22:22.568 DEBUG qt.scenegraph.time.renderer: time in renderer: total=0ms, preprocess=0, updates=0, rendering=0
2026-07-14 19:22:22.575 DEBUG qt.scenegraph.time.renderloop: [window 0x7f380ef04e40][render thread 0x7f380ed86040] syncAndRender: frame rendered in 6ms, sync=0, render=0, swap=6
2026-07-14 19:22:22.599 DEBUG qt.scenegraph.time.renderloop: [window 0x7f380ef04e40][gui thread] polishAndSync: start, elapsed since last call: 31 ms
2026-07-14 19:22:22.600 DEBUG qt.scenegraph.time.renderloop: [window 0x7f380ef04e40][render thread 0x7f380ed86040] syncAndRender: start, elapsed since last call: 31 ms
2026-07-14 19:22:22.600 DEBUG qt.scenegraph.time.renderloop: [window 0x7f380ef04e40][gui thread] Frame prepared, polish=0 ms, lock=0 ms, blockedForSync=0 ms, animations=0 ms
2026-07-14 19:22:22.600 DEBUG qt.scenegraph.time.renderer: time in renderer: total=0ms, preprocess=0, updates=0, rendering=0
2026-07-14 19:22:22.600 DEBUG qt.scenegraph.time.renderloop: [window 0x7f380ef04e40][render thread 0x7f380ed86040] syncAndRender: frame rendered in 0ms, sync=0, render=0, swap=0
2026-07-14 19:22:22.600 DEBUG qt.scenegraph.time.renderloop: [window 0x7f380ef04e40][gui thread] polishAndSync: start, elapsed since last call: 1 ms
2026-07-14 19:22:22.600 DEBUG qt.scenegraph.time.renderloop: [window 0x7f380ef04e40][render thread 0x7f380ed86040] syncAndRender: start, elapsed since last call: 0 ms
2026-07-14 19:22:22.601 DEBUG qt.scenegraph.time.renderloop: [window 0x7f380ef04e40][gui thread] Frame prepared, polish=0 ms, lock=0 ms, blockedForSync=0 ms, animations=0 ms
2026-07-14 19:22:22.601 DEBUG qt.scenegraph.time.renderer: time in renderer: total=0ms, preprocess=0, updates=0, rendering=0
2026-07-14 19:22:22.601 DEBUG qt.scenegraph.time.renderloop: [window 0x7f380ef04e40][render thread 0x7f380ed86040] syncAndRender: frame rendered in 0ms, sync=0, render=0, swap=0
2026-07-14 19:22:22.633 DEBUG qt.scenegraph.time.renderloop: [window 0x7f380ef04e40][gui thread] polishAndSync: start, elapsed since last call: 32 ms
2026-07-14 19:22:22.633 DEBUG qt.scenegraph.time.renderloop: [window 0x7f380ef04e40][render thread 0x7f380ed86040] syncAndRender: start, elapsed since last call: 32 ms
2026-07-14 19:22:22.634 DEBUG qt.scenegraph.time.renderloop: [window 0x7f380ef04e40][gui thread] Frame prepared, polish=0 ms, lock=0 ms, blockedForSync=0 ms, animations=0 ms
2026-07-14 19:22:22.634 DEBUG qt.scenegraph.time.renderer: time in renderer: total=0ms, preprocess=0, updates=0, rendering=0
2026-07-14 19:22:22.634 DEBUG qt.scenegraph.time.renderloop: [window 0x7f380ef04e40][render thread 0x7f380ed86040] syncAndRender: frame rendered in 0ms, sync=0, render=0, swap=0
2026-07-14 19:22:22.634 DEBUG qt.scenegraph.time.renderloop: [window 0x7f380ef04e40][gui thread] polishAndSync: start, elapsed since last call: 1 ms
2026-07-14 19:22:22.634 DEBUG qt.scenegraph.time.renderloop: [window 0x7f380ef04e40][render thread 0x7f380ed86040] syncAndRender: start, elapsed since last call: 0 ms
2026-07-14 19:22:22.634 DEBUG qt.scenegraph.time.renderloop: [window 0x7f380ef04e40][gui thread] Frame prepared, polish=0 ms, lock=0 ms, blockedForSync=0 ms, animations=0 ms
2026-07-14 19:22:22.634 DEBUG qt.scenegraph.time.renderer: time in renderer: total=0ms, preprocess=0, updates=0, rendering=0
2026-07-14 19:22:22.635 DEBUG qt.scenegraph.time.renderloop: [window 0x7f380ef04e40][render thread 0x7f380ed86040] syncAndRender: frame rendered in 0ms, sync=0, render=0, swap=0
2026-07-14 19:22:22.666 DEBUG qt.scenegraph.time.renderloop: [window 0x7f380ef04e40][gui thread] polishAndSync: start, elapsed since last call: 31 ms
2026-07-14 19:22:22.668 DEBUG qt.scenegraph.time.renderloop: [window 0x7f380ef04e40][render thread 0x7f380ed86040] syncAndRender: start, elapsed since last call: 33 ms
2026-07-14 19:22:22.668 DEBUG qt.scenegraph.time.renderloop: [window 0x7f380ef04e40][gui thread] Frame prepared, polish=2 ms, lock=0 ms, blockedForSync=0 ms, animations=0 ms
2026-07-14 19:22:22.668 DEBUG qt.scenegraph.time.renderer: time in renderer: total=0ms, preprocess=0, updates=0, rendering=0
2026-07-14 19:22:22.669 DEBUG qt.scenegraph.time.renderloop: [window 0x7f380ef04e40][render thread 0x7f380ed86040] syncAndRender: frame rendered in 0ms, sync=0, render=0, swap=0
2026-07-14 19:22:22.669 DEBUG qt.scenegraph.time.renderloop: [window 0x7f380ef04e40][gui thread] polishAndSync: start, elapsed since last call: 3 ms
2026-07-14 19:22:22.669 DEBUG qt.scenegraph.time.renderloop: [window 0x7f380ef04e40][render thread 0x7f380ed86040] syncAndRender: start, elapsed since last call: 1 ms
2026-07-14 19:22:22.669 DEBUG qt.scenegraph.time.renderloop: [window 0x7f380ef04e40][gui thread] Frame prepared, polish=0 ms, lock=0 ms, blockedForSync=0 ms, animations=0 ms
2026-07-14 19:22:22.669 DEBUG qt.scenegraph.time.renderer: time in renderer: total=0ms, preprocess=0, updates=0, rendering=0
2026-07-14 19:22:22.670 DEBUG qt.scenegraph.time.renderloop: [window 0x7f380ef04e40][render thread 0x7f380ed86040] syncAndRender: frame rendered in 0ms, sync=0, render=0, swap=0
2026-07-14 19:22:22.699 DEBUG qt.scenegraph.time.renderloop: [window 0x7f380ef04e40][gui thread] polishAndSync: start, elapsed since last call: 29 ms
2026-07-14 19:22:22.699 DEBUG qt.scenegraph.time.renderloop: [window 0x7f380ef04e40][render thread 0x7f380ed86040] syncAndRender: start, elapsed since last call: 29 ms
2026-07-14 19:22:22.699 DEBUG qt.scenegraph.time.renderloop: [window 0x7f380ef04e40][gui thread] Frame prepared, polish=0 ms, lock=0 ms, blockedForSync=0 ms, animations=0 ms
2026-07-14 19:22:22.699 DEBUG qt.scenegraph.time.renderer: time in renderer: total=0ms, preprocess=0, updates=0, rendering=0
2026-07-14 19:22:22.700 DEBUG qt.scenegraph.time.renderloop: [window 0x7f380ef04e40][render thread 0x7f380ed86040] syncAndRender: frame rendered in 0ms, sync=0, render=0, swap=0
2026-07-14 19:22:22.700 DEBUG qt.scenegraph.time.renderloop: [window 0x7f380ef04e40][gui thread] polishAndSync: start, elapsed since last call: 1 ms
2026-07-14 19:22:22.700 DEBUG qt.scenegraph.time.renderloop: [window 0x7f380ef04e40][render thread 0x7f380ed86040] syncAndRender: start, elapsed since last call: 0 ms
2026-07-14 19:22:22.700 DEBUG qt.scenegraph.time.renderloop: [window 0x7f380ef04e40][gui thread] Frame prepared, polish=0 ms, lock=0 ms, blockedForSync=0 ms, animations=0 ms
2026-07-14 19:22:22.700 DEBUG qt.scenegraph.time.renderer: time in renderer: total=0ms, preprocess=0, updates=0, rendering=0
2026-07-14 19:22:22.700 DEBUG qt.scenegraph.time.renderloop: [window 0x7f380ef04e40][render thread 0x7f380ed86040] syncAndRender: frame rendered in 0ms, sync=0, render=0, swap=0
2026-07-14 19:22:22.731 DEBUG qt.scenegraph.time.renderloop: [window 0x7f380ef04e40][gui thread] polishAndSync: start, elapsed since last call: 31 ms
2026-07-14 19:22:22.732 DEBUG qt.scenegraph.time.renderloop: [window 0x7f380ef04e40][render thread 0x7f380ed86040] syncAndRender: start, elapsed since last call: 31 ms
2026-07-14 19:22:22.732 DEBUG qt.scenegraph.time.renderloop: [window 0x7f380ef04e40][gui thread] Frame prepared, polish=0 ms, lock=0 ms, blockedForSync=0 ms, animations=0 ms
2026-07-14 19:22:22.732 DEBUG qt.scenegraph.time.renderer: time in renderer: total=0ms, preprocess=0, updates=0, rendering=0
2026-07-14 19:22:22.732 DEBUG qt.scenegraph.time.renderloop: [window 0x7f380ef04e40][render thread 0x7f380ed86040] syncAndRender: frame rendered in 0ms, sync=0, render=0, swap=0
2026-07-14 19:22:22.732 DEBUG qt.scenegraph.time.renderloop: [window 0x7f380ef04e40][gui thread] polishAndSync: start, elapsed since last call: 1 ms
2026-07-14 19:22:22.732 DEBUG qt.scenegraph.time.renderloop: [window 0x7f380ef04e40][render thread 0x7f380ed86040] syncAndRender: start, elapsed since last call: 0 ms
2026-07-14 19:22:22.732 DEBUG qt.scenegraph.time.renderloop: [window 0x7f380ef04e40][gui thread] Frame prepared, polish=0 ms, lock=0 ms, blockedForSync=0 ms, animations=0 ms
2026-07-14 19:22:22.733 DEBUG qt.scenegraph.time.renderer: time in renderer: total=0ms, preprocess=0, updates=0, rendering=0
2026-07-14 19:22:22.733 DEBUG qt.scenegraph.time.renderloop: [window 0x7f380ef04e40][render thread 0x7f380ed86040] syncAndRender: frame rendered in 0ms, sync=0, render=0, swap=0
2026-07-14 19:22:22.765 DEBUG qt.scenegraph.time.renderloop: [window 0x7f380ef04e40][gui thread] polishAndSync: start, elapsed since last call: 32 ms
2026-07-14 19:22:22.765 DEBUG qt.scenegraph.time.renderloop: [window 0x7f380ef04e40][render thread 0x7f380ed86040] syncAndRender: start, elapsed since last call: 33 ms
2026-07-14 19:22:22.766 DEBUG qt.scenegraph.time.renderloop: [window 0x7f380ef04e40][gui thread] Frame prepared, polish=0 ms, lock=0 ms, blockedForSync=0 ms, animations=0 ms
2026-07-14 19:22:22.766 DEBUG qt.scenegraph.time.renderer: time in renderer: total=0ms, preprocess=0, updates=0, rendering=0
2026-07-14 19:22:22.766 DEBUG qt.scenegraph.time.renderloop: [window 0x7f380ef04e40][render thread 0x7f380ed86040] syncAndRender: frame rendered in 0ms, sync=0, render=0, swap=0
2026-07-14 19:22:22.766 DEBUG qt.scenegraph.time.renderloop: [window 0x7f380ef04e40][gui thread] polishAndSync: start, elapsed since last call: 1 ms
2026-07-14 19:22:22.766 DEBUG qt.scenegraph.time.renderloop: [window 0x7f380ef04e40][render thread 0x7f380ed86040] syncAndRender: start, elapsed since last call: 0 ms
2026-07-14 19:22:22.766 DEBUG qt.scenegraph.time.renderloop: [window 0x7f380ef04e40][gui thread] Frame prepared, polish=0 ms, lock=0 ms, blockedForSync=0 ms, animations=0 ms
2026-07-14 19:22:22.766 DEBUG qt.scenegraph.time.renderer: time in renderer: total=0ms, preprocess=0, updates=0, rendering=0
2026-07-14 19:22:22.767 DEBUG qt.scenegraph.time.renderloop: [window 0x7f380ef04e40][render thread 0x7f380ed86040] syncAndRender: frame rendered in 0ms, sync=0, render=0, swap=0
2026-07-14 19:22:22.797 DEBUG qt.scenegraph.time.renderloop: [window 0x7f380ef04e40][gui thread] polishAndSync: start, elapsed since last call: 30 ms
2026-07-14 19:22:22.798 DEBUG qt.scenegraph.time.renderloop: [window 0x7f380ef04e40][render thread 0x7f380ed86040] syncAndRender: start, elapsed since last call: 31 ms
2026-07-14 19:22:22.798 DEBUG qt.scenegraph.time.renderloop: [window 0x7f380ef04e40][gui thread] Frame prepared, polish=0 ms, lock=0 ms, blockedForSync=0 ms, animations=0 ms
2026-07-14 19:22:22.798 DEBUG qt.scenegraph.time.renderer: time in renderer: total=0ms, preprocess=0, updates=0, rendering=0
2026-07-14 19:22:22.798 DEBUG qt.scenegraph.time.renderloop: [window 0x7f380ef04e40][render thread 0x7f380ed86040] syncAndRender: frame rendered in 0ms, sync=0, render=0, swap=0
2026-07-14 19:22:22.798 DEBUG qt.scenegraph.time.renderloop: [window 0x7f380ef04e40][gui thread] polishAndSync: start, elapsed since last call: 1 ms
2026-07-14 19:22:22.798 DEBUG qt.scenegraph.time.renderloop: [window 0x7f380ef04e40][render thread 0x7f380ed86040] syncAndRender: start, elapsed since last call: 0 ms
2026-07-14 19:22:22.799 DEBUG qt.scenegraph.time.renderloop: [window 0x7f380ef04e40][gui thread] Frame prepared, polish=0 ms, lock=0 ms, blockedForSync=0 ms, animations=0 ms
2026-07-14 19:22:22.799 DEBUG qt.scenegraph.time.renderer: time in renderer: total=0ms, preprocess=0, updates=0, rendering=0
2026-07-14 19:22:22.799 DEBUG qt.scenegraph.time.renderloop: [window 0x7f380ef04e40][render thread 0x7f380ed86040] syncAndRender: frame rendered in 0ms, sync=0, render=0, swap=0
2026-07-14 19:22:22.831 DEBUG qt.scenegraph.time.renderloop: [window 0x7f380ef04e40][gui thread] polishAndSync: start, elapsed since last call: 32 ms
2026-07-14 19:22:22.831 DEBUG qt.scenegraph.time.renderloop: [window 0x7f380ef04e40][render thread 0x7f380ed86040] syncAndRender: start, elapsed since last call: 32 ms
2026-07-14 19:22:22.831 DEBUG qt.scenegraph.time.renderloop: [window 0x7f380ef04e40][gui thread] Frame prepared, polish=0 ms, lock=0 ms, blockedForSync=0 ms, animations=0 ms
2026-07-14 19:22:22.831 DEBUG qt.scenegraph.time.renderer: time in renderer: total=0ms, preprocess=0, updates=0, rendering=0
2026-07-14 19:22:22.832 DEBUG qt.scenegraph.time.renderloop: [window 0x7f380ef04e40][render thread 0x7f380ed86040] syncAndRender: frame rendered in 0ms, sync=0, render=0, swap=0
2026-07-14 19:22:22.832 DEBUG qt.scenegraph.time.renderloop: [window 0x7f380ef04e40][gui thread] polishAndSync: start, elapsed since last call: 1 ms
2026-07-14 19:22:22.832 DEBUG qt.scenegraph.time.renderloop: [window 0x7f380ef04e40][render thread 0x7f380ed86040] syncAndRender: start, elapsed since last call: 1 ms
2026-07-14 19:22:22.832 DEBUG qt.scenegraph.time.renderloop: [window 0x7f380ef04e40][gui thread] Frame prepared, polish=0 ms, lock=0 ms, blockedForSync=0 ms, animations=0 ms
2026-07-14 19:22:22.832 DEBUG qt.scenegraph.time.renderer: time in renderer: total=0ms, preprocess=0, updates=0, rendering=0
2026-07-14 19:22:22.832 DEBUG qt.scenegraph.time.renderloop: [window 0x7f380ef04e40][render thread 0x7f380ed86040] syncAndRender: frame rendered in 0ms, sync=0, render=0, swap=0
2026-07-14 19:22:22.863 DEBUG qt.scenegraph.time.renderloop: [window 0x7f380ef04e40][gui thread] polishAndSync: start, elapsed since last call: 31 ms
2026-07-14 19:22:22.864 DEBUG qt.scenegraph.time.renderloop: [window 0x7f380ef04e40][render thread 0x7f380ed86040] syncAndRender: start, elapsed since last call: 31 ms
2026-07-14 19:22:22.864 DEBUG qt.scenegraph.time.renderloop: [window 0x7f380ef04e40][gui thread] Frame prepared, polish=0 ms, lock=0 ms, blockedForSync=0 ms, animations=0 ms
2026-07-14 19:22:22.864 DEBUG qt.scenegraph.time.renderer: time in renderer: total=0ms, preprocess=0, updates=0, rendering=0
2026-07-14 19:22:22.864 DEBUG qt.scenegraph.time.renderloop: [window 0x7f380ef04e40][render thread 0x7f380ed86040] syncAndRender: frame rendered in 0ms, sync=0, render=0, swap=0
2026-07-14 19:22:22.865 DEBUG qt.scenegraph.time.renderloop: [window 0x7f380ef04e40][gui thread] polishAndSync: start, elapsed since last call: 1 ms
2026-07-14 19:22:22.865 DEBUG qt.scenegraph.time.renderloop: [window 0x7f380ef04e40][render thread 0x7f380ed86040] syncAndRender: start, elapsed since last call: 0 ms
2026-07-14 19:22:22.865 DEBUG qt.scenegraph.time.renderloop: [window 0x7f380ef04e40][gui thread] Frame prepared, polish=0 ms, lock=0 ms, blockedForSync=0 ms, animations=0 ms
2026-07-14 19:22:22.865 DEBUG qt.scenegraph.time.renderer: time in renderer: total=0ms, preprocess=0, updates=0, rendering=0
2026-07-14 19:22:22.865 DEBUG qt.scenegraph.time.renderloop: [window 0x7f380ef04e40][render thread 0x7f380ed86040] syncAndRender: frame rendered in 0ms, sync=0, render=0, swap=0
2026-07-14 19:22:22.897 DEBUG qt.scenegraph.time.renderloop: [window 0x7f380ef04e40][gui thread] polishAndSync: start, elapsed since last call: 32 ms
2026-07-14 19:22:22.898 DEBUG qt.scenegraph.time.renderloop: [window 0x7f380ef04e40][render thread 0x7f380ed86040] syncAndRender: start, elapsed since last call: 32 ms
2026-07-14 19:22:22.898 DEBUG qt.scenegraph.time.renderloop: [window 0x7f380ef04e40][gui thread] Frame prepared, polish=0 ms, lock=0 ms, blockedForSync=0 ms, animations=0 ms
2026-07-14 19:22:22.898 DEBUG qt.scenegraph.time.renderer: time in renderer: total=0ms, preprocess=0, updates=0, rendering=0
2026-07-14 19:22:22.898 DEBUG qt.scenegraph.time.renderloop: [window 0x7f380ef04e40][render thread 0x7f380ed86040] syncAndRender: frame rendered in 0ms, sync=0, render=0, swap=0
2026-07-14 19:22:22.898 DEBUG qt.scenegraph.time.renderloop: [window 0x7f380ef04e40][gui thread] polishAndSync: start, elapsed since last call: 1 ms
2026-07-14 19:22:22.899 DEBUG qt.scenegraph.time.renderloop: [window 0x7f380ef04e40][render thread 0x7f380ed86040] syncAndRender: start, elapsed since last call: 0 ms
2026-07-14 19:22:22.899 DEBUG qt.scenegraph.time.renderloop: [window 0x7f380ef04e40][gui thread] Frame prepared, polish=0 ms, lock=0 ms, blockedForSync=0 ms, animations=0 ms
2026-07-14 19:22:22.899 DEBUG qt.scenegraph.time.renderer: time in renderer: total=0ms, preprocess=0, updates=0, rendering=0
2026-07-14 19:22:22.899 DEBUG qt.scenegraph.time.renderloop: [window 0x7f380ef04e40][render thread 0x7f380ed86040] syncAndRender: frame rendered in 0ms, sync=0, render=0, swap=0
2026-07-14 19:22:22.930 DEBUG qt.scenegraph.time.renderloop: [window 0x7f380ef04e40][gui thread] polishAndSync: start, elapsed since last call: 31 ms
2026-07-14 19:22:22.930 DEBUG qt.scenegraph.time.renderloop: [window 0x7f380ef04e40][render thread 0x7f380ed86040] syncAndRender: start, elapsed since last call: 31 ms
2026-07-14 19:22:22.930 DEBUG qt.scenegraph.time.renderloop: [window 0x7f380ef04e40][gui thread] Frame prepared, polish=0 ms, lock=0 ms, blockedForSync=0 ms, animations=0 ms
2026-07-14 19:22:22.930 DEBUG qt.scenegraph.time.renderer: time in renderer: total=0ms, preprocess=0, updates=0, rendering=0
2026-07-14 19:22:22.931 DEBUG qt.scenegraph.time.renderloop: [window 0x7f380ef04e40][render thread 0x7f380ed86040] syncAndRender: frame rendered in 0ms, sync=0, render=0, swap=0
2026-07-14 19:22:22.931 DEBUG qt.scenegraph.time.renderloop: [window 0x7f380ef04e40][gui thread] polishAndSync: start, elapsed since last call: 1 ms
2026-07-14 19:22:22.931 DEBUG qt.scenegraph.time.renderloop: [window 0x7f380ef04e40][render thread 0x7f380ed86040] syncAndRender: start, elapsed since last call: 0 ms
2026-07-14 19:22:22.931 DEBUG qt.scenegraph.time.renderloop: [window 0x7f380ef04e40][gui thread] Frame prepared, polish=0 ms, lock=0 ms, blockedForSync=0 ms, animations=0 ms
2026-07-14 19:22:22.931 DEBUG qt.scenegraph.time.renderer: time in renderer: total=0ms, preprocess=0, updates=0, rendering=0
2026-07-14 19:22:22.932 DEBUG qt.scenegraph.time.renderloop: [window 0x7f380ef04e40][render thread 0x7f380ed86040] syncAndRender: frame rendered in 0ms, sync=0, render=0, swap=0
2026-07-14 19:22:22.963 DEBUG qt.scenegraph.time.renderloop: [window 0x7f380ef04e40][gui thread] polishAndSync: start, elapsed since last call: 31 ms
2026-07-14 19:22:22.963 DEBUG qt.scenegraph.time.renderloop: [window 0x7f380ef04e40][render thread 0x7f380ed86040] syncAndRender: start, elapsed since last call: 31 ms
2026-07-14 19:22:22.963 DEBUG qt.scenegraph.time.renderloop: [window 0x7f380ef04e40][gui thread] Frame prepared, polish=0 ms, lock=0 ms, blockedForSync=0 ms, animations=0 ms
2026-07-14 19:22:22.963 DEBUG qt.scenegraph.time.renderer: time in renderer: total=0ms, preprocess=0, updates=0, rendering=0
2026-07-14 19:22:22.964 DEBUG qt.scenegraph.time.renderloop: [window 0x7f380ef04e40][render thread 0x7f380ed86040] syncAndRender: frame rendered in 0ms, sync=0, render=0, swap=0
2026-07-14 19:22:22.964 DEBUG qt.scenegraph.time.renderloop: [window 0x7f380ef04e40][gui thread] polishAndSync: start, elapsed since last call: 1 ms
2026-07-14 19:22:22.964 DEBUG qt.scenegraph.time.renderloop: [window 0x7f380ef04e40][render thread 0x7f380ed86040] syncAndRender: start, elapsed since last call: 0 ms
2026-07-14 19:22:22.964 DEBUG qt.scenegraph.time.renderloop: [window 0x7f380ef04e40][gui thread] Frame prepared, polish=0 ms, lock=0 ms, blockedForSync=0 ms, animations=0 ms
2026-07-14 19:22:22.964 DEBUG qt.scenegraph.time.renderer: time in renderer: total=0ms, preprocess=0, updates=0, rendering=0
2026-07-14 19:22:22.964 DEBUG qt.scenegraph.time.renderloop: [window 0x7f380ef04e40][render thread 0x7f380ed86040] syncAndRender: frame rendered in 0ms, sync=0, render=0, swap=0
2026-07-14 19:22:22.995 DEBUG qt.scenegraph.time.renderloop: [window 0x7f380ef04e40][gui thread] polishAndSync: start, elapsed since last call: 31 ms
2026-07-14 19:22:22.996 DEBUG qt.scenegraph.time.renderloop: [window 0x7f380ef04e40][render thread 0x7f380ed86040] syncAndRender: start, elapsed since last call: 31 ms
2026-07-14 19:22:22.996 DEBUG qt.scenegraph.time.renderloop: [window 0x7f380ef04e40][gui thread] Frame prepared, polish=0 ms, lock=0 ms, blockedForSync=0 ms, animations=0 ms
2026-07-14 19:22:22.996 DEBUG qt.scenegraph.time.renderer: time in renderer: total=0ms, preprocess=0, updates=0, rendering=0
2026-07-14 19:22:22.996 DEBUG qt.scenegraph.time.renderloop: [window 0x7f380ef04e40][render thread 0x7f380ed86040] syncAndRender: frame rendered in 0ms, sync=0, render=0, swap=0
2026-07-14 19:22:22.996 DEBUG qt.scenegraph.time.renderloop: [window 0x7f380ef04e40][gui thread] polishAndSync: start, elapsed since last call: 0 ms
2026-07-14 19:22:22.996 DEBUG qt.scenegraph.time.renderloop: [window 0x7f380ef04e40][render thread 0x7f380ed86040] syncAndRender: start, elapsed since last call: 0 ms
2026-07-14 19:22:22.996 DEBUG qt.scenegraph.time.renderloop: [window 0x7f380ef04e40][gui thread] Frame prepared, polish=0 ms, lock=0 ms, blockedForSync=0 ms, animations=0 ms
2026-07-14 19:22:22.996 DEBUG qt.scenegraph.time.renderer: time in renderer: total=0ms, preprocess=0, updates=0, rendering=0
2026-07-14 19:22:22.997 DEBUG qt.scenegraph.time.renderloop: [window 0x7f380ef04e40][render thread 0x7f380ed86040] syncAndRender: frame rendered in 0ms, sync=0, render=0, swap=0
2026-07-14 19:22:23.029 DEBUG qt.scenegraph.time.renderloop: [window 0x7f380ef04e40][gui thread] polishAndSync: start, elapsed since last call: 32 ms
2026-07-14 19:22:23.030 DEBUG qt.scenegraph.time.renderloop: [window 0x7f380ef04e40][render thread 0x7f380ed86040] syncAndRender: start, elapsed since last call: 33 ms
2026-07-14 19:22:23.030 DEBUG qt.scenegraph.time.renderloop: [window 0x7f380ef04e40][gui thread] Frame prepared, polish=0 ms, lock=0 ms, blockedForSync=0 ms, animations=0 ms
2026-07-14 19:22:23.030 DEBUG qt.scenegraph.time.renderer: time in renderer: total=0ms, preprocess=0, updates=0, rendering=0
2026-07-14 19:22:23.030 DEBUG qt.scenegraph.time.renderloop: [window 0x7f380ef04e40][render thread 0x7f380ed86040] syncAndRender: frame rendered in 0ms, sync=0, render=0, swap=0
2026-07-14 19:22:23.031 DEBUG qt.scenegraph.time.renderloop: [window 0x7f380ef04e40][gui thread] polishAndSync: start, elapsed since last call: 1 ms
2026-07-14 19:22:23.031 DEBUG qt.scenegraph.time.renderloop: [window 0x7f380ef04e40][render thread 0x7f380ed86040] syncAndRender: start, elapsed since last call: 0 ms
2026-07-14 19:22:23.031 DEBUG qt.scenegraph.time.renderloop: [window 0x7f380ef04e40][gui thread] Frame prepared, polish=0 ms, lock=0 ms, blockedForSync=0 ms, animations=0 ms
2026-07-14 19:22:23.031 DEBUG qt.scenegraph.time.renderer: time in renderer: total=0ms, preprocess=0, updates=0, rendering=0
2026-07-14 19:22:23.031 DEBUG qt.scenegraph.time.renderloop: [window 0x7f380ef04e40][render thread 0x7f380ed86040] syncAndRender: frame rendered in 0ms, sync=0, render=0, swap=0
2026-07-14 19:22:23.062 DEBUG qt.scenegraph.time.renderloop: [window 0x7f380ef04e40][gui thread] polishAndSync: start, elapsed since last call: 31 ms
2026-07-14 19:22:23.062 DEBUG qt.scenegraph.time.renderloop: [window 0x7f380ef04e40][render thread 0x7f380ed86040] syncAndRender: start, elapsed since last call: 31 ms
2026-07-14 19:22:23.062 DEBUG qt.scenegraph.time.renderloop: [window 0x7f380ef04e40][gui thread] Frame prepared, polish=0 ms, lock=0 ms, blockedForSync=0 ms, animations=0 ms
2026-07-14 19:22:23.062 DEBUG qt.scenegraph.time.renderer: time in renderer: total=0ms, preprocess=0, updates=0, rendering=0
2026-07-14 19:22:23.063 DEBUG qt.scenegraph.time.renderloop: [window 0x7f380ef04e40][render thread 0x7f380ed86040] syncAndRender: frame rendered in 0ms, sync=0, render=0, swap=0
2026-07-14 19:22:23.063 DEBUG qt.scenegraph.time.renderloop: [window 0x7f380ef04e40][gui thread] polishAndSync: start, elapsed since last call: 1 ms
2026-07-14 19:22:23.063 DEBUG qt.scenegraph.time.renderloop: [window 0x7f380ef04e40][render thread 0x7f380ed86040] syncAndRender: start, elapsed since last call: 0 ms
2026-07-14 19:22:23.063 DEBUG qt.scenegraph.time.renderloop: [window 0x7f380ef04e40][gui thread] Frame prepared, polish=0 ms, lock=0 ms, blockedForSync=0 ms, animations=0 ms
2026-07-14 19:22:23.063 DEBUG qt.scenegraph.time.renderer: time in renderer: total=0ms, preprocess=0, updates=0, rendering=0
2026-07-14 19:22:23.064 DEBUG qt.scenegraph.time.renderloop: [window 0x7f380ef04e40][render thread 0x7f380ed86040] syncAndRender: frame rendered in 0ms, sync=0, render=0, swap=0
2026-07-14 19:22:23.095 DEBUG qt.scenegraph.time.renderloop: [window 0x7f380ef04e40][gui thread] polishAndSync: start, elapsed since last call: 31 ms
2026-07-14 19:22:23.095 DEBUG qt.scenegraph.time.renderloop: [window 0x7f380ef04e40][render thread 0x7f380ed86040] syncAndRender: start, elapsed since last call: 31 ms
2026-07-14 19:22:23.095 DEBUG qt.scenegraph.time.renderloop: [window 0x7f380ef04e40][gui thread] Frame prepared, polish=0 ms, lock=0 ms, blockedForSync=0 ms, animations=0 ms
2026-07-14 19:22:23.095 DEBUG qt.scenegraph.time.renderer: time in renderer: total=0ms, preprocess=0, updates=0, rendering=0
2026-07-14 19:22:23.095 DEBUG qt.scenegraph.time.renderloop: [window 0x7f380ef04e40][render thread 0x7f380ed86040] syncAndRender: frame rendered in 0ms, sync=0, render=0, swap=0
2026-07-14 19:22:23.096 DEBUG qt.scenegraph.time.renderloop: [window 0x7f380ef04e40][gui thread] polishAndSync: start, elapsed since last call: 1 ms
2026-07-14 19:22:23.096 DEBUG qt.scenegraph.time.renderloop: [window 0x7f380ef04e40][render thread 0x7f380ed86040] syncAndRender: start, elapsed since last call: 1 ms
2026-07-14 19:22:23.096 DEBUG qt.scenegraph.time.renderloop: [window 0x7f380ef04e40][gui thread] Frame prepared, polish=0 ms, lock=0 ms, blockedForSync=0 ms, animations=0 ms
2026-07-14 19:22:23.096 DEBUG qt.scenegraph.time.renderer: time in renderer: total=0ms, preprocess=0, updates=0, rendering=0
2026-07-14 19:22:23.096 DEBUG qt.scenegraph.time.renderloop: [window 0x7f380ef04e40][render thread 0x7f380ed86040] syncAndRender: frame rendered in 0ms, sync=0, render=0, swap=0
2026-07-14 19:22:23.127 DEBUG qt.scenegraph.time.renderloop: [window 0x7f380ef04e40][gui thread] polishAndSync: start, elapsed since last call: 31 ms
2026-07-14 19:22:23.128 DEBUG qt.scenegraph.time.renderloop: [window 0x7f380ef04e40][render thread 0x7f380ed86040] syncAndRender: start, elapsed since last call: 31 ms
2026-07-14 19:22:23.128 DEBUG qt.scenegraph.time.renderloop: [window 0x7f380ef04e40][gui thread] Frame prepared, polish=0 ms, lock=0 ms, blockedForSync=0 ms, animations=0 ms
2026-07-14 19:22:23.128 DEBUG qt.scenegraph.time.renderer: time in renderer: total=0ms, preprocess=0, updates=0, rendering=0
2026-07-14 19:22:23.128 DEBUG qt.scenegraph.time.renderloop: [window 0x7f380ef04e40][render thread 0x7f380ed86040] syncAndRender: frame rendered in 0ms, sync=0, render=0, swap=0
2026-07-14 19:22:23.129 DEBUG qt.scenegraph.time.renderloop: [window 0x7f380ef04e40][gui thread] polishAndSync: start, elapsed since last call: 1 ms
2026-07-14 19:22:23.129 DEBUG qt.scenegraph.time.renderloop: [window 0x7f380ef04e40][render thread 0x7f380ed86040] syncAndRender: start, elapsed since last call: 1 ms
2026-07-14 19:22:23.129 DEBUG qt.scenegraph.time.renderloop: [window 0x7f380ef04e40][gui thread] Frame prepared, polish=0 ms, lock=0 ms, blockedForSync=0 ms, animations=0 ms
2026-07-14 19:22:23.129 DEBUG qt.scenegraph.time.renderer: time in renderer: total=0ms, preprocess=0, updates=0, rendering=0
2026-07-14 19:22:23.129 DEBUG qt.scenegraph.time.renderloop: [window 0x7f380ef04e40][render thread 0x7f380ed86040] syncAndRender: frame rendered in 0ms, sync=0, render=0, swap=0
2026-07-14 19:22:23.161 DEBUG qt.scenegraph.time.renderloop: [window 0x7f380ef04e40][gui thread] polishAndSync: start, elapsed since last call: 32 ms
2026-07-14 19:22:23.162 DEBUG qt.scenegraph.time.renderloop: [window 0x7f380ef04e40][render thread 0x7f380ed86040] syncAndRender: start, elapsed since last call: 32 ms
2026-07-14 19:22:23.162 DEBUG qt.scenegraph.time.renderloop: [window 0x7f380ef04e40][gui thread] Frame prepared, polish=0 ms, lock=0 ms, blockedForSync=0 ms, animations=0 ms
2026-07-14 19:22:23.162 DEBUG qt.scenegraph.time.renderer: time in renderer: total=0ms, preprocess=0, updates=0, rendering=0
2026-07-14 19:22:23.162 DEBUG qt.scenegraph.time.renderloop: [window 0x7f380ef04e40][render thread 0x7f380ed86040] syncAndRender: frame rendered in 0ms, sync=0, render=0, swap=0
2026-07-14 19:22:23.162 DEBUG qt.scenegraph.time.renderloop: [window 0x7f380ef04e40][gui thread] polishAndSync: start, elapsed since last call: 1 ms
2026-07-14 19:22:23.162 DEBUG qt.scenegraph.time.renderloop: [window 0x7f380ef04e40][render thread 0x7f380ed86040] syncAndRender: start, elapsed since last call: 0 ms
2026-07-14 19:22:23.162 DEBUG qt.scenegraph.time.renderloop: [window 0x7f380ef04e40][gui thread] Frame prepared, polish=0 ms, lock=0 ms, blockedForSync=0 ms, animations=0 ms
2026-07-14 19:22:23.163 DEBUG qt.scenegraph.time.renderer: time in renderer: total=0ms, preprocess=0, updates=0, rendering=0
2026-07-14 19:22:23.163 DEBUG qt.scenegraph.time.renderloop: [window 0x7f380ef04e40][render thread 0x7f380ed86040] syncAndRender: frame rendered in 0ms, sync=0, render=0, swap=0
2026-07-14 19:22:23.194 DEBUG qt.scenegraph.time.renderloop: [window 0x7f380ef04e40][gui thread] polishAndSync: start, elapsed since last call: 31 ms
2026-07-14 19:22:23.194 DEBUG qt.scenegraph.time.renderloop: [window 0x7f380ef04e40][render thread 0x7f380ed86040] syncAndRender: start, elapsed since last call: 31 ms
2026-07-14 19:22:23.194 DEBUG qt.scenegraph.time.renderloop: [window 0x7f380ef04e40][gui thread] Frame prepared, polish=0 ms, lock=0 ms, blockedForSync=0 ms, animations=0 ms
2026-07-14 19:22:23.194 DEBUG qt.scenegraph.time.renderer: time in renderer: total=0ms, preprocess=0, updates=0, rendering=0
2026-07-14 19:22:23.195 DEBUG qt.scenegraph.time.renderloop: [window 0x7f380ef04e40][render thread 0x7f380ed86040] syncAndRender: frame rendered in 0ms, sync=0, render=0, swap=0
2026-07-14 19:22:23.195 DEBUG qt.scenegraph.time.renderloop: [window 0x7f380ef04e40][gui thread] polishAndSync: start, elapsed since last call: 1 ms
2026-07-14 19:22:23.195 DEBUG qt.scenegraph.time.renderloop: [window 0x7f380ef04e40][render thread 0x7f380ed86040] syncAndRender: start, elapsed since last call: 0 ms
2026-07-14 19:22:23.195 DEBUG qt.scenegraph.time.renderloop: [window 0x7f380ef04e40][gui thread] Frame prepared, polish=0 ms, lock=0 ms, blockedForSync=0 ms, animations=0 ms
2026-07-14 19:22:23.195 DEBUG qt.scenegraph.time.renderer: time in renderer: total=0ms, preprocess=0, updates=0, rendering=0
2026-07-14 19:22:23.196 DEBUG qt.scenegraph.time.renderloop: [window 0x7f380ef04e40][render thread 0x7f380ed86040] syncAndRender: frame rendered in 0ms, sync=0, render=0, swap=0
2026-07-14 19:22:23.227 DEBUG qt.scenegraph.time.renderloop: [window 0x7f380ef04e40][gui thread] polishAndSync: start, elapsed since last call: 31 ms
2026-07-14 19:22:23.227 DEBUG qt.scenegraph.time.renderloop: [window 0x7f380ef04e40][render thread 0x7f380ed86040] syncAndRender: start, elapsed since last call: 31 ms
2026-07-14 19:22:23.227 DEBUG qt.scenegraph.time.renderloop: [window 0x7f380ef04e40][gui thread] Frame prepared, polish=0 ms, lock=0 ms, blockedForSync=0 ms, animations=0 ms
2026-07-14 19:22:23.227 DEBUG qt.scenegraph.time.renderer: time in renderer: total=0ms, preprocess=0, updates=0, rendering=0
2026-07-14 19:22:23.227 DEBUG qt.scenegraph.time.renderloop: [window 0x7f380ef04e40][render thread 0x7f380ed86040] syncAndRender: frame rendered in 0ms, sync=0, render=0, swap=0
2026-07-14 19:22:23.228 DEBUG qt.scenegraph.time.renderloop: [window 0x7f380ef04e40][gui thread] polishAndSync: start, elapsed since last call: 1 ms
2026-07-14 19:22:23.228 DEBUG qt.scenegraph.time.renderloop: [window 0x7f380ef04e40][render thread 0x7f380ed86040] syncAndRender: start, elapsed since last call: 1 ms
2026-07-14 19:22:23.228 DEBUG qt.scenegraph.time.renderloop: [window 0x7f380ef04e40][gui thread] Frame prepared, polish=0 ms, lock=0 ms, blockedForSync=0 ms, animations=0 ms
2026-07-14 19:22:23.228 DEBUG qt.scenegraph.time.renderer: time in renderer: total=0ms, preprocess=0, updates=0, rendering=0
2026-07-14 19:22:23.228 DEBUG qt.scenegraph.time.renderloop: [window 0x7f380ef04e40][render thread 0x7f380ed86040] syncAndRender: frame rendered in 0ms, sync=0, render=0, swap=0
2026-07-14 19:22:23.260 DEBUG qt.scenegraph.time.renderloop: [window 0x7f380ef04e40][gui thread] polishAndSync: start, elapsed since last call: 31 ms
2026-07-14 19:22:23.260 DEBUG qt.scenegraph.time.renderloop: [window 0x7f380ef04e40][render thread 0x7f380ed86040] syncAndRender: start, elapsed since last call: 31 ms
2026-07-14 19:22:23.260 DEBUG qt.scenegraph.time.renderloop: [window 0x7f380ef04e40][gui thread] Frame prepared, polish=0 ms, lock=0 ms, blockedForSync=0 ms, animations=0 ms
2026-07-14 19:22:23.260 DEBUG qt.scenegraph.time.renderer: time in renderer: total=0ms, preprocess=0, updates=0, rendering=0
2026-07-14 19:22:23.260 DEBUG qt.scenegraph.time.renderloop: [window 0x7f380ef04e40][render thread 0x7f380ed86040] syncAndRender: frame rendered in 0ms, sync=0, render=0, swap=0
2026-07-14 19:22:23.261 DEBUG qt.scenegraph.time.renderloop: [window 0x7f380ef04e40][gui thread] polishAndSync: start, elapsed since last call: 1 ms
2026-07-14 19:22:23.261 DEBUG qt.scenegraph.time.renderloop: [window 0x7f380ef04e40][render thread 0x7f380ed86040] syncAndRender: start, elapsed since last call: 0 ms
2026-07-14 19:22:23.261 DEBUG qt.scenegraph.time.renderloop: [window 0x7f380ef04e40][gui thread] Frame prepared, polish=0 ms, lock=0 ms, blockedForSync=0 ms, animations=0 ms
2026-07-14 19:22:23.261 DEBUG qt.scenegraph.time.renderer: time in renderer: total=0ms, preprocess=0, updates=0, rendering=0
2026-07-14 19:22:23.261 DEBUG qt.scenegraph.time.renderloop: [window 0x7f380ef04e40][render thread 0x7f380ed86040] syncAndRender: frame rendered in 0ms, sync=0, render=0, swap=0
2026-07-14 19:22:23.293 DEBUG qt.scenegraph.time.renderloop: [window 0x7f380ef04e40][gui thread] polishAndSync: start, elapsed since last call: 32 ms
2026-07-14 19:22:23.294 DEBUG qt.scenegraph.time.renderloop: [window 0x7f380ef04e40][render thread 0x7f380ed86040] syncAndRender: start, elapsed since last call: 32 ms
2026-07-14 19:22:23.294 DEBUG qt.scenegraph.time.renderloop: [window 0x7f380ef04e40][gui thread] Frame prepared, polish=0 ms, lock=0 ms, blockedForSync=0 ms, animations=0 ms
2026-07-14 19:22:23.294 DEBUG qt.scenegraph.time.renderer: time in renderer: total=0ms, preprocess=0, updates=0, rendering=0
2026-07-14 19:22:23.294 DEBUG qt.scenegraph.time.renderloop: [window 0x7f380ef04e40][render thread 0x7f380ed86040] syncAndRender: frame rendered in 0ms, sync=0, render=0, swap=0
2026-07-14 19:22:23.295 DEBUG qt.scenegraph.time.renderloop: [window 0x7f380ef04e40][gui thread] polishAndSync: start, elapsed since last call: 1 ms
2026-07-14 19:22:23.295 DEBUG qt.scenegraph.time.renderloop: [window 0x7f380ef04e40][render thread 0x7f380ed86040] syncAndRender: start, elapsed since last call: 1 ms
2026-07-14 19:22:23.295 DEBUG qt.scenegraph.time.renderloop: [window 0x7f380ef04e40][gui thread] Frame prepared, polish=0 ms, lock=0 ms, blockedForSync=0 ms, animations=0 ms
2026-07-14 19:22:23.295 DEBUG qt.scenegraph.time.renderer: time in renderer: total=0ms, preprocess=0, updates=0, rendering=0
2026-07-14 19:22:23.295 DEBUG qt.scenegraph.time.renderloop: [window 0x7f380ef04e40][render thread 0x7f380ed86040] syncAndRender: frame rendered in 0ms, sync=0, render=0, swap=0
2026-07-14 19:22:23.326 DEBUG qt.scenegraph.time.renderloop: [window 0x7f380ef04e40][gui thread] polishAndSync: start, elapsed since last call: 31 ms
2026-07-14 19:22:23.327 DEBUG qt.scenegraph.time.renderloop: [window 0x7f380ef04e40][render thread 0x7f380ed86040] syncAndRender: start, elapsed since last call: 31 ms
2026-07-14 19:22:23.327 DEBUG qt.scenegraph.time.renderloop: [window 0x7f380ef04e40][gui thread] Frame prepared, polish=0 ms, lock=0 ms, blockedForSync=0 ms, animations=0 ms
2026-07-14 19:22:23.327 DEBUG qt.scenegraph.time.renderer: time in renderer: total=0ms, preprocess=0, updates=0, rendering=0
2026-07-14 19:22:23.327 DEBUG qt.scenegraph.time.renderloop: [window 0x7f380ef04e40][render thread 0x7f380ed86040] syncAndRender: frame rendered in 0ms, sync=0, render=0, swap=0
2026-07-14 19:22:23.327 DEBUG qt.scenegraph.time.renderloop: [window 0x7f380ef04e40][gui thread] polishAndSync: start, elapsed since last call: 1 ms
2026-07-14 19:22:23.327 DEBUG qt.scenegraph.time.renderloop: [window 0x7f380ef04e40][render thread 0x7f380ed86040] syncAndRender: start, elapsed since last call: 0 ms
2026-07-14 19:22:23.327 DEBUG qt.scenegraph.time.renderloop: [window 0x7f380ef04e40][gui thread] Frame prepared, polish=0 ms, lock=0 ms, blockedForSync=0 ms, animations=0 ms
2026-07-14 19:22:23.328 DEBUG qt.scenegraph.time.renderer: time in renderer: total=0ms, preprocess=0, updates=0, rendering=0
2026-07-14 19:22:23.328 DEBUG qt.scenegraph.time.renderloop: [window 0x7f380ef04e40][render thread 0x7f380ed86040] syncAndRender: frame rendered in 0ms, sync=0, render=0, swap=0
2026-07-14 19:22:23.359 DEBUG qt.scenegraph.time.renderloop: [window 0x7f380ef04e40][gui thread] polishAndSync: start, elapsed since last call: 31 ms
2026-07-14 19:22:23.359 DEBUG qt.scenegraph.time.renderloop: [window 0x7f380ef04e40][render thread 0x7f380ed86040] syncAndRender: start, elapsed since last call: 31 ms
2026-07-14 19:22:23.359 DEBUG qt.scenegraph.time.renderloop: [window 0x7f380ef04e40][gui thread] Frame prepared, polish=0 ms, lock=0 ms, blockedForSync=0 ms, animations=0 ms
2026-07-14 19:22:23.359 DEBUG qt.scenegraph.time.renderer: time in renderer: total=0ms, preprocess=0, updates=0, rendering=0
2026-07-14 19:22:23.360 DEBUG qt.scenegraph.time.renderloop: [window 0x7f380ef04e40][render thread 0x7f380ed86040] syncAndRender: frame rendered in 0ms, sync=0, render=0, swap=0
2026-07-14 19:22:23.360 DEBUG qt.scenegraph.time.renderloop: [window 0x7f380ef04e40][gui thread] polishAndSync: start, elapsed since last call: 1 ms
2026-07-14 19:22:23.360 DEBUG qt.scenegraph.time.renderloop: [window 0x7f380ef04e40][render thread 0x7f380ed86040] syncAndRender: start, elapsed since last call: 0 ms
2026-07-14 19:22:23.360 DEBUG qt.scenegraph.time.renderloop: [window 0x7f380ef04e40][gui thread] Frame prepared, polish=0 ms, lock=0 ms, blockedForSync=0 ms, animations=0 ms
2026-07-14 19:22:23.360 DEBUG qt.scenegraph.time.renderer: time in renderer: total=0ms, preprocess=0, updates=0, rendering=0
2026-07-14 19:22:23.360 DEBUG qt.scenegraph.time.renderloop: [window 0x7f380ef04e40][render thread 0x7f380ed86040] syncAndRender: frame rendered in 0ms, sync=0, render=0, swap=0
2026-07-14 19:22:23.391 DEBUG qt.scenegraph.time.renderloop: [window 0x7f380ef04e40][gui thread] polishAndSync: start, elapsed since last call: 31 ms
2026-07-14 19:22:23.392 DEBUG qt.scenegraph.time.renderloop: [window 0x7f380ef04e40][render thread 0x7f380ed86040] syncAndRender: start, elapsed since last call: 31 ms
2026-07-14 19:22:23.392 DEBUG qt.scenegraph.time.renderloop: [window 0x7f380ef04e40][gui thread] Frame prepared, polish=0 ms, lock=0 ms, blockedForSync=0 ms, animations=0 ms
2026-07-14 19:22:23.392 DEBUG qt.scenegraph.time.renderer: time in renderer: total=0ms, preprocess=0, updates=0, rendering=0
2026-07-14 19:22:23.392 DEBUG qt.scenegraph.time.renderloop: [window 0x7f380ef04e40][render thread 0x7f380ed86040] syncAndRender: frame rendered in 0ms, sync=0, render=0, swap=0
2026-07-14 19:22:23.393 DEBUG qt.scenegraph.time.renderloop: [window 0x7f380ef04e40][gui thread] polishAndSync: start, elapsed since last call: 1 ms
2026-07-14 19:22:23.393 DEBUG qt.scenegraph.time.renderloop: [window 0x7f380ef04e40][render thread 0x7f380ed86040] syncAndRender: start, elapsed since last call: 0 ms
2026-07-14 19:22:23.393 DEBUG qt.scenegraph.time.renderloop: [window 0x7f380ef04e40][gui thread] Frame prepared, polish=0 ms, lock=0 ms, blockedForSync=0 ms, animations=0 ms
2026-07-14 19:22:23.393 DEBUG qt.scenegraph.time.renderer: time in renderer: total=0ms, preprocess=0, updates=0, rendering=0
2026-07-14 19:22:23.393 DEBUG qt.scenegraph.time.renderloop: [window 0x7f380ef04e40][render thread 0x7f380ed86040] syncAndRender: frame rendered in 0ms, sync=0, render=0, swap=0
2026-07-14 19:22:23.424 DEBUG qt.scenegraph.time.renderloop: [window 0x7f380ef04e40][gui thread] polishAndSync: start, elapsed since last call: 31 ms
2026-07-14 19:22:23.425 DEBUG qt.scenegraph.time.renderloop: [window 0x7f380ef04e40][render thread 0x7f380ed86040] syncAndRender: start, elapsed since last call: 32 ms
2026-07-14 19:22:23.425 DEBUG qt.scenegraph.time.renderloop: [window 0x7f380ef04e40][gui thread] Frame prepared, polish=0 ms, lock=0 ms, blockedForSync=0 ms, animations=0 ms
2026-07-14 19:22:23.425 DEBUG qt.scenegraph.time.renderer: time in renderer: total=0ms, preprocess=0, updates=0, rendering=0
2026-07-14 19:22:23.425 DEBUG qt.scenegraph.time.renderloop: [window 0x7f380ef04e40][render thread 0x7f380ed86040] syncAndRender: frame rendered in 0ms, sync=0, render=0, swap=0
2026-07-14 19:22:23.426 DEBUG qt.scenegraph.time.renderloop: [window 0x7f380ef04e40][gui thread] polishAndSync: start, elapsed since last call: 1 ms
2026-07-14 19:22:23.426 DEBUG qt.scenegraph.time.renderloop: [window 0x7f380ef04e40][render thread 0x7f380ed86040] syncAndRender: start, elapsed since last call: 0 ms
2026-07-14 19:22:23.426 DEBUG qt.scenegraph.time.renderloop: [window 0x7f380ef04e40][gui thread] Frame prepared, polish=0 ms, lock=0 ms, blockedForSync=0 ms, animations=0 ms
2026-07-14 19:22:23.426 DEBUG qt.scenegraph.time.renderer: time in renderer: total=0ms, preprocess=0, updates=0, rendering=0
2026-07-14 19:22:23.426 DEBUG qt.scenegraph.time.renderloop: [window 0x7f380ef04e40][render thread 0x7f380ed86040] syncAndRender: frame rendered in 0ms, sync=0, render=0, swap=0
2026-07-14 19:22:23.458 DEBUG qt.scenegraph.time.renderloop: [window 0x7f380ef04e40][gui thread] polishAndSync: start, elapsed since last call: 32 ms
2026-07-14 19:22:23.458 DEBUG qt.scenegraph.time.renderloop: [window 0x7f380ef04e40][render thread 0x7f380ed86040] syncAndRender: start, elapsed since last call: 32 ms
2026-07-14 19:22:23.459 DEBUG qt.scenegraph.time.renderloop: [window 0x7f380ef04e40][gui thread] Frame prepared, polish=0 ms, lock=0 ms, blockedForSync=0 ms, animations=0 ms
2026-07-14 19:22:23.459 DEBUG qt.scenegraph.time.renderer: time in renderer: total=0ms, preprocess=0, updates=0, rendering=0
2026-07-14 19:22:23.459 DEBUG qt.scenegraph.time.renderloop: [window 0x7f380ef04e40][render thread 0x7f380ed86040] syncAndRender: frame rendered in 0ms, sync=0, render=0, swap=0
2026-07-14 19:22:23.459 DEBUG qt.scenegraph.time.renderloop: [window 0x7f380ef04e40][gui thread] polishAndSync: start, elapsed since last call: 1 ms
2026-07-14 19:22:23.459 DEBUG qt.scenegraph.time.renderloop: [window 0x7f380ef04e40][render thread 0x7f380ed86040] syncAndRender: start, elapsed since last call: 1 ms
2026-07-14 19:22:23.460 DEBUG qt.scenegraph.time.renderloop: [window 0x7f380ef04e40][gui thread] Frame prepared, polish=0 ms, lock=0 ms, blockedForSync=0 ms, animations=0 ms
2026-07-14 19:22:23.460 DEBUG qt.scenegraph.time.renderer: time in renderer: total=0ms, preprocess=0, updates=0, rendering=0
2026-07-14 19:22:23.460 DEBUG qt.scenegraph.time.renderloop: [window 0x7f380ef04e40][render thread 0x7f380ed86040] syncAndRender: frame rendered in 0ms, sync=0, render=0, swap=0
2026-07-14 19:22:23.491 DEBUG qt.scenegraph.time.renderloop: [window 0x7f380ef04e40][gui thread] polishAndSync: start, elapsed since last call: 31 ms
2026-07-14 19:22:23.491 DEBUG qt.scenegraph.time.renderloop: [window 0x7f380ef04e40][render thread 0x7f380ed86040] syncAndRender: start, elapsed since last call: 31 ms
2026-07-14 19:22:23.491 DEBUG qt.scenegraph.time.renderloop: [window 0x7f380ef04e40][gui thread] Frame prepared, polish=0 ms, lock=0 ms, blockedForSync=0 ms, animations=0 ms
2026-07-14 19:22:23.491 DEBUG qt.scenegraph.time.renderer: time in renderer: total=0ms, preprocess=0, updates=0, rendering=0
2026-07-14 19:22:23.492 DEBUG qt.scenegraph.time.renderloop: [window 0x7f380ef04e40][render thread 0x7f380ed86040] syncAndRender: frame rendered in 0ms, sync=0, render=0, swap=0
2026-07-14 19:22:23.492 DEBUG qt.scenegraph.time.renderloop: [window 0x7f380ef04e40][gui thread] polishAndSync: start, elapsed since last call: 1 ms
2026-07-14 19:22:23.492 DEBUG qt.scenegraph.time.renderloop: [window 0x7f380ef04e40][render thread 0x7f380ed86040] syncAndRender: start, elapsed since last call: 0 ms
2026-07-14 19:22:23.492 DEBUG qt.scenegraph.time.renderloop: [window 0x7f380ef04e40][gui thread] Frame prepared, polish=0 ms, lock=0 ms, blockedForSync=0 ms, animations=0 ms
2026-07-14 19:22:23.492 DEBUG qt.scenegraph.time.renderer: time in renderer: total=0ms, preprocess=0, updates=0, rendering=0
2026-07-14 19:22:23.493 DEBUG qt.scenegraph.time.renderloop: [window 0x7f380ef04e40][render thread 0x7f380ed86040] syncAndRender: frame rendered in 0ms, sync=0, render=0, swap=0
2026-07-14 19:22:23.523 DEBUG qt.scenegraph.time.renderloop: [window 0x7f380ef04e40][gui thread] polishAndSync: start, elapsed since last call: 31 ms
2026-07-14 19:22:23.524 DEBUG qt.scenegraph.time.renderloop: [window 0x7f380ef04e40][render thread 0x7f380ed86040] syncAndRender: start, elapsed since last call: 31 ms
2026-07-14 19:22:23.524 DEBUG qt.scenegraph.time.renderloop: [window 0x7f380ef04e40][gui thread] Frame prepared, polish=0 ms, lock=0 ms, blockedForSync=0 ms, animations=0 ms
2026-07-14 19:22:23.524 DEBUG qt.scenegraph.time.renderer: time in renderer: total=0ms, preprocess=0, updates=0, rendering=0
2026-07-14 19:22:23.524 DEBUG qt.scenegraph.time.renderloop: [window 0x7f380ef04e40][render thread 0x7f380ed86040] syncAndRender: frame rendered in 0ms, sync=0, render=0, swap=0
2026-07-14 19:22:23.525 DEBUG qt.scenegraph.time.renderloop: [window 0x7f380ef04e40][gui thread] polishAndSync: start, elapsed since last call: 1 ms
2026-07-14 19:22:23.525 DEBUG qt.scenegraph.time.renderloop: [window 0x7f380ef04e40][render thread 0x7f380ed86040] syncAndRender: start, elapsed since last call: 0 ms
2026-07-14 19:22:23.525 DEBUG qt.scenegraph.time.renderloop: [window 0x7f380ef04e40][gui thread] Frame prepared, polish=0 ms, lock=0 ms, blockedForSync=0 ms, animations=0 ms
2026-07-14 19:22:23.525 DEBUG qt.scenegraph.time.renderer: time in renderer: total=0ms, preprocess=0, updates=0, rendering=0
2026-07-14 19:22:23.525 DEBUG qt.scenegraph.time.renderloop: [window 0x7f380ef04e40][render thread 0x7f380ed86040] syncAndRender: frame rendered in 0ms, sync=0, render=0, swap=0
2026-07-14 19:22:23.556 DEBUG qt.scenegraph.time.renderloop: [window 0x7f380ef04e40][gui thread] polishAndSync: start, elapsed since last call: 31 ms
2026-07-14 19:22:23.559 DEBUG qt.scenegraph.time.renderloop: [window 0x7f380ef04e40][render thread 0x7f380ed86040] syncAndRender: start, elapsed since last call: 34 ms
2026-07-14 19:22:23.559 DEBUG qt.scenegraph.time.renderloop: [window 0x7f380ef04e40][gui thread] Frame prepared, polish=2 ms, lock=0 ms, blockedForSync=0 ms, animations=0 ms
2026-07-14 19:22:23.559 DEBUG qt.scenegraph.time.renderer: time in renderer: total=0ms, preprocess=0, updates=0, rendering=0
2026-07-14 19:22:23.559 DEBUG qt.scenegraph.time.renderloop: [window 0x7f380ef04e40][render thread 0x7f380ed86040] syncAndRender: frame rendered in 0ms, sync=0, render=0, swap=0
2026-07-14 19:22:23.560 DEBUG qt.scenegraph.time.renderloop: [window 0x7f380ef04e40][gui thread] polishAndSync: start, elapsed since last call: 3 ms
2026-07-14 19:22:23.560 DEBUG qt.scenegraph.time.renderloop: [window 0x7f380ef04e40][render thread 0x7f380ed86040] syncAndRender: start, elapsed since last call: 0 ms
2026-07-14 19:22:23.560 DEBUG qt.scenegraph.time.renderloop: [window 0x7f380ef04e40][gui thread] Frame prepared, polish=0 ms, lock=0 ms, blockedForSync=0 ms, animations=0 ms
2026-07-14 19:22:23.560 DEBUG qt.scenegraph.time.renderer: time in renderer: total=0ms, preprocess=0, updates=0, rendering=0
2026-07-14 19:22:23.560 DEBUG qt.scenegraph.time.renderloop: [window 0x7f380ef04e40][render thread 0x7f380ed86040] syncAndRender: frame rendered in 0ms, sync=0, render=0, swap=0
2026-07-14 19:22:23.590 DEBUG qt.scenegraph.time.renderloop: [window 0x7f380ef04e40][gui thread] polishAndSync: start, elapsed since last call: 30 ms
2026-07-14 19:22:23.590 DEBUG qt.scenegraph.time.renderloop: [window 0x7f380ef04e40][render thread 0x7f380ed86040] syncAndRender: start, elapsed since last call: 30 ms
2026-07-14 19:22:23.591 DEBUG qt.scenegraph.time.renderloop: [window 0x7f380ef04e40][gui thread] Frame prepared, polish=0 ms, lock=0 ms, blockedForSync=0 ms, animations=0 ms
2026-07-14 19:22:23.591 DEBUG qt.scenegraph.time.renderer: time in renderer: total=0ms, preprocess=0, updates=0, rendering=0
2026-07-14 19:22:23.591 DEBUG qt.scenegraph.time.renderloop: [window 0x7f380ef04e40][render thread 0x7f380ed86040] syncAndRender: frame rendered in 0ms, sync=0, render=0, swap=0
2026-07-14 19:22:23.591 DEBUG qt.scenegraph.time.renderloop: [window 0x7f380ef04e40][gui thread] polishAndSync: start, elapsed since last call: 1 ms
2026-07-14 19:22:23.591 DEBUG qt.scenegraph.time.renderloop: [window 0x7f380ef04e40][render thread 0x7f380ed86040] syncAndRender: start, elapsed since last call: 0 ms
2026-07-14 19:22:23.591 DEBUG qt.scenegraph.time.renderloop: [window 0x7f380ef04e40][gui thread] Frame prepared, polish=0 ms, lock=0 ms, blockedForSync=0 ms, animations=0 ms
2026-07-14 19:22:23.592 DEBUG qt.scenegraph.time.renderer: time in renderer: total=0ms, preprocess=0, updates=0, rendering=0
2026-07-14 19:22:23.592 DEBUG qt.scenegraph.time.renderloop: [window 0x7f380ef04e40][render thread 0x7f380ed86040] syncAndRender: frame rendered in 0ms, sync=0, render=0, swap=0
2026-07-14 19:22:23.623 DEBUG qt.scenegraph.time.renderloop: [window 0x7f380ef04e40][gui thread] polishAndSync: start, elapsed since last call: 31 ms
2026-07-14 19:22:23.623 DEBUG qt.scenegraph.time.renderloop: [window 0x7f380ef04e40][render thread 0x7f380ed86040] syncAndRender: start, elapsed since last call: 31 ms
2026-07-14 19:22:23.623 DEBUG qt.scenegraph.time.renderloop: [window 0x7f380ef04e40][gui thread] Frame prepared, polish=0 ms, lock=0 ms, blockedForSync=0 ms, animations=0 ms
2026-07-14 19:22:23.623 DEBUG qt.scenegraph.time.renderer: time in renderer: total=0ms, preprocess=0, updates=0, rendering=0
2026-07-14 19:22:23.624 DEBUG qt.scenegraph.time.renderloop: [window 0x7f380ef04e40][render thread 0x7f380ed86040] syncAndRender: frame rendered in 0ms, sync=0, render=0, swap=0
2026-07-14 19:22:23.624 DEBUG qt.scenegraph.time.renderloop: [window 0x7f380ef04e40][gui thread] polishAndSync: start, elapsed since last call: 1 ms
2026-07-14 19:22:23.624 DEBUG qt.scenegraph.time.renderloop: [window 0x7f380ef04e40][render thread 0x7f380ed86040] syncAndRender: start, elapsed since last call: 0 ms
2026-07-14 19:22:23.624 DEBUG qt.scenegraph.time.renderloop: [window 0x7f380ef04e40][gui thread] Frame prepared, polish=0 ms, lock=0 ms, blockedForSync=0 ms, animations=0 ms
2026-07-14 19:22:23.624 DEBUG qt.scenegraph.time.renderer: time in renderer: total=0ms, preprocess=0, updates=0, rendering=0
2026-07-14 19:22:23.625 DEBUG qt.scenegraph.time.renderloop: [window 0x7f380ef04e40][render thread 0x7f380ed86040] syncAndRender: frame rendered in 0ms, sync=0, render=0, swap=0
2026-07-14 19:22:23.656 DEBUG qt.scenegraph.time.renderloop: [window 0x7f380ef04e40][gui thread] polishAndSync: start, elapsed since last call: 31 ms
2026-07-14 19:22:23.656 DEBUG qt.scenegraph.time.renderloop: [window 0x7f380ef04e40][render thread 0x7f380ed86040] syncAndRender: start, elapsed since last call: 31 ms
2026-07-14 19:22:23.656 DEBUG qt.scenegraph.time.renderloop: [window 0x7f380ef04e40][gui thread] Frame prepared, polish=0 ms, lock=0 ms, blockedForSync=0 ms, animations=0 ms
2026-07-14 19:22:23.656 DEBUG qt.scenegraph.time.renderer: time in renderer: total=0ms, preprocess=0, updates=0, rendering=0
2026-07-14 19:22:23.656 DEBUG qt.scenegraph.time.renderloop: [window 0x7f380ef04e40][render thread 0x7f380ed86040] syncAndRender: frame rendered in 0ms, sync=0, render=0, swap=0
2026-07-14 19:22:23.657 DEBUG qt.scenegraph.time.renderloop: [window 0x7f380ef04e40][gui thread] polishAndSync: start, elapsed since last call: 1 ms
2026-07-14 19:22:23.657 DEBUG qt.scenegraph.time.renderloop: [window 0x7f380ef04e40][render thread 0x7f380ed86040] syncAndRender: start, elapsed since last call: 0 ms
2026-07-14 19:22:23.657 DEBUG qt.scenegraph.time.renderloop: [window 0x7f380ef04e40][gui thread] Frame prepared, polish=0 ms, lock=0 ms, blockedForSync=0 ms, animations=0 ms
2026-07-14 19:22:23.657 DEBUG qt.scenegraph.time.renderer: time in renderer: total=0ms, preprocess=0, updates=0, rendering=0
2026-07-14 19:22:23.657 DEBUG qt.scenegraph.time.renderloop: [window 0x7f380ef04e40][render thread 0x7f380ed86040] syncAndRender: frame rendered in 0ms, sync=0, render=0, swap=0
2026-07-14 19:22:23.688 DEBUG qt.scenegraph.time.renderloop: [window 0x7f380ef04e40][gui thread] polishAndSync: start, elapsed since last call: 31 ms
2026-07-14 19:22:23.689 DEBUG qt.scenegraph.time.renderloop: [window 0x7f380ef04e40][render thread 0x7f380ed86040] syncAndRender: start, elapsed since last call: 31 ms
2026-07-14 19:22:23.689 DEBUG qt.scenegraph.time.renderloop: [window 0x7f380ef04e40][gui thread] Frame prepared, polish=0 ms, lock=0 ms, blockedForSync=0 ms, animations=0 ms
2026-07-14 19:22:23.689 DEBUG qt.scenegraph.time.renderer: time in renderer: total=0ms, preprocess=0, updates=0, rendering=0
2026-07-14 19:22:23.689 DEBUG qt.scenegraph.time.renderloop: [window 0x7f380ef04e40][render thread 0x7f380ed86040] syncAndRender: frame rendered in 0ms, sync=0, render=0, swap=0
2026-07-14 19:22:23.689 DEBUG qt.scenegraph.time.renderloop: [window 0x7f380ef04e40][gui thread] polishAndSync: start, elapsed since last call: 1 ms
2026-07-14 19:22:23.689 DEBUG qt.scenegraph.time.renderloop: [window 0x7f380ef04e40][render thread 0x7f380ed86040] syncAndRender: start, elapsed since last call: 0 ms
2026-07-14 19:22:23.689 DEBUG qt.scenegraph.time.renderloop: [window 0x7f380ef04e40][gui thread] Frame prepared, polish=0 ms, lock=0 ms, blockedForSync=0 ms, animations=0 ms
2026-07-14 19:22:23.690 DEBUG qt.scenegraph.time.renderer: time in renderer: total=0ms, preprocess=0, updates=0, rendering=0
2026-07-14 19:22:23.690 DEBUG qt.scenegraph.time.renderloop: [window 0x7f380ef04e40][render thread 0x7f380ed86040] syncAndRender: frame rendered in 0ms, sync=0, render=0, swap=0
2026-07-14 19:22:23.722 DEBUG qt.scenegraph.time.renderloop: [window 0x7f380ef04e40][gui thread] polishAndSync: start, elapsed since last call: 32 ms
2026-07-14 19:22:23.722 DEBUG qt.scenegraph.time.renderloop: [window 0x7f380ef04e40][render thread 0x7f380ed86040] syncAndRender: start, elapsed since last call: 32 ms
2026-07-14 19:22:23.722 DEBUG qt.scenegraph.time.renderloop: [window 0x7f380ef04e40][gui thread] Frame prepared, polish=0 ms, lock=0 ms, blockedForSync=0 ms, animations=0 ms
2026-07-14 19:22:23.722 DEBUG qt.scenegraph.time.renderer: time in renderer: total=0ms, preprocess=0, updates=0, rendering=0
2026-07-14 19:22:23.723 DEBUG qt.scenegraph.time.renderloop: [window 0x7f380ef04e40][render thread 0x7f380ed86040] syncAndRender: frame rendered in 0ms, sync=0, render=0, swap=0
2026-07-14 19:22:23.723 DEBUG qt.scenegraph.time.renderloop: [window 0x7f380ef04e40][gui thread] polishAndSync: start, elapsed since last call: 1 ms
2026-07-14 19:22:23.723 DEBUG qt.scenegraph.time.renderloop: [window 0x7f380ef04e40][render thread 0x7f380ed86040] syncAndRender: start, elapsed since last call: 0 ms
2026-07-14 19:22:23.723 DEBUG qt.scenegraph.time.renderloop: [window 0x7f380ef04e40][gui thread] Frame prepared, polish=0 ms, lock=0 ms, blockedForSync=0 ms, animations=0 ms
2026-07-14 19:22:23.723 DEBUG qt.scenegraph.time.renderer: time in renderer: total=0ms, preprocess=0, updates=0, rendering=0
2026-07-14 19:22:23.723 DEBUG qt.scenegraph.time.renderloop: [window 0x7f380ef04e40][render thread 0x7f380ed86040] syncAndRender: frame rendered in 0ms, sync=0, render=0, swap=0
2026-07-14 19:22:23.755 DEBUG qt.scenegraph.time.renderloop: [window 0x7f380ef04e40][gui thread] polishAndSync: start, elapsed since last call: 31 ms
2026-07-14 19:22:23.755 DEBUG qt.scenegraph.time.renderloop: [window 0x7f380ef04e40][render thread 0x7f380ed86040] syncAndRender: start, elapsed since last call: 32 ms
2026-07-14 19:22:23.755 DEBUG qt.scenegraph.time.renderloop: [window 0x7f380ef04e40][gui thread] Frame prepared, polish=0 ms, lock=0 ms, blockedForSync=0 ms, animations=0 ms
2026-07-14 19:22:23.755 DEBUG qt.scenegraph.time.renderer: time in renderer: total=0ms, preprocess=0, updates=0, rendering=0
2026-07-14 19:22:23.756 DEBUG qt.scenegraph.time.renderloop: [window 0x7f380ef04e40][render thread 0x7f380ed86040] syncAndRender: frame rendered in 0ms, sync=0, render=0, swap=0
2026-07-14 19:22:23.756 DEBUG qt.scenegraph.time.renderloop: [window 0x7f380ef04e40][gui thread] polishAndSync: start, elapsed since last call: 1 ms
2026-07-14 19:22:23.756 DEBUG qt.scenegraph.time.renderloop: [window 0x7f380ef04e40][render thread 0x7f380ed86040] syncAndRender: start, elapsed since last call: 0 ms
2026-07-14 19:22:23.756 DEBUG qt.scenegraph.time.renderloop: [window 0x7f380ef04e40][gui thread] Frame prepared, polish=0 ms, lock=0 ms, blockedForSync=0 ms, animations=0 ms
2026-07-14 19:22:23.756 DEBUG qt.scenegraph.time.renderer: time in renderer: total=0ms, preprocess=0, updates=0, rendering=0
2026-07-14 19:22:23.757 DEBUG qt.scenegraph.time.renderloop: [window 0x7f380ef04e40][render thread 0x7f380ed86040] syncAndRender: frame rendered in 0ms, sync=0, render=0, swap=0
2026-07-14 19:22:23.788 DEBUG qt.scenegraph.time.renderloop: [window 0x7f380ef04e40][gui thread] polishAndSync: start, elapsed since last call: 31 ms
2026-07-14 19:22:23.788 DEBUG qt.scenegraph.time.renderloop: [window 0x7f380ef04e40][render thread 0x7f380ed86040] syncAndRender: start, elapsed since last call: 31 ms
2026-07-14 19:22:23.788 DEBUG qt.scenegraph.time.renderloop: [window 0x7f380ef04e40][gui thread] Frame prepared, polish=0 ms, lock=0 ms, blockedForSync=0 ms, animations=0 ms
2026-07-14 19:22:23.788 DEBUG qt.scenegraph.time.renderer: time in renderer: total=0ms, preprocess=0, updates=0, rendering=0
2026-07-14 19:22:23.788 DEBUG qt.scenegraph.time.renderloop: [window 0x7f380ef04e40][render thread 0x7f380ed86040] syncAndRender: frame rendered in 0ms, sync=0, render=0, swap=0
2026-07-14 19:22:23.789 DEBUG qt.scenegraph.time.renderloop: [window 0x7f380ef04e40][gui thread] polishAndSync: start, elapsed since last call: 1 ms
2026-07-14 19:22:23.789 DEBUG qt.scenegraph.time.renderloop: [window 0x7f380ef04e40][render thread 0x7f380ed86040] syncAndRender: start, elapsed since last call: 0 ms
2026-07-14 19:22:23.789 DEBUG qt.scenegraph.time.renderloop: [window 0x7f380ef04e40][gui thread] Frame prepared, polish=0 ms, lock=0 ms, blockedForSync=0 ms, animations=0 ms
2026-07-14 19:22:23.789 DEBUG qt.scenegraph.time.renderer: time in renderer: total=0ms, preprocess=0, updates=0, rendering=0
2026-07-14 19:22:23.789 DEBUG qt.scenegraph.time.renderloop: [window 0x7f380ef04e40][render thread 0x7f380ed86040] syncAndRender: frame rendered in 0ms, sync=0, render=0, swap=0
2026-07-14 19:22:23.820 DEBUG qt.scenegraph.time.renderloop: [window 0x7f380ef04e40][gui thread] polishAndSync: start, elapsed since last call: 31 ms
2026-07-14 19:22:23.821 DEBUG qt.scenegraph.time.renderloop: [window 0x7f380ef04e40][render thread 0x7f380ed86040] syncAndRender: start, elapsed since last call: 31 ms
2026-07-14 19:22:23.821 DEBUG qt.scenegraph.time.renderloop: [window 0x7f380ef04e40][gui thread] Frame prepared, polish=0 ms, lock=0 ms, blockedForSync=0 ms, animations=0 ms
2026-07-14 19:22:23.821 DEBUG qt.scenegraph.time.renderer: time in renderer: total=0ms, preprocess=0, updates=0, rendering=0
2026-07-14 19:22:23.821 DEBUG qt.scenegraph.time.renderloop: [window 0x7f380ef04e40][render thread 0x7f380ed86040] syncAndRender: frame rendered in 0ms, sync=0, render=0, swap=0
2026-07-14 19:22:23.822 DEBUG qt.scenegraph.time.renderloop: [window 0x7f380ef04e40][gui thread] polishAndSync: start, elapsed since last call: 1 ms
2026-07-14 19:22:23.822 DEBUG qt.scenegraph.time.renderloop: [window 0x7f380ef04e40][render thread 0x7f380ed86040] syncAndRender: start, elapsed since last call: 0 ms
2026-07-14 19:22:23.822 DEBUG qt.scenegraph.time.renderloop: [window 0x7f380ef04e40][gui thread] Frame prepared, polish=0 ms, lock=0 ms, blockedForSync=0 ms, animations=0 ms
2026-07-14 19:22:23.822 DEBUG qt.scenegraph.time.renderer: time in renderer: total=0ms, preprocess=0, updates=0, rendering=0
2026-07-14 19:22:23.822 DEBUG qt.scenegraph.time.renderloop: [window 0x7f380ef04e40][render thread 0x7f380ed86040] syncAndRender: frame rendered in 0ms, sync=0, render=0, swap=0
2026-07-14 19:22:23.854 DEBUG qt.scenegraph.time.renderloop: [window 0x7f380ef04e40][gui thread] polishAndSync: start, elapsed since last call: 32 ms
2026-07-14 19:22:23.855 DEBUG qt.scenegraph.time.renderloop: [window 0x7f380ef04e40][render thread 0x7f380ed86040] syncAndRender: start, elapsed since last call: 32 ms
2026-07-14 19:22:23.855 DEBUG qt.scenegraph.time.renderloop: [window 0x7f380ef04e40][gui thread] Frame prepared, polish=0 ms, lock=0 ms, blockedForSync=0 ms, animations=0 ms
2026-07-14 19:22:23.855 DEBUG qt.scenegraph.time.renderer: time in renderer: total=0ms, preprocess=0, updates=0, rendering=0
2026-07-14 19:22:23.855 DEBUG qt.scenegraph.time.renderloop: [window 0x7f380ef04e40][render thread 0x7f380ed86040] syncAndRender: frame rendered in 0ms, sync=0, render=0, swap=0
2026-07-14 19:22:23.855 DEBUG qt.scenegraph.time.renderloop: [window 0x7f380ef04e40][gui thread] polishAndSync: start, elapsed since last call: 1 ms
2026-07-14 19:22:23.855 DEBUG qt.scenegraph.time.renderloop: [window 0x7f380ef04e40][render thread 0x7f380ed86040] syncAndRender: start, elapsed since last call: 0 ms
2026-07-14 19:22:23.856 DEBUG qt.scenegraph.time.renderloop: [window 0x7f380ef04e40][gui thread] Frame prepared, polish=0 ms, lock=0 ms, blockedForSync=0 ms, animations=0 ms
2026-07-14 19:22:23.856 DEBUG qt.scenegraph.time.renderer: time in renderer: total=0ms, preprocess=0, updates=0, rendering=0
2026-07-14 19:22:23.856 DEBUG qt.scenegraph.time.renderloop: [window 0x7f380ef04e40][render thread 0x7f380ed86040] syncAndRender: frame rendered in 0ms, sync=0, render=0, swap=0
2026-07-14 19:22:23.887 DEBUG qt.scenegraph.time.renderloop: [window 0x7f380ef04e40][gui thread] polishAndSync: start, elapsed since last call: 31 ms
2026-07-14 19:22:23.887 DEBUG qt.scenegraph.time.renderloop: [window 0x7f380ef04e40][render thread 0x7f380ed86040] syncAndRender: start, elapsed since last call: 31 ms
2026-07-14 19:22:23.887 DEBUG qt.scenegraph.time.renderloop: [window 0x7f380ef04e40][gui thread] Frame prepared, polish=0 ms, lock=0 ms, blockedForSync=0 ms, animations=0 ms
2026-07-14 19:22:23.887 DEBUG qt.scenegraph.time.renderer: time in renderer: total=0ms, preprocess=0, updates=0, rendering=0
2026-07-14 19:22:23.888 DEBUG qt.scenegraph.time.renderloop: [window 0x7f380ef04e40][render thread 0x7f380ed86040] syncAndRender: frame rendered in 0ms, sync=0, render=0, swap=0
2026-07-14 19:22:23.888 DEBUG qt.scenegraph.time.renderloop: [window 0x7f380ef04e40][gui thread] polishAndSync: start, elapsed since last call: 1 ms
2026-07-14 19:22:23.888 DEBUG qt.scenegraph.time.renderloop: [window 0x7f380ef04e40][render thread 0x7f380ed86040] syncAndRender: start, elapsed since last call: 0 ms
2026-07-14 19:22:23.888 DEBUG qt.scenegraph.time.renderloop: [window 0x7f380ef04e40][gui thread] Frame prepared, polish=0 ms, lock=0 ms, blockedForSync=0 ms, animations=0 ms
2026-07-14 19:22:23.888 DEBUG qt.scenegraph.time.renderer: time in renderer: total=0ms, preprocess=0, updates=0, rendering=0
2026-07-14 19:22:23.889 DEBUG qt.scenegraph.time.renderloop: [window 0x7f380ef04e40][render thread 0x7f380ed86040] syncAndRender: frame rendered in 0ms, sync=0, render=0, swap=0
2026-07-14 19:22:23.920 DEBUG qt.scenegraph.time.renderloop: [window 0x7f380ef04e40][gui thread] polishAndSync: start, elapsed since last call: 31 ms
2026-07-14 19:22:23.920 DEBUG qt.scenegraph.time.renderloop: [window 0x7f380ef04e40][render thread 0x7f380ed86040] syncAndRender: start, elapsed since last call: 32 ms
2026-07-14 19:22:23.920 DEBUG qt.scenegraph.time.renderloop: [window 0x7f380ef04e40][gui thread] Frame prepared, polish=0 ms, lock=0 ms, blockedForSync=0 ms, animations=0 ms
2026-07-14 19:22:23.920 DEBUG qt.scenegraph.time.renderer: time in renderer: total=0ms, preprocess=0, updates=0, rendering=0
2026-07-14 19:22:23.921 DEBUG qt.scenegraph.time.renderloop: [window 0x7f380ef04e40][render thread 0x7f380ed86040] syncAndRender: frame rendered in 0ms, sync=0, render=0, swap=0
2026-07-14 19:22:23.921 DEBUG qt.scenegraph.time.renderloop: [window 0x7f380ef04e40][gui thread] polishAndSync: start, elapsed since last call: 1 ms
2026-07-14 19:22:23.921 DEBUG qt.scenegraph.time.renderloop: [window 0x7f380ef04e40][render thread 0x7f380ed86040] syncAndRender: start, elapsed since last call: 0 ms
2026-07-14 19:22:23.921 DEBUG qt.scenegraph.time.renderloop: [window 0x7f380ef04e40][gui thread] Frame prepared, polish=0 ms, lock=0 ms, blockedForSync=0 ms, animations=0 ms
2026-07-14 19:22:23.921 DEBUG qt.scenegraph.time.renderer: time in renderer: total=0ms, preprocess=0, updates=0, rendering=0
2026-07-14 19:22:23.921 DEBUG qt.scenegraph.time.renderloop: [window 0x7f380ef04e40][render thread 0x7f380ed86040] syncAndRender: frame rendered in 0ms, sync=0, render=0, swap=0
2026-07-14 19:22:23.952 DEBUG qt.scenegraph.time.renderloop: [window 0x7f380ef04e40][gui thread] polishAndSync: start, elapsed since last call: 31 ms
2026-07-14 19:22:23.953 DEBUG qt.scenegraph.time.renderloop: [window 0x7f380ef04e40][render thread 0x7f380ed86040] syncAndRender: start, elapsed since last call: 31 ms
2026-07-14 19:22:23.953 DEBUG qt.scenegraph.time.renderloop: [window 0x7f380ef04e40][gui thread] Frame prepared, polish=0 ms, lock=0 ms, blockedForSync=0 ms, animations=0 ms
2026-07-14 19:22:23.953 DEBUG qt.scenegraph.time.renderer: time in renderer: total=0ms, preprocess=0, updates=0, rendering=0
2026-07-14 19:22:23.953 DEBUG qt.scenegraph.time.renderloop: [window 0x7f380ef04e40][render thread 0x7f380ed86040] syncAndRender: frame rendered in 0ms, sync=0, render=0, swap=0
2026-07-14 19:22:23.954 DEBUG qt.scenegraph.time.renderloop: [window 0x7f380ef04e40][gui thread] polishAndSync: start, elapsed since last call: 1 ms
2026-07-14 19:22:23.954 DEBUG qt.scenegraph.time.renderloop: [window 0x7f380ef04e40][render thread 0x7f380ed86040] syncAndRender: start, elapsed since last call: 0 ms
2026-07-14 19:22:23.954 DEBUG qt.scenegraph.time.renderloop: [window 0x7f380ef04e40][gui thread] Frame prepared, polish=0 ms, lock=0 ms, blockedForSync=0 ms, animations=0 ms
2026-07-14 19:22:23.954 DEBUG qt.scenegraph.time.renderer: time in renderer: total=0ms, preprocess=0, updates=0, rendering=0
2026-07-14 19:22:23.954 DEBUG qt.scenegraph.time.renderloop: [window 0x7f380ef04e40][render thread 0x7f380ed86040] syncAndRender: frame rendered in 0ms, sync=0, render=0, swap=0
2026-07-14 19:22:23.986 DEBUG qt.scenegraph.time.renderloop: [window 0x7f380ef04e40][gui thread] polishAndSync: start, elapsed since last call: 32 ms
2026-07-14 19:22:23.987 DEBUG qt.scenegraph.time.renderloop: [window 0x7f380ef04e40][render thread 0x7f380ed86040] syncAndRender: start, elapsed since last call: 33 ms
2026-07-14 19:22:23.987 DEBUG qt.scenegraph.time.renderloop: [window 0x7f380ef04e40][gui thread] Frame prepared, polish=0 ms, lock=0 ms, blockedForSync=0 ms, animations=0 ms
2026-07-14 19:22:23.987 DEBUG qt.scenegraph.time.renderer: time in renderer: total=0ms, preprocess=0, updates=0, rendering=0
2026-07-14 19:22:23.987 DEBUG qt.scenegraph.time.renderloop: [window 0x7f380ef04e40][render thread 0x7f380ed86040] syncAndRender: frame rendered in 0ms, sync=0, render=0, swap=0
2026-07-14 19:22:23.988 DEBUG qt.scenegraph.time.renderloop: [window 0x7f380ef04e40][gui thread] polishAndSync: start, elapsed since last call: 1 ms
2026-07-14 19:22:23.988 DEBUG qt.scenegraph.time.renderloop: [window 0x7f380ef04e40][render thread 0x7f380ed86040] syncAndRender: start, elapsed since last call: 0 ms
2026-07-14 19:22:23.988 DEBUG qt.scenegraph.time.renderloop: [window 0x7f380ef04e40][gui thread] Frame prepared, polish=0 ms, lock=0 ms, blockedForSync=0 ms, animations=0 ms
2026-07-14 19:22:23.988 DEBUG qt.scenegraph.time.renderer: time in renderer: total=0ms, preprocess=0, updates=0, rendering=0
2026-07-14 19:22:23.988 DEBUG qt.scenegraph.time.renderloop: [window 0x7f380ef04e40][render thread 0x7f380ed86040] syncAndRender: frame rendered in 0ms, sync=0, render=0, swap=0
2026-07-14 19:22:24.019 DEBUG qt.scenegraph.time.renderloop: [window 0x7f380ef04e40][gui thread] polishAndSync: start, elapsed since last call: 31 ms
2026-07-14 19:22:24.020 DEBUG qt.scenegraph.time.renderloop: [window 0x7f380ef04e40][render thread 0x7f380ed86040] syncAndRender: start, elapsed since last call: 31 ms
2026-07-14 19:22:24.020 DEBUG qt.scenegraph.time.renderloop: [window 0x7f380ef04e40][gui thread] Frame prepared, polish=0 ms, lock=0 ms, blockedForSync=0 ms, animations=0 ms
2026-07-14 19:22:24.020 DEBUG qt.scenegraph.time.renderer: time in renderer: total=0ms, preprocess=0, updates=0, rendering=0
2026-07-14 19:22:24.020 DEBUG qt.scenegraph.time.renderloop: [window 0x7f380ef04e40][render thread 0x7f380ed86040] syncAndRender: frame rendered in 0ms, sync=0, render=0, swap=0
2026-07-14 19:22:24.020 DEBUG qt.scenegraph.time.renderloop: [window 0x7f380ef04e40][gui thread] polishAndSync: start, elapsed since last call: 1 ms
2026-07-14 19:22:24.020 DEBUG qt.scenegraph.time.renderloop: [window 0x7f380ef04e40][render thread 0x7f380ed86040] syncAndRender: start, elapsed since last call: 0 ms
2026-07-14 19:22:24.020 DEBUG qt.scenegraph.time.renderloop: [window 0x7f380ef04e40][gui thread] Frame prepared, polish=0 ms, lock=0 ms, blockedForSync=0 ms, animations=0 ms
2026-07-14 19:22:24.021 DEBUG qt.scenegraph.time.renderer: time in renderer: total=0ms, preprocess=0, updates=0, rendering=0
2026-07-14 19:22:24.021 DEBUG qt.scenegraph.time.renderloop: [window 0x7f380ef04e40][render thread 0x7f380ed86040] syncAndRender: frame rendered in 0ms, sync=0, render=0, swap=0
2026-07-14 19:22:24.052 DEBUG qt.scenegraph.time.renderloop: [window 0x7f380ef04e40][gui thread] polishAndSync: start, elapsed since last call: 31 ms
2026-07-14 19:22:24.052 DEBUG qt.scenegraph.time.renderloop: [window 0x7f380ef04e40][render thread 0x7f380ed86040] syncAndRender: start, elapsed since last call: 31 ms
2026-07-14 19:22:24.052 DEBUG qt.scenegraph.time.renderloop: [window 0x7f380ef04e40][gui thread] Frame prepared, polish=0 ms, lock=0 ms, blockedForSync=0 ms, animations=0 ms
2026-07-14 19:22:24.052 DEBUG qt.scenegraph.time.renderer: time in renderer: total=0ms, preprocess=0, updates=0, rendering=0
2026-07-14 19:22:24.053 DEBUG qt.scenegraph.time.renderloop: [window 0x7f380ef04e40][render thread 0x7f380ed86040] syncAndRender: frame rendered in 0ms, sync=0, render=0, swap=0
2026-07-14 19:22:24.053 DEBUG qt.scenegraph.time.renderloop: [window 0x7f380ef04e40][gui thread] polishAndSync: start, elapsed since last call: 1 ms
2026-07-14 19:22:24.053 DEBUG qt.scenegraph.time.renderloop: [window 0x7f380ef04e40][render thread 0x7f380ed86040] syncAndRender: start, elapsed since last call: 0 ms
2026-07-14 19:22:24.053 DEBUG qt.scenegraph.time.renderloop: [window 0x7f380ef04e40][gui thread] Frame prepared, polish=0 ms, lock=0 ms, blockedForSync=0 ms, animations=0 ms
2026-07-14 19:22:24.053 DEBUG qt.scenegraph.time.renderer: time in renderer: total=0ms, preprocess=0, updates=0, rendering=0
2026-07-14 19:22:24.053 DEBUG qt.scenegraph.time.renderloop: [window 0x7f380ef04e40][render thread 0x7f380ed86040] syncAndRender: frame rendered in 0ms, sync=0, render=0, swap=0
2026-07-14 19:22:24.085 DEBUG qt.scenegraph.time.renderloop: [window 0x7f380ef04e40][gui thread] polishAndSync: start, elapsed since last call: 31 ms
2026-07-14 19:22:24.085 DEBUG qt.scenegraph.time.renderloop: [window 0x7f380ef04e40][render thread 0x7f380ed86040] syncAndRender: start, elapsed since last call: 31 ms
2026-07-14 19:22:24.085 DEBUG qt.scenegraph.time.renderloop: [window 0x7f380ef04e40][gui thread] Frame prepared, polish=0 ms, lock=0 ms, blockedForSync=0 ms, animations=0 ms
2026-07-14 19:22:24.085 DEBUG qt.scenegraph.time.renderer: time in renderer: total=0ms, preprocess=0, updates=0, rendering=0
2026-07-14 19:22:24.085 DEBUG qt.scenegraph.time.renderloop: [window 0x7f380ef04e40][render thread 0x7f380ed86040] syncAndRender: frame rendered in 0ms, sync=0, render=0, swap=0
2026-07-14 19:22:24.086 DEBUG qt.scenegraph.time.renderloop: [window 0x7f380ef04e40][gui thread] polishAndSync: start, elapsed since last call: 1 ms
2026-07-14 19:22:24.086 DEBUG qt.scenegraph.time.renderloop: [window 0x7f380ef04e40][render thread 0x7f380ed86040] syncAndRender: start, elapsed since last call: 0 ms
2026-07-14 19:22:24.086 DEBUG qt.scenegraph.time.renderloop: [window 0x7f380ef04e40][gui thread] Frame prepared, polish=0 ms, lock=0 ms, blockedForSync=0 ms, animations=0 ms
2026-07-14 19:22:24.086 DEBUG qt.scenegraph.time.renderer: time in renderer: total=0ms, preprocess=0, updates=0, rendering=0
2026-07-14 19:22:24.086 DEBUG qt.scenegraph.time.renderloop: [window 0x7f380ef04e40][render thread 0x7f380ed86040] syncAndRender: frame rendered in 0ms, sync=0, render=0, swap=0
2026-07-14 19:22:24.117 DEBUG qt.scenegraph.time.renderloop: [window 0x7f380ef04e40][gui thread] polishAndSync: start, elapsed since last call: 31 ms
2026-07-14 19:22:24.118 DEBUG qt.scenegraph.time.renderloop: [window 0x7f380ef04e40][render thread 0x7f380ed86040] syncAndRender: start, elapsed since last call: 31 ms
2026-07-14 19:22:24.118 DEBUG qt.scenegraph.time.renderloop: [window 0x7f380ef04e40][gui thread] Frame prepared, polish=0 ms, lock=0 ms, blockedForSync=0 ms, animations=0 ms
2026-07-14 19:22:24.118 DEBUG qt.scenegraph.time.renderer: time in renderer: total=0ms, preprocess=0, updates=0, rendering=0
2026-07-14 19:22:24.118 DEBUG qt.scenegraph.time.renderloop: [window 0x7f380ef04e40][render thread 0x7f380ed86040] syncAndRender: frame rendered in 0ms, sync=0, render=0, swap=0
2026-07-14 19:22:24.118 DEBUG qt.scenegraph.time.renderloop: [window 0x7f380ef04e40][gui thread] polishAndSync: start, elapsed since last call: 1 ms
2026-07-14 19:22:24.118 DEBUG qt.scenegraph.time.renderloop: [window 0x7f380ef04e40][render thread 0x7f380ed86040] syncAndRender: start, elapsed since last call: 0 ms
2026-07-14 19:22:24.118 DEBUG qt.scenegraph.time.renderloop: [window 0x7f380ef04e40][gui thread] Frame prepared, polish=0 ms, lock=0 ms, blockedForSync=0 ms, animations=0 ms
2026-07-14 19:22:24.118 DEBUG qt.scenegraph.time.renderer: time in renderer: total=0ms, preprocess=0, updates=0, rendering=0
2026-07-14 19:22:24.119 DEBUG qt.scenegraph.time.renderloop: [window 0x7f380ef04e40][render thread 0x7f380ed86040] syncAndRender: frame rendered in 0ms, sync=0, render=0, swap=0
2026-07-14 19:22:24.151 DEBUG qt.scenegraph.time.renderloop: [window 0x7f380ef04e40][gui thread] polishAndSync: start, elapsed since last call: 32 ms
2026-07-14 19:22:24.151 DEBUG qt.scenegraph.time.renderloop: [window 0x7f380ef04e40][render thread 0x7f380ed86040] syncAndRender: start, elapsed since last call: 33 ms
2026-07-14 19:22:24.151 DEBUG qt.scenegraph.time.renderloop: [window 0x7f380ef04e40][gui thread] Frame prepared, polish=0 ms, lock=0 ms, blockedForSync=0 ms, animations=0 ms
2026-07-14 19:22:24.151 DEBUG qt.scenegraph.time.renderer: time in renderer: total=0ms, preprocess=0, updates=0, rendering=0
2026-07-14 19:22:24.152 DEBUG qt.scenegraph.time.renderloop: [window 0x7f380ef04e40][render thread 0x7f380ed86040] syncAndRender: frame rendered in 0ms, sync=0, render=0, swap=0
2026-07-14 19:22:24.152 DEBUG qt.scenegraph.time.renderloop: [window 0x7f380ef04e40][gui thread] polishAndSync: start, elapsed since last call: 1 ms
2026-07-14 19:22:24.152 DEBUG qt.scenegraph.time.renderloop: [window 0x7f380ef04e40][render thread 0x7f380ed86040] syncAndRender: start, elapsed since last call: 0 ms
2026-07-14 19:22:24.152 DEBUG qt.scenegraph.time.renderloop: [window 0x7f380ef04e40][gui thread] Frame prepared, polish=0 ms, lock=0 ms, blockedForSync=0 ms, animations=0 ms
2026-07-14 19:22:24.152 DEBUG qt.scenegraph.time.renderer: time in renderer: total=0ms, preprocess=0, updates=0, rendering=0
2026-07-14 19:22:24.152 DEBUG qt.scenegraph.time.renderloop: [window 0x7f380ef04e40][render thread 0x7f380ed86040] syncAndRender: frame rendered in 0ms, sync=0, render=0, swap=0
2026-07-14 19:22:24.184 DEBUG qt.scenegraph.time.renderloop: [window 0x7f380ef04e40][gui thread] polishAndSync: start, elapsed since last call: 31 ms
2026-07-14 19:22:24.184 DEBUG qt.scenegraph.time.renderloop: [window 0x7f380ef04e40][render thread 0x7f380ed86040] syncAndRender: start, elapsed since last call: 32 ms
2026-07-14 19:22:24.184 DEBUG qt.scenegraph.time.renderloop: [window 0x7f380ef04e40][gui thread] Frame prepared, polish=0 ms, lock=0 ms, blockedForSync=0 ms, animations=0 ms
2026-07-14 19:22:24.184 DEBUG qt.scenegraph.time.renderer: time in renderer: total=0ms, preprocess=0, updates=0, rendering=0
2026-07-14 19:22:24.185 DEBUG qt.scenegraph.time.renderloop: [window 0x7f380ef04e40][render thread 0x7f380ed86040] syncAndRender: frame rendered in 0ms, sync=0, render=0, swap=0
2026-07-14 19:22:24.186 DEBUG qt.scenegraph.time.renderloop: [window 0x7f380ef04e40][gui thread] polishAndSync: start, elapsed since last call: 1 ms
2026-07-14 19:22:24.186 DEBUG qt.scenegraph.time.renderloop: [window 0x7f380ef04e40][render thread 0x7f380ed86040] syncAndRender: start, elapsed since last call: 1 ms
2026-07-14 19:22:24.186 DEBUG qt.scenegraph.time.renderloop: [window 0x7f380ef04e40][gui thread] Frame prepared, polish=0 ms, lock=0 ms, blockedForSync=0 ms, animations=0 ms
2026-07-14 19:22:24.186 DEBUG qt.scenegraph.time.renderer: time in renderer: total=0ms, preprocess=0, updates=0, rendering=0
2026-07-14 19:22:24.186 DEBUG qt.scenegraph.time.renderloop: [window 0x7f380ef04e40][render thread 0x7f380ed86040] syncAndRender: frame rendered in 0ms, sync=0, render=0, swap=0
2026-07-14 19:22:24.217 DEBUG qt.scenegraph.time.renderloop: [window 0x7f380ef04e40][gui thread] polishAndSync: start, elapsed since last call: 30 ms
2026-07-14 19:22:24.217 DEBUG qt.scenegraph.time.renderloop: [window 0x7f380ef04e40][render thread 0x7f380ed86040] syncAndRender: start, elapsed since last call: 31 ms
2026-07-14 19:22:24.217 DEBUG qt.scenegraph.time.renderloop: [window 0x7f380ef04e40][gui thread] Frame prepared, polish=0 ms, lock=0 ms, blockedForSync=0 ms, animations=0 ms
2026-07-14 19:22:24.217 DEBUG qt.scenegraph.time.renderer: time in renderer: total=0ms, preprocess=0, updates=0, rendering=0
2026-07-14 19:22:24.218 DEBUG qt.scenegraph.time.renderloop: [window 0x7f380ef04e40][render thread 0x7f380ed86040] syncAndRender: frame rendered in 0ms, sync=0, render=0, swap=0
2026-07-14 19:22:24.218 DEBUG qt.scenegraph.time.renderloop: [window 0x7f380ef04e40][gui thread] polishAndSync: start, elapsed since last call: 1 ms
2026-07-14 19:22:24.218 DEBUG qt.scenegraph.time.renderloop: [window 0x7f380ef04e40][render thread 0x7f380ed86040] syncAndRender: start, elapsed since last call: 1 ms
2026-07-14 19:22:24.218 DEBUG qt.scenegraph.time.renderloop: [window 0x7f380ef04e40][gui thread] Frame prepared, polish=0 ms, lock=0 ms, blockedForSync=0 ms, animations=0 ms
2026-07-14 19:22:24.218 DEBUG qt.scenegraph.time.renderer: time in renderer: total=0ms, preprocess=0, updates=0, rendering=0
2026-07-14 19:22:24.219 DEBUG qt.scenegraph.time.renderloop: [window 0x7f380ef04e40][render thread 0x7f380ed86040] syncAndRender: frame rendered in 0ms, sync=0, render=0, swap=0
2026-07-14 19:22:24.249 DEBUG qt.scenegraph.time.renderloop: [window 0x7f380ef04e40][gui thread] polishAndSync: start, elapsed since last call: 31 ms
2026-07-14 19:22:24.250 DEBUG qt.scenegraph.time.renderloop: [window 0x7f380ef04e40][render thread 0x7f380ed86040] syncAndRender: start, elapsed since last call: 31 ms
2026-07-14 19:22:24.250 DEBUG qt.scenegraph.time.renderloop: [window 0x7f380ef04e40][gui thread] Frame prepared, polish=0 ms, lock=0 ms, blockedForSync=0 ms, animations=0 ms
2026-07-14 19:22:24.250 DEBUG qt.scenegraph.time.renderer: time in renderer: total=0ms, preprocess=0, updates=0, rendering=0
2026-07-14 19:22:24.251 DEBUG qt.scenegraph.time.renderloop: [window 0x7f380ef04e40][render thread 0x7f380ed86040] syncAndRender: frame rendered in 0ms, sync=0, render=0, swap=0
2026-07-14 19:22:24.251 DEBUG qt.scenegraph.time.renderloop: [window 0x7f380ef04e40][gui thread] polishAndSync: start, elapsed since last call: 1 ms
2026-07-14 19:22:24.251 DEBUG qt.scenegraph.time.renderloop: [window 0x7f380ef04e40][render thread 0x7f380ed86040] syncAndRender: start, elapsed since last call: 1 ms
2026-07-14 19:22:24.251 DEBUG qt.scenegraph.time.renderloop: [window 0x7f380ef04e40][gui thread] Frame prepared, polish=0 ms, lock=0 ms, blockedForSync=0 ms, animations=0 ms
2026-07-14 19:22:24.251 DEBUG qt.scenegraph.time.renderer: time in renderer: total=0ms, preprocess=0, updates=0, rendering=0
2026-07-14 19:22:24.252 DEBUG qt.scenegraph.time.renderloop: [window 0x7f380ef04e40][render thread 0x7f380ed86040] syncAndRender: frame rendered in 0ms, sync=0, render=0, swap=0
2026-07-14 19:22:24.273 DEBUG qt.scenegraph.time.renderloop: [window 0x7f380ef04e40][gui thread] polishAndSync: start, elapsed since last call: 21 ms
2026-07-14 19:22:24.273 DEBUG qt.scenegraph.time.renderloop: [window 0x7f380ef04e40][render thread 0x7f380ed86040] syncAndRender: start, elapsed since last call: 21 ms
2026-07-14 19:22:24.273 DEBUG qt.scenegraph.time.renderloop: [window 0x7f380ef04e40][gui thread] Frame prepared, polish=0 ms, lock=0 ms, blockedForSync=0 ms, animations=0 ms
2026-07-14 19:22:24.273 DEBUG qt.scenegraph.time.renderloop: [window 0x7f380ef04e40][gui thread] polishAndSync: start, elapsed since last call: 0 ms
2026-07-14 19:22:24.273 DEBUG qt.scenegraph.time.texture: atlastexture upload enqueued in: -9223357654842ms (16x16)
2026-07-14 19:22:24.273 DEBUG qt.scenegraph.time.texture: atlastexture upload enqueued in: -9223357654842ms (16x16)
2026-07-14 19:22:24.273 DEBUG qt.scenegraph.time.texture: atlastexture upload enqueued in: -9223357654842ms (36x14)
2026-07-14 19:22:24.273 DEBUG qt.scenegraph.time.renderer: time in renderer: total=0ms, preprocess=0, updates=0, rendering=0
2026-07-14 19:22:24.274 DEBUG qt.scenegraph.time.renderloop: [window 0x7f380ef04e40][render thread 0x7f380ed86040] syncAndRender: frame rendered in 1ms, sync=0, render=0, swap=0
2026-07-14 19:22:24.274 DEBUG qt.scenegraph.time.renderloop: [window 0x7f380ef04e40][render thread 0x7f380ed86040] syncAndRender: start, elapsed since last call: 1 ms
2026-07-14 19:22:24.274 DEBUG qt.scenegraph.time.renderloop: [window 0x7f380ef04e40][gui thread] Frame prepared, polish=0 ms, lock=0 ms, blockedForSync=1 ms, animations=0 ms
2026-07-14 19:22:24.274 DEBUG qt.scenegraph.time.renderer: time in renderer: total=0ms, preprocess=0, updates=0, rendering=0
2026-07-14 19:22:24.275 DEBUG qt.scenegraph.time.renderloop: [window 0x7f380ef04e40][gui thread] polishAndSync: start, elapsed since last call: 1 ms
2026-07-14 19:22:24.275 DEBUG qt.scenegraph.time.renderloop: [window 0x7f380ef04e40][render thread 0x7f380ed86040] syncAndRender: frame rendered in 0ms, sync=0, render=0, swap=0
2026-07-14 19:22:24.275 DEBUG qt.scenegraph.time.renderloop: [window 0x7f380ef04e40][render thread 0x7f380ed86040] syncAndRender: start, elapsed since last call: 0 ms
2026-07-14 19:22:24.275 DEBUG qt.scenegraph.time.renderloop: [window 0x7f380ef04e40][gui thread] Frame prepared, polish=0 ms, lock=0 ms, blockedForSync=0 ms, animations=0 ms
2026-07-14 19:22:24.275 DEBUG qt.scenegraph.time.renderer: time in renderer: total=0ms, preprocess=0, updates=0, rendering=0
2026-07-14 19:22:24.278 DEBUG qt.scenegraph.time.renderloop: [window 0x7f380ef04e40][gui thread] polishAndSync: start, elapsed since last call: 2 ms
2026-07-14 19:22:24.278 DEBUG qt.scenegraph.time.renderloop: [window 0x7f380ef04e40][render thread 0x7f380ed86040] syncAndRender: frame rendered in 2ms, sync=0, render=0, swap=2
2026-07-14 19:22:24.278 DEBUG qt.scenegraph.time.renderloop: [window 0x7f380ef04e40][render thread 0x7f380ed86040] syncAndRender: start, elapsed since last call: 3 ms
2026-07-14 19:22:24.278 DEBUG qt.scenegraph.time.renderloop: [window 0x7f380ef04e40][gui thread] Frame prepared, polish=0 ms, lock=0 ms, blockedForSync=0 ms, animations=0 ms
2026-07-14 19:22:24.278 DEBUG qt.scenegraph.time.renderer: time in renderer: total=0ms, preprocess=0, updates=0, rendering=0
2026-07-14 19:22:24.285 DEBUG qt.scenegraph.time.renderloop: [window 0x7f380ef04e40][gui thread] polishAndSync: start, elapsed since last call: 6 ms
2026-07-14 19:22:24.285 DEBUG qt.scenegraph.time.renderloop: [window 0x7f380ef04e40][render thread 0x7f380ed86040] syncAndRender: frame rendered in 6ms, sync=0, render=0, swap=6
2026-07-14 19:22:24.285 DEBUG qt.scenegraph.time.renderloop: [window 0x7f380ef04e40][render thread 0x7f380ed86040] syncAndRender: start, elapsed since last call: 6 ms
2026-07-14 19:22:24.285 DEBUG qt.scenegraph.time.renderloop: [window 0x7f380ef04e40][gui thread] Frame prepared, polish=0 ms, lock=0 ms, blockedForSync=0 ms, animations=0 ms
2026-07-14 19:22:24.285 DEBUG qt.scenegraph.time.texture: atlastexture upload enqueued in: -9223357654831ms (36x14)
2026-07-14 19:22:24.285 DEBUG qt.scenegraph.time.renderer: time in renderer: total=0ms, preprocess=0, updates=0, rendering=0
2026-07-14 19:22:24.292 DEBUG qt.scenegraph.time.renderloop: [window 0x7f380ef04e40][gui thread] polishAndSync: start, elapsed since last call: 7 ms
2026-07-14 19:22:24.292 DEBUG qt.scenegraph.time.renderloop: [window 0x7f380ef04e40][render thread 0x7f380ed86040] syncAndRender: frame rendered in 7ms, sync=0, render=0, swap=6
2026-07-14 19:22:24.292 DEBUG qt.scenegraph.time.renderloop: [window 0x7f380ef04e40][render thread 0x7f380ed86040] syncAndRender: start, elapsed since last call: 7 ms
2026-07-14 19:22:24.292 DEBUG qt.scenegraph.time.renderloop: [window 0x7f380ef04e40][gui thread] Frame prepared, polish=0 ms, lock=0 ms, blockedForSync=0 ms, animations=0 ms
2026-07-14 19:22:24.292 DEBUG qt.scenegraph.time.renderer: time in renderer: total=0ms, preprocess=0, updates=0, rendering=0
2026-07-14 19:22:24.299 DEBUG qt.scenegraph.time.renderloop: [window 0x7f380ef04e40][gui thread] polishAndSync: start, elapsed since last call: 6 ms
2026-07-14 19:22:24.299 DEBUG qt.scenegraph.time.renderloop: [window 0x7f380ef04e40][render thread 0x7f380ed86040] syncAndRender: frame rendered in 6ms, sync=0, render=0, swap=6
2026-07-14 19:22:24.299 DEBUG qt.scenegraph.time.renderloop: [window 0x7f380ef04e40][render thread 0x7f380ed86040] syncAndRender: start, elapsed since last call: 6 ms
2026-07-14 19:22:24.299 DEBUG qt.scenegraph.time.renderloop: [window 0x7f380ef04e40][gui thread] Frame prepared, polish=0 ms, lock=0 ms, blockedForSync=0 ms, animations=0 ms
2026-07-14 19:22:24.299 DEBUG qt.scenegraph.time.renderer: time in renderer: total=0ms, preprocess=0, updates=0, rendering=0
2026-07-14 19:22:24.305 DEBUG qt.scenegraph.time.renderloop: [window 0x7f380ef04e40][gui thread] polishAndSync: start, elapsed since last call: 6 ms
2026-07-14 19:22:24.305 DEBUG qt.scenegraph.time.renderloop: [window 0x7f380ef04e40][render thread 0x7f380ed86040] syncAndRender: frame rendered in 6ms, sync=0, render=0, swap=6
2026-07-14 19:22:24.305 DEBUG qt.scenegraph.time.renderloop: [window 0x7f380ef04e40][render thread 0x7f380ed86040] syncAndRender: start, elapsed since last call: 6 ms
2026-07-14 19:22:24.305 DEBUG qt.scenegraph.time.renderloop: [window 0x7f380ef04e40][gui thread] Frame prepared, polish=0 ms, lock=0 ms, blockedForSync=0 ms, animations=0 ms
2026-07-14 19:22:24.305 DEBUG qt.scenegraph.time.renderer: time in renderer: total=0ms, preprocess=0, updates=0, rendering=0
2026-07-14 19:22:24.313 DEBUG qt.scenegraph.time.renderloop: [window 0x7f380ef04e40][gui thread] polishAndSync: start, elapsed since last call: 7 ms
2026-07-14 19:22:24.313 DEBUG qt.scenegraph.time.renderloop: [window 0x7f380ef04e40][render thread 0x7f380ed86040] syncAndRender: frame rendered in 7ms, sync=0, render=0, swap=7
2026-07-14 19:22:24.313 DEBUG qt.scenegraph.time.renderloop: [window 0x7f380ef04e40][render thread 0x7f380ed86040] syncAndRender: start, elapsed since last call: 7 ms
2026-07-14 19:22:24.313 DEBUG qt.scenegraph.time.renderloop: [window 0x7f380ef04e40][gui thread] Frame prepared, polish=0 ms, lock=0 ms, blockedForSync=0 ms, animations=0 ms
2026-07-14 19:22:24.313 DEBUG qt.scenegraph.time.renderer: time in renderer: total=0ms, preprocess=0, updates=0, rendering=0
2026-07-14 19:22:24.319 DEBUG qt.scenegraph.time.renderloop: [window 0x7f380ef04e40][gui thread] polishAndSync: start, elapsed since last call: 6 ms
2026-07-14 19:22:24.319 DEBUG qt.scenegraph.time.renderloop: [window 0x7f380ef04e40][render thread 0x7f380ed86040] syncAndRender: frame rendered in 6ms, sync=0, render=0, swap=6
2026-07-14 19:22:24.319 DEBUG qt.scenegraph.time.renderloop: [window 0x7f380ef04e40][render thread 0x7f380ed86040] syncAndRender: start, elapsed since last call: 6 ms
2026-07-14 19:22:24.319 DEBUG qt.scenegraph.time.renderloop: [window 0x7f380ef04e40][gui thread] Frame prepared, polish=0 ms, lock=0 ms, blockedForSync=0 ms, animations=0 ms
2026-07-14 19:22:24.319 DEBUG qt.scenegraph.time.renderer: time in renderer: total=0ms, preprocess=0, updates=0, rendering=0
2026-07-14 19:22:24.327 DEBUG qt.scenegraph.time.renderloop: [window 0x7f380ef04e40][gui thread] polishAndSync: start, elapsed since last call: 7 ms
2026-07-14 19:22:24.327 DEBUG qt.scenegraph.time.renderloop: [window 0x7f380ef04e40][render thread 0x7f380ed86040] syncAndRender: frame rendered in 7ms, sync=0, render=0, swap=7
2026-07-14 19:22:24.327 DEBUG qt.scenegraph.time.renderloop: [window 0x7f380ef04e40][render thread 0x7f380ed86040] syncAndRender: start, elapsed since last call: 7 ms
2026-07-14 19:22:24.327 DEBUG qt.scenegraph.time.renderloop: [window 0x7f380ef04e40][gui thread] Frame prepared, polish=0 ms, lock=0 ms, blockedForSync=0 ms, animations=0 ms
2026-07-14 19:22:24.327 DEBUG qt.scenegraph.time.renderer: time in renderer: total=0ms, preprocess=0, updates=0, rendering=0
2026-07-14 19:22:24.333 DEBUG qt.scenegraph.time.renderloop: [window 0x7f380ef04e40][render thread 0x7f380ed86040] syncAndRender: frame rendered in 6ms, sync=0, render=0, swap=6
2026-07-14 19:22:24.333 DEBUG qt.scenegraph.time.renderloop: [window 0x7f380ef04e40][gui thread] polishAndSync: start, elapsed since last call: 6 ms
2026-07-14 19:22:24.334 DEBUG qt.scenegraph.time.renderloop: [window 0x7f380ef04e40][render thread 0x7f380ed86040] syncAndRender: start, elapsed since last call: 6 ms
2026-07-14 19:22:24.334 DEBUG qt.scenegraph.time.renderloop: [window 0x7f380ef04e40][gui thread] Frame prepared, polish=0 ms, lock=0 ms, blockedForSync=0 ms, animations=0 ms
2026-07-14 19:22:24.334 DEBUG qt.scenegraph.time.renderer: time in renderer: total=0ms, preprocess=0, updates=0, rendering=0
2026-07-14 19:22:24.340 DEBUG qt.scenegraph.time.renderloop: [window 0x7f380ef04e40][gui thread] polishAndSync: start, elapsed since last call: 6 ms
2026-07-14 19:22:24.340 DEBUG qt.scenegraph.time.renderloop: [window 0x7f380ef04e40][render thread 0x7f380ed86040] syncAndRender: frame rendered in 6ms, sync=0, render=0, swap=6
2026-07-14 19:22:24.341 DEBUG qt.scenegraph.time.renderloop: [window 0x7f380ef04e40][render thread 0x7f380ed86040] syncAndRender: start, elapsed since last call: 7 ms
2026-07-14 19:22:24.341 DEBUG qt.scenegraph.time.renderloop: [window 0x7f380ef04e40][gui thread] Frame prepared, polish=0 ms, lock=0 ms, blockedForSync=0 ms, animations=0 ms
2026-07-14 19:22:24.341 DEBUG qt.scenegraph.time.renderer: time in renderer: total=0ms, preprocess=0, updates=0, rendering=0
2026-07-14 19:22:24.347 DEBUG qt.scenegraph.time.renderloop: [window 0x7f380ef04e40][render thread 0x7f380ed86040] syncAndRender: frame rendered in 6ms, sync=0, render=0, swap=6
2026-07-14 19:22:24.347 DEBUG qt.scenegraph.time.renderloop: [window 0x7f380ef04e40][gui thread] polishAndSync: start, elapsed since last call: 7 ms
2026-07-14 19:22:24.348 DEBUG qt.scenegraph.time.renderloop: [window 0x7f380ef04e40][render thread 0x7f380ed86040] syncAndRender: start, elapsed since last call: 6 ms
2026-07-14 19:22:24.348 DEBUG qt.scenegraph.time.renderloop: [window 0x7f380ef04e40][gui thread] Frame prepared, polish=0 ms, lock=0 ms, blockedForSync=0 ms, animations=0 ms
2026-07-14 19:22:24.348 DEBUG qt.scenegraph.time.renderer: time in renderer: total=0ms, preprocess=0, updates=0, rendering=0
2026-07-14 19:22:24.354 DEBUG qt.scenegraph.time.renderloop: [window 0x7f380ef04e40][render thread 0x7f380ed86040] syncAndRender: frame rendered in 6ms, sync=0, render=0, swap=6
2026-07-14 19:22:24.354 DEBUG qt.scenegraph.time.renderloop: [window 0x7f380ef04e40][gui thread] polishAndSync: start, elapsed since last call: 6 ms
2026-07-14 19:22:24.354 DEBUG qt.scenegraph.time.renderloop: [window 0x7f380ef04e40][render thread 0x7f380ed86040] syncAndRender: start, elapsed since last call: 6 ms
2026-07-14 19:22:24.354 DEBUG qt.scenegraph.time.renderloop: [window 0x7f380ef04e40][gui thread] Frame prepared, polish=0 ms, lock=0 ms, blockedForSync=0 ms, animations=0 ms
2026-07-14 19:22:24.354 DEBUG qt.scenegraph.time.renderer: time in renderer: total=0ms, preprocess=0, updates=0, rendering=0
2026-07-14 19:22:24.361 DEBUG qt.scenegraph.time.renderloop: [window 0x7f380ef04e40][gui thread] polishAndSync: start, elapsed since last call: 6 ms
2026-07-14 19:22:24.361 DEBUG qt.scenegraph.time.renderloop: [window 0x7f380ef04e40][render thread 0x7f380ed86040] syncAndRender: frame rendered in 6ms, sync=0, render=0, swap=6
2026-07-14 19:22:24.361 DEBUG qt.scenegraph.time.renderloop: [window 0x7f380ef04e40][render thread 0x7f380ed86040] syncAndRender: start, elapsed since last call: 6 ms
2026-07-14 19:22:24.361 DEBUG qt.scenegraph.time.renderloop: [window 0x7f380ef04e40][gui thread] Frame prepared, polish=0 ms, lock=0 ms, blockedForSync=0 ms, animations=0 ms
2026-07-14 19:22:24.361 DEBUG qt.scenegraph.time.renderer: time in renderer: total=0ms, preprocess=0, updates=0, rendering=0
2026-07-14 19:22:24.368 DEBUG qt.scenegraph.time.renderloop: [window 0x7f380ef04e40][render thread 0x7f380ed86040] syncAndRender: frame rendered in 6ms, sync=0, render=0, swap=6
2026-07-14 19:22:24.368 DEBUG qt.scenegraph.time.renderloop: [window 0x7f380ef04e40][gui thread] polishAndSync: start, elapsed since last call: 7 ms
2026-07-14 19:22:24.368 DEBUG qt.scenegraph.time.renderloop: [window 0x7f380ef04e40][render thread 0x7f380ed86040] syncAndRender: start, elapsed since last call: 7 ms
2026-07-14 19:22:24.368 DEBUG qt.scenegraph.time.renderloop: [window 0x7f380ef04e40][gui thread] Frame prepared, polish=0 ms, lock=0 ms, blockedForSync=0 ms, animations=0 ms
2026-07-14 19:22:24.368 DEBUG qt.scenegraph.time.renderer: time in renderer: total=0ms, preprocess=0, updates=0, rendering=0
2026-07-14 19:22:24.375 DEBUG qt.scenegraph.time.renderloop: [window 0x7f380ef04e40][render thread 0x7f380ed86040] syncAndRender: frame rendered in 6ms, sync=0, render=0, swap=6
2026-07-14 19:22:24.375 DEBUG qt.scenegraph.time.renderloop: [window 0x7f380ef04e40][gui thread] polishAndSync: start, elapsed since last call: 6 ms
2026-07-14 19:22:24.375 DEBUG qt.scenegraph.time.renderloop: [window 0x7f380ef04e40][render thread 0x7f380ed86040] syncAndRender: start, elapsed since last call: 7 ms
2026-07-14 19:22:24.375 DEBUG qt.scenegraph.time.renderloop: [window 0x7f380ef04e40][gui thread] Frame prepared, polish=0 ms, lock=0 ms, blockedForSync=0 ms, animations=0 ms
2026-07-14 19:22:24.375 DEBUG qt.scenegraph.time.renderer: time in renderer: total=0ms, preprocess=0, updates=0, rendering=0
2026-07-14 19:22:24.382 DEBUG qt.scenegraph.time.renderloop: [window 0x7f380ef04e40][render thread 0x7f380ed86040] syncAndRender: frame rendered in 6ms, sync=0, render=0, swap=6
2026-07-14 19:22:24.382 DEBUG qt.scenegraph.time.renderloop: [window 0x7f380ef04e40][gui thread] polishAndSync: start, elapsed since last call: 6 ms
2026-07-14 19:22:24.382 DEBUG qt.scenegraph.time.renderloop: [window 0x7f380ef04e40][render thread 0x7f380ed86040] syncAndRender: start, elapsed since last call: 6 ms
2026-07-14 19:22:24.382 DEBUG qt.scenegraph.time.renderloop: [window 0x7f380ef04e40][gui thread] Frame prepared, polish=0 ms, lock=0 ms, blockedForSync=0 ms, animations=0 ms
2026-07-14 19:22:24.382 DEBUG qt.scenegraph.time.renderer: time in renderer: total=0ms, preprocess=0, updates=0, rendering=0
2026-07-14 19:22:24.389 DEBUG qt.scenegraph.time.renderloop: [window 0x7f380ef04e40][gui thread] polishAndSync: start, elapsed since last call: 6 ms
2026-07-14 19:22:24.389 DEBUG qt.scenegraph.time.renderloop: [window 0x7f380ef04e40][render thread 0x7f380ed86040] syncAndRender: frame rendered in 6ms, sync=0, render=0, swap=6
2026-07-14 19:22:24.389 DEBUG qt.scenegraph.time.renderloop: [window 0x7f380ef04e40][render thread 0x7f380ed86040] syncAndRender: start, elapsed since last call: 6 ms
2026-07-14 19:22:24.389 DEBUG qt.scenegraph.time.renderloop: [window 0x7f380ef04e40][gui thread] Frame prepared, polish=0 ms, lock=0 ms, blockedForSync=0 ms, animations=0 ms
2026-07-14 19:22:24.389 DEBUG qt.scenegraph.time.renderer: time in renderer: total=0ms, preprocess=0, updates=0, rendering=0
2026-07-14 19:22:24.396 DEBUG qt.scenegraph.time.renderloop: [window 0x7f380ef04e40][gui thread] polishAndSync: start, elapsed since last call: 7 ms
2026-07-14 19:22:24.396 DEBUG qt.scenegraph.time.renderloop: [window 0x7f380ef04e40][render thread 0x7f380ed86040] syncAndRender: frame rendered in 7ms, sync=0, render=0, swap=7
2026-07-14 19:22:24.396 DEBUG qt.scenegraph.time.renderloop: [window 0x7f380ef04e40][render thread 0x7f380ed86040] syncAndRender: start, elapsed since last call: 7 ms
2026-07-14 19:22:24.396 DEBUG qt.scenegraph.time.renderloop: [window 0x7f380ef04e40][gui thread] Frame prepared, polish=0 ms, lock=0 ms, blockedForSync=0 ms, animations=0 ms
2026-07-14 19:22:24.396 DEBUG qt.scenegraph.time.renderer: time in renderer: total=0ms, preprocess=0, updates=0, rendering=0
2026-07-14 19:22:24.403 DEBUG qt.scenegraph.time.renderloop: [window 0x7f380ef04e40][gui thread] polishAndSync: start, elapsed since last call: 6 ms
2026-07-14 19:22:24.403 DEBUG qt.scenegraph.time.renderloop: [window 0x7f380ef04e40][render thread 0x7f380ed86040] syncAndRender: frame rendered in 6ms, sync=0, render=0, swap=6
2026-07-14 19:22:24.403 DEBUG qt.scenegraph.time.renderloop: [window 0x7f380ef04e40][render thread 0x7f380ed86040] syncAndRender: start, elapsed since last call: 6 ms
2026-07-14 19:22:24.403 DEBUG qt.scenegraph.time.renderloop: [window 0x7f380ef04e40][gui thread] Frame prepared, polish=0 ms, lock=0 ms, blockedForSync=0 ms, animations=0 ms
2026-07-14 19:22:24.403 DEBUG qt.scenegraph.time.renderer: time in renderer: total=0ms, preprocess=0, updates=0, rendering=0
2026-07-14 19:22:24.410 DEBUG qt.scenegraph.time.renderloop: [window 0x7f380ef04e40][gui thread] polishAndSync: start, elapsed since last call: 6 ms
2026-07-14 19:22:24.410 DEBUG qt.scenegraph.time.renderloop: [window 0x7f380ef04e40][render thread 0x7f380ed86040] syncAndRender: frame rendered in 6ms, sync=0, render=0, swap=6
2026-07-14 19:22:24.412 DEBUG qt.scenegraph.time.renderloop: [window 0x7f380ef04e40][render thread 0x7f380ed86040] syncAndRender: start, elapsed since last call: 9 ms
2026-07-14 19:22:24.412 DEBUG qt.scenegraph.time.renderloop: [window 0x7f380ef04e40][gui thread] Frame prepared, polish=2 ms, lock=0 ms, blockedForSync=0 ms, animations=0 ms
2026-07-14 19:22:24.412 DEBUG qt.scenegraph.time.renderer: time in renderer: total=0ms, preprocess=0, updates=0, rendering=0
2026-07-14 19:22:24.417 DEBUG qt.scenegraph.time.renderloop: [window 0x7f380ef04e40][gui thread] polishAndSync: start, elapsed since last call: 7 ms
2026-07-14 19:22:24.417 DEBUG qt.scenegraph.time.renderloop: [window 0x7f380ef04e40][render thread 0x7f380ed86040] syncAndRender: frame rendered in 4ms, sync=0, render=0, swap=4
2026-07-14 19:22:24.417 DEBUG qt.scenegraph.time.renderloop: [window 0x7f380ef04e40][render thread 0x7f380ed86040] syncAndRender: start, elapsed since last call: 4 ms
2026-07-14 19:22:24.417 DEBUG qt.scenegraph.time.renderloop: [window 0x7f380ef04e40][gui thread] Frame prepared, polish=0 ms, lock=0 ms, blockedForSync=0 ms, animations=0 ms
2026-07-14 19:22:24.417 DEBUG qt.scenegraph.time.renderer: time in renderer: total=0ms, preprocess=0, updates=0, rendering=0
2026-07-14 19:22:24.424 DEBUG qt.scenegraph.time.renderloop: [window 0x7f380ef04e40][gui thread] polishAndSync: start, elapsed since last call: 6 ms
2026-07-14 19:22:24.424 DEBUG qt.scenegraph.time.renderloop: [window 0x7f380ef04e40][render thread 0x7f380ed86040] syncAndRender: frame rendered in 6ms, sync=0, render=0, swap=6
2026-07-14 19:22:24.424 DEBUG qt.scenegraph.time.renderloop: [window 0x7f380ef04e40][render thread 0x7f380ed86040] syncAndRender: start, elapsed since last call: 6 ms
2026-07-14 19:22:24.424 DEBUG qt.scenegraph.time.renderloop: [window 0x7f380ef04e40][gui thread] Frame prepared, polish=0 ms, lock=0 ms, blockedForSync=0 ms, animations=0 ms
2026-07-14 19:22:24.424 DEBUG qt.scenegraph.time.renderer: time in renderer: total=0ms, preprocess=0, updates=0, rendering=0
2026-07-14 19:22:24.430 DEBUG qt.scenegraph.time.renderloop: [window 0x7f380ef04e40][gui thread] polishAndSync: start, elapsed since last call: 6 ms
2026-07-14 19:22:24.430 DEBUG qt.scenegraph.time.renderloop: [window 0x7f380ef04e40][render thread 0x7f380ed86040] syncAndRender: frame rendered in 6ms, sync=0, render=0, swap=6
2026-07-14 19:22:24.430 DEBUG qt.scenegraph.time.renderloop: [window 0x7f380ef04e40][render thread 0x7f380ed86040] syncAndRender: start, elapsed since last call: 6 ms
2026-07-14 19:22:24.430 DEBUG qt.scenegraph.time.renderloop: [window 0x7f380ef04e40][gui thread] Frame prepared, polish=0 ms, lock=0 ms, blockedForSync=0 ms, animations=0 ms
2026-07-14 19:22:24.431 DEBUG qt.scenegraph.time.renderer: time in renderer: total=0ms, preprocess=0, updates=0, rendering=0
2026-07-14 19:22:24.437 DEBUG qt.scenegraph.time.renderloop: [window 0x7f380ef04e40][gui thread] polishAndSync: start, elapsed since last call: 6 ms
2026-07-14 19:22:24.437 DEBUG qt.scenegraph.time.renderloop: [window 0x7f380ef04e40][render thread 0x7f380ed86040] syncAndRender: frame rendered in 6ms, sync=0, render=0, swap=6
2026-07-14 19:22:24.437 DEBUG qt.scenegraph.time.renderloop: [window 0x7f380ef04e40][render thread 0x7f380ed86040] syncAndRender: start, elapsed since last call: 6 ms
2026-07-14 19:22:24.437 DEBUG qt.scenegraph.time.renderloop: [window 0x7f380ef04e40][gui thread] Frame prepared, polish=0 ms, lock=0 ms, blockedForSync=0 ms, animations=0 ms
2026-07-14 19:22:24.438 DEBUG qt.scenegraph.time.renderer: time in renderer: total=0ms, preprocess=0, updates=0, rendering=0
2026-07-14 19:22:24.444 DEBUG qt.scenegraph.time.renderloop: [window 0x7f380ef04e40][gui thread] polishAndSync: start, elapsed since last call: 6 ms
2026-07-14 19:22:24.444 DEBUG qt.scenegraph.time.renderloop: [window 0x7f380ef04e40][render thread 0x7f380ed86040] syncAndRender: frame rendered in 6ms, sync=0, render=0, swap=6
2026-07-14 19:22:24.445 DEBUG qt.scenegraph.time.renderloop: [window 0x7f380ef04e40][render thread 0x7f380ed86040] syncAndRender: start, elapsed since last call: 7 ms
2026-07-14 19:22:24.445 DEBUG qt.scenegraph.time.renderloop: [window 0x7f380ef04e40][gui thread] Frame prepared, polish=0 ms, lock=0 ms, blockedForSync=0 ms, animations=0 ms
2026-07-14 19:22:24.445 DEBUG qt.scenegraph.time.renderer: time in renderer: total=0ms, preprocess=0, updates=0, rendering=0
2026-07-14 19:22:24.451 DEBUG qt.scenegraph.time.renderloop: [window 0x7f380ef04e40][gui thread] polishAndSync: start, elapsed since last call: 6 ms
2026-07-14 19:22:24.451 DEBUG qt.scenegraph.time.renderloop: [window 0x7f380ef04e40][render thread 0x7f380ed86040] syncAndRender: frame rendered in 6ms, sync=0, render=0, swap=6
2026-07-14 19:22:24.451 DEBUG qt.scenegraph.time.renderloop: [window 0x7f380ef04e40][render thread 0x7f380ed86040] syncAndRender: start, elapsed since last call: 6 ms
2026-07-14 19:22:24.451 DEBUG qt.scenegraph.time.renderloop: [window 0x7f380ef04e40][gui thread] Frame prepared, polish=0 ms, lock=0 ms, blockedForSync=0 ms, animations=0 ms
2026-07-14 19:22:24.451 DEBUG qt.scenegraph.time.renderer: time in renderer: total=0ms, preprocess=0, updates=0, rendering=0
2026-07-14 19:22:24.458 DEBUG qt.scenegraph.time.renderloop: [window 0x7f380ef04e40][gui thread] polishAndSync: start, elapsed since last call: 6 ms
2026-07-14 19:22:24.458 DEBUG qt.scenegraph.time.renderloop: [window 0x7f380ef04e40][render thread 0x7f380ed86040] syncAndRender: frame rendered in 6ms, sync=0, render=0, swap=6
2026-07-14 19:22:24.458 DEBUG qt.scenegraph.time.renderloop: [window 0x7f380ef04e40][render thread 0x7f380ed86040] syncAndRender: start, elapsed since last call: 6 ms
2026-07-14 19:22:24.458 DEBUG qt.scenegraph.time.renderloop: [window 0x7f380ef04e40][gui thread] Frame prepared, polish=0 ms, lock=0 ms, blockedForSync=0 ms, animations=0 ms
2026-07-14 19:22:24.458 DEBUG qt.scenegraph.time.renderer: time in renderer: total=0ms, preprocess=0, updates=0, rendering=0
2026-07-14 19:22:24.465 DEBUG qt.scenegraph.time.renderloop: [window 0x7f380ef04e40][gui thread] polishAndSync: start, elapsed since last call: 6 ms
2026-07-14 19:22:24.465 DEBUG qt.scenegraph.time.renderloop: [window 0x7f380ef04e40][render thread 0x7f380ed86040] syncAndRender: frame rendered in 6ms, sync=0, render=0, swap=6
2026-07-14 19:22:24.465 DEBUG qt.scenegraph.time.renderloop: [window 0x7f380ef04e40][render thread 0x7f380ed86040] syncAndRender: start, elapsed since last call: 6 ms
2026-07-14 19:22:24.465 DEBUG qt.scenegraph.time.renderloop: [window 0x7f380ef04e40][gui thread] Frame prepared, polish=0 ms, lock=0 ms, blockedForSync=0 ms, animations=0 ms
2026-07-14 19:22:24.465 DEBUG qt.scenegraph.time.renderer: time in renderer: total=0ms, preprocess=0, updates=0, rendering=0
2026-07-14 19:22:24.472 DEBUG qt.scenegraph.time.renderloop: [window 0x7f380ef04e40][gui thread] polishAndSync: start, elapsed since last call: 7 ms
2026-07-14 19:22:24.472 DEBUG qt.scenegraph.time.renderloop: [window 0x7f380ef04e40][render thread 0x7f380ed86040] syncAndRender: frame rendered in 6ms, sync=0, render=0, swap=6
2026-07-14 19:22:24.473 DEBUG qt.scenegraph.time.renderloop: [window 0x7f380ef04e40][render thread 0x7f380ed86040] syncAndRender: start, elapsed since last call: 7 ms
2026-07-14 19:22:24.473 DEBUG qt.scenegraph.time.renderloop: [window 0x7f380ef04e40][gui thread] Frame prepared, polish=0 ms, lock=0 ms, blockedForSync=0 ms, animations=0 ms
2026-07-14 19:22:24.473 DEBUG qt.scenegraph.time.renderer: time in renderer: total=0ms, preprocess=0, updates=0, rendering=0
2026-07-14 19:22:24.479 DEBUG qt.scenegraph.time.renderloop: [window 0x7f380ef04e40][gui thread] polishAndSync: start, elapsed since last call: 6 ms
2026-07-14 19:22:24.479 DEBUG qt.scenegraph.time.renderloop: [window 0x7f380ef04e40][render thread 0x7f380ed86040] syncAndRender: frame rendered in 6ms, sync=0, render=0, swap=6
2026-07-14 19:22:24.479 DEBUG qt.scenegraph.time.renderloop: [window 0x7f380ef04e40][render thread 0x7f380ed86040] syncAndRender: start, elapsed since last call: 6 ms
2026-07-14 19:22:24.479 DEBUG qt.scenegraph.time.renderloop: [window 0x7f380ef04e40][gui thread] Frame prepared, polish=0 ms, lock=0 ms, blockedForSync=0 ms, animations=0 ms
2026-07-14 19:22:24.479 DEBUG qt.scenegraph.time.renderer: time in renderer: total=0ms, preprocess=0, updates=0, rendering=0
2026-07-14 19:22:24.486 DEBUG qt.scenegraph.time.renderloop: [window 0x7f380ef04e40][gui thread] polishAndSync: start, elapsed since last call: 7 ms
2026-07-14 19:22:24.486 DEBUG qt.scenegraph.time.renderloop: [window 0x7f380ef04e40][render thread 0x7f380ed86040] syncAndRender: frame rendered in 7ms, sync=0, render=0, swap=6
2026-07-14 19:22:24.486 DEBUG qt.scenegraph.time.renderloop: [window 0x7f380ef04e40][render thread 0x7f380ed86040] syncAndRender: start, elapsed since last call: 7 ms
2026-07-14 19:22:24.486 DEBUG qt.scenegraph.time.renderloop: [window 0x7f380ef04e40][gui thread] Frame prepared, polish=0 ms, lock=0 ms, blockedForSync=0 ms, animations=0 ms
2026-07-14 19:22:24.486 DEBUG qt.scenegraph.time.renderer: time in renderer: total=0ms, preprocess=0, updates=0, rendering=0
2026-07-14 19:22:24.493 DEBUG qt.scenegraph.time.renderloop: [window 0x7f380ef04e40][gui thread] polishAndSync: start, elapsed since last call: 6 ms
2026-07-14 19:22:24.493 DEBUG qt.scenegraph.time.renderloop: [window 0x7f380ef04e40][render thread 0x7f380ed86040] syncAndRender: frame rendered in 6ms, sync=0, render=0, swap=6
2026-07-14 19:22:24.493 DEBUG qt.scenegraph.time.renderloop: [window 0x7f380ef04e40][render thread 0x7f380ed86040] syncAndRender: start, elapsed since last call: 6 ms
2026-07-14 19:22:24.493 DEBUG qt.scenegraph.time.renderloop: [window 0x7f380ef04e40][gui thread] Frame prepared, polish=0 ms, lock=0 ms, blockedForSync=0 ms, animations=0 ms
2026-07-14 19:22:24.493 DEBUG qt.scenegraph.time.renderer: time in renderer: total=0ms, preprocess=0, updates=0, rendering=0
2026-07-14 19:22:24.500 DEBUG qt.scenegraph.time.renderloop: [window 0x7f380ef04e40][gui thread] polishAndSync: start, elapsed since last call: 7 ms
2026-07-14 19:22:24.500 DEBUG qt.scenegraph.time.renderloop: [window 0x7f380ef04e40][render thread 0x7f380ed86040] syncAndRender: frame rendered in 6ms, sync=0, render=0, swap=6
2026-07-14 19:22:24.500 DEBUG qt.scenegraph.time.renderloop: [window 0x7f380ef04e40][render thread 0x7f380ed86040] syncAndRender: start, elapsed since last call: 6 ms
2026-07-14 19:22:24.500 DEBUG qt.scenegraph.time.renderloop: [window 0x7f380ef04e40][gui thread] Frame prepared, polish=0 ms, lock=0 ms, blockedForSync=0 ms, animations=0 ms
2026-07-14 19:22:24.500 DEBUG qt.scenegraph.time.renderer: time in renderer: total=0ms, preprocess=0, updates=0, rendering=0
2026-07-14 19:22:24.507 DEBUG qt.scenegraph.time.renderloop: [window 0x7f380ef04e40][render thread 0x7f380ed86040] syncAndRender: frame rendered in 6ms, sync=0, render=0, swap=6
2026-07-14 19:22:24.507 DEBUG qt.scenegraph.time.renderloop: [window 0x7f380ef04e40][gui thread] polishAndSync: start, elapsed since last call: 6 ms
2026-07-14 19:22:24.507 DEBUG qt.scenegraph.time.renderloop: [window 0x7f380ef04e40][render thread 0x7f380ed86040] syncAndRender: start, elapsed since last call: 7 ms
2026-07-14 19:22:24.507 DEBUG qt.scenegraph.time.renderloop: [window 0x7f380ef04e40][gui thread] Frame prepared, polish=0 ms, lock=0 ms, blockedForSync=0 ms, animations=0 ms
2026-07-14 19:22:24.507 DEBUG qt.scenegraph.time.renderer: time in renderer: total=0ms, preprocess=0, updates=0, rendering=0
2026-07-14 19:22:24.514 DEBUG qt.scenegraph.time.renderloop: [window 0x7f380ef04e40][gui thread] polishAndSync: start, elapsed since last call: 6 ms
2026-07-14 19:22:24.514 DEBUG qt.scenegraph.time.renderloop: [window 0x7f380ef04e40][render thread 0x7f380ed86040] syncAndRender: frame rendered in 6ms, sync=0, render=0, swap=6
2026-07-14 19:22:24.514 DEBUG qt.scenegraph.time.renderloop: [window 0x7f380ef04e40][render thread 0x7f380ed86040] syncAndRender: start, elapsed since last call: 6 ms
2026-07-14 19:22:24.514 DEBUG qt.scenegraph.time.renderloop: [window 0x7f380ef04e40][gui thread] Frame prepared, polish=0 ms, lock=0 ms, blockedForSync=0 ms, animations=0 ms
2026-07-14 19:22:24.514 DEBUG qt.scenegraph.time.renderer: time in renderer: total=0ms, preprocess=0, updates=0, rendering=0
2026-07-14 19:22:24.521 DEBUG qt.scenegraph.time.renderloop: [window 0x7f380ef04e40][gui thread] polishAndSync: start, elapsed since last call: 6 ms
2026-07-14 19:22:24.521 DEBUG qt.scenegraph.time.renderloop: [window 0x7f380ef04e40][render thread 0x7f380ed86040] syncAndRender: frame rendered in 6ms, sync=0, render=0, swap=6
2026-07-14 19:22:24.521 DEBUG qt.scenegraph.time.renderloop: [window 0x7f380ef04e40][render thread 0x7f380ed86040] syncAndRender: start, elapsed since last call: 6 ms
2026-07-14 19:22:24.521 DEBUG qt.scenegraph.time.renderloop: [window 0x7f380ef04e40][gui thread] Frame prepared, polish=0 ms, lock=0 ms, blockedForSync=0 ms, animations=0 ms
2026-07-14 19:22:24.521 DEBUG qt.scenegraph.time.renderer: time in renderer: total=0ms, preprocess=0, updates=0, rendering=0
2026-07-14 19:22:24.528 DEBUG qt.scenegraph.time.renderloop: [window 0x7f380ef04e40][gui thread] polishAndSync: start, elapsed since last call: 7 ms
2026-07-14 19:22:24.528 DEBUG qt.scenegraph.time.renderloop: [window 0x7f380ef04e40][render thread 0x7f380ed86040] syncAndRender: frame rendered in 7ms, sync=0, render=0, swap=7
2026-07-14 19:22:24.528 DEBUG qt.scenegraph.time.renderloop: [window 0x7f380ef04e40][render thread 0x7f380ed86040] syncAndRender: start, elapsed since last call: 7 ms
2026-07-14 19:22:24.528 DEBUG qt.scenegraph.time.renderloop: [window 0x7f380ef04e40][gui thread] Frame prepared, polish=0 ms, lock=0 ms, blockedForSync=0 ms, animations=0 ms
2026-07-14 19:22:24.528 DEBUG qt.scenegraph.time.renderer: time in renderer: total=0ms, preprocess=0, updates=0, rendering=0
2026-07-14 19:22:24.535 DEBUG qt.scenegraph.time.renderloop: [window 0x7f380ef04e40][gui thread] polishAndSync: start, elapsed since last call: 6 ms
2026-07-14 19:22:24.535 DEBUG qt.scenegraph.time.renderloop: [window 0x7f380ef04e40][render thread 0x7f380ed86040] syncAndRender: frame rendered in 6ms, sync=0, render=0, swap=6
2026-07-14 19:22:24.535 DEBUG qt.scenegraph.time.renderloop: [window 0x7f380ef04e40][render thread 0x7f380ed86040] syncAndRender: start, elapsed since last call: 6 ms
2026-07-14 19:22:24.535 DEBUG qt.scenegraph.time.renderloop: [window 0x7f380ef04e40][gui thread] Frame prepared, polish=0 ms, lock=0 ms, blockedForSync=0 ms, animations=0 ms
2026-07-14 19:22:24.535 DEBUG qt.scenegraph.time.renderer: time in renderer: total=0ms, preprocess=0, updates=0, rendering=0
2026-07-14 19:22:24.542 DEBUG qt.scenegraph.time.renderloop: [window 0x7f380ef04e40][gui thread] polishAndSync: start, elapsed since last call: 7 ms
2026-07-14 19:22:24.542 DEBUG qt.scenegraph.time.renderloop: [window 0x7f380ef04e40][render thread 0x7f380ed86040] syncAndRender: frame rendered in 6ms, sync=0, render=0, swap=6
2026-07-14 19:22:24.542 DEBUG qt.scenegraph.time.renderloop: [window 0x7f380ef04e40][render thread 0x7f380ed86040] syncAndRender: start, elapsed since last call: 7 ms
2026-07-14 19:22:24.542 DEBUG qt.scenegraph.time.renderloop: [window 0x7f380ef04e40][gui thread] Frame prepared, polish=0 ms, lock=0 ms, blockedForSync=0 ms, animations=0 ms
2026-07-14 19:22:24.542 DEBUG qt.scenegraph.time.renderer: time in renderer: total=0ms, preprocess=0, updates=0, rendering=0
2026-07-14 19:22:24.549 DEBUG qt.scenegraph.time.renderloop: [window 0x7f380ef04e40][gui thread] polishAndSync: start, elapsed since last call: 6 ms
2026-07-14 19:22:24.549 DEBUG qt.scenegraph.time.renderloop: [window 0x7f380ef04e40][render thread 0x7f380ed86040] syncAndRender: frame rendered in 6ms, sync=0, render=0, swap=6
2026-07-14 19:22:24.549 DEBUG qt.scenegraph.time.renderloop: [window 0x7f380ef04e40][render thread 0x7f380ed86040] syncAndRender: start, elapsed since last call: 6 ms
2026-07-14 19:22:24.549 DEBUG qt.scenegraph.time.renderloop: [window 0x7f380ef04e40][gui thread] Frame prepared, polish=0 ms, lock=0 ms, blockedForSync=0 ms, animations=0 ms
2026-07-14 19:22:24.549 DEBUG qt.scenegraph.time.renderer: time in renderer: total=0ms, preprocess=0, updates=0, rendering=0
2026-07-14 19:22:24.556 DEBUG qt.scenegraph.time.renderloop: [window 0x7f380ef04e40][gui thread] polishAndSync: start, elapsed since last call: 6 ms
2026-07-14 19:22:24.556 DEBUG qt.scenegraph.time.renderloop: [window 0x7f380ef04e40][render thread 0x7f380ed86040] syncAndRender: frame rendered in 6ms, sync=0, render=0, swap=6
2026-07-14 19:22:24.556 DEBUG qt.scenegraph.time.renderloop: [window 0x7f380ef04e40][render thread 0x7f380ed86040] syncAndRender: start, elapsed since last call: 6 ms
2026-07-14 19:22:24.556 DEBUG qt.scenegraph.time.renderloop: [window 0x7f380ef04e40][gui thread] Frame prepared, polish=0 ms, lock=0 ms, blockedForSync=0 ms, animations=0 ms
2026-07-14 19:22:24.556 DEBUG qt.scenegraph.time.renderer: time in renderer: total=0ms, preprocess=0, updates=0, rendering=0
2026-07-14 19:22:24.563 DEBUG qt.scenegraph.time.renderloop: [window 0x7f380ef04e40][gui thread] polishAndSync: start, elapsed since last call: 6 ms
2026-07-14 19:22:24.563 DEBUG qt.scenegraph.time.renderloop: [window 0x7f380ef04e40][render thread 0x7f380ed86040] syncAndRender: frame rendered in 6ms, sync=0, render=0, swap=6
2026-07-14 19:22:24.563 DEBUG qt.scenegraph.time.renderloop: [window 0x7f380ef04e40][render thread 0x7f380ed86040] syncAndRender: start, elapsed since last call: 6 ms
2026-07-14 19:22:24.563 DEBUG qt.scenegraph.time.renderloop: [window 0x7f380ef04e40][gui thread] Frame prepared, polish=0 ms, lock=0 ms, blockedForSync=0 ms, animations=0 ms
2026-07-14 19:22:24.563 DEBUG qt.scenegraph.time.renderer: time in renderer: total=0ms, preprocess=0, updates=0, rendering=0
2026-07-14 19:22:24.569 DEBUG qt.scenegraph.time.renderloop: [window 0x7f380ef04e40][gui thread] polishAndSync: start, elapsed since last call: 6 ms
2026-07-14 19:22:24.570 DEBUG qt.scenegraph.time.renderloop: [window 0x7f380ef04e40][render thread 0x7f380ed86040] syncAndRender: frame rendered in 6ms, sync=0, render=0, swap=6
2026-07-14 19:22:24.570 DEBUG qt.scenegraph.time.renderloop: [window 0x7f380ef04e40][render thread 0x7f380ed86040] syncAndRender: start, elapsed since last call: 7 ms
2026-07-14 19:22:24.570 DEBUG qt.scenegraph.time.renderloop: [window 0x7f380ef04e40][gui thread] Frame prepared, polish=0 ms, lock=0 ms, blockedForSync=0 ms, animations=0 ms
2026-07-14 19:22:24.570 DEBUG qt.scenegraph.time.renderer: time in renderer: total=0ms, preprocess=0, updates=0, rendering=0
2026-07-14 19:22:24.576 DEBUG qt.scenegraph.time.renderloop: [window 0x7f380ef04e40][gui thread] polishAndSync: start, elapsed since last call: 6 ms
2026-07-14 19:22:24.576 DEBUG qt.scenegraph.time.renderloop: [window 0x7f380ef04e40][render thread 0x7f380ed86040] syncAndRender: frame rendered in 6ms, sync=0, render=0, swap=6
2026-07-14 19:22:24.576 DEBUG qt.scenegraph.time.renderloop: [window 0x7f380ef04e40][render thread 0x7f380ed86040] syncAndRender: start, elapsed since last call: 6 ms
2026-07-14 19:22:24.576 DEBUG qt.scenegraph.time.renderloop: [window 0x7f380ef04e40][gui thread] Frame prepared, polish=0 ms, lock=0 ms, blockedForSync=0 ms, animations=0 ms
2026-07-14 19:22:24.577 DEBUG qt.scenegraph.time.renderer: time in renderer: total=0ms, preprocess=0, updates=0, rendering=0
2026-07-14 19:22:24.583 DEBUG qt.scenegraph.time.renderloop: [window 0x7f380ef04e40][render thread 0x7f380ed86040] syncAndRender: frame rendered in 6ms, sync=0, render=0, swap=6
2026-07-14 19:22:24.599 DEBUG qt.scenegraph.time.renderloop: [window 0x7f380ef04e40][gui thread] polishAndSync: start, elapsed since last call: 22 ms
2026-07-14 19:22:24.599 DEBUG qt.scenegraph.time.renderloop: [window 0x7f380ef04e40][render thread 0x7f380ed86040] syncAndRender: start, elapsed since last call: 22 ms
2026-07-14 19:22:24.599 DEBUG qt.scenegraph.time.renderloop: [window 0x7f380ef04e40][gui thread] Frame prepared, polish=0 ms, lock=0 ms, blockedForSync=0 ms, animations=0 ms
2026-07-14 19:22:24.599 DEBUG qt.scenegraph.time.renderer: time in renderer: total=0ms, preprocess=0, updates=0, rendering=0
2026-07-14 19:22:24.599 DEBUG qt.scenegraph.time.renderloop: [window 0x7f380ef04e40][render thread 0x7f380ed86040] syncAndRender: frame rendered in 0ms, sync=0, render=0, swap=0
2026-07-14 19:22:24.604 DEBUG qt.scenegraph.time.renderloop: [window 0x7f380ef04e40][gui thread] polishAndSync: start, elapsed since last call: 5 ms
2026-07-14 19:22:24.604 DEBUG qt.scenegraph.time.renderloop: [window 0x7f380ef04e40][render thread 0x7f380ed86040] syncAndRender: start, elapsed since last call: 5 ms
2026-07-14 19:22:24.604 DEBUG qt.scenegraph.time.renderloop: [window 0x7f380ef04e40][gui thread] Frame prepared, polish=0 ms, lock=0 ms, blockedForSync=0 ms, animations=0 ms
2026-07-14 19:22:24.604 DEBUG qt.scenegraph.time.renderer: time in renderer: total=0ms, preprocess=0, updates=0, rendering=0
2026-07-14 19:22:24.605 DEBUG qt.scenegraph.time.renderloop: [window 0x7f380ef04e40][render thread 0x7f380ed86040] syncAndRender: frame rendered in 0ms, sync=0, render=0, swap=0
2026-07-14 19:22:24.631 DEBUG qt.scenegraph.time.renderloop: [window 0x7f380ef04e40][gui thread] polishAndSync: start, elapsed since last call: 27 ms
2026-07-14 19:22:24.632 DEBUG qt.scenegraph.time.renderloop: [window 0x7f380ef04e40][render thread 0x7f380ed86040] syncAndRender: start, elapsed since last call: 27 ms
2026-07-14 19:22:24.632 DEBUG qt.scenegraph.time.renderloop: [window 0x7f380ef04e40][gui thread] Frame prepared, polish=0 ms, lock=0 ms, blockedForSync=0 ms, animations=0 ms
2026-07-14 19:22:24.632 DEBUG qt.scenegraph.time.renderer: time in renderer: total=0ms, preprocess=0, updates=0, rendering=0
2026-07-14 19:22:24.632 DEBUG qt.scenegraph.time.renderloop: [window 0x7f380ef04e40][render thread 0x7f380ed86040] syncAndRender: frame rendered in 0ms, sync=0, render=0, swap=0
2026-07-14 19:22:24.639 DEBUG qt.scenegraph.time.renderloop: [window 0x7f380ef04e40][gui thread] polishAndSync: start, elapsed since last call: 7 ms
2026-07-14 19:22:24.639 DEBUG qt.scenegraph.time.renderloop: [window 0x7f380ef04e40][render thread 0x7f380ed86040] syncAndRender: start, elapsed since last call: 7 ms
2026-07-14 19:22:24.639 DEBUG qt.scenegraph.time.renderloop: [window 0x7f380ef04e40][gui thread] Frame prepared, polish=0 ms, lock=0 ms, blockedForSync=0 ms, animations=0 ms
2026-07-14 19:22:24.639 DEBUG qt.scenegraph.time.renderer: time in renderer: total=0ms, preprocess=0, updates=0, rendering=0
2026-07-14 19:22:24.640 DEBUG qt.scenegraph.time.renderloop: [window 0x7f380ef04e40][render thread 0x7f380ed86040] syncAndRender: frame rendered in 0ms, sync=0, render=0, swap=0
2026-07-14 19:22:24.665 DEBUG qt.scenegraph.time.renderloop: [window 0x7f380ef04e40][gui thread] polishAndSync: start, elapsed since last call: 26 ms
2026-07-14 19:22:24.666 DEBUG qt.scenegraph.time.renderloop: [window 0x7f380ef04e40][render thread 0x7f380ed86040] syncAndRender: start, elapsed since last call: 26 ms
2026-07-14 19:22:24.666 DEBUG qt.scenegraph.time.renderloop: [window 0x7f380ef04e40][gui thread] Frame prepared, polish=0 ms, lock=0 ms, blockedForSync=0 ms, animations=0 ms
2026-07-14 19:22:24.666 DEBUG qt.scenegraph.time.renderer: time in renderer: total=0ms, preprocess=0, updates=0, rendering=0
2026-07-14 19:22:24.666 DEBUG qt.scenegraph.time.renderloop: [window 0x7f380ef04e40][render thread 0x7f380ed86040] syncAndRender: frame rendered in 0ms, sync=0, render=0, swap=0
2026-07-14 19:22:24.667 DEBUG qt.scenegraph.time.renderloop: [window 0x7f380ef04e40][gui thread] polishAndSync: start, elapsed since last call: 1 ms
2026-07-14 19:22:24.667 DEBUG qt.scenegraph.time.renderloop: [window 0x7f380ef04e40][render thread 0x7f380ed86040] syncAndRender: start, elapsed since last call: 1 ms
2026-07-14 19:22:24.667 DEBUG qt.scenegraph.time.renderloop: [window 0x7f380ef04e40][gui thread] Frame prepared, polish=0 ms, lock=0 ms, blockedForSync=0 ms, animations=0 ms
2026-07-14 19:22:24.667 DEBUG qt.scenegraph.time.renderer: time in renderer: total=0ms, preprocess=0, updates=0, rendering=0
2026-07-14 19:22:24.667 DEBUG qt.scenegraph.time.renderloop: [window 0x7f380ef04e40][render thread 0x7f380ed86040] syncAndRender: frame rendered in 0ms, sync=0, render=0, swap=0
2026-07-14 19:22:24.698 DEBUG qt.scenegraph.time.renderloop: [window 0x7f380ef04e40][gui thread] polishAndSync: start, elapsed since last call: 31 ms
2026-07-14 19:22:24.698 DEBUG qt.scenegraph.time.renderloop: [window 0x7f380ef04e40][render thread 0x7f380ed86040] syncAndRender: start, elapsed since last call: 31 ms
2026-07-14 19:22:24.698 DEBUG qt.scenegraph.time.renderloop: [window 0x7f380ef04e40][gui thread] Frame prepared, polish=0 ms, lock=0 ms, blockedForSync=0 ms, animations=0 ms
2026-07-14 19:22:24.699 DEBUG qt.scenegraph.time.renderer: time in renderer: total=0ms, preprocess=0, updates=0, rendering=0
2026-07-14 19:22:24.699 DEBUG qt.scenegraph.time.renderloop: [window 0x7f380ef04e40][render thread 0x7f380ed86040] syncAndRender: frame rendered in 0ms, sync=0, render=0, swap=0
2026-07-14 19:22:24.702 DEBUG qt.scenegraph.time.renderloop: [window 0x7f380ef04e40][gui thread] polishAndSync: start, elapsed since last call: 3 ms
2026-07-14 19:22:24.702 DEBUG qt.scenegraph.time.renderloop: [window 0x7f380ef04e40][render thread 0x7f380ed86040] syncAndRender: start, elapsed since last call: 3 ms
2026-07-14 19:22:24.702 DEBUG qt.scenegraph.time.renderloop: [window 0x7f380ef04e40][gui thread] Frame prepared, polish=0 ms, lock=0 ms, blockedForSync=0 ms, animations=0 ms
2026-07-14 19:22:24.702 DEBUG qt.scenegraph.time.renderer: time in renderer: total=0ms, preprocess=0, updates=0, rendering=0
2026-07-14 19:22:24.702 DEBUG qt.scenegraph.time.renderloop: [window 0x7f380ef04e40][render thread 0x7f380ed86040] syncAndRender: frame rendered in 0ms, sync=0, render=0, swap=0
2026-07-14 19:22:24.730 DEBUG qt.scenegraph.time.renderloop: [window 0x7f380ef04e40][gui thread] polishAndSync: start, elapsed since last call: 28 ms
2026-07-14 19:22:24.731 DEBUG qt.scenegraph.time.renderloop: [window 0x7f380ef04e40][render thread 0x7f380ed86040] syncAndRender: start, elapsed since last call: 28 ms
2026-07-14 19:22:24.731 DEBUG qt.scenegraph.time.renderloop: [window 0x7f380ef04e40][gui thread] Frame prepared, polish=0 ms, lock=0 ms, blockedForSync=0 ms, animations=0 ms
2026-07-14 19:22:24.731 DEBUG qt.scenegraph.time.renderer: time in renderer: total=0ms, preprocess=0, updates=0, rendering=0
2026-07-14 19:22:24.732 DEBUG qt.scenegraph.time.renderloop: [window 0x7f380ef04e40][render thread 0x7f380ed86040] syncAndRender: frame rendered in 0ms, sync=0, render=0, swap=0
2026-07-14 19:22:24.737 DEBUG qt.scenegraph.time.renderloop: [window 0x7f380ef04e40][gui thread] polishAndSync: start, elapsed since last call: 6 ms
2026-07-14 19:22:24.737 DEBUG qt.scenegraph.time.renderloop: [window 0x7f380ef04e40][render thread 0x7f380ed86040] syncAndRender: start, elapsed since last call: 5 ms
2026-07-14 19:22:24.737 DEBUG qt.scenegraph.time.renderloop: [window 0x7f380ef04e40][gui thread] Frame prepared, polish=0 ms, lock=0 ms, blockedForSync=0 ms, animations=0 ms
2026-07-14 19:22:24.737 DEBUG qt.scenegraph.time.renderer: time in renderer: total=0ms, preprocess=0, updates=0, rendering=0
2026-07-14 19:22:24.737 DEBUG qt.scenegraph.time.renderloop: [window 0x7f380ef04e40][render thread 0x7f380ed86040] syncAndRender: frame rendered in 0ms, sync=0, render=0, swap=0
2026-07-14 19:22:24.764 DEBUG qt.scenegraph.time.renderloop: [window 0x7f380ef04e40][gui thread] polishAndSync: start, elapsed since last call: 27 ms
2026-07-14 19:22:24.764 DEBUG qt.scenegraph.time.renderloop: [window 0x7f380ef04e40][render thread 0x7f380ed86040] syncAndRender: start, elapsed since last call: 27 ms
2026-07-14 19:22:24.764 DEBUG qt.scenegraph.time.renderloop: [window 0x7f380ef04e40][gui thread] Frame prepared, polish=0 ms, lock=0 ms, blockedForSync=0 ms, animations=0 ms
2026-07-14 19:22:24.764 DEBUG qt.scenegraph.time.renderer: time in renderer: total=0ms, preprocess=0, updates=0, rendering=0
2026-07-14 19:22:24.765 DEBUG qt.scenegraph.time.renderloop: [window 0x7f380ef04e40][render thread 0x7f380ed86040] syncAndRender: frame rendered in 0ms, sync=0, render=0, swap=0
2026-07-14 19:22:24.771 DEBUG qt.scenegraph.time.renderloop: [window 0x7f380ef04e40][gui thread] polishAndSync: start, elapsed since last call: 7 ms
2026-07-14 19:22:24.771 DEBUG qt.scenegraph.time.renderloop: [window 0x7f380ef04e40][render thread 0x7f380ed86040] syncAndRender: start, elapsed since last call: 7 ms
2026-07-14 19:22:24.771 DEBUG qt.scenegraph.time.renderloop: [window 0x7f380ef04e40][gui thread] Frame prepared, polish=0 ms, lock=0 ms, blockedForSync=0 ms, animations=0 ms
2026-07-14 19:22:24.771 DEBUG qt.scenegraph.time.renderer: time in renderer: total=0ms, preprocess=0, updates=0, rendering=0
2026-07-14 19:22:24.772 DEBUG qt.scenegraph.time.renderloop: [window 0x7f380ef04e40][render thread 0x7f380ed86040] syncAndRender: frame rendered in 0ms, sync=0, render=0, swap=0
2026-07-14 19:22:24.796 DEBUG qt.scenegraph.time.renderloop: [window 0x7f380ef04e40][gui thread] polishAndSync: start, elapsed since last call: 25 ms
2026-07-14 19:22:24.797 DEBUG qt.scenegraph.time.renderloop: [window 0x7f380ef04e40][render thread 0x7f380ed86040] syncAndRender: start, elapsed since last call: 25 ms
2026-07-14 19:22:24.797 DEBUG qt.scenegraph.time.renderloop: [window 0x7f380ef04e40][gui thread] Frame prepared, polish=0 ms, lock=0 ms, blockedForSync=0 ms, animations=0 ms
2026-07-14 19:22:24.797 DEBUG qt.scenegraph.time.renderer: time in renderer: total=0ms, preprocess=0, updates=0, rendering=0
2026-07-14 19:22:24.797 DEBUG qt.scenegraph.time.renderloop: [window 0x7f380ef04e40][render thread 0x7f380ed86040] syncAndRender: frame rendered in 0ms, sync=0, render=0, swap=0
2026-07-14 19:22:24.799 DEBUG qt.scenegraph.time.renderloop: [window 0x7f380ef04e40][gui thread] polishAndSync: start, elapsed since last call: 2 ms
2026-07-14 19:22:24.799 DEBUG qt.scenegraph.time.renderloop: [window 0x7f380ef04e40][render thread 0x7f380ed86040] syncAndRender: start, elapsed since last call: 2 ms
2026-07-14 19:22:24.799 DEBUG qt.scenegraph.time.renderloop: [window 0x7f380ef04e40][gui thread] Frame prepared, polish=0 ms, lock=0 ms, blockedForSync=0 ms, animations=0 ms
2026-07-14 19:22:24.799 DEBUG qt.scenegraph.time.renderer: time in renderer: total=0ms, preprocess=0, updates=0, rendering=0
2026-07-14 19:22:24.799 DEBUG qt.scenegraph.time.renderloop: [window 0x7f380ef04e40][render thread 0x7f380ed86040] syncAndRender: frame rendered in 0ms, sync=0, render=0, swap=0
2026-07-14 19:22:24.830 DEBUG qt.scenegraph.time.renderloop: [window 0x7f380ef04e40][gui thread] polishAndSync: start, elapsed since last call: 30 ms
2026-07-14 19:22:24.830 DEBUG qt.scenegraph.time.renderloop: [window 0x7f380ef04e40][render thread 0x7f380ed86040] syncAndRender: start, elapsed since last call: 31 ms
2026-07-14 19:22:24.830 DEBUG qt.scenegraph.time.renderloop: [window 0x7f380ef04e40][gui thread] Frame prepared, polish=0 ms, lock=0 ms, blockedForSync=0 ms, animations=0 ms
2026-07-14 19:22:24.830 DEBUG qt.scenegraph.time.renderer: time in renderer: total=0ms, preprocess=0, updates=0, rendering=0
2026-07-14 19:22:24.831 DEBUG qt.scenegraph.time.renderloop: [window 0x7f380ef04e40][render thread 0x7f380ed86040] syncAndRender: frame rendered in 0ms, sync=0, render=0, swap=0
2026-07-14 19:22:24.834 DEBUG qt.scenegraph.time.renderloop: [window 0x7f380ef04e40][gui thread] polishAndSync: start, elapsed since last call: 3 ms
2026-07-14 19:22:24.834 DEBUG qt.scenegraph.time.renderloop: [window 0x7f380ef04e40][render thread 0x7f380ed86040] syncAndRender: start, elapsed since last call: 3 ms
2026-07-14 19:22:24.834 DEBUG qt.scenegraph.time.renderloop: [window 0x7f380ef04e40][gui thread] Frame prepared, polish=0 ms, lock=0 ms, blockedForSync=0 ms, animations=0 ms
2026-07-14 19:22:24.834 DEBUG qt.scenegraph.time.renderer: time in renderer: total=0ms, preprocess=0, updates=0, rendering=0
2026-07-14 19:22:24.834 DEBUG qt.scenegraph.time.renderloop: [window 0x7f380ef04e40][render thread 0x7f380ed86040] syncAndRender: frame rendered in 0ms, sync=0, render=0, swap=0
2026-07-14 19:22:24.863 DEBUG qt.scenegraph.time.renderloop: [window 0x7f380ef04e40][gui thread] polishAndSync: start, elapsed since last call: 29 ms
2026-07-14 19:22:24.863 DEBUG qt.scenegraph.time.renderloop: [window 0x7f380ef04e40][render thread 0x7f380ed86040] syncAndRender: start, elapsed since last call: 29 ms
2026-07-14 19:22:24.863 DEBUG qt.scenegraph.time.renderloop: [window 0x7f380ef04e40][gui thread] Frame prepared, polish=0 ms, lock=0 ms, blockedForSync=0 ms, animations=0 ms
2026-07-14 19:22:24.863 DEBUG qt.scenegraph.time.renderer: time in renderer: total=0ms, preprocess=0, updates=0, rendering=0
2026-07-14 19:22:24.863 DEBUG qt.scenegraph.time.renderloop: [window 0x7f380ef04e40][render thread 0x7f380ed86040] syncAndRender: frame rendered in 0ms, sync=0, render=0, swap=0
2026-07-14 19:22:24.868 DEBUG qt.scenegraph.time.renderloop: [window 0x7f380ef04e40][gui thread] polishAndSync: start, elapsed since last call: 5 ms
2026-07-14 19:22:24.868 DEBUG qt.scenegraph.time.renderloop: [window 0x7f380ef04e40][render thread 0x7f380ed86040] syncAndRender: start, elapsed since last call: 5 ms
2026-07-14 19:22:24.868 DEBUG qt.scenegraph.time.renderloop: [window 0x7f380ef04e40][gui thread] Frame prepared, polish=0 ms, lock=0 ms, blockedForSync=0 ms, animations=0 ms
2026-07-14 19:22:24.868 DEBUG qt.scenegraph.time.renderer: time in renderer: total=0ms, preprocess=0, updates=0, rendering=0
2026-07-14 19:22:24.869 DEBUG qt.scenegraph.time.renderloop: [window 0x7f380ef04e40][render thread 0x7f380ed86040] syncAndRender: frame rendered in 0ms, sync=0, render=0, swap=0
2026-07-14 19:22:24.895 DEBUG qt.scenegraph.time.renderloop: [window 0x7f380ef04e40][gui thread] polishAndSync: start, elapsed since last call: 27 ms
2026-07-14 19:22:24.896 DEBUG qt.scenegraph.time.renderloop: [window 0x7f380ef04e40][render thread 0x7f380ed86040] syncAndRender: start, elapsed since last call: 27 ms
2026-07-14 19:22:24.896 DEBUG qt.scenegraph.time.renderloop: [window 0x7f380ef04e40][gui thread] Frame prepared, polish=0 ms, lock=0 ms, blockedForSync=0 ms, animations=0 ms
2026-07-14 19:22:24.896 DEBUG qt.scenegraph.time.renderer: time in renderer: total=0ms, preprocess=0, updates=0, rendering=0
2026-07-14 19:22:24.896 DEBUG qt.scenegraph.time.renderloop: [window 0x7f380ef04e40][render thread 0x7f380ed86040] syncAndRender: frame rendered in 0ms, sync=0, render=0, swap=0
2026-07-14 19:22:24.903 DEBUG qt.scenegraph.time.renderloop: [window 0x7f380ef04e40][gui thread] polishAndSync: start, elapsed since last call: 7 ms
2026-07-14 19:22:24.903 DEBUG qt.scenegraph.time.renderloop: [window 0x7f380ef04e40][render thread 0x7f380ed86040] syncAndRender: start, elapsed since last call: 7 ms
2026-07-14 19:22:24.903 DEBUG qt.scenegraph.time.renderloop: [window 0x7f380ef04e40][gui thread] Frame prepared, polish=0 ms, lock=0 ms, blockedForSync=0 ms, animations=0 ms
2026-07-14 19:22:24.904 DEBUG qt.scenegraph.time.renderer: time in renderer: total=0ms, preprocess=0, updates=0, rendering=0
2026-07-14 19:22:24.904 DEBUG qt.scenegraph.time.renderloop: [window 0x7f380ef04e40][render thread 0x7f380ed86040] syncAndRender: frame rendered in 0ms, sync=0, render=0, swap=0
2026-07-14 19:22:24.928 DEBUG qt.scenegraph.time.renderloop: [window 0x7f380ef04e40][gui thread] polishAndSync: start, elapsed since last call: 24 ms
2026-07-14 19:22:24.929 DEBUG qt.scenegraph.time.renderloop: [window 0x7f380ef04e40][render thread 0x7f380ed86040] syncAndRender: start, elapsed since last call: 25 ms
2026-07-14 19:22:24.929 DEBUG qt.scenegraph.time.renderloop: [window 0x7f380ef04e40][gui thread] Frame prepared, polish=0 ms, lock=0 ms, blockedForSync=0 ms, animations=0 ms
2026-07-14 19:22:24.929 DEBUG qt.scenegraph.time.renderer: time in renderer: total=0ms, preprocess=0, updates=0, rendering=0
2026-07-14 19:22:24.929 DEBUG qt.scenegraph.time.renderloop: [window 0x7f380ef04e40][render thread 0x7f380ed86040] syncAndRender: frame rendered in 0ms, sync=0, render=0, swap=0
2026-07-14 19:22:24.931 DEBUG qt.scenegraph.time.renderloop: [window 0x7f380ef04e40][gui thread] polishAndSync: start, elapsed since last call: 2 ms
2026-07-14 19:22:24.931 DEBUG qt.scenegraph.time.renderloop: [window 0x7f380ef04e40][render thread 0x7f380ed86040] syncAndRender: start, elapsed since last call: 2 ms
2026-07-14 19:22:24.931 DEBUG qt.scenegraph.time.renderloop: [window 0x7f380ef04e40][gui thread] Frame prepared, polish=0 ms, lock=0 ms, blockedForSync=0 ms, animations=0 ms
2026-07-14 19:22:24.931 DEBUG qt.scenegraph.time.renderer: time in renderer: total=0ms, preprocess=0, updates=0, rendering=0
2026-07-14 19:22:24.931 DEBUG qt.scenegraph.time.renderloop: [window 0x7f380ef04e40][render thread 0x7f380ed86040] syncAndRender: frame rendered in 0ms, sync=0, render=0, swap=0
2026-07-14 19:22:24.962 DEBUG qt.scenegraph.time.renderloop: [window 0x7f380ef04e40][gui thread] polishAndSync: start, elapsed since last call: 31 ms
2026-07-14 19:22:24.963 DEBUG qt.scenegraph.time.renderloop: [window 0x7f380ef04e40][render thread 0x7f380ed86040] syncAndRender: start, elapsed since last call: 31 ms
2026-07-14 19:22:24.963 DEBUG qt.scenegraph.time.renderloop: [window 0x7f380ef04e40][gui thread] Frame prepared, polish=0 ms, lock=0 ms, blockedForSync=0 ms, animations=0 ms
2026-07-14 19:22:24.963 DEBUG qt.scenegraph.time.renderer: time in renderer: total=0ms, preprocess=0, updates=0, rendering=0
2026-07-14 19:22:24.963 DEBUG qt.scenegraph.time.renderloop: [window 0x7f380ef04e40][render thread 0x7f380ed86040] syncAndRender: frame rendered in 0ms, sync=0, render=0, swap=0
2026-07-14 19:22:24.966 DEBUG qt.scenegraph.time.renderloop: [window 0x7f380ef04e40][gui thread] polishAndSync: start, elapsed since last call: 3 ms
2026-07-14 19:22:24.966 DEBUG qt.scenegraph.time.renderloop: [window 0x7f380ef04e40][render thread 0x7f380ed86040] syncAndRender: start, elapsed since last call: 2 ms
2026-07-14 19:22:24.966 DEBUG qt.scenegraph.time.renderloop: [window 0x7f380ef04e40][gui thread] Frame prepared, polish=0 ms, lock=0 ms, blockedForSync=0 ms, animations=0 ms
2026-07-14 19:22:24.966 DEBUG qt.scenegraph.time.renderer: time in renderer: total=0ms, preprocess=0, updates=0, rendering=0
2026-07-14 19:22:24.966 DEBUG qt.scenegraph.time.renderloop: [window 0x7f380ef04e40][render thread 0x7f380ed86040] syncAndRender: frame rendered in 0ms, sync=0, render=0, swap=0
2026-07-14 19:22:24.995 DEBUG qt.scenegraph.time.renderloop: [window 0x7f380ef04e40][gui thread] polishAndSync: start, elapsed since last call: 29 ms
2026-07-14 19:22:24.995 DEBUG qt.scenegraph.time.renderloop: [window 0x7f380ef04e40][render thread 0x7f380ed86040] syncAndRender: start, elapsed since last call: 29 ms
2026-07-14 19:22:24.995 DEBUG qt.scenegraph.time.renderloop: [window 0x7f380ef04e40][gui thread] Frame prepared, polish=0 ms, lock=0 ms, blockedForSync=0 ms, animations=0 ms
2026-07-14 19:22:24.995 DEBUG qt.scenegraph.time.renderer: time in renderer: total=0ms, preprocess=0, updates=0, rendering=0
2026-07-14 19:22:24.995 DEBUG qt.scenegraph.time.renderloop: [window 0x7f380ef04e40][render thread 0x7f380ed86040] syncAndRender: frame rendered in 0ms, sync=0, render=0, swap=0
2026-07-14 19:22:25.000 DEBUG qt.scenegraph.time.renderloop: [window 0x7f380ef04e40][gui thread] polishAndSync: start, elapsed since last call: 5 ms
2026-07-14 19:22:25.000 DEBUG qt.scenegraph.time.renderloop: [window 0x7f380ef04e40][render thread 0x7f380ed86040] syncAndRender: start, elapsed since last call: 5 ms
2026-07-14 19:22:25.000 DEBUG qt.scenegraph.time.renderloop: [window 0x7f380ef04e40][gui thread] Frame prepared, polish=0 ms, lock=0 ms, blockedForSync=0 ms, animations=0 ms
2026-07-14 19:22:25.000 DEBUG qt.scenegraph.time.renderer: time in renderer: total=0ms, preprocess=0, updates=0, rendering=0
2026-07-14 19:22:25.001 DEBUG qt.scenegraph.time.renderloop: [window 0x7f380ef04e40][render thread 0x7f380ed86040] syncAndRender: frame rendered in 0ms, sync=0, render=0, swap=0
2026-07-14 19:22:25.028 DEBUG qt.scenegraph.time.renderloop: [window 0x7f380ef04e40][gui thread] polishAndSync: start, elapsed since last call: 27 ms
2026-07-14 19:22:25.028 DEBUG qt.scenegraph.time.renderloop: [window 0x7f380ef04e40][render thread 0x7f380ed86040] syncAndRender: start, elapsed since last call: 27 ms
2026-07-14 19:22:25.028 DEBUG qt.scenegraph.time.renderloop: [window 0x7f380ef04e40][gui thread] Frame prepared, polish=0 ms, lock=0 ms, blockedForSync=0 ms, animations=0 ms
2026-07-14 19:22:25.028 DEBUG qt.scenegraph.time.renderer: time in renderer: total=0ms, preprocess=0, updates=0, rendering=0
2026-07-14 19:22:25.028 DEBUG qt.scenegraph.time.renderloop: [window 0x7f380ef04e40][render thread 0x7f380ed86040] syncAndRender: frame rendered in 0ms, sync=0, render=0, swap=0
2026-07-14 19:22:25.035 DEBUG qt.scenegraph.time.renderloop: [window 0x7f380ef04e40][gui thread] polishAndSync: start, elapsed since last call: 7 ms
2026-07-14 19:22:25.035 DEBUG qt.scenegraph.time.renderloop: [window 0x7f380ef04e40][render thread 0x7f380ed86040] syncAndRender: start, elapsed since last call: 7 ms
2026-07-14 19:22:25.035 DEBUG qt.scenegraph.time.renderloop: [window 0x7f380ef04e40][gui thread] Frame prepared, polish=0 ms, lock=0 ms, blockedForSync=0 ms, animations=0 ms
2026-07-14 19:22:25.035 DEBUG qt.scenegraph.time.renderer: time in renderer: total=0ms, preprocess=0, updates=0, rendering=0
2026-07-14 19:22:25.035 DEBUG qt.scenegraph.time.renderloop: [window 0x7f380ef04e40][render thread 0x7f380ed86040] syncAndRender: frame rendered in 0ms, sync=0, render=0, swap=0
2026-07-14 19:22:25.060 DEBUG qt.scenegraph.time.renderloop: [window 0x7f380ef04e40][gui thread] polishAndSync: start, elapsed since last call: 25 ms
2026-07-14 19:22:25.061 DEBUG qt.scenegraph.time.renderloop: [window 0x7f380ef04e40][render thread 0x7f380ed86040] syncAndRender: start, elapsed since last call: 25 ms
2026-07-14 19:22:25.061 DEBUG qt.scenegraph.time.renderloop: [window 0x7f380ef04e40][gui thread] Frame prepared, polish=0 ms, lock=0 ms, blockedForSync=0 ms, animations=0 ms
2026-07-14 19:22:25.061 DEBUG qt.scenegraph.time.renderer: time in renderer: total=0ms, preprocess=0, updates=0, rendering=0
2026-07-14 19:22:25.061 DEBUG qt.scenegraph.time.renderloop: [window 0x7f380ef04e40][render thread 0x7f380ed86040] syncAndRender: frame rendered in 0ms, sync=0, render=0, swap=0
2026-07-14 19:22:25.063 DEBUG qt.scenegraph.time.renderloop: [window 0x7f380ef04e40][gui thread] polishAndSync: start, elapsed since last call: 2 ms
2026-07-14 19:22:25.063 DEBUG qt.scenegraph.time.renderloop: [window 0x7f380ef04e40][render thread 0x7f380ed86040] syncAndRender: start, elapsed since last call: 2 ms
2026-07-14 19:22:25.063 DEBUG qt.scenegraph.time.renderloop: [window 0x7f380ef04e40][gui thread] Frame prepared, polish=0 ms, lock=0 ms, blockedForSync=0 ms, animations=0 ms
2026-07-14 19:22:25.063 DEBUG qt.scenegraph.time.renderer: time in renderer: total=0ms, preprocess=0, updates=0, rendering=0
2026-07-14 19:22:25.063 DEBUG qt.scenegraph.time.renderloop: [window 0x7f380ef04e40][render thread 0x7f380ed86040] syncAndRender: frame rendered in 0ms, sync=0, render=0, swap=0
2026-07-14 19:22:25.094 DEBUG qt.scenegraph.time.renderloop: [window 0x7f380ef04e40][gui thread] polishAndSync: start, elapsed since last call: 31 ms
2026-07-14 19:22:25.094 DEBUG qt.scenegraph.time.renderloop: [window 0x7f380ef04e40][render thread 0x7f380ed86040] syncAndRender: start, elapsed since last call: 31 ms
2026-07-14 19:22:25.094 DEBUG qt.scenegraph.time.renderloop: [window 0x7f380ef04e40][gui thread] Frame prepared, polish=0 ms, lock=0 ms, blockedForSync=0 ms, animations=0 ms
2026-07-14 19:22:25.095 DEBUG qt.scenegraph.time.renderer: time in renderer: total=0ms, preprocess=0, updates=0, rendering=0
2026-07-14 19:22:25.095 DEBUG qt.scenegraph.time.renderloop: [window 0x7f380ef04e40][render thread 0x7f380ed86040] syncAndRender: frame rendered in 0ms, sync=0, render=0, swap=0
2026-07-14 19:22:25.098 DEBUG qt.scenegraph.time.renderloop: [window 0x7f380ef04e40][gui thread] polishAndSync: start, elapsed since last call: 3 ms
2026-07-14 19:22:25.098 DEBUG qt.scenegraph.time.renderloop: [window 0x7f380ef04e40][render thread 0x7f380ed86040] syncAndRender: start, elapsed since last call: 3 ms
2026-07-14 19:22:25.098 DEBUG qt.scenegraph.time.renderloop: [window 0x7f380ef04e40][gui thread] Frame prepared, polish=0 ms, lock=0 ms, blockedForSync=0 ms, animations=0 ms
2026-07-14 19:22:25.098 DEBUG qt.scenegraph.time.renderer: time in renderer: total=0ms, preprocess=0, updates=0, rendering=0
2026-07-14 19:22:25.098 DEBUG qt.scenegraph.time.renderloop: [window 0x7f380ef04e40][render thread 0x7f380ed86040] syncAndRender: frame rendered in 0ms, sync=0, render=0, swap=0
2026-07-14 19:22:25.127 DEBUG qt.scenegraph.time.renderloop: [window 0x7f380ef04e40][gui thread] polishAndSync: start, elapsed since last call: 29 ms
2026-07-14 19:22:25.127 DEBUG qt.scenegraph.time.renderloop: [window 0x7f380ef04e40][render thread 0x7f380ed86040] syncAndRender: start, elapsed since last call: 29 ms
2026-07-14 19:22:25.127 DEBUG qt.scenegraph.time.renderloop: [window 0x7f380ef04e40][gui thread] Frame prepared, polish=0 ms, lock=0 ms, blockedForSync=0 ms, animations=0 ms
2026-07-14 19:22:25.127 DEBUG qt.scenegraph.time.renderer: time in renderer: total=0ms, preprocess=0, updates=0, rendering=0
2026-07-14 19:22:25.128 DEBUG qt.scenegraph.time.renderloop: [window 0x7f380ef04e40][render thread 0x7f380ed86040] syncAndRender: frame rendered in 0ms, sync=0, render=0, swap=0
2026-07-14 19:22:25.132 DEBUG qt.scenegraph.time.renderloop: [window 0x7f380ef04e40][gui thread] polishAndSync: start, elapsed since last call: 5 ms
2026-07-14 19:22:25.132 DEBUG qt.scenegraph.time.renderloop: [window 0x7f380ef04e40][render thread 0x7f380ed86040] syncAndRender: start, elapsed since last call: 5 ms
2026-07-14 19:22:25.132 DEBUG qt.scenegraph.time.renderloop: [window 0x7f380ef04e40][gui thread] Frame prepared, polish=0 ms, lock=0 ms, blockedForSync=0 ms, animations=0 ms
2026-07-14 19:22:25.133 DEBUG qt.scenegraph.time.renderer: time in renderer: total=0ms, preprocess=0, updates=0, rendering=0
2026-07-14 19:22:25.133 DEBUG qt.scenegraph.time.renderloop: [window 0x7f380ef04e40][render thread 0x7f380ed86040] syncAndRender: frame rendered in 0ms, sync=0, render=0, swap=0
2026-07-14 19:22:25.159 DEBUG qt.scenegraph.time.renderloop: [window 0x7f380ef04e40][gui thread] polishAndSync: start, elapsed since last call: 27 ms
2026-07-14 19:22:25.160 DEBUG qt.scenegraph.time.renderloop: [window 0x7f380ef04e40][render thread 0x7f380ed86040] syncAndRender: start, elapsed since last call: 27 ms
2026-07-14 19:22:25.160 DEBUG qt.scenegraph.time.renderloop: [window 0x7f380ef04e40][gui thread] Frame prepared, polish=0 ms, lock=0 ms, blockedForSync=0 ms, animations=0 ms
2026-07-14 19:22:25.160 DEBUG qt.scenegraph.time.renderer: time in renderer: total=0ms, preprocess=0, updates=0, rendering=0
2026-07-14 19:22:25.160 DEBUG qt.scenegraph.time.renderloop: [window 0x7f380ef04e40][render thread 0x7f380ed86040] syncAndRender: frame rendered in 0ms, sync=0, render=0, swap=0
2026-07-14 19:22:25.167 DEBUG qt.scenegraph.time.renderloop: [window 0x7f380ef04e40][gui thread] polishAndSync: start, elapsed since last call: 7 ms
2026-07-14 19:22:25.167 DEBUG qt.scenegraph.time.renderloop: [window 0x7f380ef04e40][render thread 0x7f380ed86040] syncAndRender: start, elapsed since last call: 7 ms
2026-07-14 19:22:25.167 DEBUG qt.scenegraph.time.renderloop: [window 0x7f380ef04e40][gui thread] Frame prepared, polish=0 ms, lock=0 ms, blockedForSync=0 ms, animations=0 ms
2026-07-14 19:22:25.168 DEBUG qt.scenegraph.time.renderer: time in renderer: total=0ms, preprocess=0, updates=0, rendering=0
2026-07-14 19:22:25.168 DEBUG qt.scenegraph.time.renderloop: [window 0x7f380ef04e40][render thread 0x7f380ed86040] syncAndRender: frame rendered in 0ms, sync=0, render=0, swap=0
2026-07-14 19:22:25.192 DEBUG qt.scenegraph.time.renderloop: [window 0x7f380ef04e40][gui thread] polishAndSync: start, elapsed since last call: 25 ms
2026-07-14 19:22:25.193 DEBUG qt.scenegraph.time.renderloop: [window 0x7f380ef04e40][render thread 0x7f380ed86040] syncAndRender: start, elapsed since last call: 25 ms
2026-07-14 19:22:25.193 DEBUG qt.scenegraph.time.renderloop: [window 0x7f380ef04e40][gui thread] Frame prepared, polish=0 ms, lock=0 ms, blockedForSync=0 ms, animations=0 ms
2026-07-14 19:22:25.193 DEBUG qt.scenegraph.time.renderer: time in renderer: total=0ms, preprocess=0, updates=0, rendering=0
2026-07-14 19:22:25.193 DEBUG qt.scenegraph.time.renderloop: [window 0x7f380ef04e40][render thread 0x7f380ed86040] syncAndRender: frame rendered in 0ms, sync=0, render=0, swap=0
2026-07-14 19:22:25.195 DEBUG qt.scenegraph.time.renderloop: [window 0x7f380ef04e40][gui thread] polishAndSync: start, elapsed since last call: 2 ms
2026-07-14 19:22:25.195 DEBUG qt.scenegraph.time.renderloop: [window 0x7f380ef04e40][render thread 0x7f380ed86040] syncAndRender: start, elapsed since last call: 2 ms
2026-07-14 19:22:25.195 DEBUG qt.scenegraph.time.renderloop: [window 0x7f380ef04e40][gui thread] Frame prepared, polish=0 ms, lock=0 ms, blockedForSync=0 ms, animations=0 ms
2026-07-14 19:22:25.195 DEBUG qt.scenegraph.time.renderer: time in renderer: total=0ms, preprocess=0, updates=0, rendering=0
2026-07-14 19:22:25.195 DEBUG qt.scenegraph.time.renderloop: [window 0x7f380ef04e40][render thread 0x7f380ed86040] syncAndRender: frame rendered in 0ms, sync=0, render=0, swap=0
2026-07-14 19:22:25.226 DEBUG qt.scenegraph.time.renderloop: [window 0x7f380ef04e40][gui thread] polishAndSync: start, elapsed since last call: 31 ms
2026-07-14 19:22:25.227 DEBUG qt.scenegraph.time.renderloop: [window 0x7f380ef04e40][render thread 0x7f380ed86040] syncAndRender: start, elapsed since last call: 31 ms
2026-07-14 19:22:25.227 DEBUG qt.scenegraph.time.renderloop: [window 0x7f380ef04e40][gui thread] Frame prepared, polish=0 ms, lock=0 ms, blockedForSync=0 ms, animations=0 ms
2026-07-14 19:22:25.227 DEBUG qt.scenegraph.time.renderer: time in renderer: total=0ms, preprocess=0, updates=0, rendering=0
2026-07-14 19:22:25.227 DEBUG qt.scenegraph.time.renderloop: [window 0x7f380ef04e40][render thread 0x7f380ed86040] syncAndRender: frame rendered in 0ms, sync=0, render=0, swap=0
2026-07-14 19:22:25.230 DEBUG qt.scenegraph.time.renderloop: [window 0x7f380ef04e40][gui thread] polishAndSync: start, elapsed since last call: 3 ms
2026-07-14 19:22:25.230 DEBUG qt.scenegraph.time.renderloop: [window 0x7f380ef04e40][render thread 0x7f380ed86040] syncAndRender: start, elapsed since last call: 3 ms
2026-07-14 19:22:25.230 DEBUG qt.scenegraph.time.renderloop: [window 0x7f380ef04e40][gui thread] Frame prepared, polish=0 ms, lock=0 ms, blockedForSync=0 ms, animations=0 ms
2026-07-14 19:22:25.230 DEBUG qt.scenegraph.time.renderer: time in renderer: total=0ms, preprocess=0, updates=0, rendering=0
2026-07-14 19:22:25.230 DEBUG qt.scenegraph.time.renderloop: [window 0x7f380ef04e40][render thread 0x7f380ed86040] syncAndRender: frame rendered in 0ms, sync=0, render=0, swap=0
2026-07-14 19:22:25.258 DEBUG qt.scenegraph.time.renderloop: [window 0x7f380ef04e40][gui thread] polishAndSync: start, elapsed since last call: 28 ms
2026-07-14 19:22:25.258 DEBUG qt.scenegraph.time.renderloop: [window 0x7f380ef04e40][render thread 0x7f380ed86040] syncAndRender: start, elapsed since last call: 28 ms
2026-07-14 19:22:25.258 DEBUG qt.scenegraph.time.renderloop: [window 0x7f380ef04e40][gui thread] Frame prepared, polish=0 ms, lock=0 ms, blockedForSync=0 ms, animations=0 ms
2026-07-14 19:22:25.259 DEBUG qt.scenegraph.time.renderer: time in renderer: total=0ms, preprocess=0, updates=0, rendering=0
2026-07-14 19:22:25.259 DEBUG qt.scenegraph.time.renderloop: [window 0x7f380ef04e40][render thread 0x7f380ed86040] syncAndRender: frame rendered in 0ms, sync=0, render=0, swap=0
2026-07-14 19:22:25.264 DEBUG qt.scenegraph.time.renderloop: [window 0x7f380ef04e40][gui thread] polishAndSync: start, elapsed since last call: 6 ms
2026-07-14 19:22:25.264 DEBUG qt.scenegraph.time.renderloop: [window 0x7f380ef04e40][render thread 0x7f380ed86040] syncAndRender: start, elapsed since last call: 6 ms
2026-07-14 19:22:25.265 DEBUG qt.scenegraph.time.renderloop: [window 0x7f380ef04e40][gui thread] Frame prepared, polish=0 ms, lock=0 ms, blockedForSync=0 ms, animations=0 ms
2026-07-14 19:22:25.265 DEBUG qt.scenegraph.time.renderer: time in renderer: total=0ms, preprocess=0, updates=0, rendering=0
2026-07-14 19:22:25.265 DEBUG qt.scenegraph.time.renderloop: [window 0x7f380ef04e40][render thread 0x7f380ed86040] syncAndRender: frame rendered in 0ms, sync=0, render=0, swap=0
2026-07-14 19:22:25.292 DEBUG qt.scenegraph.time.renderloop: [window 0x7f380ef04e40][gui thread] polishAndSync: start, elapsed since last call: 27 ms
2026-07-14 19:22:25.294 DEBUG qt.scenegraph.time.renderloop: [window 0x7f380ef04e40][render thread 0x7f380ed86040] syncAndRender: start, elapsed since last call: 29 ms
2026-07-14 19:22:25.294 DEBUG qt.scenegraph.time.renderloop: [window 0x7f380ef04e40][gui thread] Frame prepared, polish=2 ms, lock=0 ms, blockedForSync=0 ms, animations=0 ms
2026-07-14 19:22:25.294 DEBUG qt.scenegraph.time.renderer: time in renderer: total=0ms, preprocess=0, updates=0, rendering=0
2026-07-14 19:22:25.294 DEBUG qt.scenegraph.time.renderloop: [window 0x7f380ef04e40][render thread 0x7f380ed86040] syncAndRender: frame rendered in 0ms, sync=0, render=0, swap=0
2026-07-14 19:22:25.299 DEBUG qt.scenegraph.time.renderloop: [window 0x7f380ef04e40][gui thread] polishAndSync: start, elapsed since last call: 7 ms
2026-07-14 19:22:25.299 DEBUG qt.scenegraph.time.renderloop: [window 0x7f380ef04e40][render thread 0x7f380ed86040] syncAndRender: start, elapsed since last call: 5 ms
2026-07-14 19:22:25.299 DEBUG qt.scenegraph.time.renderloop: [window 0x7f380ef04e40][gui thread] Frame prepared, polish=0 ms, lock=0 ms, blockedForSync=0 ms, animations=0 ms
2026-07-14 19:22:25.299 DEBUG qt.scenegraph.time.renderer: time in renderer: total=0ms, preprocess=0, updates=0, rendering=0
2026-07-14 19:22:25.300 DEBUG qt.scenegraph.time.renderloop: [window 0x7f380ef04e40][render thread 0x7f380ed86040] syncAndRender: frame rendered in 0ms, sync=0, render=0, swap=0
2026-07-14 19:22:25.324 DEBUG qt.scenegraph.time.renderloop: [window 0x7f380ef04e40][gui thread] polishAndSync: start, elapsed since last call: 25 ms
2026-07-14 19:22:25.325 DEBUG qt.scenegraph.time.renderloop: [window 0x7f380ef04e40][render thread 0x7f380ed86040] syncAndRender: start, elapsed since last call: 25 ms
2026-07-14 19:22:25.325 DEBUG qt.scenegraph.time.renderloop: [window 0x7f380ef04e40][gui thread] Frame prepared, polish=0 ms, lock=0 ms, blockedForSync=0 ms, animations=0 ms
2026-07-14 19:22:25.325 DEBUG qt.scenegraph.time.renderer: time in renderer: total=0ms, preprocess=0, updates=0, rendering=0
2026-07-14 19:22:25.325 DEBUG qt.scenegraph.time.renderloop: [window 0x7f380ef04e40][render thread 0x7f380ed86040] syncAndRender: frame rendered in 0ms, sync=0, render=0, swap=0
2026-07-14 19:22:25.327 DEBUG qt.scenegraph.time.renderloop: [window 0x7f380ef04e40][gui thread] polishAndSync: start, elapsed since last call: 2 ms
2026-07-14 19:22:25.327 DEBUG qt.scenegraph.time.renderloop: [window 0x7f380ef04e40][render thread 0x7f380ed86040] syncAndRender: start, elapsed since last call: 2 ms
2026-07-14 19:22:25.327 DEBUG qt.scenegraph.time.renderloop: [window 0x7f380ef04e40][gui thread] Frame prepared, polish=0 ms, lock=0 ms, blockedForSync=0 ms, animations=0 ms
2026-07-14 19:22:25.327 DEBUG qt.scenegraph.time.renderer: time in renderer: total=0ms, preprocess=0, updates=0, rendering=0
2026-07-14 19:22:25.327 DEBUG qt.scenegraph.time.renderloop: [window 0x7f380ef04e40][render thread 0x7f380ed86040] syncAndRender: frame rendered in 0ms, sync=0, render=0, swap=0
2026-07-14 19:22:25.358 DEBUG qt.scenegraph.time.renderloop: [window 0x7f380ef04e40][gui thread] polishAndSync: start, elapsed since last call: 31 ms
2026-07-14 19:22:25.358 DEBUG qt.scenegraph.time.renderloop: [window 0x7f380ef04e40][render thread 0x7f380ed86040] syncAndRender: start, elapsed since last call: 31 ms
2026-07-14 19:22:25.358 DEBUG qt.scenegraph.time.renderloop: [window 0x7f380ef04e40][gui thread] Frame prepared, polish=0 ms, lock=0 ms, blockedForSync=0 ms, animations=0 ms
2026-07-14 19:22:25.358 DEBUG qt.scenegraph.time.renderer: time in renderer: total=0ms, preprocess=0, updates=0, rendering=0
2026-07-14 19:22:25.359 DEBUG qt.scenegraph.time.renderloop: [window 0x7f380ef04e40][render thread 0x7f380ed86040] syncAndRender: frame rendered in 0ms, sync=0, render=0, swap=0
2026-07-14 19:22:25.362 DEBUG qt.scenegraph.time.renderloop: [window 0x7f380ef04e40][gui thread] polishAndSync: start, elapsed since last call: 3 ms
2026-07-14 19:22:25.362 DEBUG qt.scenegraph.time.renderloop: [window 0x7f380ef04e40][render thread 0x7f380ed86040] syncAndRender: start, elapsed since last call: 3 ms
2026-07-14 19:22:25.362 DEBUG qt.scenegraph.time.renderloop: [window 0x7f380ef04e40][gui thread] Frame prepared, polish=0 ms, lock=0 ms, blockedForSync=0 ms, animations=0 ms
2026-07-14 19:22:25.362 DEBUG qt.scenegraph.time.renderer: time in renderer: total=0ms, preprocess=0, updates=0, rendering=0
2026-07-14 19:22:25.362 DEBUG qt.scenegraph.time.renderloop: [window 0x7f380ef04e40][render thread 0x7f380ed86040] syncAndRender: frame rendered in 0ms, sync=0, render=0, swap=0
2026-07-14 19:22:25.391 DEBUG qt.scenegraph.time.renderloop: [window 0x7f380ef04e40][gui thread] polishAndSync: start, elapsed since last call: 29 ms
2026-07-14 19:22:25.391 DEBUG qt.scenegraph.time.renderloop: [window 0x7f380ef04e40][render thread 0x7f380ed86040] syncAndRender: start, elapsed since last call: 29 ms
2026-07-14 19:22:25.391 DEBUG qt.scenegraph.time.renderloop: [window 0x7f380ef04e40][gui thread] Frame prepared, polish=0 ms, lock=0 ms, blockedForSync=0 ms, animations=0 ms
2026-07-14 19:22:25.391 DEBUG qt.scenegraph.time.renderer: time in renderer: total=0ms, preprocess=0, updates=0, rendering=0
2026-07-14 19:22:25.391 DEBUG qt.scenegraph.time.renderloop: [window 0x7f380ef04e40][render thread 0x7f380ed86040] syncAndRender: frame rendered in 0ms, sync=0, render=0, swap=0
2026-07-14 19:22:25.396 DEBUG qt.scenegraph.time.renderloop: [window 0x7f380ef04e40][gui thread] polishAndSync: start, elapsed since last call: 5 ms
2026-07-14 19:22:25.396 DEBUG qt.scenegraph.time.renderloop: [window 0x7f380ef04e40][render thread 0x7f380ed86040] syncAndRender: start, elapsed since last call: 5 ms
2026-07-14 19:22:25.396 DEBUG qt.scenegraph.time.renderloop: [window 0x7f380ef04e40][gui thread] Frame prepared, polish=0 ms, lock=0 ms, blockedForSync=0 ms, animations=0 ms
2026-07-14 19:22:25.397 DEBUG qt.scenegraph.time.renderer: time in renderer: total=0ms, preprocess=0, updates=0, rendering=0
2026-07-14 19:22:25.397 DEBUG qt.scenegraph.time.renderloop: [window 0x7f380ef04e40][render thread 0x7f380ed86040] syncAndRender: frame rendered in 0ms, sync=0, render=0, swap=0
2026-07-14 19:22:25.424 DEBUG qt.scenegraph.time.renderloop: [window 0x7f380ef04e40][gui thread] polishAndSync: start, elapsed since last call: 27 ms
2026-07-14 19:22:25.424 DEBUG qt.scenegraph.time.renderloop: [window 0x7f380ef04e40][render thread 0x7f380ed86040] syncAndRender: start, elapsed since last call: 27 ms
2026-07-14 19:22:25.424 DEBUG qt.scenegraph.time.renderloop: [window 0x7f380ef04e40][gui thread] Frame prepared, polish=0 ms, lock=0 ms, blockedForSync=0 ms, animations=0 ms
2026-07-14 19:22:25.424 DEBUG qt.scenegraph.time.renderer: time in renderer: total=0ms, preprocess=0, updates=0, rendering=0
2026-07-14 19:22:25.424 DEBUG qt.scenegraph.time.renderloop: [window 0x7f380ef04e40][render thread 0x7f380ed86040] syncAndRender: frame rendered in 0ms, sync=0, render=0, swap=0
2026-07-14 19:22:25.431 DEBUG qt.scenegraph.time.renderloop: [window 0x7f380ef04e40][gui thread] polishAndSync: start, elapsed since last call: 7 ms
2026-07-14 19:22:25.431 DEBUG qt.scenegraph.time.renderloop: [window 0x7f380ef04e40][render thread 0x7f380ed86040] syncAndRender: start, elapsed since last call: 7 ms
2026-07-14 19:22:25.431 DEBUG qt.scenegraph.time.renderloop: [window 0x7f380ef04e40][gui thread] Frame prepared, polish=0 ms, lock=0 ms, blockedForSync=0 ms, animations=0 ms
2026-07-14 19:22:25.431 DEBUG qt.scenegraph.time.renderer: time in renderer: total=0ms, preprocess=0, updates=0, rendering=0
2026-07-14 19:22:25.431 DEBUG qt.scenegraph.time.renderloop: [window 0x7f380ef04e40][render thread 0x7f380ed86040] syncAndRender: frame rendered in 0ms, sync=0, render=0, swap=0
2026-07-14 19:22:25.456 DEBUG qt.scenegraph.time.renderloop: [window 0x7f380ef04e40][gui thread] polishAndSync: start, elapsed since last call: 25 ms
2026-07-14 19:22:25.457 DEBUG qt.scenegraph.time.renderloop: [window 0x7f380ef04e40][render thread 0x7f380ed86040] syncAndRender: start, elapsed since last call: 25 ms
2026-07-14 19:22:25.457 DEBUG qt.scenegraph.time.renderloop: [window 0x7f380ef04e40][gui thread] Frame prepared, polish=0 ms, lock=0 ms, blockedForSync=0 ms, animations=0 ms
2026-07-14 19:22:25.457 DEBUG qt.scenegraph.time.renderer: time in renderer: total=0ms, preprocess=0, updates=0, rendering=0
2026-07-14 19:22:25.457 DEBUG qt.scenegraph.time.renderloop: [window 0x7f380ef04e40][render thread 0x7f380ed86040] syncAndRender: frame rendered in 0ms, sync=0, render=0, swap=0
2026-07-14 19:22:25.459 DEBUG qt.scenegraph.time.renderloop: [window 0x7f380ef04e40][gui thread] polishAndSync: start, elapsed since last call: 2 ms
2026-07-14 19:22:25.459 DEBUG qt.scenegraph.time.renderloop: [window 0x7f380ef04e40][render thread 0x7f380ed86040] syncAndRender: start, elapsed since last call: 2 ms
2026-07-14 19:22:25.459 DEBUG qt.scenegraph.time.renderloop: [window 0x7f380ef04e40][gui thread] Frame prepared, polish=0 ms, lock=0 ms, blockedForSync=0 ms, animations=0 ms
2026-07-14 19:22:25.459 DEBUG qt.scenegraph.time.renderer: time in renderer: total=0ms, preprocess=0, updates=0, rendering=0
2026-07-14 19:22:25.459 DEBUG qt.scenegraph.time.renderloop: [window 0x7f380ef04e40][render thread 0x7f380ed86040] syncAndRender: frame rendered in 0ms, sync=0, render=0, swap=0
2026-07-14 19:22:25.490 DEBUG qt.scenegraph.time.renderloop: [window 0x7f380ef04e40][gui thread] polishAndSync: start, elapsed since last call: 31 ms
2026-07-14 19:22:25.490 DEBUG qt.scenegraph.time.renderloop: [window 0x7f380ef04e40][render thread 0x7f380ed86040] syncAndRender: start, elapsed since last call: 31 ms
2026-07-14 19:22:25.491 DEBUG qt.scenegraph.time.renderloop: [window 0x7f380ef04e40][gui thread] Frame prepared, polish=0 ms, lock=0 ms, blockedForSync=0 ms, animations=0 ms
2026-07-14 19:22:25.491 DEBUG qt.scenegraph.time.renderer: time in renderer: total=0ms, preprocess=0, updates=0, rendering=0
2026-07-14 19:22:25.491 DEBUG qt.scenegraph.time.renderloop: [window 0x7f380ef04e40][render thread 0x7f380ed86040] syncAndRender: frame rendered in 0ms, sync=0, render=0, swap=0
2026-07-14 19:22:25.494 DEBUG qt.scenegraph.time.renderloop: [window 0x7f380ef04e40][gui thread] polishAndSync: start, elapsed since last call: 3 ms
2026-07-14 19:22:25.494 DEBUG qt.scenegraph.time.renderloop: [window 0x7f380ef04e40][render thread 0x7f380ed86040] syncAndRender: start, elapsed since last call: 3 ms
2026-07-14 19:22:25.494 DEBUG qt.scenegraph.time.renderloop: [window 0x7f380ef04e40][gui thread] Frame prepared, polish=0 ms, lock=0 ms, blockedForSync=0 ms, animations=0 ms
2026-07-14 19:22:25.494 DEBUG qt.scenegraph.time.renderer: time in renderer: total=0ms, preprocess=0, updates=0, rendering=0
2026-07-14 19:22:25.494 DEBUG qt.scenegraph.time.renderloop: [window 0x7f380ef04e40][render thread 0x7f380ed86040] syncAndRender: frame rendered in 0ms, sync=0, render=0, swap=0
2026-07-14 19:22:25.523 DEBUG qt.scenegraph.time.renderloop: [window 0x7f380ef04e40][gui thread] polishAndSync: start, elapsed since last call: 29 ms
2026-07-14 19:22:25.523 DEBUG qt.scenegraph.time.renderloop: [window 0x7f380ef04e40][render thread 0x7f380ed86040] syncAndRender: start, elapsed since last call: 29 ms
2026-07-14 19:22:25.523 DEBUG qt.scenegraph.time.renderloop: [window 0x7f380ef04e40][gui thread] Frame prepared, polish=0 ms, lock=0 ms, blockedForSync=0 ms, animations=0 ms
2026-07-14 19:22:25.523 DEBUG qt.scenegraph.time.renderer: time in renderer: total=0ms, preprocess=0, updates=0, rendering=0
2026-07-14 19:22:25.523 DEBUG qt.scenegraph.time.renderloop: [window 0x7f380ef04e40][render thread 0x7f380ed86040] syncAndRender: frame rendered in 0ms, sync=0, render=0, swap=0
2026-07-14 19:22:25.528 DEBUG qt.scenegraph.time.renderloop: [window 0x7f380ef04e40][gui thread] polishAndSync: start, elapsed since last call: 5 ms
2026-07-14 19:22:25.528 DEBUG qt.scenegraph.time.renderloop: [window 0x7f380ef04e40][render thread 0x7f380ed86040] syncAndRender: start, elapsed since last call: 5 ms
2026-07-14 19:22:25.529 DEBUG qt.scenegraph.time.renderloop: [window 0x7f380ef04e40][gui thread] Frame prepared, polish=0 ms, lock=0 ms, blockedForSync=0 ms, animations=0 ms
2026-07-14 19:22:25.529 DEBUG qt.scenegraph.time.renderer: time in renderer: total=0ms, preprocess=0, updates=0, rendering=0
2026-07-14 19:22:25.529 DEBUG qt.scenegraph.time.renderloop: [window 0x7f380ef04e40][render thread 0x7f380ed86040] syncAndRender: frame rendered in 0ms, sync=0, render=0, swap=0
2026-07-14 19:22:25.556 DEBUG qt.scenegraph.time.renderloop: [window 0x7f380ef04e40][gui thread] polishAndSync: start, elapsed since last call: 27 ms
2026-07-14 19:22:25.556 DEBUG qt.scenegraph.time.renderloop: [window 0x7f380ef04e40][render thread 0x7f380ed86040] syncAndRender: start, elapsed since last call: 27 ms
2026-07-14 19:22:25.556 DEBUG qt.scenegraph.time.renderloop: [window 0x7f380ef04e40][gui thread] Frame prepared, polish=0 ms, lock=0 ms, blockedForSync=0 ms, animations=0 ms
2026-07-14 19:22:25.556 DEBUG qt.scenegraph.time.renderer: time in renderer: total=0ms, preprocess=0, updates=0, rendering=0
2026-07-14 19:22:25.556 DEBUG qt.scenegraph.time.renderloop: [window 0x7f380ef04e40][render thread 0x7f380ed86040] syncAndRender: frame rendered in 0ms, sync=0, render=0, swap=0
2026-07-14 19:22:25.563 DEBUG qt.scenegraph.time.renderloop: [window 0x7f380ef04e40][gui thread] polishAndSync: start, elapsed since last call: 7 ms
2026-07-14 19:22:25.563 DEBUG qt.scenegraph.time.renderloop: [window 0x7f380ef04e40][render thread 0x7f380ed86040] syncAndRender: start, elapsed since last call: 7 ms
2026-07-14 19:22:25.563 DEBUG qt.scenegraph.time.renderloop: [window 0x7f380ef04e40][gui thread] Frame prepared, polish=0 ms, lock=0 ms, blockedForSync=0 ms, animations=0 ms
2026-07-14 19:22:25.563 DEBUG qt.scenegraph.time.renderer: time in renderer: total=0ms, preprocess=0, updates=0, rendering=0
2026-07-14 19:22:25.564 DEBUG qt.scenegraph.time.renderloop: [window 0x7f380ef04e40][render thread 0x7f380ed86040] syncAndRender: frame rendered in 0ms, sync=0, render=0, swap=0
2026-07-14 19:22:25.588 DEBUG qt.scenegraph.time.renderloop: [window 0x7f380ef04e40][gui thread] polishAndSync: start, elapsed since last call: 25 ms
2026-07-14 19:22:25.589 DEBUG qt.scenegraph.time.renderloop: [window 0x7f380ef04e40][render thread 0x7f380ed86040] syncAndRender: start, elapsed since last call: 25 ms
2026-07-14 19:22:25.589 DEBUG qt.scenegraph.time.renderloop: [window 0x7f380ef04e40][gui thread] Frame prepared, polish=0 ms, lock=0 ms, blockedForSync=0 ms, animations=0 ms
2026-07-14 19:22:25.589 DEBUG qt.scenegraph.time.renderer: time in renderer: total=0ms, preprocess=0, updates=0, rendering=0
2026-07-14 19:22:25.589 DEBUG qt.scenegraph.time.renderloop: [window 0x7f380ef04e40][render thread 0x7f380ed86040] syncAndRender: frame rendered in 0ms, sync=0, render=0, swap=0
2026-07-14 19:22:25.591 DEBUG qt.scenegraph.time.renderloop: [window 0x7f380ef04e40][gui thread] polishAndSync: start, elapsed since last call: 2 ms
2026-07-14 19:22:25.591 DEBUG qt.scenegraph.time.renderloop: [window 0x7f380ef04e40][render thread 0x7f380ed86040] syncAndRender: start, elapsed since last call: 2 ms
2026-07-14 19:22:25.591 DEBUG qt.scenegraph.time.renderloop: [window 0x7f380ef04e40][gui thread] Frame prepared, polish=0 ms, lock=0 ms, blockedForSync=0 ms, animations=0 ms
2026-07-14 19:22:25.591 DEBUG qt.scenegraph.time.renderer: time in renderer: total=0ms, preprocess=0, updates=0, rendering=0
2026-07-14 19:22:25.591 DEBUG qt.scenegraph.time.renderloop: [window 0x7f380ef04e40][render thread 0x7f380ed86040] syncAndRender: frame rendered in 0ms, sync=0, render=0, swap=0
2026-07-14 19:22:25.622 DEBUG qt.scenegraph.time.renderloop: [window 0x7f380ef04e40][gui thread] polishAndSync: start, elapsed since last call: 31 ms
2026-07-14 19:22:25.623 DEBUG qt.scenegraph.time.renderloop: [window 0x7f380ef04e40][render thread 0x7f380ed86040] syncAndRender: start, elapsed since last call: 31 ms
2026-07-14 19:22:25.623 DEBUG qt.scenegraph.time.renderloop: [window 0x7f380ef04e40][gui thread] Frame prepared, polish=0 ms, lock=0 ms, blockedForSync=0 ms, animations=0 ms
2026-07-14 19:22:25.623 DEBUG qt.scenegraph.time.renderer: time in renderer: total=0ms, preprocess=0, updates=0, rendering=0
2026-07-14 19:22:25.623 DEBUG qt.scenegraph.time.renderloop: [window 0x7f380ef04e40][render thread 0x7f380ed86040] syncAndRender: frame rendered in 0ms, sync=0, render=0, swap=0
2026-07-14 19:22:25.626 DEBUG qt.scenegraph.time.renderloop: [window 0x7f380ef04e40][gui thread] polishAndSync: start, elapsed since last call: 3 ms
2026-07-14 19:22:25.626 DEBUG qt.scenegraph.time.renderloop: [window 0x7f380ef04e40][render thread 0x7f380ed86040] syncAndRender: start, elapsed since last call: 3 ms
2026-07-14 19:22:25.626 DEBUG qt.scenegraph.time.renderloop: [window 0x7f380ef04e40][gui thread] Frame prepared, polish=0 ms, lock=0 ms, blockedForSync=0 ms, animations=0 ms
2026-07-14 19:22:25.626 DEBUG qt.scenegraph.time.renderer: time in renderer: total=0ms, preprocess=0, updates=0, rendering=0
2026-07-14 19:22:25.626 DEBUG qt.scenegraph.time.renderloop: [window 0x7f380ef04e40][render thread 0x7f380ed86040] syncAndRender: frame rendered in 0ms, sync=0, render=0, swap=0
2026-07-14 19:22:25.655 DEBUG qt.scenegraph.time.renderloop: [window 0x7f380ef04e40][gui thread] polishAndSync: start, elapsed since last call: 29 ms
2026-07-14 19:22:25.655 DEBUG qt.scenegraph.time.renderloop: [window 0x7f380ef04e40][render thread 0x7f380ed86040] syncAndRender: start, elapsed since last call: 29 ms
2026-07-14 19:22:25.655 DEBUG qt.scenegraph.time.renderloop: [window 0x7f380ef04e40][gui thread] Frame prepared, polish=0 ms, lock=0 ms, blockedForSync=0 ms, animations=0 ms
2026-07-14 19:22:25.655 DEBUG qt.scenegraph.time.renderer: time in renderer: total=0ms, preprocess=0, updates=0, rendering=0
2026-07-14 19:22:25.656 DEBUG qt.scenegraph.time.renderloop: [window 0x7f380ef04e40][render thread 0x7f380ed86040] syncAndRender: frame rendered in 0ms, sync=0, render=0, swap=0
2026-07-14 19:22:25.661 DEBUG qt.scenegraph.time.renderloop: [window 0x7f380ef04e40][gui thread] polishAndSync: start, elapsed since last call: 5 ms
2026-07-14 19:22:25.661 DEBUG qt.scenegraph.time.renderloop: [window 0x7f380ef04e40][render thread 0x7f380ed86040] syncAndRender: start, elapsed since last call: 5 ms
2026-07-14 19:22:25.661 DEBUG qt.scenegraph.time.renderloop: [window 0x7f380ef04e40][gui thread] Frame prepared, polish=0 ms, lock=0 ms, blockedForSync=0 ms, animations=0 ms
2026-07-14 19:22:25.661 DEBUG qt.scenegraph.time.renderer: time in renderer: total=0ms, preprocess=0, updates=0, rendering=0
2026-07-14 19:22:25.661 DEBUG qt.scenegraph.time.renderloop: [window 0x7f380ef04e40][render thread 0x7f380ed86040] syncAndRender: frame rendered in 0ms, sync=0, render=0, swap=0
2026-07-14 19:22:25.688 DEBUG qt.scenegraph.time.renderloop: [window 0x7f380ef04e40][gui thread] polishAndSync: start, elapsed since last call: 27 ms
2026-07-14 19:22:25.688 DEBUG qt.scenegraph.time.renderloop: [window 0x7f380ef04e40][render thread 0x7f380ed86040] syncAndRender: start, elapsed since last call: 27 ms
2026-07-14 19:22:25.688 DEBUG qt.scenegraph.time.renderloop: [window 0x7f380ef04e40][gui thread] Frame prepared, polish=0 ms, lock=0 ms, blockedForSync=0 ms, animations=0 ms
2026-07-14 19:22:25.688 DEBUG qt.scenegraph.time.renderer: time in renderer: total=0ms, preprocess=0, updates=0, rendering=0
2026-07-14 19:22:25.688 DEBUG qt.scenegraph.time.renderloop: [window 0x7f380ef04e40][render thread 0x7f380ed86040] syncAndRender: frame rendered in 0ms, sync=0, render=0, swap=0
2026-07-14 19:22:25.695 DEBUG qt.scenegraph.time.renderloop: [window 0x7f380ef04e40][gui thread] polishAndSync: start, elapsed since last call: 7 ms
2026-07-14 19:22:25.695 DEBUG qt.scenegraph.time.renderloop: [window 0x7f380ef04e40][render thread 0x7f380ed86040] syncAndRender: start, elapsed since last call: 7 ms
2026-07-14 19:22:25.695 DEBUG qt.scenegraph.time.renderloop: [window 0x7f380ef04e40][gui thread] Frame prepared, polish=0 ms, lock=0 ms, blockedForSync=0 ms, animations=0 ms
2026-07-14 19:22:25.695 DEBUG qt.scenegraph.time.renderer: time in renderer: total=0ms, preprocess=0, updates=0, rendering=0
2026-07-14 19:22:25.696 DEBUG qt.scenegraph.time.renderloop: [window 0x7f380ef04e40][render thread 0x7f380ed86040] syncAndRender: frame rendered in 0ms, sync=0, render=0, swap=0
2026-07-14 19:22:25.720 DEBUG qt.scenegraph.time.renderloop: [window 0x7f380ef04e40][gui thread] polishAndSync: start, elapsed since last call: 25 ms
2026-07-14 19:22:25.721 DEBUG qt.scenegraph.time.renderloop: [window 0x7f380ef04e40][render thread 0x7f380ed86040] syncAndRender: start, elapsed since last call: 25 ms
2026-07-14 19:22:25.721 DEBUG qt.scenegraph.time.renderloop: [window 0x7f380ef04e40][gui thread] Frame prepared, polish=0 ms, lock=0 ms, blockedForSync=0 ms, animations=0 ms
2026-07-14 19:22:25.721 DEBUG qt.scenegraph.time.renderer: time in renderer: total=0ms, preprocess=0, updates=0, rendering=0
2026-07-14 19:22:25.721 DEBUG qt.scenegraph.time.renderloop: [window 0x7f380ef04e40][render thread 0x7f380ed86040] syncAndRender: frame rendered in 0ms, sync=0, render=0, swap=0
2026-07-14 19:22:25.723 DEBUG qt.scenegraph.time.renderloop: [window 0x7f380ef04e40][gui thread] polishAndSync: start, elapsed since last call: 2 ms
2026-07-14 19:22:25.723 DEBUG qt.scenegraph.time.renderloop: [window 0x7f380ef04e40][render thread 0x7f380ed86040] syncAndRender: start, elapsed since last call: 2 ms
2026-07-14 19:22:25.723 DEBUG qt.scenegraph.time.renderloop: [window 0x7f380ef04e40][gui thread] Frame prepared, polish=0 ms, lock=0 ms, blockedForSync=0 ms, animations=0 ms
2026-07-14 19:22:25.723 DEBUG qt.scenegraph.time.renderer: time in renderer: total=0ms, preprocess=0, updates=0, rendering=0
2026-07-14 19:22:25.724 DEBUG qt.scenegraph.time.renderloop: [window 0x7f380ef04e40][render thread 0x7f380ed86040] syncAndRender: frame rendered in 0ms, sync=0, render=0, swap=0
2026-07-14 19:22:25.754 DEBUG qt.scenegraph.time.renderloop: [window 0x7f380ef04e40][gui thread] polishAndSync: start, elapsed since last call: 30 ms
2026-07-14 19:22:25.755 DEBUG qt.scenegraph.time.renderloop: [window 0x7f380ef04e40][render thread 0x7f380ed86040] syncAndRender: start, elapsed since last call: 31 ms
2026-07-14 19:22:25.755 DEBUG qt.scenegraph.time.renderloop: [window 0x7f380ef04e40][gui thread] Frame prepared, polish=0 ms, lock=0 ms, blockedForSync=0 ms, animations=0 ms
2026-07-14 19:22:25.755 DEBUG qt.scenegraph.time.renderer: time in renderer: total=0ms, preprocess=0, updates=0, rendering=0
2026-07-14 19:22:25.755 DEBUG qt.scenegraph.time.renderloop: [window 0x7f380ef04e40][render thread 0x7f380ed86040] syncAndRender: frame rendered in 0ms, sync=0, render=0, swap=0
2026-07-14 19:22:25.758 DEBUG qt.scenegraph.time.renderloop: [window 0x7f380ef04e40][gui thread] polishAndSync: start, elapsed since last call: 3 ms
2026-07-14 19:22:25.758 DEBUG qt.scenegraph.time.renderloop: [window 0x7f380ef04e40][render thread 0x7f380ed86040] syncAndRender: start, elapsed since last call: 3 ms
2026-07-14 19:22:25.758 DEBUG qt.scenegraph.time.renderloop: [window 0x7f380ef04e40][gui thread] Frame prepared, polish=0 ms, lock=0 ms, blockedForSync=0 ms, animations=0 ms
2026-07-14 19:22:25.758 DEBUG qt.scenegraph.time.renderer: time in renderer: total=0ms, preprocess=0, updates=0, rendering=0
2026-07-14 19:22:25.758 DEBUG qt.scenegraph.time.renderloop: [window 0x7f380ef04e40][render thread 0x7f380ed86040] syncAndRender: frame rendered in 0ms, sync=0, render=0, swap=0
2026-07-14 19:22:25.787 DEBUG qt.scenegraph.time.renderloop: [window 0x7f380ef04e40][gui thread] polishAndSync: start, elapsed since last call: 29 ms
2026-07-14 19:22:25.788 DEBUG qt.scenegraph.time.renderloop: [window 0x7f380ef04e40][render thread 0x7f380ed86040] syncAndRender: start, elapsed since last call: 29 ms
2026-07-14 19:22:25.788 DEBUG qt.scenegraph.time.renderloop: [window 0x7f380ef04e40][gui thread] Frame prepared, polish=0 ms, lock=0 ms, blockedForSync=0 ms, animations=0 ms
2026-07-14 19:22:25.788 DEBUG qt.scenegraph.time.renderer: time in renderer: total=0ms, preprocess=0, updates=0, rendering=0
2026-07-14 19:22:25.788 DEBUG qt.scenegraph.time.renderloop: [window 0x7f380ef04e40][render thread 0x7f380ed86040] syncAndRender: frame rendered in 0ms, sync=0, render=0, swap=0
2026-07-14 19:22:25.793 DEBUG qt.scenegraph.time.renderloop: [window 0x7f380ef04e40][gui thread] polishAndSync: start, elapsed since last call: 5 ms
2026-07-14 19:22:25.793 DEBUG qt.scenegraph.time.renderloop: [window 0x7f380ef04e40][render thread 0x7f380ed86040] syncAndRender: start, elapsed since last call: 5 ms
2026-07-14 19:22:25.793 DEBUG qt.scenegraph.time.renderloop: [window 0x7f380ef04e40][gui thread] Frame prepared, polish=0 ms, lock=0 ms, blockedForSync=0 ms, animations=0 ms
2026-07-14 19:22:25.793 DEBUG qt.scenegraph.time.renderer: time in renderer: total=0ms, preprocess=0, updates=0, rendering=0
2026-07-14 19:22:25.793 DEBUG qt.scenegraph.time.renderloop: [window 0x7f380ef04e40][render thread 0x7f380ed86040] syncAndRender: frame rendered in 0ms, sync=0, render=0, swap=0
2026-07-14 19:22:25.820 DEBUG qt.scenegraph.time.renderloop: [window 0x7f380ef04e40][gui thread] polishAndSync: start, elapsed since last call: 27 ms
2026-07-14 19:22:25.820 DEBUG qt.scenegraph.time.renderloop: [window 0x7f380ef04e40][render thread 0x7f380ed86040] syncAndRender: start, elapsed since last call: 27 ms
2026-07-14 19:22:25.820 DEBUG qt.scenegraph.time.renderloop: [window 0x7f380ef04e40][gui thread] Frame prepared, polish=0 ms, lock=0 ms, blockedForSync=0 ms, animations=0 ms
2026-07-14 19:22:25.820 DEBUG qt.scenegraph.time.renderer: time in renderer: total=0ms, preprocess=0, updates=0, rendering=0
2026-07-14 19:22:25.820 DEBUG qt.scenegraph.time.renderloop: [window 0x7f380ef04e40][render thread 0x7f380ed86040] syncAndRender: frame rendered in 0ms, sync=0, render=0, swap=0
2026-07-14 19:22:25.827 DEBUG qt.scenegraph.time.renderloop: [window 0x7f380ef04e40][gui thread] polishAndSync: start, elapsed since last call: 7 ms
2026-07-14 19:22:25.827 DEBUG qt.scenegraph.time.renderloop: [window 0x7f380ef04e40][render thread 0x7f380ed86040] syncAndRender: start, elapsed since last call: 7 ms
2026-07-14 19:22:25.827 DEBUG qt.scenegraph.time.renderloop: [window 0x7f380ef04e40][gui thread] Frame prepared, polish=0 ms, lock=0 ms, blockedForSync=0 ms, animations=0 ms
2026-07-14 19:22:25.827 DEBUG qt.scenegraph.time.renderer: time in renderer: total=0ms, preprocess=0, updates=0, rendering=0
2026-07-14 19:22:25.828 DEBUG qt.scenegraph.time.renderloop: [window 0x7f380ef04e40][render thread 0x7f380ed86040] syncAndRender: frame rendered in 0ms, sync=0, render=0, swap=0
2026-07-14 19:22:25.852 DEBUG qt.scenegraph.time.renderloop: [window 0x7f380ef04e40][gui thread] polishAndSync: start, elapsed since last call: 25 ms
2026-07-14 19:22:25.853 DEBUG qt.scenegraph.time.renderloop: [window 0x7f380ef04e40][render thread 0x7f380ed86040] syncAndRender: start, elapsed since last call: 25 ms
2026-07-14 19:22:25.853 DEBUG qt.scenegraph.time.renderloop: [window 0x7f380ef04e40][gui thread] Frame prepared, polish=0 ms, lock=0 ms, blockedForSync=0 ms, animations=0 ms
2026-07-14 19:22:25.853 DEBUG qt.scenegraph.time.renderer: time in renderer: total=0ms, preprocess=0, updates=0, rendering=0
2026-07-14 19:22:25.853 DEBUG qt.scenegraph.time.renderloop: [window 0x7f380ef04e40][render thread 0x7f380ed86040] syncAndRender: frame rendered in 0ms, sync=0, render=0, swap=0
2026-07-14 19:22:25.855 DEBUG qt.scenegraph.time.renderloop: [window 0x7f380ef04e40][gui thread] polishAndSync: start, elapsed since last call: 2 ms
2026-07-14 19:22:25.855 DEBUG qt.scenegraph.time.renderloop: [window 0x7f380ef04e40][render thread 0x7f380ed86040] syncAndRender: start, elapsed since last call: 2 ms
2026-07-14 19:22:25.855 DEBUG qt.scenegraph.time.renderloop: [window 0x7f380ef04e40][gui thread] Frame prepared, polish=0 ms, lock=0 ms, blockedForSync=0 ms, animations=0 ms
2026-07-14 19:22:25.855 DEBUG qt.scenegraph.time.renderer: time in renderer: total=0ms, preprocess=0, updates=0, rendering=0
2026-07-14 19:22:25.855 DEBUG qt.scenegraph.time.renderloop: [window 0x7f380ef04e40][render thread 0x7f380ed86040] syncAndRender: frame rendered in 0ms, sync=0, render=0, swap=0
2026-07-14 19:22:25.886 DEBUG qt.scenegraph.time.renderloop: [window 0x7f380ef04e40][gui thread] polishAndSync: start, elapsed since last call: 31 ms
2026-07-14 19:22:25.887 DEBUG qt.scenegraph.time.renderloop: [window 0x7f380ef04e40][render thread 0x7f380ed86040] syncAndRender: start, elapsed since last call: 31 ms
2026-07-14 19:22:25.887 DEBUG qt.scenegraph.time.renderloop: [window 0x7f380ef04e40][gui thread] Frame prepared, polish=0 ms, lock=0 ms, blockedForSync=0 ms, animations=0 ms
2026-07-14 19:22:25.887 DEBUG qt.scenegraph.time.renderer: time in renderer: total=0ms, preprocess=0, updates=0, rendering=0
2026-07-14 19:22:25.887 DEBUG qt.scenegraph.time.renderloop: [window 0x7f380ef04e40][render thread 0x7f380ed86040] syncAndRender: frame rendered in 0ms, sync=0, render=0, swap=0
2026-07-14 19:22:25.890 DEBUG qt.scenegraph.time.renderloop: [window 0x7f380ef04e40][gui thread] polishAndSync: start, elapsed since last call: 3 ms
2026-07-14 19:22:25.890 DEBUG qt.scenegraph.time.renderloop: [window 0x7f380ef04e40][render thread 0x7f380ed86040] syncAndRender: start, elapsed since last call: 3 ms
2026-07-14 19:22:25.890 DEBUG qt.scenegraph.time.renderloop: [window 0x7f380ef04e40][gui thread] Frame prepared, polish=0 ms, lock=0 ms, blockedForSync=0 ms, animations=0 ms
2026-07-14 19:22:25.890 DEBUG qt.scenegraph.time.renderer: time in renderer: total=0ms, preprocess=0, updates=0, rendering=0
2026-07-14 19:22:25.890 DEBUG qt.scenegraph.time.renderloop: [window 0x7f380ef04e40][render thread 0x7f380ed86040] syncAndRender: frame rendered in 0ms, sync=0, render=0, swap=0
2026-07-14 19:22:25.919 DEBUG qt.scenegraph.time.renderloop: [window 0x7f380ef04e40][gui thread] polishAndSync: start, elapsed since last call: 29 ms
2026-07-14 19:22:25.919 DEBUG qt.scenegraph.time.renderloop: [window 0x7f380ef04e40][render thread 0x7f380ed86040] syncAndRender: start, elapsed since last call: 29 ms
2026-07-14 19:22:25.919 DEBUG qt.scenegraph.time.renderloop: [window 0x7f380ef04e40][gui thread] Frame prepared, polish=0 ms, lock=0 ms, blockedForSync=0 ms, animations=0 ms
2026-07-14 19:22:25.919 DEBUG qt.scenegraph.time.renderer: time in renderer: total=0ms, preprocess=0, updates=0, rendering=0
2026-07-14 19:22:25.920 DEBUG qt.scenegraph.time.renderloop: [window 0x7f380ef04e40][render thread 0x7f380ed86040] syncAndRender: frame rendered in 0ms, sync=0, render=0, swap=0
2026-07-14 19:22:25.925 DEBUG qt.scenegraph.time.renderloop: [window 0x7f380ef04e40][gui thread] polishAndSync: start, elapsed since last call: 5 ms
2026-07-14 19:22:25.925 DEBUG qt.scenegraph.time.renderloop: [window 0x7f380ef04e40][render thread 0x7f380ed86040] syncAndRender: start, elapsed since last call: 5 ms
2026-07-14 19:22:25.925 DEBUG qt.scenegraph.time.renderloop: [window 0x7f380ef04e40][gui thread] Frame prepared, polish=0 ms, lock=0 ms, blockedForSync=0 ms, animations=0 ms
2026-07-14 19:22:25.925 DEBUG qt.scenegraph.time.renderer: time in renderer: total=0ms, preprocess=0, updates=0, rendering=0
2026-07-14 19:22:25.925 DEBUG qt.scenegraph.time.renderloop: [window 0x7f380ef04e40][render thread 0x7f380ed86040] syncAndRender: frame rendered in 0ms, sync=0, render=0, swap=0
2026-07-14 19:22:25.952 DEBUG qt.scenegraph.time.renderloop: [window 0x7f380ef04e40][gui thread] polishAndSync: start, elapsed since last call: 27 ms
2026-07-14 19:22:25.952 DEBUG qt.scenegraph.time.renderloop: [window 0x7f380ef04e40][render thread 0x7f380ed86040] syncAndRender: start, elapsed since last call: 27 ms
2026-07-14 19:22:25.952 DEBUG qt.scenegraph.time.renderloop: [window 0x7f380ef04e40][gui thread] Frame prepared, polish=0 ms, lock=0 ms, blockedForSync=0 ms, animations=0 ms
2026-07-14 19:22:25.952 DEBUG qt.scenegraph.time.renderer: time in renderer: total=0ms, preprocess=0, updates=0, rendering=0
2026-07-14 19:22:25.952 DEBUG qt.scenegraph.time.renderloop: [window 0x7f380ef04e40][render thread 0x7f380ed86040] syncAndRender: frame rendered in 0ms, sync=0, render=0, swap=0
2026-07-14 19:22:25.959 DEBUG qt.scenegraph.time.renderloop: [window 0x7f380ef04e40][gui thread] polishAndSync: start, elapsed since last call: 7 ms
2026-07-14 19:22:25.959 DEBUG qt.scenegraph.time.renderloop: [window 0x7f380ef04e40][render thread 0x7f380ed86040] syncAndRender: start, elapsed since last call: 7 ms
2026-07-14 19:22:25.959 DEBUG qt.scenegraph.time.renderloop: [window 0x7f380ef04e40][gui thread] Frame prepared, polish=0 ms, lock=0 ms, blockedForSync=0 ms, animations=0 ms
2026-07-14 19:22:25.959 DEBUG qt.scenegraph.time.renderer: time in renderer: total=0ms, preprocess=0, updates=0, rendering=0
2026-07-14 19:22:25.960 DEBUG qt.scenegraph.time.renderloop: [window 0x7f380ef04e40][render thread 0x7f380ed86040] syncAndRender: frame rendered in 0ms, sync=0, render=0, swap=0
2026-07-14 19:22:25.985 DEBUG qt.scenegraph.time.renderloop: [window 0x7f380ef04e40][gui thread] polishAndSync: start, elapsed since last call: 25 ms
2026-07-14 19:22:25.985 DEBUG qt.scenegraph.time.renderloop: [window 0x7f380ef04e40][render thread 0x7f380ed86040] syncAndRender: start, elapsed since last call: 25 ms
2026-07-14 19:22:25.985 DEBUG qt.scenegraph.time.renderloop: [window 0x7f380ef04e40][gui thread] Frame prepared, polish=0 ms, lock=0 ms, blockedForSync=0 ms, animations=0 ms
2026-07-14 19:22:25.985 DEBUG qt.scenegraph.time.renderer: time in renderer: total=0ms, preprocess=0, updates=0, rendering=0
2026-07-14 19:22:25.985 DEBUG qt.scenegraph.time.renderloop: [window 0x7f380ef04e40][render thread 0x7f380ed86040] syncAndRender: frame rendered in 0ms, sync=0, render=0, swap=0
2026-07-14 19:22:25.987 DEBUG qt.scenegraph.time.renderloop: [window 0x7f380ef04e40][gui thread] polishAndSync: start, elapsed since last call: 2 ms
2026-07-14 19:22:25.987 DEBUG qt.scenegraph.time.renderloop: [window 0x7f380ef04e40][render thread 0x7f380ed86040] syncAndRender: start, elapsed since last call: 2 ms
2026-07-14 19:22:25.987 DEBUG qt.scenegraph.time.renderloop: [window 0x7f380ef04e40][gui thread] Frame prepared, polish=0 ms, lock=0 ms, blockedForSync=0 ms, animations=0 ms
2026-07-14 19:22:25.987 DEBUG qt.scenegraph.time.renderer: time in renderer: total=0ms, preprocess=0, updates=0, rendering=0
2026-07-14 19:22:25.988 DEBUG qt.scenegraph.time.renderloop: [window 0x7f380ef04e40][render thread 0x7f380ed86040] syncAndRender: frame rendered in 0ms, sync=0, render=0, swap=0
2026-07-14 19:22:26.017 DEBUG qt.scenegraph.time.renderloop: [window 0x7f380ef04e40][gui thread] polishAndSync: start, elapsed since last call: 30 ms
2026-07-14 19:22:26.018 DEBUG qt.scenegraph.time.renderloop: [window 0x7f380ef04e40][render thread 0x7f380ed86040] syncAndRender: start, elapsed since last call: 30 ms
2026-07-14 19:22:26.018 DEBUG qt.scenegraph.time.renderloop: [window 0x7f380ef04e40][gui thread] Frame prepared, polish=0 ms, lock=0 ms, blockedForSync=0 ms, animations=0 ms
2026-07-14 19:22:26.018 DEBUG qt.scenegraph.time.renderer: time in renderer: total=0ms, preprocess=0, updates=0, rendering=0
2026-07-14 19:22:26.018 DEBUG qt.scenegraph.time.renderloop: [window 0x7f380ef04e40][render thread 0x7f380ed86040] syncAndRender: frame rendered in 0ms, sync=0, render=0, swap=0
2026-07-14 19:22:26.022 DEBUG qt.scenegraph.time.renderloop: [window 0x7f380ef04e40][gui thread] polishAndSync: start, elapsed since last call: 4 ms
2026-07-14 19:22:26.022 DEBUG qt.scenegraph.time.renderloop: [window 0x7f380ef04e40][render thread 0x7f380ed86040] syncAndRender: start, elapsed since last call: 4 ms
2026-07-14 19:22:26.022 DEBUG qt.scenegraph.time.renderloop: [window 0x7f380ef04e40][gui thread] Frame prepared, polish=0 ms, lock=0 ms, blockedForSync=0 ms, animations=0 ms
2026-07-14 19:22:26.022 DEBUG qt.scenegraph.time.renderer: time in renderer: total=0ms, preprocess=0, updates=0, rendering=0
2026-07-14 19:22:26.022 DEBUG qt.scenegraph.time.renderloop: [window 0x7f380ef04e40][render thread 0x7f380ed86040] syncAndRender: frame rendered in 0ms, sync=0, render=0, swap=0
2026-07-14 19:22:26.051 DEBUG qt.scenegraph.time.renderloop: [window 0x7f380ef04e40][gui thread] polishAndSync: start, elapsed since last call: 29 ms
2026-07-14 19:22:26.052 DEBUG qt.scenegraph.time.renderloop: [window 0x7f380ef04e40][render thread 0x7f380ed86040] syncAndRender: start, elapsed since last call: 29 ms
2026-07-14 19:22:26.052 DEBUG qt.scenegraph.time.renderloop: [window 0x7f380ef04e40][gui thread] Frame prepared, polish=0 ms, lock=0 ms, blockedForSync=0 ms, animations=0 ms
2026-07-14 19:22:26.052 DEBUG qt.scenegraph.time.renderer: time in renderer: total=0ms, preprocess=0, updates=0, rendering=0
2026-07-14 19:22:26.052 DEBUG qt.scenegraph.time.renderloop: [window 0x7f380ef04e40][render thread 0x7f380ed86040] syncAndRender: frame rendered in 0ms, sync=0, render=0, swap=0
2026-07-14 19:22:26.057 DEBUG qt.scenegraph.time.renderloop: [window 0x7f380ef04e40][gui thread] polishAndSync: start, elapsed since last call: 5 ms
2026-07-14 19:22:26.057 DEBUG qt.scenegraph.time.renderloop: [window 0x7f380ef04e40][render thread 0x7f380ed86040] syncAndRender: start, elapsed since last call: 5 ms
2026-07-14 19:22:26.057 DEBUG qt.scenegraph.time.renderloop: [window 0x7f380ef04e40][gui thread] Frame prepared, polish=0 ms, lock=0 ms, blockedForSync=0 ms, animations=0 ms
2026-07-14 19:22:26.057 DEBUG qt.scenegraph.time.renderer: time in renderer: total=0ms, preprocess=0, updates=0, rendering=0
2026-07-14 19:22:26.057 DEBUG qt.scenegraph.time.renderloop: [window 0x7f380ef04e40][render thread 0x7f380ed86040] syncAndRender: frame rendered in 0ms, sync=0, render=0, swap=0
2026-07-14 19:22:26.084 DEBUG qt.scenegraph.time.renderloop: [window 0x7f380ef04e40][gui thread] polishAndSync: start, elapsed since last call: 27 ms
2026-07-14 19:22:26.085 DEBUG qt.scenegraph.time.renderloop: [window 0x7f380ef04e40][render thread 0x7f380ed86040] syncAndRender: start, elapsed since last call: 27 ms
2026-07-14 19:22:26.085 DEBUG qt.scenegraph.time.renderloop: [window 0x7f380ef04e40][gui thread] Frame prepared, polish=0 ms, lock=0 ms, blockedForSync=0 ms, animations=0 ms
2026-07-14 19:22:26.085 DEBUG qt.scenegraph.time.renderer: time in renderer: total=0ms, preprocess=0, updates=0, rendering=0
2026-07-14 19:22:26.085 DEBUG qt.scenegraph.time.renderloop: [window 0x7f380ef04e40][render thread 0x7f380ed86040] syncAndRender: frame rendered in 0ms, sync=0, render=0, swap=0
2026-07-14 19:22:26.091 DEBUG qt.scenegraph.time.renderloop: [window 0x7f380ef04e40][gui thread] polishAndSync: start, elapsed since last call: 7 ms
2026-07-14 19:22:26.091 DEBUG qt.scenegraph.time.renderloop: [window 0x7f380ef04e40][render thread 0x7f380ed86040] syncAndRender: start, elapsed since last call: 6 ms
2026-07-14 19:22:26.091 DEBUG qt.scenegraph.time.renderloop: [window 0x7f380ef04e40][gui thread] Frame prepared, polish=0 ms, lock=0 ms, blockedForSync=0 ms, animations=0 ms
2026-07-14 19:22:26.092 DEBUG qt.scenegraph.time.renderer: time in renderer: total=0ms, preprocess=0, updates=0, rendering=0
2026-07-14 19:22:26.092 DEBUG qt.scenegraph.time.renderloop: [window 0x7f380ef04e40][render thread 0x7f380ed86040] syncAndRender: frame rendered in 0ms, sync=0, render=0, swap=0
2026-07-14 19:22:26.117 DEBUG qt.scenegraph.time.renderloop: [window 0x7f380ef04e40][gui thread] polishAndSync: start, elapsed since last call: 25 ms
2026-07-14 19:22:26.117 DEBUG qt.scenegraph.time.renderloop: [window 0x7f380ef04e40][render thread 0x7f380ed86040] syncAndRender: start, elapsed since last call: 25 ms
2026-07-14 19:22:26.117 DEBUG qt.scenegraph.time.renderloop: [window 0x7f380ef04e40][gui thread] Frame prepared, polish=0 ms, lock=0 ms, blockedForSync=0 ms, animations=0 ms
2026-07-14 19:22:26.117 DEBUG qt.scenegraph.time.renderer: time in renderer: total=0ms, preprocess=0, updates=0, rendering=0
2026-07-14 19:22:26.117 DEBUG qt.scenegraph.time.renderloop: [window 0x7f380ef04e40][render thread 0x7f380ed86040] syncAndRender: frame rendered in 0ms, sync=0, render=0, swap=0
2026-07-14 19:22:26.119 DEBUG qt.scenegraph.time.renderloop: [window 0x7f380ef04e40][gui thread] polishAndSync: start, elapsed since last call: 2 ms
2026-07-14 19:22:26.119 DEBUG qt.scenegraph.time.renderloop: [window 0x7f380ef04e40][render thread 0x7f380ed86040] syncAndRender: start, elapsed since last call: 2 ms
2026-07-14 19:22:26.119 DEBUG qt.scenegraph.time.renderloop: [window 0x7f380ef04e40][gui thread] Frame prepared, polish=0 ms, lock=0 ms, blockedForSync=0 ms, animations=0 ms
2026-07-14 19:22:26.119 DEBUG qt.scenegraph.time.renderer: time in renderer: total=0ms, preprocess=0, updates=0, rendering=0
2026-07-14 19:22:26.120 DEBUG qt.scenegraph.time.renderloop: [window 0x7f380ef04e40][render thread 0x7f380ed86040] syncAndRender: frame rendered in 0ms, sync=0, render=0, swap=0
2026-07-14 19:22:26.149 DEBUG qt.scenegraph.time.renderloop: [window 0x7f380ef04e40][gui thread] polishAndSync: start, elapsed since last call: 30 ms
2026-07-14 19:22:26.150 DEBUG qt.scenegraph.time.renderloop: [window 0x7f380ef04e40][render thread 0x7f380ed86040] syncAndRender: start, elapsed since last call: 30 ms
2026-07-14 19:22:26.150 DEBUG qt.scenegraph.time.renderloop: [window 0x7f380ef04e40][gui thread] Frame prepared, polish=0 ms, lock=0 ms, blockedForSync=0 ms, animations=0 ms
2026-07-14 19:22:26.150 DEBUG qt.scenegraph.time.renderer: time in renderer: total=0ms, preprocess=0, updates=0, rendering=0
2026-07-14 19:22:26.150 DEBUG qt.scenegraph.time.renderloop: [window 0x7f380ef04e40][render thread 0x7f380ed86040] syncAndRender: frame rendered in 0ms, sync=0, render=0, swap=0
2026-07-14 19:22:26.154 DEBUG qt.scenegraph.time.renderloop: [window 0x7f380ef04e40][gui thread] polishAndSync: start, elapsed since last call: 4 ms
2026-07-14 19:22:26.154 DEBUG qt.scenegraph.time.renderloop: [window 0x7f380ef04e40][render thread 0x7f380ed86040] syncAndRender: start, elapsed since last call: 4 ms
2026-07-14 19:22:26.154 DEBUG qt.scenegraph.time.renderloop: [window 0x7f380ef04e40][gui thread] Frame prepared, polish=0 ms, lock=0 ms, blockedForSync=0 ms, animations=0 ms
2026-07-14 19:22:26.154 DEBUG qt.scenegraph.time.renderer: time in renderer: total=0ms, preprocess=0, updates=0, rendering=0
2026-07-14 19:22:26.154 DEBUG qt.scenegraph.time.renderloop: [window 0x7f380ef04e40][render thread 0x7f380ed86040] syncAndRender: frame rendered in 0ms, sync=0, render=0, swap=0
2026-07-14 19:22:26.182 DEBUG qt.scenegraph.time.renderloop: [window 0x7f380ef04e40][gui thread] polishAndSync: start, elapsed since last call: 28 ms
2026-07-14 19:22:26.184 DEBUG qt.scenegraph.time.renderloop: [window 0x7f380ef04e40][render thread 0x7f380ed86040] syncAndRender: start, elapsed since last call: 30 ms
2026-07-14 19:22:26.185 DEBUG qt.scenegraph.time.renderloop: [window 0x7f380ef04e40][gui thread] Frame prepared, polish=2 ms, lock=0 ms, blockedForSync=0 ms, animations=0 ms
2026-07-14 19:22:26.185 DEBUG qt.scenegraph.time.renderer: time in renderer: total=0ms, preprocess=0, updates=0, rendering=0
2026-07-14 19:22:26.185 DEBUG qt.scenegraph.time.renderloop: [window 0x7f380ef04e40][render thread 0x7f380ed86040] syncAndRender: frame rendered in 0ms, sync=0, render=0, swap=0
2026-07-14 19:22:26.189 DEBUG qt.scenegraph.time.renderloop: [window 0x7f380ef04e40][gui thread] polishAndSync: start, elapsed since last call: 6 ms
2026-07-14 19:22:26.189 DEBUG qt.scenegraph.time.renderloop: [window 0x7f380ef04e40][render thread 0x7f380ed86040] syncAndRender: start, elapsed since last call: 4 ms
2026-07-14 19:22:26.189 DEBUG qt.scenegraph.time.renderloop: [window 0x7f380ef04e40][gui thread] Frame prepared, polish=0 ms, lock=0 ms, blockedForSync=0 ms, animations=0 ms
2026-07-14 19:22:26.189 DEBUG qt.scenegraph.time.renderer: time in renderer: total=0ms, preprocess=0, updates=0, rendering=0
2026-07-14 19:22:26.189 DEBUG qt.scenegraph.time.renderloop: [window 0x7f380ef04e40][render thread 0x7f380ed86040] syncAndRender: frame rendered in 0ms, sync=0, render=0, swap=0
2026-07-14 19:22:26.216 DEBUG qt.scenegraph.time.renderloop: [window 0x7f380ef04e40][gui thread] polishAndSync: start, elapsed since last call: 27 ms
2026-07-14 19:22:26.216 DEBUG qt.scenegraph.time.renderloop: [window 0x7f380ef04e40][render thread 0x7f380ed86040] syncAndRender: start, elapsed since last call: 27 ms
2026-07-14 19:22:26.216 DEBUG qt.scenegraph.time.renderloop: [window 0x7f380ef04e40][gui thread] Frame prepared, polish=0 ms, lock=0 ms, blockedForSync=0 ms, animations=0 ms
2026-07-14 19:22:26.216 DEBUG qt.scenegraph.time.renderer: time in renderer: total=0ms, preprocess=0, updates=0, rendering=0
2026-07-14 19:22:26.217 DEBUG qt.scenegraph.time.renderloop: [window 0x7f380ef04e40][render thread 0x7f380ed86040] syncAndRender: frame rendered in 0ms, sync=0, render=0, swap=0
2026-07-14 19:22:26.224 DEBUG qt.scenegraph.time.renderloop: [window 0x7f380ef04e40][gui thread] polishAndSync: start, elapsed since last call: 7 ms
2026-07-14 19:22:26.224 DEBUG qt.scenegraph.time.renderloop: [window 0x7f380ef04e40][render thread 0x7f380ed86040] syncAndRender: start, elapsed since last call: 7 ms
2026-07-14 19:22:26.224 DEBUG qt.scenegraph.time.renderloop: [window 0x7f380ef04e40][gui thread] Frame prepared, polish=0 ms, lock=0 ms, blockedForSync=0 ms, animations=0 ms
2026-07-14 19:22:26.224 DEBUG qt.scenegraph.time.renderer: time in renderer: total=0ms, preprocess=0, updates=0, rendering=0
2026-07-14 19:22:26.224 DEBUG qt.scenegraph.time.renderloop: [window 0x7f380ef04e40][render thread 0x7f380ed86040] syncAndRender: frame rendered in 0ms, sync=0, render=0, swap=0
2026-07-14 19:22:26.249 DEBUG qt.scenegraph.time.renderloop: [window 0x7f380ef04e40][gui thread] polishAndSync: start, elapsed since last call: 25 ms
2026-07-14 19:22:26.249 DEBUG qt.scenegraph.time.renderloop: [window 0x7f380ef04e40][render thread 0x7f380ed86040] syncAndRender: start, elapsed since last call: 25 ms
2026-07-14 19:22:26.249 DEBUG qt.scenegraph.time.renderloop: [window 0x7f380ef04e40][gui thread] Frame prepared, polish=0 ms, lock=0 ms, blockedForSync=0 ms, animations=0 ms
2026-07-14 19:22:26.249 DEBUG qt.scenegraph.time.renderer: time in renderer: total=0ms, preprocess=0, updates=0, rendering=0
2026-07-14 19:22:26.250 DEBUG qt.scenegraph.time.renderloop: [window 0x7f380ef04e40][render thread 0x7f380ed86040] syncAndRender: frame rendered in 0ms, sync=0, render=0, swap=0
2026-07-14 19:22:26.251 DEBUG qt.scenegraph.time.renderloop: [window 0x7f380ef04e40][gui thread] polishAndSync: start, elapsed since last call: 2 ms
2026-07-14 19:22:26.251 DEBUG qt.scenegraph.time.renderloop: [window 0x7f380ef04e40][render thread 0x7f380ed86040] syncAndRender: start, elapsed since last call: 2 ms
2026-07-14 19:22:26.251 DEBUG qt.scenegraph.time.renderloop: [window 0x7f380ef04e40][gui thread] Frame prepared, polish=0 ms, lock=0 ms, blockedForSync=0 ms, animations=0 ms
2026-07-14 19:22:26.251 DEBUG qt.scenegraph.time.renderer: time in renderer: total=0ms, preprocess=0, updates=0, rendering=0
2026-07-14 19:22:26.252 DEBUG qt.scenegraph.time.renderloop: [window 0x7f380ef04e40][render thread 0x7f380ed86040] syncAndRender: frame rendered in 0ms, sync=0, render=0, swap=0
2026-07-14 19:22:26.258 DEBUG qt.scenegraph.time.renderloop: [window 0x7f380ef04e40][gui thread] polishAndSync: start, elapsed since last call: 7 ms
2026-07-14 19:22:26.259 DEBUG qt.scenegraph.time.renderloop: [window 0x7f380ef04e40][render thread 0x7f380ed86040] syncAndRender: start, elapsed since last call: 7 ms
2026-07-14 19:22:26.259 DEBUG qt.scenegraph.time.renderloop: [window 0x7f380ef04e40][gui thread] Frame prepared, polish=0 ms, lock=0 ms, blockedForSync=0 ms, animations=0 ms
2026-07-14 19:22:26.259 DEBUG qt.scenegraph.time.renderloop: [window 0x7f380ef04e40][gui thread] polishAndSync: start, elapsed since last call: 0 ms
2026-07-14 19:22:26.259 DEBUG qt.scenegraph.time.texture: atlastexture upload enqueued in: -9223357652857ms (16x16)
2026-07-14 19:22:26.259 DEBUG qt.scenegraph.time.texture: atlastexture upload enqueued in: -9223357652857ms (36x14)
2026-07-14 19:22:26.259 DEBUG qt.scenegraph.time.renderer: time in renderer: total=0ms, preprocess=0, updates=0, rendering=0
2026-07-14 19:22:26.260 DEBUG qt.scenegraph.time.renderloop: [window 0x7f380ef04e40][render thread 0x7f380ed86040] syncAndRender: frame rendered in 0ms, sync=0, render=0, swap=0
2026-07-14 19:22:26.260 DEBUG qt.scenegraph.time.renderloop: [window 0x7f380ef04e40][render thread 0x7f380ed86040] syncAndRender: start, elapsed since last call: 1 ms
2026-07-14 19:22:26.260 DEBUG qt.scenegraph.time.renderloop: [window 0x7f380ef04e40][gui thread] Frame prepared, polish=0 ms, lock=0 ms, blockedForSync=0 ms, animations=0 ms
2026-07-14 19:22:26.260 DEBUG qt.scenegraph.time.renderer: time in renderer: total=0ms, preprocess=0, updates=0, rendering=0
2026-07-14 19:22:26.265 DEBUG qt.scenegraph.time.renderloop: [window 0x7f380ef04e40][gui thread] polishAndSync: start, elapsed since last call: 6 ms
2026-07-14 19:22:26.265 DEBUG qt.scenegraph.time.renderloop: [window 0x7f380ef04e40][render thread 0x7f380ed86040] syncAndRender: frame rendered in 5ms, sync=0, render=0, swap=5
2026-07-14 19:22:26.265 DEBUG qt.scenegraph.time.renderloop: [window 0x7f380ef04e40][render thread 0x7f380ed86040] syncAndRender: start, elapsed since last call: 5 ms
2026-07-14 19:22:26.265 DEBUG qt.scenegraph.time.renderloop: [window 0x7f380ef04e40][gui thread] Frame prepared, polish=0 ms, lock=0 ms, blockedForSync=0 ms, animations=0 ms
2026-07-14 19:22:26.266 DEBUG qt.scenegraph.time.texture: atlastexture upload enqueued in: -9223357652850ms (36x14)
2026-07-14 19:22:26.266 DEBUG qt.scenegraph.time.renderer: time in renderer: total=0ms, preprocess=0, updates=0, rendering=0
2026-07-14 19:22:26.272 DEBUG qt.scenegraph.time.renderloop: [window 0x7f380ef04e40][gui thread] polishAndSync: start, elapsed since last call: 7 ms
2026-07-14 19:22:26.272 DEBUG qt.scenegraph.time.renderloop: [window 0x7f380ef04e40][render thread 0x7f380ed86040] syncAndRender: frame rendered in 6ms, sync=0, render=0, swap=6
2026-07-14 19:22:26.272 DEBUG qt.scenegraph.time.renderloop: [window 0x7f380ef04e40][render thread 0x7f380ed86040] syncAndRender: start, elapsed since last call: 6 ms
2026-07-14 19:22:26.272 DEBUG qt.scenegraph.time.renderloop: [window 0x7f380ef04e40][gui thread] Frame prepared, polish=0 ms, lock=0 ms, blockedForSync=0 ms, animations=0 ms
2026-07-14 19:22:26.272 DEBUG qt.scenegraph.time.renderer: time in renderer: total=0ms, preprocess=0, updates=0, rendering=0
2026-07-14 19:22:26.279 DEBUG qt.scenegraph.time.renderloop: [window 0x7f380ef04e40][gui thread] polishAndSync: start, elapsed since last call: 6 ms
2026-07-14 19:22:26.279 DEBUG qt.scenegraph.time.renderloop: [window 0x7f380ef04e40][render thread 0x7f380ed86040] syncAndRender: frame rendered in 6ms, sync=0, render=0, swap=6
2026-07-14 19:22:26.279 DEBUG qt.scenegraph.time.renderloop: [window 0x7f380ef04e40][render thread 0x7f380ed86040] syncAndRender: start, elapsed since last call: 7 ms
2026-07-14 19:22:26.279 DEBUG qt.scenegraph.time.renderloop: [window 0x7f380ef04e40][gui thread] Frame prepared, polish=0 ms, lock=0 ms, blockedForSync=0 ms, animations=0 ms
2026-07-14 19:22:26.279 DEBUG qt.scenegraph.time.renderer: time in renderer: total=0ms, preprocess=0, updates=0, rendering=0
2026-07-14 19:22:26.286 DEBUG qt.scenegraph.time.renderloop: [window 0x7f380ef04e40][gui thread] polishAndSync: start, elapsed since last call: 7 ms
2026-07-14 19:22:26.286 DEBUG qt.scenegraph.time.renderloop: [window 0x7f380ef04e40][render thread 0x7f380ed86040] syncAndRender: frame rendered in 6ms, sync=0, render=0, swap=6
2026-07-14 19:22:26.286 DEBUG qt.scenegraph.time.renderloop: [window 0x7f380ef04e40][render thread 0x7f380ed86040] syncAndRender: start, elapsed since last call: 6 ms
2026-07-14 19:22:26.286 DEBUG qt.scenegraph.time.renderloop: [window 0x7f380ef04e40][gui thread] Frame prepared, polish=0 ms, lock=0 ms, blockedForSync=0 ms, animations=0 ms
2026-07-14 19:22:26.286 DEBUG qt.scenegraph.time.renderer: time in renderer: total=0ms, preprocess=0, updates=0, rendering=0
2026-07-14 19:22:26.293 DEBUG qt.scenegraph.time.renderloop: [window 0x7f380ef04e40][gui thread] polishAndSync: start, elapsed since last call: 7 ms
2026-07-14 19:22:26.293 DEBUG qt.scenegraph.time.renderloop: [window 0x7f380ef04e40][render thread 0x7f380ed86040] syncAndRender: frame rendered in 7ms, sync=0, render=0, swap=6
2026-07-14 19:22:26.293 DEBUG qt.scenegraph.time.renderloop: [window 0x7f380ef04e40][render thread 0x7f380ed86040] syncAndRender: start, elapsed since last call: 7 ms
2026-07-14 19:22:26.293 DEBUG qt.scenegraph.time.renderloop: [window 0x7f380ef04e40][gui thread] Frame prepared, polish=0 ms, lock=0 ms, blockedForSync=0 ms, animations=0 ms
2026-07-14 19:22:26.293 DEBUG qt.scenegraph.time.renderer: time in renderer: total=0ms, preprocess=0, updates=0, rendering=0
2026-07-14 19:22:26.300 DEBUG qt.scenegraph.time.renderloop: [window 0x7f380ef04e40][gui thread] polishAndSync: start, elapsed since last call: 6 ms
2026-07-14 19:22:26.300 DEBUG qt.scenegraph.time.renderloop: [window 0x7f380ef04e40][render thread 0x7f380ed86040] syncAndRender: frame rendered in 6ms, sync=0, render=0, swap=6
2026-07-14 19:22:26.300 DEBUG qt.scenegraph.time.renderloop: [window 0x7f380ef04e40][render thread 0x7f380ed86040] syncAndRender: start, elapsed since last call: 6 ms
2026-07-14 19:22:26.300 DEBUG qt.scenegraph.time.renderloop: [window 0x7f380ef04e40][gui thread] Frame prepared, polish=0 ms, lock=0 ms, blockedForSync=0 ms, animations=0 ms
2026-07-14 19:22:26.300 DEBUG qt.scenegraph.time.renderer: time in renderer: total=0ms, preprocess=0, updates=0, rendering=0
2026-07-14 19:22:26.307 DEBUG qt.scenegraph.time.renderloop: [window 0x7f380ef04e40][gui thread] polishAndSync: start, elapsed since last call: 7 ms
2026-07-14 19:22:26.307 DEBUG qt.scenegraph.time.renderloop: [window 0x7f380ef04e40][render thread 0x7f380ed86040] syncAndRender: frame rendered in 7ms, sync=0, render=0, swap=7
2026-07-14 19:22:26.307 DEBUG qt.scenegraph.time.renderloop: [window 0x7f380ef04e40][render thread 0x7f380ed86040] syncAndRender: start, elapsed since last call: 7 ms
2026-07-14 19:22:26.307 DEBUG qt.scenegraph.time.renderloop: [window 0x7f380ef04e40][gui thread] Frame prepared, polish=0 ms, lock=0 ms, blockedForSync=0 ms, animations=0 ms
2026-07-14 19:22:26.307 DEBUG qt.scenegraph.time.renderer: time in renderer: total=0ms, preprocess=0, updates=0, rendering=0
2026-07-14 19:22:26.314 DEBUG qt.scenegraph.time.renderloop: [window 0x7f380ef04e40][gui thread] polishAndSync: start, elapsed since last call: 6 ms
2026-07-14 19:22:26.314 DEBUG qt.scenegraph.time.renderloop: [window 0x7f380ef04e40][render thread 0x7f380ed86040] syncAndRender: frame rendered in 6ms, sync=0, render=0, swap=6
2026-07-14 19:22:26.314 DEBUG qt.scenegraph.time.renderloop: [window 0x7f380ef04e40][render thread 0x7f380ed86040] syncAndRender: start, elapsed since last call: 7 ms
2026-07-14 19:22:26.314 DEBUG qt.scenegraph.time.renderer: time in renderer: total=0ms, preprocess=0, updates=0, rendering=0
2026-07-14 19:22:26.314 DEBUG qt.scenegraph.time.renderloop: [window 0x7f380ef04e40][gui thread] Frame prepared, polish=0 ms, lock=0 ms, blockedForSync=0 ms, animations=0 ms
2026-07-14 19:22:26.321 DEBUG qt.scenegraph.time.renderloop: [window 0x7f380ef04e40][gui thread] polishAndSync: start, elapsed since last call: 7 ms
2026-07-14 19:22:26.321 DEBUG qt.scenegraph.time.renderloop: [window 0x7f380ef04e40][render thread 0x7f380ed86040] syncAndRender: frame rendered in 6ms, sync=0, render=0, swap=6
2026-07-14 19:22:26.321 DEBUG qt.scenegraph.time.renderloop: [window 0x7f380ef04e40][render thread 0x7f380ed86040] syncAndRender: start, elapsed since last call: 6 ms
2026-07-14 19:22:26.321 DEBUG qt.scenegraph.time.renderloop: [window 0x7f380ef04e40][gui thread] Frame prepared, polish=0 ms, lock=0 ms, blockedForSync=0 ms, animations=0 ms
2026-07-14 19:22:26.321 DEBUG qt.scenegraph.time.renderer: time in renderer: total=0ms, preprocess=0, updates=0, rendering=0
2026-07-14 19:22:26.328 DEBUG qt.scenegraph.time.renderloop: [window 0x7f380ef04e40][gui thread] polishAndSync: start, elapsed since last call: 6 ms
2026-07-14 19:22:26.328 DEBUG qt.scenegraph.time.renderloop: [window 0x7f380ef04e40][render thread 0x7f380ed86040] syncAndRender: frame rendered in 7ms, sync=0, render=0, swap=6
2026-07-14 19:22:26.328 DEBUG qt.scenegraph.time.renderloop: [window 0x7f380ef04e40][render thread 0x7f380ed86040] syncAndRender: start, elapsed since last call: 7 ms
2026-07-14 19:22:26.328 DEBUG qt.scenegraph.time.renderloop: [window 0x7f380ef04e40][gui thread] Frame prepared, polish=0 ms, lock=0 ms, blockedForSync=0 ms, animations=0 ms
2026-07-14 19:22:26.328 DEBUG qt.scenegraph.time.renderer: time in renderer: total=0ms, preprocess=0, updates=0, rendering=0
2026-07-14 19:22:26.335 DEBUG qt.scenegraph.time.renderloop: [window 0x7f380ef04e40][gui thread] polishAndSync: start, elapsed since last call: 6 ms
2026-07-14 19:22:26.335 DEBUG qt.scenegraph.time.renderloop: [window 0x7f380ef04e40][render thread 0x7f380ed86040] syncAndRender: frame rendered in 6ms, sync=0, render=0, swap=6
2026-07-14 19:22:26.335 DEBUG qt.scenegraph.time.renderloop: [window 0x7f380ef04e40][render thread 0x7f380ed86040] syncAndRender: start, elapsed since last call: 6 ms
2026-07-14 19:22:26.335 DEBUG qt.scenegraph.time.renderloop: [window 0x7f380ef04e40][gui thread] Frame prepared, polish=0 ms, lock=0 ms, blockedForSync=0 ms, animations=0 ms
2026-07-14 19:22:26.335 DEBUG qt.scenegraph.time.renderer: time in renderer: total=0ms, preprocess=0, updates=0, rendering=0
2026-07-14 19:22:26.342 DEBUG qt.scenegraph.time.renderloop: [window 0x7f380ef04e40][gui thread] polishAndSync: start, elapsed since last call: 6 ms
2026-07-14 19:22:26.342 DEBUG qt.scenegraph.time.renderloop: [window 0x7f380ef04e40][render thread 0x7f380ed86040] syncAndRender: frame rendered in 6ms, sync=0, render=0, swap=6
2026-07-14 19:22:26.342 DEBUG qt.scenegraph.time.renderloop: [window 0x7f380ef04e40][render thread 0x7f380ed86040] syncAndRender: start, elapsed since last call: 7 ms
2026-07-14 19:22:26.342 DEBUG qt.scenegraph.time.renderloop: [window 0x7f380ef04e40][gui thread] Frame prepared, polish=0 ms, lock=0 ms, blockedForSync=0 ms, animations=0 ms
2026-07-14 19:22:26.342 DEBUG qt.scenegraph.time.renderer: time in renderer: total=0ms, preprocess=0, updates=0, rendering=0
2026-07-14 19:22:26.348 DEBUG qt.scenegraph.time.renderloop: [window 0x7f380ef04e40][gui thread] polishAndSync: start, elapsed since last call: 6 ms
2026-07-14 19:22:26.348 DEBUG qt.scenegraph.time.renderloop: [window 0x7f380ef04e40][render thread 0x7f380ed86040] syncAndRender: frame rendered in 6ms, sync=0, render=0, swap=6
2026-07-14 19:22:26.348 DEBUG qt.scenegraph.time.renderloop: [window 0x7f380ef04e40][render thread 0x7f380ed86040] syncAndRender: start, elapsed since last call: 6 ms
2026-07-14 19:22:26.349 DEBUG qt.scenegraph.time.renderloop: [window 0x7f380ef04e40][gui thread] Frame prepared, polish=0 ms, lock=0 ms, blockedForSync=0 ms, animations=0 ms
2026-07-14 19:22:26.349 DEBUG qt.scenegraph.time.renderer: time in renderer: total=0ms, preprocess=0, updates=0, rendering=0
2026-07-14 19:22:26.355 DEBUG qt.scenegraph.time.renderloop: [window 0x7f380ef04e40][gui thread] polishAndSync: start, elapsed since last call: 7 ms
2026-07-14 19:22:26.355 DEBUG qt.scenegraph.time.renderloop: [window 0x7f380ef04e40][render thread 0x7f380ed86040] syncAndRender: frame rendered in 6ms, sync=0, render=0, swap=6
2026-07-14 19:22:26.356 DEBUG qt.scenegraph.time.renderloop: [window 0x7f380ef04e40][render thread 0x7f380ed86040] syncAndRender: start, elapsed since last call: 7 ms
2026-07-14 19:22:26.356 DEBUG qt.scenegraph.time.renderloop: [window 0x7f380ef04e40][gui thread] Frame prepared, polish=0 ms, lock=0 ms, blockedForSync=0 ms, animations=0 ms
2026-07-14 19:22:26.356 DEBUG qt.scenegraph.time.renderer: time in renderer: total=0ms, preprocess=0, updates=0, rendering=0
2026-07-14 19:22:26.362 DEBUG qt.scenegraph.time.renderloop: [window 0x7f380ef04e40][gui thread] polishAndSync: start, elapsed since last call: 6 ms
2026-07-14 19:22:26.362 DEBUG qt.scenegraph.time.renderloop: [window 0x7f380ef04e40][render thread 0x7f380ed86040] syncAndRender: frame rendered in 6ms, sync=0, render=0, swap=6
2026-07-14 19:22:26.362 DEBUG qt.scenegraph.time.renderloop: [window 0x7f380ef04e40][render thread 0x7f380ed86040] syncAndRender: start, elapsed since last call: 6 ms
2026-07-14 19:22:26.362 DEBUG qt.scenegraph.time.renderloop: [window 0x7f380ef04e40][gui thread] Frame prepared, polish=0 ms, lock=0 ms, blockedForSync=0 ms, animations=0 ms
2026-07-14 19:22:26.362 DEBUG qt.scenegraph.time.renderer: time in renderer: total=0ms, preprocess=0, updates=0, rendering=0
2026-07-14 19:22:26.369 DEBUG qt.scenegraph.time.renderloop: [window 0x7f380ef04e40][gui thread] polishAndSync: start, elapsed since last call: 6 ms
2026-07-14 19:22:26.369 DEBUG qt.scenegraph.time.renderloop: [window 0x7f380ef04e40][render thread 0x7f380ed86040] syncAndRender: frame rendered in 6ms, sync=0, render=0, swap=6
2026-07-14 19:22:26.369 DEBUG qt.scenegraph.time.renderloop: [window 0x7f380ef04e40][render thread 0x7f380ed86040] syncAndRender: start, elapsed since last call: 7 ms
2026-07-14 19:22:26.369 DEBUG qt.scenegraph.time.renderloop: [window 0x7f380ef04e40][gui thread] Frame prepared, polish=0 ms, lock=0 ms, blockedForSync=0 ms, animations=0 ms
2026-07-14 19:22:26.369 DEBUG qt.scenegraph.time.renderer: time in renderer: total=0ms, preprocess=0, updates=0, rendering=0
2026-07-14 19:22:26.376 DEBUG qt.scenegraph.time.renderloop: [window 0x7f380ef04e40][gui thread] polishAndSync: start, elapsed since last call: 6 ms
2026-07-14 19:22:26.376 DEBUG qt.scenegraph.time.renderloop: [window 0x7f380ef04e40][render thread 0x7f380ed86040] syncAndRender: frame rendered in 6ms, sync=0, render=0, swap=6
2026-07-14 19:22:26.377 DEBUG qt.scenegraph.time.renderloop: [window 0x7f380ef04e40][render thread 0x7f380ed86040] syncAndRender: start, elapsed since last call: 7 ms
2026-07-14 19:22:26.377 DEBUG qt.scenegraph.time.renderloop: [window 0x7f380ef04e40][gui thread] Frame prepared, polish=0 ms, lock=0 ms, blockedForSync=0 ms, animations=0 ms
2026-07-14 19:22:26.377 DEBUG qt.scenegraph.time.renderer: time in renderer: total=0ms, preprocess=0, updates=0, rendering=0
2026-07-14 19:22:26.383 DEBUG qt.scenegraph.time.renderloop: [window 0x7f380ef04e40][gui thread] polishAndSync: start, elapsed since last call: 6 ms
2026-07-14 19:22:26.383 DEBUG qt.scenegraph.time.renderloop: [window 0x7f380ef04e40][render thread 0x7f380ed86040] syncAndRender: frame rendered in 6ms, sync=0, render=0, swap=6
2026-07-14 19:22:26.383 DEBUG qt.scenegraph.time.renderloop: [window 0x7f380ef04e40][render thread 0x7f380ed86040] syncAndRender: start, elapsed since last call: 6 ms
2026-07-14 19:22:26.383 DEBUG qt.scenegraph.time.renderloop: [window 0x7f380ef04e40][gui thread] Frame prepared, polish=0 ms, lock=0 ms, blockedForSync=0 ms, animations=0 ms
2026-07-14 19:22:26.383 DEBUG qt.scenegraph.time.renderer: time in renderer: total=0ms, preprocess=0, updates=0, rendering=0
2026-07-14 19:22:26.390 DEBUG qt.scenegraph.time.renderloop: [window 0x7f380ef04e40][gui thread] polishAndSync: start, elapsed since last call: 6 ms
2026-07-14 19:22:26.390 DEBUG qt.scenegraph.time.renderloop: [window 0x7f380ef04e40][render thread 0x7f380ed86040] syncAndRender: frame rendered in 6ms, sync=0, render=0, swap=6
2026-07-14 19:22:26.390 DEBUG qt.scenegraph.time.renderloop: [window 0x7f380ef04e40][render thread 0x7f380ed86040] syncAndRender: start, elapsed since last call: 6 ms
2026-07-14 19:22:26.390 DEBUG qt.scenegraph.time.renderloop: [window 0x7f380ef04e40][gui thread] Frame prepared, polish=0 ms, lock=0 ms, blockedForSync=0 ms, animations=0 ms
2026-07-14 19:22:26.390 DEBUG qt.scenegraph.time.renderer: time in renderer: total=0ms, preprocess=0, updates=0, rendering=0
2026-07-14 19:22:26.397 DEBUG qt.scenegraph.time.renderloop: [window 0x7f380ef04e40][gui thread] polishAndSync: start, elapsed since last call: 6 ms
2026-07-14 19:22:26.397 DEBUG qt.scenegraph.time.renderloop: [window 0x7f380ef04e40][render thread 0x7f380ed86040] syncAndRender: frame rendered in 6ms, sync=0, render=0, swap=6
2026-07-14 19:22:26.397 DEBUG qt.scenegraph.time.renderloop: [window 0x7f380ef04e40][render thread 0x7f380ed86040] syncAndRender: start, elapsed since last call: 7 ms
2026-07-14 19:22:26.397 DEBUG qt.scenegraph.time.renderloop: [window 0x7f380ef04e40][gui thread] Frame prepared, polish=0 ms, lock=0 ms, blockedForSync=0 ms, animations=0 ms
2026-07-14 19:22:26.397 DEBUG qt.scenegraph.time.renderer: time in renderer: total=0ms, preprocess=0, updates=0, rendering=0
2026-07-14 19:22:26.404 DEBUG qt.scenegraph.time.renderloop: [window 0x7f380ef04e40][gui thread] polishAndSync: start, elapsed since last call: 6 ms
2026-07-14 19:22:26.404 DEBUG qt.scenegraph.time.renderloop: [window 0x7f380ef04e40][render thread 0x7f380ed86040] syncAndRender: frame rendered in 6ms, sync=0, render=0, swap=6
2026-07-14 19:22:26.404 DEBUG qt.scenegraph.time.renderloop: [window 0x7f380ef04e40][render thread 0x7f380ed86040] syncAndRender: start, elapsed since last call: 6 ms
2026-07-14 19:22:26.404 DEBUG qt.scenegraph.time.renderloop: [window 0x7f380ef04e40][gui thread] Frame prepared, polish=0 ms, lock=0 ms, blockedForSync=0 ms, animations=0 ms
2026-07-14 19:22:26.404 DEBUG qt.scenegraph.time.renderer: time in renderer: total=0ms, preprocess=0, updates=0, rendering=0
2026-07-14 19:22:26.411 DEBUG qt.scenegraph.time.renderloop: [window 0x7f380ef04e40][gui thread] polishAndSync: start, elapsed since last call: 7 ms
2026-07-14 19:22:26.411 DEBUG qt.scenegraph.time.renderloop: [window 0x7f380ef04e40][render thread 0x7f380ed86040] syncAndRender: frame rendered in 6ms, sync=0, render=0, swap=6
2026-07-14 19:22:26.411 DEBUG qt.scenegraph.time.renderloop: [window 0x7f380ef04e40][render thread 0x7f380ed86040] syncAndRender: start, elapsed since last call: 7 ms
2026-07-14 19:22:26.412 DEBUG qt.scenegraph.time.renderloop: [window 0x7f380ef04e40][gui thread] Frame prepared, polish=0 ms, lock=0 ms, blockedForSync=0 ms, animations=0 ms
2026-07-14 19:22:26.412 DEBUG qt.scenegraph.time.renderer: time in renderer: total=0ms, preprocess=0, updates=0, rendering=0
2026-07-14 19:22:26.418 DEBUG qt.scenegraph.time.renderloop: [window 0x7f380ef04e40][gui thread] polishAndSync: start, elapsed since last call: 7 ms
2026-07-14 19:22:26.418 DEBUG qt.scenegraph.time.renderloop: [window 0x7f380ef04e40][render thread 0x7f380ed86040] syncAndRender: frame rendered in 6ms, sync=0, render=0, swap=6
2026-07-14 19:22:26.418 DEBUG qt.scenegraph.time.renderloop: [window 0x7f380ef04e40][render thread 0x7f380ed86040] syncAndRender: start, elapsed since last call: 6 ms
2026-07-14 19:22:26.418 DEBUG qt.scenegraph.time.renderloop: [window 0x7f380ef04e40][gui thread] Frame prepared, polish=0 ms, lock=0 ms, blockedForSync=0 ms, animations=0 ms
2026-07-14 19:22:26.418 DEBUG qt.scenegraph.time.renderer: time in renderer: total=0ms, preprocess=0, updates=0, rendering=0
2026-07-14 19:22:26.425 DEBUG qt.scenegraph.time.renderloop: [window 0x7f380ef04e40][gui thread] polishAndSync: start, elapsed since last call: 7 ms
2026-07-14 19:22:26.425 DEBUG qt.scenegraph.time.renderloop: [window 0x7f380ef04e40][render thread 0x7f380ed86040] syncAndRender: frame rendered in 7ms, sync=0, render=0, swap=6
2026-07-14 19:22:26.425 DEBUG qt.scenegraph.time.renderloop: [window 0x7f380ef04e40][render thread 0x7f380ed86040] syncAndRender: start, elapsed since last call: 7 ms
2026-07-14 19:22:26.425 DEBUG qt.scenegraph.time.renderloop: [window 0x7f380ef04e40][gui thread] Frame prepared, polish=0 ms, lock=0 ms, blockedForSync=0 ms, animations=0 ms
2026-07-14 19:22:26.425 DEBUG qt.scenegraph.time.renderer: time in renderer: total=0ms, preprocess=0, updates=0, rendering=0
2026-07-14 19:22:26.432 DEBUG qt.scenegraph.time.renderloop: [window 0x7f380ef04e40][render thread 0x7f380ed86040] syncAndRender: frame rendered in 6ms, sync=0, render=0, swap=6
2026-07-14 19:22:26.432 DEBUG qt.scenegraph.time.renderloop: [window 0x7f380ef04e40][gui thread] polishAndSync: start, elapsed since last call: 6 ms
2026-07-14 19:22:26.432 DEBUG qt.scenegraph.time.renderloop: [window 0x7f380ef04e40][render thread 0x7f380ed86040] syncAndRender: start, elapsed since last call: 6 ms
2026-07-14 19:22:26.432 DEBUG qt.scenegraph.time.renderloop: [window 0x7f380ef04e40][gui thread] Frame prepared, polish=0 ms, lock=0 ms, blockedForSync=0 ms, animations=0 ms
2026-07-14 19:22:26.432 DEBUG qt.scenegraph.time.renderer: time in renderer: total=0ms, preprocess=0, updates=0, rendering=0
2026-07-14 19:22:26.439 DEBUG qt.scenegraph.time.renderloop: [window 0x7f380ef04e40][gui thread] polishAndSync: start, elapsed since last call: 6 ms
2026-07-14 19:22:26.439 DEBUG qt.scenegraph.time.renderloop: [window 0x7f380ef04e40][render thread 0x7f380ed86040] syncAndRender: frame rendered in 6ms, sync=0, render=0, swap=6
2026-07-14 19:22:26.439 DEBUG qt.scenegraph.time.renderloop: [window 0x7f380ef04e40][render thread 0x7f380ed86040] syncAndRender: start, elapsed since last call: 6 ms
2026-07-14 19:22:26.439 DEBUG qt.scenegraph.time.renderloop: [window 0x7f380ef04e40][gui thread] Frame prepared, polish=0 ms, lock=0 ms, blockedForSync=0 ms, animations=0 ms
2026-07-14 19:22:26.439 DEBUG qt.scenegraph.time.renderer: time in renderer: total=0ms, preprocess=0, updates=0, rendering=0
2026-07-14 19:22:26.446 DEBUG qt.scenegraph.time.renderloop: [window 0x7f380ef04e40][gui thread] polishAndSync: start, elapsed since last call: 7 ms
2026-07-14 19:22:26.446 DEBUG qt.scenegraph.time.renderloop: [window 0x7f380ef04e40][render thread 0x7f380ed86040] syncAndRender: frame rendered in 6ms, sync=0, render=0, swap=6
2026-07-14 19:22:26.446 DEBUG qt.scenegraph.time.renderloop: [window 0x7f380ef04e40][render thread 0x7f380ed86040] syncAndRender: start, elapsed since last call: 7 ms
2026-07-14 19:22:26.447 DEBUG qt.scenegraph.time.renderloop: [window 0x7f380ef04e40][gui thread] Frame prepared, polish=0 ms, lock=0 ms, blockedForSync=0 ms, animations=0 ms
2026-07-14 19:22:26.447 DEBUG qt.scenegraph.time.renderer: time in renderer: total=0ms, preprocess=0, updates=0, rendering=0
2026-07-14 19:22:26.453 DEBUG qt.scenegraph.time.renderloop: [window 0x7f380ef04e40][render thread 0x7f380ed86040] syncAndRender: frame rendered in 6ms, sync=0, render=0, swap=6
2026-07-14 19:22:26.453 DEBUG qt.scenegraph.time.renderloop: [window 0x7f380ef04e40][gui thread] polishAndSync: start, elapsed since last call: 6 ms
2026-07-14 19:22:26.453 DEBUG qt.scenegraph.time.renderloop: [window 0x7f380ef04e40][render thread 0x7f380ed86040] syncAndRender: start, elapsed since last call: 6 ms
2026-07-14 19:22:26.453 DEBUG qt.scenegraph.time.renderloop: [window 0x7f380ef04e40][gui thread] Frame prepared, polish=0 ms, lock=0 ms, blockedForSync=0 ms, animations=0 ms
2026-07-14 19:22:26.453 DEBUG qt.scenegraph.time.renderer: time in renderer: total=0ms, preprocess=0, updates=0, rendering=0
2026-07-14 19:22:26.460 DEBUG qt.scenegraph.time.renderloop: [window 0x7f380ef04e40][gui thread] polishAndSync: start, elapsed since last call: 6 ms
2026-07-14 19:22:26.460 DEBUG qt.scenegraph.time.renderloop: [window 0x7f380ef04e40][render thread 0x7f380ed86040] syncAndRender: frame rendered in 6ms, sync=0, render=0, swap=6
2026-07-14 19:22:26.460 DEBUG qt.scenegraph.time.renderloop: [window 0x7f380ef04e40][render thread 0x7f380ed86040] syncAndRender: start, elapsed since last call: 7 ms
2026-07-14 19:22:26.460 DEBUG qt.scenegraph.time.renderloop: [window 0x7f380ef04e40][gui thread] Frame prepared, polish=0 ms, lock=0 ms, blockedForSync=0 ms, animations=0 ms
2026-07-14 19:22:26.460 DEBUG qt.scenegraph.time.renderer: time in renderer: total=0ms, preprocess=0, updates=0, rendering=0
2026-07-14 19:22:26.467 DEBUG qt.scenegraph.time.renderloop: [window 0x7f380ef04e40][gui thread] polishAndSync: start, elapsed since last call: 6 ms
2026-07-14 19:22:26.467 DEBUG qt.scenegraph.time.renderloop: [window 0x7f380ef04e40][render thread 0x7f380ed86040] syncAndRender: frame rendered in 6ms, sync=0, render=0, swap=6
2026-07-14 19:22:26.467 DEBUG qt.scenegraph.time.renderloop: [window 0x7f380ef04e40][render thread 0x7f380ed86040] syncAndRender: start, elapsed since last call: 6 ms
2026-07-14 19:22:26.467 DEBUG qt.scenegraph.time.renderloop: [window 0x7f380ef04e40][gui thread] Frame prepared, polish=0 ms, lock=0 ms, blockedForSync=0 ms, animations=0 ms
2026-07-14 19:22:26.467 DEBUG qt.scenegraph.time.renderer: time in renderer: total=0ms, preprocess=0, updates=0, rendering=0
2026-07-14 19:22:26.474 DEBUG qt.scenegraph.time.renderloop: [window 0x7f380ef04e40][gui thread] polishAndSync: start, elapsed since last call: 6 ms
2026-07-14 19:22:26.474 DEBUG qt.scenegraph.time.renderloop: [window 0x7f380ef04e40][render thread 0x7f380ed86040] syncAndRender: frame rendered in 6ms, sync=0, render=0, swap=6
2026-07-14 19:22:26.474 DEBUG qt.scenegraph.time.renderloop: [window 0x7f380ef04e40][render thread 0x7f380ed86040] syncAndRender: start, elapsed since last call: 7 ms
2026-07-14 19:22:26.474 DEBUG qt.scenegraph.time.renderloop: [window 0x7f380ef04e40][gui thread] Frame prepared, polish=0 ms, lock=0 ms, blockedForSync=0 ms, animations=0 ms
2026-07-14 19:22:26.474 DEBUG qt.scenegraph.time.renderer: time in renderer: total=0ms, preprocess=0, updates=0, rendering=0
2026-07-14 19:22:26.481 DEBUG qt.scenegraph.time.renderloop: [window 0x7f380ef04e40][render thread 0x7f380ed86040] syncAndRender: frame rendered in 6ms, sync=0, render=0, swap=6
2026-07-14 19:22:26.481 DEBUG qt.scenegraph.time.renderloop: [window 0x7f380ef04e40][gui thread] polishAndSync: start, elapsed since last call: 7 ms
2026-07-14 19:22:26.481 DEBUG qt.scenegraph.time.renderloop: [window 0x7f380ef04e40][render thread 0x7f380ed86040] syncAndRender: start, elapsed since last call: 6 ms
2026-07-14 19:22:26.481 DEBUG qt.scenegraph.time.renderloop: [window 0x7f380ef04e40][gui thread] Frame prepared, polish=0 ms, lock=0 ms, blockedForSync=0 ms, animations=0 ms
2026-07-14 19:22:26.481 DEBUG qt.scenegraph.time.renderer: time in renderer: total=0ms, preprocess=0, updates=0, rendering=0
2026-07-14 19:22:26.488 DEBUG qt.scenegraph.time.renderloop: [window 0x7f380ef04e40][gui thread] polishAndSync: start, elapsed since last call: 6 ms
2026-07-14 19:22:26.488 DEBUG qt.scenegraph.time.renderloop: [window 0x7f380ef04e40][render thread 0x7f380ed86040] syncAndRender: frame rendered in 6ms, sync=0, render=0, swap=6
2026-07-14 19:22:26.488 DEBUG qt.scenegraph.time.renderloop: [window 0x7f380ef04e40][render thread 0x7f380ed86040] syncAndRender: start, elapsed since last call: 6 ms
2026-07-14 19:22:26.488 DEBUG qt.scenegraph.time.renderloop: [window 0x7f380ef04e40][gui thread] Frame prepared, polish=0 ms, lock=0 ms, blockedForSync=0 ms, animations=0 ms
2026-07-14 19:22:26.488 DEBUG qt.scenegraph.time.renderer: time in renderer: total=0ms, preprocess=0, updates=0, rendering=0
2026-07-14 19:22:26.494 DEBUG qt.scenegraph.time.renderloop: [window 0x7f380ef04e40][gui thread] polishAndSync: start, elapsed since last call: 6 ms
2026-07-14 19:22:26.494 DEBUG qt.scenegraph.time.renderloop: [window 0x7f380ef04e40][render thread 0x7f380ed86040] syncAndRender: frame rendered in 6ms, sync=0, render=0, swap=6
2026-07-14 19:22:26.494 DEBUG qt.scenegraph.time.renderloop: [window 0x7f380ef04e40][render thread 0x7f380ed86040] syncAndRender: start, elapsed since last call: 6 ms
2026-07-14 19:22:26.494 DEBUG qt.scenegraph.time.renderloop: [window 0x7f380ef04e40][gui thread] Frame prepared, polish=0 ms, lock=0 ms, blockedForSync=0 ms, animations=0 ms
2026-07-14 19:22:26.495 DEBUG qt.scenegraph.time.renderer: time in renderer: total=0ms, preprocess=0, updates=0, rendering=0
2026-07-14 19:22:26.502 DEBUG qt.scenegraph.time.renderloop: [window 0x7f380ef04e40][gui thread] polishAndSync: start, elapsed since last call: 7 ms
2026-07-14 19:22:26.502 DEBUG qt.scenegraph.time.renderloop: [window 0x7f380ef04e40][render thread 0x7f380ed86040] syncAndRender: frame rendered in 7ms, sync=0, render=0, swap=6
2026-07-14 19:22:26.502 DEBUG qt.scenegraph.time.renderloop: [window 0x7f380ef04e40][render thread 0x7f380ed86040] syncAndRender: start, elapsed since last call: 7 ms
2026-07-14 19:22:26.502 DEBUG qt.scenegraph.time.renderloop: [window 0x7f380ef04e40][gui thread] Frame prepared, polish=0 ms, lock=0 ms, blockedForSync=0 ms, animations=0 ms
2026-07-14 19:22:26.502 DEBUG qt.scenegraph.time.renderer: time in renderer: total=0ms, preprocess=0, updates=0, rendering=0
2026-07-14 19:22:26.508 DEBUG qt.scenegraph.time.renderloop: [window 0x7f380ef04e40][gui thread] polishAndSync: start, elapsed since last call: 6 ms
2026-07-14 19:22:26.508 DEBUG qt.scenegraph.time.renderloop: [window 0x7f380ef04e40][render thread 0x7f380ed86040] syncAndRender: frame rendered in 6ms, sync=0, render=0, swap=6
2026-07-14 19:22:26.509 DEBUG qt.scenegraph.time.renderloop: [window 0x7f380ef04e40][render thread 0x7f380ed86040] syncAndRender: start, elapsed since last call: 7 ms
2026-07-14 19:22:26.509 DEBUG qt.scenegraph.time.renderloop: [window 0x7f380ef04e40][gui thread] Frame prepared, polish=0 ms, lock=0 ms, blockedForSync=0 ms, animations=0 ms
2026-07-14 19:22:26.509 DEBUG qt.scenegraph.time.renderer: time in renderer: total=0ms, preprocess=0, updates=0, rendering=0
2026-07-14 19:22:26.515 DEBUG qt.scenegraph.time.renderloop: [window 0x7f380ef04e40][gui thread] polishAndSync: start, elapsed since last call: 7 ms
2026-07-14 19:22:26.515 DEBUG qt.scenegraph.time.renderloop: [window 0x7f380ef04e40][render thread 0x7f380ed86040] syncAndRender: frame rendered in 6ms, sync=0, render=0, swap=6
2026-07-14 19:22:26.516 DEBUG qt.scenegraph.time.renderloop: [window 0x7f380ef04e40][render thread 0x7f380ed86040] syncAndRender: start, elapsed since last call: 6 ms
2026-07-14 19:22:26.516 DEBUG qt.scenegraph.time.renderloop: [window 0x7f380ef04e40][gui thread] Frame prepared, polish=0 ms, lock=0 ms, blockedForSync=0 ms, animations=0 ms
2026-07-14 19:22:26.516 DEBUG qt.scenegraph.time.renderer: time in renderer: total=0ms, preprocess=0, updates=0, rendering=0
2026-07-14 19:22:26.522 DEBUG qt.scenegraph.time.renderloop: [window 0x7f380ef04e40][gui thread] polishAndSync: start, elapsed since last call: 6 ms
2026-07-14 19:22:26.522 DEBUG qt.scenegraph.time.renderloop: [window 0x7f380ef04e40][render thread 0x7f380ed86040] syncAndRender: frame rendered in 6ms, sync=0, render=0, swap=6
2026-07-14 19:22:26.522 DEBUG qt.scenegraph.time.renderloop: [window 0x7f380ef04e40][render thread 0x7f380ed86040] syncAndRender: start, elapsed since last call: 6 ms
2026-07-14 19:22:26.522 DEBUG qt.scenegraph.time.renderloop: [window 0x7f380ef04e40][gui thread] Frame prepared, polish=0 ms, lock=0 ms, blockedForSync=0 ms, animations=0 ms
2026-07-14 19:22:26.522 DEBUG qt.scenegraph.time.renderer: time in renderer: total=0ms, preprocess=0, updates=0, rendering=0
2026-07-14 19:22:26.529 DEBUG qt.scenegraph.time.renderloop: [window 0x7f380ef04e40][gui thread] polishAndSync: start, elapsed since last call: 6 ms
2026-07-14 19:22:26.529 DEBUG qt.scenegraph.time.renderloop: [window 0x7f380ef04e40][render thread 0x7f380ed86040] syncAndRender: frame rendered in 6ms, sync=0, render=0, swap=6
2026-07-14 19:22:26.529 DEBUG qt.scenegraph.time.renderloop: [window 0x7f380ef04e40][render thread 0x7f380ed86040] syncAndRender: start, elapsed since last call: 6 ms
2026-07-14 19:22:26.529 DEBUG qt.scenegraph.time.renderloop: [window 0x7f380ef04e40][gui thread] Frame prepared, polish=0 ms, lock=0 ms, blockedForSync=0 ms, animations=0 ms
2026-07-14 19:22:26.529 DEBUG qt.scenegraph.time.renderer: time in renderer: total=0ms, preprocess=0, updates=0, rendering=0
2026-07-14 19:22:26.536 DEBUG qt.scenegraph.time.renderloop: [window 0x7f380ef04e40][gui thread] polishAndSync: start, elapsed since last call: 7 ms
2026-07-14 19:22:26.536 DEBUG qt.scenegraph.time.renderloop: [window 0x7f380ef04e40][render thread 0x7f380ed86040] syncAndRender: frame rendered in 7ms, sync=0, render=0, swap=6
2026-07-14 19:22:26.536 DEBUG qt.scenegraph.time.renderloop: [window 0x7f380ef04e40][render thread 0x7f380ed86040] syncAndRender: start, elapsed since last call: 7 ms
2026-07-14 19:22:26.536 DEBUG qt.scenegraph.time.renderloop: [window 0x7f380ef04e40][gui thread] Frame prepared, polish=0 ms, lock=0 ms, blockedForSync=0 ms, animations=0 ms
2026-07-14 19:22:26.536 DEBUG qt.scenegraph.time.renderer: time in renderer: total=0ms, preprocess=0, updates=0, rendering=0
2026-07-14 19:22:26.543 DEBUG qt.scenegraph.time.renderloop: [window 0x7f380ef04e40][gui thread] polishAndSync: start, elapsed since last call: 6 ms
2026-07-14 19:22:26.543 DEBUG qt.scenegraph.time.renderloop: [window 0x7f380ef04e40][render thread 0x7f380ed86040] syncAndRender: frame rendered in 6ms, sync=0, render=0, swap=6
2026-07-14 19:22:26.544 DEBUG qt.scenegraph.time.renderloop: [window 0x7f380ef04e40][render thread 0x7f380ed86040] syncAndRender: start, elapsed since last call: 7 ms
2026-07-14 19:22:26.544 DEBUG qt.scenegraph.time.renderloop: [window 0x7f380ef04e40][gui thread] Frame prepared, polish=0 ms, lock=0 ms, blockedForSync=0 ms, animations=0 ms
2026-07-14 19:22:26.544 DEBUG qt.scenegraph.time.renderer: time in renderer: total=0ms, preprocess=0, updates=0, rendering=0
2026-07-14 19:22:26.550 DEBUG qt.scenegraph.time.renderloop: [window 0x7f380ef04e40][gui thread] polishAndSync: start, elapsed since last call: 6 ms
2026-07-14 19:22:26.550 DEBUG qt.scenegraph.time.renderloop: [window 0x7f380ef04e40][render thread 0x7f380ed86040] syncAndRender: frame rendered in 6ms, sync=0, render=0, swap=6
2026-07-14 19:22:26.550 DEBUG qt.scenegraph.time.renderloop: [window 0x7f380ef04e40][render thread 0x7f380ed86040] syncAndRender: start, elapsed since last call: 6 ms
2026-07-14 19:22:26.550 DEBUG qt.scenegraph.time.renderloop: [window 0x7f380ef04e40][gui thread] Frame prepared, polish=0 ms, lock=0 ms, blockedForSync=0 ms, animations=0 ms
2026-07-14 19:22:26.550 DEBUG qt.scenegraph.time.renderer: time in renderer: total=0ms, preprocess=0, updates=0, rendering=0
2026-07-14 19:22:26.557 DEBUG qt.scenegraph.time.renderloop: [window 0x7f380ef04e40][gui thread] polishAndSync: start, elapsed since last call: 6 ms
2026-07-14 19:22:26.557 DEBUG qt.scenegraph.time.renderloop: [window 0x7f380ef04e40][render thread 0x7f380ed86040] syncAndRender: frame rendered in 6ms, sync=0, render=0, swap=6
2026-07-14 19:22:26.557 DEBUG qt.scenegraph.time.renderloop: [window 0x7f380ef04e40][render thread 0x7f380ed86040] syncAndRender: start, elapsed since last call: 6 ms
2026-07-14 19:22:26.557 DEBUG qt.scenegraph.time.renderloop: [window 0x7f380ef04e40][gui thread] Frame prepared, polish=0 ms, lock=0 ms, blockedForSync=0 ms, animations=0 ms
2026-07-14 19:22:26.557 DEBUG qt.scenegraph.time.renderer: time in renderer: total=0ms, preprocess=0, updates=0, rendering=0
2026-07-14 19:22:26.564 DEBUG qt.scenegraph.time.renderloop: [window 0x7f380ef04e40][render thread 0x7f380ed86040] syncAndRender: frame rendered in 6ms, sync=0, render=0, swap=6
2026-07-14 19:22:26.578 DEBUG qt.scenegraph.time.renderloop: [window 0x7f380ef04e40][gui thread] polishAndSync: start, elapsed since last call: 21 ms
2026-07-14 19:22:26.578 DEBUG qt.scenegraph.time.renderloop: [window 0x7f380ef04e40][render thread 0x7f380ed86040] syncAndRender: start, elapsed since last call: 21 ms
2026-07-14 19:22:26.578 DEBUG qt.scenegraph.time.renderloop: [window 0x7f380ef04e40][gui thread] Frame prepared, polish=0 ms, lock=0 ms, blockedForSync=0 ms, animations=0 ms
2026-07-14 19:22:26.578 DEBUG qt.scenegraph.time.renderer: time in renderer: total=0ms, preprocess=0, updates=0, rendering=0
2026-07-14 19:22:26.579 DEBUG qt.scenegraph.time.renderloop: [window 0x7f380ef04e40][render thread 0x7f380ed86040] syncAndRender: frame rendered in 0ms, sync=0, render=0, swap=0
2026-07-14 19:22:26.585 DEBUG qt.scenegraph.time.renderloop: [window 0x7f380ef04e40][gui thread] polishAndSync: start, elapsed since last call: 6 ms
2026-07-14 19:22:26.585 DEBUG qt.scenegraph.time.renderloop: [window 0x7f380ef04e40][render thread 0x7f380ed86040] syncAndRender: start, elapsed since last call: 6 ms
2026-07-14 19:22:26.585 DEBUG qt.scenegraph.time.renderloop: [window 0x7f380ef04e40][gui thread] Frame prepared, polish=0 ms, lock=0 ms, blockedForSync=0 ms, animations=0 ms
2026-07-14 19:22:26.585 DEBUG qt.scenegraph.time.renderer: time in renderer: total=0ms, preprocess=0, updates=0, rendering=0
2026-07-14 19:22:26.585 DEBUG qt.scenegraph.time.renderloop: [window 0x7f380ef04e40][render thread 0x7f380ed86040] syncAndRender: frame rendered in 0ms, sync=0, render=0, swap=0
2026-07-14 19:22:26.612 DEBUG qt.scenegraph.time.renderloop: [window 0x7f380ef04e40][gui thread] polishAndSync: start, elapsed since last call: 27 ms
2026-07-14 19:22:26.612 DEBUG qt.scenegraph.time.renderloop: [window 0x7f380ef04e40][render thread 0x7f380ed86040] syncAndRender: start, elapsed since last call: 27 ms
2026-07-14 19:22:26.612 DEBUG qt.scenegraph.time.renderloop: [window 0x7f380ef04e40][gui thread] Frame prepared, polish=0 ms, lock=0 ms, blockedForSync=0 ms, animations=0 ms
2026-07-14 19:22:26.612 DEBUG qt.scenegraph.time.renderer: time in renderer: total=0ms, preprocess=0, updates=0, rendering=0
2026-07-14 19:22:26.613 DEBUG qt.scenegraph.time.renderloop: [window 0x7f380ef04e40][render thread 0x7f380ed86040] syncAndRender: frame rendered in 0ms, sync=0, render=0, swap=0
2026-07-14 19:22:26.619 DEBUG qt.scenegraph.time.renderloop: [window 0x7f380ef04e40][gui thread] polishAndSync: start, elapsed since last call: 7 ms
2026-07-14 19:22:26.619 DEBUG qt.scenegraph.time.renderloop: [window 0x7f380ef04e40][render thread 0x7f380ed86040] syncAndRender: start, elapsed since last call: 7 ms
2026-07-14 19:22:26.620 DEBUG qt.scenegraph.time.renderloop: [window 0x7f380ef04e40][gui thread] Frame prepared, polish=0 ms, lock=0 ms, blockedForSync=0 ms, animations=0 ms
2026-07-14 19:22:26.620 DEBUG qt.scenegraph.time.renderer: time in renderer: total=0ms, preprocess=0, updates=0, rendering=0
2026-07-14 19:22:26.620 DEBUG qt.scenegraph.time.renderloop: [window 0x7f380ef04e40][render thread 0x7f380ed86040] syncAndRender: frame rendered in 0ms, sync=0, render=0, swap=0
2026-07-14 19:22:26.645 DEBUG qt.scenegraph.time.renderloop: [window 0x7f380ef04e40][gui thread] polishAndSync: start, elapsed since last call: 25 ms
2026-07-14 19:22:26.645 DEBUG qt.scenegraph.time.renderloop: [window 0x7f380ef04e40][render thread 0x7f380ed86040] syncAndRender: start, elapsed since last call: 25 ms
2026-07-14 19:22:26.645 DEBUG qt.scenegraph.time.renderloop: [window 0x7f380ef04e40][gui thread] Frame prepared, polish=0 ms, lock=0 ms, blockedForSync=0 ms, animations=0 ms
2026-07-14 19:22:26.645 DEBUG qt.scenegraph.time.renderer: time in renderer: total=0ms, preprocess=0, updates=0, rendering=0
2026-07-14 19:22:26.645 DEBUG qt.scenegraph.time.renderloop: [window 0x7f380ef04e40][render thread 0x7f380ed86040] syncAndRender: frame rendered in 0ms, sync=0, render=0, swap=0
2026-07-14 19:22:26.647 DEBUG qt.scenegraph.time.renderloop: [window 0x7f380ef04e40][gui thread] polishAndSync: start, elapsed since last call: 2 ms
2026-07-14 19:22:26.647 DEBUG qt.scenegraph.time.renderloop: [window 0x7f380ef04e40][render thread 0x7f380ed86040] syncAndRender: start, elapsed since last call: 2 ms
2026-07-14 19:22:26.648 DEBUG qt.scenegraph.time.renderloop: [window 0x7f380ef04e40][gui thread] Frame prepared, polish=0 ms, lock=0 ms, blockedForSync=0 ms, animations=0 ms
2026-07-14 19:22:26.648 DEBUG qt.scenegraph.time.renderer: time in renderer: total=0ms, preprocess=0, updates=0, rendering=0
2026-07-14 19:22:26.648 DEBUG qt.scenegraph.time.renderloop: [window 0x7f380ef04e40][render thread 0x7f380ed86040] syncAndRender: frame rendered in 0ms, sync=0, render=0, swap=0
2026-07-14 19:22:26.677 DEBUG qt.scenegraph.time.renderloop: [window 0x7f380ef04e40][gui thread] polishAndSync: start, elapsed since last call: 29 ms
2026-07-14 19:22:26.678 DEBUG qt.scenegraph.time.renderloop: [window 0x7f380ef04e40][render thread 0x7f380ed86040] syncAndRender: start, elapsed since last call: 30 ms
2026-07-14 19:22:26.678 DEBUG qt.scenegraph.time.renderloop: [window 0x7f380ef04e40][gui thread] Frame prepared, polish=0 ms, lock=0 ms, blockedForSync=0 ms, animations=0 ms
2026-07-14 19:22:26.678 DEBUG qt.scenegraph.time.renderer: time in renderer: total=0ms, preprocess=0, updates=0, rendering=0
2026-07-14 19:22:26.678 DEBUG qt.scenegraph.time.renderloop: [window 0x7f380ef04e40][render thread 0x7f380ed86040] syncAndRender: frame rendered in 0ms, sync=0, render=0, swap=0
2026-07-14 19:22:26.682 DEBUG qt.scenegraph.time.renderloop: [window 0x7f380ef04e40][gui thread] polishAndSync: start, elapsed since last call: 4 ms
2026-07-14 19:22:26.682 DEBUG qt.scenegraph.time.renderloop: [window 0x7f380ef04e40][render thread 0x7f380ed86040] syncAndRender: start, elapsed since last call: 4 ms
2026-07-14 19:22:26.682 DEBUG qt.scenegraph.time.renderloop: [window 0x7f380ef04e40][gui thread] Frame prepared, polish=0 ms, lock=0 ms, blockedForSync=0 ms, animations=0 ms
2026-07-14 19:22:26.682 DEBUG qt.scenegraph.time.renderer: time in renderer: total=0ms, preprocess=0, updates=0, rendering=0
2026-07-14 19:22:26.682 DEBUG qt.scenegraph.time.renderloop: [window 0x7f380ef04e40][render thread 0x7f380ed86040] syncAndRender: frame rendered in 0ms, sync=0, render=0, swap=0
2026-07-14 19:22:26.711 DEBUG qt.scenegraph.time.renderloop: [window 0x7f380ef04e40][gui thread] polishAndSync: start, elapsed since last call: 29 ms
2026-07-14 19:22:26.712 DEBUG qt.scenegraph.time.renderloop: [window 0x7f380ef04e40][render thread 0x7f380ed86040] syncAndRender: start, elapsed since last call: 29 ms
2026-07-14 19:22:26.712 DEBUG qt.scenegraph.time.renderloop: [window 0x7f380ef04e40][gui thread] Frame prepared, polish=0 ms, lock=0 ms, blockedForSync=0 ms, animations=0 ms
2026-07-14 19:22:26.712 DEBUG qt.scenegraph.time.renderer: time in renderer: total=0ms, preprocess=0, updates=0, rendering=0
2026-07-14 19:22:26.712 DEBUG qt.scenegraph.time.renderloop: [window 0x7f380ef04e40][render thread 0x7f380ed86040] syncAndRender: frame rendered in 0ms, sync=0, render=0, swap=0
2026-07-14 19:22:26.717 DEBUG qt.scenegraph.time.renderloop: [window 0x7f380ef04e40][gui thread] polishAndSync: start, elapsed since last call: 5 ms
2026-07-14 19:22:26.717 DEBUG qt.scenegraph.time.renderloop: [window 0x7f380ef04e40][render thread 0x7f380ed86040] syncAndRender: start, elapsed since last call: 5 ms
2026-07-14 19:22:26.717 DEBUG qt.scenegraph.time.renderloop: [window 0x7f380ef04e40][gui thread] Frame prepared, polish=0 ms, lock=0 ms, blockedForSync=0 ms, animations=0 ms
2026-07-14 19:22:26.717 DEBUG qt.scenegraph.time.renderer: time in renderer: total=0ms, preprocess=0, updates=0, rendering=0
2026-07-14 19:22:26.717 DEBUG qt.scenegraph.time.renderloop: [window 0x7f380ef04e40][render thread 0x7f380ed86040] syncAndRender: frame rendered in 0ms, sync=0, render=0, swap=0
2026-07-14 19:22:26.744 DEBUG qt.scenegraph.time.renderloop: [window 0x7f380ef04e40][gui thread] polishAndSync: start, elapsed since last call: 27 ms
2026-07-14 19:22:26.744 DEBUG qt.scenegraph.time.renderloop: [window 0x7f380ef04e40][render thread 0x7f380ed86040] syncAndRender: start, elapsed since last call: 27 ms
2026-07-14 19:22:26.744 DEBUG qt.scenegraph.time.renderloop: [window 0x7f380ef04e40][gui thread] Frame prepared, polish=0 ms, lock=0 ms, blockedForSync=0 ms, animations=0 ms
2026-07-14 19:22:26.745 DEBUG qt.scenegraph.time.renderer: time in renderer: total=0ms, preprocess=0, updates=0, rendering=0
2026-07-14 19:22:26.745 DEBUG qt.scenegraph.time.renderloop: [window 0x7f380ef04e40][render thread 0x7f380ed86040] syncAndRender: frame rendered in 0ms, sync=0, render=0, swap=0
2026-07-14 19:22:26.752 DEBUG qt.scenegraph.time.renderloop: [window 0x7f380ef04e40][gui thread] polishAndSync: start, elapsed since last call: 7 ms
2026-07-14 19:22:26.752 DEBUG qt.scenegraph.time.renderloop: [window 0x7f380ef04e40][render thread 0x7f380ed86040] syncAndRender: start, elapsed since last call: 7 ms
2026-07-14 19:22:26.752 DEBUG qt.scenegraph.time.renderloop: [window 0x7f380ef04e40][gui thread] Frame prepared, polish=0 ms, lock=0 ms, blockedForSync=0 ms, animations=0 ms
2026-07-14 19:22:26.752 DEBUG qt.scenegraph.time.renderer: time in renderer: total=0ms, preprocess=0, updates=0, rendering=0
2026-07-14 19:22:26.752 DEBUG qt.scenegraph.time.renderloop: [window 0x7f380ef04e40][render thread 0x7f380ed86040] syncAndRender: frame rendered in 0ms, sync=0, render=0, swap=0
2026-07-14 19:22:26.777 DEBUG qt.scenegraph.time.renderloop: [window 0x7f380ef04e40][gui thread] polishAndSync: start, elapsed since last call: 24 ms
2026-07-14 19:22:26.777 DEBUG qt.scenegraph.time.renderloop: [window 0x7f380ef04e40][render thread 0x7f380ed86040] syncAndRender: start, elapsed since last call: 25 ms
2026-07-14 19:22:26.777 DEBUG qt.scenegraph.time.renderloop: [window 0x7f380ef04e40][gui thread] Frame prepared, polish=0 ms, lock=0 ms, blockedForSync=0 ms, animations=0 ms
2026-07-14 19:22:26.777 DEBUG qt.scenegraph.time.renderer: time in renderer: total=0ms, preprocess=0, updates=0, rendering=0
2026-07-14 19:22:26.777 DEBUG qt.scenegraph.time.renderloop: [window 0x7f380ef04e40][render thread 0x7f380ed86040] syncAndRender: frame rendered in 0ms, sync=0, render=0, swap=0
2026-07-14 19:22:26.779 DEBUG qt.scenegraph.time.renderloop: [window 0x7f380ef04e40][gui thread] polishAndSync: start, elapsed since last call: 2 ms
2026-07-14 19:22:26.779 DEBUG qt.scenegraph.time.renderloop: [window 0x7f380ef04e40][render thread 0x7f380ed86040] syncAndRender: start, elapsed since last call: 2 ms
2026-07-14 19:22:26.779 DEBUG qt.scenegraph.time.renderloop: [window 0x7f380ef04e40][gui thread] Frame prepared, polish=0 ms, lock=0 ms, blockedForSync=0 ms, animations=0 ms
2026-07-14 19:22:26.780 DEBUG qt.scenegraph.time.renderer: time in renderer: total=0ms, preprocess=0, updates=0, rendering=0
2026-07-14 19:22:26.780 DEBUG qt.scenegraph.time.renderloop: [window 0x7f380ef04e40][render thread 0x7f380ed86040] syncAndRender: frame rendered in 0ms, sync=0, render=0, swap=0
2026-07-14 19:22:26.810 DEBUG qt.scenegraph.time.renderloop: [window 0x7f380ef04e40][gui thread] polishAndSync: start, elapsed since last call: 30 ms
2026-07-14 19:22:26.810 DEBUG qt.scenegraph.time.renderloop: [window 0x7f380ef04e40][render thread 0x7f380ed86040] syncAndRender: start, elapsed since last call: 30 ms
2026-07-14 19:22:26.810 DEBUG qt.scenegraph.time.renderloop: [window 0x7f380ef04e40][gui thread] Frame prepared, polish=0 ms, lock=0 ms, blockedForSync=0 ms, animations=0 ms
2026-07-14 19:22:26.810 DEBUG qt.scenegraph.time.renderer: time in renderer: total=0ms, preprocess=0, updates=0, rendering=0
2026-07-14 19:22:26.810 DEBUG qt.scenegraph.time.renderloop: [window 0x7f380ef04e40][render thread 0x7f380ed86040] syncAndRender: frame rendered in 0ms, sync=0, render=0, swap=0
2026-07-14 19:22:26.814 DEBUG qt.scenegraph.time.renderloop: [window 0x7f380ef04e40][gui thread] polishAndSync: start, elapsed since last call: 4 ms
2026-07-14 19:22:26.814 DEBUG qt.scenegraph.time.renderloop: [window 0x7f380ef04e40][render thread 0x7f380ed86040] syncAndRender: start, elapsed since last call: 4 ms
2026-07-14 19:22:26.814 DEBUG qt.scenegraph.time.renderloop: [window 0x7f380ef04e40][gui thread] Frame prepared, polish=0 ms, lock=0 ms, blockedForSync=0 ms, animations=0 ms
2026-07-14 19:22:26.814 DEBUG qt.scenegraph.time.renderer: time in renderer: total=0ms, preprocess=0, updates=0, rendering=0
2026-07-14 19:22:26.815 DEBUG qt.scenegraph.time.renderloop: [window 0x7f380ef04e40][render thread 0x7f380ed86040] syncAndRender: frame rendered in 0ms, sync=0, render=0, swap=0
2026-07-14 19:22:26.842 DEBUG qt.scenegraph.time.renderloop: [window 0x7f380ef04e40][gui thread] polishAndSync: start, elapsed since last call: 27 ms
2026-07-14 19:22:26.843 DEBUG qt.scenegraph.time.renderloop: [window 0x7f380ef04e40][render thread 0x7f380ed86040] syncAndRender: start, elapsed since last call: 28 ms
2026-07-14 19:22:26.843 DEBUG qt.scenegraph.time.renderloop: [window 0x7f380ef04e40][gui thread] Frame prepared, polish=0 ms, lock=0 ms, blockedForSync=0 ms, animations=0 ms
2026-07-14 19:22:26.843 DEBUG qt.scenegraph.time.renderer: time in renderer: total=0ms, preprocess=0, updates=0, rendering=0
2026-07-14 19:22:26.843 DEBUG qt.scenegraph.time.renderloop: [window 0x7f380ef04e40][render thread 0x7f380ed86040] syncAndRender: frame rendered in 0ms, sync=0, render=0, swap=0
2026-07-14 19:22:26.849 DEBUG qt.scenegraph.time.renderloop: [window 0x7f380ef04e40][gui thread] polishAndSync: start, elapsed since last call: 6 ms
2026-07-14 19:22:26.849 DEBUG qt.scenegraph.time.renderloop: [window 0x7f380ef04e40][render thread 0x7f380ed86040] syncAndRender: start, elapsed since last call: 6 ms
2026-07-14 19:22:26.849 DEBUG qt.scenegraph.time.renderloop: [window 0x7f380ef04e40][gui thread] Frame prepared, polish=0 ms, lock=0 ms, blockedForSync=0 ms, animations=0 ms
2026-07-14 19:22:26.849 DEBUG qt.scenegraph.time.renderer: time in renderer: total=0ms, preprocess=0, updates=0, rendering=0
2026-07-14 19:22:26.849 DEBUG qt.scenegraph.time.renderloop: [window 0x7f380ef04e40][render thread 0x7f380ed86040] syncAndRender: frame rendered in 0ms, sync=0, render=0, swap=0
2026-07-14 19:22:26.876 DEBUG qt.scenegraph.time.renderloop: [window 0x7f380ef04e40][gui thread] polishAndSync: start, elapsed since last call: 27 ms
2026-07-14 19:22:26.877 DEBUG qt.scenegraph.time.renderloop: [window 0x7f380ef04e40][render thread 0x7f380ed86040] syncAndRender: start, elapsed since last call: 27 ms
2026-07-14 19:22:26.877 DEBUG qt.scenegraph.time.renderloop: [window 0x7f380ef04e40][gui thread] Frame prepared, polish=0 ms, lock=0 ms, blockedForSync=0 ms, animations=0 ms
2026-07-14 19:22:26.877 DEBUG qt.scenegraph.time.renderer: time in renderer: total=0ms, preprocess=0, updates=0, rendering=0
2026-07-14 19:22:26.877 DEBUG qt.scenegraph.time.renderloop: [window 0x7f380ef04e40][render thread 0x7f380ed86040] syncAndRender: frame rendered in 0ms, sync=0, render=0, swap=0
2026-07-14 19:22:26.884 DEBUG qt.scenegraph.time.renderloop: [window 0x7f380ef04e40][gui thread] polishAndSync: start, elapsed since last call: 7 ms
2026-07-14 19:22:26.884 DEBUG qt.scenegraph.time.renderloop: [window 0x7f380ef04e40][render thread 0x7f380ed86040] syncAndRender: start, elapsed since last call: 7 ms
2026-07-14 19:22:26.884 DEBUG qt.scenegraph.time.renderloop: [window 0x7f380ef04e40][gui thread] Frame prepared, polish=0 ms, lock=0 ms, blockedForSync=0 ms, animations=0 ms
2026-07-14 19:22:26.884 DEBUG qt.scenegraph.time.renderer: time in renderer: total=0ms, preprocess=0, updates=0, rendering=0
2026-07-14 19:22:26.884 DEBUG qt.scenegraph.time.renderloop: [window 0x7f380ef04e40][render thread 0x7f380ed86040] syncAndRender: frame rendered in 0ms, sync=0, render=0, swap=0
2026-07-14 19:22:26.909 DEBUG qt.scenegraph.time.renderloop: [window 0x7f380ef04e40][gui thread] polishAndSync: start, elapsed since last call: 25 ms
2026-07-14 19:22:26.909 DEBUG qt.scenegraph.time.renderloop: [window 0x7f380ef04e40][render thread 0x7f380ed86040] syncAndRender: start, elapsed since last call: 25 ms
2026-07-14 19:22:26.909 DEBUG qt.scenegraph.time.renderloop: [window 0x7f380ef04e40][gui thread] Frame prepared, polish=0 ms, lock=0 ms, blockedForSync=0 ms, animations=0 ms
2026-07-14 19:22:26.909 DEBUG qt.scenegraph.time.renderer: time in renderer: total=0ms, preprocess=0, updates=0, rendering=0
2026-07-14 19:22:26.909 DEBUG qt.scenegraph.time.renderloop: [window 0x7f380ef04e40][render thread 0x7f380ed86040] syncAndRender: frame rendered in 0ms, sync=0, render=0, swap=0
2026-07-14 19:22:26.911 DEBUG qt.scenegraph.time.renderloop: [window 0x7f380ef04e40][gui thread] polishAndSync: start, elapsed since last call: 2 ms
2026-07-14 19:22:26.911 DEBUG qt.scenegraph.time.renderloop: [window 0x7f380ef04e40][render thread 0x7f380ed86040] syncAndRender: start, elapsed since last call: 2 ms
2026-07-14 19:22:26.911 DEBUG qt.scenegraph.time.renderloop: [window 0x7f380ef04e40][gui thread] Frame prepared, polish=0 ms, lock=0 ms, blockedForSync=0 ms, animations=0 ms
2026-07-14 19:22:26.911 DEBUG qt.scenegraph.time.renderer: time in renderer: total=0ms, preprocess=0, updates=0, rendering=0
2026-07-14 19:22:26.912 DEBUG qt.scenegraph.time.renderloop: [window 0x7f380ef04e40][render thread 0x7f380ed86040] syncAndRender: frame rendered in 0ms, sync=0, render=0, swap=0
2026-07-14 19:22:26.941 DEBUG qt.scenegraph.time.renderloop: [window 0x7f380ef04e40][gui thread] polishAndSync: start, elapsed since last call: 30 ms
2026-07-14 19:22:26.942 DEBUG qt.scenegraph.time.renderloop: [window 0x7f380ef04e40][render thread 0x7f380ed86040] syncAndRender: start, elapsed since last call: 30 ms
2026-07-14 19:22:26.942 DEBUG qt.scenegraph.time.renderloop: [window 0x7f380ef04e40][gui thread] Frame prepared, polish=0 ms, lock=0 ms, blockedForSync=0 ms, animations=0 ms
2026-07-14 19:22:26.942 DEBUG qt.scenegraph.time.renderer: time in renderer: total=0ms, preprocess=0, updates=0, rendering=0
2026-07-14 19:22:26.942 DEBUG qt.scenegraph.time.renderloop: [window 0x7f380ef04e40][render thread 0x7f380ed86040] syncAndRender: frame rendered in 0ms, sync=0, render=0, swap=0
2026-07-14 19:22:26.946 DEBUG qt.scenegraph.time.renderloop: [window 0x7f380ef04e40][gui thread] polishAndSync: start, elapsed since last call: 4 ms
2026-07-14 19:22:26.946 DEBUG qt.scenegraph.time.renderloop: [window 0x7f380ef04e40][render thread 0x7f380ed86040] syncAndRender: start, elapsed since last call: 4 ms
2026-07-14 19:22:26.946 DEBUG qt.scenegraph.time.renderloop: [window 0x7f380ef04e40][gui thread] Frame prepared, polish=0 ms, lock=0 ms, blockedForSync=0 ms, animations=0 ms
2026-07-14 19:22:26.946 DEBUG qt.scenegraph.time.renderer: time in renderer: total=0ms, preprocess=0, updates=0, rendering=0
2026-07-14 19:22:26.947 DEBUG qt.scenegraph.time.renderloop: [window 0x7f380ef04e40][render thread 0x7f380ed86040] syncAndRender: frame rendered in 0ms, sync=0, render=0, swap=0
2026-07-14 19:22:26.974 DEBUG qt.scenegraph.time.renderloop: [window 0x7f380ef04e40][gui thread] polishAndSync: start, elapsed since last call: 28 ms
2026-07-14 19:22:26.975 DEBUG qt.scenegraph.time.renderloop: [window 0x7f380ef04e40][render thread 0x7f380ed86040] syncAndRender: start, elapsed since last call: 28 ms
2026-07-14 19:22:26.975 DEBUG qt.scenegraph.time.renderloop: [window 0x7f380ef04e40][gui thread] Frame prepared, polish=0 ms, lock=0 ms, blockedForSync=0 ms, animations=0 ms
2026-07-14 19:22:26.975 DEBUG qt.scenegraph.time.renderer: time in renderer: total=0ms, preprocess=0, updates=0, rendering=0
2026-07-14 19:22:26.975 DEBUG qt.scenegraph.time.renderloop: [window 0x7f380ef04e40][render thread 0x7f380ed86040] syncAndRender: frame rendered in 0ms, sync=0, render=0, swap=0
2026-07-14 19:22:26.981 DEBUG qt.scenegraph.time.renderloop: [window 0x7f380ef04e40][gui thread] polishAndSync: start, elapsed since last call: 6 ms
2026-07-14 19:22:26.981 DEBUG qt.scenegraph.time.renderloop: [window 0x7f380ef04e40][render thread 0x7f380ed86040] syncAndRender: start, elapsed since last call: 5 ms
2026-07-14 19:22:26.981 DEBUG qt.scenegraph.time.renderloop: [window 0x7f380ef04e40][gui thread] Frame prepared, polish=0 ms, lock=0 ms, blockedForSync=0 ms, animations=0 ms
2026-07-14 19:22:26.981 DEBUG qt.scenegraph.time.renderer: time in renderer: total=0ms, preprocess=0, updates=0, rendering=0
2026-07-14 19:22:26.981 DEBUG qt.scenegraph.time.renderloop: [window 0x7f380ef04e40][render thread 0x7f380ed86040] syncAndRender: frame rendered in 0ms, sync=0, render=0, swap=0
2026-07-14 19:22:27.007 DEBUG qt.scenegraph.time.renderloop: [window 0x7f380ef04e40][gui thread] polishAndSync: start, elapsed since last call: 25 ms
2026-07-14 19:22:27.007 DEBUG qt.scenegraph.time.renderloop: [window 0x7f380ef04e40][render thread 0x7f380ed86040] syncAndRender: start, elapsed since last call: 26 ms
2026-07-14 19:22:27.007 DEBUG qt.scenegraph.time.renderloop: [window 0x7f380ef04e40][gui thread] Frame prepared, polish=0 ms, lock=0 ms, blockedForSync=0 ms, animations=0 ms
2026-07-14 19:22:27.007 DEBUG qt.scenegraph.time.renderer: time in renderer: total=0ms, preprocess=0, updates=0, rendering=0
2026-07-14 19:22:27.008 DEBUG qt.scenegraph.time.renderloop: [window 0x7f380ef04e40][render thread 0x7f380ed86040] syncAndRender: frame rendered in 0ms, sync=0, render=0, swap=0
2026-07-14 19:22:27.009 DEBUG qt.scenegraph.time.renderloop: [window 0x7f380ef04e40][gui thread] polishAndSync: start, elapsed since last call: 1 ms
2026-07-14 19:22:27.009 DEBUG qt.scenegraph.time.renderloop: [window 0x7f380ef04e40][render thread 0x7f380ed86040] syncAndRender: start, elapsed since last call: 1 ms
2026-07-14 19:22:27.009 DEBUG qt.scenegraph.time.renderloop: [window 0x7f380ef04e40][gui thread] Frame prepared, polish=0 ms, lock=0 ms, blockedForSync=0 ms, animations=0 ms
2026-07-14 19:22:27.009 DEBUG qt.scenegraph.time.renderer: time in renderer: total=0ms, preprocess=0, updates=0, rendering=0
2026-07-14 19:22:27.009 DEBUG qt.scenegraph.time.renderloop: [window 0x7f380ef04e40][render thread 0x7f380ed86040] syncAndRender: frame rendered in 0ms, sync=0, render=0, swap=0
2026-07-14 19:22:27.041 DEBUG qt.scenegraph.time.renderloop: [window 0x7f380ef04e40][gui thread] polishAndSync: start, elapsed since last call: 32 ms
2026-07-14 19:22:27.043 DEBUG qt.scenegraph.time.renderloop: [window 0x7f380ef04e40][render thread 0x7f380ed86040] syncAndRender: start, elapsed since last call: 34 ms
2026-07-14 19:22:27.043 DEBUG qt.scenegraph.time.renderloop: [window 0x7f380ef04e40][gui thread] Frame prepared, polish=2 ms, lock=0 ms, blockedForSync=0 ms, animations=0 ms
2026-07-14 19:22:27.043 DEBUG qt.scenegraph.time.renderer: time in renderer: total=0ms, preprocess=0, updates=0, rendering=0
2026-07-14 19:22:27.044 DEBUG qt.scenegraph.time.renderloop: [window 0x7f380ef04e40][render thread 0x7f380ed86040] syncAndRender: frame rendered in 0ms, sync=0, render=0, swap=0
2026-07-14 19:22:27.050 DEBUG qt.scenegraph.time.renderloop: [window 0x7f380ef04e40][gui thread] polishAndSync: start, elapsed since last call: 9 ms
2026-07-14 19:22:27.051 DEBUG qt.scenegraph.time.renderloop: [window 0x7f380ef04e40][render thread 0x7f380ed86040] syncAndRender: start, elapsed since last call: 7 ms
2026-07-14 19:22:27.051 DEBUG qt.scenegraph.time.renderloop: [window 0x7f380ef04e40][gui thread] Frame prepared, polish=0 ms, lock=0 ms, blockedForSync=0 ms, animations=0 ms
2026-07-14 19:22:27.051 DEBUG qt.scenegraph.time.renderer: time in renderer: total=0ms, preprocess=0, updates=0, rendering=0
2026-07-14 19:22:27.051 DEBUG qt.scenegraph.time.renderloop: [window 0x7f380ef04e40][render thread 0x7f380ed86040] syncAndRender: frame rendered in 0ms, sync=0, render=0, swap=0
2026-07-14 19:22:27.073 DEBUG qt.scenegraph.time.renderloop: [window 0x7f380ef04e40][gui thread] polishAndSync: start, elapsed since last call: 22 ms
2026-07-14 19:22:27.074 DEBUG qt.scenegraph.time.renderloop: [window 0x7f380ef04e40][render thread 0x7f380ed86040] syncAndRender: start, elapsed since last call: 23 ms
2026-07-14 19:22:27.074 DEBUG qt.scenegraph.time.renderloop: [window 0x7f380ef04e40][gui thread] Frame prepared, polish=0 ms, lock=0 ms, blockedForSync=0 ms, animations=0 ms
2026-07-14 19:22:27.074 DEBUG qt.scenegraph.time.renderer: time in renderer: total=0ms, preprocess=0, updates=0, rendering=0
2026-07-14 19:22:27.074 DEBUG qt.scenegraph.time.renderloop: [window 0x7f380ef04e40][render thread 0x7f380ed86040] syncAndRender: frame rendered in 0ms, sync=0, render=0, swap=0
2026-07-14 19:22:27.078 DEBUG qt.scenegraph.time.renderloop: [window 0x7f380ef04e40][gui thread] polishAndSync: start, elapsed since last call: 4 ms
2026-07-14 19:22:27.078 DEBUG qt.scenegraph.time.renderloop: [window 0x7f380ef04e40][render thread 0x7f380ed86040] syncAndRender: start, elapsed since last call: 4 ms
2026-07-14 19:22:27.078 DEBUG qt.scenegraph.time.renderloop: [window 0x7f380ef04e40][gui thread] Frame prepared, polish=0 ms, lock=0 ms, blockedForSync=0 ms, animations=0 ms
2026-07-14 19:22:27.078 DEBUG qt.scenegraph.time.renderer: time in renderer: total=0ms, preprocess=0, updates=0, rendering=0
2026-07-14 19:22:27.078 DEBUG qt.scenegraph.time.renderloop: [window 0x7f380ef04e40][render thread 0x7f380ed86040] syncAndRender: frame rendered in 0ms, sync=0, render=0, swap=0
2026-07-14 19:22:27.106 DEBUG qt.scenegraph.time.renderloop: [window 0x7f380ef04e40][gui thread] polishAndSync: start, elapsed since last call: 28 ms
2026-07-14 19:22:27.107 DEBUG qt.scenegraph.time.renderloop: [window 0x7f380ef04e40][render thread 0x7f380ed86040] syncAndRender: start, elapsed since last call: 28 ms
2026-07-14 19:22:27.107 DEBUG qt.scenegraph.time.renderloop: [window 0x7f380ef04e40][gui thread] Frame prepared, polish=0 ms, lock=0 ms, blockedForSync=0 ms, animations=0 ms
2026-07-14 19:22:27.107 DEBUG qt.scenegraph.time.renderer: time in renderer: total=0ms, preprocess=0, updates=0, rendering=0
2026-07-14 19:22:27.107 DEBUG qt.scenegraph.time.renderloop: [window 0x7f380ef04e40][render thread 0x7f380ed86040] syncAndRender: frame rendered in 0ms, sync=0, render=0, swap=0
2026-07-14 19:22:27.113 DEBUG qt.scenegraph.time.renderloop: [window 0x7f380ef04e40][gui thread] polishAndSync: start, elapsed since last call: 6 ms
2026-07-14 19:22:27.113 DEBUG qt.scenegraph.time.renderloop: [window 0x7f380ef04e40][render thread 0x7f380ed86040] syncAndRender: start, elapsed since last call: 6 ms
2026-07-14 19:22:27.113 DEBUG qt.scenegraph.time.renderloop: [window 0x7f380ef04e40][gui thread] Frame prepared, polish=0 ms, lock=0 ms, blockedForSync=0 ms, animations=0 ms
2026-07-14 19:22:27.113 DEBUG qt.scenegraph.time.renderer: time in renderer: total=0ms, preprocess=0, updates=0, rendering=0
2026-07-14 19:22:27.113 DEBUG qt.scenegraph.time.renderloop: [window 0x7f380ef04e40][render thread 0x7f380ed86040] syncAndRender: frame rendered in 0ms, sync=0, render=0, swap=0
2026-07-14 19:22:27.140 DEBUG qt.scenegraph.time.renderloop: [window 0x7f380ef04e40][gui thread] polishAndSync: start, elapsed since last call: 27 ms
2026-07-14 19:22:27.140 DEBUG qt.scenegraph.time.renderloop: [window 0x7f380ef04e40][render thread 0x7f380ed86040] syncAndRender: start, elapsed since last call: 27 ms
2026-07-14 19:22:27.140 DEBUG qt.scenegraph.time.renderloop: [window 0x7f380ef04e40][gui thread] Frame prepared, polish=0 ms, lock=0 ms, blockedForSync=0 ms, animations=0 ms
2026-07-14 19:22:27.140 DEBUG qt.scenegraph.time.renderer: time in renderer: total=0ms, preprocess=0, updates=0, rendering=0
2026-07-14 19:22:27.141 DEBUG qt.scenegraph.time.renderloop: [window 0x7f380ef04e40][render thread 0x7f380ed86040] syncAndRender: frame rendered in 0ms, sync=0, render=0, swap=0
2026-07-14 19:22:27.148 DEBUG qt.scenegraph.time.renderloop: [window 0x7f380ef04e40][gui thread] polishAndSync: start, elapsed since last call: 7 ms
2026-07-14 19:22:27.148 DEBUG qt.scenegraph.time.renderloop: [window 0x7f380ef04e40][render thread 0x7f380ed86040] syncAndRender: start, elapsed since last call: 7 ms
2026-07-14 19:22:27.148 DEBUG qt.scenegraph.time.renderloop: [window 0x7f380ef04e40][gui thread] Frame prepared, polish=0 ms, lock=0 ms, blockedForSync=0 ms, animations=0 ms
2026-07-14 19:22:27.148 DEBUG qt.scenegraph.time.renderer: time in renderer: total=0ms, preprocess=0, updates=0, rendering=0
2026-07-14 19:22:27.148 DEBUG qt.scenegraph.time.renderloop: [window 0x7f380ef04e40][render thread 0x7f380ed86040] syncAndRender: frame rendered in 0ms, sync=0, render=0, swap=0
2026-07-14 19:22:27.173 DEBUG qt.scenegraph.time.renderloop: [window 0x7f380ef04e40][gui thread] polishAndSync: start, elapsed since last call: 25 ms
2026-07-14 19:22:27.173 DEBUG qt.scenegraph.time.renderloop: [window 0x7f380ef04e40][render thread 0x7f380ed86040] syncAndRender: start, elapsed since last call: 25 ms
2026-07-14 19:22:27.173 DEBUG qt.scenegraph.time.renderloop: [window 0x7f380ef04e40][gui thread] Frame prepared, polish=0 ms, lock=0 ms, blockedForSync=0 ms, animations=0 ms
2026-07-14 19:22:27.173 DEBUG qt.scenegraph.time.renderer: time in renderer: total=0ms, preprocess=0, updates=0, rendering=0
2026-07-14 19:22:27.174 DEBUG qt.scenegraph.time.renderloop: [window 0x7f380ef04e40][render thread 0x7f380ed86040] syncAndRender: frame rendered in 0ms, sync=0, render=0, swap=0
2026-07-14 19:22:27.175 DEBUG qt.scenegraph.time.renderloop: [window 0x7f380ef04e40][gui thread] polishAndSync: start, elapsed since last call: 2 ms
2026-07-14 19:22:27.175 DEBUG qt.scenegraph.time.renderloop: [window 0x7f380ef04e40][render thread 0x7f380ed86040] syncAndRender: start, elapsed since last call: 2 ms
2026-07-14 19:22:27.176 DEBUG qt.scenegraph.time.renderloop: [window 0x7f380ef04e40][gui thread] Frame prepared, polish=0 ms, lock=0 ms, blockedForSync=0 ms, animations=0 ms
2026-07-14 19:22:27.176 DEBUG qt.scenegraph.time.renderer: time in renderer: total=0ms, preprocess=0, updates=0, rendering=0
2026-07-14 19:22:27.176 DEBUG qt.scenegraph.time.renderloop: [window 0x7f380ef04e40][render thread 0x7f380ed86040] syncAndRender: frame rendered in 0ms, sync=0, render=0, swap=0
2026-07-14 19:22:27.206 DEBUG qt.scenegraph.time.renderloop: [window 0x7f380ef04e40][gui thread] polishAndSync: start, elapsed since last call: 30 ms
2026-07-14 19:22:27.206 DEBUG qt.scenegraph.time.renderloop: [window 0x7f380ef04e40][render thread 0x7f380ed86040] syncAndRender: start, elapsed since last call: 30 ms
2026-07-14 19:22:27.206 DEBUG qt.scenegraph.time.renderloop: [window 0x7f380ef04e40][gui thread] Frame prepared, polish=0 ms, lock=0 ms, blockedForSync=0 ms, animations=0 ms
2026-07-14 19:22:27.206 DEBUG qt.scenegraph.time.renderer: time in renderer: total=0ms, preprocess=0, updates=0, rendering=0
2026-07-14 19:22:27.206 DEBUG qt.scenegraph.time.renderloop: [window 0x7f380ef04e40][render thread 0x7f380ed86040] syncAndRender: frame rendered in 0ms, sync=0, render=0, swap=0
2026-07-14 19:22:27.210 DEBUG qt.scenegraph.time.renderloop: [window 0x7f380ef04e40][gui thread] polishAndSync: start, elapsed since last call: 4 ms
2026-07-14 19:22:27.210 DEBUG qt.scenegraph.time.renderloop: [window 0x7f380ef04e40][render thread 0x7f380ed86040] syncAndRender: start, elapsed since last call: 4 ms
2026-07-14 19:22:27.210 DEBUG qt.scenegraph.time.renderloop: [window 0x7f380ef04e40][gui thread] Frame prepared, polish=0 ms, lock=0 ms, blockedForSync=0 ms, animations=0 ms
2026-07-14 19:22:27.210 DEBUG qt.scenegraph.time.renderer: time in renderer: total=0ms, preprocess=0, updates=0, rendering=0
2026-07-14 19:22:27.211 DEBUG qt.scenegraph.time.renderloop: [window 0x7f380ef04e40][render thread 0x7f380ed86040] syncAndRender: frame rendered in 0ms, sync=0, render=0, swap=0
2026-07-14 19:22:27.238 DEBUG qt.scenegraph.time.renderloop: [window 0x7f380ef04e40][gui thread] polishAndSync: start, elapsed since last call: 28 ms
2026-07-14 19:22:27.239 DEBUG qt.scenegraph.time.renderloop: [window 0x7f380ef04e40][render thread 0x7f380ed86040] syncAndRender: start, elapsed since last call: 28 ms
2026-07-14 19:22:27.239 DEBUG qt.scenegraph.time.renderloop: [window 0x7f380ef04e40][gui thread] Frame prepared, polish=0 ms, lock=0 ms, blockedForSync=0 ms, animations=0 ms
2026-07-14 19:22:27.239 DEBUG qt.scenegraph.time.renderer: time in renderer: total=0ms, preprocess=0, updates=0, rendering=0
2026-07-14 19:22:27.239 DEBUG qt.scenegraph.time.renderloop: [window 0x7f380ef04e40][render thread 0x7f380ed86040] syncAndRender: frame rendered in 0ms, sync=0, render=0, swap=0
2026-07-14 19:22:27.245 DEBUG qt.scenegraph.time.renderloop: [window 0x7f380ef04e40][gui thread] polishAndSync: start, elapsed since last call: 6 ms
2026-07-14 19:22:27.245 DEBUG qt.scenegraph.time.renderloop: [window 0x7f380ef04e40][render thread 0x7f380ed86040] syncAndRender: start, elapsed since last call: 6 ms
2026-07-14 19:22:27.245 DEBUG qt.scenegraph.time.renderloop: [window 0x7f380ef04e40][gui thread] Frame prepared, polish=0 ms, lock=0 ms, blockedForSync=0 ms, animations=0 ms
2026-07-14 19:22:27.245 DEBUG qt.scenegraph.time.renderer: time in renderer: total=0ms, preprocess=0, updates=0, rendering=0
2026-07-14 19:22:27.245 DEBUG qt.scenegraph.time.renderloop: [window 0x7f380ef04e40][render thread 0x7f380ed86040] syncAndRender: frame rendered in 0ms, sync=0, render=0, swap=0
2026-07-14 19:22:27.272 DEBUG qt.scenegraph.time.renderloop: [window 0x7f380ef04e40][gui thread] polishAndSync: start, elapsed since last call: 26 ms
2026-07-14 19:22:27.272 DEBUG qt.scenegraph.time.renderloop: [window 0x7f380ef04e40][render thread 0x7f380ed86040] syncAndRender: start, elapsed since last call: 27 ms
2026-07-14 19:22:27.272 DEBUG qt.scenegraph.time.renderloop: [window 0x7f380ef04e40][gui thread] Frame prepared, polish=0 ms, lock=0 ms, blockedForSync=0 ms, animations=0 ms
2026-07-14 19:22:27.272 DEBUG qt.scenegraph.time.renderer: time in renderer: total=0ms, preprocess=0, updates=0, rendering=0
2026-07-14 19:22:27.273 DEBUG qt.scenegraph.time.renderloop: [window 0x7f380ef04e40][render thread 0x7f380ed86040] syncAndRender: frame rendered in 0ms, sync=0, render=0, swap=0
2026-07-14 19:22:27.280 DEBUG qt.scenegraph.time.renderloop: [window 0x7f380ef04e40][gui thread] polishAndSync: start, elapsed since last call: 7 ms
2026-07-14 19:22:27.280 DEBUG qt.scenegraph.time.renderloop: [window 0x7f380ef04e40][render thread 0x7f380ed86040] syncAndRender: start, elapsed since last call: 7 ms
2026-07-14 19:22:27.280 DEBUG qt.scenegraph.time.renderloop: [window 0x7f380ef04e40][gui thread] Frame prepared, polish=0 ms, lock=0 ms, blockedForSync=0 ms, animations=0 ms
2026-07-14 19:22:27.280 DEBUG qt.scenegraph.time.renderer: time in renderer: total=0ms, preprocess=0, updates=0, rendering=0
2026-07-14 19:22:27.280 DEBUG qt.scenegraph.time.renderloop: [window 0x7f380ef04e40][render thread 0x7f380ed86040] syncAndRender: frame rendered in 0ms, sync=0, render=0, swap=0
2026-07-14 19:22:27.304 DEBUG qt.scenegraph.time.renderloop: [window 0x7f380ef04e40][gui thread] polishAndSync: start, elapsed since last call: 24 ms
2026-07-14 19:22:27.304 DEBUG qt.scenegraph.time.renderloop: [window 0x7f380ef04e40][render thread 0x7f380ed86040] syncAndRender: start, elapsed since last call: 24 ms
2026-07-14 19:22:27.304 DEBUG qt.scenegraph.time.renderloop: [window 0x7f380ef04e40][gui thread] Frame prepared, polish=0 ms, lock=0 ms, blockedForSync=0 ms, animations=0 ms
2026-07-14 19:22:27.304 DEBUG qt.scenegraph.time.renderer: time in renderer: total=0ms, preprocess=0, updates=0, rendering=0
2026-07-14 19:22:27.305 DEBUG qt.scenegraph.time.renderloop: [window 0x7f380ef04e40][render thread 0x7f380ed86040] syncAndRender: frame rendered in 0ms, sync=0, render=0, swap=0
2026-07-14 19:22:27.307 DEBUG qt.scenegraph.time.renderloop: [window 0x7f380ef04e40][gui thread] polishAndSync: start, elapsed since last call: 3 ms
2026-07-14 19:22:27.308 DEBUG qt.scenegraph.time.renderloop: [window 0x7f380ef04e40][render thread 0x7f380ed86040] syncAndRender: start, elapsed since last call: 3 ms
2026-07-14 19:22:27.308 DEBUG qt.scenegraph.time.renderloop: [window 0x7f380ef04e40][gui thread] Frame prepared, polish=0 ms, lock=0 ms, blockedForSync=0 ms, animations=0 ms
2026-07-14 19:22:27.308 DEBUG qt.scenegraph.time.renderer: time in renderer: total=0ms, preprocess=0, updates=0, rendering=0
2026-07-14 19:22:27.308 DEBUG qt.scenegraph.time.renderloop: [window 0x7f380ef04e40][render thread 0x7f380ed86040] syncAndRender: frame rendered in 0ms, sync=0, render=0, swap=0
2026-07-14 19:22:27.338 DEBUG qt.scenegraph.time.renderloop: [window 0x7f380ef04e40][gui thread] polishAndSync: start, elapsed since last call: 30 ms
2026-07-14 19:22:27.338 DEBUG qt.scenegraph.time.renderloop: [window 0x7f380ef04e40][render thread 0x7f380ed86040] syncAndRender: start, elapsed since last call: 30 ms
2026-07-14 19:22:27.338 DEBUG qt.scenegraph.time.renderloop: [window 0x7f380ef04e40][gui thread] Frame prepared, polish=0 ms, lock=0 ms, blockedForSync=0 ms, animations=0 ms
2026-07-14 19:22:27.338 DEBUG qt.scenegraph.time.renderer: time in renderer: total=0ms, preprocess=0, updates=0, rendering=0
2026-07-14 19:22:27.338 DEBUG qt.scenegraph.time.renderloop: [window 0x7f380ef04e40][render thread 0x7f380ed86040] syncAndRender: frame rendered in 0ms, sync=0, render=0, swap=0
2026-07-14 19:22:27.342 DEBUG qt.scenegraph.time.renderloop: [window 0x7f380ef04e40][gui thread] polishAndSync: start, elapsed since last call: 4 ms
2026-07-14 19:22:27.342 DEBUG qt.scenegraph.time.renderloop: [window 0x7f380ef04e40][render thread 0x7f380ed86040] syncAndRender: start, elapsed since last call: 4 ms
2026-07-14 19:22:27.342 DEBUG qt.scenegraph.time.renderloop: [window 0x7f380ef04e40][gui thread] Frame prepared, polish=0 ms, lock=0 ms, blockedForSync=0 ms, animations=0 ms
2026-07-14 19:22:27.342 DEBUG qt.scenegraph.time.renderer: time in renderer: total=0ms, preprocess=0, updates=0, rendering=0
2026-07-14 19:22:27.343 DEBUG qt.scenegraph.time.renderloop: [window 0x7f380ef04e40][render thread 0x7f380ed86040] syncAndRender: frame rendered in 0ms, sync=0, render=0, swap=0
2026-07-14 19:22:27.370 DEBUG qt.scenegraph.time.renderloop: [window 0x7f380ef04e40][gui thread] polishAndSync: start, elapsed since last call: 28 ms
2026-07-14 19:22:27.371 DEBUG qt.scenegraph.time.renderloop: [window 0x7f380ef04e40][render thread 0x7f380ed86040] syncAndRender: start, elapsed since last call: 28 ms
2026-07-14 19:22:27.371 DEBUG qt.scenegraph.time.renderloop: [window 0x7f380ef04e40][gui thread] Frame prepared, polish=0 ms, lock=0 ms, blockedForSync=0 ms, animations=0 ms
2026-07-14 19:22:27.371 DEBUG qt.scenegraph.time.renderer: time in renderer: total=0ms, preprocess=0, updates=0, rendering=0
2026-07-14 19:22:27.371 DEBUG qt.scenegraph.time.renderloop: [window 0x7f380ef04e40][render thread 0x7f380ed86040] syncAndRender: frame rendered in 0ms, sync=0, render=0, swap=0
2026-07-14 19:22:27.377 DEBUG qt.scenegraph.time.renderloop: [window 0x7f380ef04e40][gui thread] polishAndSync: start, elapsed since last call: 6 ms
2026-07-14 19:22:27.377 DEBUG qt.scenegraph.time.renderloop: [window 0x7f380ef04e40][render thread 0x7f380ed86040] syncAndRender: start, elapsed since last call: 6 ms
2026-07-14 19:22:27.377 DEBUG qt.scenegraph.time.renderloop: [window 0x7f380ef04e40][gui thread] Frame prepared, polish=0 ms, lock=0 ms, blockedForSync=0 ms, animations=0 ms
2026-07-14 19:22:27.377 DEBUG qt.scenegraph.time.renderer: time in renderer: total=0ms, preprocess=0, updates=0, rendering=0
2026-07-14 19:22:27.378 DEBUG qt.scenegraph.time.renderloop: [window 0x7f380ef04e40][render thread 0x7f380ed86040] syncAndRender: frame rendered in 0ms, sync=0, render=0, swap=0
2026-07-14 19:22:27.404 DEBUG qt.scenegraph.time.renderloop: [window 0x7f380ef04e40][gui thread] polishAndSync: start, elapsed since last call: 27 ms
2026-07-14 19:22:27.404 DEBUG qt.scenegraph.time.renderloop: [window 0x7f380ef04e40][render thread 0x7f380ed86040] syncAndRender: start, elapsed since last call: 27 ms
2026-07-14 19:22:27.404 DEBUG qt.scenegraph.time.renderloop: [window 0x7f380ef04e40][gui thread] Frame prepared, polish=0 ms, lock=0 ms, blockedForSync=0 ms, animations=0 ms
2026-07-14 19:22:27.405 DEBUG qt.scenegraph.time.renderer: time in renderer: total=0ms, preprocess=0, updates=0, rendering=0
2026-07-14 19:22:27.405 DEBUG qt.scenegraph.time.renderloop: [window 0x7f380ef04e40][render thread 0x7f380ed86040] syncAndRender: frame rendered in 0ms, sync=0, render=0, swap=0
2026-07-14 19:22:27.412 DEBUG qt.scenegraph.time.renderloop: [window 0x7f380ef04e40][gui thread] polishAndSync: start, elapsed since last call: 7 ms
2026-07-14 19:22:27.412 DEBUG qt.scenegraph.time.renderloop: [window 0x7f380ef04e40][render thread 0x7f380ed86040] syncAndRender: start, elapsed since last call: 7 ms
2026-07-14 19:22:27.412 DEBUG qt.scenegraph.time.renderloop: [window 0x7f380ef04e40][gui thread] Frame prepared, polish=0 ms, lock=0 ms, blockedForSync=0 ms, animations=0 ms
2026-07-14 19:22:27.412 DEBUG qt.scenegraph.time.renderer: time in renderer: total=0ms, preprocess=0, updates=0, rendering=0
2026-07-14 19:22:27.412 DEBUG qt.scenegraph.time.renderloop: [window 0x7f380ef04e40][render thread 0x7f380ed86040] syncAndRender: frame rendered in 0ms, sync=0, render=0, swap=0
2026-07-14 19:22:27.437 DEBUG qt.scenegraph.time.renderloop: [window 0x7f380ef04e40][gui thread] polishAndSync: start, elapsed since last call: 25 ms
2026-07-14 19:22:27.437 DEBUG qt.scenegraph.time.renderloop: [window 0x7f380ef04e40][render thread 0x7f380ed86040] syncAndRender: start, elapsed since last call: 25 ms
2026-07-14 19:22:27.437 DEBUG qt.scenegraph.time.renderloop: [window 0x7f380ef04e40][gui thread] Frame prepared, polish=0 ms, lock=0 ms, blockedForSync=0 ms, animations=0 ms
2026-07-14 19:22:27.437 DEBUG qt.scenegraph.time.renderer: time in renderer: total=0ms, preprocess=0, updates=0, rendering=0
2026-07-14 19:22:27.438 DEBUG qt.scenegraph.time.renderloop: [window 0x7f380ef04e40][render thread 0x7f380ed86040] syncAndRender: frame rendered in 0ms, sync=0, render=0, swap=0
2026-07-14 19:22:27.439 DEBUG qt.scenegraph.time.renderloop: [window 0x7f380ef04e40][gui thread] polishAndSync: start, elapsed since last call: 2 ms
2026-07-14 19:22:27.439 DEBUG qt.scenegraph.time.renderloop: [window 0x7f380ef04e40][render thread 0x7f380ed86040] syncAndRender: start, elapsed since last call: 2 ms
2026-07-14 19:22:27.440 DEBUG qt.scenegraph.time.renderloop: [window 0x7f380ef04e40][gui thread] Frame prepared, polish=0 ms, lock=0 ms, blockedForSync=0 ms, animations=0 ms
2026-07-14 19:22:27.440 DEBUG qt.scenegraph.time.renderer: time in renderer: total=0ms, preprocess=0, updates=0, rendering=0
2026-07-14 19:22:27.440 DEBUG qt.scenegraph.time.renderloop: [window 0x7f380ef04e40][render thread 0x7f380ed86040] syncAndRender: frame rendered in 0ms, sync=0, render=0, swap=0
2026-07-14 19:22:27.470 DEBUG qt.scenegraph.time.renderloop: [window 0x7f380ef04e40][gui thread] polishAndSync: start, elapsed since last call: 30 ms
2026-07-14 19:22:27.470 DEBUG qt.scenegraph.time.renderloop: [window 0x7f380ef04e40][render thread 0x7f380ed86040] syncAndRender: start, elapsed since last call: 30 ms
2026-07-14 19:22:27.470 DEBUG qt.scenegraph.time.renderloop: [window 0x7f380ef04e40][gui thread] Frame prepared, polish=0 ms, lock=0 ms, blockedForSync=0 ms, animations=0 ms
2026-07-14 19:22:27.470 DEBUG qt.scenegraph.time.renderer: time in renderer: total=0ms, preprocess=0, updates=0, rendering=0
2026-07-14 19:22:27.470 DEBUG qt.scenegraph.time.renderloop: [window 0x7f380ef04e40][render thread 0x7f380ed86040] syncAndRender: frame rendered in 0ms, sync=0, render=0, swap=0
2026-07-14 19:22:27.474 DEBUG qt.scenegraph.time.renderloop: [window 0x7f380ef04e40][gui thread] polishAndSync: start, elapsed since last call: 4 ms
2026-07-14 19:22:27.474 DEBUG qt.scenegraph.time.renderloop: [window 0x7f380ef04e40][render thread 0x7f380ed86040] syncAndRender: start, elapsed since last call: 4 ms
2026-07-14 19:22:27.474 DEBUG qt.scenegraph.time.renderloop: [window 0x7f380ef04e40][gui thread] Frame prepared, polish=0 ms, lock=0 ms, blockedForSync=0 ms, animations=0 ms
2026-07-14 19:22:27.474 DEBUG qt.scenegraph.time.renderer: time in renderer: total=0ms, preprocess=0, updates=0, rendering=0
2026-07-14 19:22:27.475 DEBUG qt.scenegraph.time.renderloop: [window 0x7f380ef04e40][render thread 0x7f380ed86040] syncAndRender: frame rendered in 0ms, sync=0, render=0, swap=0
2026-07-14 19:22:27.502 DEBUG qt.scenegraph.time.renderloop: [window 0x7f380ef04e40][gui thread] polishAndSync: start, elapsed since last call: 28 ms
2026-07-14 19:22:27.503 DEBUG qt.scenegraph.time.renderloop: [window 0x7f380ef04e40][render thread 0x7f380ed86040] syncAndRender: start, elapsed since last call: 28 ms
2026-07-14 19:22:27.503 DEBUG qt.scenegraph.time.renderloop: [window 0x7f380ef04e40][gui thread] Frame prepared, polish=0 ms, lock=0 ms, blockedForSync=0 ms, animations=0 ms
2026-07-14 19:22:27.503 DEBUG qt.scenegraph.time.renderer: time in renderer: total=0ms, preprocess=0, updates=0, rendering=0
2026-07-14 19:22:27.503 DEBUG qt.scenegraph.time.renderloop: [window 0x7f380ef04e40][render thread 0x7f380ed86040] syncAndRender: frame rendered in 0ms, sync=0, render=0, swap=0
2026-07-14 19:22:27.509 DEBUG qt.scenegraph.time.renderloop: [window 0x7f380ef04e40][gui thread] polishAndSync: start, elapsed since last call: 6 ms
2026-07-14 19:22:27.509 DEBUG qt.scenegraph.time.renderloop: [window 0x7f380ef04e40][render thread 0x7f380ed86040] syncAndRender: start, elapsed since last call: 6 ms
2026-07-14 19:22:27.509 DEBUG qt.scenegraph.time.renderloop: [window 0x7f380ef04e40][gui thread] Frame prepared, polish=0 ms, lock=0 ms, blockedForSync=0 ms, animations=0 ms
2026-07-14 19:22:27.509 DEBUG qt.scenegraph.time.renderer: time in renderer: total=0ms, preprocess=0, updates=0, rendering=0
2026-07-14 19:22:27.510 DEBUG qt.scenegraph.time.renderloop: [window 0x7f380ef04e40][render thread 0x7f380ed86040] syncAndRender: frame rendered in 0ms, sync=0, render=0, swap=0
2026-07-14 19:22:27.536 DEBUG qt.scenegraph.time.renderloop: [window 0x7f380ef04e40][gui thread] polishAndSync: start, elapsed since last call: 26 ms
2026-07-14 19:22:27.537 DEBUG qt.scenegraph.time.renderloop: [window 0x7f380ef04e40][render thread 0x7f380ed86040] syncAndRender: start, elapsed since last call: 27 ms
2026-07-14 19:22:27.537 DEBUG qt.scenegraph.time.renderloop: [window 0x7f380ef04e40][gui thread] Frame prepared, polish=0 ms, lock=0 ms, blockedForSync=0 ms, animations=0 ms
2026-07-14 19:22:27.537 DEBUG qt.scenegraph.time.renderer: time in renderer: total=0ms, preprocess=0, updates=0, rendering=0
2026-07-14 19:22:27.537 DEBUG qt.scenegraph.time.renderloop: [window 0x7f380ef04e40][render thread 0x7f380ed86040] syncAndRender: frame rendered in 0ms, sync=0, render=0, swap=0
2026-07-14 19:22:27.544 DEBUG qt.scenegraph.time.renderloop: [window 0x7f380ef04e40][gui thread] polishAndSync: start, elapsed since last call: 7 ms
2026-07-14 19:22:27.544 DEBUG qt.scenegraph.time.renderloop: [window 0x7f380ef04e40][render thread 0x7f380ed86040] syncAndRender: start, elapsed since last call: 7 ms
2026-07-14 19:22:27.544 DEBUG qt.scenegraph.time.renderloop: [window 0x7f380ef04e40][gui thread] Frame prepared, polish=0 ms, lock=0 ms, blockedForSync=0 ms, animations=0 ms
2026-07-14 19:22:27.544 DEBUG qt.scenegraph.time.renderer: time in renderer: total=0ms, preprocess=0, updates=0, rendering=0
2026-07-14 19:22:27.544 DEBUG qt.scenegraph.time.renderloop: [window 0x7f380ef04e40][render thread 0x7f380ed86040] syncAndRender: frame rendered in 0ms, sync=0, render=0, swap=0
2026-07-14 19:22:27.569 DEBUG qt.scenegraph.time.renderloop: [window 0x7f380ef04e40][gui thread] polishAndSync: start, elapsed since last call: 25 ms
2026-07-14 19:22:27.569 DEBUG qt.scenegraph.time.renderloop: [window 0x7f380ef04e40][render thread 0x7f380ed86040] syncAndRender: start, elapsed since last call: 25 ms
2026-07-14 19:22:27.569 DEBUG qt.scenegraph.time.renderloop: [window 0x7f380ef04e40][gui thread] Frame prepared, polish=0 ms, lock=0 ms, blockedForSync=0 ms, animations=0 ms
2026-07-14 19:22:27.569 DEBUG qt.scenegraph.time.renderer: time in renderer: total=0ms, preprocess=0, updates=0, rendering=0
2026-07-14 19:22:27.570 DEBUG qt.scenegraph.time.renderloop: [window 0x7f380ef04e40][render thread 0x7f380ed86040] syncAndRender: frame rendered in 0ms, sync=0, render=0, swap=0
2026-07-14 19:22:27.572 DEBUG qt.scenegraph.time.renderloop: [window 0x7f380ef04e40][gui thread] polishAndSync: start, elapsed since last call: 2 ms
2026-07-14 19:22:27.572 DEBUG qt.scenegraph.time.renderloop: [window 0x7f380ef04e40][render thread 0x7f380ed86040] syncAndRender: start, elapsed since last call: 2 ms
2026-07-14 19:22:27.572 DEBUG qt.scenegraph.time.renderloop: [window 0x7f380ef04e40][gui thread] Frame prepared, polish=0 ms, lock=0 ms, blockedForSync=0 ms, animations=0 ms
2026-07-14 19:22:27.572 DEBUG qt.scenegraph.time.renderer: time in renderer: total=0ms, preprocess=0, updates=0, rendering=0
2026-07-14 19:22:27.572 DEBUG qt.scenegraph.time.renderloop: [window 0x7f380ef04e40][render thread 0x7f380ed86040] syncAndRender: frame rendered in 0ms, sync=0, render=0, swap=0
2026-07-14 19:22:27.602 DEBUG qt.scenegraph.time.renderloop: [window 0x7f380ef04e40][gui thread] polishAndSync: start, elapsed since last call: 30 ms
2026-07-14 19:22:27.602 DEBUG qt.scenegraph.time.renderloop: [window 0x7f380ef04e40][render thread 0x7f380ed86040] syncAndRender: start, elapsed since last call: 30 ms
2026-07-14 19:22:27.602 DEBUG qt.scenegraph.time.renderloop: [window 0x7f380ef04e40][gui thread] Frame prepared, polish=0 ms, lock=0 ms, blockedForSync=0 ms, animations=0 ms
2026-07-14 19:22:27.602 DEBUG qt.scenegraph.time.renderer: time in renderer: total=0ms, preprocess=0, updates=0, rendering=0
2026-07-14 19:22:27.603 DEBUG qt.scenegraph.time.renderloop: [window 0x7f380ef04e40][render thread 0x7f380ed86040] syncAndRender: frame rendered in 0ms, sync=0, render=0, swap=0
2026-07-14 19:22:27.606 DEBUG qt.scenegraph.time.renderloop: [window 0x7f380ef04e40][gui thread] polishAndSync: start, elapsed since last call: 4 ms
2026-07-14 19:22:27.606 DEBUG qt.scenegraph.time.renderloop: [window 0x7f380ef04e40][render thread 0x7f380ed86040] syncAndRender: start, elapsed since last call: 4 ms
2026-07-14 19:22:27.607 DEBUG qt.scenegraph.time.renderloop: [window 0x7f380ef04e40][gui thread] Frame prepared, polish=0 ms, lock=0 ms, blockedForSync=0 ms, animations=0 ms
2026-07-14 19:22:27.607 DEBUG qt.scenegraph.time.renderer: time in renderer: total=0ms, preprocess=0, updates=0, rendering=0
2026-07-14 19:22:27.607 DEBUG qt.scenegraph.time.renderloop: [window 0x7f380ef04e40][render thread 0x7f380ed86040] syncAndRender: frame rendered in 0ms, sync=0, render=0, swap=0
2026-07-14 19:22:27.635 DEBUG qt.scenegraph.time.renderloop: [window 0x7f380ef04e40][gui thread] polishAndSync: start, elapsed since last call: 28 ms
2026-07-14 19:22:27.635 DEBUG qt.scenegraph.time.renderloop: [window 0x7f380ef04e40][render thread 0x7f380ed86040] syncAndRender: start, elapsed since last call: 28 ms
2026-07-14 19:22:27.635 DEBUG qt.scenegraph.time.renderloop: [window 0x7f380ef04e40][gui thread] Frame prepared, polish=0 ms, lock=0 ms, blockedForSync=0 ms, animations=0 ms
2026-07-14 19:22:27.635 DEBUG qt.scenegraph.time.renderer: time in renderer: total=0ms, preprocess=0, updates=0, rendering=0
2026-07-14 19:22:27.635 DEBUG qt.scenegraph.time.renderloop: [window 0x7f380ef04e40][render thread 0x7f380ed86040] syncAndRender: frame rendered in 0ms, sync=0, render=0, swap=0
2026-07-14 19:22:27.641 DEBUG qt.scenegraph.time.renderloop: [window 0x7f380ef04e40][gui thread] polishAndSync: start, elapsed since last call: 6 ms
2026-07-14 19:22:27.641 DEBUG qt.scenegraph.time.renderloop: [window 0x7f380ef04e40][render thread 0x7f380ed86040] syncAndRender: start, elapsed since last call: 6 ms
2026-07-14 19:22:27.641 DEBUG qt.scenegraph.time.renderloop: [window 0x7f380ef04e40][gui thread] Frame prepared, polish=0 ms, lock=0 ms, blockedForSync=0 ms, animations=0 ms
2026-07-14 19:22:27.641 DEBUG qt.scenegraph.time.renderer: time in renderer: total=0ms, preprocess=0, updates=0, rendering=0
2026-07-14 19:22:27.642 DEBUG qt.scenegraph.time.renderloop: [window 0x7f380ef04e40][render thread 0x7f380ed86040] syncAndRender: frame rendered in 0ms, sync=0, render=0, swap=0
2026-07-14 19:22:27.667 DEBUG qt.scenegraph.time.renderloop: [window 0x7f380ef04e40][gui thread] polishAndSync: start, elapsed since last call: 25 ms
2026-07-14 19:22:27.668 DEBUG qt.scenegraph.time.renderloop: [window 0x7f380ef04e40][render thread 0x7f380ed86040] syncAndRender: start, elapsed since last call: 26 ms
2026-07-14 19:22:27.668 DEBUG qt.scenegraph.time.renderloop: [window 0x7f380ef04e40][gui thread] Frame prepared, polish=0 ms, lock=0 ms, blockedForSync=0 ms, animations=0 ms
2026-07-14 19:22:27.668 DEBUG qt.scenegraph.time.renderer: time in renderer: total=0ms, preprocess=0, updates=0, rendering=0
2026-07-14 19:22:27.668 DEBUG qt.scenegraph.time.renderloop: [window 0x7f380ef04e40][render thread 0x7f380ed86040] syncAndRender: frame rendered in 0ms, sync=0, render=0, swap=0
2026-07-14 19:22:27.669 DEBUG qt.scenegraph.time.renderloop: [window 0x7f380ef04e40][gui thread] polishAndSync: start, elapsed since last call: 1 ms
2026-07-14 19:22:27.669 DEBUG qt.scenegraph.time.renderloop: [window 0x7f380ef04e40][render thread 0x7f380ed86040] syncAndRender: start, elapsed since last call: 1 ms
2026-07-14 19:22:27.669 DEBUG qt.scenegraph.time.renderloop: [window 0x7f380ef04e40][gui thread] Frame prepared, polish=0 ms, lock=0 ms, blockedForSync=0 ms, animations=0 ms
2026-07-14 19:22:27.669 DEBUG qt.scenegraph.time.renderer: time in renderer: total=0ms, preprocess=0, updates=0, rendering=0
2026-07-14 19:22:27.669 DEBUG qt.scenegraph.time.renderloop: [window 0x7f380ef04e40][render thread 0x7f380ed86040] syncAndRender: frame rendered in 0ms, sync=0, render=0, swap=0
2026-07-14 19:22:27.701 DEBUG qt.scenegraph.time.renderloop: [window 0x7f380ef04e40][gui thread] polishAndSync: start, elapsed since last call: 32 ms
2026-07-14 19:22:27.701 DEBUG qt.scenegraph.time.renderloop: [window 0x7f380ef04e40][render thread 0x7f380ed86040] syncAndRender: start, elapsed since last call: 32 ms
2026-07-14 19:22:27.701 DEBUG qt.scenegraph.time.renderloop: [window 0x7f380ef04e40][gui thread] Frame prepared, polish=0 ms, lock=0 ms, blockedForSync=0 ms, animations=0 ms
2026-07-14 19:22:27.701 DEBUG qt.scenegraph.time.renderer: time in renderer: total=0ms, preprocess=0, updates=0, rendering=0
2026-07-14 19:22:27.702 DEBUG qt.scenegraph.time.renderloop: [window 0x7f380ef04e40][render thread 0x7f380ed86040] syncAndRender: frame rendered in 0ms, sync=0, render=0, swap=0
2026-07-14 19:22:27.704 DEBUG qt.scenegraph.time.renderloop: [window 0x7f380ef04e40][gui thread] polishAndSync: start, elapsed since last call: 2 ms
2026-07-14 19:22:27.704 DEBUG qt.scenegraph.time.renderloop: [window 0x7f380ef04e40][render thread 0x7f380ed86040] syncAndRender: start, elapsed since last call: 2 ms
2026-07-14 19:22:27.704 DEBUG qt.scenegraph.time.renderloop: [window 0x7f380ef04e40][gui thread] Frame prepared, polish=0 ms, lock=0 ms, blockedForSync=0 ms, animations=0 ms
2026-07-14 19:22:27.704 DEBUG qt.scenegraph.time.renderer: time in renderer: total=0ms, preprocess=0, updates=0, rendering=0
2026-07-14 19:22:27.704 DEBUG qt.scenegraph.time.renderloop: [window 0x7f380ef04e40][render thread 0x7f380ed86040] syncAndRender: frame rendered in 0ms, sync=0, render=0, swap=0
2026-07-14 19:22:27.734 DEBUG qt.scenegraph.time.renderloop: [window 0x7f380ef04e40][gui thread] polishAndSync: start, elapsed since last call: 30 ms
2026-07-14 19:22:27.734 DEBUG qt.scenegraph.time.renderloop: [window 0x7f380ef04e40][render thread 0x7f380ed86040] syncAndRender: start, elapsed since last call: 30 ms
2026-07-14 19:22:27.734 DEBUG qt.scenegraph.time.renderloop: [window 0x7f380ef04e40][gui thread] Frame prepared, polish=0 ms, lock=0 ms, blockedForSync=0 ms, animations=0 ms
2026-07-14 19:22:27.734 DEBUG qt.scenegraph.time.renderer: time in renderer: total=0ms, preprocess=0, updates=0, rendering=0
2026-07-14 19:22:27.734 DEBUG qt.scenegraph.time.renderloop: [window 0x7f380ef04e40][render thread 0x7f380ed86040] syncAndRender: frame rendered in 0ms, sync=0, render=0, swap=0
2026-07-14 19:22:27.738 DEBUG qt.scenegraph.time.renderloop: [window 0x7f380ef04e40][gui thread] polishAndSync: start, elapsed since last call: 4 ms
2026-07-14 19:22:27.738 DEBUG qt.scenegraph.time.renderloop: [window 0x7f380ef04e40][render thread 0x7f380ed86040] syncAndRender: start, elapsed since last call: 4 ms
2026-07-14 19:22:27.738 DEBUG qt.scenegraph.time.renderloop: [window 0x7f380ef04e40][gui thread] Frame prepared, polish=0 ms, lock=0 ms, blockedForSync=0 ms, animations=0 ms
2026-07-14 19:22:27.738 DEBUG qt.scenegraph.time.renderer: time in renderer: total=0ms, preprocess=0, updates=0, rendering=0
2026-07-14 19:22:27.739 DEBUG qt.scenegraph.time.renderloop: [window 0x7f380ef04e40][render thread 0x7f380ed86040] syncAndRender: frame rendered in 0ms, sync=0, render=0, swap=0
2026-07-14 19:22:27.766 DEBUG qt.scenegraph.time.renderloop: [window 0x7f380ef04e40][gui thread] polishAndSync: start, elapsed since last call: 28 ms
2026-07-14 19:22:27.767 DEBUG qt.scenegraph.time.renderloop: [window 0x7f380ef04e40][render thread 0x7f380ed86040] syncAndRender: start, elapsed since last call: 28 ms
2026-07-14 19:22:27.767 DEBUG qt.scenegraph.time.renderloop: [window 0x7f380ef04e40][gui thread] Frame prepared, polish=0 ms, lock=0 ms, blockedForSync=0 ms, animations=0 ms
2026-07-14 19:22:27.767 DEBUG qt.scenegraph.time.renderer: time in renderer: total=0ms, preprocess=0, updates=0, rendering=0
2026-07-14 19:22:27.767 DEBUG qt.scenegraph.time.renderloop: [window 0x7f380ef04e40][render thread 0x7f380ed86040] syncAndRender: frame rendered in 0ms, sync=0, render=0, swap=0
2026-07-14 19:22:27.773 DEBUG qt.scenegraph.time.renderloop: [window 0x7f380ef04e40][gui thread] polishAndSync: start, elapsed since last call: 6 ms
2026-07-14 19:22:27.773 DEBUG qt.scenegraph.time.renderloop: [window 0x7f380ef04e40][render thread 0x7f380ed86040] syncAndRender: start, elapsed since last call: 6 ms
2026-07-14 19:22:27.773 DEBUG qt.scenegraph.time.renderloop: [window 0x7f380ef04e40][gui thread] Frame prepared, polish=0 ms, lock=0 ms, blockedForSync=0 ms, animations=0 ms
2026-07-14 19:22:27.773 DEBUG qt.scenegraph.time.renderer: time in renderer: total=0ms, preprocess=0, updates=0, rendering=0
2026-07-14 19:22:27.773 DEBUG qt.scenegraph.time.renderloop: [window 0x7f380ef04e40][render thread 0x7f380ed86040] syncAndRender: frame rendered in 0ms, sync=0, render=0, swap=0
2026-07-14 19:22:27.799 DEBUG qt.scenegraph.time.renderloop: [window 0x7f380ef04e40][gui thread] polishAndSync: start, elapsed since last call: 26 ms
2026-07-14 19:22:27.800 DEBUG qt.scenegraph.time.renderloop: [window 0x7f380ef04e40][render thread 0x7f380ed86040] syncAndRender: start, elapsed since last call: 26 ms
2026-07-14 19:22:27.800 DEBUG qt.scenegraph.time.renderloop: [window 0x7f380ef04e40][gui thread] Frame prepared, polish=0 ms, lock=0 ms, blockedForSync=0 ms, animations=0 ms
2026-07-14 19:22:27.800 DEBUG qt.scenegraph.time.renderer: time in renderer: total=0ms, preprocess=0, updates=0, rendering=0
2026-07-14 19:22:27.800 DEBUG qt.scenegraph.time.renderloop: [window 0x7f380ef04e40][render thread 0x7f380ed86040] syncAndRender: frame rendered in 0ms, sync=0, render=0, swap=0
2026-07-14 19:22:27.801 DEBUG qt.scenegraph.time.renderloop: [window 0x7f380ef04e40][gui thread] polishAndSync: start, elapsed since last call: 1 ms
2026-07-14 19:22:27.801 DEBUG qt.scenegraph.time.renderloop: [window 0x7f380ef04e40][render thread 0x7f380ed86040] syncAndRender: start, elapsed since last call: 1 ms
2026-07-14 19:22:27.801 DEBUG qt.scenegraph.time.renderloop: [window 0x7f380ef04e40][gui thread] Frame prepared, polish=0 ms, lock=0 ms, blockedForSync=0 ms, animations=0 ms
2026-07-14 19:22:27.801 DEBUG qt.scenegraph.time.renderer: time in renderer: total=0ms, preprocess=0, updates=0, rendering=0
2026-07-14 19:22:27.801 DEBUG qt.scenegraph.time.renderloop: [window 0x7f380ef04e40][render thread 0x7f380ed86040] syncAndRender: frame rendered in 0ms, sync=0, render=0, swap=0
2026-07-14 19:22:27.833 DEBUG qt.scenegraph.time.renderloop: [window 0x7f380ef04e40][gui thread] polishAndSync: start, elapsed since last call: 32 ms
2026-07-14 19:22:27.833 DEBUG qt.scenegraph.time.renderloop: [window 0x7f380ef04e40][render thread 0x7f380ed86040] syncAndRender: start, elapsed since last call: 32 ms
2026-07-14 19:22:27.833 DEBUG qt.scenegraph.time.renderloop: [window 0x7f380ef04e40][gui thread] Frame prepared, polish=0 ms, lock=0 ms, blockedForSync=0 ms, animations=0 ms
2026-07-14 19:22:27.834 DEBUG qt.scenegraph.time.renderer: time in renderer: total=0ms, preprocess=0, updates=0, rendering=0
2026-07-14 19:22:27.834 DEBUG qt.scenegraph.time.renderloop: [window 0x7f380ef04e40][render thread 0x7f380ed86040] syncAndRender: frame rendered in 0ms, sync=0, render=0, swap=0
2026-07-14 19:22:27.836 DEBUG qt.scenegraph.time.renderloop: [window 0x7f380ef04e40][gui thread] polishAndSync: start, elapsed since last call: 2 ms
2026-07-14 19:22:27.836 DEBUG qt.scenegraph.time.renderloop: [window 0x7f380ef04e40][render thread 0x7f380ed86040] syncAndRender: start, elapsed since last call: 2 ms
2026-07-14 19:22:27.836 DEBUG qt.scenegraph.time.renderloop: [window 0x7f380ef04e40][gui thread] Frame prepared, polish=0 ms, lock=0 ms, blockedForSync=0 ms, animations=0 ms
2026-07-14 19:22:27.836 DEBUG qt.scenegraph.time.renderer: time in renderer: total=0ms, preprocess=0, updates=0, rendering=0
2026-07-14 19:22:27.836 DEBUG qt.scenegraph.time.renderloop: [window 0x7f380ef04e40][render thread 0x7f380ed86040] syncAndRender: frame rendered in 0ms, sync=0, render=0, swap=0
2026-07-14 19:22:27.866 DEBUG qt.scenegraph.time.renderloop: [window 0x7f380ef04e40][gui thread] polishAndSync: start, elapsed since last call: 30 ms
2026-07-14 19:22:27.866 DEBUG qt.scenegraph.time.renderloop: [window 0x7f380ef04e40][render thread 0x7f380ed86040] syncAndRender: start, elapsed since last call: 30 ms
2026-07-14 19:22:27.866 DEBUG qt.scenegraph.time.renderloop: [window 0x7f380ef04e40][gui thread] Frame prepared, polish=0 ms, lock=0 ms, blockedForSync=0 ms, animations=0 ms
2026-07-14 19:22:27.866 DEBUG qt.scenegraph.time.renderer: time in renderer: total=0ms, preprocess=0, updates=0, rendering=0
2026-07-14 19:22:27.867 DEBUG qt.scenegraph.time.renderloop: [window 0x7f380ef04e40][render thread 0x7f380ed86040] syncAndRender: frame rendered in 0ms, sync=0, render=0, swap=0
2026-07-14 19:22:27.870 DEBUG qt.scenegraph.time.renderloop: [window 0x7f380ef04e40][gui thread] polishAndSync: start, elapsed since last call: 4 ms
2026-07-14 19:22:27.870 DEBUG qt.scenegraph.time.renderloop: [window 0x7f380ef04e40][render thread 0x7f380ed86040] syncAndRender: start, elapsed since last call: 4 ms
2026-07-14 19:22:27.871 DEBUG qt.scenegraph.time.renderloop: [window 0x7f380ef04e40][gui thread] Frame prepared, polish=0 ms, lock=0 ms, blockedForSync=0 ms, animations=0 ms
2026-07-14 19:22:27.871 DEBUG qt.scenegraph.time.renderer: time in renderer: total=0ms, preprocess=0, updates=0, rendering=0
2026-07-14 19:22:27.871 DEBUG qt.scenegraph.time.renderloop: [window 0x7f380ef04e40][render thread 0x7f380ed86040] syncAndRender: frame rendered in 0ms, sync=0, render=0, swap=0
2026-07-14 19:22:27.898 DEBUG qt.scenegraph.time.renderloop: [window 0x7f380ef04e40][gui thread] polishAndSync: start, elapsed since last call: 27 ms
2026-07-14 19:22:27.899 DEBUG qt.scenegraph.time.renderloop: [window 0x7f380ef04e40][render thread 0x7f380ed86040] syncAndRender: start, elapsed since last call: 28 ms
2026-07-14 19:22:27.899 DEBUG qt.scenegraph.time.renderloop: [window 0x7f380ef04e40][gui thread] Frame prepared, polish=0 ms, lock=0 ms, blockedForSync=0 ms, animations=0 ms
2026-07-14 19:22:27.899 DEBUG qt.scenegraph.time.renderer: time in renderer: total=0ms, preprocess=0, updates=0, rendering=0
2026-07-14 19:22:27.899 DEBUG qt.scenegraph.time.renderloop: [window 0x7f380ef04e40][render thread 0x7f380ed86040] syncAndRender: frame rendered in 0ms, sync=0, render=0, swap=0
2026-07-14 19:22:27.905 DEBUG qt.scenegraph.time.renderloop: [window 0x7f380ef04e40][gui thread] polishAndSync: start, elapsed since last call: 6 ms
2026-07-14 19:22:27.905 DEBUG qt.scenegraph.time.renderloop: [window 0x7f380ef04e40][render thread 0x7f380ed86040] syncAndRender: start, elapsed since last call: 6 ms
2026-07-14 19:22:27.905 DEBUG qt.scenegraph.time.renderloop: [window 0x7f380ef04e40][gui thread] Frame prepared, polish=0 ms, lock=0 ms, blockedForSync=0 ms, animations=0 ms
2026-07-14 19:22:27.905 DEBUG qt.scenegraph.time.renderer: time in renderer: total=0ms, preprocess=0, updates=0, rendering=0
2026-07-14 19:22:27.906 DEBUG qt.scenegraph.time.renderloop: [window 0x7f380ef04e40][render thread 0x7f380ed86040] syncAndRender: frame rendered in 0ms, sync=0, render=0, swap=0
2026-07-14 19:22:27.932 DEBUG qt.scenegraph.time.renderloop: [window 0x7f380ef04e40][gui thread] polishAndSync: start, elapsed since last call: 27 ms
2026-07-14 19:22:27.934 DEBUG qt.scenegraph.time.renderloop: [window 0x7f380ef04e40][render thread 0x7f380ed86040] syncAndRender: start, elapsed since last call: 29 ms
2026-07-14 19:22:27.934 DEBUG qt.scenegraph.time.renderloop: [window 0x7f380ef04e40][gui thread] Frame prepared, polish=2 ms, lock=0 ms, blockedForSync=0 ms, animations=0 ms
2026-07-14 19:22:27.935 DEBUG qt.scenegraph.time.renderer: time in renderer: total=0ms, preprocess=0, updates=0, rendering=0
2026-07-14 19:22:27.935 DEBUG qt.scenegraph.time.renderloop: [window 0x7f380ef04e40][render thread 0x7f380ed86040] syncAndRender: frame rendered in 0ms, sync=0, render=0, swap=0
2026-07-14 19:22:27.940 DEBUG qt.scenegraph.time.renderloop: [window 0x7f380ef04e40][gui thread] polishAndSync: start, elapsed since last call: 7 ms
2026-07-14 19:22:27.940 DEBUG qt.scenegraph.time.renderloop: [window 0x7f380ef04e40][render thread 0x7f380ed86040] syncAndRender: start, elapsed since last call: 5 ms
2026-07-14 19:22:27.940 DEBUG qt.scenegraph.time.renderloop: [window 0x7f380ef04e40][gui thread] Frame prepared, polish=0 ms, lock=0 ms, blockedForSync=0 ms, animations=0 ms
2026-07-14 19:22:27.940 DEBUG qt.scenegraph.time.renderer: time in renderer: total=0ms, preprocess=0, updates=0, rendering=0
2026-07-14 19:22:27.940 DEBUG qt.scenegraph.time.renderloop: [window 0x7f380ef04e40][render thread 0x7f380ed86040] syncAndRender: frame rendered in 0ms, sync=0, render=0, swap=0
2026-07-14 19:22:27.965 DEBUG qt.scenegraph.time.renderloop: [window 0x7f380ef04e40][gui thread] polishAndSync: start, elapsed since last call: 25 ms
2026-07-14 19:22:27.965 DEBUG qt.scenegraph.time.renderloop: [window 0x7f380ef04e40][render thread 0x7f380ed86040] syncAndRender: start, elapsed since last call: 25 ms
2026-07-14 19:22:27.966 DEBUG qt.scenegraph.time.renderloop: [window 0x7f380ef04e40][gui thread] Frame prepared, polish=0 ms, lock=0 ms, blockedForSync=0 ms, animations=0 ms
2026-07-14 19:22:27.966 DEBUG qt.scenegraph.time.renderer: time in renderer: total=0ms, preprocess=0, updates=0, rendering=0
2026-07-14 19:22:27.966 DEBUG qt.scenegraph.time.renderloop: [window 0x7f380ef04e40][render thread 0x7f380ed86040] syncAndRender: frame rendered in 0ms, sync=0, render=0, swap=0
2026-07-14 19:22:27.968 DEBUG qt.scenegraph.time.renderloop: [window 0x7f380ef04e40][gui thread] polishAndSync: start, elapsed since last call: 2 ms
2026-07-14 19:22:27.968 DEBUG qt.scenegraph.time.renderloop: [window 0x7f380ef04e40][render thread 0x7f380ed86040] syncAndRender: start, elapsed since last call: 2 ms
2026-07-14 19:22:27.968 DEBUG qt.scenegraph.time.renderloop: [window 0x7f380ef04e40][gui thread] Frame prepared, polish=0 ms, lock=0 ms, blockedForSync=0 ms, animations=0 ms
2026-07-14 19:22:27.968 DEBUG qt.scenegraph.time.renderer: time in renderer: total=0ms, preprocess=0, updates=0, rendering=0
2026-07-14 19:22:27.968 DEBUG qt.scenegraph.time.renderloop: [window 0x7f380ef04e40][render thread 0x7f380ed86040] syncAndRender: frame rendered in 0ms, sync=0, render=0, swap=0
2026-07-14 19:22:27.998 DEBUG qt.scenegraph.time.renderloop: [window 0x7f380ef04e40][gui thread] polishAndSync: start, elapsed since last call: 30 ms
2026-07-14 19:22:27.998 DEBUG qt.scenegraph.time.renderloop: [window 0x7f380ef04e40][render thread 0x7f380ed86040] syncAndRender: start, elapsed since last call: 30 ms
2026-07-14 19:22:27.998 DEBUG qt.scenegraph.time.renderloop: [window 0x7f380ef04e40][gui thread] Frame prepared, polish=0 ms, lock=0 ms, blockedForSync=0 ms, animations=0 ms
2026-07-14 19:22:27.998 DEBUG qt.scenegraph.time.renderer: time in renderer: total=0ms, preprocess=0, updates=0, rendering=0
2026-07-14 19:22:27.998 DEBUG qt.scenegraph.time.renderloop: [window 0x7f380ef04e40][render thread 0x7f380ed86040] syncAndRender: frame rendered in 0ms, sync=0, render=0, swap=0
2026-07-14 19:22:28.002 DEBUG qt.scenegraph.time.renderloop: [window 0x7f380ef04e40][gui thread] polishAndSync: start, elapsed since last call: 4 ms
2026-07-14 19:22:28.002 DEBUG qt.scenegraph.time.renderloop: [window 0x7f380ef04e40][render thread 0x7f380ed86040] syncAndRender: start, elapsed since last call: 4 ms
2026-07-14 19:22:28.002 DEBUG qt.scenegraph.time.renderloop: [window 0x7f380ef04e40][gui thread] Frame prepared, polish=0 ms, lock=0 ms, blockedForSync=0 ms, animations=0 ms
2026-07-14 19:22:28.002 DEBUG qt.scenegraph.time.renderer: time in renderer: total=0ms, preprocess=0, updates=0, rendering=0
2026-07-14 19:22:28.003 DEBUG qt.scenegraph.time.renderloop: [window 0x7f380ef04e40][render thread 0x7f380ed86040] syncAndRender: frame rendered in 0ms, sync=0, render=0, swap=0
2026-07-14 19:22:28.030 DEBUG qt.scenegraph.time.renderloop: [window 0x7f380ef04e40][gui thread] polishAndSync: start, elapsed since last call: 28 ms
2026-07-14 19:22:28.031 DEBUG qt.scenegraph.time.renderloop: [window 0x7f380ef04e40][render thread 0x7f380ed86040] syncAndRender: start, elapsed since last call: 28 ms
2026-07-14 19:22:28.031 DEBUG qt.scenegraph.time.renderloop: [window 0x7f380ef04e40][gui thread] Frame prepared, polish=0 ms, lock=0 ms, blockedForSync=0 ms, animations=0 ms
2026-07-14 19:22:28.031 DEBUG qt.scenegraph.time.renderer: time in renderer: total=0ms, preprocess=0, updates=0, rendering=0
2026-07-14 19:22:28.031 DEBUG qt.scenegraph.time.renderloop: [window 0x7f380ef04e40][render thread 0x7f380ed86040] syncAndRender: frame rendered in 0ms, sync=0, render=0, swap=0
2026-07-14 19:22:28.037 DEBUG qt.scenegraph.time.renderloop: [window 0x7f380ef04e40][gui thread] polishAndSync: start, elapsed since last call: 6 ms
2026-07-14 19:22:28.037 DEBUG qt.scenegraph.time.renderloop: [window 0x7f380ef04e40][render thread 0x7f380ed86040] syncAndRender: start, elapsed since last call: 6 ms
2026-07-14 19:22:28.037 DEBUG qt.scenegraph.time.renderloop: [window 0x7f380ef04e40][gui thread] Frame prepared, polish=0 ms, lock=0 ms, blockedForSync=0 ms, animations=0 ms
2026-07-14 19:22:28.037 DEBUG qt.scenegraph.time.renderer: time in renderer: total=0ms, preprocess=0, updates=0, rendering=0
2026-07-14 19:22:28.037 DEBUG qt.scenegraph.time.renderloop: [window 0x7f380ef04e40][render thread 0x7f380ed86040] syncAndRender: frame rendered in 0ms, sync=0, render=0, swap=0
2026-07-14 19:22:28.063 DEBUG qt.scenegraph.time.renderloop: [window 0x7f380ef04e40][gui thread] polishAndSync: start, elapsed since last call: 26 ms
2026-07-14 19:22:28.064 DEBUG qt.scenegraph.time.renderloop: [window 0x7f380ef04e40][render thread 0x7f380ed86040] syncAndRender: start, elapsed since last call: 26 ms
2026-07-14 19:22:28.064 DEBUG qt.scenegraph.time.renderloop: [window 0x7f380ef04e40][gui thread] Frame prepared, polish=0 ms, lock=0 ms, blockedForSync=0 ms, animations=0 ms
2026-07-14 19:22:28.064 DEBUG qt.scenegraph.time.renderer: time in renderer: total=0ms, preprocess=0, updates=0, rendering=0
2026-07-14 19:22:28.064 DEBUG qt.scenegraph.time.renderloop: [window 0x7f380ef04e40][render thread 0x7f380ed86040] syncAndRender: frame rendered in 0ms, sync=0, render=0, swap=0
2026-07-14 19:22:28.065 DEBUG qt.scenegraph.time.renderloop: [window 0x7f380ef04e40][gui thread] polishAndSync: start, elapsed since last call: 1 ms
2026-07-14 19:22:28.065 DEBUG qt.scenegraph.time.renderloop: [window 0x7f380ef04e40][render thread 0x7f380ed86040] syncAndRender: start, elapsed since last call: 1 ms
2026-07-14 19:22:28.065 DEBUG qt.scenegraph.time.renderloop: [window 0x7f380ef04e40][gui thread] Frame prepared, polish=0 ms, lock=0 ms, blockedForSync=0 ms, animations=0 ms
2026-07-14 19:22:28.065 DEBUG qt.scenegraph.time.renderer: time in renderer: total=0ms, preprocess=0, updates=0, rendering=0
2026-07-14 19:22:28.065 DEBUG qt.scenegraph.time.renderloop: [window 0x7f380ef04e40][render thread 0x7f380ed86040] syncAndRender: frame rendered in 0ms, sync=0, render=0, swap=0
2026-07-14 19:22:28.097 DEBUG qt.scenegraph.time.renderloop: [window 0x7f380ef04e40][gui thread] polishAndSync: start, elapsed since last call: 32 ms
2026-07-14 19:22:28.097 DEBUG qt.scenegraph.time.renderloop: [window 0x7f380ef04e40][render thread 0x7f380ed86040] syncAndRender: start, elapsed since last call: 32 ms
2026-07-14 19:22:28.097 DEBUG qt.scenegraph.time.renderloop: [window 0x7f380ef04e40][gui thread] Frame prepared, polish=0 ms, lock=0 ms, blockedForSync=0 ms, animations=0 ms
2026-07-14 19:22:28.098 DEBUG qt.scenegraph.time.renderer: time in renderer: total=0ms, preprocess=0, updates=0, rendering=0
2026-07-14 19:22:28.098 DEBUG qt.scenegraph.time.renderloop: [window 0x7f380ef04e40][render thread 0x7f380ed86040] syncAndRender: frame rendered in 0ms, sync=0, render=0, swap=0
2026-07-14 19:22:28.100 DEBUG qt.scenegraph.time.renderloop: [window 0x7f380ef04e40][gui thread] polishAndSync: start, elapsed since last call: 2 ms
2026-07-14 19:22:28.100 DEBUG qt.scenegraph.time.renderloop: [window 0x7f380ef04e40][render thread 0x7f380ed86040] syncAndRender: start, elapsed since last call: 2 ms
2026-07-14 19:22:28.100 DEBUG qt.scenegraph.time.renderloop: [window 0x7f380ef04e40][gui thread] Frame prepared, polish=0 ms, lock=0 ms, blockedForSync=0 ms, animations=0 ms
2026-07-14 19:22:28.100 DEBUG qt.scenegraph.time.renderer: time in renderer: total=0ms, preprocess=0, updates=0, rendering=0
2026-07-14 19:22:28.100 DEBUG qt.scenegraph.time.renderloop: [window 0x7f380ef04e40][render thread 0x7f380ed86040] syncAndRender: frame rendered in 0ms, sync=0, render=0, swap=0
2026-07-14 19:22:28.130 DEBUG qt.scenegraph.time.renderloop: [window 0x7f380ef04e40][gui thread] polishAndSync: start, elapsed since last call: 30 ms
2026-07-14 19:22:28.130 DEBUG qt.scenegraph.time.renderloop: [window 0x7f380ef04e40][render thread 0x7f380ed86040] syncAndRender: start, elapsed since last call: 30 ms
2026-07-14 19:22:28.130 DEBUG qt.scenegraph.time.renderloop: [window 0x7f380ef04e40][gui thread] Frame prepared, polish=0 ms, lock=0 ms, blockedForSync=0 ms, animations=0 ms
2026-07-14 19:22:28.130 DEBUG qt.scenegraph.time.renderer: time in renderer: total=0ms, preprocess=0, updates=0, rendering=0
2026-07-14 19:22:28.131 DEBUG qt.scenegraph.time.renderloop: [window 0x7f380ef04e40][render thread 0x7f380ed86040] syncAndRender: frame rendered in 0ms, sync=0, render=0, swap=0
2026-07-14 19:22:28.134 DEBUG qt.scenegraph.time.renderloop: [window 0x7f380ef04e40][gui thread] polishAndSync: start, elapsed since last call: 4 ms
2026-07-14 19:22:28.134 DEBUG qt.scenegraph.time.renderloop: [window 0x7f380ef04e40][render thread 0x7f380ed86040] syncAndRender: start, elapsed since last call: 4 ms
2026-07-14 19:22:28.135 DEBUG qt.scenegraph.time.renderloop: [window 0x7f380ef04e40][gui thread] Frame prepared, polish=0 ms, lock=0 ms, blockedForSync=0 ms, animations=0 ms
2026-07-14 19:22:28.135 DEBUG qt.scenegraph.time.renderer: time in renderer: total=0ms, preprocess=0, updates=0, rendering=0
2026-07-14 19:22:28.135 DEBUG qt.scenegraph.time.renderloop: [window 0x7f380ef04e40][render thread 0x7f380ed86040] syncAndRender: frame rendered in 0ms, sync=0, render=0, swap=0
2026-07-14 19:22:28.163 DEBUG qt.scenegraph.time.renderloop: [window 0x7f380ef04e40][gui thread] polishAndSync: start, elapsed since last call: 28 ms
2026-07-14 19:22:28.163 DEBUG qt.scenegraph.time.renderloop: [window 0x7f380ef04e40][render thread 0x7f380ed86040] syncAndRender: start, elapsed since last call: 28 ms
2026-07-14 19:22:28.163 DEBUG qt.scenegraph.time.renderloop: [window 0x7f380ef04e40][gui thread] Frame prepared, polish=0 ms, lock=0 ms, blockedForSync=0 ms, animations=0 ms
2026-07-14 19:22:28.163 DEBUG qt.scenegraph.time.renderer: time in renderer: total=0ms, preprocess=0, updates=0, rendering=0
2026-07-14 19:22:28.163 DEBUG qt.scenegraph.time.renderloop: [window 0x7f380ef04e40][render thread 0x7f380ed86040] syncAndRender: frame rendered in 0ms, sync=0, render=0, swap=0
2026-07-14 19:22:28.169 DEBUG qt.scenegraph.time.renderloop: [window 0x7f380ef04e40][gui thread] polishAndSync: start, elapsed since last call: 6 ms
2026-07-14 19:22:28.169 DEBUG qt.scenegraph.time.renderloop: [window 0x7f380ef04e40][render thread 0x7f380ed86040] syncAndRender: start, elapsed since last call: 6 ms
2026-07-14 19:22:28.169 DEBUG qt.scenegraph.time.renderloop: [window 0x7f380ef04e40][gui thread] Frame prepared, polish=0 ms, lock=0 ms, blockedForSync=0 ms, animations=0 ms
2026-07-14 19:22:28.169 DEBUG qt.scenegraph.time.renderer: time in renderer: total=0ms, preprocess=0, updates=0, rendering=0
2026-07-14 19:22:28.170 DEBUG qt.scenegraph.time.renderloop: [window 0x7f380ef04e40][render thread 0x7f380ed86040] syncAndRender: frame rendered in 0ms, sync=0, render=0, swap=0
2026-07-14 19:22:28.195 DEBUG qt.scenegraph.time.renderloop: [window 0x7f380ef04e40][gui thread] polishAndSync: start, elapsed since last call: 26 ms
2026-07-14 19:22:28.196 DEBUG qt.scenegraph.time.renderloop: [window 0x7f380ef04e40][render thread 0x7f380ed86040] syncAndRender: start, elapsed since last call: 26 ms
2026-07-14 19:22:28.196 DEBUG qt.scenegraph.time.renderloop: [window 0x7f380ef04e40][gui thread] Frame prepared, polish=0 ms, lock=0 ms, blockedForSync=0 ms, animations=0 ms
2026-07-14 19:22:28.196 DEBUG qt.scenegraph.time.renderer: time in renderer: total=0ms, preprocess=0, updates=0, rendering=0
2026-07-14 19:22:28.196 DEBUG qt.scenegraph.time.renderloop: [window 0x7f380ef04e40][render thread 0x7f380ed86040] syncAndRender: frame rendered in 0ms, sync=0, render=0, swap=0
2026-07-14 19:22:28.197 DEBUG qt.scenegraph.time.renderloop: [window 0x7f380ef04e40][gui thread] polishAndSync: start, elapsed since last call: 1 ms
2026-07-14 19:22:28.197 DEBUG qt.scenegraph.time.renderloop: [window 0x7f380ef04e40][render thread 0x7f380ed86040] syncAndRender: start, elapsed since last call: 1 ms
2026-07-14 19:22:28.197 DEBUG qt.scenegraph.time.renderloop: [window 0x7f380ef04e40][gui thread] Frame prepared, polish=0 ms, lock=0 ms, blockedForSync=0 ms, animations=0 ms
2026-07-14 19:22:28.197 DEBUG qt.scenegraph.time.renderer: time in renderer: total=0ms, preprocess=0, updates=0, rendering=0
2026-07-14 19:22:28.197 DEBUG qt.scenegraph.time.renderloop: [window 0x7f380ef04e40][render thread 0x7f380ed86040] syncAndRender: frame rendered in 0ms, sync=0, render=0, swap=0
2026-07-14 19:22:28.229 DEBUG qt.scenegraph.time.renderloop: [window 0x7f380ef04e40][gui thread] polishAndSync: start, elapsed since last call: 32 ms
2026-07-14 19:22:28.230 DEBUG qt.scenegraph.time.renderloop: [window 0x7f380ef04e40][render thread 0x7f380ed86040] syncAndRender: start, elapsed since last call: 32 ms
2026-07-14 19:22:28.230 DEBUG qt.scenegraph.time.renderloop: [window 0x7f380ef04e40][gui thread] Frame prepared, polish=0 ms, lock=0 ms, blockedForSync=0 ms, animations=0 ms
2026-07-14 19:22:28.230 DEBUG qt.scenegraph.time.renderer: time in renderer: total=0ms, preprocess=0, updates=0, rendering=0
2026-07-14 19:22:28.230 DEBUG qt.scenegraph.time.renderloop: [window 0x7f380ef04e40][render thread 0x7f380ed86040] syncAndRender: frame rendered in 0ms, sync=0, render=0, swap=0
2026-07-14 19:22:28.232 DEBUG qt.scenegraph.time.renderloop: [window 0x7f380ef04e40][gui thread] polishAndSync: start, elapsed since last call: 2 ms
2026-07-14 19:22:28.232 DEBUG qt.scenegraph.time.renderloop: [window 0x7f380ef04e40][render thread 0x7f380ed86040] syncAndRender: start, elapsed since last call: 2 ms
2026-07-14 19:22:28.232 DEBUG qt.scenegraph.time.renderloop: [window 0x7f380ef04e40][gui thread] Frame prepared, polish=0 ms, lock=0 ms, blockedForSync=0 ms, animations=0 ms
2026-07-14 19:22:28.232 DEBUG qt.scenegraph.time.renderer: time in renderer: total=0ms, preprocess=0, updates=0, rendering=0
2026-07-14 19:22:28.232 DEBUG qt.scenegraph.time.renderloop: [window 0x7f380ef04e40][render thread 0x7f380ed86040] syncAndRender: frame rendered in 0ms, sync=0, render=0, swap=0
2026-07-14 19:22:28.258 DEBUG qt.scenegraph.time.renderloop: [window 0x7f380ef04e40][gui thread] polishAndSync: start, elapsed since last call: 26 ms
2026-07-14 19:22:28.258 DEBUG qt.scenegraph.time.renderloop: [window 0x7f380ef04e40][render thread 0x7f380ed86040] syncAndRender: start, elapsed since last call: 26 ms
2026-07-14 19:22:28.258 DEBUG qt.scenegraph.time.renderloop: [window 0x7f380ef04e40][gui thread] Frame prepared, polish=0 ms, lock=0 ms, blockedForSync=0 ms, animations=0 ms
2026-07-14 19:22:28.258 DEBUG qt.scenegraph.time.renderloop: [window 0x7f380ef04e40][gui thread] polishAndSync: start, elapsed since last call: 0 ms
2026-07-14 19:22:28.258 DEBUG qt.scenegraph.time.texture: atlastexture upload enqueued in: -9223357650857ms (16x16)
2026-07-14 19:22:28.258 DEBUG qt.scenegraph.time.texture: atlastexture upload enqueued in: -9223357650857ms (36x14)
2026-07-14 19:22:28.258 DEBUG qt.scenegraph.time.renderer: time in renderer: total=0ms, preprocess=0, updates=0, rendering=0
2026-07-14 19:22:28.259 DEBUG qt.scenegraph.time.renderloop: [window 0x7f380ef04e40][render thread 0x7f380ed86040] syncAndRender: frame rendered in 0ms, sync=0, render=0, swap=0
2026-07-14 19:22:28.259 DEBUG qt.scenegraph.time.renderloop: [window 0x7f380ef04e40][render thread 0x7f380ed86040] syncAndRender: start, elapsed since last call: 1 ms
2026-07-14 19:22:28.259 DEBUG qt.scenegraph.time.renderloop: [window 0x7f380ef04e40][gui thread] Frame prepared, polish=0 ms, lock=0 ms, blockedForSync=0 ms, animations=0 ms
2026-07-14 19:22:28.259 DEBUG qt.scenegraph.time.renderer: time in renderer: total=0ms, preprocess=0, updates=0, rendering=0
2026-07-14 19:22:28.267 DEBUG qt.scenegraph.time.renderloop: [window 0x7f380ef04e40][gui thread] polishAndSync: start, elapsed since last call: 8 ms
2026-07-14 19:22:28.267 DEBUG qt.scenegraph.time.renderloop: [window 0x7f380ef04e40][render thread 0x7f380ed86040] syncAndRender: frame rendered in 7ms, sync=0, render=0, swap=7
2026-07-14 19:22:28.267 DEBUG qt.scenegraph.time.renderloop: [window 0x7f380ef04e40][render thread 0x7f380ed86040] syncAndRender: start, elapsed since last call: 8 ms
2026-07-14 19:22:28.268 DEBUG qt.scenegraph.time.renderloop: [window 0x7f380ef04e40][gui thread] Frame prepared, polish=0 ms, lock=0 ms, blockedForSync=0 ms, animations=0 ms
2026-07-14 19:22:28.268 DEBUG qt.scenegraph.time.texture: atlastexture upload enqueued in: -9223357650848ms (36x14)
2026-07-14 19:22:28.268 DEBUG qt.scenegraph.time.renderer: time in renderer: total=0ms, preprocess=0, updates=0, rendering=0
2026-07-14 19:22:28.274 DEBUG qt.scenegraph.time.renderloop: [window 0x7f380ef04e40][gui thread] polishAndSync: start, elapsed since last call: 6 ms
2026-07-14 19:22:28.274 DEBUG qt.scenegraph.time.renderloop: [window 0x7f380ef04e40][render thread 0x7f380ed86040] syncAndRender: frame rendered in 6ms, sync=0, render=0, swap=5
2026-07-14 19:22:28.274 DEBUG qt.scenegraph.time.renderloop: [window 0x7f380ef04e40][render thread 0x7f380ed86040] syncAndRender: start, elapsed since last call: 6 ms
2026-07-14 19:22:28.274 DEBUG qt.scenegraph.time.renderloop: [window 0x7f380ef04e40][gui thread] Frame prepared, polish=0 ms, lock=0 ms, blockedForSync=0 ms, animations=0 ms
2026-07-14 19:22:28.274 DEBUG qt.scenegraph.time.renderer: time in renderer: total=0ms, preprocess=0, updates=0, rendering=0
2026-07-14 19:22:28.281 DEBUG qt.scenegraph.time.renderloop: [window 0x7f380ef04e40][gui thread] polishAndSync: start, elapsed since last call: 6 ms
2026-07-14 19:22:28.281 DEBUG qt.scenegraph.time.renderloop: [window 0x7f380ef04e40][render thread 0x7f380ed86040] syncAndRender: frame rendered in 6ms, sync=0, render=0, swap=6
2026-07-14 19:22:28.281 DEBUG qt.scenegraph.time.renderloop: [window 0x7f380ef04e40][render thread 0x7f380ed86040] syncAndRender: start, elapsed since last call: 6 ms
2026-07-14 19:22:28.281 DEBUG qt.scenegraph.time.renderloop: [window 0x7f380ef04e40][gui thread] Frame prepared, polish=0 ms, lock=0 ms, blockedForSync=0 ms, animations=0 ms
2026-07-14 19:22:28.281 DEBUG qt.scenegraph.time.renderer: time in renderer: total=0ms, preprocess=0, updates=0, rendering=0
2026-07-14 19:22:28.287 DEBUG qt.scenegraph.time.renderloop: [window 0x7f380ef04e40][gui thread] polishAndSync: start, elapsed since last call: 6 ms
2026-07-14 19:22:28.288 DEBUG qt.scenegraph.time.renderloop: [window 0x7f380ef04e40][render thread 0x7f380ed86040] syncAndRender: frame rendered in 6ms, sync=0, render=0, swap=6
2026-07-14 19:22:28.288 DEBUG qt.scenegraph.time.renderloop: [window 0x7f380ef04e40][render thread 0x7f380ed86040] syncAndRender: start, elapsed since last call: 6 ms
2026-07-14 19:22:28.288 DEBUG qt.scenegraph.time.renderloop: [window 0x7f380ef04e40][gui thread] Frame prepared, polish=0 ms, lock=0 ms, blockedForSync=0 ms, animations=0 ms
2026-07-14 19:22:28.288 DEBUG qt.scenegraph.time.renderer: time in renderer: total=0ms, preprocess=0, updates=0, rendering=0
2026-07-14 19:22:28.294 DEBUG qt.scenegraph.time.renderloop: [window 0x7f380ef04e40][gui thread] polishAndSync: start, elapsed since last call: 6 ms
2026-07-14 19:22:28.294 DEBUG qt.scenegraph.time.renderloop: [window 0x7f380ef04e40][render thread 0x7f380ed86040] syncAndRender: frame rendered in 6ms, sync=0, render=0, swap=6
2026-07-14 19:22:28.294 DEBUG qt.scenegraph.time.renderloop: [window 0x7f380ef04e40][render thread 0x7f380ed86040] syncAndRender: start, elapsed since last call: 6 ms
2026-07-14 19:22:28.294 DEBUG qt.scenegraph.time.renderloop: [window 0x7f380ef04e40][gui thread] Frame prepared, polish=0 ms, lock=0 ms, blockedForSync=0 ms, animations=0 ms
2026-07-14 19:22:28.295 DEBUG qt.scenegraph.time.renderer: time in renderer: total=0ms, preprocess=0, updates=0, rendering=0
2026-07-14 19:22:28.301 DEBUG qt.scenegraph.time.renderloop: [window 0x7f380ef04e40][gui thread] polishAndSync: start, elapsed since last call: 6 ms
2026-07-14 19:22:28.301 DEBUG qt.scenegraph.time.renderloop: [window 0x7f380ef04e40][render thread 0x7f380ed86040] syncAndRender: frame rendered in 6ms, sync=0, render=0, swap=6
2026-07-14 19:22:28.302 DEBUG qt.scenegraph.time.renderloop: [window 0x7f380ef04e40][render thread 0x7f380ed86040] syncAndRender: start, elapsed since last call: 7 ms
2026-07-14 19:22:28.302 DEBUG qt.scenegraph.time.renderloop: [window 0x7f380ef04e40][gui thread] Frame prepared, polish=0 ms, lock=0 ms, blockedForSync=0 ms, animations=0 ms
2026-07-14 19:22:28.302 DEBUG qt.scenegraph.time.renderer: time in renderer: total=0ms, preprocess=0, updates=0, rendering=0
2026-07-14 19:22:28.308 DEBUG qt.scenegraph.time.renderloop: [window 0x7f380ef04e40][gui thread] polishAndSync: start, elapsed since last call: 6 ms
2026-07-14 19:22:28.308 DEBUG qt.scenegraph.time.renderloop: [window 0x7f380ef04e40][render thread 0x7f380ed86040] syncAndRender: frame rendered in 6ms, sync=0, render=0, swap=6
2026-07-14 19:22:28.308 DEBUG qt.scenegraph.time.renderloop: [window 0x7f380ef04e40][render thread 0x7f380ed86040] syncAndRender: start, elapsed since last call: 6 ms
2026-07-14 19:22:28.308 DEBUG qt.scenegraph.time.renderloop: [window 0x7f380ef04e40][gui thread] Frame prepared, polish=0 ms, lock=0 ms, blockedForSync=0 ms, animations=0 ms
2026-07-14 19:22:28.308 DEBUG qt.scenegraph.time.renderer: time in renderer: total=0ms, preprocess=0, updates=0, rendering=0
2026-07-14 19:22:28.315 DEBUG qt.scenegraph.time.renderloop: [window 0x7f380ef04e40][gui thread] polishAndSync: start, elapsed since last call: 6 ms
2026-07-14 19:22:28.315 DEBUG qt.scenegraph.time.renderloop: [window 0x7f380ef04e40][render thread 0x7f380ed86040] syncAndRender: frame rendered in 6ms, sync=0, render=0, swap=6
2026-07-14 19:22:28.315 DEBUG qt.scenegraph.time.renderloop: [window 0x7f380ef04e40][render thread 0x7f380ed86040] syncAndRender: start, elapsed since last call: 6 ms
2026-07-14 19:22:28.315 DEBUG qt.scenegraph.time.renderloop: [window 0x7f380ef04e40][gui thread] Frame prepared, polish=0 ms, lock=0 ms, blockedForSync=0 ms, animations=0 ms
2026-07-14 19:22:28.315 DEBUG qt.scenegraph.time.renderer: time in renderer: total=0ms, preprocess=0, updates=0, rendering=0
2026-07-14 19:22:28.322 DEBUG qt.scenegraph.time.renderloop: [window 0x7f380ef04e40][gui thread] polishAndSync: start, elapsed since last call: 6 ms
2026-07-14 19:22:28.322 DEBUG qt.scenegraph.time.renderloop: [window 0x7f380ef04e40][render thread 0x7f380ed86040] syncAndRender: frame rendered in 6ms, sync=0, render=0, swap=6
2026-07-14 19:22:28.322 DEBUG qt.scenegraph.time.renderloop: [window 0x7f380ef04e40][render thread 0x7f380ed86040] syncAndRender: start, elapsed since last call: 6 ms
2026-07-14 19:22:28.322 DEBUG qt.scenegraph.time.renderloop: [window 0x7f380ef04e40][gui thread] Frame prepared, polish=0 ms, lock=0 ms, blockedForSync=0 ms, animations=0 ms
2026-07-14 19:22:28.322 DEBUG qt.scenegraph.time.renderer: time in renderer: total=0ms, preprocess=0, updates=0, rendering=0
2026-07-14 19:22:28.329 DEBUG qt.scenegraph.time.renderloop: [window 0x7f380ef04e40][gui thread] polishAndSync: start, elapsed since last call: 7 ms
2026-07-14 19:22:28.329 DEBUG qt.scenegraph.time.renderloop: [window 0x7f380ef04e40][render thread 0x7f380ed86040] syncAndRender: frame rendered in 6ms, sync=0, render=0, swap=6
2026-07-14 19:22:28.329 DEBUG qt.scenegraph.time.renderloop: [window 0x7f380ef04e40][render thread 0x7f380ed86040] syncAndRender: start, elapsed since last call: 7 ms
2026-07-14 19:22:28.329 DEBUG qt.scenegraph.time.renderloop: [window 0x7f380ef04e40][gui thread] Frame prepared, polish=0 ms, lock=0 ms, blockedForSync=0 ms, animations=0 ms
2026-07-14 19:22:28.329 DEBUG qt.scenegraph.time.renderer: time in renderer: total=0ms, preprocess=0, updates=0, rendering=0
2026-07-14 19:22:28.336 DEBUG qt.scenegraph.time.renderloop: [window 0x7f380ef04e40][gui thread] polishAndSync: start, elapsed since last call: 6 ms
2026-07-14 19:22:28.336 DEBUG qt.scenegraph.time.renderloop: [window 0x7f380ef04e40][render thread 0x7f380ed86040] syncAndRender: frame rendered in 6ms, sync=0, render=0, swap=6
2026-07-14 19:22:28.336 DEBUG qt.scenegraph.time.renderloop: [window 0x7f380ef04e40][render thread 0x7f380ed86040] syncAndRender: start, elapsed since last call: 6 ms
2026-07-14 19:22:28.336 DEBUG qt.scenegraph.time.renderloop: [window 0x7f380ef04e40][gui thread] Frame prepared, polish=0 ms, lock=0 ms, blockedForSync=0 ms, animations=0 ms
2026-07-14 19:22:28.336 DEBUG qt.scenegraph.time.renderer: time in renderer: total=0ms, preprocess=0, updates=0, rendering=0
2026-07-14 19:22:28.343 DEBUG qt.scenegraph.time.renderloop: [window 0x7f380ef04e40][gui thread] polishAndSync: start, elapsed since last call: 6 ms
2026-07-14 19:22:28.343 DEBUG qt.scenegraph.time.renderloop: [window 0x7f380ef04e40][render thread 0x7f380ed86040] syncAndRender: frame rendered in 6ms, sync=0, render=0, swap=6
2026-07-14 19:22:28.343 DEBUG qt.scenegraph.time.renderloop: [window 0x7f380ef04e40][render thread 0x7f380ed86040] syncAndRender: start, elapsed since last call: 6 ms
2026-07-14 19:22:28.343 DEBUG qt.scenegraph.time.renderloop: [window 0x7f380ef04e40][gui thread] Frame prepared, polish=0 ms, lock=0 ms, blockedForSync=0 ms, animations=0 ms
2026-07-14 19:22:28.343 DEBUG qt.scenegraph.time.renderer: time in renderer: total=0ms, preprocess=0, updates=0, rendering=0
2026-07-14 19:22:28.350 DEBUG qt.scenegraph.time.renderloop: [window 0x7f380ef04e40][gui thread] polishAndSync: start, elapsed since last call: 7 ms
2026-07-14 19:22:28.350 DEBUG qt.scenegraph.time.renderloop: [window 0x7f380ef04e40][render thread 0x7f380ed86040] syncAndRender: frame rendered in 7ms, sync=0, render=0, swap=7
2026-07-14 19:22:28.350 DEBUG qt.scenegraph.time.renderloop: [window 0x7f380ef04e40][render thread 0x7f380ed86040] syncAndRender: start, elapsed since last call: 7 ms
2026-07-14 19:22:28.350 DEBUG qt.scenegraph.time.renderloop: [window 0x7f380ef04e40][gui thread] Frame prepared, polish=0 ms, lock=0 ms, blockedForSync=0 ms, animations=0 ms
2026-07-14 19:22:28.350 DEBUG qt.scenegraph.time.renderer: time in renderer: total=0ms, preprocess=0, updates=0, rendering=0
2026-07-14 19:22:28.357 DEBUG qt.scenegraph.time.renderloop: [window 0x7f380ef04e40][gui thread] polishAndSync: start, elapsed since last call: 6 ms
2026-07-14 19:22:28.357 DEBUG qt.scenegraph.time.renderloop: [window 0x7f380ef04e40][render thread 0x7f380ed86040] syncAndRender: frame rendered in 6ms, sync=0, render=0, swap=6
2026-07-14 19:22:28.357 DEBUG qt.scenegraph.time.renderloop: [window 0x7f380ef04e40][render thread 0x7f380ed86040] syncAndRender: start, elapsed since last call: 6 ms
2026-07-14 19:22:28.357 DEBUG qt.scenegraph.time.renderloop: [window 0x7f380ef04e40][gui thread] Frame prepared, polish=0 ms, lock=0 ms, blockedForSync=0 ms, animations=0 ms
2026-07-14 19:22:28.357 DEBUG qt.scenegraph.time.renderer: time in renderer: total=0ms, preprocess=0, updates=0, rendering=0
2026-07-14 19:22:28.364 DEBUG qt.scenegraph.time.renderloop: [window 0x7f380ef04e40][gui thread] polishAndSync: start, elapsed since last call: 6 ms
2026-07-14 19:22:28.364 DEBUG qt.scenegraph.time.renderloop: [window 0x7f380ef04e40][render thread 0x7f380ed86040] syncAndRender: frame rendered in 6ms, sync=0, render=0, swap=6
2026-07-14 19:22:28.364 DEBUG qt.scenegraph.time.renderloop: [window 0x7f380ef04e40][render thread 0x7f380ed86040] syncAndRender: start, elapsed since last call: 7 ms
2026-07-14 19:22:28.364 DEBUG qt.scenegraph.time.renderloop: [window 0x7f380ef04e40][gui thread] Frame prepared, polish=0 ms, lock=0 ms, blockedForSync=0 ms, animations=0 ms
2026-07-14 19:22:28.364 DEBUG qt.scenegraph.time.renderer: time in renderer: total=0ms, preprocess=0, updates=0, rendering=0
2026-07-14 19:22:28.371 DEBUG qt.scenegraph.time.renderloop: [window 0x7f380ef04e40][gui thread] polishAndSync: start, elapsed since last call: 7 ms
2026-07-14 19:22:28.371 DEBUG qt.scenegraph.time.renderloop: [window 0x7f380ef04e40][render thread 0x7f380ed86040] syncAndRender: frame rendered in 6ms, sync=0, render=0, swap=6
2026-07-14 19:22:28.371 DEBUG qt.scenegraph.time.renderloop: [window 0x7f380ef04e40][render thread 0x7f380ed86040] syncAndRender: start, elapsed since last call: 6 ms
2026-07-14 19:22:28.371 DEBUG qt.scenegraph.time.renderloop: [window 0x7f380ef04e40][gui thread] Frame prepared, polish=0 ms, lock=0 ms, blockedForSync=0 ms, animations=0 ms
2026-07-14 19:22:28.371 DEBUG qt.scenegraph.time.renderer: time in renderer: total=0ms, preprocess=0, updates=0, rendering=0
2026-07-14 19:22:28.378 DEBUG qt.scenegraph.time.renderloop: [window 0x7f380ef04e40][gui thread] polishAndSync: start, elapsed since last call: 6 ms
2026-07-14 19:22:28.378 DEBUG qt.scenegraph.time.renderloop: [window 0x7f380ef04e40][render thread 0x7f380ed86040] syncAndRender: frame rendered in 6ms, sync=0, render=0, swap=6
2026-07-14 19:22:28.378 DEBUG qt.scenegraph.time.renderloop: [window 0x7f380ef04e40][render thread 0x7f380ed86040] syncAndRender: start, elapsed since last call: 6 ms
2026-07-14 19:22:28.378 DEBUG qt.scenegraph.time.renderloop: [window 0x7f380ef04e40][gui thread] Frame prepared, polish=0 ms, lock=0 ms, blockedForSync=0 ms, animations=0 ms
2026-07-14 19:22:28.378 DEBUG qt.scenegraph.time.renderer: time in renderer: total=0ms, preprocess=0, updates=0, rendering=0
2026-07-14 19:22:28.385 DEBUG qt.scenegraph.time.renderloop: [window 0x7f380ef04e40][gui thread] polishAndSync: start, elapsed since last call: 7 ms
2026-07-14 19:22:28.385 DEBUG qt.scenegraph.time.renderloop: [window 0x7f380ef04e40][render thread 0x7f380ed86040] syncAndRender: frame rendered in 7ms, sync=0, render=0, swap=7
2026-07-14 19:22:28.385 DEBUG qt.scenegraph.time.renderloop: [window 0x7f380ef04e40][render thread 0x7f380ed86040] syncAndRender: start, elapsed since last call: 7 ms
2026-07-14 19:22:28.385 DEBUG qt.scenegraph.time.renderloop: [window 0x7f380ef04e40][gui thread] Frame prepared, polish=0 ms, lock=0 ms, blockedForSync=0 ms, animations=0 ms
2026-07-14 19:22:28.385 DEBUG qt.scenegraph.time.renderer: time in renderer: total=0ms, preprocess=0, updates=0, rendering=0
2026-07-14 19:22:28.392 DEBUG qt.scenegraph.time.renderloop: [window 0x7f380ef04e40][gui thread] polishAndSync: start, elapsed since last call: 6 ms
2026-07-14 19:22:28.392 DEBUG qt.scenegraph.time.renderloop: [window 0x7f380ef04e40][render thread 0x7f380ed86040] syncAndRender: frame rendered in 6ms, sync=0, render=0, swap=6
2026-07-14 19:22:28.392 DEBUG qt.scenegraph.time.renderloop: [window 0x7f380ef04e40][render thread 0x7f380ed86040] syncAndRender: start, elapsed since last call: 6 ms
2026-07-14 19:22:28.392 DEBUG qt.scenegraph.time.renderloop: [window 0x7f380ef04e40][gui thread] Frame prepared, polish=0 ms, lock=0 ms, blockedForSync=0 ms, animations=0 ms
2026-07-14 19:22:28.392 DEBUG qt.scenegraph.time.renderer: time in renderer: total=0ms, preprocess=0, updates=0, rendering=0
2026-07-14 19:22:28.398 DEBUG qt.scenegraph.time.renderloop: [window 0x7f380ef04e40][gui thread] polishAndSync: start, elapsed since last call: 6 ms
2026-07-14 19:22:28.398 DEBUG qt.scenegraph.time.renderloop: [window 0x7f380ef04e40][render thread 0x7f380ed86040] syncAndRender: frame rendered in 6ms, sync=0, render=0, swap=6
2026-07-14 19:22:28.399 DEBUG qt.scenegraph.time.renderloop: [window 0x7f380ef04e40][render thread 0x7f380ed86040] syncAndRender: start, elapsed since last call: 7 ms
2026-07-14 19:22:28.399 DEBUG qt.scenegraph.time.renderloop: [window 0x7f380ef04e40][gui thread] Frame prepared, polish=0 ms, lock=0 ms, blockedForSync=0 ms, animations=0 ms
2026-07-14 19:22:28.399 DEBUG qt.scenegraph.time.renderer: time in renderer: total=0ms, preprocess=0, updates=0, rendering=0
2026-07-14 19:22:28.406 DEBUG qt.scenegraph.time.renderloop: [window 0x7f380ef04e40][gui thread] polishAndSync: start, elapsed since last call: 7 ms
2026-07-14 19:22:28.406 DEBUG qt.scenegraph.time.renderloop: [window 0x7f380ef04e40][render thread 0x7f380ed86040] syncAndRender: frame rendered in 6ms, sync=0, render=0, swap=6
2026-07-14 19:22:28.406 DEBUG qt.scenegraph.time.renderloop: [window 0x7f380ef04e40][render thread 0x7f380ed86040] syncAndRender: start, elapsed since last call: 6 ms
2026-07-14 19:22:28.406 DEBUG qt.scenegraph.time.renderloop: [window 0x7f380ef04e40][gui thread] Frame prepared, polish=0 ms, lock=0 ms, blockedForSync=0 ms, animations=0 ms
2026-07-14 19:22:28.406 DEBUG qt.scenegraph.time.renderer: time in renderer: total=0ms, preprocess=0, updates=0, rendering=0
2026-07-14 19:22:28.412 DEBUG qt.scenegraph.time.renderloop: [window 0x7f380ef04e40][gui thread] polishAndSync: start, elapsed since last call: 6 ms
2026-07-14 19:22:28.412 DEBUG qt.scenegraph.time.renderloop: [window 0x7f380ef04e40][render thread 0x7f380ed86040] syncAndRender: frame rendered in 6ms, sync=0, render=0, swap=6
2026-07-14 19:22:28.412 DEBUG qt.scenegraph.time.renderloop: [window 0x7f380ef04e40][render thread 0x7f380ed86040] syncAndRender: start, elapsed since last call: 6 ms
2026-07-14 19:22:28.412 DEBUG qt.scenegraph.time.renderloop: [window 0x7f380ef04e40][gui thread] Frame prepared, polish=0 ms, lock=0 ms, blockedForSync=0 ms, animations=0 ms
2026-07-14 19:22:28.412 DEBUG qt.scenegraph.time.renderer: time in renderer: total=0ms, preprocess=0, updates=0, rendering=0
2026-07-14 19:22:28.419 DEBUG qt.scenegraph.time.renderloop: [window 0x7f380ef04e40][gui thread] polishAndSync: start, elapsed since last call: 7 ms
2026-07-14 19:22:28.419 DEBUG qt.scenegraph.time.renderloop: [window 0x7f380ef04e40][render thread 0x7f380ed86040] syncAndRender: frame rendered in 7ms, sync=0, render=0, swap=7
2026-07-14 19:22:28.419 DEBUG qt.scenegraph.time.renderloop: [window 0x7f380ef04e40][render thread 0x7f380ed86040] syncAndRender: start, elapsed since last call: 7 ms
2026-07-14 19:22:28.420 DEBUG qt.scenegraph.time.renderloop: [window 0x7f380ef04e40][gui thread] Frame prepared, polish=0 ms, lock=0 ms, blockedForSync=0 ms, animations=0 ms
2026-07-14 19:22:28.420 DEBUG qt.scenegraph.time.renderer: time in renderer: total=0ms, preprocess=0, updates=0, rendering=0
2026-07-14 19:22:28.426 DEBUG qt.scenegraph.time.renderloop: [window 0x7f380ef04e40][gui thread] polishAndSync: start, elapsed since last call: 6 ms
2026-07-14 19:22:28.426 DEBUG qt.scenegraph.time.renderloop: [window 0x7f380ef04e40][render thread 0x7f380ed86040] syncAndRender: frame rendered in 6ms, sync=0, render=0, swap=6
2026-07-14 19:22:28.426 DEBUG qt.scenegraph.time.renderloop: [window 0x7f380ef04e40][render thread 0x7f380ed86040] syncAndRender: start, elapsed since last call: 6 ms
2026-07-14 19:22:28.426 DEBUG qt.scenegraph.time.renderloop: [window 0x7f380ef04e40][gui thread] Frame prepared, polish=0 ms, lock=0 ms, blockedForSync=0 ms, animations=0 ms
2026-07-14 19:22:28.426 DEBUG qt.scenegraph.time.renderer: time in renderer: total=0ms, preprocess=0, updates=0, rendering=0
2026-07-14 19:22:28.433 DEBUG qt.scenegraph.time.renderloop: [window 0x7f380ef04e40][gui thread] polishAndSync: start, elapsed since last call: 6 ms
2026-07-14 19:22:28.433 DEBUG qt.scenegraph.time.renderloop: [window 0x7f380ef04e40][render thread 0x7f380ed86040] syncAndRender: frame rendered in 6ms, sync=0, render=0, swap=6
2026-07-14 19:22:28.434 DEBUG qt.scenegraph.time.renderloop: [window 0x7f380ef04e40][render thread 0x7f380ed86040] syncAndRender: start, elapsed since last call: 7 ms
2026-07-14 19:22:28.434 DEBUG qt.scenegraph.time.renderloop: [window 0x7f380ef04e40][gui thread] Frame prepared, polish=0 ms, lock=0 ms, blockedForSync=0 ms, animations=0 ms
2026-07-14 19:22:28.434 DEBUG qt.scenegraph.time.renderer: time in renderer: total=0ms, preprocess=0, updates=0, rendering=0
2026-07-14 19:22:28.440 DEBUG qt.scenegraph.time.renderloop: [window 0x7f380ef04e40][gui thread] polishAndSync: start, elapsed since last call: 6 ms
2026-07-14 19:22:28.440 DEBUG qt.scenegraph.time.renderloop: [window 0x7f380ef04e40][render thread 0x7f380ed86040] syncAndRender: frame rendered in 6ms, sync=0, render=0, swap=6
2026-07-14 19:22:28.440 DEBUG qt.scenegraph.time.renderloop: [window 0x7f380ef04e40][render thread 0x7f380ed86040] syncAndRender: start, elapsed since last call: 6 ms
2026-07-14 19:22:28.440 DEBUG qt.scenegraph.time.renderloop: [window 0x7f380ef04e40][gui thread] Frame prepared, polish=0 ms, lock=0 ms, blockedForSync=0 ms, animations=0 ms
2026-07-14 19:22:28.440 DEBUG qt.scenegraph.time.renderer: time in renderer: total=0ms, preprocess=0, updates=0, rendering=0
2026-07-14 19:22:28.447 DEBUG qt.scenegraph.time.renderloop: [window 0x7f380ef04e40][gui thread] polishAndSync: start, elapsed since last call: 7 ms
2026-07-14 19:22:28.447 DEBUG qt.scenegraph.time.renderloop: [window 0x7f380ef04e40][render thread 0x7f380ed86040] syncAndRender: frame rendered in 7ms, sync=0, render=0, swap=6
2026-07-14 19:22:28.447 DEBUG qt.scenegraph.time.renderloop: [window 0x7f380ef04e40][render thread 0x7f380ed86040] syncAndRender: start, elapsed since last call: 7 ms
2026-07-14 19:22:28.447 DEBUG qt.scenegraph.time.renderloop: [window 0x7f380ef04e40][gui thread] Frame prepared, polish=0 ms, lock=0 ms, blockedForSync=0 ms, animations=0 ms
2026-07-14 19:22:28.447 DEBUG qt.scenegraph.time.renderer: time in renderer: total=0ms, preprocess=0, updates=0, rendering=0
2026-07-14 19:22:28.454 DEBUG qt.scenegraph.time.renderloop: [window 0x7f380ef04e40][gui thread] polishAndSync: start, elapsed since last call: 6 ms
2026-07-14 19:22:28.454 DEBUG qt.scenegraph.time.renderloop: [window 0x7f380ef04e40][render thread 0x7f380ed86040] syncAndRender: frame rendered in 6ms, sync=0, render=0, swap=6
2026-07-14 19:22:28.454 DEBUG qt.scenegraph.time.renderloop: [window 0x7f380ef04e40][render thread 0x7f380ed86040] syncAndRender: start, elapsed since last call: 6 ms
2026-07-14 19:22:28.454 DEBUG qt.scenegraph.time.renderloop: [window 0x7f380ef04e40][gui thread] Frame prepared, polish=0 ms, lock=0 ms, blockedForSync=0 ms, animations=0 ms
2026-07-14 19:22:28.454 DEBUG qt.scenegraph.time.renderer: time in renderer: total=0ms, preprocess=0, updates=0, rendering=0
2026-07-14 19:22:28.461 DEBUG qt.scenegraph.time.renderloop: [window 0x7f380ef04e40][gui thread] polishAndSync: start, elapsed since last call: 6 ms
2026-07-14 19:22:28.461 DEBUG qt.scenegraph.time.renderloop: [window 0x7f380ef04e40][render thread 0x7f380ed86040] syncAndRender: frame rendered in 6ms, sync=0, render=0, swap=6
2026-07-14 19:22:28.461 DEBUG qt.scenegraph.time.renderloop: [window 0x7f380ef04e40][render thread 0x7f380ed86040] syncAndRender: start, elapsed since last call: 7 ms
2026-07-14 19:22:28.461 DEBUG qt.scenegraph.time.renderloop: [window 0x7f380ef04e40][gui thread] Frame prepared, polish=0 ms, lock=0 ms, blockedForSync=0 ms, animations=0 ms
2026-07-14 19:22:28.461 DEBUG qt.scenegraph.time.renderer: time in renderer: total=0ms, preprocess=0, updates=0, rendering=0
2026-07-14 19:22:28.468 DEBUG qt.scenegraph.time.renderloop: [window 0x7f380ef04e40][gui thread] polishAndSync: start, elapsed since last call: 6 ms
2026-07-14 19:22:28.468 DEBUG qt.scenegraph.time.renderloop: [window 0x7f380ef04e40][render thread 0x7f380ed86040] syncAndRender: frame rendered in 6ms, sync=0, render=0, swap=6
2026-07-14 19:22:28.468 DEBUG qt.scenegraph.time.renderloop: [window 0x7f380ef04e40][render thread 0x7f380ed86040] syncAndRender: start, elapsed since last call: 6 ms
2026-07-14 19:22:28.468 DEBUG qt.scenegraph.time.renderloop: [window 0x7f380ef04e40][gui thread] Frame prepared, polish=0 ms, lock=0 ms, blockedForSync=0 ms, animations=0 ms
2026-07-14 19:22:28.468 DEBUG qt.scenegraph.time.renderer: time in renderer: total=0ms, preprocess=0, updates=0, rendering=0
2026-07-14 19:22:28.475 DEBUG qt.scenegraph.time.renderloop: [window 0x7f380ef04e40][gui thread] polishAndSync: start, elapsed since last call: 7 ms
2026-07-14 19:22:28.475 DEBUG qt.scenegraph.time.renderloop: [window 0x7f380ef04e40][render thread 0x7f380ed86040] syncAndRender: frame rendered in 6ms, sync=0, render=0, swap=6
2026-07-14 19:22:28.475 DEBUG qt.scenegraph.time.renderloop: [window 0x7f380ef04e40][render thread 0x7f380ed86040] syncAndRender: start, elapsed since last call: 7 ms
2026-07-14 19:22:28.475 DEBUG qt.scenegraph.time.renderloop: [window 0x7f380ef04e40][gui thread] Frame prepared, polish=0 ms, lock=0 ms, blockedForSync=0 ms, animations=0 ms
2026-07-14 19:22:28.475 DEBUG qt.scenegraph.time.renderer: time in renderer: total=0ms, preprocess=0, updates=0, rendering=0
2026-07-14 19:22:28.482 DEBUG qt.scenegraph.time.renderloop: [window 0x7f380ef04e40][gui thread] polishAndSync: start, elapsed since last call: 6 ms
2026-07-14 19:22:28.482 DEBUG qt.scenegraph.time.renderloop: [window 0x7f380ef04e40][render thread 0x7f380ed86040] syncAndRender: frame rendered in 6ms, sync=0, render=0, swap=6
2026-07-14 19:22:28.482 DEBUG qt.scenegraph.time.renderloop: [window 0x7f380ef04e40][render thread 0x7f380ed86040] syncAndRender: start, elapsed since last call: 6 ms
2026-07-14 19:22:28.482 DEBUG qt.scenegraph.time.renderloop: [window 0x7f380ef04e40][gui thread] Frame prepared, polish=0 ms, lock=0 ms, blockedForSync=0 ms, animations=0 ms
2026-07-14 19:22:28.482 DEBUG qt.scenegraph.time.renderer: time in renderer: total=0ms, preprocess=0, updates=0, rendering=0
2026-07-14 19:22:28.489 DEBUG qt.scenegraph.time.renderloop: [window 0x7f380ef04e40][gui thread] polishAndSync: start, elapsed since last call: 7 ms
2026-07-14 19:22:28.489 DEBUG qt.scenegraph.time.renderloop: [window 0x7f380ef04e40][render thread 0x7f380ed86040] syncAndRender: frame rendered in 7ms, sync=0, render=0, swap=6
2026-07-14 19:22:28.489 DEBUG qt.scenegraph.time.renderloop: [window 0x7f380ef04e40][render thread 0x7f380ed86040] syncAndRender: start, elapsed since last call: 7 ms
2026-07-14 19:22:28.489 DEBUG qt.scenegraph.time.renderloop: [window 0x7f380ef04e40][gui thread] Frame prepared, polish=0 ms, lock=0 ms, blockedForSync=0 ms, animations=0 ms
2026-07-14 19:22:28.489 DEBUG qt.scenegraph.time.renderer: time in renderer: total=0ms, preprocess=0, updates=0, rendering=0
2026-07-14 19:22:28.496 DEBUG qt.scenegraph.time.renderloop: [window 0x7f380ef04e40][gui thread] polishAndSync: start, elapsed since last call: 7 ms
2026-07-14 19:22:28.496 DEBUG qt.scenegraph.time.renderloop: [window 0x7f380ef04e40][render thread 0x7f380ed86040] syncAndRender: frame rendered in 7ms, sync=0, render=0, swap=6
2026-07-14 19:22:28.496 DEBUG qt.scenegraph.time.renderloop: [window 0x7f380ef04e40][render thread 0x7f380ed86040] syncAndRender: start, elapsed since last call: 7 ms
2026-07-14 19:22:28.496 DEBUG qt.scenegraph.time.renderloop: [window 0x7f380ef04e40][gui thread] Frame prepared, polish=0 ms, lock=0 ms, blockedForSync=0 ms, animations=0 ms
2026-07-14 19:22:28.496 DEBUG qt.scenegraph.time.renderer: time in renderer: total=0ms, preprocess=0, updates=0, rendering=0
2026-07-14 19:22:28.503 DEBUG qt.scenegraph.time.renderloop: [window 0x7f380ef04e40][gui thread] polishAndSync: start, elapsed since last call: 6 ms
2026-07-14 19:22:28.503 DEBUG qt.scenegraph.time.renderloop: [window 0x7f380ef04e40][render thread 0x7f380ed86040] syncAndRender: frame rendered in 6ms, sync=0, render=0, swap=6
2026-07-14 19:22:28.503 DEBUG qt.scenegraph.time.renderloop: [window 0x7f380ef04e40][render thread 0x7f380ed86040] syncAndRender: start, elapsed since last call: 6 ms
2026-07-14 19:22:28.503 DEBUG qt.scenegraph.time.renderloop: [window 0x7f380ef04e40][gui thread] Frame prepared, polish=0 ms, lock=0 ms, blockedForSync=0 ms, animations=0 ms
2026-07-14 19:22:28.503 DEBUG qt.scenegraph.time.renderer: time in renderer: total=0ms, preprocess=0, updates=0, rendering=0
2026-07-14 19:22:28.510 DEBUG qt.scenegraph.time.renderloop: [window 0x7f380ef04e40][gui thread] polishAndSync: start, elapsed since last call: 6 ms
2026-07-14 19:22:28.510 DEBUG qt.scenegraph.time.renderloop: [window 0x7f380ef04e40][render thread 0x7f380ed86040] syncAndRender: frame rendered in 6ms, sync=0, render=0, swap=6
2026-07-14 19:22:28.510 DEBUG qt.scenegraph.time.renderloop: [window 0x7f380ef04e40][render thread 0x7f380ed86040] syncAndRender: start, elapsed since last call: 6 ms
2026-07-14 19:22:28.510 DEBUG qt.scenegraph.time.renderloop: [window 0x7f380ef04e40][gui thread] Frame prepared, polish=0 ms, lock=0 ms, blockedForSync=0 ms, animations=0 ms
2026-07-14 19:22:28.510 DEBUG qt.scenegraph.time.renderer: time in renderer: total=0ms, preprocess=0, updates=0, rendering=0
2026-07-14 19:22:28.517 DEBUG qt.scenegraph.time.renderloop: [window 0x7f380ef04e40][gui thread] polishAndSync: start, elapsed since last call: 6 ms
2026-07-14 19:22:28.517 DEBUG qt.scenegraph.time.renderloop: [window 0x7f380ef04e40][render thread 0x7f380ed86040] syncAndRender: frame rendered in 6ms, sync=0, render=0, swap=6
2026-07-14 19:22:28.517 DEBUG qt.scenegraph.time.renderloop: [window 0x7f380ef04e40][render thread 0x7f380ed86040] syncAndRender: start, elapsed since last call: 6 ms
2026-07-14 19:22:28.517 DEBUG qt.scenegraph.time.renderloop: [window 0x7f380ef04e40][gui thread] Frame prepared, polish=0 ms, lock=0 ms, blockedForSync=0 ms, animations=0 ms
2026-07-14 19:22:28.517 DEBUG qt.scenegraph.time.renderer: time in renderer: total=0ms, preprocess=0, updates=0, rendering=0
2026-07-14 19:22:28.524 DEBUG qt.scenegraph.time.renderloop: [window 0x7f380ef04e40][gui thread] polishAndSync: start, elapsed since last call: 6 ms
2026-07-14 19:22:28.524 DEBUG qt.scenegraph.time.renderloop: [window 0x7f380ef04e40][render thread 0x7f380ed86040] syncAndRender: frame rendered in 6ms, sync=0, render=0, swap=6
2026-07-14 19:22:28.524 DEBUG qt.scenegraph.time.renderloop: [window 0x7f380ef04e40][render thread 0x7f380ed86040] syncAndRender: start, elapsed since last call: 6 ms
2026-07-14 19:22:28.524 DEBUG qt.scenegraph.time.renderloop: [window 0x7f380ef04e40][gui thread] Frame prepared, polish=0 ms, lock=0 ms, blockedForSync=0 ms, animations=0 ms
2026-07-14 19:22:28.524 DEBUG qt.scenegraph.time.renderer: time in renderer: total=0ms, preprocess=0, updates=0, rendering=0
2026-07-14 19:22:28.531 DEBUG qt.scenegraph.time.renderloop: [window 0x7f380ef04e40][gui thread] polishAndSync: start, elapsed since last call: 7 ms
2026-07-14 19:22:28.531 DEBUG qt.scenegraph.time.renderloop: [window 0x7f380ef04e40][render thread 0x7f380ed86040] syncAndRender: frame rendered in 7ms, sync=0, render=0, swap=6
2026-07-14 19:22:28.531 DEBUG qt.scenegraph.time.renderloop: [window 0x7f380ef04e40][render thread 0x7f380ed86040] syncAndRender: start, elapsed since last call: 7 ms
2026-07-14 19:22:28.531 DEBUG qt.scenegraph.time.renderloop: [window 0x7f380ef04e40][gui thread] Frame prepared, polish=0 ms, lock=0 ms, blockedForSync=0 ms, animations=0 ms
2026-07-14 19:22:28.531 DEBUG qt.scenegraph.time.renderer: time in renderer: total=0ms, preprocess=0, updates=0, rendering=0
2026-07-14 19:22:28.538 DEBUG qt.scenegraph.time.renderloop: [window 0x7f380ef04e40][gui thread] polishAndSync: start, elapsed since last call: 6 ms
2026-07-14 19:22:28.538 DEBUG qt.scenegraph.time.renderloop: [window 0x7f380ef04e40][render thread 0x7f380ed86040] syncAndRender: frame rendered in 6ms, sync=0, render=0, swap=6
2026-07-14 19:22:28.538 DEBUG qt.scenegraph.time.renderloop: [window 0x7f380ef04e40][render thread 0x7f380ed86040] syncAndRender: start, elapsed since last call: 6 ms
2026-07-14 19:22:28.538 DEBUG qt.scenegraph.time.renderloop: [window 0x7f380ef04e40][gui thread] Frame prepared, polish=0 ms, lock=0 ms, blockedForSync=0 ms, animations=0 ms
2026-07-14 19:22:28.538 DEBUG qt.scenegraph.time.renderer: time in renderer: total=0ms, preprocess=0, updates=0, rendering=0
2026-07-14 19:22:28.545 DEBUG qt.scenegraph.time.renderloop: [window 0x7f380ef04e40][gui thread] polishAndSync: start, elapsed since last call: 6 ms
2026-07-14 19:22:28.545 DEBUG qt.scenegraph.time.renderloop: [window 0x7f380ef04e40][render thread 0x7f380ed86040] syncAndRender: frame rendered in 6ms, sync=0, render=0, swap=6
2026-07-14 19:22:28.545 DEBUG qt.scenegraph.time.renderloop: [window 0x7f380ef04e40][render thread 0x7f380ed86040] syncAndRender: start, elapsed since last call: 6 ms
2026-07-14 19:22:28.545 DEBUG qt.scenegraph.time.renderloop: [window 0x7f380ef04e40][gui thread] Frame prepared, polish=0 ms, lock=0 ms, blockedForSync=0 ms, animations=0 ms
2026-07-14 19:22:28.545 DEBUG qt.scenegraph.time.renderer: time in renderer: total=0ms, preprocess=0, updates=0, rendering=0
2026-07-14 19:22:28.551 DEBUG qt.scenegraph.time.renderloop: [window 0x7f380ef04e40][gui thread] polishAndSync: start, elapsed since last call: 6 ms
2026-07-14 19:22:28.551 DEBUG qt.scenegraph.time.renderloop: [window 0x7f380ef04e40][render thread 0x7f380ed86040] syncAndRender: frame rendered in 6ms, sync=0, render=0, swap=6
2026-07-14 19:22:28.552 DEBUG qt.scenegraph.time.renderloop: [window 0x7f380ef04e40][render thread 0x7f380ed86040] syncAndRender: start, elapsed since last call: 6 ms
2026-07-14 19:22:28.552 DEBUG qt.scenegraph.time.renderloop: [window 0x7f380ef04e40][gui thread] Frame prepared, polish=0 ms, lock=0 ms, blockedForSync=0 ms, animations=0 ms
2026-07-14 19:22:28.552 DEBUG qt.scenegraph.time.renderer: time in renderer: total=0ms, preprocess=0, updates=0, rendering=0
2026-07-14 19:22:28.558 DEBUG qt.scenegraph.time.renderloop: [window 0x7f380ef04e40][gui thread] polishAndSync: start, elapsed since last call: 6 ms
2026-07-14 19:22:28.558 DEBUG qt.scenegraph.time.renderloop: [window 0x7f380ef04e40][render thread 0x7f380ed86040] syncAndRender: frame rendered in 6ms, sync=0, render=0, swap=6
2026-07-14 19:22:28.558 DEBUG qt.scenegraph.time.renderloop: [window 0x7f380ef04e40][render thread 0x7f380ed86040] syncAndRender: start, elapsed since last call: 6 ms
2026-07-14 19:22:28.558 DEBUG qt.scenegraph.time.renderloop: [window 0x7f380ef04e40][gui thread] Frame prepared, polish=0 ms, lock=0 ms, blockedForSync=0 ms, animations=0 ms
2026-07-14 19:22:28.558 DEBUG qt.scenegraph.time.renderer: time in renderer: total=0ms, preprocess=0, updates=0, rendering=0
2026-07-14 19:22:28.565 DEBUG qt.scenegraph.time.renderloop: [window 0x7f380ef04e40][gui thread] polishAndSync: start, elapsed since last call: 6 ms
2026-07-14 19:22:28.565 DEBUG qt.scenegraph.time.renderloop: [window 0x7f380ef04e40][render thread 0x7f380ed86040] syncAndRender: frame rendered in 6ms, sync=0, render=0, swap=6
2026-07-14 19:22:28.566 DEBUG qt.scenegraph.time.renderloop: [window 0x7f380ef04e40][render thread 0x7f380ed86040] syncAndRender: start, elapsed since last call: 7 ms
2026-07-14 19:22:28.566 DEBUG qt.scenegraph.time.renderloop: [window 0x7f380ef04e40][gui thread] Frame prepared, polish=0 ms, lock=0 ms, blockedForSync=0 ms, animations=0 ms
2026-07-14 19:22:28.566 DEBUG qt.scenegraph.time.renderer: time in renderer: total=0ms, preprocess=0, updates=0, rendering=0
2026-07-14 19:22:28.572 DEBUG qt.scenegraph.time.renderloop: [window 0x7f380ef04e40][gui thread] polishAndSync: start, elapsed since last call: 6 ms
2026-07-14 19:22:28.572 DEBUG qt.scenegraph.time.renderloop: [window 0x7f380ef04e40][render thread 0x7f380ed86040] syncAndRender: frame rendered in 6ms, sync=0, render=0, swap=6
2026-07-14 19:22:28.572 DEBUG qt.scenegraph.time.renderloop: [window 0x7f380ef04e40][render thread 0x7f380ed86040] syncAndRender: start, elapsed since last call: 6 ms
2026-07-14 19:22:28.572 DEBUG qt.scenegraph.time.renderloop: [window 0x7f380ef04e40][gui thread] Frame prepared, polish=0 ms, lock=0 ms, blockedForSync=0 ms, animations=0 ms
2026-07-14 19:22:28.572 DEBUG qt.scenegraph.time.renderer: time in renderer: total=0ms, preprocess=0, updates=0, rendering=0
2026-07-14 19:22:28.579 DEBUG qt.scenegraph.time.renderloop: [window 0x7f380ef04e40][render thread 0x7f380ed86040] syncAndRender: frame rendered in 7ms, sync=0, render=0, swap=6
2026-07-14 19:22:28.591 DEBUG qt.scenegraph.time.renderloop: [window 0x7f380ef04e40][gui thread] polishAndSync: start, elapsed since last call: 19 ms
2026-07-14 19:22:28.592 DEBUG qt.scenegraph.time.renderloop: [window 0x7f380ef04e40][render thread 0x7f380ed86040] syncAndRender: start, elapsed since last call: 19 ms
2026-07-14 19:22:28.592 DEBUG qt.scenegraph.time.renderloop: [window 0x7f380ef04e40][gui thread] Frame prepared, polish=0 ms, lock=0 ms, blockedForSync=0 ms, animations=0 ms
2026-07-14 19:22:28.592 DEBUG qt.scenegraph.time.renderer: time in renderer: total=0ms, preprocess=0, updates=0, rendering=0
2026-07-14 19:22:28.592 DEBUG qt.scenegraph.time.renderloop: [window 0x7f380ef04e40][render thread 0x7f380ed86040] syncAndRender: frame rendered in 0ms, sync=0, render=0, swap=0
2026-07-14 19:22:28.593 DEBUG qt.scenegraph.time.renderloop: [window 0x7f380ef04e40][gui thread] polishAndSync: start, elapsed since last call: 1 ms
2026-07-14 19:22:28.593 DEBUG qt.scenegraph.time.renderloop: [window 0x7f380ef04e40][render thread 0x7f380ed86040] syncAndRender: start, elapsed since last call: 1 ms
2026-07-14 19:22:28.593 DEBUG qt.scenegraph.time.renderloop: [window 0x7f380ef04e40][gui thread] Frame prepared, polish=0 ms, lock=0 ms, blockedForSync=0 ms, animations=0 ms
2026-07-14 19:22:28.593 DEBUG qt.scenegraph.time.renderer: time in renderer: total=0ms, preprocess=0, updates=0, rendering=0
2026-07-14 19:22:28.593 DEBUG qt.scenegraph.time.renderloop: [window 0x7f380ef04e40][render thread 0x7f380ed86040] syncAndRender: frame rendered in 0ms, sync=0, render=0, swap=0
2026-07-14 19:22:28.625 DEBUG qt.scenegraph.time.renderloop: [window 0x7f380ef04e40][gui thread] polishAndSync: start, elapsed since last call: 32 ms
2026-07-14 19:22:28.626 DEBUG qt.scenegraph.time.renderloop: [window 0x7f380ef04e40][render thread 0x7f380ed86040] syncAndRender: start, elapsed since last call: 32 ms
2026-07-14 19:22:28.626 DEBUG qt.scenegraph.time.renderloop: [window 0x7f380ef04e40][gui thread] Frame prepared, polish=0 ms, lock=0 ms, blockedForSync=0 ms, animations=0 ms
2026-07-14 19:22:28.626 DEBUG qt.scenegraph.time.renderer: time in renderer: total=0ms, preprocess=0, updates=0, rendering=0
2026-07-14 19:22:28.626 DEBUG qt.scenegraph.time.renderloop: [window 0x7f380ef04e40][render thread 0x7f380ed86040] syncAndRender: frame rendered in 0ms, sync=0, render=0, swap=0
2026-07-14 19:22:28.628 DEBUG qt.scenegraph.time.renderloop: [window 0x7f380ef04e40][gui thread] polishAndSync: start, elapsed since last call: 2 ms
2026-07-14 19:22:28.628 DEBUG qt.scenegraph.time.renderloop: [window 0x7f380ef04e40][render thread 0x7f380ed86040] syncAndRender: start, elapsed since last call: 2 ms
2026-07-14 19:22:28.628 DEBUG qt.scenegraph.time.renderloop: [window 0x7f380ef04e40][gui thread] Frame prepared, polish=0 ms, lock=0 ms, blockedForSync=0 ms, animations=0 ms
2026-07-14 19:22:28.628 DEBUG qt.scenegraph.time.renderer: time in renderer: total=0ms, preprocess=0, updates=0, rendering=0
2026-07-14 19:22:28.628 DEBUG qt.scenegraph.time.renderloop: [window 0x7f380ef04e40][render thread 0x7f380ed86040] syncAndRender: frame rendered in 0ms, sync=0, render=0, swap=0
2026-07-14 19:22:28.658 DEBUG qt.scenegraph.time.renderloop: [window 0x7f380ef04e40][gui thread] polishAndSync: start, elapsed since last call: 30 ms
2026-07-14 19:22:28.659 DEBUG qt.scenegraph.time.renderloop: [window 0x7f380ef04e40][render thread 0x7f380ed86040] syncAndRender: start, elapsed since last call: 30 ms
2026-07-14 19:22:28.659 DEBUG qt.scenegraph.time.renderloop: [window 0x7f380ef04e40][gui thread] Frame prepared, polish=0 ms, lock=0 ms, blockedForSync=0 ms, animations=0 ms
2026-07-14 19:22:28.659 DEBUG qt.scenegraph.time.renderer: time in renderer: total=0ms, preprocess=0, updates=0, rendering=0
2026-07-14 19:22:28.659 DEBUG qt.scenegraph.time.renderloop: [window 0x7f380ef04e40][render thread 0x7f380ed86040] syncAndRender: frame rendered in 0ms, sync=0, render=0, swap=0
2026-07-14 19:22:28.663 DEBUG qt.scenegraph.time.renderloop: [window 0x7f380ef04e40][gui thread] polishAndSync: start, elapsed since last call: 4 ms
2026-07-14 19:22:28.663 DEBUG qt.scenegraph.time.renderloop: [window 0x7f380ef04e40][render thread 0x7f380ed86040] syncAndRender: start, elapsed since last call: 3 ms
2026-07-14 19:22:28.663 DEBUG qt.scenegraph.time.renderloop: [window 0x7f380ef04e40][gui thread] Frame prepared, polish=0 ms, lock=0 ms, blockedForSync=0 ms, animations=0 ms
2026-07-14 19:22:28.663 DEBUG qt.scenegraph.time.renderer: time in renderer: total=0ms, preprocess=0, updates=0, rendering=0
2026-07-14 19:22:28.663 DEBUG qt.scenegraph.time.renderloop: [window 0x7f380ef04e40][render thread 0x7f380ed86040] syncAndRender: frame rendered in 0ms, sync=0, render=0, swap=0
2026-07-14 19:22:28.691 DEBUG qt.scenegraph.time.renderloop: [window 0x7f380ef04e40][gui thread] polishAndSync: start, elapsed since last call: 28 ms
2026-07-14 19:22:28.691 DEBUG qt.scenegraph.time.renderloop: [window 0x7f380ef04e40][render thread 0x7f380ed86040] syncAndRender: start, elapsed since last call: 28 ms
2026-07-14 19:22:28.691 DEBUG qt.scenegraph.time.renderloop: [window 0x7f380ef04e40][gui thread] Frame prepared, polish=0 ms, lock=0 ms, blockedForSync=0 ms, animations=0 ms
2026-07-14 19:22:28.691 DEBUG qt.scenegraph.time.renderer: time in renderer: total=0ms, preprocess=0, updates=0, rendering=0
2026-07-14 19:22:28.691 DEBUG qt.scenegraph.time.renderloop: [window 0x7f380ef04e40][render thread 0x7f380ed86040] syncAndRender: frame rendered in 0ms, sync=0, render=0, swap=0
2026-07-14 19:22:28.697 DEBUG qt.scenegraph.time.renderloop: [window 0x7f380ef04e40][gui thread] polishAndSync: start, elapsed since last call: 6 ms
2026-07-14 19:22:28.697 DEBUG qt.scenegraph.time.renderloop: [window 0x7f380ef04e40][render thread 0x7f380ed86040] syncAndRender: start, elapsed since last call: 6 ms
2026-07-14 19:22:28.697 DEBUG qt.scenegraph.time.renderloop: [window 0x7f380ef04e40][gui thread] Frame prepared, polish=0 ms, lock=0 ms, blockedForSync=0 ms, animations=0 ms
2026-07-14 19:22:28.697 DEBUG qt.scenegraph.time.renderer: time in renderer: total=0ms, preprocess=0, updates=0, rendering=0
2026-07-14 19:22:28.698 DEBUG qt.scenegraph.time.renderloop: [window 0x7f380ef04e40][render thread 0x7f380ed86040] syncAndRender: frame rendered in 0ms, sync=0, render=0, swap=0
2026-07-14 19:22:28.723 DEBUG qt.scenegraph.time.renderloop: [window 0x7f380ef04e40][gui thread] polishAndSync: start, elapsed since last call: 26 ms
2026-07-14 19:22:28.724 DEBUG qt.scenegraph.time.renderloop: [window 0x7f380ef04e40][render thread 0x7f380ed86040] syncAndRender: start, elapsed since last call: 26 ms
2026-07-14 19:22:28.724 DEBUG qt.scenegraph.time.renderloop: [window 0x7f380ef04e40][gui thread] Frame prepared, polish=0 ms, lock=0 ms, blockedForSync=0 ms, animations=0 ms
2026-07-14 19:22:28.724 DEBUG qt.scenegraph.time.renderer: time in renderer: total=0ms, preprocess=0, updates=0, rendering=0
2026-07-14 19:22:28.724 DEBUG qt.scenegraph.time.renderloop: [window 0x7f380ef04e40][render thread 0x7f380ed86040] syncAndRender: frame rendered in 0ms, sync=0, render=0, swap=0
2026-07-14 19:22:28.725 DEBUG qt.scenegraph.time.renderloop: [window 0x7f380ef04e40][gui thread] polishAndSync: start, elapsed since last call: 1 ms
2026-07-14 19:22:28.725 DEBUG qt.scenegraph.time.renderloop: [window 0x7f380ef04e40][render thread 0x7f380ed86040] syncAndRender: start, elapsed since last call: 1 ms
2026-07-14 19:22:28.725 DEBUG qt.scenegraph.time.renderloop: [window 0x7f380ef04e40][gui thread] Frame prepared, polish=0 ms, lock=0 ms, blockedForSync=0 ms, animations=0 ms
2026-07-14 19:22:28.725 DEBUG qt.scenegraph.time.renderer: time in renderer: total=0ms, preprocess=0, updates=0, rendering=0
2026-07-14 19:22:28.725 DEBUG qt.scenegraph.time.renderloop: [window 0x7f380ef04e40][render thread 0x7f380ed86040] syncAndRender: frame rendered in 0ms, sync=0, render=0, swap=0
2026-07-14 19:22:28.758 DEBUG qt.scenegraph.time.renderloop: [window 0x7f380ef04e40][gui thread] polishAndSync: start, elapsed since last call: 32 ms
2026-07-14 19:22:28.758 DEBUG qt.scenegraph.time.renderloop: [window 0x7f380ef04e40][render thread 0x7f380ed86040] syncAndRender: start, elapsed since last call: 33 ms
2026-07-14 19:22:28.758 DEBUG qt.scenegraph.time.renderloop: [window 0x7f380ef04e40][gui thread] Frame prepared, polish=0 ms, lock=0 ms, blockedForSync=0 ms, animations=0 ms
2026-07-14 19:22:28.758 DEBUG qt.scenegraph.time.renderer: time in renderer: total=0ms, preprocess=0, updates=0, rendering=0
2026-07-14 19:22:28.759 DEBUG qt.scenegraph.time.renderloop: [window 0x7f380ef04e40][render thread 0x7f380ed86040] syncAndRender: frame rendered in 0ms, sync=0, render=0, swap=0
2026-07-14 19:22:28.760 DEBUG qt.scenegraph.time.renderloop: [window 0x7f380ef04e40][gui thread] polishAndSync: start, elapsed since last call: 2 ms
2026-07-14 19:22:28.760 DEBUG qt.scenegraph.time.renderloop: [window 0x7f380ef04e40][render thread 0x7f380ed86040] syncAndRender: start, elapsed since last call: 1 ms
2026-07-14 19:22:28.760 DEBUG qt.scenegraph.time.renderloop: [window 0x7f380ef04e40][gui thread] Frame prepared, polish=0 ms, lock=0 ms, blockedForSync=0 ms, animations=0 ms
2026-07-14 19:22:28.760 DEBUG qt.scenegraph.time.renderer: time in renderer: total=0ms, preprocess=0, updates=0, rendering=0
2026-07-14 19:22:28.760 DEBUG qt.scenegraph.time.renderloop: [window 0x7f380ef04e40][render thread 0x7f380ed86040] syncAndRender: frame rendered in 0ms, sync=0, render=0, swap=0
2026-07-14 19:22:28.789 DEBUG qt.scenegraph.time.renderloop: [window 0x7f380ef04e40][gui thread] polishAndSync: start, elapsed since last call: 29 ms
2026-07-14 19:22:28.792 DEBUG qt.scenegraph.time.renderloop: [window 0x7f380ef04e40][render thread 0x7f380ed86040] syncAndRender: start, elapsed since last call: 31 ms
2026-07-14 19:22:28.792 DEBUG qt.scenegraph.time.renderloop: [window 0x7f380ef04e40][gui thread] Frame prepared, polish=2 ms, lock=0 ms, blockedForSync=0 ms, animations=0 ms
2026-07-14 19:22:28.792 DEBUG qt.scenegraph.time.renderer: time in renderer: total=0ms, preprocess=0, updates=0, rendering=0
2026-07-14 19:22:28.792 DEBUG qt.scenegraph.time.renderloop: [window 0x7f380ef04e40][render thread 0x7f380ed86040] syncAndRender: frame rendered in 0ms, sync=0, render=0, swap=0
2026-07-14 19:22:28.795 DEBUG qt.scenegraph.time.renderloop: [window 0x7f380ef04e40][gui thread] polishAndSync: start, elapsed since last call: 5 ms
2026-07-14 19:22:28.795 DEBUG qt.scenegraph.time.renderloop: [window 0x7f380ef04e40][render thread 0x7f380ed86040] syncAndRender: start, elapsed since last call: 3 ms
2026-07-14 19:22:28.795 DEBUG qt.scenegraph.time.renderloop: [window 0x7f380ef04e40][gui thread] Frame prepared, polish=0 ms, lock=0 ms, blockedForSync=0 ms, animations=0 ms
2026-07-14 19:22:28.795 DEBUG qt.scenegraph.time.renderer: time in renderer: total=0ms, preprocess=0, updates=0, rendering=0
2026-07-14 19:22:28.795 DEBUG qt.scenegraph.time.renderloop: [window 0x7f380ef04e40][render thread 0x7f380ed86040] syncAndRender: frame rendered in 0ms, sync=0, render=0, swap=0
2026-07-14 19:22:28.822 DEBUG qt.scenegraph.time.renderloop: [window 0x7f380ef04e40][gui thread] polishAndSync: start, elapsed since last call: 27 ms
2026-07-14 19:22:28.822 DEBUG qt.scenegraph.time.renderloop: [window 0x7f380ef04e40][render thread 0x7f380ed86040] syncAndRender: start, elapsed since last call: 27 ms
2026-07-14 19:22:28.822 DEBUG qt.scenegraph.time.renderloop: [window 0x7f380ef04e40][gui thread] Frame prepared, polish=0 ms, lock=0 ms, blockedForSync=0 ms, animations=0 ms
2026-07-14 19:22:28.822 DEBUG qt.scenegraph.time.renderer: time in renderer: total=0ms, preprocess=0, updates=0, rendering=0
2026-07-14 19:22:28.822 DEBUG qt.scenegraph.time.renderloop: [window 0x7f380ef04e40][render thread 0x7f380ed86040] syncAndRender: frame rendered in 0ms, sync=0, render=0, swap=0
2026-07-14 19:22:28.829 DEBUG qt.scenegraph.time.renderloop: [window 0x7f380ef04e40][gui thread] polishAndSync: start, elapsed since last call: 7 ms
2026-07-14 19:22:28.829 DEBUG qt.scenegraph.time.renderloop: [window 0x7f380ef04e40][render thread 0x7f380ed86040] syncAndRender: start, elapsed since last call: 7 ms
2026-07-14 19:22:28.829 DEBUG qt.scenegraph.time.renderloop: [window 0x7f380ef04e40][gui thread] Frame prepared, polish=0 ms, lock=0 ms, blockedForSync=0 ms, animations=0 ms
2026-07-14 19:22:28.829 DEBUG qt.scenegraph.time.renderer: time in renderer: total=0ms, preprocess=0, updates=0, rendering=0
2026-07-14 19:22:28.830 DEBUG qt.scenegraph.time.renderloop: [window 0x7f380ef04e40][render thread 0x7f380ed86040] syncAndRender: frame rendered in 0ms, sync=0, render=0, swap=0
2026-07-14 19:22:28.856 DEBUG qt.scenegraph.time.renderloop: [window 0x7f380ef04e40][gui thread] polishAndSync: start, elapsed since last call: 26 ms
2026-07-14 19:22:28.856 DEBUG qt.scenegraph.time.renderloop: [window 0x7f380ef04e40][render thread 0x7f380ed86040] syncAndRender: start, elapsed since last call: 26 ms
2026-07-14 19:22:28.856 DEBUG qt.scenegraph.time.renderloop: [window 0x7f380ef04e40][gui thread] Frame prepared, polish=0 ms, lock=0 ms, blockedForSync=0 ms, animations=0 ms
2026-07-14 19:22:28.856 DEBUG qt.scenegraph.time.renderer: time in renderer: total=0ms, preprocess=0, updates=0, rendering=0
2026-07-14 19:22:28.856 DEBUG qt.scenegraph.time.renderloop: [window 0x7f380ef04e40][render thread 0x7f380ed86040] syncAndRender: frame rendered in 0ms, sync=0, render=0, swap=0
2026-07-14 19:22:28.857 DEBUG qt.scenegraph.time.renderloop: [window 0x7f380ef04e40][gui thread] polishAndSync: start, elapsed since last call: 1 ms
2026-07-14 19:22:28.857 DEBUG qt.scenegraph.time.renderloop: [window 0x7f380ef04e40][render thread 0x7f380ed86040] syncAndRender: start, elapsed since last call: 1 ms
2026-07-14 19:22:28.857 DEBUG qt.scenegraph.time.renderloop: [window 0x7f380ef04e40][gui thread] Frame prepared, polish=0 ms, lock=0 ms, blockedForSync=0 ms, animations=0 ms
2026-07-14 19:22:28.857 DEBUG qt.scenegraph.time.renderer: time in renderer: total=0ms, preprocess=0, updates=0, rendering=0
2026-07-14 19:22:28.857 DEBUG qt.scenegraph.time.renderloop: [window 0x7f380ef04e40][render thread 0x7f380ed86040] syncAndRender: frame rendered in 0ms, sync=0, render=0, swap=0
2026-07-14 19:22:28.888 DEBUG qt.scenegraph.time.renderloop: [window 0x7f380ef04e40][gui thread] polishAndSync: start, elapsed since last call: 31 ms
2026-07-14 19:22:28.889 DEBUG qt.scenegraph.time.renderloop: [window 0x7f380ef04e40][render thread 0x7f380ed86040] syncAndRender: start, elapsed since last call: 31 ms
2026-07-14 19:22:28.889 DEBUG qt.scenegraph.time.renderloop: [window 0x7f380ef04e40][gui thread] Frame prepared, polish=0 ms, lock=0 ms, blockedForSync=0 ms, animations=0 ms
2026-07-14 19:22:28.889 DEBUG qt.scenegraph.time.renderer: time in renderer: total=0ms, preprocess=0, updates=0, rendering=0
2026-07-14 19:22:28.889 DEBUG qt.scenegraph.time.renderloop: [window 0x7f380ef04e40][render thread 0x7f380ed86040] syncAndRender: frame rendered in 0ms, sync=0, render=0, swap=0
2026-07-14 19:22:28.892 DEBUG qt.scenegraph.time.renderloop: [window 0x7f380ef04e40][gui thread] polishAndSync: start, elapsed since last call: 3 ms
2026-07-14 19:22:28.892 DEBUG qt.scenegraph.time.renderloop: [window 0x7f380ef04e40][render thread 0x7f380ed86040] syncAndRender: start, elapsed since last call: 3 ms
2026-07-14 19:22:28.892 DEBUG qt.scenegraph.time.renderloop: [window 0x7f380ef04e40][gui thread] Frame prepared, polish=0 ms, lock=0 ms, blockedForSync=0 ms, animations=0 ms
2026-07-14 19:22:28.892 DEBUG qt.scenegraph.time.renderer: time in renderer: total=0ms, preprocess=0, updates=0, rendering=0
2026-07-14 19:22:28.892 DEBUG qt.scenegraph.time.renderloop: [window 0x7f380ef04e40][render thread 0x7f380ed86040] syncAndRender: frame rendered in 0ms, sync=0, render=0, swap=0
2026-07-14 19:22:28.922 DEBUG qt.scenegraph.time.renderloop: [window 0x7f380ef04e40][gui thread] polishAndSync: start, elapsed since last call: 30 ms
2026-07-14 19:22:28.923 DEBUG qt.scenegraph.time.renderloop: [window 0x7f380ef04e40][render thread 0x7f380ed86040] syncAndRender: start, elapsed since last call: 30 ms
2026-07-14 19:22:28.923 DEBUG qt.scenegraph.time.renderloop: [window 0x7f380ef04e40][gui thread] Frame prepared, polish=0 ms, lock=0 ms, blockedForSync=0 ms, animations=0 ms
2026-07-14 19:22:28.923 DEBUG qt.scenegraph.time.renderer: time in renderer: total=0ms, preprocess=0, updates=0, rendering=0
2026-07-14 19:22:28.923 DEBUG qt.scenegraph.time.renderloop: [window 0x7f380ef04e40][render thread 0x7f380ed86040] syncAndRender: frame rendered in 0ms, sync=0, render=0, swap=0
2026-07-14 19:22:28.927 DEBUG qt.scenegraph.time.renderloop: [window 0x7f380ef04e40][gui thread] polishAndSync: start, elapsed since last call: 4 ms
2026-07-14 19:22:28.927 DEBUG qt.scenegraph.time.renderloop: [window 0x7f380ef04e40][render thread 0x7f380ed86040] syncAndRender: start, elapsed since last call: 4 ms
2026-07-14 19:22:28.927 DEBUG qt.scenegraph.time.renderloop: [window 0x7f380ef04e40][gui thread] Frame prepared, polish=0 ms, lock=0 ms, blockedForSync=0 ms, animations=0 ms
2026-07-14 19:22:28.927 DEBUG qt.scenegraph.time.renderer: time in renderer: total=0ms, preprocess=0, updates=0, rendering=0
2026-07-14 19:22:28.927 DEBUG qt.scenegraph.time.renderloop: [window 0x7f380ef04e40][render thread 0x7f380ed86040] syncAndRender: frame rendered in 0ms, sync=0, render=0, swap=0
2026-07-14 19:22:28.955 DEBUG qt.scenegraph.time.renderloop: [window 0x7f380ef04e40][gui thread] polishAndSync: start, elapsed since last call: 28 ms
2026-07-14 19:22:28.955 DEBUG qt.scenegraph.time.renderloop: [window 0x7f380ef04e40][render thread 0x7f380ed86040] syncAndRender: start, elapsed since last call: 28 ms
2026-07-14 19:22:28.955 DEBUG qt.scenegraph.time.renderloop: [window 0x7f380ef04e40][gui thread] Frame prepared, polish=0 ms, lock=0 ms, blockedForSync=0 ms, animations=0 ms
2026-07-14 19:22:28.955 DEBUG qt.scenegraph.time.renderer: time in renderer: total=0ms, preprocess=0, updates=0, rendering=0
2026-07-14 19:22:28.955 DEBUG qt.scenegraph.time.renderloop: [window 0x7f380ef04e40][render thread 0x7f380ed86040] syncAndRender: frame rendered in 0ms, sync=0, render=0, swap=0
2026-07-14 19:22:28.961 DEBUG qt.scenegraph.time.renderloop: [window 0x7f380ef04e40][gui thread] polishAndSync: start, elapsed since last call: 6 ms
2026-07-14 19:22:28.961 DEBUG qt.scenegraph.time.renderloop: [window 0x7f380ef04e40][render thread 0x7f380ed86040] syncAndRender: start, elapsed since last call: 6 ms
2026-07-14 19:22:28.961 DEBUG qt.scenegraph.time.renderloop: [window 0x7f380ef04e40][gui thread] Frame prepared, polish=0 ms, lock=0 ms, blockedForSync=0 ms, animations=0 ms
2026-07-14 19:22:28.961 DEBUG qt.scenegraph.time.renderer: time in renderer: total=0ms, preprocess=0, updates=0, rendering=0
2026-07-14 19:22:28.962 DEBUG qt.scenegraph.time.renderloop: [window 0x7f380ef04e40][render thread 0x7f380ed86040] syncAndRender: frame rendered in 0ms, sync=0, render=0, swap=0
2026-07-14 19:22:28.987 DEBUG qt.scenegraph.time.renderloop: [window 0x7f380ef04e40][gui thread] polishAndSync: start, elapsed since last call: 26 ms
2026-07-14 19:22:28.988 DEBUG qt.scenegraph.time.renderloop: [window 0x7f380ef04e40][render thread 0x7f380ed86040] syncAndRender: start, elapsed since last call: 26 ms
2026-07-14 19:22:28.988 DEBUG qt.scenegraph.time.renderloop: [window 0x7f380ef04e40][gui thread] Frame prepared, polish=0 ms, lock=0 ms, blockedForSync=0 ms, animations=0 ms
2026-07-14 19:22:28.988 DEBUG qt.scenegraph.time.renderer: time in renderer: total=0ms, preprocess=0, updates=0, rendering=0
2026-07-14 19:22:28.988 DEBUG qt.scenegraph.time.renderloop: [window 0x7f380ef04e40][render thread 0x7f380ed86040] syncAndRender: frame rendered in 0ms, sync=0, render=0, swap=0
2026-07-14 19:22:28.989 DEBUG qt.scenegraph.time.renderloop: [window 0x7f380ef04e40][gui thread] polishAndSync: start, elapsed since last call: 1 ms
2026-07-14 19:22:28.989 DEBUG qt.scenegraph.time.renderloop: [window 0x7f380ef04e40][render thread 0x7f380ed86040] syncAndRender: start, elapsed since last call: 1 ms
2026-07-14 19:22:28.989 DEBUG qt.scenegraph.time.renderloop: [window 0x7f380ef04e40][gui thread] Frame prepared, polish=0 ms, lock=0 ms, blockedForSync=0 ms, animations=0 ms
2026-07-14 19:22:28.989 DEBUG qt.scenegraph.time.renderer: time in renderer: total=0ms, preprocess=0, updates=0, rendering=0
2026-07-14 19:22:28.990 DEBUG qt.scenegraph.time.renderloop: [window 0x7f380ef04e40][render thread 0x7f380ed86040] syncAndRender: frame rendered in 0ms, sync=0, render=0, swap=0
2026-07-14 19:22:29.020 DEBUG qt.scenegraph.time.renderloop: [window 0x7f380ef04e40][gui thread] polishAndSync: start, elapsed since last call: 31 ms
2026-07-14 19:22:29.021 DEBUG qt.scenegraph.time.renderloop: [window 0x7f380ef04e40][render thread 0x7f380ed86040] syncAndRender: start, elapsed since last call: 31 ms
2026-07-14 19:22:29.021 DEBUG qt.scenegraph.time.renderloop: [window 0x7f380ef04e40][gui thread] Frame prepared, polish=0 ms, lock=0 ms, blockedForSync=0 ms, animations=0 ms
2026-07-14 19:22:29.021 DEBUG qt.scenegraph.time.renderer: time in renderer: total=0ms, preprocess=0, updates=0, rendering=0
2026-07-14 19:22:29.021 DEBUG qt.scenegraph.time.renderloop: [window 0x7f380ef04e40][render thread 0x7f380ed86040] syncAndRender: frame rendered in 0ms, sync=0, render=0, swap=0
2026-07-14 19:22:29.024 DEBUG qt.scenegraph.time.renderloop: [window 0x7f380ef04e40][gui thread] polishAndSync: start, elapsed since last call: 3 ms
2026-07-14 19:22:29.024 DEBUG qt.scenegraph.time.renderloop: [window 0x7f380ef04e40][render thread 0x7f380ed86040] syncAndRender: start, elapsed since last call: 3 ms
2026-07-14 19:22:29.024 DEBUG qt.scenegraph.time.renderloop: [window 0x7f380ef04e40][gui thread] Frame prepared, polish=0 ms, lock=0 ms, blockedForSync=0 ms, animations=0 ms
2026-07-14 19:22:29.024 DEBUG qt.scenegraph.time.renderer: time in renderer: total=0ms, preprocess=0, updates=0, rendering=0
2026-07-14 19:22:29.024 DEBUG qt.scenegraph.time.renderloop: [window 0x7f380ef04e40][render thread 0x7f380ed86040] syncAndRender: frame rendered in 0ms, sync=0, render=0, swap=0
2026-07-14 19:22:29.054 DEBUG qt.scenegraph.time.renderloop: [window 0x7f380ef04e40][gui thread] polishAndSync: start, elapsed since last call: 29 ms
2026-07-14 19:22:29.054 DEBUG qt.scenegraph.time.renderloop: [window 0x7f380ef04e40][render thread 0x7f380ed86040] syncAndRender: start, elapsed since last call: 30 ms
2026-07-14 19:22:29.054 DEBUG qt.scenegraph.time.renderloop: [window 0x7f380ef04e40][gui thread] Frame prepared, polish=0 ms, lock=0 ms, blockedForSync=0 ms, animations=0 ms
2026-07-14 19:22:29.054 DEBUG qt.scenegraph.time.renderer: time in renderer: total=0ms, preprocess=0, updates=0, rendering=0
2026-07-14 19:22:29.055 DEBUG qt.scenegraph.time.renderloop: [window 0x7f380ef04e40][render thread 0x7f380ed86040] syncAndRender: frame rendered in 0ms, sync=0, render=0, swap=0
2026-07-14 19:22:29.059 DEBUG qt.scenegraph.time.renderloop: [window 0x7f380ef04e40][gui thread] polishAndSync: start, elapsed since last call: 4 ms
2026-07-14 19:22:29.059 DEBUG qt.scenegraph.time.renderloop: [window 0x7f380ef04e40][render thread 0x7f380ed86040] syncAndRender: start, elapsed since last call: 4 ms
2026-07-14 19:22:29.059 DEBUG qt.scenegraph.time.renderloop: [window 0x7f380ef04e40][gui thread] Frame prepared, polish=0 ms, lock=0 ms, blockedForSync=0 ms, animations=0 ms
2026-07-14 19:22:29.059 DEBUG qt.scenegraph.time.renderer: time in renderer: total=0ms, preprocess=0, updates=0, rendering=0
2026-07-14 19:22:29.059 DEBUG qt.scenegraph.time.renderloop: [window 0x7f380ef04e40][render thread 0x7f380ed86040] syncAndRender: frame rendered in 0ms, sync=0, render=0, swap=0
2026-07-14 19:22:29.087 DEBUG qt.scenegraph.time.renderloop: [window 0x7f380ef04e40][gui thread] polishAndSync: start, elapsed since last call: 28 ms
2026-07-14 19:22:29.087 DEBUG qt.scenegraph.time.renderloop: [window 0x7f380ef04e40][render thread 0x7f380ed86040] syncAndRender: start, elapsed since last call: 28 ms
2026-07-14 19:22:29.087 DEBUG qt.scenegraph.time.renderloop: [window 0x7f380ef04e40][gui thread] Frame prepared, polish=0 ms, lock=0 ms, blockedForSync=0 ms, animations=0 ms
2026-07-14 19:22:29.087 DEBUG qt.scenegraph.time.renderer: time in renderer: total=0ms, preprocess=0, updates=0, rendering=0
2026-07-14 19:22:29.087 DEBUG qt.scenegraph.time.renderloop: [window 0x7f380ef04e40][render thread 0x7f380ed86040] syncAndRender: frame rendered in 0ms, sync=0, render=0, swap=0
2026-07-14 19:22:29.093 DEBUG qt.scenegraph.time.renderloop: [window 0x7f380ef04e40][gui thread] polishAndSync: start, elapsed since last call: 6 ms
2026-07-14 19:22:29.093 DEBUG qt.scenegraph.time.renderloop: [window 0x7f380ef04e40][render thread 0x7f380ed86040] syncAndRender: start, elapsed since last call: 6 ms
2026-07-14 19:22:29.093 DEBUG qt.scenegraph.time.renderloop: [window 0x7f380ef04e40][gui thread] Frame prepared, polish=0 ms, lock=0 ms, blockedForSync=0 ms, animations=0 ms
2026-07-14 19:22:29.094 DEBUG qt.scenegraph.time.renderer: time in renderer: total=0ms, preprocess=0, updates=0, rendering=0
2026-07-14 19:22:29.094 DEBUG qt.scenegraph.time.renderloop: [window 0x7f380ef04e40][render thread 0x7f380ed86040] syncAndRender: frame rendered in 0ms, sync=0, render=0, swap=0
2026-07-14 19:22:29.119 DEBUG qt.scenegraph.time.renderloop: [window 0x7f380ef04e40][gui thread] polishAndSync: start, elapsed since last call: 26 ms
2026-07-14 19:22:29.120 DEBUG qt.scenegraph.time.renderloop: [window 0x7f380ef04e40][render thread 0x7f380ed86040] syncAndRender: start, elapsed since last call: 26 ms
2026-07-14 19:22:29.120 DEBUG qt.scenegraph.time.renderloop: [window 0x7f380ef04e40][gui thread] Frame prepared, polish=0 ms, lock=0 ms, blockedForSync=0 ms, animations=0 ms
2026-07-14 19:22:29.120 DEBUG qt.scenegraph.time.renderer: time in renderer: total=0ms, preprocess=0, updates=0, rendering=0
2026-07-14 19:22:29.120 DEBUG qt.scenegraph.time.renderloop: [window 0x7f380ef04e40][render thread 0x7f380ed86040] syncAndRender: frame rendered in 0ms, sync=0, render=0, swap=0
2026-07-14 19:22:29.121 DEBUG qt.scenegraph.time.renderloop: [window 0x7f380ef04e40][gui thread] polishAndSync: start, elapsed since last call: 1 ms
2026-07-14 19:22:29.121 DEBUG qt.scenegraph.time.renderloop: [window 0x7f380ef04e40][render thread 0x7f380ed86040] syncAndRender: start, elapsed since last call: 1 ms
2026-07-14 19:22:29.121 DEBUG qt.scenegraph.time.renderloop: [window 0x7f380ef04e40][gui thread] Frame prepared, polish=0 ms, lock=0 ms, blockedForSync=0 ms, animations=0 ms
2026-07-14 19:22:29.121 DEBUG qt.scenegraph.time.renderer: time in renderer: total=0ms, preprocess=0, updates=0, rendering=0
2026-07-14 19:22:29.121 DEBUG qt.scenegraph.time.renderloop: [window 0x7f380ef04e40][render thread 0x7f380ed86040] syncAndRender: frame rendered in 0ms, sync=0, render=0, swap=0
2026-07-14 19:22:29.152 DEBUG qt.scenegraph.time.renderloop: [window 0x7f380ef04e40][gui thread] polishAndSync: start, elapsed since last call: 31 ms
2026-07-14 19:22:29.153 DEBUG qt.scenegraph.time.renderloop: [window 0x7f380ef04e40][render thread 0x7f380ed86040] syncAndRender: start, elapsed since last call: 31 ms
2026-07-14 19:22:29.153 DEBUG qt.scenegraph.time.renderloop: [window 0x7f380ef04e40][gui thread] Frame prepared, polish=0 ms, lock=0 ms, blockedForSync=0 ms, animations=0 ms
2026-07-14 19:22:29.153 DEBUG qt.scenegraph.time.renderer: time in renderer: total=0ms, preprocess=0, updates=0, rendering=0
2026-07-14 19:22:29.153 DEBUG qt.scenegraph.time.renderloop: [window 0x7f380ef04e40][render thread 0x7f380ed86040] syncAndRender: frame rendered in 0ms, sync=0, render=0, swap=0
2026-07-14 19:22:29.156 DEBUG qt.scenegraph.time.renderloop: [window 0x7f380ef04e40][gui thread] polishAndSync: start, elapsed since last call: 3 ms
2026-07-14 19:22:29.156 DEBUG qt.scenegraph.time.renderloop: [window 0x7f380ef04e40][render thread 0x7f380ed86040] syncAndRender: start, elapsed since last call: 3 ms
2026-07-14 19:22:29.156 DEBUG qt.scenegraph.time.renderloop: [window 0x7f380ef04e40][gui thread] Frame prepared, polish=0 ms, lock=0 ms, blockedForSync=0 ms, animations=0 ms
2026-07-14 19:22:29.156 DEBUG qt.scenegraph.time.renderer: time in renderer: total=0ms, preprocess=0, updates=0, rendering=0
2026-07-14 19:22:29.156 DEBUG qt.scenegraph.time.renderloop: [window 0x7f380ef04e40][render thread 0x7f380ed86040] syncAndRender: frame rendered in 0ms, sync=0, render=0, swap=0
2026-07-14 19:22:29.186 DEBUG qt.scenegraph.time.renderloop: [window 0x7f380ef04e40][gui thread] polishAndSync: start, elapsed since last call: 30 ms
2026-07-14 19:22:29.186 DEBUG qt.scenegraph.time.renderloop: [window 0x7f380ef04e40][render thread 0x7f380ed86040] syncAndRender: start, elapsed since last call: 30 ms
2026-07-14 19:22:29.186 DEBUG qt.scenegraph.time.renderloop: [window 0x7f380ef04e40][gui thread] Frame prepared, polish=0 ms, lock=0 ms, blockedForSync=0 ms, animations=0 ms
2026-07-14 19:22:29.187 DEBUG qt.scenegraph.time.renderer: time in renderer: total=0ms, preprocess=0, updates=0, rendering=0
2026-07-14 19:22:29.187 DEBUG qt.scenegraph.time.renderloop: [window 0x7f380ef04e40][render thread 0x7f380ed86040] syncAndRender: frame rendered in 0ms, sync=0, render=0, swap=0
2026-07-14 19:22:29.191 DEBUG qt.scenegraph.time.renderloop: [window 0x7f380ef04e40][gui thread] polishAndSync: start, elapsed since last call: 4 ms
2026-07-14 19:22:29.191 DEBUG qt.scenegraph.time.renderloop: [window 0x7f380ef04e40][render thread 0x7f380ed86040] syncAndRender: start, elapsed since last call: 4 ms
2026-07-14 19:22:29.191 DEBUG qt.scenegraph.time.renderloop: [window 0x7f380ef04e40][gui thread] Frame prepared, polish=0 ms, lock=0 ms, blockedForSync=0 ms, animations=0 ms
2026-07-14 19:22:29.191 DEBUG qt.scenegraph.time.renderer: time in renderer: total=0ms, preprocess=0, updates=0, rendering=0
2026-07-14 19:22:29.191 DEBUG qt.scenegraph.time.renderloop: [window 0x7f380ef04e40][render thread 0x7f380ed86040] syncAndRender: frame rendered in 0ms, sync=0, render=0, swap=0
2026-07-14 19:22:29.219 DEBUG qt.scenegraph.time.renderloop: [window 0x7f380ef04e40][gui thread] polishAndSync: start, elapsed since last call: 28 ms
2026-07-14 19:22:29.219 DEBUG qt.scenegraph.time.renderloop: [window 0x7f380ef04e40][render thread 0x7f380ed86040] syncAndRender: start, elapsed since last call: 28 ms
2026-07-14 19:22:29.219 DEBUG qt.scenegraph.time.renderloop: [window 0x7f380ef04e40][gui thread] Frame prepared, polish=0 ms, lock=0 ms, blockedForSync=0 ms, animations=0 ms
2026-07-14 19:22:29.219 DEBUG qt.scenegraph.time.renderer: time in renderer: total=0ms, preprocess=0, updates=0, rendering=0
2026-07-14 19:22:29.220 DEBUG qt.scenegraph.time.renderloop: [window 0x7f380ef04e40][render thread 0x7f380ed86040] syncAndRender: frame rendered in 0ms, sync=0, render=0, swap=0
2026-07-14 19:22:29.225 DEBUG qt.scenegraph.time.renderloop: [window 0x7f380ef04e40][gui thread] polishAndSync: start, elapsed since last call: 6 ms
2026-07-14 19:22:29.225 DEBUG qt.scenegraph.time.renderloop: [window 0x7f380ef04e40][render thread 0x7f380ed86040] syncAndRender: start, elapsed since last call: 6 ms
2026-07-14 19:22:29.225 DEBUG qt.scenegraph.time.renderloop: [window 0x7f380ef04e40][gui thread] Frame prepared, polish=0 ms, lock=0 ms, blockedForSync=0 ms, animations=0 ms
2026-07-14 19:22:29.226 DEBUG qt.scenegraph.time.renderer: time in renderer: total=0ms, preprocess=0, updates=0, rendering=0
2026-07-14 19:22:29.226 DEBUG qt.scenegraph.time.renderloop: [window 0x7f380ef04e40][render thread 0x7f380ed86040] syncAndRender: frame rendered in 0ms, sync=0, render=0, swap=0
2026-07-14 19:22:29.252 DEBUG qt.scenegraph.time.renderloop: [window 0x7f380ef04e40][gui thread] polishAndSync: start, elapsed since last call: 26 ms
2026-07-14 19:22:29.252 DEBUG qt.scenegraph.time.renderloop: [window 0x7f380ef04e40][render thread 0x7f380ed86040] syncAndRender: start, elapsed since last call: 26 ms
2026-07-14 19:22:29.252 DEBUG qt.scenegraph.time.renderloop: [window 0x7f380ef04e40][gui thread] Frame prepared, polish=0 ms, lock=0 ms, blockedForSync=0 ms, animations=0 ms
2026-07-14 19:22:29.252 DEBUG qt.scenegraph.time.renderer: time in renderer: total=0ms, preprocess=0, updates=0, rendering=0
2026-07-14 19:22:29.252 DEBUG qt.scenegraph.time.renderloop: [window 0x7f380ef04e40][render thread 0x7f380ed86040] syncAndRender: frame rendered in 0ms, sync=0, render=0, swap=0
2026-07-14 19:22:29.253 DEBUG qt.scenegraph.time.renderloop: [window 0x7f380ef04e40][gui thread] polishAndSync: start, elapsed since last call: 1 ms
2026-07-14 19:22:29.253 DEBUG qt.scenegraph.time.renderloop: [window 0x7f380ef04e40][render thread 0x7f380ed86040] syncAndRender: start, elapsed since last call: 1 ms
2026-07-14 19:22:29.253 DEBUG qt.scenegraph.time.renderloop: [window 0x7f380ef04e40][gui thread] Frame prepared, polish=0 ms, lock=0 ms, blockedForSync=0 ms, animations=0 ms
2026-07-14 19:22:29.253 DEBUG qt.scenegraph.time.renderer: time in renderer: total=0ms, preprocess=0, updates=0, rendering=0
2026-07-14 19:22:29.254 DEBUG qt.scenegraph.time.renderloop: [window 0x7f380ef04e40][render thread 0x7f380ed86040] syncAndRender: frame rendered in 0ms, sync=0, render=0, swap=0
2026-07-14 19:22:29.284 DEBUG qt.scenegraph.time.renderloop: [window 0x7f380ef04e40][gui thread] polishAndSync: start, elapsed since last call: 31 ms
2026-07-14 19:22:29.285 DEBUG qt.scenegraph.time.renderloop: [window 0x7f380ef04e40][render thread 0x7f380ed86040] syncAndRender: start, elapsed since last call: 31 ms
2026-07-14 19:22:29.285 DEBUG qt.scenegraph.time.renderloop: [window 0x7f380ef04e40][gui thread] Frame prepared, polish=0 ms, lock=0 ms, blockedForSync=0 ms, animations=0 ms
2026-07-14 19:22:29.285 DEBUG qt.scenegraph.time.renderer: time in renderer: total=0ms, preprocess=0, updates=0, rendering=0
2026-07-14 19:22:29.285 DEBUG qt.scenegraph.time.renderloop: [window 0x7f380ef04e40][render thread 0x7f380ed86040] syncAndRender: frame rendered in 0ms, sync=0, render=0, swap=0
2026-07-14 19:22:29.288 DEBUG qt.scenegraph.time.renderloop: [window 0x7f380ef04e40][gui thread] polishAndSync: start, elapsed since last call: 3 ms
2026-07-14 19:22:29.288 DEBUG qt.scenegraph.time.renderloop: [window 0x7f380ef04e40][render thread 0x7f380ed86040] syncAndRender: start, elapsed since last call: 3 ms
2026-07-14 19:22:29.288 DEBUG qt.scenegraph.time.renderloop: [window 0x7f380ef04e40][gui thread] Frame prepared, polish=0 ms, lock=0 ms, blockedForSync=0 ms, animations=0 ms
2026-07-14 19:22:29.288 DEBUG qt.scenegraph.time.renderer: time in renderer: total=0ms, preprocess=0, updates=0, rendering=0
2026-07-14 19:22:29.288 DEBUG qt.scenegraph.time.renderloop: [window 0x7f380ef04e40][render thread 0x7f380ed86040] syncAndRender: frame rendered in 0ms, sync=0, render=0, swap=0
2026-07-14 19:22:29.317 DEBUG qt.scenegraph.time.renderloop: [window 0x7f380ef04e40][gui thread] polishAndSync: start, elapsed since last call: 29 ms
2026-07-14 19:22:29.318 DEBUG qt.scenegraph.time.renderloop: [window 0x7f380ef04e40][render thread 0x7f380ed86040] syncAndRender: start, elapsed since last call: 29 ms
2026-07-14 19:22:29.318 DEBUG qt.scenegraph.time.renderloop: [window 0x7f380ef04e40][gui thread] Frame prepared, polish=0 ms, lock=0 ms, blockedForSync=0 ms, animations=0 ms
2026-07-14 19:22:29.318 DEBUG qt.scenegraph.time.renderer: time in renderer: total=0ms, preprocess=0, updates=0, rendering=0
2026-07-14 19:22:29.318 DEBUG qt.scenegraph.time.renderloop: [window 0x7f380ef04e40][render thread 0x7f380ed86040] syncAndRender: frame rendered in 0ms, sync=0, render=0, swap=0
2026-07-14 19:22:29.323 DEBUG qt.scenegraph.time.renderloop: [window 0x7f380ef04e40][gui thread] polishAndSync: start, elapsed since last call: 5 ms
2026-07-14 19:22:29.323 DEBUG qt.scenegraph.time.renderloop: [window 0x7f380ef04e40][render thread 0x7f380ed86040] syncAndRender: start, elapsed since last call: 5 ms
2026-07-14 19:22:29.323 DEBUG qt.scenegraph.time.renderloop: [window 0x7f380ef04e40][gui thread] Frame prepared, polish=0 ms, lock=0 ms, blockedForSync=0 ms, animations=0 ms
2026-07-14 19:22:29.323 DEBUG qt.scenegraph.time.renderer: time in renderer: total=0ms, preprocess=0, updates=0, rendering=0
2026-07-14 19:22:29.323 DEBUG qt.scenegraph.time.renderloop: [window 0x7f380ef04e40][render thread 0x7f380ed86040] syncAndRender: frame rendered in 0ms, sync=0, render=0, swap=0
2026-07-14 19:22:29.351 DEBUG qt.scenegraph.time.renderloop: [window 0x7f380ef04e40][gui thread] polishAndSync: start, elapsed since last call: 28 ms
2026-07-14 19:22:29.351 DEBUG qt.scenegraph.time.renderloop: [window 0x7f380ef04e40][render thread 0x7f380ed86040] syncAndRender: start, elapsed since last call: 28 ms
2026-07-14 19:22:29.351 DEBUG qt.scenegraph.time.renderloop: [window 0x7f380ef04e40][gui thread] Frame prepared, polish=0 ms, lock=0 ms, blockedForSync=0 ms, animations=0 ms
2026-07-14 19:22:29.351 DEBUG qt.scenegraph.time.renderer: time in renderer: total=0ms, preprocess=0, updates=0, rendering=0
2026-07-14 19:22:29.352 DEBUG qt.scenegraph.time.renderloop: [window 0x7f380ef04e40][render thread 0x7f380ed86040] syncAndRender: frame rendered in 0ms, sync=0, render=0, swap=0
2026-07-14 19:22:29.357 DEBUG qt.scenegraph.time.renderloop: [window 0x7f380ef04e40][gui thread] polishAndSync: start, elapsed since last call: 6 ms
2026-07-14 19:22:29.357 DEBUG qt.scenegraph.time.renderloop: [window 0x7f380ef04e40][render thread 0x7f380ed86040] syncAndRender: start, elapsed since last call: 6 ms
2026-07-14 19:22:29.358 DEBUG qt.scenegraph.time.renderloop: [window 0x7f380ef04e40][gui thread] Frame prepared, polish=0 ms, lock=0 ms, blockedForSync=0 ms, animations=0 ms
2026-07-14 19:22:29.358 DEBUG qt.scenegraph.time.renderer: time in renderer: total=0ms, preprocess=0, updates=0, rendering=0
2026-07-14 19:22:29.358 DEBUG qt.scenegraph.time.renderloop: [window 0x7f380ef04e40][render thread 0x7f380ed86040] syncAndRender: frame rendered in 0ms, sync=0, render=0, swap=0
2026-07-14 19:22:29.384 DEBUG qt.scenegraph.time.renderloop: [window 0x7f380ef04e40][gui thread] polishAndSync: start, elapsed since last call: 26 ms
2026-07-14 19:22:29.384 DEBUG qt.scenegraph.time.renderloop: [window 0x7f380ef04e40][render thread 0x7f380ed86040] syncAndRender: start, elapsed since last call: 26 ms
2026-07-14 19:22:29.384 DEBUG qt.scenegraph.time.renderloop: [window 0x7f380ef04e40][gui thread] Frame prepared, polish=0 ms, lock=0 ms, blockedForSync=0 ms, animations=0 ms
2026-07-14 19:22:29.384 DEBUG qt.scenegraph.time.renderer: time in renderer: total=0ms, preprocess=0, updates=0, rendering=0
2026-07-14 19:22:29.384 DEBUG qt.scenegraph.time.renderloop: [window 0x7f380ef04e40][render thread 0x7f380ed86040] syncAndRender: frame rendered in 0ms, sync=0, render=0, swap=0
2026-07-14 19:22:29.385 DEBUG qt.scenegraph.time.renderloop: [window 0x7f380ef04e40][gui thread] polishAndSync: start, elapsed since last call: 1 ms
2026-07-14 19:22:29.385 DEBUG qt.scenegraph.time.renderloop: [window 0x7f380ef04e40][render thread 0x7f380ed86040] syncAndRender: start, elapsed since last call: 1 ms
2026-07-14 19:22:29.385 DEBUG qt.scenegraph.time.renderloop: [window 0x7f380ef04e40][gui thread] Frame prepared, polish=0 ms, lock=0 ms, blockedForSync=0 ms, animations=0 ms
2026-07-14 19:22:29.385 DEBUG qt.scenegraph.time.renderer: time in renderer: total=0ms, preprocess=0, updates=0, rendering=0
2026-07-14 19:22:29.386 DEBUG qt.scenegraph.time.renderloop: [window 0x7f380ef04e40][render thread 0x7f380ed86040] syncAndRender: frame rendered in 0ms, sync=0, render=0, swap=0
2026-07-14 19:22:29.416 DEBUG qt.scenegraph.time.renderloop: [window 0x7f380ef04e40][gui thread] polishAndSync: start, elapsed since last call: 30 ms
2026-07-14 19:22:29.417 DEBUG qt.scenegraph.time.renderloop: [window 0x7f380ef04e40][render thread 0x7f380ed86040] syncAndRender: start, elapsed since last call: 31 ms
2026-07-14 19:22:29.417 DEBUG qt.scenegraph.time.renderloop: [window 0x7f380ef04e40][gui thread] Frame prepared, polish=0 ms, lock=0 ms, blockedForSync=0 ms, animations=0 ms
2026-07-14 19:22:29.417 DEBUG qt.scenegraph.time.renderer: time in renderer: total=0ms, preprocess=0, updates=0, rendering=0
2026-07-14 19:22:29.417 DEBUG qt.scenegraph.time.renderloop: [window 0x7f380ef04e40][render thread 0x7f380ed86040] syncAndRender: frame rendered in 0ms, sync=0, render=0, swap=0
2026-07-14 19:22:29.420 DEBUG qt.scenegraph.time.renderloop: [window 0x7f380ef04e40][gui thread] polishAndSync: start, elapsed since last call: 3 ms
2026-07-14 19:22:29.420 DEBUG qt.scenegraph.time.renderloop: [window 0x7f380ef04e40][render thread 0x7f380ed86040] syncAndRender: start, elapsed since last call: 3 ms
2026-07-14 19:22:29.420 DEBUG qt.scenegraph.time.renderloop: [window 0x7f380ef04e40][gui thread] Frame prepared, polish=0 ms, lock=0 ms, blockedForSync=0 ms, animations=0 ms
2026-07-14 19:22:29.420 DEBUG qt.scenegraph.time.renderer: time in renderer: total=0ms, preprocess=0, updates=0, rendering=0
2026-07-14 19:22:29.420 DEBUG qt.scenegraph.time.renderloop: [window 0x7f380ef04e40][render thread 0x7f380ed86040] syncAndRender: frame rendered in 0ms, sync=0, render=0, swap=0
2026-07-14 19:22:29.450 DEBUG qt.scenegraph.time.renderloop: [window 0x7f380ef04e40][gui thread] polishAndSync: start, elapsed since last call: 30 ms
2026-07-14 19:22:29.451 DEBUG qt.scenegraph.time.renderloop: [window 0x7f380ef04e40][render thread 0x7f380ed86040] syncAndRender: start, elapsed since last call: 30 ms
2026-07-14 19:22:29.451 DEBUG qt.scenegraph.time.renderloop: [window 0x7f380ef04e40][gui thread] Frame prepared, polish=0 ms, lock=0 ms, blockedForSync=0 ms, animations=0 ms
2026-07-14 19:22:29.451 DEBUG qt.scenegraph.time.renderer: time in renderer: total=0ms, preprocess=0, updates=0, rendering=0
2026-07-14 19:22:29.451 DEBUG qt.scenegraph.time.renderloop: [window 0x7f380ef04e40][render thread 0x7f380ed86040] syncAndRender: frame rendered in 0ms, sync=0, render=0, swap=0
2026-07-14 19:22:29.455 DEBUG qt.scenegraph.time.renderloop: [window 0x7f380ef04e40][gui thread] polishAndSync: start, elapsed since last call: 4 ms
2026-07-14 19:22:29.455 DEBUG qt.scenegraph.time.renderloop: [window 0x7f380ef04e40][render thread 0x7f380ed86040] syncAndRender: start, elapsed since last call: 4 ms
2026-07-14 19:22:29.455 DEBUG qt.scenegraph.time.renderloop: [window 0x7f380ef04e40][gui thread] Frame prepared, polish=0 ms, lock=0 ms, blockedForSync=0 ms, animations=0 ms
2026-07-14 19:22:29.455 DEBUG qt.scenegraph.time.renderer: time in renderer: total=0ms, preprocess=0, updates=0, rendering=0
2026-07-14 19:22:29.455 DEBUG qt.scenegraph.time.renderloop: [window 0x7f380ef04e40][render thread 0x7f380ed86040] syncAndRender: frame rendered in 0ms, sync=0, render=0, swap=0
2026-07-14 19:22:29.483 DEBUG qt.scenegraph.time.renderloop: [window 0x7f380ef04e40][gui thread] polishAndSync: start, elapsed since last call: 28 ms
2026-07-14 19:22:29.483 DEBUG qt.scenegraph.time.renderloop: [window 0x7f380ef04e40][render thread 0x7f380ed86040] syncAndRender: start, elapsed since last call: 28 ms
2026-07-14 19:22:29.483 DEBUG qt.scenegraph.time.renderloop: [window 0x7f380ef04e40][gui thread] Frame prepared, polish=0 ms, lock=0 ms, blockedForSync=0 ms, animations=0 ms
2026-07-14 19:22:29.483 DEBUG qt.scenegraph.time.renderer: time in renderer: total=0ms, preprocess=0, updates=0, rendering=0
2026-07-14 19:22:29.484 DEBUG qt.scenegraph.time.renderloop: [window 0x7f380ef04e40][render thread 0x7f380ed86040] syncAndRender: frame rendered in 0ms, sync=0, render=0, swap=0
2026-07-14 19:22:29.489 DEBUG qt.scenegraph.time.renderloop: [window 0x7f380ef04e40][gui thread] polishAndSync: start, elapsed since last call: 6 ms
2026-07-14 19:22:29.489 DEBUG qt.scenegraph.time.renderloop: [window 0x7f380ef04e40][render thread 0x7f380ed86040] syncAndRender: start, elapsed since last call: 6 ms
2026-07-14 19:22:29.489 DEBUG qt.scenegraph.time.renderloop: [window 0x7f380ef04e40][gui thread] Frame prepared, polish=0 ms, lock=0 ms, blockedForSync=0 ms, animations=0 ms
2026-07-14 19:22:29.490 DEBUG qt.scenegraph.time.renderer: time in renderer: total=0ms, preprocess=0, updates=0, rendering=0
2026-07-14 19:22:29.490 DEBUG qt.scenegraph.time.renderloop: [window 0x7f380ef04e40][render thread 0x7f380ed86040] syncAndRender: frame rendered in 0ms, sync=0, render=0, swap=0
2026-07-14 19:22:29.516 DEBUG qt.scenegraph.time.renderloop: [window 0x7f380ef04e40][gui thread] polishAndSync: start, elapsed since last call: 26 ms
2026-07-14 19:22:29.516 DEBUG qt.scenegraph.time.renderloop: [window 0x7f380ef04e40][render thread 0x7f380ed86040] syncAndRender: start, elapsed since last call: 26 ms
2026-07-14 19:22:29.516 DEBUG qt.scenegraph.time.renderloop: [window 0x7f380ef04e40][gui thread] Frame prepared, polish=0 ms, lock=0 ms, blockedForSync=0 ms, animations=0 ms
2026-07-14 19:22:29.516 DEBUG qt.scenegraph.time.renderer: time in renderer: total=0ms, preprocess=0, updates=0, rendering=0
2026-07-14 19:22:29.516 DEBUG qt.scenegraph.time.renderloop: [window 0x7f380ef04e40][render thread 0x7f380ed86040] syncAndRender: frame rendered in 0ms, sync=0, render=0, swap=0
2026-07-14 19:22:29.517 DEBUG qt.scenegraph.time.renderloop: [window 0x7f380ef04e40][gui thread] polishAndSync: start, elapsed since last call: 1 ms
2026-07-14 19:22:29.517 DEBUG qt.scenegraph.time.renderloop: [window 0x7f380ef04e40][render thread 0x7f380ed86040] syncAndRender: start, elapsed since last call: 1 ms
2026-07-14 19:22:29.517 DEBUG qt.scenegraph.time.renderloop: [window 0x7f380ef04e40][gui thread] Frame prepared, polish=0 ms, lock=0 ms, blockedForSync=0 ms, animations=0 ms
2026-07-14 19:22:29.517 DEBUG qt.scenegraph.time.renderer: time in renderer: total=0ms, preprocess=0, updates=0, rendering=0
2026-07-14 19:22:29.518 DEBUG qt.scenegraph.time.renderloop: [window 0x7f380ef04e40][render thread 0x7f380ed86040] syncAndRender: frame rendered in 0ms, sync=0, render=0, swap=0
2026-07-14 19:22:29.548 DEBUG qt.scenegraph.time.renderloop: [window 0x7f380ef04e40][gui thread] polishAndSync: start, elapsed since last call: 31 ms
2026-07-14 19:22:29.549 DEBUG qt.scenegraph.time.renderloop: [window 0x7f380ef04e40][render thread 0x7f380ed86040] syncAndRender: start, elapsed since last call: 31 ms
2026-07-14 19:22:29.549 DEBUG qt.scenegraph.time.renderloop: [window 0x7f380ef04e40][gui thread] Frame prepared, polish=0 ms, lock=0 ms, blockedForSync=0 ms, animations=0 ms
2026-07-14 19:22:29.549 DEBUG qt.scenegraph.time.renderer: time in renderer: total=0ms, preprocess=0, updates=0, rendering=0
2026-07-14 19:22:29.549 DEBUG qt.scenegraph.time.renderloop: [window 0x7f380ef04e40][render thread 0x7f380ed86040] syncAndRender: frame rendered in 0ms, sync=0, render=0, swap=0
2026-07-14 19:22:29.552 DEBUG qt.scenegraph.time.renderloop: [window 0x7f380ef04e40][gui thread] polishAndSync: start, elapsed since last call: 3 ms
2026-07-14 19:22:29.552 DEBUG qt.scenegraph.time.renderloop: [window 0x7f380ef04e40][render thread 0x7f380ed86040] syncAndRender: start, elapsed since last call: 3 ms
2026-07-14 19:22:29.552 DEBUG qt.scenegraph.time.renderloop: [window 0x7f380ef04e40][gui thread] Frame prepared, polish=0 ms, lock=0 ms, blockedForSync=0 ms, animations=0 ms
2026-07-14 19:22:29.552 DEBUG qt.scenegraph.time.renderer: time in renderer: total=0ms, preprocess=0, updates=0, rendering=0
2026-07-14 19:22:29.553 DEBUG qt.scenegraph.time.renderloop: [window 0x7f380ef04e40][render thread 0x7f380ed86040] syncAndRender: frame rendered in 0ms, sync=0, render=0, swap=0
2026-07-14 19:22:29.582 DEBUG qt.scenegraph.time.renderloop: [window 0x7f380ef04e40][gui thread] polishAndSync: start, elapsed since last call: 29 ms
2026-07-14 19:22:29.583 DEBUG qt.scenegraph.time.renderloop: [window 0x7f380ef04e40][render thread 0x7f380ed86040] syncAndRender: start, elapsed since last call: 30 ms
2026-07-14 19:22:29.583 DEBUG qt.scenegraph.time.renderloop: [window 0x7f380ef04e40][gui thread] Frame prepared, polish=0 ms, lock=0 ms, blockedForSync=0 ms, animations=0 ms
2026-07-14 19:22:29.583 DEBUG qt.scenegraph.time.renderer: time in renderer: total=0ms, preprocess=0, updates=0, rendering=0
2026-07-14 19:22:29.583 DEBUG qt.scenegraph.time.renderloop: [window 0x7f380ef04e40][render thread 0x7f380ed86040] syncAndRender: frame rendered in 0ms, sync=0, render=0, swap=0
2026-07-14 19:22:29.587 DEBUG qt.scenegraph.time.renderloop: [window 0x7f380ef04e40][gui thread] polishAndSync: start, elapsed since last call: 4 ms
2026-07-14 19:22:29.587 DEBUG qt.scenegraph.time.renderloop: [window 0x7f380ef04e40][render thread 0x7f380ed86040] syncAndRender: start, elapsed since last call: 4 ms
2026-07-14 19:22:29.587 DEBUG qt.scenegraph.time.renderloop: [window 0x7f380ef04e40][gui thread] Frame prepared, polish=0 ms, lock=0 ms, blockedForSync=0 ms, animations=0 ms
2026-07-14 19:22:29.587 DEBUG qt.scenegraph.time.renderer: time in renderer: total=0ms, preprocess=0, updates=0, rendering=0
2026-07-14 19:22:29.587 DEBUG qt.scenegraph.time.renderloop: [window 0x7f380ef04e40][render thread 0x7f380ed86040] syncAndRender: frame rendered in 0ms, sync=0, render=0, swap=0
2026-07-14 19:22:29.615 DEBUG qt.scenegraph.time.renderloop: [window 0x7f380ef04e40][gui thread] polishAndSync: start, elapsed since last call: 28 ms
2026-07-14 19:22:29.616 DEBUG qt.scenegraph.time.renderloop: [window 0x7f380ef04e40][render thread 0x7f380ed86040] syncAndRender: start, elapsed since last call: 28 ms
2026-07-14 19:22:29.616 DEBUG qt.scenegraph.time.renderloop: [window 0x7f380ef04e40][gui thread] Frame prepared, polish=0 ms, lock=0 ms, blockedForSync=0 ms, animations=0 ms
2026-07-14 19:22:29.616 DEBUG qt.scenegraph.time.renderer: time in renderer: total=0ms, preprocess=0, updates=0, rendering=0
2026-07-14 19:22:29.616 DEBUG qt.scenegraph.time.renderloop: [window 0x7f380ef04e40][render thread 0x7f380ed86040] syncAndRender: frame rendered in 0ms, sync=0, render=0, swap=0
2026-07-14 19:22:29.621 DEBUG qt.scenegraph.time.renderloop: [window 0x7f380ef04e40][gui thread] polishAndSync: start, elapsed since last call: 6 ms
2026-07-14 19:22:29.621 DEBUG qt.scenegraph.time.renderloop: [window 0x7f380ef04e40][render thread 0x7f380ed86040] syncAndRender: start, elapsed since last call: 5 ms
2026-07-14 19:22:29.622 DEBUG qt.scenegraph.time.renderloop: [window 0x7f380ef04e40][gui thread] Frame prepared, polish=0 ms, lock=0 ms, blockedForSync=0 ms, animations=0 ms
2026-07-14 19:22:29.622 DEBUG qt.scenegraph.time.renderer: time in renderer: total=0ms, preprocess=0, updates=0, rendering=0
2026-07-14 19:22:29.622 DEBUG qt.scenegraph.time.renderloop: [window 0x7f380ef04e40][render thread 0x7f380ed86040] syncAndRender: frame rendered in 0ms, sync=0, render=0, swap=0
2026-07-14 19:22:29.648 DEBUG qt.scenegraph.time.renderloop: [window 0x7f380ef04e40][gui thread] polishAndSync: start, elapsed since last call: 26 ms
2026-07-14 19:22:29.648 DEBUG qt.scenegraph.time.renderloop: [window 0x7f380ef04e40][render thread 0x7f380ed86040] syncAndRender: start, elapsed since last call: 26 ms
2026-07-14 19:22:29.648 DEBUG qt.scenegraph.time.renderloop: [window 0x7f380ef04e40][gui thread] Frame prepared, polish=0 ms, lock=0 ms, blockedForSync=0 ms, animations=0 ms
2026-07-14 19:22:29.648 DEBUG qt.scenegraph.time.renderer: time in renderer: total=0ms, preprocess=0, updates=0, rendering=0
2026-07-14 19:22:29.649 DEBUG qt.scenegraph.time.renderloop: [window 0x7f380ef04e40][render thread 0x7f380ed86040] syncAndRender: frame rendered in 0ms, sync=0, render=0, swap=0
2026-07-14 19:22:29.649 DEBUG qt.scenegraph.time.renderloop: [window 0x7f380ef04e40][gui thread] polishAndSync: start, elapsed since last call: 1 ms
2026-07-14 19:22:29.649 DEBUG qt.scenegraph.time.renderloop: [window 0x7f380ef04e40][render thread 0x7f380ed86040] syncAndRender: start, elapsed since last call: 1 ms
2026-07-14 19:22:29.649 DEBUG qt.scenegraph.time.renderloop: [window 0x7f380ef04e40][gui thread] Frame prepared, polish=0 ms, lock=0 ms, blockedForSync=0 ms, animations=0 ms
2026-07-14 19:22:29.649 DEBUG qt.scenegraph.time.renderer: time in renderer: total=0ms, preprocess=0, updates=0, rendering=0
2026-07-14 19:22:29.650 DEBUG qt.scenegraph.time.renderloop: [window 0x7f380ef04e40][render thread 0x7f380ed86040] syncAndRender: frame rendered in 0ms, sync=0, render=0, swap=0
2026-07-14 19:22:29.681 DEBUG qt.scenegraph.time.renderloop: [window 0x7f380ef04e40][gui thread] polishAndSync: start, elapsed since last call: 31 ms
2026-07-14 19:22:29.683 DEBUG qt.scenegraph.time.renderloop: [window 0x7f380ef04e40][render thread 0x7f380ed86040] syncAndRender: start, elapsed since last call: 33 ms
2026-07-14 19:22:29.683 DEBUG qt.scenegraph.time.renderloop: [window 0x7f380ef04e40][gui thread] Frame prepared, polish=2 ms, lock=0 ms, blockedForSync=0 ms, animations=0 ms
2026-07-14 19:22:29.683 DEBUG qt.scenegraph.time.renderer: time in renderer: total=0ms, preprocess=0, updates=0, rendering=0
2026-07-14 19:22:29.684 DEBUG qt.scenegraph.time.renderloop: [window 0x7f380ef04e40][render thread 0x7f380ed86040] syncAndRender: frame rendered in 0ms, sync=0, render=0, swap=0
2026-07-14 19:22:29.684 DEBUG qt.scenegraph.time.renderloop: [window 0x7f380ef04e40][gui thread] polishAndSync: start, elapsed since last call: 3 ms
2026-07-14 19:22:29.684 DEBUG qt.scenegraph.time.renderloop: [window 0x7f380ef04e40][render thread 0x7f380ed86040] syncAndRender: start, elapsed since last call: 1 ms
2026-07-14 19:22:29.684 DEBUG qt.scenegraph.time.renderloop: [window 0x7f380ef04e40][gui thread] Frame prepared, polish=0 ms, lock=0 ms, blockedForSync=0 ms, animations=0 ms
2026-07-14 19:22:29.684 DEBUG qt.scenegraph.time.renderer: time in renderer: total=0ms, preprocess=0, updates=0, rendering=0
2026-07-14 19:22:29.685 DEBUG qt.scenegraph.time.renderloop: [window 0x7f380ef04e40][render thread 0x7f380ed86040] syncAndRender: frame rendered in 0ms, sync=0, render=0, swap=0
2026-07-14 19:22:29.713 DEBUG qt.scenegraph.time.renderloop: [window 0x7f380ef04e40][gui thread] polishAndSync: start, elapsed since last call: 28 ms
2026-07-14 19:22:29.714 DEBUG qt.scenegraph.time.renderloop: [window 0x7f380ef04e40][render thread 0x7f380ed86040] syncAndRender: start, elapsed since last call: 29 ms
2026-07-14 19:22:29.714 DEBUG qt.scenegraph.time.renderloop: [window 0x7f380ef04e40][gui thread] Frame prepared, polish=0 ms, lock=0 ms, blockedForSync=0 ms, animations=0 ms
2026-07-14 19:22:29.714 DEBUG qt.scenegraph.time.renderer: time in renderer: total=0ms, preprocess=0, updates=0, rendering=0
2026-07-14 19:22:29.714 DEBUG qt.scenegraph.time.renderloop: [window 0x7f380ef04e40][render thread 0x7f380ed86040] syncAndRender: frame rendered in 0ms, sync=0, render=0, swap=0
2026-07-14 19:22:29.719 DEBUG qt.scenegraph.time.renderloop: [window 0x7f380ef04e40][gui thread] polishAndSync: start, elapsed since last call: 5 ms
2026-07-14 19:22:29.719 DEBUG qt.scenegraph.time.renderloop: [window 0x7f380ef04e40][render thread 0x7f380ed86040] syncAndRender: start, elapsed since last call: 5 ms
2026-07-14 19:22:29.719 DEBUG qt.scenegraph.time.renderloop: [window 0x7f380ef04e40][gui thread] Frame prepared, polish=0 ms, lock=0 ms, blockedForSync=0 ms, animations=0 ms
2026-07-14 19:22:29.719 DEBUG qt.scenegraph.time.renderer: time in renderer: total=0ms, preprocess=0, updates=0, rendering=0
2026-07-14 19:22:29.719 DEBUG qt.scenegraph.time.renderloop: [window 0x7f380ef04e40][render thread 0x7f380ed86040] syncAndRender: frame rendered in 0ms, sync=0, render=0, swap=0
2026-07-14 19:22:29.747 DEBUG qt.scenegraph.time.renderloop: [window 0x7f380ef04e40][gui thread] polishAndSync: start, elapsed since last call: 28 ms
2026-07-14 19:22:29.747 DEBUG qt.scenegraph.time.renderloop: [window 0x7f380ef04e40][render thread 0x7f380ed86040] syncAndRender: start, elapsed since last call: 28 ms
2026-07-14 19:22:29.747 DEBUG qt.scenegraph.time.renderloop: [window 0x7f380ef04e40][gui thread] Frame prepared, polish=0 ms, lock=0 ms, blockedForSync=0 ms, animations=0 ms
2026-07-14 19:22:29.747 DEBUG qt.scenegraph.time.renderer: time in renderer: total=0ms, preprocess=0, updates=0, rendering=0
2026-07-14 19:22:29.748 DEBUG qt.scenegraph.time.renderloop: [window 0x7f380ef04e40][render thread 0x7f380ed86040] syncAndRender: frame rendered in 0ms, sync=0, render=0, swap=0
2026-07-14 19:22:29.754 DEBUG qt.scenegraph.time.renderloop: [window 0x7f380ef04e40][gui thread] polishAndSync: start, elapsed since last call: 6 ms
2026-07-14 19:22:29.754 DEBUG qt.scenegraph.time.renderloop: [window 0x7f380ef04e40][render thread 0x7f380ed86040] syncAndRender: start, elapsed since last call: 6 ms
2026-07-14 19:22:29.754 DEBUG qt.scenegraph.time.renderloop: [window 0x7f380ef04e40][gui thread] Frame prepared, polish=0 ms, lock=0 ms, blockedForSync=0 ms, animations=0 ms
2026-07-14 19:22:29.754 DEBUG qt.scenegraph.time.renderer: time in renderer: total=0ms, preprocess=0, updates=0, rendering=0
2026-07-14 19:22:29.754 DEBUG qt.scenegraph.time.renderloop: [window 0x7f380ef04e40][render thread 0x7f380ed86040] syncAndRender: frame rendered in 0ms, sync=0, render=0, swap=0
2026-07-14 19:22:29.780 DEBUG qt.scenegraph.time.renderloop: [window 0x7f380ef04e40][gui thread] polishAndSync: start, elapsed since last call: 26 ms
2026-07-14 19:22:29.780 DEBUG qt.scenegraph.time.renderloop: [window 0x7f380ef04e40][render thread 0x7f380ed86040] syncAndRender: start, elapsed since last call: 26 ms
2026-07-14 19:22:29.780 DEBUG qt.scenegraph.time.renderloop: [window 0x7f380ef04e40][gui thread] Frame prepared, polish=0 ms, lock=0 ms, blockedForSync=0 ms, animations=0 ms
2026-07-14 19:22:29.780 DEBUG qt.scenegraph.time.renderer: time in renderer: total=0ms, preprocess=0, updates=0, rendering=0
2026-07-14 19:22:29.780 DEBUG qt.scenegraph.time.renderloop: [window 0x7f380ef04e40][render thread 0x7f380ed86040] syncAndRender: frame rendered in 0ms, sync=0, render=0, swap=0
2026-07-14 19:22:29.781 DEBUG qt.scenegraph.time.renderloop: [window 0x7f380ef04e40][gui thread] polishAndSync: start, elapsed since last call: 1 ms
2026-07-14 19:22:29.781 DEBUG qt.scenegraph.time.renderloop: [window 0x7f380ef04e40][render thread 0x7f380ed86040] syncAndRender: start, elapsed since last call: 1 ms
2026-07-14 19:22:29.781 DEBUG qt.scenegraph.time.renderloop: [window 0x7f380ef04e40][gui thread] Frame prepared, polish=0 ms, lock=0 ms, blockedForSync=0 ms, animations=0 ms
2026-07-14 19:22:29.781 DEBUG qt.scenegraph.time.renderer: time in renderer: total=0ms, preprocess=0, updates=0, rendering=0
2026-07-14 19:22:29.782 DEBUG qt.scenegraph.time.renderloop: [window 0x7f380ef04e40][render thread 0x7f380ed86040] syncAndRender: frame rendered in 0ms, sync=0, render=0, swap=0
2026-07-14 19:22:29.812 DEBUG qt.scenegraph.time.renderloop: [window 0x7f380ef04e40][gui thread] polishAndSync: start, elapsed since last call: 31 ms
2026-07-14 19:22:29.813 DEBUG qt.scenegraph.time.renderloop: [window 0x7f380ef04e40][render thread 0x7f380ed86040] syncAndRender: start, elapsed since last call: 31 ms
2026-07-14 19:22:29.813 DEBUG qt.scenegraph.time.renderloop: [window 0x7f380ef04e40][gui thread] Frame prepared, polish=0 ms, lock=0 ms, blockedForSync=0 ms, animations=0 ms
2026-07-14 19:22:29.813 DEBUG qt.scenegraph.time.renderer: time in renderer: total=0ms, preprocess=0, updates=0, rendering=0
2026-07-14 19:22:29.813 DEBUG qt.scenegraph.time.renderloop: [window 0x7f380ef04e40][render thread 0x7f380ed86040] syncAndRender: frame rendered in 0ms, sync=0, render=0, swap=0
2026-07-14 19:22:29.816 DEBUG qt.scenegraph.time.renderloop: [window 0x7f380ef04e40][gui thread] polishAndSync: start, elapsed since last call: 3 ms
2026-07-14 19:22:29.816 DEBUG qt.scenegraph.time.renderloop: [window 0x7f380ef04e40][render thread 0x7f380ed86040] syncAndRender: start, elapsed since last call: 3 ms
2026-07-14 19:22:29.816 DEBUG qt.scenegraph.time.renderloop: [window 0x7f380ef04e40][gui thread] Frame prepared, polish=0 ms, lock=0 ms, blockedForSync=0 ms, animations=0 ms
2026-07-14 19:22:29.816 DEBUG qt.scenegraph.time.renderer: time in renderer: total=0ms, preprocess=0, updates=0, rendering=0
2026-07-14 19:22:29.817 DEBUG qt.scenegraph.time.renderloop: [window 0x7f380ef04e40][render thread 0x7f380ed86040] syncAndRender: frame rendered in 0ms, sync=0, render=0, swap=0
2026-07-14 19:22:29.845 DEBUG qt.scenegraph.time.renderloop: [window 0x7f380ef04e40][gui thread] polishAndSync: start, elapsed since last call: 29 ms
2026-07-14 19:22:29.846 DEBUG qt.scenegraph.time.renderloop: [window 0x7f380ef04e40][render thread 0x7f380ed86040] syncAndRender: start, elapsed since last call: 29 ms
2026-07-14 19:22:29.846 DEBUG qt.scenegraph.time.renderloop: [window 0x7f380ef04e40][gui thread] Frame prepared, polish=0 ms, lock=0 ms, blockedForSync=0 ms, animations=0 ms
2026-07-14 19:22:29.846 DEBUG qt.scenegraph.time.renderer: time in renderer: total=0ms, preprocess=0, updates=0, rendering=0
2026-07-14 19:22:29.846 DEBUG qt.scenegraph.time.renderloop: [window 0x7f380ef04e40][render thread 0x7f380ed86040] syncAndRender: frame rendered in 0ms, sync=0, render=0, swap=0
2026-07-14 19:22:29.851 DEBUG qt.scenegraph.time.renderloop: [window 0x7f380ef04e40][gui thread] polishAndSync: start, elapsed since last call: 5 ms
2026-07-14 19:22:29.851 DEBUG qt.scenegraph.time.renderloop: [window 0x7f380ef04e40][render thread 0x7f380ed86040] syncAndRender: start, elapsed since last call: 5 ms
2026-07-14 19:22:29.851 DEBUG qt.scenegraph.time.renderloop: [window 0x7f380ef04e40][gui thread] Frame prepared, polish=0 ms, lock=0 ms, blockedForSync=0 ms, animations=0 ms
2026-07-14 19:22:29.851 DEBUG qt.scenegraph.time.renderer: time in renderer: total=0ms, preprocess=0, updates=0, rendering=0
2026-07-14 19:22:29.851 DEBUG qt.scenegraph.time.renderloop: [window 0x7f380ef04e40][render thread 0x7f380ed86040] syncAndRender: frame rendered in 0ms, sync=0, render=0, swap=0
2026-07-14 19:22:29.879 DEBUG qt.scenegraph.time.renderloop: [window 0x7f380ef04e40][gui thread] polishAndSync: start, elapsed since last call: 28 ms
2026-07-14 19:22:29.880 DEBUG qt.scenegraph.time.renderloop: [window 0x7f380ef04e40][render thread 0x7f380ed86040] syncAndRender: start, elapsed since last call: 28 ms
2026-07-14 19:22:29.880 DEBUG qt.scenegraph.time.renderloop: [window 0x7f380ef04e40][gui thread] Frame prepared, polish=0 ms, lock=0 ms, blockedForSync=0 ms, animations=0 ms
2026-07-14 19:22:29.880 DEBUG qt.scenegraph.time.renderer: time in renderer: total=0ms, preprocess=0, updates=0, rendering=0
2026-07-14 19:22:29.880 DEBUG qt.scenegraph.time.renderloop: [window 0x7f380ef04e40][render thread 0x7f380ed86040] syncAndRender: frame rendered in 0ms, sync=0, render=0, swap=0
2026-07-14 19:22:29.886 DEBUG qt.scenegraph.time.renderloop: [window 0x7f380ef04e40][gui thread] polishAndSync: start, elapsed since last call: 6 ms
2026-07-14 19:22:29.886 DEBUG qt.scenegraph.time.renderloop: [window 0x7f380ef04e40][render thread 0x7f380ed86040] syncAndRender: start, elapsed since last call: 5 ms
2026-07-14 19:22:29.886 DEBUG qt.scenegraph.time.renderloop: [window 0x7f380ef04e40][gui thread] Frame prepared, polish=0 ms, lock=0 ms, blockedForSync=0 ms, animations=0 ms
2026-07-14 19:22:29.886 DEBUG qt.scenegraph.time.renderer: time in renderer: total=0ms, preprocess=0, updates=0, rendering=0
2026-07-14 19:22:29.886 DEBUG qt.scenegraph.time.renderloop: [window 0x7f380ef04e40][render thread 0x7f380ed86040] syncAndRender: frame rendered in 0ms, sync=0, render=0, swap=0
2026-07-14 19:22:29.912 DEBUG qt.scenegraph.time.renderloop: [window 0x7f380ef04e40][gui thread] polishAndSync: start, elapsed since last call: 26 ms
2026-07-14 19:22:29.912 DEBUG qt.scenegraph.time.renderloop: [window 0x7f380ef04e40][render thread 0x7f380ed86040] syncAndRender: start, elapsed since last call: 26 ms
2026-07-14 19:22:29.912 DEBUG qt.scenegraph.time.renderloop: [window 0x7f380ef04e40][gui thread] Frame prepared, polish=0 ms, lock=0 ms, blockedForSync=0 ms, animations=0 ms
2026-07-14 19:22:29.912 DEBUG qt.scenegraph.time.renderer: time in renderer: total=0ms, preprocess=0, updates=0, rendering=0
2026-07-14 19:22:29.913 DEBUG qt.scenegraph.time.renderloop: [window 0x7f380ef04e40][render thread 0x7f380ed86040] syncAndRender: frame rendered in 0ms, sync=0, render=0, swap=0
2026-07-14 19:22:29.913 DEBUG qt.scenegraph.time.renderloop: [window 0x7f380ef04e40][gui thread] polishAndSync: start, elapsed since last call: 1 ms
2026-07-14 19:22:29.913 DEBUG qt.scenegraph.time.renderloop: [window 0x7f380ef04e40][render thread 0x7f380ed86040] syncAndRender: start, elapsed since last call: 1 ms
2026-07-14 19:22:29.913 DEBUG qt.scenegraph.time.renderloop: [window 0x7f380ef04e40][gui thread] Frame prepared, polish=0 ms, lock=0 ms, blockedForSync=0 ms, animations=0 ms
2026-07-14 19:22:29.913 DEBUG qt.scenegraph.time.renderer: time in renderer: total=0ms, preprocess=0, updates=0, rendering=0
2026-07-14 19:22:29.914 DEBUG qt.scenegraph.time.renderloop: [window 0x7f380ef04e40][render thread 0x7f380ed86040] syncAndRender: frame rendered in 0ms, sync=0, render=0, swap=0
2026-07-14 19:22:29.945 DEBUG qt.scenegraph.time.renderloop: [window 0x7f380ef04e40][gui thread] polishAndSync: start, elapsed since last call: 31 ms
2026-07-14 19:22:29.945 DEBUG qt.scenegraph.time.renderloop: [window 0x7f380ef04e40][render thread 0x7f380ed86040] syncAndRender: start, elapsed since last call: 31 ms
2026-07-14 19:22:29.945 DEBUG qt.scenegraph.time.renderloop: [window 0x7f380ef04e40][gui thread] Frame prepared, polish=0 ms, lock=0 ms, blockedForSync=0 ms, animations=0 ms
2026-07-14 19:22:29.945 DEBUG qt.scenegraph.time.renderer: time in renderer: total=0ms, preprocess=0, updates=0, rendering=0
2026-07-14 19:22:29.945 DEBUG qt.scenegraph.time.renderloop: [window 0x7f380ef04e40][render thread 0x7f380ed86040] syncAndRender: frame rendered in 0ms, sync=0, render=0, swap=0
2026-07-14 19:22:29.948 DEBUG qt.scenegraph.time.renderloop: [window 0x7f380ef04e40][gui thread] polishAndSync: start, elapsed since last call: 3 ms
2026-07-14 19:22:29.948 DEBUG qt.scenegraph.time.renderloop: [window 0x7f380ef04e40][render thread 0x7f380ed86040] syncAndRender: start, elapsed since last call: 3 ms
2026-07-14 19:22:29.948 DEBUG qt.scenegraph.time.renderloop: [window 0x7f380ef04e40][gui thread] Frame prepared, polish=0 ms, lock=0 ms, blockedForSync=0 ms, animations=0 ms
2026-07-14 19:22:29.949 DEBUG qt.scenegraph.time.renderer: time in renderer: total=0ms, preprocess=0, updates=0, rendering=0
2026-07-14 19:22:29.949 DEBUG qt.scenegraph.time.renderloop: [window 0x7f380ef04e40][render thread 0x7f380ed86040] syncAndRender: frame rendered in 0ms, sync=0, render=0, swap=0
2026-07-14 19:22:29.977 DEBUG qt.scenegraph.time.renderloop: [window 0x7f380ef04e40][gui thread] polishAndSync: start, elapsed since last call: 29 ms
2026-07-14 19:22:29.978 DEBUG qt.scenegraph.time.renderloop: [window 0x7f380ef04e40][render thread 0x7f380ed86040] syncAndRender: start, elapsed since last call: 29 ms
2026-07-14 19:22:29.978 DEBUG qt.scenegraph.time.renderloop: [window 0x7f380ef04e40][gui thread] Frame prepared, polish=0 ms, lock=0 ms, blockedForSync=0 ms, animations=0 ms
2026-07-14 19:22:29.978 DEBUG qt.scenegraph.time.renderer: time in renderer: total=0ms, preprocess=0, updates=0, rendering=0
2026-07-14 19:22:29.978 DEBUG qt.scenegraph.time.renderloop: [window 0x7f380ef04e40][render thread 0x7f380ed86040] syncAndRender: frame rendered in 0ms, sync=0, render=0, swap=0
2026-07-14 19:22:29.983 DEBUG qt.scenegraph.time.renderloop: [window 0x7f380ef04e40][gui thread] polishAndSync: start, elapsed since last call: 5 ms
2026-07-14 19:22:29.983 DEBUG qt.scenegraph.time.renderloop: [window 0x7f380ef04e40][render thread 0x7f380ed86040] syncAndRender: start, elapsed since last call: 5 ms
2026-07-14 19:22:29.983 DEBUG qt.scenegraph.time.renderloop: [window 0x7f380ef04e40][gui thread] Frame prepared, polish=0 ms, lock=0 ms, blockedForSync=0 ms, animations=0 ms
2026-07-14 19:22:29.983 DEBUG qt.scenegraph.time.renderer: time in renderer: total=0ms, preprocess=0, updates=0, rendering=0
2026-07-14 19:22:29.983 DEBUG qt.scenegraph.time.renderloop: [window 0x7f380ef04e40][render thread 0x7f380ed86040] syncAndRender: frame rendered in 0ms, sync=0, render=0, swap=0
2026-07-14 19:22:30.011 DEBUG qt.scenegraph.time.renderloop: [window 0x7f380ef04e40][gui thread] polishAndSync: start, elapsed since last call: 27 ms
2026-07-14 19:22:30.011 DEBUG qt.scenegraph.time.renderloop: [window 0x7f380ef04e40][render thread 0x7f380ed86040] syncAndRender: start, elapsed since last call: 28 ms
2026-07-14 19:22:30.011 DEBUG qt.scenegraph.time.renderloop: [window 0x7f380ef04e40][gui thread] Frame prepared, polish=0 ms, lock=0 ms, blockedForSync=0 ms, animations=0 ms
2026-07-14 19:22:30.011 DEBUG qt.scenegraph.time.renderer: time in renderer: total=0ms, preprocess=0, updates=0, rendering=0
2026-07-14 19:22:30.012 DEBUG qt.scenegraph.time.renderloop: [window 0x7f380ef04e40][render thread 0x7f380ed86040] syncAndRender: frame rendered in 0ms, sync=0, render=0, swap=0
2026-07-14 19:22:30.018 DEBUG qt.scenegraph.time.renderloop: [window 0x7f380ef04e40][gui thread] polishAndSync: start, elapsed since last call: 6 ms
2026-07-14 19:22:30.018 DEBUG qt.scenegraph.time.renderloop: [window 0x7f380ef04e40][render thread 0x7f380ed86040] syncAndRender: start, elapsed since last call: 6 ms
2026-07-14 19:22:30.018 DEBUG qt.scenegraph.time.renderloop: [window 0x7f380ef04e40][gui thread] Frame prepared, polish=0 ms, lock=0 ms, blockedForSync=0 ms, animations=0 ms
2026-07-14 19:22:30.018 DEBUG qt.scenegraph.time.renderer: time in renderer: total=0ms, preprocess=0, updates=0, rendering=0
2026-07-14 19:22:30.018 DEBUG qt.scenegraph.time.renderloop: [window 0x7f380ef04e40][render thread 0x7f380ed86040] syncAndRender: frame rendered in 0ms, sync=0, render=0, swap=0
2026-07-14 19:22:30.044 DEBUG qt.scenegraph.time.renderloop: [window 0x7f380ef04e40][gui thread] polishAndSync: start, elapsed since last call: 25 ms
2026-07-14 19:22:30.044 DEBUG qt.scenegraph.time.renderloop: [window 0x7f380ef04e40][render thread 0x7f380ed86040] syncAndRender: start, elapsed since last call: 26 ms
2026-07-14 19:22:30.044 DEBUG qt.scenegraph.time.renderloop: [window 0x7f380ef04e40][gui thread] Frame prepared, polish=0 ms, lock=0 ms, blockedForSync=0 ms, animations=0 ms
2026-07-14 19:22:30.044 DEBUG qt.scenegraph.time.renderer: time in renderer: total=0ms, preprocess=0, updates=0, rendering=0
2026-07-14 19:22:30.044 DEBUG qt.scenegraph.time.renderloop: [window 0x7f380ef04e40][render thread 0x7f380ed86040] syncAndRender: frame rendered in 0ms, sync=0, render=0, swap=0
2026-07-14 19:22:30.045 DEBUG qt.scenegraph.time.renderloop: [window 0x7f380ef04e40][gui thread] polishAndSync: start, elapsed since last call: 1 ms
2026-07-14 19:22:30.045 DEBUG qt.scenegraph.time.renderloop: [window 0x7f380ef04e40][render thread 0x7f380ed86040] syncAndRender: start, elapsed since last call: 1 ms
2026-07-14 19:22:30.045 DEBUG qt.scenegraph.time.renderloop: [window 0x7f380ef04e40][gui thread] Frame prepared, polish=0 ms, lock=0 ms, blockedForSync=0 ms, animations=0 ms
2026-07-14 19:22:30.045 DEBUG qt.scenegraph.time.renderer: time in renderer: total=0ms, preprocess=0, updates=0, rendering=0
2026-07-14 19:22:30.046 DEBUG qt.scenegraph.time.renderloop: [window 0x7f380ef04e40][render thread 0x7f380ed86040] syncAndRender: frame rendered in 0ms, sync=0, render=0, swap=0
2026-07-14 19:22:30.077 DEBUG qt.scenegraph.time.renderloop: [window 0x7f380ef04e40][gui thread] polishAndSync: start, elapsed since last call: 31 ms
2026-07-14 19:22:30.077 DEBUG qt.scenegraph.time.renderloop: [window 0x7f380ef04e40][render thread 0x7f380ed86040] syncAndRender: start, elapsed since last call: 31 ms
2026-07-14 19:22:30.077 DEBUG qt.scenegraph.time.renderloop: [window 0x7f380ef04e40][gui thread] Frame prepared, polish=0 ms, lock=0 ms, blockedForSync=0 ms, animations=0 ms
2026-07-14 19:22:30.077 DEBUG qt.scenegraph.time.renderer: time in renderer: total=0ms, preprocess=0, updates=0, rendering=0
2026-07-14 19:22:30.077 DEBUG qt.scenegraph.time.renderloop: [window 0x7f380ef04e40][render thread 0x7f380ed86040] syncAndRender: frame rendered in 0ms, sync=0, render=0, swap=0
2026-07-14 19:22:30.080 DEBUG qt.scenegraph.time.renderloop: [window 0x7f380ef04e40][gui thread] polishAndSync: start, elapsed since last call: 3 ms
2026-07-14 19:22:30.080 DEBUG qt.scenegraph.time.renderloop: [window 0x7f380ef04e40][render thread 0x7f380ed86040] syncAndRender: start, elapsed since last call: 3 ms
2026-07-14 19:22:30.080 DEBUG qt.scenegraph.time.renderloop: [window 0x7f380ef04e40][gui thread] Frame prepared, polish=0 ms, lock=0 ms, blockedForSync=0 ms, animations=0 ms
2026-07-14 19:22:30.080 DEBUG qt.scenegraph.time.renderer: time in renderer: total=0ms, preprocess=0, updates=0, rendering=0
2026-07-14 19:22:30.080 DEBUG qt.scenegraph.time.renderloop: [window 0x7f380ef04e40][render thread 0x7f380ed86040] syncAndRender: frame rendered in 0ms, sync=0, render=0, swap=0
2026-07-14 19:22:30.109 DEBUG qt.scenegraph.time.renderloop: [window 0x7f380ef04e40][gui thread] polishAndSync: start, elapsed since last call: 29 ms
2026-07-14 19:22:30.109 DEBUG qt.scenegraph.time.renderloop: [window 0x7f380ef04e40][render thread 0x7f380ed86040] syncAndRender: start, elapsed since last call: 29 ms
2026-07-14 19:22:30.110 DEBUG qt.scenegraph.time.renderloop: [window 0x7f380ef04e40][gui thread] Frame prepared, polish=0 ms, lock=0 ms, blockedForSync=0 ms, animations=0 ms
2026-07-14 19:22:30.110 DEBUG qt.scenegraph.time.renderer: time in renderer: total=0ms, preprocess=0, updates=0, rendering=0
2026-07-14 19:22:30.110 DEBUG qt.scenegraph.time.renderloop: [window 0x7f380ef04e40][render thread 0x7f380ed86040] syncAndRender: frame rendered in 0ms, sync=0, render=0, swap=0
2026-07-14 19:22:30.115 DEBUG qt.scenegraph.time.renderloop: [window 0x7f380ef04e40][gui thread] polishAndSync: start, elapsed since last call: 5 ms
2026-07-14 19:22:30.115 DEBUG qt.scenegraph.time.renderloop: [window 0x7f380ef04e40][render thread 0x7f380ed86040] syncAndRender: start, elapsed since last call: 5 ms
2026-07-14 19:22:30.115 DEBUG qt.scenegraph.time.renderloop: [window 0x7f380ef04e40][gui thread] Frame prepared, polish=0 ms, lock=0 ms, blockedForSync=0 ms, animations=0 ms
2026-07-14 19:22:30.115 DEBUG qt.scenegraph.time.renderer: time in renderer: total=0ms, preprocess=0, updates=0, rendering=0
2026-07-14 19:22:30.115 DEBUG qt.scenegraph.time.renderloop: [window 0x7f380ef04e40][render thread 0x7f380ed86040] syncAndRender: frame rendered in 0ms, sync=0, render=0, swap=0
2026-07-14 19:22:30.143 DEBUG qt.scenegraph.time.renderloop: [window 0x7f380ef04e40][gui thread] polishAndSync: start, elapsed since last call: 28 ms
2026-07-14 19:22:30.143 DEBUG qt.scenegraph.time.renderloop: [window 0x7f380ef04e40][render thread 0x7f380ed86040] syncAndRender: start, elapsed since last call: 28 ms
2026-07-14 19:22:30.143 DEBUG qt.scenegraph.time.renderloop: [window 0x7f380ef04e40][gui thread] Frame prepared, polish=0 ms, lock=0 ms, blockedForSync=0 ms, animations=0 ms
2026-07-14 19:22:30.143 DEBUG qt.scenegraph.time.renderer: time in renderer: total=0ms, preprocess=0, updates=0, rendering=0
2026-07-14 19:22:30.144 DEBUG qt.scenegraph.time.renderloop: [window 0x7f380ef04e40][render thread 0x7f380ed86040] syncAndRender: frame rendered in 0ms, sync=0, render=0, swap=0
2026-07-14 19:22:30.150 DEBUG qt.scenegraph.time.renderloop: [window 0x7f380ef04e40][gui thread] polishAndSync: start, elapsed since last call: 6 ms
2026-07-14 19:22:30.150 DEBUG qt.scenegraph.time.renderloop: [window 0x7f380ef04e40][render thread 0x7f380ed86040] syncAndRender: start, elapsed since last call: 6 ms
2026-07-14 19:22:30.150 DEBUG qt.scenegraph.time.renderloop: [window 0x7f380ef04e40][gui thread] Frame prepared, polish=0 ms, lock=0 ms, blockedForSync=0 ms, animations=0 ms
2026-07-14 19:22:30.150 DEBUG qt.scenegraph.time.renderer: time in renderer: total=0ms, preprocess=0, updates=0, rendering=0
2026-07-14 19:22:30.150 DEBUG qt.scenegraph.time.renderloop: [window 0x7f380ef04e40][render thread 0x7f380ed86040] syncAndRender: frame rendered in 0ms, sync=0, render=0, swap=0
2026-07-14 19:22:30.176 DEBUG qt.scenegraph.time.renderloop: [window 0x7f380ef04e40][gui thread] polishAndSync: start, elapsed since last call: 26 ms
2026-07-14 19:22:30.176 DEBUG qt.scenegraph.time.renderloop: [window 0x7f380ef04e40][render thread 0x7f380ed86040] syncAndRender: start, elapsed since last call: 26 ms
2026-07-14 19:22:30.176 DEBUG qt.scenegraph.time.renderloop: [window 0x7f380ef04e40][gui thread] Frame prepared, polish=0 ms, lock=0 ms, blockedForSync=0 ms, animations=0 ms
2026-07-14 19:22:30.176 DEBUG qt.scenegraph.time.renderer: time in renderer: total=0ms, preprocess=0, updates=0, rendering=0
2026-07-14 19:22:30.176 DEBUG qt.scenegraph.time.renderloop: [window 0x7f380ef04e40][render thread 0x7f380ed86040] syncAndRender: frame rendered in 0ms, sync=0, render=0, swap=0
2026-07-14 19:22:30.177 DEBUG qt.scenegraph.time.renderloop: [window 0x7f380ef04e40][gui thread] polishAndSync: start, elapsed since last call: 1 ms
2026-07-14 19:22:30.177 DEBUG qt.scenegraph.time.renderloop: [window 0x7f380ef04e40][render thread 0x7f380ed86040] syncAndRender: start, elapsed since last call: 1 ms
2026-07-14 19:22:30.177 DEBUG qt.scenegraph.time.renderloop: [window 0x7f380ef04e40][gui thread] Frame prepared, polish=0 ms, lock=0 ms, blockedForSync=0 ms, animations=0 ms
2026-07-14 19:22:30.178 DEBUG qt.scenegraph.time.renderer: time in renderer: total=0ms, preprocess=0, updates=0, rendering=0
2026-07-14 19:22:30.178 DEBUG qt.scenegraph.time.renderloop: [window 0x7f380ef04e40][render thread 0x7f380ed86040] syncAndRender: frame rendered in 0ms, sync=0, render=0, swap=0
2026-07-14 19:22:30.209 DEBUG qt.scenegraph.time.renderloop: [window 0x7f380ef04e40][gui thread] polishAndSync: start, elapsed since last call: 31 ms
2026-07-14 19:22:30.209 DEBUG qt.scenegraph.time.renderloop: [window 0x7f380ef04e40][render thread 0x7f380ed86040] syncAndRender: start, elapsed since last call: 31 ms
2026-07-14 19:22:30.209 DEBUG qt.scenegraph.time.renderloop: [window 0x7f380ef04e40][gui thread] Frame prepared, polish=0 ms, lock=0 ms, blockedForSync=0 ms, animations=0 ms
2026-07-14 19:22:30.209 DEBUG qt.scenegraph.time.renderer: time in renderer: total=0ms, preprocess=0, updates=0, rendering=0
2026-07-14 19:22:30.209 DEBUG qt.scenegraph.time.renderloop: [window 0x7f380ef04e40][render thread 0x7f380ed86040] syncAndRender: frame rendered in 0ms, sync=0, render=0, swap=0
2026-07-14 19:22:30.212 DEBUG qt.scenegraph.time.renderloop: [window 0x7f380ef04e40][gui thread] polishAndSync: start, elapsed since last call: 3 ms
2026-07-14 19:22:30.212 DEBUG qt.scenegraph.time.renderloop: [window 0x7f380ef04e40][render thread 0x7f380ed86040] syncAndRender: start, elapsed since last call: 3 ms
2026-07-14 19:22:30.212 DEBUG qt.scenegraph.time.renderloop: [window 0x7f380ef04e40][gui thread] Frame prepared, polish=0 ms, lock=0 ms, blockedForSync=0 ms, animations=0 ms
2026-07-14 19:22:30.212 DEBUG qt.scenegraph.time.renderer: time in renderer: total=0ms, preprocess=0, updates=0, rendering=0
2026-07-14 19:22:30.212 DEBUG qt.scenegraph.time.renderloop: [window 0x7f380ef04e40][render thread 0x7f380ed86040] syncAndRender: frame rendered in 0ms, sync=0, render=0, swap=0
2026-07-14 19:22:30.241 DEBUG qt.scenegraph.time.renderloop: [window 0x7f380ef04e40][gui thread] polishAndSync: start, elapsed since last call: 29 ms
2026-07-14 19:22:30.242 DEBUG qt.scenegraph.time.renderloop: [window 0x7f380ef04e40][render thread 0x7f380ed86040] syncAndRender: start, elapsed since last call: 29 ms
2026-07-14 19:22:30.242 DEBUG qt.scenegraph.time.renderloop: [window 0x7f380ef04e40][gui thread] Frame prepared, polish=0 ms, lock=0 ms, blockedForSync=0 ms, animations=0 ms
2026-07-14 19:22:30.242 DEBUG qt.scenegraph.time.renderer: time in renderer: total=0ms, preprocess=0, updates=0, rendering=0
2026-07-14 19:22:30.242 DEBUG qt.scenegraph.time.renderloop: [window 0x7f380ef04e40][render thread 0x7f380ed86040] syncAndRender: frame rendered in 0ms, sync=0, render=0, swap=0
2026-07-14 19:22:30.247 DEBUG qt.scenegraph.time.renderloop: [window 0x7f380ef04e40][gui thread] polishAndSync: start, elapsed since last call: 5 ms
2026-07-14 19:22:30.247 DEBUG qt.scenegraph.time.renderloop: [window 0x7f380ef04e40][render thread 0x7f380ed86040] syncAndRender: start, elapsed since last call: 5 ms
2026-07-14 19:22:30.247 DEBUG qt.scenegraph.time.renderloop: [window 0x7f380ef04e40][gui thread] Frame prepared, polish=0 ms, lock=0 ms, blockedForSync=0 ms, animations=0 ms
2026-07-14 19:22:30.247 DEBUG qt.scenegraph.time.renderer: time in renderer: total=0ms, preprocess=0, updates=0, rendering=0
2026-07-14 19:22:30.248 DEBUG qt.scenegraph.time.renderloop: [window 0x7f380ef04e40][render thread 0x7f380ed86040] syncAndRender: frame rendered in 0ms, sync=0, render=0, swap=0
2026-07-14 19:22:30.258 DEBUG qt.scenegraph.time.renderloop: [window 0x7f380ef04e40][gui thread] polishAndSync: start, elapsed since last call: 10 ms
2026-07-14 19:22:30.258 DEBUG qt.scenegraph.time.renderloop: [window 0x7f380ef04e40][render thread 0x7f380ed86040] syncAndRender: start, elapsed since last call: 11 ms
2026-07-14 19:22:30.259 DEBUG qt.scenegraph.time.renderloop: [window 0x7f380ef04e40][gui thread] Frame prepared, polish=0 ms, lock=0 ms, blockedForSync=0 ms, animations=0 ms
2026-07-14 19:22:30.259 DEBUG qt.scenegraph.time.renderloop: [window 0x7f380ef04e40][gui thread] polishAndSync: start, elapsed since last call: 0 ms
2026-07-14 19:22:30.259 DEBUG qt.scenegraph.time.texture: atlastexture upload enqueued in: -9223357648857ms (16x16)
2026-07-14 19:22:30.259 DEBUG qt.scenegraph.time.texture: atlastexture upload enqueued in: -9223357648857ms (16x16)
2026-07-14 19:22:30.259 DEBUG qt.scenegraph.time.texture: atlastexture upload enqueued in: -9223357648857ms (36x14)
2026-07-14 19:22:30.259 DEBUG qt.scenegraph.time.renderer: time in renderer: total=0ms, preprocess=0, updates=0, rendering=0
2026-07-14 19:22:30.259 DEBUG qt.scenegraph.time.renderloop: [window 0x7f380ef04e40][render thread 0x7f380ed86040] syncAndRender: frame rendered in 0ms, sync=0, render=0, swap=0
2026-07-14 19:22:30.259 DEBUG qt.scenegraph.time.renderloop: [window 0x7f380ef04e40][render thread 0x7f380ed86040] syncAndRender: start, elapsed since last call: 0 ms
2026-07-14 19:22:30.259 DEBUG qt.scenegraph.time.renderloop: [window 0x7f380ef04e40][gui thread] Frame prepared, polish=0 ms, lock=0 ms, blockedForSync=0 ms, animations=0 ms
2026-07-14 19:22:30.259 DEBUG qt.scenegraph.time.renderer: time in renderer: total=0ms, preprocess=0, updates=0, rendering=0
2026-07-14 19:22:30.261 DEBUG qt.scenegraph.time.renderloop: [window 0x7f380ef04e40][gui thread] polishAndSync: start, elapsed since last call: 2 ms
2026-07-14 19:22:30.261 DEBUG qt.scenegraph.time.renderloop: [window 0x7f380ef04e40][render thread 0x7f380ed86040] syncAndRender: frame rendered in 1ms, sync=0, render=0, swap=1
2026-07-14 19:22:30.261 DEBUG qt.scenegraph.time.renderloop: [window 0x7f380ef04e40][render thread 0x7f380ed86040] syncAndRender: start, elapsed since last call: 1 ms
2026-07-14 19:22:30.261 DEBUG qt.scenegraph.time.renderloop: [window 0x7f380ef04e40][gui thread] Frame prepared, polish=0 ms, lock=0 ms, blockedForSync=0 ms, animations=0 ms
2026-07-14 19:22:30.261 DEBUG qt.scenegraph.time.renderer: time in renderer: total=0ms, preprocess=0, updates=0, rendering=0
2026-07-14 19:22:30.268 DEBUG qt.scenegraph.time.renderloop: [window 0x7f380ef04e40][gui thread] polishAndSync: start, elapsed since last call: 7 ms
2026-07-14 19:22:30.268 DEBUG qt.scenegraph.time.renderloop: [window 0x7f380ef04e40][render thread 0x7f380ed86040] syncAndRender: frame rendered in 7ms, sync=0, render=0, swap=6
2026-07-14 19:22:30.268 DEBUG qt.scenegraph.time.renderloop: [window 0x7f380ef04e40][render thread 0x7f380ed86040] syncAndRender: start, elapsed since last call: 7 ms
2026-07-14 19:22:30.268 DEBUG qt.scenegraph.time.renderloop: [window 0x7f380ef04e40][gui thread] Frame prepared, polish=0 ms, lock=0 ms, blockedForSync=0 ms, animations=0 ms
2026-07-14 19:22:30.268 DEBUG qt.scenegraph.time.texture: atlastexture upload enqueued in: -9223357648847ms (36x14)
2026-07-14 19:22:30.268 DEBUG qt.scenegraph.time.renderer: time in renderer: total=0ms, preprocess=0, updates=0, rendering=0
2026-07-14 19:22:30.275 DEBUG qt.scenegraph.time.renderloop: [window 0x7f380ef04e40][gui thread] polishAndSync: start, elapsed since last call: 6 ms
2026-07-14 19:22:30.275 DEBUG qt.scenegraph.time.renderloop: [window 0x7f380ef04e40][render thread 0x7f380ed86040] syncAndRender: frame rendered in 6ms, sync=0, render=0, swap=6
2026-07-14 19:22:30.275 DEBUG qt.scenegraph.time.renderloop: [window 0x7f380ef04e40][render thread 0x7f380ed86040] syncAndRender: start, elapsed since last call: 6 ms
2026-07-14 19:22:30.275 DEBUG qt.scenegraph.time.renderloop: [window 0x7f380ef04e40][gui thread] Frame prepared, polish=0 ms, lock=0 ms, blockedForSync=0 ms, animations=0 ms
2026-07-14 19:22:30.275 DEBUG qt.scenegraph.time.renderer: time in renderer: total=0ms, preprocess=0, updates=0, rendering=0
2026-07-14 19:22:30.282 DEBUG qt.scenegraph.time.renderloop: [window 0x7f380ef04e40][gui thread] polishAndSync: start, elapsed since last call: 7 ms
2026-07-14 19:22:30.282 DEBUG qt.scenegraph.time.renderloop: [window 0x7f380ef04e40][render thread 0x7f380ed86040] syncAndRender: frame rendered in 6ms, sync=0, render=0, swap=6
2026-07-14 19:22:30.282 DEBUG qt.scenegraph.time.renderloop: [window 0x7f380ef04e40][render thread 0x7f380ed86040] syncAndRender: start, elapsed since last call: 6 ms
2026-07-14 19:22:30.282 DEBUG qt.scenegraph.time.renderloop: [window 0x7f380ef04e40][gui thread] Frame prepared, polish=0 ms, lock=0 ms, blockedForSync=0 ms, animations=0 ms
2026-07-14 19:22:30.282 DEBUG qt.scenegraph.time.renderer: time in renderer: total=0ms, preprocess=0, updates=0, rendering=0
2026-07-14 19:22:30.289 DEBUG qt.scenegraph.time.renderloop: [window 0x7f380ef04e40][gui thread] polishAndSync: start, elapsed since last call: 6 ms
2026-07-14 19:22:30.289 DEBUG qt.scenegraph.time.renderloop: [window 0x7f380ef04e40][render thread 0x7f380ed86040] syncAndRender: frame rendered in 6ms, sync=0, render=0, swap=6
2026-07-14 19:22:30.289 DEBUG qt.scenegraph.time.renderloop: [window 0x7f380ef04e40][render thread 0x7f380ed86040] syncAndRender: start, elapsed since last call: 6 ms
2026-07-14 19:22:30.289 DEBUG qt.scenegraph.time.renderloop: [window 0x7f380ef04e40][gui thread] Frame prepared, polish=0 ms, lock=0 ms, blockedForSync=0 ms, animations=0 ms
2026-07-14 19:22:30.289 DEBUG qt.scenegraph.time.renderer: time in renderer: total=0ms, preprocess=0, updates=0, rendering=0
2026-07-14 19:22:30.296 DEBUG qt.scenegraph.time.renderloop: [window 0x7f380ef04e40][gui thread] polishAndSync: start, elapsed since last call: 6 ms
2026-07-14 19:22:30.296 DEBUG qt.scenegraph.time.renderloop: [window 0x7f380ef04e40][render thread 0x7f380ed86040] syncAndRender: frame rendered in 6ms, sync=0, render=0, swap=6
2026-07-14 19:22:30.296 DEBUG qt.scenegraph.time.renderloop: [window 0x7f380ef04e40][render thread 0x7f380ed86040] syncAndRender: start, elapsed since last call: 6 ms
2026-07-14 19:22:30.296 DEBUG qt.scenegraph.time.renderloop: [window 0x7f380ef04e40][gui thread] Frame prepared, polish=0 ms, lock=0 ms, blockedForSync=0 ms, animations=0 ms
2026-07-14 19:22:30.296 DEBUG qt.scenegraph.time.renderer: time in renderer: total=0ms, preprocess=0, updates=0, rendering=0
2026-07-14 19:22:30.302 DEBUG qt.scenegraph.time.renderloop: [window 0x7f380ef04e40][gui thread] polishAndSync: start, elapsed since last call: 6 ms
2026-07-14 19:22:30.302 DEBUG qt.scenegraph.time.renderloop: [window 0x7f380ef04e40][render thread 0x7f380ed86040] syncAndRender: frame rendered in 6ms, sync=0, render=0, swap=6
2026-07-14 19:22:30.303 DEBUG qt.scenegraph.time.renderloop: [window 0x7f380ef04e40][render thread 0x7f380ed86040] syncAndRender: start, elapsed since last call: 7 ms
2026-07-14 19:22:30.303 DEBUG qt.scenegraph.time.renderloop: [window 0x7f380ef04e40][gui thread] Frame prepared, polish=0 ms, lock=0 ms, blockedForSync=0 ms, animations=0 ms
2026-07-14 19:22:30.303 DEBUG qt.scenegraph.time.renderer: time in renderer: total=0ms, preprocess=0, updates=0, rendering=0
2026-07-14 19:22:30.309 DEBUG qt.scenegraph.time.renderloop: [window 0x7f380ef04e40][gui thread] polishAndSync: start, elapsed since last call: 6 ms
2026-07-14 19:22:30.310 DEBUG qt.scenegraph.time.renderloop: [window 0x7f380ef04e40][render thread 0x7f380ed86040] syncAndRender: frame rendered in 6ms, sync=0, render=0, swap=6
2026-07-14 19:22:30.310 DEBUG qt.scenegraph.time.renderloop: [window 0x7f380ef04e40][render thread 0x7f380ed86040] syncAndRender: start, elapsed since last call: 6 ms
2026-07-14 19:22:30.310 DEBUG qt.scenegraph.time.renderloop: [window 0x7f380ef04e40][gui thread] Frame prepared, polish=0 ms, lock=0 ms, blockedForSync=0 ms, animations=0 ms
2026-07-14 19:22:30.310 DEBUG qt.scenegraph.time.renderer: time in renderer: total=0ms, preprocess=0, updates=0, rendering=0
2026-07-14 19:22:30.316 DEBUG qt.scenegraph.time.renderloop: [window 0x7f380ef04e40][gui thread] polishAndSync: start, elapsed since last call: 6 ms
2026-07-14 19:22:30.316 DEBUG qt.scenegraph.time.renderloop: [window 0x7f380ef04e40][render thread 0x7f380ed86040] syncAndRender: frame rendered in 6ms, sync=0, render=0, swap=6
2026-07-14 19:22:30.316 DEBUG qt.scenegraph.time.renderloop: [window 0x7f380ef04e40][render thread 0x7f380ed86040] syncAndRender: start, elapsed since last call: 6 ms
2026-07-14 19:22:30.316 DEBUG qt.scenegraph.time.renderloop: [window 0x7f380ef04e40][gui thread] Frame prepared, polish=0 ms, lock=0 ms, blockedForSync=0 ms, animations=0 ms
2026-07-14 19:22:30.316 DEBUG qt.scenegraph.time.renderer: time in renderer: total=0ms, preprocess=0, updates=0, rendering=0
2026-07-14 19:22:30.323 DEBUG qt.scenegraph.time.renderloop: [window 0x7f380ef04e40][gui thread] polishAndSync: start, elapsed since last call: 7 ms
2026-07-14 19:22:30.323 DEBUG qt.scenegraph.time.renderloop: [window 0x7f380ef04e40][render thread 0x7f380ed86040] syncAndRender: frame rendered in 7ms, sync=0, render=0, swap=6
2026-07-14 19:22:30.323 DEBUG qt.scenegraph.time.renderloop: [window 0x7f380ef04e40][render thread 0x7f380ed86040] syncAndRender: start, elapsed since last call: 7 ms
2026-07-14 19:22:30.323 DEBUG qt.scenegraph.time.renderloop: [window 0x7f380ef04e40][gui thread] Frame prepared, polish=0 ms, lock=0 ms, blockedForSync=0 ms, animations=0 ms
2026-07-14 19:22:30.324 DEBUG qt.scenegraph.time.renderer: time in renderer: total=0ms, preprocess=0, updates=0, rendering=0
2026-07-14 19:22:30.330 DEBUG qt.scenegraph.time.renderloop: [window 0x7f380ef04e40][gui thread] polishAndSync: start, elapsed since last call: 6 ms
2026-07-14 19:22:30.330 DEBUG qt.scenegraph.time.renderloop: [window 0x7f380ef04e40][render thread 0x7f380ed86040] syncAndRender: frame rendered in 6ms, sync=0, render=0, swap=6
2026-07-14 19:22:30.330 DEBUG qt.scenegraph.time.renderloop: [window 0x7f380ef04e40][render thread 0x7f380ed86040] syncAndRender: start, elapsed since last call: 6 ms
2026-07-14 19:22:30.330 DEBUG qt.scenegraph.time.renderloop: [window 0x7f380ef04e40][gui thread] Frame prepared, polish=0 ms, lock=0 ms, blockedForSync=0 ms, animations=0 ms
2026-07-14 19:22:30.330 DEBUG qt.scenegraph.time.renderer: time in renderer: total=0ms, preprocess=0, updates=0, rendering=0
2026-07-14 19:22:30.337 DEBUG qt.scenegraph.time.renderloop: [window 0x7f380ef04e40][gui thread] polishAndSync: start, elapsed since last call: 7 ms
2026-07-14 19:22:30.337 DEBUG qt.scenegraph.time.renderloop: [window 0x7f380ef04e40][render thread 0x7f380ed86040] syncAndRender: frame rendered in 7ms, sync=0, render=0, swap=6
2026-07-14 19:22:30.338 DEBUG qt.scenegraph.time.renderloop: [window 0x7f380ef04e40][render thread 0x7f380ed86040] syncAndRender: start, elapsed since last call: 7 ms
2026-07-14 19:22:30.338 DEBUG qt.scenegraph.time.renderloop: [window 0x7f380ef04e40][gui thread] Frame prepared, polish=0 ms, lock=0 ms, blockedForSync=0 ms, animations=0 ms
2026-07-14 19:22:30.338 DEBUG qt.scenegraph.time.renderer: time in renderer: total=0ms, preprocess=0, updates=0, rendering=0
2026-07-14 19:22:30.344 DEBUG qt.scenegraph.time.renderloop: [window 0x7f380ef04e40][gui thread] polishAndSync: start, elapsed since last call: 6 ms
2026-07-14 19:22:30.344 DEBUG qt.scenegraph.time.renderloop: [window 0x7f380ef04e40][render thread 0x7f380ed86040] syncAndRender: frame rendered in 6ms, sync=0, render=0, swap=6
2026-07-14 19:22:30.344 DEBUG qt.scenegraph.time.renderloop: [window 0x7f380ef04e40][render thread 0x7f380ed86040] syncAndRender: start, elapsed since last call: 6 ms
2026-07-14 19:22:30.344 DEBUG qt.scenegraph.time.renderloop: [window 0x7f380ef04e40][gui thread] Frame prepared, polish=0 ms, lock=0 ms, blockedForSync=0 ms, animations=0 ms
2026-07-14 19:22:30.344 DEBUG qt.scenegraph.time.renderer: time in renderer: total=0ms, preprocess=0, updates=0, rendering=0
2026-07-14 19:22:30.351 DEBUG qt.scenegraph.time.renderloop: [window 0x7f380ef04e40][gui thread] polishAndSync: start, elapsed since last call: 6 ms
2026-07-14 19:22:30.351 DEBUG qt.scenegraph.time.renderloop: [window 0x7f380ef04e40][render thread 0x7f380ed86040] syncAndRender: frame rendered in 6ms, sync=0, render=0, swap=6
2026-07-14 19:22:30.351 DEBUG qt.scenegraph.time.renderloop: [window 0x7f380ef04e40][render thread 0x7f380ed86040] syncAndRender: start, elapsed since last call: 6 ms
2026-07-14 19:22:30.351 DEBUG qt.scenegraph.time.renderloop: [window 0x7f380ef04e40][gui thread] Frame prepared, polish=0 ms, lock=0 ms, blockedForSync=0 ms, animations=0 ms
2026-07-14 19:22:30.351 DEBUG qt.scenegraph.time.renderer: time in renderer: total=0ms, preprocess=0, updates=0, rendering=0
2026-07-14 19:22:30.358 DEBUG qt.scenegraph.time.renderloop: [window 0x7f380ef04e40][gui thread] polishAndSync: start, elapsed since last call: 6 ms
2026-07-14 19:22:30.358 DEBUG qt.scenegraph.time.renderloop: [window 0x7f380ef04e40][render thread 0x7f380ed86040] syncAndRender: frame rendered in 6ms, sync=0, render=0, swap=6
2026-07-14 19:22:30.358 DEBUG qt.scenegraph.time.renderloop: [window 0x7f380ef04e40][render thread 0x7f380ed86040] syncAndRender: start, elapsed since last call: 6 ms
2026-07-14 19:22:30.358 DEBUG qt.scenegraph.time.renderloop: [window 0x7f380ef04e40][gui thread] Frame prepared, polish=0 ms, lock=0 ms, blockedForSync=0 ms, animations=0 ms
2026-07-14 19:22:30.358 DEBUG qt.scenegraph.time.renderer: time in renderer: total=0ms, preprocess=0, updates=0, rendering=0
2026-07-14 19:22:30.365 DEBUG qt.scenegraph.time.renderloop: [window 0x7f380ef04e40][gui thread] polishAndSync: start, elapsed since last call: 6 ms
2026-07-14 19:22:30.365 DEBUG qt.scenegraph.time.renderloop: [window 0x7f380ef04e40][render thread 0x7f380ed86040] syncAndRender: frame rendered in 6ms, sync=0, render=0, swap=6
2026-07-14 19:22:30.365 DEBUG qt.scenegraph.time.renderloop: [window 0x7f380ef04e40][render thread 0x7f380ed86040] syncAndRender: start, elapsed since last call: 6 ms
2026-07-14 19:22:30.365 DEBUG qt.scenegraph.time.renderloop: [window 0x7f380ef04e40][gui thread] Frame prepared, polish=0 ms, lock=0 ms, blockedForSync=0 ms, animations=0 ms
2026-07-14 19:22:30.365 DEBUG qt.scenegraph.time.renderer: time in renderer: total=0ms, preprocess=0, updates=0, rendering=0
2026-07-14 19:22:30.372 DEBUG qt.scenegraph.time.renderloop: [window 0x7f380ef04e40][gui thread] polishAndSync: start, elapsed since last call: 7 ms
2026-07-14 19:22:30.372 DEBUG qt.scenegraph.time.renderloop: [window 0x7f380ef04e40][render thread 0x7f380ed86040] syncAndRender: frame rendered in 7ms, sync=0, render=0, swap=6
2026-07-14 19:22:30.372 DEBUG qt.scenegraph.time.renderloop: [window 0x7f380ef04e40][render thread 0x7f380ed86040] syncAndRender: start, elapsed since last call: 7 ms
2026-07-14 19:22:30.372 DEBUG qt.scenegraph.time.renderloop: [window 0x7f380ef04e40][gui thread] Frame prepared, polish=0 ms, lock=0 ms, blockedForSync=0 ms, animations=0 ms
2026-07-14 19:22:30.372 DEBUG qt.scenegraph.time.renderer: time in renderer: total=0ms, preprocess=0, updates=0, rendering=0
2026-07-14 19:22:30.379 DEBUG qt.scenegraph.time.renderloop: [window 0x7f380ef04e40][gui thread] polishAndSync: start, elapsed since last call: 6 ms
2026-07-14 19:22:30.379 DEBUG qt.scenegraph.time.renderloop: [window 0x7f380ef04e40][render thread 0x7f380ed86040] syncAndRender: frame rendered in 6ms, sync=0, render=0, swap=6
2026-07-14 19:22:30.379 DEBUG qt.scenegraph.time.renderloop: [window 0x7f380ef04e40][render thread 0x7f380ed86040] syncAndRender: start, elapsed since last call: 6 ms
2026-07-14 19:22:30.379 DEBUG qt.scenegraph.time.renderloop: [window 0x7f380ef04e40][gui thread] Frame prepared, polish=0 ms, lock=0 ms, blockedForSync=0 ms, animations=0 ms
2026-07-14 19:22:30.379 DEBUG qt.scenegraph.time.renderer: time in renderer: total=0ms, preprocess=0, updates=0, rendering=0
2026-07-14 19:22:30.386 DEBUG qt.scenegraph.time.renderloop: [window 0x7f380ef04e40][gui thread] polishAndSync: start, elapsed since last call: 6 ms
2026-07-14 19:22:30.386 DEBUG qt.scenegraph.time.renderloop: [window 0x7f380ef04e40][render thread 0x7f380ed86040] syncAndRender: frame rendered in 6ms, sync=0, render=0, swap=6
2026-07-14 19:22:30.386 DEBUG qt.scenegraph.time.renderloop: [window 0x7f380ef04e40][render thread 0x7f380ed86040] syncAndRender: start, elapsed since last call: 6 ms
2026-07-14 19:22:30.386 DEBUG qt.scenegraph.time.renderloop: [window 0x7f380ef04e40][gui thread] Frame prepared, polish=0 ms, lock=0 ms, blockedForSync=0 ms, animations=0 ms
2026-07-14 19:22:30.386 DEBUG qt.scenegraph.time.renderer: time in renderer: total=0ms, preprocess=0, updates=0, rendering=0
2026-07-14 19:22:30.393 DEBUG qt.scenegraph.time.renderloop: [window 0x7f380ef04e40][gui thread] polishAndSync: start, elapsed since last call: 6 ms
2026-07-14 19:22:30.393 DEBUG qt.scenegraph.time.renderloop: [window 0x7f380ef04e40][render thread 0x7f380ed86040] syncAndRender: frame rendered in 6ms, sync=0, render=0, swap=6
2026-07-14 19:22:30.393 DEBUG qt.scenegraph.time.renderloop: [window 0x7f380ef04e40][render thread 0x7f380ed86040] syncAndRender: start, elapsed since last call: 6 ms
2026-07-14 19:22:30.393 DEBUG qt.scenegraph.time.renderloop: [window 0x7f380ef04e40][gui thread] Frame prepared, polish=0 ms, lock=0 ms, blockedForSync=0 ms, animations=0 ms
2026-07-14 19:22:30.393 DEBUG qt.scenegraph.time.renderer: time in renderer: total=0ms, preprocess=0, updates=0, rendering=0
2026-07-14 19:22:30.400 DEBUG qt.scenegraph.time.renderloop: [window 0x7f380ef04e40][gui thread] polishAndSync: start, elapsed since last call: 7 ms
2026-07-14 19:22:30.400 DEBUG qt.scenegraph.time.renderloop: [window 0x7f380ef04e40][render thread 0x7f380ed86040] syncAndRender: frame rendered in 6ms, sync=0, render=0, swap=6
2026-07-14 19:22:30.400 DEBUG qt.scenegraph.time.renderloop: [window 0x7f380ef04e40][render thread 0x7f380ed86040] syncAndRender: start, elapsed since last call: 7 ms
2026-07-14 19:22:30.400 DEBUG qt.scenegraph.time.renderloop: [window 0x7f380ef04e40][gui thread] Frame prepared, polish=0 ms, lock=0 ms, blockedForSync=0 ms, animations=0 ms
2026-07-14 19:22:30.400 DEBUG qt.scenegraph.time.renderer: time in renderer: total=0ms, preprocess=0, updates=0, rendering=0
2026-07-14 19:22:30.407 DEBUG qt.scenegraph.time.renderloop: [window 0x7f380ef04e40][gui thread] polishAndSync: start, elapsed since last call: 6 ms
2026-07-14 19:22:30.407 DEBUG qt.scenegraph.time.renderloop: [window 0x7f380ef04e40][render thread 0x7f380ed86040] syncAndRender: frame rendered in 6ms, sync=0, render=0, swap=6
2026-07-14 19:22:30.407 DEBUG qt.scenegraph.time.renderloop: [window 0x7f380ef04e40][render thread 0x7f380ed86040] syncAndRender: start, elapsed since last call: 7 ms
2026-07-14 19:22:30.407 DEBUG qt.scenegraph.time.renderloop: [window 0x7f380ef04e40][gui thread] Frame prepared, polish=0 ms, lock=0 ms, blockedForSync=0 ms, animations=0 ms
2026-07-14 19:22:30.407 DEBUG qt.scenegraph.time.renderer: time in renderer: total=0ms, preprocess=0, updates=0, rendering=0
2026-07-14 19:22:30.414 DEBUG qt.scenegraph.time.renderloop: [window 0x7f380ef04e40][gui thread] polishAndSync: start, elapsed since last call: 7 ms
2026-07-14 19:22:30.414 DEBUG qt.scenegraph.time.renderloop: [window 0x7f380ef04e40][render thread 0x7f380ed86040] syncAndRender: frame rendered in 6ms, sync=0, render=0, swap=6
2026-07-14 19:22:30.414 DEBUG qt.scenegraph.time.renderloop: [window 0x7f380ef04e40][render thread 0x7f380ed86040] syncAndRender: start, elapsed since last call: 6 ms
2026-07-14 19:22:30.414 DEBUG qt.scenegraph.time.renderloop: [window 0x7f380ef04e40][gui thread] Frame prepared, polish=0 ms, lock=0 ms, blockedForSync=0 ms, animations=0 ms
2026-07-14 19:22:30.414 DEBUG qt.scenegraph.time.renderer: time in renderer: total=0ms, preprocess=0, updates=0, rendering=0
2026-07-14 19:22:30.421 DEBUG qt.scenegraph.time.renderloop: [window 0x7f380ef04e40][gui thread] polishAndSync: start, elapsed since last call: 6 ms
2026-07-14 19:22:30.421 DEBUG qt.scenegraph.time.renderloop: [window 0x7f380ef04e40][render thread 0x7f380ed86040] syncAndRender: frame rendered in 6ms, sync=0, render=0, swap=6
2026-07-14 19:22:30.421 DEBUG qt.scenegraph.time.renderloop: [window 0x7f380ef04e40][render thread 0x7f380ed86040] syncAndRender: start, elapsed since last call: 6 ms
2026-07-14 19:22:30.421 DEBUG qt.scenegraph.time.renderloop: [window 0x7f380ef04e40][gui thread] Frame prepared, polish=0 ms, lock=0 ms, blockedForSync=0 ms, animations=0 ms
2026-07-14 19:22:30.421 DEBUG qt.scenegraph.time.renderer: time in renderer: total=0ms, preprocess=0, updates=0, rendering=0
2026-07-14 19:22:30.428 DEBUG qt.scenegraph.time.renderloop: [window 0x7f380ef04e40][gui thread] polishAndSync: start, elapsed since last call: 7 ms
2026-07-14 19:22:30.428 DEBUG qt.scenegraph.time.renderloop: [window 0x7f380ef04e40][render thread 0x7f380ed86040] syncAndRender: frame rendered in 7ms, sync=0, render=0, swap=6
2026-07-14 19:22:30.428 DEBUG qt.scenegraph.time.renderloop: [window 0x7f380ef04e40][render thread 0x7f380ed86040] syncAndRender: start, elapsed since last call: 7 ms
2026-07-14 19:22:30.428 DEBUG qt.scenegraph.time.renderloop: [window 0x7f380ef04e40][gui thread] Frame prepared, polish=0 ms, lock=0 ms, blockedForSync=0 ms, animations=0 ms
2026-07-14 19:22:30.428 DEBUG qt.scenegraph.time.renderer: time in renderer: total=0ms, preprocess=0, updates=0, rendering=0
2026-07-14 19:22:30.435 DEBUG qt.scenegraph.time.renderloop: [window 0x7f380ef04e40][gui thread] polishAndSync: start, elapsed since last call: 6 ms
2026-07-14 19:22:30.435 DEBUG qt.scenegraph.time.renderloop: [window 0x7f380ef04e40][render thread 0x7f380ed86040] syncAndRender: frame rendered in 6ms, sync=0, render=0, swap=6
2026-07-14 19:22:30.435 DEBUG qt.scenegraph.time.renderloop: [window 0x7f380ef04e40][render thread 0x7f380ed86040] syncAndRender: start, elapsed since last call: 7 ms
2026-07-14 19:22:30.435 DEBUG qt.scenegraph.time.renderloop: [window 0x7f380ef04e40][gui thread] Frame prepared, polish=0 ms, lock=0 ms, blockedForSync=0 ms, animations=0 ms
2026-07-14 19:22:30.435 DEBUG qt.scenegraph.time.renderer: time in renderer: total=0ms, preprocess=0, updates=0, rendering=0
2026-07-14 19:22:30.442 DEBUG qt.scenegraph.time.renderloop: [window 0x7f380ef04e40][gui thread] polishAndSync: start, elapsed since last call: 6 ms
2026-07-14 19:22:30.442 DEBUG qt.scenegraph.time.renderloop: [window 0x7f380ef04e40][render thread 0x7f380ed86040] syncAndRender: frame rendered in 6ms, sync=0, render=0, swap=6
2026-07-14 19:22:30.442 DEBUG qt.scenegraph.time.renderloop: [window 0x7f380ef04e40][render thread 0x7f380ed86040] syncAndRender: start, elapsed since last call: 6 ms
2026-07-14 19:22:30.442 DEBUG qt.scenegraph.time.renderloop: [window 0x7f380ef04e40][gui thread] Frame prepared, polish=0 ms, lock=0 ms, blockedForSync=0 ms, animations=0 ms
2026-07-14 19:22:30.442 DEBUG qt.scenegraph.time.renderer: time in renderer: total=0ms, preprocess=0, updates=0, rendering=0
2026-07-14 19:22:30.448 DEBUG qt.scenegraph.time.renderloop: [window 0x7f380ef04e40][gui thread] polishAndSync: start, elapsed since last call: 6 ms
2026-07-14 19:22:30.448 DEBUG qt.scenegraph.time.renderloop: [window 0x7f380ef04e40][render thread 0x7f380ed86040] syncAndRender: frame rendered in 6ms, sync=0, render=0, swap=6
2026-07-14 19:22:30.448 DEBUG qt.scenegraph.time.renderloop: [window 0x7f380ef04e40][render thread 0x7f380ed86040] syncAndRender: start, elapsed since last call: 6 ms
2026-07-14 19:22:30.448 DEBUG qt.scenegraph.time.renderloop: [window 0x7f380ef04e40][gui thread] Frame prepared, polish=0 ms, lock=0 ms, blockedForSync=0 ms, animations=0 ms
2026-07-14 19:22:30.448 DEBUG qt.scenegraph.time.renderer: time in renderer: total=0ms, preprocess=0, updates=0, rendering=0
2026-07-14 19:22:30.455 DEBUG qt.scenegraph.time.renderloop: [window 0x7f380ef04e40][gui thread] polishAndSync: start, elapsed since last call: 6 ms
2026-07-14 19:22:30.455 DEBUG qt.scenegraph.time.renderloop: [window 0x7f380ef04e40][render thread 0x7f380ed86040] syncAndRender: frame rendered in 6ms, sync=0, render=0, swap=6
2026-07-14 19:22:30.455 DEBUG qt.scenegraph.time.renderloop: [window 0x7f380ef04e40][render thread 0x7f380ed86040] syncAndRender: start, elapsed since last call: 6 ms
2026-07-14 19:22:30.455 DEBUG qt.scenegraph.time.renderloop: [window 0x7f380ef04e40][gui thread] Frame prepared, polish=0 ms, lock=0 ms, blockedForSync=0 ms, animations=0 ms
2026-07-14 19:22:30.455 DEBUG qt.scenegraph.time.renderer: time in renderer: total=0ms, preprocess=0, updates=0, rendering=0
2026-07-14 19:22:30.462 DEBUG qt.scenegraph.time.renderloop: [window 0x7f380ef04e40][gui thread] polishAndSync: start, elapsed since last call: 6 ms
2026-07-14 19:22:30.462 DEBUG qt.scenegraph.time.renderloop: [window 0x7f380ef04e40][render thread 0x7f380ed86040] syncAndRender: frame rendered in 6ms, sync=0, render=0, swap=6
2026-07-14 19:22:30.462 DEBUG qt.scenegraph.time.renderloop: [window 0x7f380ef04e40][render thread 0x7f380ed86040] syncAndRender: start, elapsed since last call: 6 ms
2026-07-14 19:22:30.462 DEBUG qt.scenegraph.time.renderloop: [window 0x7f380ef04e40][gui thread] Frame prepared, polish=0 ms, lock=0 ms, blockedForSync=0 ms, animations=0 ms
2026-07-14 19:22:30.462 DEBUG qt.scenegraph.time.renderer: time in renderer: total=0ms, preprocess=0, updates=0, rendering=0
2026-07-14 19:22:30.469 DEBUG qt.scenegraph.time.renderloop: [window 0x7f380ef04e40][gui thread] polishAndSync: start, elapsed since last call: 6 ms
2026-07-14 19:22:30.469 DEBUG qt.scenegraph.time.renderloop: [window 0x7f380ef04e40][render thread 0x7f380ed86040] syncAndRender: frame rendered in 6ms, sync=0, render=0, swap=6
2026-07-14 19:22:30.470 DEBUG qt.scenegraph.time.renderloop: [window 0x7f380ef04e40][render thread 0x7f380ed86040] syncAndRender: start, elapsed since last call: 7 ms
2026-07-14 19:22:30.470 DEBUG qt.scenegraph.time.renderloop: [window 0x7f380ef04e40][gui thread] Frame prepared, polish=0 ms, lock=0 ms, blockedForSync=0 ms, animations=0 ms
2026-07-14 19:22:30.470 DEBUG qt.scenegraph.time.renderer: time in renderer: total=0ms, preprocess=0, updates=0, rendering=0
2026-07-14 19:22:30.476 DEBUG qt.scenegraph.time.renderloop: [window 0x7f380ef04e40][gui thread] polishAndSync: start, elapsed since last call: 6 ms
2026-07-14 19:22:30.476 DEBUG qt.scenegraph.time.renderloop: [window 0x7f380ef04e40][render thread 0x7f380ed86040] syncAndRender: frame rendered in 6ms, sync=0, render=0, swap=6
2026-07-14 19:22:30.476 DEBUG qt.scenegraph.time.renderloop: [window 0x7f380ef04e40][render thread 0x7f380ed86040] syncAndRender: start, elapsed since last call: 6 ms
2026-07-14 19:22:30.476 DEBUG qt.scenegraph.time.renderloop: [window 0x7f380ef04e40][gui thread] Frame prepared, polish=0 ms, lock=0 ms, blockedForSync=0 ms, animations=0 ms
2026-07-14 19:22:30.476 DEBUG qt.scenegraph.time.renderer: time in renderer: total=0ms, preprocess=0, updates=0, rendering=0
2026-07-14 19:22:30.483 DEBUG qt.scenegraph.time.renderloop: [window 0x7f380ef04e40][gui thread] polishAndSync: start, elapsed since last call: 6 ms
2026-07-14 19:22:30.483 DEBUG qt.scenegraph.time.renderloop: [window 0x7f380ef04e40][render thread 0x7f380ed86040] syncAndRender: frame rendered in 6ms, sync=0, render=0, swap=6
2026-07-14 19:22:30.483 DEBUG qt.scenegraph.time.renderloop: [window 0x7f380ef04e40][render thread 0x7f380ed86040] syncAndRender: start, elapsed since last call: 6 ms
2026-07-14 19:22:30.483 DEBUG qt.scenegraph.time.renderloop: [window 0x7f380ef04e40][gui thread] Frame prepared, polish=0 ms, lock=0 ms, blockedForSync=0 ms, animations=0 ms
2026-07-14 19:22:30.483 DEBUG qt.scenegraph.time.renderer: time in renderer: total=0ms, preprocess=0, updates=0, rendering=0
2026-07-14 19:22:30.490 DEBUG qt.scenegraph.time.renderloop: [window 0x7f380ef04e40][gui thread] polishAndSync: start, elapsed since last call: 7 ms
2026-07-14 19:22:30.490 DEBUG qt.scenegraph.time.renderloop: [window 0x7f380ef04e40][render thread 0x7f380ed86040] syncAndRender: frame rendered in 7ms, sync=0, render=0, swap=7
2026-07-14 19:22:30.490 DEBUG qt.scenegraph.time.renderloop: [window 0x7f380ef04e40][render thread 0x7f380ed86040] syncAndRender: start, elapsed since last call: 7 ms
2026-07-14 19:22:30.490 DEBUG qt.scenegraph.time.renderloop: [window 0x7f380ef04e40][gui thread] Frame prepared, polish=0 ms, lock=0 ms, blockedForSync=0 ms, animations=0 ms
2026-07-14 19:22:30.490 DEBUG qt.scenegraph.time.renderer: time in renderer: total=0ms, preprocess=0, updates=0, rendering=0
2026-07-14 19:22:30.497 DEBUG qt.scenegraph.time.renderloop: [window 0x7f380ef04e40][gui thread] polishAndSync: start, elapsed since last call: 6 ms
2026-07-14 19:22:30.497 DEBUG qt.scenegraph.time.renderloop: [window 0x7f380ef04e40][render thread 0x7f380ed86040] syncAndRender: frame rendered in 6ms, sync=0, render=0, swap=6
2026-07-14 19:22:30.497 DEBUG qt.scenegraph.time.renderloop: [window 0x7f380ef04e40][render thread 0x7f380ed86040] syncAndRender: start, elapsed since last call: 6 ms
2026-07-14 19:22:30.497 DEBUG qt.scenegraph.time.renderloop: [window 0x7f380ef04e40][gui thread] Frame prepared, polish=0 ms, lock=0 ms, blockedForSync=0 ms, animations=0 ms
2026-07-14 19:22:30.497 DEBUG qt.scenegraph.time.renderer: time in renderer: total=0ms, preprocess=0, updates=0, rendering=0
2026-07-14 19:22:30.504 DEBUG qt.scenegraph.time.renderloop: [window 0x7f380ef04e40][gui thread] polishAndSync: start, elapsed since last call: 7 ms
2026-07-14 19:22:30.504 DEBUG qt.scenegraph.time.renderloop: [window 0x7f380ef04e40][render thread 0x7f380ed86040] syncAndRender: frame rendered in 7ms, sync=0, render=0, swap=7
2026-07-14 19:22:30.505 DEBUG qt.scenegraph.time.renderloop: [window 0x7f380ef04e40][render thread 0x7f380ed86040] syncAndRender: start, elapsed since last call: 7 ms
2026-07-14 19:22:30.505 DEBUG qt.scenegraph.time.renderloop: [window 0x7f380ef04e40][gui thread] Frame prepared, polish=0 ms, lock=0 ms, blockedForSync=0 ms, animations=0 ms
2026-07-14 19:22:30.505 DEBUG qt.scenegraph.time.renderer: time in renderer: total=0ms, preprocess=0, updates=0, rendering=0
2026-07-14 19:22:30.511 DEBUG qt.scenegraph.time.renderloop: [window 0x7f380ef04e40][gui thread] polishAndSync: start, elapsed since last call: 6 ms
2026-07-14 19:22:30.511 DEBUG qt.scenegraph.time.renderloop: [window 0x7f380ef04e40][render thread 0x7f380ed86040] syncAndRender: frame rendered in 6ms, sync=0, render=0, swap=6
2026-07-14 19:22:30.511 DEBUG qt.scenegraph.time.renderloop: [window 0x7f380ef04e40][render thread 0x7f380ed86040] syncAndRender: start, elapsed since last call: 6 ms
2026-07-14 19:22:30.511 DEBUG qt.scenegraph.time.renderloop: [window 0x7f380ef04e40][gui thread] Frame prepared, polish=0 ms, lock=0 ms, blockedForSync=0 ms, animations=0 ms
2026-07-14 19:22:30.511 DEBUG qt.scenegraph.time.renderer: time in renderer: total=0ms, preprocess=0, updates=0, rendering=0
2026-07-14 19:22:30.518 DEBUG qt.scenegraph.time.renderloop: [window 0x7f380ef04e40][gui thread] polishAndSync: start, elapsed since last call: 7 ms
2026-07-14 19:22:30.518 DEBUG qt.scenegraph.time.renderloop: [window 0x7f380ef04e40][render thread 0x7f380ed86040] syncAndRender: frame rendered in 7ms, sync=0, render=0, swap=6
2026-07-14 19:22:30.518 DEBUG qt.scenegraph.time.renderloop: [window 0x7f380ef04e40][render thread 0x7f380ed86040] syncAndRender: start, elapsed since last call: 7 ms
2026-07-14 19:22:30.518 DEBUG qt.scenegraph.time.renderloop: [window 0x7f380ef04e40][gui thread] Frame prepared, polish=0 ms, lock=0 ms, blockedForSync=0 ms, animations=0 ms
2026-07-14 19:22:30.518 DEBUG qt.scenegraph.time.renderer: time in renderer: total=0ms, preprocess=0, updates=0, rendering=0
2026-07-14 19:22:30.525 DEBUG qt.scenegraph.time.renderloop: [window 0x7f380ef04e40][gui thread] polishAndSync: start, elapsed since last call: 6 ms
2026-07-14 19:22:30.525 DEBUG qt.scenegraph.time.renderloop: [window 0x7f380ef04e40][render thread 0x7f380ed86040] syncAndRender: frame rendered in 6ms, sync=0, render=0, swap=6
2026-07-14 19:22:30.525 DEBUG qt.scenegraph.time.renderloop: [window 0x7f380ef04e40][render thread 0x7f380ed86040] syncAndRender: start, elapsed since last call: 6 ms
2026-07-14 19:22:30.525 DEBUG qt.scenegraph.time.renderloop: [window 0x7f380ef04e40][gui thread] Frame prepared, polish=0 ms, lock=0 ms, blockedForSync=0 ms, animations=0 ms
2026-07-14 19:22:30.525 DEBUG qt.scenegraph.time.renderer: time in renderer: total=0ms, preprocess=0, updates=0, rendering=0
2026-07-14 19:22:30.532 DEBUG qt.scenegraph.time.renderloop: [window 0x7f380ef04e40][gui thread] polishAndSync: start, elapsed since last call: 6 ms
2026-07-14 19:22:30.532 DEBUG qt.scenegraph.time.renderloop: [window 0x7f380ef04e40][render thread 0x7f380ed86040] syncAndRender: frame rendered in 6ms, sync=0, render=0, swap=6
2026-07-14 19:22:30.532 DEBUG qt.scenegraph.time.renderloop: [window 0x7f380ef04e40][render thread 0x7f380ed86040] syncAndRender: start, elapsed since last call: 6 ms
2026-07-14 19:22:30.532 DEBUG qt.scenegraph.time.renderloop: [window 0x7f380ef04e40][gui thread] Frame prepared, polish=0 ms, lock=0 ms, blockedForSync=0 ms, animations=0 ms
2026-07-14 19:22:30.532 DEBUG qt.scenegraph.time.renderer: time in renderer: total=0ms, preprocess=0, updates=0, rendering=0
2026-07-14 19:22:30.539 DEBUG qt.scenegraph.time.renderloop: [window 0x7f380ef04e40][gui thread] polishAndSync: start, elapsed since last call: 7 ms
2026-07-14 19:22:30.539 DEBUG qt.scenegraph.time.renderloop: [window 0x7f380ef04e40][render thread 0x7f380ed86040] syncAndRender: frame rendered in 7ms, sync=0, render=0, swap=7
2026-07-14 19:22:30.541 DEBUG qt.scenegraph.time.renderloop: [window 0x7f380ef04e40][render thread 0x7f380ed86040] syncAndRender: start, elapsed since last call: 9 ms
2026-07-14 19:22:30.541 DEBUG qt.scenegraph.time.renderloop: [window 0x7f380ef04e40][gui thread] Frame prepared, polish=2 ms, lock=0 ms, blockedForSync=0 ms, animations=0 ms
2026-07-14 19:22:30.541 DEBUG qt.scenegraph.time.renderer: time in renderer: total=0ms, preprocess=0, updates=0, rendering=0
2026-07-14 19:22:30.546 DEBUG qt.scenegraph.time.renderloop: [window 0x7f380ef04e40][gui thread] polishAndSync: start, elapsed since last call: 6 ms
2026-07-14 19:22:30.546 DEBUG qt.scenegraph.time.renderloop: [window 0x7f380ef04e40][render thread 0x7f380ed86040] syncAndRender: frame rendered in 4ms, sync=0, render=0, swap=4
2026-07-14 19:22:30.546 DEBUG qt.scenegraph.time.renderloop: [window 0x7f380ef04e40][render thread 0x7f380ed86040] syncAndRender: start, elapsed since last call: 4 ms
2026-07-14 19:22:30.546 DEBUG qt.scenegraph.time.renderloop: [window 0x7f380ef04e40][gui thread] Frame prepared, polish=0 ms, lock=0 ms, blockedForSync=0 ms, animations=0 ms
2026-07-14 19:22:30.546 DEBUG qt.scenegraph.time.renderer: time in renderer: total=0ms, preprocess=0, updates=0, rendering=0
2026-07-14 19:22:30.553 DEBUG qt.scenegraph.time.renderloop: [window 0x7f380ef04e40][gui thread] polishAndSync: start, elapsed since last call: 7 ms
2026-07-14 19:22:30.553 DEBUG qt.scenegraph.time.renderloop: [window 0x7f380ef04e40][render thread 0x7f380ed86040] syncAndRender: frame rendered in 7ms, sync=0, render=0, swap=7
2026-07-14 19:22:30.553 DEBUG qt.scenegraph.time.renderloop: [window 0x7f380ef04e40][render thread 0x7f380ed86040] syncAndRender: start, elapsed since last call: 7 ms
2026-07-14 19:22:30.553 DEBUG qt.scenegraph.time.renderloop: [window 0x7f380ef04e40][gui thread] Frame prepared, polish=0 ms, lock=0 ms, blockedForSync=0 ms, animations=0 ms
2026-07-14 19:22:30.553 DEBUG qt.scenegraph.time.renderer: time in renderer: total=0ms, preprocess=0, updates=0, rendering=0
2026-07-14 19:22:30.560 DEBUG qt.scenegraph.time.renderloop: [window 0x7f380ef04e40][gui thread] polishAndSync: start, elapsed since last call: 6 ms
2026-07-14 19:22:30.560 DEBUG qt.scenegraph.time.renderloop: [window 0x7f380ef04e40][render thread 0x7f380ed86040] syncAndRender: frame rendered in 6ms, sync=0, render=0, swap=6
2026-07-14 19:22:30.560 DEBUG qt.scenegraph.time.renderloop: [window 0x7f380ef04e40][render thread 0x7f380ed86040] syncAndRender: start, elapsed since last call: 6 ms
2026-07-14 19:22:30.560 DEBUG qt.scenegraph.time.renderloop: [window 0x7f380ef04e40][gui thread] Frame prepared, polish=0 ms, lock=0 ms, blockedForSync=0 ms, animations=0 ms
2026-07-14 19:22:30.560 DEBUG qt.scenegraph.time.renderer: time in renderer: total=0ms, preprocess=0, updates=0, rendering=0
2026-07-14 19:22:30.567 DEBUG qt.scenegraph.time.renderloop: [window 0x7f380ef04e40][render thread 0x7f380ed86040] syncAndRender: frame rendered in 6ms, sync=0, render=0, swap=6
2026-07-14 19:22:30.574 DEBUG qt.scenegraph.time.renderloop: [window 0x7f380ef04e40][gui thread] polishAndSync: start, elapsed since last call: 14 ms
2026-07-14 19:22:30.574 DEBUG qt.scenegraph.time.renderloop: [window 0x7f380ef04e40][render thread 0x7f380ed86040] syncAndRender: start, elapsed since last call: 14 ms
2026-07-14 19:22:30.574 DEBUG qt.scenegraph.time.renderloop: [window 0x7f380ef04e40][gui thread] Frame prepared, polish=0 ms, lock=0 ms, blockedForSync=0 ms, animations=0 ms
2026-07-14 19:22:30.574 DEBUG qt.scenegraph.time.renderer: time in renderer: total=0ms, preprocess=0, updates=0, rendering=0
2026-07-14 19:22:30.575 DEBUG qt.scenegraph.time.renderloop: [window 0x7f380ef04e40][render thread 0x7f380ed86040] syncAndRender: frame rendered in 0ms, sync=0, render=0, swap=0
2026-07-14 19:22:30.580 DEBUG qt.scenegraph.time.renderloop: [window 0x7f380ef04e40][gui thread] polishAndSync: start, elapsed since last call: 6 ms
2026-07-14 19:22:30.581 DEBUG qt.scenegraph.time.renderloop: [window 0x7f380ef04e40][render thread 0x7f380ed86040] syncAndRender: start, elapsed since last call: 6 ms
2026-07-14 19:22:30.581 DEBUG qt.scenegraph.time.renderloop: [window 0x7f380ef04e40][gui thread] Frame prepared, polish=0 ms, lock=0 ms, blockedForSync=0 ms, animations=0 ms
2026-07-14 19:22:30.581 DEBUG qt.scenegraph.time.renderer: time in renderer: total=0ms, preprocess=0, updates=0, rendering=0
2026-07-14 19:22:30.581 DEBUG qt.scenegraph.time.renderloop: [window 0x7f380ef04e40][render thread 0x7f380ed86040] syncAndRender: frame rendered in 0ms, sync=0, render=0, swap=0
2026-07-14 19:22:30.601 DEBUG qt.scenegraph.time.renderloop: [window 0x7f380ef04e40][gui thread] polishAndSync: start, elapsed since last call: 20 ms
2026-07-14 19:22:30.601 DEBUG qt.scenegraph.time.renderloop: [window 0x7f380ef04e40][render thread 0x7f380ed86040] syncAndRender: start, elapsed since last call: 20 ms
2026-07-14 19:22:30.601 DEBUG qt.scenegraph.time.renderloop: [window 0x7f380ef04e40][gui thread] Frame prepared, polish=0 ms, lock=0 ms, blockedForSync=0 ms, animations=0 ms
2026-07-14 19:22:30.601 DEBUG qt.scenegraph.time.renderer: time in renderer: total=0ms, preprocess=0, updates=0, rendering=0
2026-07-14 19:22:30.601 DEBUG qt.scenegraph.time.renderloop: [window 0x7f380ef04e40][render thread 0x7f380ed86040] syncAndRender: frame rendered in 0ms, sync=0, render=0, swap=0
2026-07-14 19:22:30.608 DEBUG qt.scenegraph.time.renderloop: [window 0x7f380ef04e40][gui thread] polishAndSync: start, elapsed since last call: 7 ms
2026-07-14 19:22:30.608 DEBUG qt.scenegraph.time.renderloop: [window 0x7f380ef04e40][render thread 0x7f380ed86040] syncAndRender: start, elapsed since last call: 7 ms
2026-07-14 19:22:30.608 DEBUG qt.scenegraph.time.renderloop: [window 0x7f380ef04e40][gui thread] Frame prepared, polish=0 ms, lock=0 ms, blockedForSync=0 ms, animations=0 ms
2026-07-14 19:22:30.609 DEBUG qt.scenegraph.time.renderer: time in renderer: total=0ms, preprocess=0, updates=0, rendering=0
2026-07-14 19:22:30.609 DEBUG qt.scenegraph.time.renderloop: [window 0x7f380ef04e40][render thread 0x7f380ed86040] syncAndRender: frame rendered in 0ms, sync=0, render=0, swap=0
2026-07-14 19:22:30.633 DEBUG qt.scenegraph.time.renderloop: [window 0x7f380ef04e40][gui thread] polishAndSync: start, elapsed since last call: 25 ms
2026-07-14 19:22:30.634 DEBUG qt.scenegraph.time.renderloop: [window 0x7f380ef04e40][render thread 0x7f380ed86040] syncAndRender: start, elapsed since last call: 25 ms
2026-07-14 19:22:30.634 DEBUG qt.scenegraph.time.renderloop: [window 0x7f380ef04e40][gui thread] Frame prepared, polish=0 ms, lock=0 ms, blockedForSync=0 ms, animations=0 ms
2026-07-14 19:22:30.634 DEBUG qt.scenegraph.time.renderer: time in renderer: total=0ms, preprocess=0, updates=0, rendering=0
2026-07-14 19:22:30.634 DEBUG qt.scenegraph.time.renderloop: [window 0x7f380ef04e40][render thread 0x7f380ed86040] syncAndRender: frame rendered in 0ms, sync=0, render=0, swap=0
2026-07-14 19:22:30.636 DEBUG qt.scenegraph.time.renderloop: [window 0x7f380ef04e40][gui thread] polishAndSync: start, elapsed since last call: 2 ms
2026-07-14 19:22:30.636 DEBUG qt.scenegraph.time.renderloop: [window 0x7f380ef04e40][render thread 0x7f380ed86040] syncAndRender: start, elapsed since last call: 2 ms
2026-07-14 19:22:30.636 DEBUG qt.scenegraph.time.renderloop: [window 0x7f380ef04e40][gui thread] Frame prepared, polish=0 ms, lock=0 ms, blockedForSync=0 ms, animations=0 ms
2026-07-14 19:22:30.636 DEBUG qt.scenegraph.time.renderer: time in renderer: total=0ms, preprocess=0, updates=0, rendering=0
2026-07-14 19:22:30.637 DEBUG qt.scenegraph.time.renderloop: [window 0x7f380ef04e40][render thread 0x7f380ed86040] syncAndRender: frame rendered in 0ms, sync=0, render=0, swap=0
2026-07-14 19:22:30.667 DEBUG qt.scenegraph.time.renderloop: [window 0x7f380ef04e40][gui thread] polishAndSync: start, elapsed since last call: 31 ms
2026-07-14 19:22:30.668 DEBUG qt.scenegraph.time.renderloop: [window 0x7f380ef04e40][render thread 0x7f380ed86040] syncAndRender: start, elapsed since last call: 31 ms
2026-07-14 19:22:30.668 DEBUG qt.scenegraph.time.renderloop: [window 0x7f380ef04e40][gui thread] Frame prepared, polish=0 ms, lock=0 ms, blockedForSync=0 ms, animations=0 ms
2026-07-14 19:22:30.668 DEBUG qt.scenegraph.time.renderer: time in renderer: total=0ms, preprocess=0, updates=0, rendering=0
2026-07-14 19:22:30.668 DEBUG qt.scenegraph.time.renderloop: [window 0x7f380ef04e40][render thread 0x7f380ed86040] syncAndRender: frame rendered in 0ms, sync=0, render=0, swap=0
2026-07-14 19:22:30.671 DEBUG qt.scenegraph.time.renderloop: [window 0x7f380ef04e40][gui thread] polishAndSync: start, elapsed since last call: 3 ms
2026-07-14 19:22:30.671 DEBUG qt.scenegraph.time.renderloop: [window 0x7f380ef04e40][render thread 0x7f380ed86040] syncAndRender: start, elapsed since last call: 3 ms
2026-07-14 19:22:30.671 DEBUG qt.scenegraph.time.renderloop: [window 0x7f380ef04e40][gui thread] Frame prepared, polish=0 ms, lock=0 ms, blockedForSync=0 ms, animations=0 ms
2026-07-14 19:22:30.671 DEBUG qt.scenegraph.time.renderer: time in renderer: total=0ms, preprocess=0, updates=0, rendering=0
2026-07-14 19:22:30.671 DEBUG qt.scenegraph.time.renderloop: [window 0x7f380ef04e40][render thread 0x7f380ed86040] syncAndRender: frame rendered in 0ms, sync=0, render=0, swap=0
2026-07-14 19:22:30.700 DEBUG qt.scenegraph.time.renderloop: [window 0x7f380ef04e40][gui thread] polishAndSync: start, elapsed since last call: 29 ms
2026-07-14 19:22:30.701 DEBUG qt.scenegraph.time.renderloop: [window 0x7f380ef04e40][render thread 0x7f380ed86040] syncAndRender: start, elapsed since last call: 29 ms
2026-07-14 19:22:30.701 DEBUG qt.scenegraph.time.renderloop: [window 0x7f380ef04e40][gui thread] Frame prepared, polish=0 ms, lock=0 ms, blockedForSync=0 ms, animations=0 ms
2026-07-14 19:22:30.701 DEBUG qt.scenegraph.time.renderer: time in renderer: total=0ms, preprocess=0, updates=0, rendering=0
2026-07-14 19:22:30.701 DEBUG qt.scenegraph.time.renderloop: [window 0x7f380ef04e40][render thread 0x7f380ed86040] syncAndRender: frame rendered in 0ms, sync=0, render=0, swap=0
2026-07-14 19:22:30.706 DEBUG qt.scenegraph.time.renderloop: [window 0x7f380ef04e40][gui thread] polishAndSync: start, elapsed since last call: 5 ms
2026-07-14 19:22:30.706 DEBUG qt.scenegraph.time.renderloop: [window 0x7f380ef04e40][render thread 0x7f380ed86040] syncAndRender: start, elapsed since last call: 5 ms
2026-07-14 19:22:30.706 DEBUG qt.scenegraph.time.renderloop: [window 0x7f380ef04e40][gui thread] Frame prepared, polish=0 ms, lock=0 ms, blockedForSync=0 ms, animations=0 ms
2026-07-14 19:22:30.706 DEBUG qt.scenegraph.time.renderer: time in renderer: total=0ms, preprocess=0, updates=0, rendering=0
2026-07-14 19:22:30.706 DEBUG qt.scenegraph.time.renderloop: [window 0x7f380ef04e40][render thread 0x7f380ed86040] syncAndRender: frame rendered in 0ms, sync=0, render=0, swap=0
2026-07-14 19:22:30.733 DEBUG qt.scenegraph.time.renderloop: [window 0x7f380ef04e40][gui thread] polishAndSync: start, elapsed since last call: 27 ms
2026-07-14 19:22:30.733 DEBUG qt.scenegraph.time.renderloop: [window 0x7f380ef04e40][render thread 0x7f380ed86040] syncAndRender: start, elapsed since last call: 27 ms
2026-07-14 19:22:30.733 DEBUG qt.scenegraph.time.renderloop: [window 0x7f380ef04e40][gui thread] Frame prepared, polish=0 ms, lock=0 ms, blockedForSync=0 ms, animations=0 ms
2026-07-14 19:22:30.733 DEBUG qt.scenegraph.time.renderer: time in renderer: total=0ms, preprocess=0, updates=0, rendering=0
2026-07-14 19:22:30.734 DEBUG qt.scenegraph.time.renderloop: [window 0x7f380ef04e40][render thread 0x7f380ed86040] syncAndRender: frame rendered in 0ms, sync=0, render=0, swap=0
2026-07-14 19:22:30.740 DEBUG qt.scenegraph.time.renderloop: [window 0x7f380ef04e40][gui thread] polishAndSync: start, elapsed since last call: 7 ms
2026-07-14 19:22:30.740 DEBUG qt.scenegraph.time.renderloop: [window 0x7f380ef04e40][render thread 0x7f380ed86040] syncAndRender: start, elapsed since last call: 7 ms
2026-07-14 19:22:30.740 DEBUG qt.scenegraph.time.renderloop: [window 0x7f380ef04e40][gui thread] Frame prepared, polish=0 ms, lock=0 ms, blockedForSync=0 ms, animations=0 ms
2026-07-14 19:22:30.741 DEBUG qt.scenegraph.time.renderer: time in renderer: total=0ms, preprocess=0, updates=0, rendering=0
2026-07-14 19:22:30.741 DEBUG qt.scenegraph.time.renderloop: [window 0x7f380ef04e40][render thread 0x7f380ed86040] syncAndRender: frame rendered in 0ms, sync=0, render=0, swap=0
2026-07-14 19:22:30.765 DEBUG qt.scenegraph.time.renderloop: [window 0x7f380ef04e40][gui thread] polishAndSync: start, elapsed since last call: 25 ms
2026-07-14 19:22:30.766 DEBUG qt.scenegraph.time.renderloop: [window 0x7f380ef04e40][render thread 0x7f380ed86040] syncAndRender: start, elapsed since last call: 25 ms
2026-07-14 19:22:30.766 DEBUG qt.scenegraph.time.renderloop: [window 0x7f380ef04e40][gui thread] Frame prepared, polish=0 ms, lock=0 ms, blockedForSync=0 ms, animations=0 ms
2026-07-14 19:22:30.766 DEBUG qt.scenegraph.time.renderer: time in renderer: total=0ms, preprocess=0, updates=0, rendering=0
2026-07-14 19:22:30.766 DEBUG qt.scenegraph.time.renderloop: [window 0x7f380ef04e40][render thread 0x7f380ed86040] syncAndRender: frame rendered in 0ms, sync=0, render=0, swap=0
2026-07-14 19:22:30.768 DEBUG qt.scenegraph.time.renderloop: [window 0x7f380ef04e40][gui thread] polishAndSync: start, elapsed since last call: 2 ms
2026-07-14 19:22:30.768 DEBUG qt.scenegraph.time.renderloop: [window 0x7f380ef04e40][render thread 0x7f380ed86040] syncAndRender: start, elapsed since last call: 2 ms
2026-07-14 19:22:30.768 DEBUG qt.scenegraph.time.renderloop: [window 0x7f380ef04e40][gui thread] Frame prepared, polish=0 ms, lock=0 ms, blockedForSync=0 ms, animations=0 ms
2026-07-14 19:22:30.768 DEBUG qt.scenegraph.time.renderer: time in renderer: total=0ms, preprocess=0, updates=0, rendering=0
2026-07-14 19:22:30.769 DEBUG qt.scenegraph.time.renderloop: [window 0x7f380ef04e40][render thread 0x7f380ed86040] syncAndRender: frame rendered in 0ms, sync=0, render=0, swap=0
2026-07-14 19:22:30.798 DEBUG qt.scenegraph.time.renderloop: [window 0x7f380ef04e40][gui thread] polishAndSync: start, elapsed since last call: 30 ms
2026-07-14 19:22:30.799 DEBUG qt.scenegraph.time.renderloop: [window 0x7f380ef04e40][render thread 0x7f380ed86040] syncAndRender: start, elapsed since last call: 30 ms
2026-07-14 19:22:30.799 DEBUG qt.scenegraph.time.renderloop: [window 0x7f380ef04e40][gui thread] Frame prepared, polish=0 ms, lock=0 ms, blockedForSync=0 ms, animations=0 ms
2026-07-14 19:22:30.799 DEBUG qt.scenegraph.time.renderer: time in renderer: total=0ms, preprocess=0, updates=0, rendering=0
2026-07-14 19:22:30.799 DEBUG qt.scenegraph.time.renderloop: [window 0x7f380ef04e40][render thread 0x7f380ed86040] syncAndRender: frame rendered in 0ms, sync=0, render=0, swap=0
2026-07-14 19:22:30.803 DEBUG qt.scenegraph.time.renderloop: [window 0x7f380ef04e40][gui thread] polishAndSync: start, elapsed since last call: 4 ms
2026-07-14 19:22:30.803 DEBUG qt.scenegraph.time.renderloop: [window 0x7f380ef04e40][render thread 0x7f380ed86040] syncAndRender: start, elapsed since last call: 4 ms
2026-07-14 19:22:30.803 DEBUG qt.scenegraph.time.renderloop: [window 0x7f380ef04e40][gui thread] Frame prepared, polish=0 ms, lock=0 ms, blockedForSync=0 ms, animations=0 ms
2026-07-14 19:22:30.803 DEBUG qt.scenegraph.time.renderer: time in renderer: total=0ms, preprocess=0, updates=0, rendering=0
2026-07-14 19:22:30.804 DEBUG qt.scenegraph.time.renderloop: [window 0x7f380ef04e40][render thread 0x7f380ed86040] syncAndRender: frame rendered in 0ms, sync=0, render=0, swap=0
2026-07-14 19:22:30.831 DEBUG qt.scenegraph.time.renderloop: [window 0x7f380ef04e40][gui thread] polishAndSync: start, elapsed since last call: 28 ms
2026-07-14 19:22:30.832 DEBUG qt.scenegraph.time.renderloop: [window 0x7f380ef04e40][render thread 0x7f380ed86040] syncAndRender: start, elapsed since last call: 28 ms
2026-07-14 19:22:30.832 DEBUG qt.scenegraph.time.renderloop: [window 0x7f380ef04e40][gui thread] Frame prepared, polish=0 ms, lock=0 ms, blockedForSync=0 ms, animations=0 ms
2026-07-14 19:22:30.832 DEBUG qt.scenegraph.time.renderer: time in renderer: total=0ms, preprocess=0, updates=0, rendering=0
2026-07-14 19:22:30.832 DEBUG qt.scenegraph.time.renderloop: [window 0x7f380ef04e40][render thread 0x7f380ed86040] syncAndRender: frame rendered in 0ms, sync=0, render=0, swap=0
2026-07-14 19:22:30.838 DEBUG qt.scenegraph.time.renderloop: [window 0x7f380ef04e40][gui thread] polishAndSync: start, elapsed since last call: 6 ms
2026-07-14 19:22:30.838 DEBUG qt.scenegraph.time.renderloop: [window 0x7f380ef04e40][render thread 0x7f380ed86040] syncAndRender: start, elapsed since last call: 6 ms
2026-07-14 19:22:30.838 DEBUG qt.scenegraph.time.renderloop: [window 0x7f380ef04e40][gui thread] Frame prepared, polish=0 ms, lock=0 ms, blockedForSync=0 ms, animations=0 ms
2026-07-14 19:22:30.838 DEBUG qt.scenegraph.time.renderer: time in renderer: total=0ms, preprocess=0, updates=0, rendering=0
2026-07-14 19:22:30.838 DEBUG qt.scenegraph.time.renderloop: [window 0x7f380ef04e40][render thread 0x7f380ed86040] syncAndRender: frame rendered in 0ms, sync=0, render=0, swap=0
2026-07-14 19:22:30.865 DEBUG qt.scenegraph.time.renderloop: [window 0x7f380ef04e40][gui thread] polishAndSync: start, elapsed since last call: 26 ms
2026-07-14 19:22:30.865 DEBUG qt.scenegraph.time.renderloop: [window 0x7f380ef04e40][render thread 0x7f380ed86040] syncAndRender: start, elapsed since last call: 27 ms
2026-07-14 19:22:30.865 DEBUG qt.scenegraph.time.renderloop: [window 0x7f380ef04e40][gui thread] Frame prepared, polish=0 ms, lock=0 ms, blockedForSync=0 ms, animations=0 ms
2026-07-14 19:22:30.865 DEBUG qt.scenegraph.time.renderer: time in renderer: total=0ms, preprocess=0, updates=0, rendering=0
2026-07-14 19:22:30.866 DEBUG qt.scenegraph.time.renderloop: [window 0x7f380ef04e40][render thread 0x7f380ed86040] syncAndRender: frame rendered in 0ms, sync=0, render=0, swap=0
2026-07-14 19:22:30.872 DEBUG qt.scenegraph.time.renderloop: [window 0x7f380ef04e40][gui thread] polishAndSync: start, elapsed since last call: 7 ms
2026-07-14 19:22:30.872 DEBUG qt.scenegraph.time.renderloop: [window 0x7f380ef04e40][render thread 0x7f380ed86040] syncAndRender: start, elapsed since last call: 7 ms
2026-07-14 19:22:30.872 DEBUG qt.scenegraph.time.renderloop: [window 0x7f380ef04e40][gui thread] Frame prepared, polish=0 ms, lock=0 ms, blockedForSync=0 ms, animations=0 ms
2026-07-14 19:22:30.873 DEBUG qt.scenegraph.time.renderer: time in renderer: total=0ms, preprocess=0, updates=0, rendering=0
2026-07-14 19:22:30.873 DEBUG qt.scenegraph.time.renderloop: [window 0x7f380ef04e40][render thread 0x7f380ed86040] syncAndRender: frame rendered in 0ms, sync=0, render=0, swap=0
2026-07-14 19:22:30.897 DEBUG qt.scenegraph.time.renderloop: [window 0x7f380ef04e40][gui thread] polishAndSync: start, elapsed since last call: 25 ms
2026-07-14 19:22:30.898 DEBUG qt.scenegraph.time.renderloop: [window 0x7f380ef04e40][render thread 0x7f380ed86040] syncAndRender: start, elapsed since last call: 25 ms
2026-07-14 19:22:30.898 DEBUG qt.scenegraph.time.renderloop: [window 0x7f380ef04e40][gui thread] Frame prepared, polish=0 ms, lock=0 ms, blockedForSync=0 ms, animations=0 ms
2026-07-14 19:22:30.898 DEBUG qt.scenegraph.time.renderer: time in renderer: total=0ms, preprocess=0, updates=0, rendering=0
2026-07-14 19:22:30.898 DEBUG qt.scenegraph.time.renderloop: [window 0x7f380ef04e40][render thread 0x7f380ed86040] syncAndRender: frame rendered in 0ms, sync=0, render=0, swap=0
2026-07-14 19:22:30.900 DEBUG qt.scenegraph.time.renderloop: [window 0x7f380ef04e40][gui thread] polishAndSync: start, elapsed since last call: 2 ms
2026-07-14 19:22:30.900 DEBUG qt.scenegraph.time.renderloop: [window 0x7f380ef04e40][render thread 0x7f380ed86040] syncAndRender: start, elapsed since last call: 2 ms
2026-07-14 19:22:30.900 DEBUG qt.scenegraph.time.renderloop: [window 0x7f380ef04e40][gui thread] Frame prepared, polish=0 ms, lock=0 ms, blockedForSync=0 ms, animations=0 ms
2026-07-14 19:22:30.900 DEBUG qt.scenegraph.time.renderer: time in renderer: total=0ms, preprocess=0, updates=0, rendering=0
2026-07-14 19:22:30.901 DEBUG qt.scenegraph.time.renderloop: [window 0x7f380ef04e40][render thread 0x7f380ed86040] syncAndRender: frame rendered in 0ms, sync=0, render=0, swap=0
2026-07-14 19:22:30.931 DEBUG qt.scenegraph.time.renderloop: [window 0x7f380ef04e40][gui thread] polishAndSync: start, elapsed since last call: 31 ms
2026-07-14 19:22:30.932 DEBUG qt.scenegraph.time.renderloop: [window 0x7f380ef04e40][render thread 0x7f380ed86040] syncAndRender: start, elapsed since last call: 31 ms
2026-07-14 19:22:30.932 DEBUG qt.scenegraph.time.renderloop: [window 0x7f380ef04e40][gui thread] Frame prepared, polish=0 ms, lock=0 ms, blockedForSync=0 ms, animations=0 ms
2026-07-14 19:22:30.932 DEBUG qt.scenegraph.time.renderer: time in renderer: total=0ms, preprocess=0, updates=0, rendering=0
2026-07-14 19:22:30.932 DEBUG qt.scenegraph.time.renderloop: [window 0x7f380ef04e40][render thread 0x7f380ed86040] syncAndRender: frame rendered in 0ms, sync=0, render=0, swap=0
2026-07-14 19:22:30.935 DEBUG qt.scenegraph.time.renderloop: [window 0x7f380ef04e40][gui thread] polishAndSync: start, elapsed since last call: 3 ms
2026-07-14 19:22:30.935 DEBUG qt.scenegraph.time.renderloop: [window 0x7f380ef04e40][render thread 0x7f380ed86040] syncAndRender: start, elapsed since last call: 3 ms
2026-07-14 19:22:30.935 DEBUG qt.scenegraph.time.renderloop: [window 0x7f380ef04e40][gui thread] Frame prepared, polish=0 ms, lock=0 ms, blockedForSync=0 ms, animations=0 ms
2026-07-14 19:22:30.935 DEBUG qt.scenegraph.time.renderer: time in renderer: total=0ms, preprocess=0, updates=0, rendering=0
2026-07-14 19:22:30.935 DEBUG qt.scenegraph.time.renderloop: [window 0x7f380ef04e40][render thread 0x7f380ed86040] syncAndRender: frame rendered in 0ms, sync=0, render=0, swap=0
2026-07-14 19:22:30.964 DEBUG qt.scenegraph.time.renderloop: [window 0x7f380ef04e40][gui thread] polishAndSync: start, elapsed since last call: 29 ms
2026-07-14 19:22:30.965 DEBUG qt.scenegraph.time.renderloop: [window 0x7f380ef04e40][render thread 0x7f380ed86040] syncAndRender: start, elapsed since last call: 29 ms
2026-07-14 19:22:30.965 DEBUG qt.scenegraph.time.renderloop: [window 0x7f380ef04e40][gui thread] Frame prepared, polish=0 ms, lock=0 ms, blockedForSync=0 ms, animations=0 ms
2026-07-14 19:22:30.965 DEBUG qt.scenegraph.time.renderer: time in renderer: total=0ms, preprocess=0, updates=0, rendering=0
2026-07-14 19:22:30.965 DEBUG qt.scenegraph.time.renderloop: [window 0x7f380ef04e40][render thread 0x7f380ed86040] syncAndRender: frame rendered in 0ms, sync=0, render=0, swap=0
2026-07-14 19:22:30.970 DEBUG qt.scenegraph.time.renderloop: [window 0x7f380ef04e40][gui thread] polishAndSync: start, elapsed since last call: 5 ms
2026-07-14 19:22:30.970 DEBUG qt.scenegraph.time.renderloop: [window 0x7f380ef04e40][render thread 0x7f380ed86040] syncAndRender: start, elapsed since last call: 5 ms
2026-07-14 19:22:30.970 DEBUG qt.scenegraph.time.renderloop: [window 0x7f380ef04e40][gui thread] Frame prepared, polish=0 ms, lock=0 ms, blockedForSync=0 ms, animations=0 ms
2026-07-14 19:22:30.970 DEBUG qt.scenegraph.time.renderer: time in renderer: total=0ms, preprocess=0, updates=0, rendering=0
2026-07-14 19:22:30.970 DEBUG qt.scenegraph.time.renderloop: [window 0x7f380ef04e40][render thread 0x7f380ed86040] syncAndRender: frame rendered in 0ms, sync=0, render=0, swap=0
2026-07-14 19:22:30.997 DEBUG qt.scenegraph.time.renderloop: [window 0x7f380ef04e40][gui thread] polishAndSync: start, elapsed since last call: 27 ms
2026-07-14 19:22:30.997 DEBUG qt.scenegraph.time.renderloop: [window 0x7f380ef04e40][render thread 0x7f380ed86040] syncAndRender: start, elapsed since last call: 27 ms
2026-07-14 19:22:30.997 DEBUG qt.scenegraph.time.renderloop: [window 0x7f380ef04e40][gui thread] Frame prepared, polish=0 ms, lock=0 ms, blockedForSync=0 ms, animations=0 ms
2026-07-14 19:22:30.997 DEBUG qt.scenegraph.time.renderer: time in renderer: total=0ms, preprocess=0, updates=0, rendering=0
2026-07-14 19:22:30.998 DEBUG qt.scenegraph.time.renderloop: [window 0x7f380ef04e40][render thread 0x7f380ed86040] syncAndRender: frame rendered in 0ms, sync=0, render=0, swap=0
2026-07-14 19:22:31.005 DEBUG qt.scenegraph.time.renderloop: [window 0x7f380ef04e40][gui thread] polishAndSync: start, elapsed since last call: 7 ms
2026-07-14 19:22:31.005 DEBUG qt.scenegraph.time.renderloop: [window 0x7f380ef04e40][render thread 0x7f380ed86040] syncAndRender: start, elapsed since last call: 7 ms
2026-07-14 19:22:31.005 DEBUG qt.scenegraph.time.renderloop: [window 0x7f380ef04e40][gui thread] Frame prepared, polish=0 ms, lock=0 ms, blockedForSync=0 ms, animations=0 ms
2026-07-14 19:22:31.005 DEBUG qt.scenegraph.time.renderer: time in renderer: total=0ms, preprocess=0, updates=0, rendering=0
2026-07-14 19:22:31.005 DEBUG qt.scenegraph.time.renderloop: [window 0x7f380ef04e40][render thread 0x7f380ed86040] syncAndRender: frame rendered in 0ms, sync=0, render=0, swap=0
2026-07-14 19:22:31.030 DEBUG qt.scenegraph.time.renderloop: [window 0x7f380ef04e40][gui thread] polishAndSync: start, elapsed since last call: 24 ms
2026-07-14 19:22:31.030 DEBUG qt.scenegraph.time.renderloop: [window 0x7f380ef04e40][render thread 0x7f380ed86040] syncAndRender: start, elapsed since last call: 25 ms
2026-07-14 19:22:31.030 DEBUG qt.scenegraph.time.renderloop: [window 0x7f380ef04e40][gui thread] Frame prepared, polish=0 ms, lock=0 ms, blockedForSync=0 ms, animations=0 ms
2026-07-14 19:22:31.030 DEBUG qt.scenegraph.time.renderer: time in renderer: total=0ms, preprocess=0, updates=0, rendering=0
2026-07-14 19:22:31.030 DEBUG qt.scenegraph.time.renderloop: [window 0x7f380ef04e40][render thread 0x7f380ed86040] syncAndRender: frame rendered in 0ms, sync=0, render=0, swap=0
2026-07-14 19:22:31.032 DEBUG qt.scenegraph.time.renderloop: [window 0x7f380ef04e40][gui thread] polishAndSync: start, elapsed since last call: 2 ms
2026-07-14 19:22:31.032 DEBUG qt.scenegraph.time.renderloop: [window 0x7f380ef04e40][render thread 0x7f380ed86040] syncAndRender: start, elapsed since last call: 2 ms
2026-07-14 19:22:31.032 DEBUG qt.scenegraph.time.renderloop: [window 0x7f380ef04e40][gui thread] Frame prepared, polish=0 ms, lock=0 ms, blockedForSync=0 ms, animations=0 ms
2026-07-14 19:22:31.032 DEBUG qt.scenegraph.time.renderer: time in renderer: total=0ms, preprocess=0, updates=0, rendering=0
2026-07-14 19:22:31.033 DEBUG qt.scenegraph.time.renderloop: [window 0x7f380ef04e40][render thread 0x7f380ed86040] syncAndRender: frame rendered in 0ms, sync=0, render=0, swap=0
2026-07-14 19:22:31.062 DEBUG qt.scenegraph.time.renderloop: [window 0x7f380ef04e40][gui thread] polishAndSync: start, elapsed since last call: 30 ms
2026-07-14 19:22:31.063 DEBUG qt.scenegraph.time.renderloop: [window 0x7f380ef04e40][render thread 0x7f380ed86040] syncAndRender: start, elapsed since last call: 30 ms
2026-07-14 19:22:31.063 DEBUG qt.scenegraph.time.renderloop: [window 0x7f380ef04e40][gui thread] Frame prepared, polish=0 ms, lock=0 ms, blockedForSync=0 ms, animations=0 ms
2026-07-14 19:22:31.063 DEBUG qt.scenegraph.time.renderer: time in renderer: total=0ms, preprocess=0, updates=0, rendering=0
2026-07-14 19:22:31.063 DEBUG qt.scenegraph.time.renderloop: [window 0x7f380ef04e40][render thread 0x7f380ed86040] syncAndRender: frame rendered in 0ms, sync=0, render=0, swap=0
2026-07-14 19:22:31.067 DEBUG qt.scenegraph.time.renderloop: [window 0x7f380ef04e40][gui thread] polishAndSync: start, elapsed since last call: 4 ms
2026-07-14 19:22:31.067 DEBUG qt.scenegraph.time.renderloop: [window 0x7f380ef04e40][render thread 0x7f380ed86040] syncAndRender: start, elapsed since last call: 4 ms
2026-07-14 19:22:31.067 DEBUG qt.scenegraph.time.renderloop: [window 0x7f380ef04e40][gui thread] Frame prepared, polish=0 ms, lock=0 ms, blockedForSync=0 ms, animations=0 ms
2026-07-14 19:22:31.067 DEBUG qt.scenegraph.time.renderer: time in renderer: total=0ms, preprocess=0, updates=0, rendering=0
2026-07-14 19:22:31.067 DEBUG qt.scenegraph.time.renderloop: [window 0x7f380ef04e40][render thread 0x7f380ed86040] syncAndRender: frame rendered in 0ms, sync=0, render=0, swap=0
2026-07-14 19:22:31.095 DEBUG qt.scenegraph.time.renderloop: [window 0x7f380ef04e40][gui thread] polishAndSync: start, elapsed since last call: 28 ms
2026-07-14 19:22:31.095 DEBUG qt.scenegraph.time.renderloop: [window 0x7f380ef04e40][render thread 0x7f380ed86040] syncAndRender: start, elapsed since last call: 28 ms
2026-07-14 19:22:31.096 DEBUG qt.scenegraph.time.renderloop: [window 0x7f380ef04e40][gui thread] Frame prepared, polish=0 ms, lock=0 ms, blockedForSync=0 ms, animations=0 ms
2026-07-14 19:22:31.096 DEBUG qt.scenegraph.time.renderer: time in renderer: total=0ms, preprocess=0, updates=0, rendering=0
2026-07-14 19:22:31.096 DEBUG qt.scenegraph.time.renderloop: [window 0x7f380ef04e40][render thread 0x7f380ed86040] syncAndRender: frame rendered in 0ms, sync=0, render=0, swap=0
2026-07-14 19:22:31.102 DEBUG qt.scenegraph.time.renderloop: [window 0x7f380ef04e40][gui thread] polishAndSync: start, elapsed since last call: 6 ms
2026-07-14 19:22:31.102 DEBUG qt.scenegraph.time.renderloop: [window 0x7f380ef04e40][render thread 0x7f380ed86040] syncAndRender: start, elapsed since last call: 6 ms
2026-07-14 19:22:31.102 DEBUG qt.scenegraph.time.renderloop: [window 0x7f380ef04e40][gui thread] Frame prepared, polish=0 ms, lock=0 ms, blockedForSync=0 ms, animations=0 ms
2026-07-14 19:22:31.102 DEBUG qt.scenegraph.time.renderer: time in renderer: total=0ms, preprocess=0, updates=0, rendering=0
2026-07-14 19:22:31.102 DEBUG qt.scenegraph.time.renderloop: [window 0x7f380ef04e40][render thread 0x7f380ed86040] syncAndRender: frame rendered in 0ms, sync=0, render=0, swap=0
2026-07-14 19:22:31.129 DEBUG qt.scenegraph.time.renderloop: [window 0x7f380ef04e40][gui thread] polishAndSync: start, elapsed since last call: 27 ms
2026-07-14 19:22:31.129 DEBUG qt.scenegraph.time.renderloop: [window 0x7f380ef04e40][render thread 0x7f380ed86040] syncAndRender: start, elapsed since last call: 27 ms
2026-07-14 19:22:31.129 DEBUG qt.scenegraph.time.renderloop: [window 0x7f380ef04e40][gui thread] Frame prepared, polish=0 ms, lock=0 ms, blockedForSync=0 ms, animations=0 ms
2026-07-14 19:22:31.129 DEBUG qt.scenegraph.time.renderer: time in renderer: total=0ms, preprocess=0, updates=0, rendering=0
2026-07-14 19:22:31.130 DEBUG qt.scenegraph.time.renderloop: [window 0x7f380ef04e40][render thread 0x7f380ed86040] syncAndRender: frame rendered in 0ms, sync=0, render=0, swap=0
2026-07-14 19:22:31.136 DEBUG qt.scenegraph.time.renderloop: [window 0x7f380ef04e40][gui thread] polishAndSync: start, elapsed since last call: 7 ms
2026-07-14 19:22:31.136 DEBUG qt.scenegraph.time.renderloop: [window 0x7f380ef04e40][render thread 0x7f380ed86040] syncAndRender: start, elapsed since last call: 7 ms
2026-07-14 19:22:31.137 DEBUG qt.scenegraph.time.renderloop: [window 0x7f380ef04e40][gui thread] Frame prepared, polish=0 ms, lock=0 ms, blockedForSync=0 ms, animations=0 ms
2026-07-14 19:22:31.137 DEBUG qt.scenegraph.time.renderer: time in renderer: total=0ms, preprocess=0, updates=0, rendering=0
2026-07-14 19:22:31.137 DEBUG qt.scenegraph.time.renderloop: [window 0x7f380ef04e40][render thread 0x7f380ed86040] syncAndRender: frame rendered in 0ms, sync=0, render=0, swap=0
2026-07-14 19:22:31.162 DEBUG qt.scenegraph.time.renderloop: [window 0x7f380ef04e40][gui thread] polishAndSync: start, elapsed since last call: 25 ms
2026-07-14 19:22:31.162 DEBUG qt.scenegraph.time.renderloop: [window 0x7f380ef04e40][render thread 0x7f380ed86040] syncAndRender: start, elapsed since last call: 25 ms
2026-07-14 19:22:31.162 DEBUG qt.scenegraph.time.renderloop: [window 0x7f380ef04e40][gui thread] Frame prepared, polish=0 ms, lock=0 ms, blockedForSync=0 ms, animations=0 ms
2026-07-14 19:22:31.162 DEBUG qt.scenegraph.time.renderer: time in renderer: total=0ms, preprocess=0, updates=0, rendering=0
2026-07-14 19:22:31.162 DEBUG qt.scenegraph.time.renderloop: [window 0x7f380ef04e40][render thread 0x7f380ed86040] syncAndRender: frame rendered in 0ms, sync=0, render=0, swap=0
2026-07-14 19:22:31.164 DEBUG qt.scenegraph.time.renderloop: [window 0x7f380ef04e40][gui thread] polishAndSync: start, elapsed since last call: 2 ms
2026-07-14 19:22:31.164 DEBUG qt.scenegraph.time.renderloop: [window 0x7f380ef04e40][render thread 0x7f380ed86040] syncAndRender: start, elapsed since last call: 2 ms
2026-07-14 19:22:31.164 DEBUG qt.scenegraph.time.renderloop: [window 0x7f380ef04e40][gui thread] Frame prepared, polish=0 ms, lock=0 ms, blockedForSync=0 ms, animations=0 ms
2026-07-14 19:22:31.164 DEBUG qt.scenegraph.time.renderer: time in renderer: total=0ms, preprocess=0, updates=0, rendering=0
2026-07-14 19:22:31.165 DEBUG qt.scenegraph.time.renderloop: [window 0x7f380ef04e40][render thread 0x7f380ed86040] syncAndRender: frame rendered in 0ms, sync=0, render=0, swap=0
2026-07-14 19:22:31.194 DEBUG qt.scenegraph.time.renderloop: [window 0x7f380ef04e40][gui thread] polishAndSync: start, elapsed since last call: 30 ms
2026-07-14 19:22:31.195 DEBUG qt.scenegraph.time.renderloop: [window 0x7f380ef04e40][render thread 0x7f380ed86040] syncAndRender: start, elapsed since last call: 30 ms
2026-07-14 19:22:31.195 DEBUG qt.scenegraph.time.renderloop: [window 0x7f380ef04e40][gui thread] Frame prepared, polish=0 ms, lock=0 ms, blockedForSync=0 ms, animations=0 ms
2026-07-14 19:22:31.195 DEBUG qt.scenegraph.time.renderer: time in renderer: total=0ms, preprocess=0, updates=0, rendering=0
2026-07-14 19:22:31.195 DEBUG qt.scenegraph.time.renderloop: [window 0x7f380ef04e40][render thread 0x7f380ed86040] syncAndRender: frame rendered in 0ms, sync=0, render=0, swap=0
2026-07-14 19:22:31.199 DEBUG qt.scenegraph.time.renderloop: [window 0x7f380ef04e40][gui thread] polishAndSync: start, elapsed since last call: 4 ms
2026-07-14 19:22:31.199 DEBUG qt.scenegraph.time.renderloop: [window 0x7f380ef04e40][render thread 0x7f380ed86040] syncAndRender: start, elapsed since last call: 4 ms
2026-07-14 19:22:31.199 DEBUG qt.scenegraph.time.renderloop: [window 0x7f380ef04e40][gui thread] Frame prepared, polish=0 ms, lock=0 ms, blockedForSync=0 ms, animations=0 ms
2026-07-14 19:22:31.199 DEBUG qt.scenegraph.time.renderer: time in renderer: total=0ms, preprocess=0, updates=0, rendering=0
2026-07-14 19:22:31.199 DEBUG qt.scenegraph.time.renderloop: [window 0x7f380ef04e40][render thread 0x7f380ed86040] syncAndRender: frame rendered in 0ms, sync=0, render=0, swap=0
2026-07-14 19:22:31.228 DEBUG qt.scenegraph.time.renderloop: [window 0x7f380ef04e40][gui thread] polishAndSync: start, elapsed since last call: 29 ms
2026-07-14 19:22:31.229 DEBUG qt.scenegraph.time.renderloop: [window 0x7f380ef04e40][render thread 0x7f380ed86040] syncAndRender: start, elapsed since last call: 29 ms
2026-07-14 19:22:31.229 DEBUG qt.scenegraph.time.renderloop: [window 0x7f380ef04e40][gui thread] Frame prepared, polish=0 ms, lock=0 ms, blockedForSync=0 ms, animations=0 ms
2026-07-14 19:22:31.229 DEBUG qt.scenegraph.time.renderer: time in renderer: total=0ms, preprocess=0, updates=0, rendering=0
2026-07-14 19:22:31.229 DEBUG qt.scenegraph.time.renderloop: [window 0x7f380ef04e40][render thread 0x7f380ed86040] syncAndRender: frame rendered in 0ms, sync=0, render=0, swap=0
2026-07-14 19:22:31.234 DEBUG qt.scenegraph.time.renderloop: [window 0x7f380ef04e40][gui thread] polishAndSync: start, elapsed since last call: 5 ms
2026-07-14 19:22:31.234 DEBUG qt.scenegraph.time.renderloop: [window 0x7f380ef04e40][render thread 0x7f380ed86040] syncAndRender: start, elapsed since last call: 5 ms
2026-07-14 19:22:31.234 DEBUG qt.scenegraph.time.renderloop: [window 0x7f380ef04e40][gui thread] Frame prepared, polish=0 ms, lock=0 ms, blockedForSync=0 ms, animations=0 ms
2026-07-14 19:22:31.234 DEBUG qt.scenegraph.time.renderer: time in renderer: total=0ms, preprocess=0, updates=0, rendering=0
2026-07-14 19:22:31.234 DEBUG qt.scenegraph.time.renderloop: [window 0x7f380ef04e40][render thread 0x7f380ed86040] syncAndRender: frame rendered in 0ms, sync=0, render=0, swap=0
2026-07-14 19:22:31.260 DEBUG qt.scenegraph.time.renderloop: [window 0x7f380ef04e40][gui thread] polishAndSync: start, elapsed since last call: 26 ms
2026-07-14 19:22:31.260 DEBUG qt.scenegraph.time.renderloop: [window 0x7f380ef04e40][render thread 0x7f380ed86040] syncAndRender: start, elapsed since last call: 26 ms
2026-07-14 19:22:31.260 DEBUG qt.scenegraph.time.renderloop: [window 0x7f380ef04e40][gui thread] Frame prepared, polish=0 ms, lock=0 ms, blockedForSync=0 ms, animations=0 ms
2026-07-14 19:22:31.260 DEBUG qt.scenegraph.time.renderer: time in renderer: total=0ms, preprocess=0, updates=0, rendering=0
2026-07-14 19:22:31.261 DEBUG qt.scenegraph.time.renderloop: [window 0x7f380ef04e40][render thread 0x7f380ed86040] syncAndRender: frame rendered in 0ms, sync=0, render=0, swap=0
2026-07-14 19:22:31.262 DEBUG qt.scenegraph.time.renderloop: [window 0x7f380ef04e40][gui thread] polishAndSync: start, elapsed since last call: 1 ms
2026-07-14 19:22:31.262 DEBUG qt.scenegraph.time.renderloop: [window 0x7f380ef04e40][render thread 0x7f380ed86040] syncAndRender: start, elapsed since last call: 1 ms
2026-07-14 19:22:31.262 DEBUG qt.scenegraph.time.renderloop: [window 0x7f380ef04e40][gui thread] Frame prepared, polish=0 ms, lock=0 ms, blockedForSync=0 ms, animations=0 ms
2026-07-14 19:22:31.262 DEBUG qt.scenegraph.time.renderer: time in renderer: total=0ms, preprocess=0, updates=0, rendering=0
2026-07-14 19:22:31.262 DEBUG qt.scenegraph.time.renderloop: [window 0x7f380ef04e40][render thread 0x7f380ed86040] syncAndRender: frame rendered in 0ms, sync=0, render=0, swap=0
2026-07-14 19:22:31.294 DEBUG qt.scenegraph.time.renderloop: [window 0x7f380ef04e40][gui thread] polishAndSync: start, elapsed since last call: 32 ms
2026-07-14 19:22:31.294 DEBUG qt.scenegraph.time.renderloop: [window 0x7f380ef04e40][render thread 0x7f380ed86040] syncAndRender: start, elapsed since last call: 32 ms
2026-07-14 19:22:31.294 DEBUG qt.scenegraph.time.renderloop: [window 0x7f380ef04e40][gui thread] Frame prepared, polish=0 ms, lock=0 ms, blockedForSync=0 ms, animations=0 ms
2026-07-14 19:22:31.294 DEBUG qt.scenegraph.time.renderer: time in renderer: total=0ms, preprocess=0, updates=0, rendering=0
2026-07-14 19:22:31.295 DEBUG qt.scenegraph.time.renderloop: [window 0x7f380ef04e40][render thread 0x7f380ed86040] syncAndRender: frame rendered in 0ms, sync=0, render=0, swap=0
2026-07-14 19:22:31.296 DEBUG qt.scenegraph.time.renderloop: [window 0x7f380ef04e40][gui thread] polishAndSync: start, elapsed since last call: 2 ms
2026-07-14 19:22:31.296 DEBUG qt.scenegraph.time.renderloop: [window 0x7f380ef04e40][render thread 0x7f380ed86040] syncAndRender: start, elapsed since last call: 2 ms
2026-07-14 19:22:31.296 DEBUG qt.scenegraph.time.renderloop: [window 0x7f380ef04e40][gui thread] Frame prepared, polish=0 ms, lock=0 ms, blockedForSync=0 ms, animations=0 ms
2026-07-14 19:22:31.296 DEBUG qt.scenegraph.time.renderer: time in renderer: total=0ms, preprocess=0, updates=0, rendering=0
2026-07-14 19:22:31.297 DEBUG qt.scenegraph.time.renderloop: [window 0x7f380ef04e40][render thread 0x7f380ed86040] syncAndRender: frame rendered in 0ms, sync=0, render=0, swap=0
2026-07-14 19:22:31.326 DEBUG qt.scenegraph.time.renderloop: [window 0x7f380ef04e40][gui thread] polishAndSync: start, elapsed since last call: 30 ms
2026-07-14 19:22:31.327 DEBUG qt.scenegraph.time.renderloop: [window 0x7f380ef04e40][render thread 0x7f380ed86040] syncAndRender: start, elapsed since last call: 30 ms
2026-07-14 19:22:31.327 DEBUG qt.scenegraph.time.renderloop: [window 0x7f380ef04e40][gui thread] Frame prepared, polish=0 ms, lock=0 ms, blockedForSync=0 ms, animations=0 ms
2026-07-14 19:22:31.327 DEBUG qt.scenegraph.time.renderer: time in renderer: total=0ms, preprocess=0, updates=0, rendering=0
2026-07-14 19:22:31.327 DEBUG qt.scenegraph.time.renderloop: [window 0x7f380ef04e40][render thread 0x7f380ed86040] syncAndRender: frame rendered in 0ms, sync=0, render=0, swap=0
2026-07-14 19:22:31.331 DEBUG qt.scenegraph.time.renderloop: [window 0x7f380ef04e40][gui thread] polishAndSync: start, elapsed since last call: 4 ms
2026-07-14 19:22:31.331 DEBUG qt.scenegraph.time.renderloop: [window 0x7f380ef04e40][render thread 0x7f380ed86040] syncAndRender: start, elapsed since last call: 4 ms
2026-07-14 19:22:31.331 DEBUG qt.scenegraph.time.renderloop: [window 0x7f380ef04e40][gui thread] Frame prepared, polish=0 ms, lock=0 ms, blockedForSync=0 ms, animations=0 ms
2026-07-14 19:22:31.331 DEBUG qt.scenegraph.time.renderer: time in renderer: total=0ms, preprocess=0, updates=0, rendering=0
2026-07-14 19:22:31.332 DEBUG qt.scenegraph.time.renderloop: [window 0x7f380ef04e40][render thread 0x7f380ed86040] syncAndRender: frame rendered in 0ms, sync=0, render=0, swap=0
2026-07-14 19:22:31.360 DEBUG qt.scenegraph.time.renderloop: [window 0x7f380ef04e40][gui thread] polishAndSync: start, elapsed since last call: 29 ms
2026-07-14 19:22:31.361 DEBUG qt.scenegraph.time.renderloop: [window 0x7f380ef04e40][render thread 0x7f380ed86040] syncAndRender: start, elapsed since last call: 29 ms
2026-07-14 19:22:31.361 DEBUG qt.scenegraph.time.renderloop: [window 0x7f380ef04e40][gui thread] Frame prepared, polish=0 ms, lock=0 ms, blockedForSync=0 ms, animations=0 ms
2026-07-14 19:22:31.361 DEBUG qt.scenegraph.time.renderer: time in renderer: total=0ms, preprocess=0, updates=0, rendering=0
2026-07-14 19:22:31.361 DEBUG qt.scenegraph.time.renderloop: [window 0x7f380ef04e40][render thread 0x7f380ed86040] syncAndRender: frame rendered in 0ms, sync=0, render=0, swap=0
2026-07-14 19:22:31.366 DEBUG qt.scenegraph.time.renderloop: [window 0x7f380ef04e40][gui thread] polishAndSync: start, elapsed since last call: 5 ms
2026-07-14 19:22:31.366 DEBUG qt.scenegraph.time.renderloop: [window 0x7f380ef04e40][render thread 0x7f380ed86040] syncAndRender: start, elapsed since last call: 4 ms
2026-07-14 19:22:31.366 DEBUG qt.scenegraph.time.renderloop: [window 0x7f380ef04e40][gui thread] Frame prepared, polish=0 ms, lock=0 ms, blockedForSync=0 ms, animations=0 ms
2026-07-14 19:22:31.366 DEBUG qt.scenegraph.time.renderer: time in renderer: total=0ms, preprocess=0, updates=0, rendering=0
2026-07-14 19:22:31.366 DEBUG qt.scenegraph.time.renderloop: [window 0x7f380ef04e40][render thread 0x7f380ed86040] syncAndRender: frame rendered in 0ms, sync=0, render=0, swap=0
2026-07-14 19:22:31.393 DEBUG qt.scenegraph.time.renderloop: [window 0x7f380ef04e40][gui thread] polishAndSync: start, elapsed since last call: 27 ms
2026-07-14 19:22:31.393 DEBUG qt.scenegraph.time.renderloop: [window 0x7f380ef04e40][render thread 0x7f380ed86040] syncAndRender: start, elapsed since last call: 27 ms
2026-07-14 19:22:31.393 DEBUG qt.scenegraph.time.renderloop: [window 0x7f380ef04e40][gui thread] Frame prepared, polish=0 ms, lock=0 ms, blockedForSync=0 ms, animations=0 ms
2026-07-14 19:22:31.393 DEBUG qt.scenegraph.time.renderer: time in renderer: total=0ms, preprocess=0, updates=0, rendering=0
2026-07-14 19:22:31.394 DEBUG qt.scenegraph.time.renderloop: [window 0x7f380ef04e40][render thread 0x7f380ed86040] syncAndRender: frame rendered in 0ms, sync=0, render=0, swap=0
2026-07-14 19:22:31.400 DEBUG qt.scenegraph.time.renderloop: [window 0x7f380ef04e40][gui thread] polishAndSync: start, elapsed since last call: 7 ms
2026-07-14 19:22:31.400 DEBUG qt.scenegraph.time.renderloop: [window 0x7f380ef04e40][render thread 0x7f380ed86040] syncAndRender: start, elapsed since last call: 7 ms
2026-07-14 19:22:31.401 DEBUG qt.scenegraph.time.renderloop: [window 0x7f380ef04e40][gui thread] Frame prepared, polish=0 ms, lock=0 ms, blockedForSync=0 ms, animations=0 ms
2026-07-14 19:22:31.401 DEBUG qt.scenegraph.time.renderer: time in renderer: total=0ms, preprocess=0, updates=0, rendering=0
2026-07-14 19:22:31.401 DEBUG qt.scenegraph.time.renderloop: [window 0x7f380ef04e40][render thread 0x7f380ed86040] syncAndRender: frame rendered in 0ms, sync=0, render=0, swap=0
2026-07-14 19:22:31.426 DEBUG qt.scenegraph.time.renderloop: [window 0x7f380ef04e40][gui thread] polishAndSync: start, elapsed since last call: 25 ms
2026-07-14 19:22:31.428 DEBUG qt.scenegraph.time.renderloop: [window 0x7f380ef04e40][render thread 0x7f380ed86040] syncAndRender: start, elapsed since last call: 27 ms
2026-07-14 19:22:31.428 DEBUG qt.scenegraph.time.renderloop: [window 0x7f380ef04e40][gui thread] Frame prepared, polish=2 ms, lock=0 ms, blockedForSync=0 ms, animations=0 ms
2026-07-14 19:22:31.428 DEBUG qt.scenegraph.time.renderer: time in renderer: total=0ms, preprocess=0, updates=0, rendering=0
2026-07-14 19:22:31.428 DEBUG qt.scenegraph.time.renderloop: [window 0x7f380ef04e40][render thread 0x7f380ed86040] syncAndRender: frame rendered in 0ms, sync=0, render=0, swap=0
2026-07-14 19:22:31.435 DEBUG qt.scenegraph.time.renderloop: [window 0x7f380ef04e40][gui thread] polishAndSync: start, elapsed since last call: 9 ms
2026-07-14 19:22:31.435 DEBUG qt.scenegraph.time.renderloop: [window 0x7f380ef04e40][render thread 0x7f380ed86040] syncAndRender: start, elapsed since last call: 7 ms
2026-07-14 19:22:31.435 DEBUG qt.scenegraph.time.renderloop: [window 0x7f380ef04e40][gui thread] Frame prepared, polish=0 ms, lock=0 ms, blockedForSync=0 ms, animations=0 ms
2026-07-14 19:22:31.435 DEBUG qt.scenegraph.time.renderer: time in renderer: total=0ms, preprocess=0, updates=0, rendering=0
2026-07-14 19:22:31.436 DEBUG qt.scenegraph.time.renderloop: [window 0x7f380ef04e40][render thread 0x7f380ed86040] syncAndRender: frame rendered in 0ms, sync=0, render=0, swap=0
2026-07-14 19:22:31.458 DEBUG qt.scenegraph.time.renderloop: [window 0x7f380ef04e40][gui thread] polishAndSync: start, elapsed since last call: 23 ms
2026-07-14 19:22:31.459 DEBUG qt.scenegraph.time.renderloop: [window 0x7f380ef04e40][render thread 0x7f380ed86040] syncAndRender: start, elapsed since last call: 23 ms
2026-07-14 19:22:31.459 DEBUG qt.scenegraph.time.renderloop: [window 0x7f380ef04e40][gui thread] Frame prepared, polish=0 ms, lock=0 ms, blockedForSync=0 ms, animations=0 ms
2026-07-14 19:22:31.459 DEBUG qt.scenegraph.time.renderer: time in renderer: total=0ms, preprocess=0, updates=0, rendering=0
2026-07-14 19:22:31.459 DEBUG qt.scenegraph.time.renderloop: [window 0x7f380ef04e40][render thread 0x7f380ed86040] syncAndRender: frame rendered in 0ms, sync=0, render=0, swap=0
2026-07-14 19:22:31.463 DEBUG qt.scenegraph.time.renderloop: [window 0x7f380ef04e40][gui thread] polishAndSync: start, elapsed since last call: 4 ms
2026-07-14 19:22:31.463 DEBUG qt.scenegraph.time.renderloop: [window 0x7f380ef04e40][render thread 0x7f380ed86040] syncAndRender: start, elapsed since last call: 4 ms
2026-07-14 19:22:31.463 DEBUG qt.scenegraph.time.renderloop: [window 0x7f380ef04e40][gui thread] Frame prepared, polish=0 ms, lock=0 ms, blockedForSync=0 ms, animations=0 ms
2026-07-14 19:22:31.463 DEBUG qt.scenegraph.time.renderer: time in renderer: total=0ms, preprocess=0, updates=0, rendering=0
2026-07-14 19:22:31.464 DEBUG qt.scenegraph.time.renderloop: [window 0x7f380ef04e40][render thread 0x7f380ed86040] syncAndRender: frame rendered in 0ms, sync=0, render=0, swap=0
2026-07-14 19:22:31.492 DEBUG qt.scenegraph.time.renderloop: [window 0x7f380ef04e40][gui thread] polishAndSync: start, elapsed since last call: 29 ms
2026-07-14 19:22:31.493 DEBUG qt.scenegraph.time.renderloop: [window 0x7f380ef04e40][render thread 0x7f380ed86040] syncAndRender: start, elapsed since last call: 29 ms
2026-07-14 19:22:31.493 DEBUG qt.scenegraph.time.renderloop: [window 0x7f380ef04e40][gui thread] Frame prepared, polish=0 ms, lock=0 ms, blockedForSync=0 ms, animations=0 ms
2026-07-14 19:22:31.493 DEBUG qt.scenegraph.time.renderer: time in renderer: total=0ms, preprocess=0, updates=0, rendering=0
2026-07-14 19:22:31.493 DEBUG qt.scenegraph.time.renderloop: [window 0x7f380ef04e40][render thread 0x7f380ed86040] syncAndRender: frame rendered in 0ms, sync=0, render=0, swap=0
2026-07-14 19:22:31.498 DEBUG qt.scenegraph.time.renderloop: [window 0x7f380ef04e40][gui thread] polishAndSync: start, elapsed since last call: 5 ms
2026-07-14 19:22:31.498 DEBUG qt.scenegraph.time.renderloop: [window 0x7f380ef04e40][render thread 0x7f380ed86040] syncAndRender: start, elapsed since last call: 5 ms
2026-07-14 19:22:31.498 DEBUG qt.scenegraph.time.renderloop: [window 0x7f380ef04e40][gui thread] Frame prepared, polish=0 ms, lock=0 ms, blockedForSync=0 ms, animations=0 ms
2026-07-14 19:22:31.498 DEBUG qt.scenegraph.time.renderer: time in renderer: total=0ms, preprocess=0, updates=0, rendering=0
2026-07-14 19:22:31.498 DEBUG qt.scenegraph.time.renderloop: [window 0x7f380ef04e40][render thread 0x7f380ed86040] syncAndRender: frame rendered in 0ms, sync=0, render=0, swap=0
2026-07-14 19:22:31.525 DEBUG qt.scenegraph.time.renderloop: [window 0x7f380ef04e40][gui thread] polishAndSync: start, elapsed since last call: 27 ms
2026-07-14 19:22:31.525 DEBUG qt.scenegraph.time.renderloop: [window 0x7f380ef04e40][render thread 0x7f380ed86040] syncAndRender: start, elapsed since last call: 27 ms
2026-07-14 19:22:31.525 DEBUG qt.scenegraph.time.renderloop: [window 0x7f380ef04e40][gui thread] Frame prepared, polish=0 ms, lock=0 ms, blockedForSync=0 ms, animations=0 ms
2026-07-14 19:22:31.525 DEBUG qt.scenegraph.time.renderer: time in renderer: total=0ms, preprocess=0, updates=0, rendering=0
2026-07-14 19:22:31.526 DEBUG qt.scenegraph.time.renderloop: [window 0x7f380ef04e40][render thread 0x7f380ed86040] syncAndRender: frame rendered in 0ms, sync=0, render=0, swap=0
2026-07-14 19:22:31.532 DEBUG qt.scenegraph.time.renderloop: [window 0x7f380ef04e40][gui thread] polishAndSync: start, elapsed since last call: 7 ms
2026-07-14 19:22:31.533 DEBUG qt.scenegraph.time.renderloop: [window 0x7f380ef04e40][render thread 0x7f380ed86040] syncAndRender: start, elapsed since last call: 7 ms
2026-07-14 19:22:31.533 DEBUG qt.scenegraph.time.renderloop: [window 0x7f380ef04e40][gui thread] Frame prepared, polish=0 ms, lock=0 ms, blockedForSync=0 ms, animations=0 ms
2026-07-14 19:22:31.533 DEBUG qt.scenegraph.time.renderer: time in renderer: total=0ms, preprocess=0, updates=0, rendering=0
2026-07-14 19:22:31.533 DEBUG qt.scenegraph.time.renderloop: [window 0x7f380ef04e40][render thread 0x7f380ed86040] syncAndRender: frame rendered in 0ms, sync=0, render=0, swap=0
2026-07-14 19:22:31.558 DEBUG qt.scenegraph.time.renderloop: [window 0x7f380ef04e40][gui thread] polishAndSync: start, elapsed since last call: 25 ms
2026-07-14 19:22:31.558 DEBUG qt.scenegraph.time.renderloop: [window 0x7f380ef04e40][render thread 0x7f380ed86040] syncAndRender: start, elapsed since last call: 25 ms
2026-07-14 19:22:31.558 DEBUG qt.scenegraph.time.renderloop: [window 0x7f380ef04e40][gui thread] Frame prepared, polish=0 ms, lock=0 ms, blockedForSync=0 ms, animations=0 ms
2026-07-14 19:22:31.558 DEBUG qt.scenegraph.time.renderer: time in renderer: total=0ms, preprocess=0, updates=0, rendering=0
2026-07-14 19:22:31.558 DEBUG qt.scenegraph.time.renderloop: [window 0x7f380ef04e40][render thread 0x7f380ed86040] syncAndRender: frame rendered in 0ms, sync=0, render=0, swap=0
2026-07-14 19:22:31.560 DEBUG qt.scenegraph.time.renderloop: [window 0x7f380ef04e40][gui thread] polishAndSync: start, elapsed since last call: 2 ms
2026-07-14 19:22:31.560 DEBUG qt.scenegraph.time.renderloop: [window 0x7f380ef04e40][render thread 0x7f380ed86040] syncAndRender: start, elapsed since last call: 2 ms
2026-07-14 19:22:31.560 DEBUG qt.scenegraph.time.renderloop: [window 0x7f380ef04e40][gui thread] Frame prepared, polish=0 ms, lock=0 ms, blockedForSync=0 ms, animations=0 ms
2026-07-14 19:22:31.560 DEBUG qt.scenegraph.time.renderer: time in renderer: total=0ms, preprocess=0, updates=0, rendering=0
2026-07-14 19:22:31.561 DEBUG qt.scenegraph.time.renderloop: [window 0x7f380ef04e40][render thread 0x7f380ed86040] syncAndRender: frame rendered in 0ms, sync=0, render=0, swap=0
2026-07-14 19:22:31.590 DEBUG qt.scenegraph.time.renderloop: [window 0x7f380ef04e40][gui thread] polishAndSync: start, elapsed since last call: 30 ms
2026-07-14 19:22:31.591 DEBUG qt.scenegraph.time.renderloop: [window 0x7f380ef04e40][render thread 0x7f380ed86040] syncAndRender: start, elapsed since last call: 30 ms
2026-07-14 19:22:31.591 DEBUG qt.scenegraph.time.renderloop: [window 0x7f380ef04e40][gui thread] Frame prepared, polish=0 ms, lock=0 ms, blockedForSync=0 ms, animations=0 ms
2026-07-14 19:22:31.591 DEBUG qt.scenegraph.time.renderer: time in renderer: total=0ms, preprocess=0, updates=0, rendering=0
2026-07-14 19:22:31.591 DEBUG qt.scenegraph.time.renderloop: [window 0x7f380ef04e40][render thread 0x7f380ed86040] syncAndRender: frame rendered in 0ms, sync=0, render=0, swap=0
2026-07-14 19:22:31.595 DEBUG qt.scenegraph.time.renderloop: [window 0x7f380ef04e40][gui thread] polishAndSync: start, elapsed since last call: 4 ms
2026-07-14 19:22:31.595 DEBUG qt.scenegraph.time.renderloop: [window 0x7f380ef04e40][render thread 0x7f380ed86040] syncAndRender: start, elapsed since last call: 4 ms
2026-07-14 19:22:31.595 DEBUG qt.scenegraph.time.renderloop: [window 0x7f380ef04e40][gui thread] Frame prepared, polish=0 ms, lock=0 ms, blockedForSync=0 ms, animations=0 ms
2026-07-14 19:22:31.595 DEBUG qt.scenegraph.time.renderer: time in renderer: total=0ms, preprocess=0, updates=0, rendering=0
2026-07-14 19:22:31.595 DEBUG qt.scenegraph.time.renderloop: [window 0x7f380ef04e40][render thread 0x7f380ed86040] syncAndRender: frame rendered in 0ms, sync=0, render=0, swap=0
2026-07-14 19:22:31.624 DEBUG qt.scenegraph.time.renderloop: [window 0x7f380ef04e40][gui thread] polishAndSync: start, elapsed since last call: 29 ms
2026-07-14 19:22:31.624 DEBUG qt.scenegraph.time.renderloop: [window 0x7f380ef04e40][render thread 0x7f380ed86040] syncAndRender: start, elapsed since last call: 29 ms
2026-07-14 19:22:31.625 DEBUG qt.scenegraph.time.renderloop: [window 0x7f380ef04e40][gui thread] Frame prepared, polish=0 ms, lock=0 ms, blockedForSync=0 ms, animations=0 ms
2026-07-14 19:22:31.625 DEBUG qt.scenegraph.time.renderer: time in renderer: total=0ms, preprocess=0, updates=0, rendering=0
2026-07-14 19:22:31.625 DEBUG qt.scenegraph.time.renderloop: [window 0x7f380ef04e40][render thread 0x7f380ed86040] syncAndRender: frame rendered in 0ms, sync=0, render=0, swap=0
2026-07-14 19:22:31.630 DEBUG qt.scenegraph.time.renderloop: [window 0x7f380ef04e40][gui thread] polishAndSync: start, elapsed since last call: 5 ms
2026-07-14 19:22:31.630 DEBUG qt.scenegraph.time.renderloop: [window 0x7f380ef04e40][render thread 0x7f380ed86040] syncAndRender: start, elapsed since last call: 5 ms
2026-07-14 19:22:31.630 DEBUG qt.scenegraph.time.renderloop: [window 0x7f380ef04e40][gui thread] Frame prepared, polish=0 ms, lock=0 ms, blockedForSync=0 ms, animations=0 ms
2026-07-14 19:22:31.630 DEBUG qt.scenegraph.time.renderer: time in renderer: total=0ms, preprocess=0, updates=0, rendering=0
2026-07-14 19:22:31.630 DEBUG qt.scenegraph.time.renderloop: [window 0x7f380ef04e40][render thread 0x7f380ed86040] syncAndRender: frame rendered in 0ms, sync=0, render=0, swap=0
2026-07-14 19:22:31.657 DEBUG qt.scenegraph.time.renderloop: [window 0x7f380ef04e40][gui thread] polishAndSync: start, elapsed since last call: 27 ms
2026-07-14 19:22:31.657 DEBUG qt.scenegraph.time.renderloop: [window 0x7f380ef04e40][render thread 0x7f380ed86040] syncAndRender: start, elapsed since last call: 27 ms
2026-07-14 19:22:31.657 DEBUG qt.scenegraph.time.renderloop: [window 0x7f380ef04e40][gui thread] Frame prepared, polish=0 ms, lock=0 ms, blockedForSync=0 ms, animations=0 ms
2026-07-14 19:22:31.657 DEBUG qt.scenegraph.time.renderer: time in renderer: total=0ms, preprocess=0, updates=0, rendering=0
2026-07-14 19:22:31.658 DEBUG qt.scenegraph.time.renderloop: [window 0x7f380ef04e40][render thread 0x7f380ed86040] syncAndRender: frame rendered in 0ms, sync=0, render=0, swap=0
2026-07-14 19:22:31.665 DEBUG qt.scenegraph.time.renderloop: [window 0x7f380ef04e40][gui thread] polishAndSync: start, elapsed since last call: 7 ms
2026-07-14 19:22:31.665 DEBUG qt.scenegraph.time.renderloop: [window 0x7f380ef04e40][render thread 0x7f380ed86040] syncAndRender: start, elapsed since last call: 7 ms
2026-07-14 19:22:31.665 DEBUG qt.scenegraph.time.renderloop: [window 0x7f380ef04e40][gui thread] Frame prepared, polish=0 ms, lock=0 ms, blockedForSync=0 ms, animations=0 ms
2026-07-14 19:22:31.665 DEBUG qt.scenegraph.time.renderer: time in renderer: total=0ms, preprocess=0, updates=0, rendering=0
2026-07-14 19:22:31.665 DEBUG qt.scenegraph.time.renderloop: [window 0x7f380ef04e40][render thread 0x7f380ed86040] syncAndRender: frame rendered in 0ms, sync=0, render=0, swap=0
2026-07-14 19:22:31.690 DEBUG qt.scenegraph.time.renderloop: [window 0x7f380ef04e40][gui thread] polishAndSync: start, elapsed since last call: 25 ms
2026-07-14 19:22:31.690 DEBUG qt.scenegraph.time.renderloop: [window 0x7f380ef04e40][render thread 0x7f380ed86040] syncAndRender: start, elapsed since last call: 25 ms
2026-07-14 19:22:31.690 DEBUG qt.scenegraph.time.renderloop: [window 0x7f380ef04e40][gui thread] Frame prepared, polish=0 ms, lock=0 ms, blockedForSync=0 ms, animations=0 ms
2026-07-14 19:22:31.690 DEBUG qt.scenegraph.time.renderer: time in renderer: total=0ms, preprocess=0, updates=0, rendering=0
2026-07-14 19:22:31.690 DEBUG qt.scenegraph.time.renderloop: [window 0x7f380ef04e40][render thread 0x7f380ed86040] syncAndRender: frame rendered in 0ms, sync=0, render=0, swap=0
2026-07-14 19:22:31.693 DEBUG qt.scenegraph.time.renderloop: [window 0x7f380ef04e40][gui thread] polishAndSync: start, elapsed since last call: 2 ms
2026-07-14 19:22:31.693 DEBUG qt.scenegraph.time.renderloop: [window 0x7f380ef04e40][render thread 0x7f380ed86040] syncAndRender: start, elapsed since last call: 2 ms
2026-07-14 19:22:31.693 DEBUG qt.scenegraph.time.renderloop: [window 0x7f380ef04e40][gui thread] Frame prepared, polish=0 ms, lock=0 ms, blockedForSync=0 ms, animations=0 ms
2026-07-14 19:22:31.693 DEBUG qt.scenegraph.time.renderer: time in renderer: total=0ms, preprocess=0, updates=0, rendering=0
2026-07-14 19:22:31.693 DEBUG qt.scenegraph.time.renderloop: [window 0x7f380ef04e40][render thread 0x7f380ed86040] syncAndRender: frame rendered in 0ms, sync=0, render=0, swap=0
2026-07-14 19:22:31.722 DEBUG qt.scenegraph.time.renderloop: [window 0x7f380ef04e40][gui thread] polishAndSync: start, elapsed since last call: 29 ms
2026-07-14 19:22:31.723 DEBUG qt.scenegraph.time.renderloop: [window 0x7f380ef04e40][render thread 0x7f380ed86040] syncAndRender: start, elapsed since last call: 30 ms
2026-07-14 19:22:31.723 DEBUG qt.scenegraph.time.renderloop: [window 0x7f380ef04e40][gui thread] Frame prepared, polish=0 ms, lock=0 ms, blockedForSync=0 ms, animations=0 ms
2026-07-14 19:22:31.723 DEBUG qt.scenegraph.time.renderer: time in renderer: total=0ms, preprocess=0, updates=0, rendering=0
2026-07-14 19:22:31.723 DEBUG qt.scenegraph.time.renderloop: [window 0x7f380ef04e40][render thread 0x7f380ed86040] syncAndRender: frame rendered in 0ms, sync=0, render=0, swap=0
2026-07-14 19:22:31.727 DEBUG qt.scenegraph.time.renderloop: [window 0x7f380ef04e40][gui thread] polishAndSync: start, elapsed since last call: 4 ms
2026-07-14 19:22:31.727 DEBUG qt.scenegraph.time.renderloop: [window 0x7f380ef04e40][render thread 0x7f380ed86040] syncAndRender: start, elapsed since last call: 4 ms
2026-07-14 19:22:31.727 DEBUG qt.scenegraph.time.renderloop: [window 0x7f380ef04e40][gui thread] Frame prepared, polish=0 ms, lock=0 ms, blockedForSync=0 ms, animations=0 ms
2026-07-14 19:22:31.727 DEBUG qt.scenegraph.time.renderer: time in renderer: total=0ms, preprocess=0, updates=0, rendering=0
2026-07-14 19:22:31.727 DEBUG qt.scenegraph.time.renderloop: [window 0x7f380ef04e40][render thread 0x7f380ed86040] syncAndRender: frame rendered in 0ms, sync=0, render=0, swap=0
2026-07-14 19:22:31.756 DEBUG qt.scenegraph.time.renderloop: [window 0x7f380ef04e40][gui thread] polishAndSync: start, elapsed since last call: 28 ms
2026-07-14 19:22:31.756 DEBUG qt.scenegraph.time.renderloop: [window 0x7f380ef04e40][render thread 0x7f380ed86040] syncAndRender: start, elapsed since last call: 28 ms
2026-07-14 19:22:31.756 DEBUG qt.scenegraph.time.renderloop: [window 0x7f380ef04e40][gui thread] Frame prepared, polish=0 ms, lock=0 ms, blockedForSync=0 ms, animations=0 ms
2026-07-14 19:22:31.756 DEBUG qt.scenegraph.time.renderer: time in renderer: total=0ms, preprocess=0, updates=0, rendering=0
2026-07-14 19:22:31.756 DEBUG qt.scenegraph.time.renderloop: [window 0x7f380ef04e40][render thread 0x7f380ed86040] syncAndRender: frame rendered in 0ms, sync=0, render=0, swap=0
2026-07-14 19:22:31.762 DEBUG qt.scenegraph.time.renderloop: [window 0x7f380ef04e40][gui thread] polishAndSync: start, elapsed since last call: 6 ms
2026-07-14 19:22:31.762 DEBUG qt.scenegraph.time.renderloop: [window 0x7f380ef04e40][render thread 0x7f380ed86040] syncAndRender: start, elapsed since last call: 5 ms
2026-07-14 19:22:31.762 DEBUG qt.scenegraph.time.renderloop: [window 0x7f380ef04e40][gui thread] Frame prepared, polish=0 ms, lock=0 ms, blockedForSync=0 ms, animations=0 ms
2026-07-14 19:22:31.762 DEBUG qt.scenegraph.time.renderer: time in renderer: total=0ms, preprocess=0, updates=0, rendering=0
2026-07-14 19:22:31.762 DEBUG qt.scenegraph.time.renderloop: [window 0x7f380ef04e40][render thread 0x7f380ed86040] syncAndRender: frame rendered in 0ms, sync=0, render=0, swap=0
2026-07-14 19:22:31.788 DEBUG qt.scenegraph.time.renderloop: [window 0x7f380ef04e40][gui thread] polishAndSync: start, elapsed since last call: 26 ms
2026-07-14 19:22:31.789 DEBUG qt.scenegraph.time.renderloop: [window 0x7f380ef04e40][render thread 0x7f380ed86040] syncAndRender: start, elapsed since last call: 26 ms
2026-07-14 19:22:31.789 DEBUG qt.scenegraph.time.renderloop: [window 0x7f380ef04e40][gui thread] Frame prepared, polish=0 ms, lock=0 ms, blockedForSync=0 ms, animations=0 ms
2026-07-14 19:22:31.789 DEBUG qt.scenegraph.time.renderer: time in renderer: total=0ms, preprocess=0, updates=0, rendering=0
2026-07-14 19:22:31.789 DEBUG qt.scenegraph.time.renderloop: [window 0x7f380ef04e40][render thread 0x7f380ed86040] syncAndRender: frame rendered in 0ms, sync=0, render=0, swap=0
2026-07-14 19:22:31.790 DEBUG qt.scenegraph.time.renderloop: [window 0x7f380ef04e40][gui thread] polishAndSync: start, elapsed since last call: 1 ms
2026-07-14 19:22:31.790 DEBUG qt.scenegraph.time.renderloop: [window 0x7f380ef04e40][render thread 0x7f380ed86040] syncAndRender: start, elapsed since last call: 1 ms
2026-07-14 19:22:31.790 DEBUG qt.scenegraph.time.renderloop: [window 0x7f380ef04e40][gui thread] Frame prepared, polish=0 ms, lock=0 ms, blockedForSync=0 ms, animations=0 ms
2026-07-14 19:22:31.790 DEBUG qt.scenegraph.time.renderer: time in renderer: total=0ms, preprocess=0, updates=0, rendering=0
2026-07-14 19:22:31.790 DEBUG qt.scenegraph.time.renderloop: [window 0x7f380ef04e40][render thread 0x7f380ed86040] syncAndRender: frame rendered in 0ms, sync=0, render=0, swap=0
2026-07-14 19:22:31.822 DEBUG qt.scenegraph.time.renderloop: [window 0x7f380ef04e40][gui thread] polishAndSync: start, elapsed since last call: 32 ms
2026-07-14 19:22:31.822 DEBUG qt.scenegraph.time.renderloop: [window 0x7f380ef04e40][render thread 0x7f380ed86040] syncAndRender: start, elapsed since last call: 32 ms
2026-07-14 19:22:31.822 DEBUG qt.scenegraph.time.renderloop: [window 0x7f380ef04e40][gui thread] Frame prepared, polish=0 ms, lock=0 ms, blockedForSync=0 ms, animations=0 ms
2026-07-14 19:22:31.822 DEBUG qt.scenegraph.time.renderer: time in renderer: total=0ms, preprocess=0, updates=0, rendering=0
2026-07-14 19:22:31.823 DEBUG qt.scenegraph.time.renderloop: [window 0x7f380ef04e40][render thread 0x7f380ed86040] syncAndRender: frame rendered in 0ms, sync=0, render=0, swap=0
2026-07-14 19:22:31.825 DEBUG qt.scenegraph.time.renderloop: [window 0x7f380ef04e40][gui thread] polishAndSync: start, elapsed since last call: 2 ms
2026-07-14 19:22:31.825 DEBUG qt.scenegraph.time.renderloop: [window 0x7f380ef04e40][render thread 0x7f380ed86040] syncAndRender: start, elapsed since last call: 2 ms
2026-07-14 19:22:31.825 DEBUG qt.scenegraph.time.renderloop: [window 0x7f380ef04e40][gui thread] Frame prepared, polish=0 ms, lock=0 ms, blockedForSync=0 ms, animations=0 ms
2026-07-14 19:22:31.825 DEBUG qt.scenegraph.time.renderer: time in renderer: total=0ms, preprocess=0, updates=0, rendering=0
2026-07-14 19:22:31.825 DEBUG qt.scenegraph.time.renderloop: [window 0x7f380ef04e40][render thread 0x7f380ed86040] syncAndRender: frame rendered in 0ms, sync=0, render=0, swap=0
2026-07-14 19:22:31.855 DEBUG qt.scenegraph.time.renderloop: [window 0x7f380ef04e40][gui thread] polishAndSync: start, elapsed since last call: 30 ms
2026-07-14 19:22:31.855 DEBUG qt.scenegraph.time.renderloop: [window 0x7f380ef04e40][render thread 0x7f380ed86040] syncAndRender: start, elapsed since last call: 30 ms
2026-07-14 19:22:31.855 DEBUG qt.scenegraph.time.renderloop: [window 0x7f380ef04e40][gui thread] Frame prepared, polish=0 ms, lock=0 ms, blockedForSync=0 ms, animations=0 ms
2026-07-14 19:22:31.855 DEBUG qt.scenegraph.time.renderer: time in renderer: total=0ms, preprocess=0, updates=0, rendering=0
2026-07-14 19:22:31.855 DEBUG qt.scenegraph.time.renderloop: [window 0x7f380ef04e40][render thread 0x7f380ed86040] syncAndRender: frame rendered in 0ms, sync=0, render=0, swap=0
2026-07-14 19:22:31.859 DEBUG qt.scenegraph.time.renderloop: [window 0x7f380ef04e40][gui thread] polishAndSync: start, elapsed since last call: 4 ms
2026-07-14 19:22:31.859 DEBUG qt.scenegraph.time.renderloop: [window 0x7f380ef04e40][render thread 0x7f380ed86040] syncAndRender: start, elapsed since last call: 4 ms
2026-07-14 19:22:31.859 DEBUG qt.scenegraph.time.renderloop: [window 0x7f380ef04e40][gui thread] Frame prepared, polish=0 ms, lock=0 ms, blockedForSync=0 ms, animations=0 ms
2026-07-14 19:22:31.859 DEBUG qt.scenegraph.time.renderer: time in renderer: total=0ms, preprocess=0, updates=0, rendering=0
2026-07-14 19:22:31.859 DEBUG qt.scenegraph.time.renderloop: [window 0x7f380ef04e40][render thread 0x7f380ed86040] syncAndRender: frame rendered in 0ms, sync=0, render=0, swap=0
2026-07-14 19:22:31.887 DEBUG qt.scenegraph.time.renderloop: [window 0x7f380ef04e40][gui thread] polishAndSync: start, elapsed since last call: 28 ms
2026-07-14 19:22:31.888 DEBUG qt.scenegraph.time.renderloop: [window 0x7f380ef04e40][render thread 0x7f380ed86040] syncAndRender: start, elapsed since last call: 28 ms
2026-07-14 19:22:31.888 DEBUG qt.scenegraph.time.renderloop: [window 0x7f380ef04e40][gui thread] Frame prepared, polish=0 ms, lock=0 ms, blockedForSync=0 ms, animations=0 ms
2026-07-14 19:22:31.888 DEBUG qt.scenegraph.time.renderer: time in renderer: total=0ms, preprocess=0, updates=0, rendering=0
2026-07-14 19:22:31.888 DEBUG qt.scenegraph.time.renderloop: [window 0x7f380ef04e40][render thread 0x7f380ed86040] syncAndRender: frame rendered in 0ms, sync=0, render=0, swap=0
2026-07-14 19:22:31.894 DEBUG qt.scenegraph.time.renderloop: [window 0x7f380ef04e40][gui thread] polishAndSync: start, elapsed since last call: 6 ms
2026-07-14 19:22:31.894 DEBUG qt.scenegraph.time.renderloop: [window 0x7f380ef04e40][render thread 0x7f380ed86040] syncAndRender: start, elapsed since last call: 6 ms
2026-07-14 19:22:31.894 DEBUG qt.scenegraph.time.renderloop: [window 0x7f380ef04e40][gui thread] Frame prepared, polish=0 ms, lock=0 ms, blockedForSync=0 ms, animations=0 ms
2026-07-14 19:22:31.894 DEBUG qt.scenegraph.time.renderer: time in renderer: total=0ms, preprocess=0, updates=0, rendering=0
2026-07-14 19:22:31.894 DEBUG qt.scenegraph.time.renderloop: [window 0x7f380ef04e40][render thread 0x7f380ed86040] syncAndRender: frame rendered in 0ms, sync=0, render=0, swap=0
2026-07-14 19:22:31.921 DEBUG qt.scenegraph.time.renderloop: [window 0x7f380ef04e40][gui thread] polishAndSync: start, elapsed since last call: 27 ms
2026-07-14 19:22:31.921 DEBUG qt.scenegraph.time.renderloop: [window 0x7f380ef04e40][render thread 0x7f380ed86040] syncAndRender: start, elapsed since last call: 27 ms
2026-07-14 19:22:31.921 DEBUG qt.scenegraph.time.renderloop: [window 0x7f380ef04e40][gui thread] Frame prepared, polish=0 ms, lock=0 ms, blockedForSync=0 ms, animations=0 ms
2026-07-14 19:22:31.922 DEBUG qt.scenegraph.time.renderer: time in renderer: total=0ms, preprocess=0, updates=0, rendering=0
2026-07-14 19:22:31.922 DEBUG qt.scenegraph.time.renderloop: [window 0x7f380ef04e40][render thread 0x7f380ed86040] syncAndRender: frame rendered in 0ms, sync=0, render=0, swap=0
2026-07-14 19:22:31.929 DEBUG qt.scenegraph.time.renderloop: [window 0x7f380ef04e40][gui thread] polishAndSync: start, elapsed since last call: 7 ms
2026-07-14 19:22:31.929 DEBUG qt.scenegraph.time.renderloop: [window 0x7f380ef04e40][render thread 0x7f380ed86040] syncAndRender: start, elapsed since last call: 7 ms
2026-07-14 19:22:31.929 DEBUG qt.scenegraph.time.renderloop: [window 0x7f380ef04e40][gui thread] Frame prepared, polish=0 ms, lock=0 ms, blockedForSync=0 ms, animations=0 ms
2026-07-14 19:22:31.929 DEBUG qt.scenegraph.time.renderer: time in renderer: total=0ms, preprocess=0, updates=0, rendering=0
2026-07-14 19:22:31.929 DEBUG qt.scenegraph.time.renderloop: [window 0x7f380ef04e40][render thread 0x7f380ed86040] syncAndRender: frame rendered in 0ms, sync=0, render=0, swap=0
2026-07-14 19:22:31.954 DEBUG qt.scenegraph.time.renderloop: [window 0x7f380ef04e40][gui thread] polishAndSync: start, elapsed since last call: 25 ms
2026-07-14 19:22:31.954 DEBUG qt.scenegraph.time.renderloop: [window 0x7f380ef04e40][render thread 0x7f380ed86040] syncAndRender: start, elapsed since last call: 25 ms
2026-07-14 19:22:31.954 DEBUG qt.scenegraph.time.renderloop: [window 0x7f380ef04e40][gui thread] Frame prepared, polish=0 ms, lock=0 ms, blockedForSync=0 ms, animations=0 ms
2026-07-14 19:22:31.954 DEBUG qt.scenegraph.time.renderer: time in renderer: total=0ms, preprocess=0, updates=0, rendering=0
2026-07-14 19:22:31.954 DEBUG qt.scenegraph.time.renderloop: [window 0x7f380ef04e40][render thread 0x7f380ed86040] syncAndRender: frame rendered in 0ms, sync=0, render=0, swap=0
2026-07-14 19:22:31.956 DEBUG qt.scenegraph.time.renderloop: [window 0x7f380ef04e40][gui thread] polishAndSync: start, elapsed since last call: 2 ms
2026-07-14 19:22:31.956 DEBUG qt.scenegraph.time.renderloop: [window 0x7f380ef04e40][render thread 0x7f380ed86040] syncAndRender: start, elapsed since last call: 2 ms
2026-07-14 19:22:31.956 DEBUG qt.scenegraph.time.renderloop: [window 0x7f380ef04e40][gui thread] Frame prepared, polish=0 ms, lock=0 ms, blockedForSync=0 ms, animations=0 ms
2026-07-14 19:22:31.956 DEBUG qt.scenegraph.time.renderer: time in renderer: total=0ms, preprocess=0, updates=0, rendering=0
2026-07-14 19:22:31.957 DEBUG qt.scenegraph.time.renderloop: [window 0x7f380ef04e40][render thread 0x7f380ed86040] syncAndRender: frame rendered in 0ms, sync=0, render=0, swap=0
2026-07-14 19:22:31.986 DEBUG qt.scenegraph.time.renderloop: [window 0x7f380ef04e40][gui thread] polishAndSync: start, elapsed since last call: 30 ms
2026-07-14 19:22:31.987 DEBUG qt.scenegraph.time.renderloop: [window 0x7f380ef04e40][render thread 0x7f380ed86040] syncAndRender: start, elapsed since last call: 30 ms
2026-07-14 19:22:31.987 DEBUG qt.scenegraph.time.renderloop: [window 0x7f380ef04e40][gui thread] Frame prepared, polish=0 ms, lock=0 ms, blockedForSync=0 ms, animations=0 ms
2026-07-14 19:22:31.987 DEBUG qt.scenegraph.time.renderer: time in renderer: total=0ms, preprocess=0, updates=0, rendering=0
2026-07-14 19:22:31.987 DEBUG qt.scenegraph.time.renderloop: [window 0x7f380ef04e40][render thread 0x7f380ed86040] syncAndRender: frame rendered in 0ms, sync=0, render=0, swap=0
2026-07-14 19:22:31.991 DEBUG qt.scenegraph.time.renderloop: [window 0x7f380ef04e40][gui thread] polishAndSync: start, elapsed since last call: 4 ms
2026-07-14 19:22:31.991 DEBUG qt.scenegraph.time.renderloop: [window 0x7f380ef04e40][render thread 0x7f380ed86040] syncAndRender: start, elapsed since last call: 4 ms
2026-07-14 19:22:31.991 DEBUG qt.scenegraph.time.renderloop: [window 0x7f380ef04e40][gui thread] Frame prepared, polish=0 ms, lock=0 ms, blockedForSync=0 ms, animations=0 ms
2026-07-14 19:22:31.991 DEBUG qt.scenegraph.time.renderer: time in renderer: total=0ms, preprocess=0, updates=0, rendering=0
2026-07-14 19:22:31.991 DEBUG qt.scenegraph.time.renderloop: [window 0x7f380ef04e40][render thread 0x7f380ed86040] syncAndRender: frame rendered in 0ms, sync=0, render=0, swap=0
2026-07-14 19:22:32.019 DEBUG qt.scenegraph.time.renderloop: [window 0x7f380ef04e40][gui thread] polishAndSync: start, elapsed since last call: 28 ms
2026-07-14 19:22:32.020 DEBUG qt.scenegraph.time.renderloop: [window 0x7f380ef04e40][render thread 0x7f380ed86040] syncAndRender: start, elapsed since last call: 28 ms
2026-07-14 19:22:32.020 DEBUG qt.scenegraph.time.renderloop: [window 0x7f380ef04e40][gui thread] Frame prepared, polish=0 ms, lock=0 ms, blockedForSync=0 ms, animations=0 ms
2026-07-14 19:22:32.020 DEBUG qt.scenegraph.time.renderer: time in renderer: total=0ms, preprocess=0, updates=0, rendering=0
2026-07-14 19:22:32.020 DEBUG qt.scenegraph.time.renderloop: [window 0x7f380ef04e40][render thread 0x7f380ed86040] syncAndRender: frame rendered in 0ms, sync=0, render=0, swap=0
2026-07-14 19:22:32.026 DEBUG qt.scenegraph.time.renderloop: [window 0x7f380ef04e40][gui thread] polishAndSync: start, elapsed since last call: 6 ms
2026-07-14 19:22:32.026 DEBUG qt.scenegraph.time.renderloop: [window 0x7f380ef04e40][render thread 0x7f380ed86040] syncAndRender: start, elapsed since last call: 6 ms
2026-07-14 19:22:32.026 DEBUG qt.scenegraph.time.renderloop: [window 0x7f380ef04e40][gui thread] Frame prepared, polish=0 ms, lock=0 ms, blockedForSync=0 ms, animations=0 ms
2026-07-14 19:22:32.026 DEBUG qt.scenegraph.time.renderer: time in renderer: total=0ms, preprocess=0, updates=0, rendering=0
2026-07-14 19:22:32.026 DEBUG qt.scenegraph.time.renderloop: [window 0x7f380ef04e40][render thread 0x7f380ed86040] syncAndRender: frame rendered in 0ms, sync=0, render=0, swap=0
2026-07-14 19:22:32.053 DEBUG qt.scenegraph.time.renderloop: [window 0x7f380ef04e40][gui thread] polishAndSync: start, elapsed since last call: 27 ms
2026-07-14 19:22:32.054 DEBUG qt.scenegraph.time.renderloop: [window 0x7f380ef04e40][render thread 0x7f380ed86040] syncAndRender: start, elapsed since last call: 27 ms
2026-07-14 19:22:32.054 DEBUG qt.scenegraph.time.renderloop: [window 0x7f380ef04e40][gui thread] Frame prepared, polish=0 ms, lock=0 ms, blockedForSync=0 ms, animations=0 ms
2026-07-14 19:22:32.054 DEBUG qt.scenegraph.time.renderer: time in renderer: total=0ms, preprocess=0, updates=0, rendering=0
2026-07-14 19:22:32.054 DEBUG qt.scenegraph.time.renderloop: [window 0x7f380ef04e40][render thread 0x7f380ed86040] syncAndRender: frame rendered in 0ms, sync=0, render=0, swap=0
2026-07-14 19:22:32.061 DEBUG qt.scenegraph.time.renderloop: [window 0x7f380ef04e40][gui thread] polishAndSync: start, elapsed since last call: 7 ms
2026-07-14 19:22:32.061 DEBUG qt.scenegraph.time.renderloop: [window 0x7f380ef04e40][render thread 0x7f380ed86040] syncAndRender: start, elapsed since last call: 7 ms
2026-07-14 19:22:32.061 DEBUG qt.scenegraph.time.renderloop: [window 0x7f380ef04e40][gui thread] Frame prepared, polish=0 ms, lock=0 ms, blockedForSync=0 ms, animations=0 ms
2026-07-14 19:22:32.061 DEBUG qt.scenegraph.time.renderer: time in renderer: total=0ms, preprocess=0, updates=0, rendering=0
2026-07-14 19:22:32.061 DEBUG qt.scenegraph.time.renderloop: [window 0x7f380ef04e40][render thread 0x7f380ed86040] syncAndRender: frame rendered in 0ms, sync=0, render=0, swap=0
2026-07-14 19:22:32.086 DEBUG qt.scenegraph.time.renderloop: [window 0x7f380ef04e40][gui thread] polishAndSync: start, elapsed since last call: 25 ms
2026-07-14 19:22:32.086 DEBUG qt.scenegraph.time.renderloop: [window 0x7f380ef04e40][render thread 0x7f380ed86040] syncAndRender: start, elapsed since last call: 25 ms
2026-07-14 19:22:32.086 DEBUG qt.scenegraph.time.renderloop: [window 0x7f380ef04e40][gui thread] Frame prepared, polish=0 ms, lock=0 ms, blockedForSync=0 ms, animations=0 ms
2026-07-14 19:22:32.086 DEBUG qt.scenegraph.time.renderer: time in renderer: total=0ms, preprocess=0, updates=0, rendering=0
2026-07-14 19:22:32.087 DEBUG qt.scenegraph.time.renderloop: [window 0x7f380ef04e40][render thread 0x7f380ed86040] syncAndRender: frame rendered in 0ms, sync=0, render=0, swap=0
2026-07-14 19:22:32.089 DEBUG qt.scenegraph.time.renderloop: [window 0x7f380ef04e40][gui thread] polishAndSync: start, elapsed since last call: 2 ms
2026-07-14 19:22:32.089 DEBUG qt.scenegraph.time.renderloop: [window 0x7f380ef04e40][render thread 0x7f380ed86040] syncAndRender: start, elapsed since last call: 2 ms
2026-07-14 19:22:32.089 DEBUG qt.scenegraph.time.renderloop: [window 0x7f380ef04e40][gui thread] Frame prepared, polish=0 ms, lock=0 ms, blockedForSync=0 ms, animations=0 ms
2026-07-14 19:22:32.089 DEBUG qt.scenegraph.time.renderer: time in renderer: total=0ms, preprocess=0, updates=0, rendering=0
2026-07-14 19:22:32.089 DEBUG qt.scenegraph.time.renderloop: [window 0x7f380ef04e40][render thread 0x7f380ed86040] syncAndRender: frame rendered in 0ms, sync=0, render=0, swap=0
2026-07-14 19:22:32.119 DEBUG qt.scenegraph.time.renderloop: [window 0x7f380ef04e40][gui thread] polishAndSync: start, elapsed since last call: 30 ms
2026-07-14 19:22:32.119 DEBUG qt.scenegraph.time.renderloop: [window 0x7f380ef04e40][render thread 0x7f380ed86040] syncAndRender: start, elapsed since last call: 30 ms
2026-07-14 19:22:32.119 DEBUG qt.scenegraph.time.renderloop: [window 0x7f380ef04e40][gui thread] Frame prepared, polish=0 ms, lock=0 ms, blockedForSync=0 ms, animations=0 ms
2026-07-14 19:22:32.119 DEBUG qt.scenegraph.time.renderer: time in renderer: total=0ms, preprocess=0, updates=0, rendering=0
2026-07-14 19:22:32.120 DEBUG qt.scenegraph.time.renderloop: [window 0x7f380ef04e40][render thread 0x7f380ed86040] syncAndRender: frame rendered in 0ms, sync=0, render=0, swap=0
2026-07-14 19:22:32.123 DEBUG qt.scenegraph.time.renderloop: [window 0x7f380ef04e40][gui thread] polishAndSync: start, elapsed since last call: 4 ms
2026-07-14 19:22:32.123 DEBUG qt.scenegraph.time.renderloop: [window 0x7f380ef04e40][render thread 0x7f380ed86040] syncAndRender: start, elapsed since last call: 4 ms
2026-07-14 19:22:32.123 DEBUG qt.scenegraph.time.renderloop: [window 0x7f380ef04e40][gui thread] Frame prepared, polish=0 ms, lock=0 ms, blockedForSync=0 ms, animations=0 ms
2026-07-14 19:22:32.123 DEBUG qt.scenegraph.time.renderer: time in renderer: total=0ms, preprocess=0, updates=0, rendering=0
2026-07-14 19:22:32.124 DEBUG qt.scenegraph.time.renderloop: [window 0x7f380ef04e40][render thread 0x7f380ed86040] syncAndRender: frame rendered in 0ms, sync=0, render=0, swap=0
2026-07-14 19:22:32.151 DEBUG qt.scenegraph.time.renderloop: [window 0x7f380ef04e40][gui thread] polishAndSync: start, elapsed since last call: 28 ms
2026-07-14 19:22:32.152 DEBUG qt.scenegraph.time.renderloop: [window 0x7f380ef04e40][render thread 0x7f380ed86040] syncAndRender: start, elapsed since last call: 28 ms
2026-07-14 19:22:32.152 DEBUG qt.scenegraph.time.renderloop: [window 0x7f380ef04e40][gui thread] Frame prepared, polish=0 ms, lock=0 ms, blockedForSync=0 ms, animations=0 ms
2026-07-14 19:22:32.152 DEBUG qt.scenegraph.time.renderer: time in renderer: total=0ms, preprocess=0, updates=0, rendering=0
2026-07-14 19:22:32.152 DEBUG qt.scenegraph.time.renderloop: [window 0x7f380ef04e40][render thread 0x7f380ed86040] syncAndRender: frame rendered in 0ms, sync=0, render=0, swap=0
2026-07-14 19:22:32.158 DEBUG qt.scenegraph.time.renderloop: [window 0x7f380ef04e40][gui thread] polishAndSync: start, elapsed since last call: 6 ms
2026-07-14 19:22:32.158 DEBUG qt.scenegraph.time.renderloop: [window 0x7f380ef04e40][render thread 0x7f380ed86040] syncAndRender: start, elapsed since last call: 6 ms
2026-07-14 19:22:32.158 DEBUG qt.scenegraph.time.renderloop: [window 0x7f380ef04e40][gui thread] Frame prepared, polish=0 ms, lock=0 ms, blockedForSync=0 ms, animations=0 ms
2026-07-14 19:22:32.158 DEBUG qt.scenegraph.time.renderer: time in renderer: total=0ms, preprocess=0, updates=0, rendering=0
2026-07-14 19:22:32.158 DEBUG qt.scenegraph.time.renderloop: [window 0x7f380ef04e40][render thread 0x7f380ed86040] syncAndRender: frame rendered in 0ms, sync=0, render=0, swap=0
2026-07-14 19:22:32.185 DEBUG qt.scenegraph.time.renderloop: [window 0x7f380ef04e40][gui thread] polishAndSync: start, elapsed since last call: 27 ms
2026-07-14 19:22:32.186 DEBUG qt.scenegraph.time.renderloop: [window 0x7f380ef04e40][render thread 0x7f380ed86040] syncAndRender: start, elapsed since last call: 27 ms
2026-07-14 19:22:32.186 DEBUG qt.scenegraph.time.renderloop: [window 0x7f380ef04e40][gui thread] Frame prepared, polish=0 ms, lock=0 ms, blockedForSync=0 ms, animations=0 ms
2026-07-14 19:22:32.186 DEBUG qt.scenegraph.time.renderer: time in renderer: total=0ms, preprocess=0, updates=0, rendering=0
2026-07-14 19:22:32.186 DEBUG qt.scenegraph.time.renderloop: [window 0x7f380ef04e40][render thread 0x7f380ed86040] syncAndRender: frame rendered in 0ms, sync=0, render=0, swap=0
2026-07-14 19:22:32.193 DEBUG qt.scenegraph.time.renderloop: [window 0x7f380ef04e40][gui thread] polishAndSync: start, elapsed since last call: 7 ms
2026-07-14 19:22:32.193 DEBUG qt.scenegraph.time.renderloop: [window 0x7f380ef04e40][render thread 0x7f380ed86040] syncAndRender: start, elapsed since last call: 7 ms
2026-07-14 19:22:32.193 DEBUG qt.scenegraph.time.renderloop: [window 0x7f380ef04e40][gui thread] Frame prepared, polish=0 ms, lock=0 ms, blockedForSync=0 ms, animations=0 ms
2026-07-14 19:22:32.193 DEBUG qt.scenegraph.time.renderer: time in renderer: total=0ms, preprocess=0, updates=0, rendering=0
2026-07-14 19:22:32.193 DEBUG qt.scenegraph.time.renderloop: [window 0x7f380ef04e40][render thread 0x7f380ed86040] syncAndRender: frame rendered in 0ms, sync=0, render=0, swap=0
2026-07-14 19:22:32.218 DEBUG qt.scenegraph.time.renderloop: [window 0x7f380ef04e40][gui thread] polishAndSync: start, elapsed since last call: 25 ms
2026-07-14 19:22:32.219 DEBUG qt.scenegraph.time.renderloop: [window 0x7f380ef04e40][render thread 0x7f380ed86040] syncAndRender: start, elapsed since last call: 25 ms
2026-07-14 19:22:32.219 DEBUG qt.scenegraph.time.renderloop: [window 0x7f380ef04e40][gui thread] Frame prepared, polish=0 ms, lock=0 ms, blockedForSync=0 ms, animations=0 ms
2026-07-14 19:22:32.219 DEBUG qt.scenegraph.time.renderer: time in renderer: total=0ms, preprocess=0, updates=0, rendering=0
2026-07-14 19:22:32.219 DEBUG qt.scenegraph.time.renderloop: [window 0x7f380ef04e40][render thread 0x7f380ed86040] syncAndRender: frame rendered in 0ms, sync=0, render=0, swap=0
2026-07-14 19:22:32.221 DEBUG qt.scenegraph.time.renderloop: [window 0x7f380ef04e40][gui thread] polishAndSync: start, elapsed since last call: 2 ms
2026-07-14 19:22:32.221 DEBUG qt.scenegraph.time.renderloop: [window 0x7f380ef04e40][render thread 0x7f380ed86040] syncAndRender: start, elapsed since last call: 2 ms
2026-07-14 19:22:32.221 DEBUG qt.scenegraph.time.renderloop: [window 0x7f380ef04e40][gui thread] Frame prepared, polish=0 ms, lock=0 ms, blockedForSync=0 ms, animations=0 ms
2026-07-14 19:22:32.221 DEBUG qt.scenegraph.time.renderer: time in renderer: total=0ms, preprocess=0, updates=0, rendering=0
2026-07-14 19:22:32.221 DEBUG qt.scenegraph.time.renderloop: [window 0x7f380ef04e40][render thread 0x7f380ed86040] syncAndRender: frame rendered in 0ms, sync=0, render=0, swap=0
2026-07-14 19:22:32.251 DEBUG qt.scenegraph.time.renderloop: [window 0x7f380ef04e40][gui thread] polishAndSync: start, elapsed since last call: 30 ms
2026-07-14 19:22:32.251 DEBUG qt.scenegraph.time.renderloop: [window 0x7f380ef04e40][render thread 0x7f380ed86040] syncAndRender: start, elapsed since last call: 30 ms
2026-07-14 19:22:32.251 DEBUG qt.scenegraph.time.renderloop: [window 0x7f380ef04e40][gui thread] Frame prepared, polish=0 ms, lock=0 ms, blockedForSync=0 ms, animations=0 ms
2026-07-14 19:22:32.251 DEBUG qt.scenegraph.time.renderer: time in renderer: total=0ms, preprocess=0, updates=0, rendering=0
2026-07-14 19:22:32.252 DEBUG qt.scenegraph.time.renderloop: [window 0x7f380ef04e40][render thread 0x7f380ed86040] syncAndRender: frame rendered in 0ms, sync=0, render=0, swap=0
2026-07-14 19:22:32.255 DEBUG qt.scenegraph.time.renderloop: [window 0x7f380ef04e40][gui thread] polishAndSync: start, elapsed since last call: 4 ms
2026-07-14 19:22:32.255 DEBUG qt.scenegraph.time.renderloop: [window 0x7f380ef04e40][render thread 0x7f380ed86040] syncAndRender: start, elapsed since last call: 4 ms
2026-07-14 19:22:32.255 DEBUG qt.scenegraph.time.renderloop: [window 0x7f380ef04e40][gui thread] Frame prepared, polish=0 ms, lock=0 ms, blockedForSync=0 ms, animations=0 ms
2026-07-14 19:22:32.255 DEBUG qt.scenegraph.time.texture: atlastexture upload enqueued in: -9223357646860ms (16x16)
2026-07-14 19:22:32.256 DEBUG qt.scenegraph.time.texture: atlastexture upload enqueued in: -9223357646860ms (36x14)
2026-07-14 19:22:32.256 DEBUG qt.scenegraph.time.renderer: time in renderer: total=0ms, preprocess=0, updates=0, rendering=0
2026-07-14 19:22:32.256 DEBUG qt.scenegraph.time.renderloop: [window 0x7f380ef04e40][render thread 0x7f380ed86040] syncAndRender: frame rendered in 0ms, sync=0, render=0, swap=0
2026-07-14 19:22:32.262 DEBUG qt.scenegraph.time.renderloop: [window 0x7f380ef04e40][gui thread] polishAndSync: start, elapsed since last call: 6 ms
2026-07-14 19:22:32.262 DEBUG qt.scenegraph.time.renderloop: [window 0x7f380ef04e40][render thread 0x7f380ed86040] syncAndRender: start, elapsed since last call: 6 ms
2026-07-14 19:22:32.262 DEBUG qt.scenegraph.time.renderloop: [window 0x7f380ef04e40][gui thread] Frame prepared, polish=0 ms, lock=0 ms, blockedForSync=0 ms, animations=0 ms
2026-07-14 19:22:32.263 DEBUG qt.scenegraph.time.texture: atlastexture upload enqueued in: -9223357646853ms (36x14)
2026-07-14 19:22:32.263 DEBUG qt.scenegraph.time.renderer: time in renderer: total=0ms, preprocess=0, updates=0, rendering=0
2026-07-14 19:22:32.263 DEBUG qt.scenegraph.time.renderloop: [window 0x7f380ef04e40][render thread 0x7f380ed86040] syncAndRender: frame rendered in 0ms, sync=0, render=0, swap=0
2026-07-14 19:22:32.284 DEBUG qt.scenegraph.time.renderloop: [window 0x7f380ef04e40][gui thread] polishAndSync: start, elapsed since last call: 21 ms
2026-07-14 19:22:32.286 DEBUG qt.scenegraph.time.renderloop: [window 0x7f380ef04e40][render thread 0x7f380ed86040] syncAndRender: start, elapsed since last call: 23 ms
2026-07-14 19:22:32.286 DEBUG qt.scenegraph.time.renderloop: [window 0x7f380ef04e40][gui thread] Frame prepared, polish=2 ms, lock=0 ms, blockedForSync=0 ms, animations=0 ms
2026-07-14 19:22:32.286 DEBUG qt.scenegraph.time.renderer: time in renderer: total=0ms, preprocess=0, updates=0, rendering=0
2026-07-14 19:22:32.286 DEBUG qt.scenegraph.time.renderloop: [window 0x7f380ef04e40][render thread 0x7f380ed86040] syncAndRender: frame rendered in 0ms, sync=0, render=0, swap=0
2026-07-14 19:22:32.290 DEBUG qt.scenegraph.time.renderloop: [window 0x7f380ef04e40][gui thread] polishAndSync: start, elapsed since last call: 6 ms
2026-07-14 19:22:32.290 DEBUG qt.scenegraph.time.renderloop: [window 0x7f380ef04e40][render thread 0x7f380ed86040] syncAndRender: start, elapsed since last call: 4 ms
2026-07-14 19:22:32.290 DEBUG qt.scenegraph.time.renderloop: [window 0x7f380ef04e40][gui thread] Frame prepared, polish=0 ms, lock=0 ms, blockedForSync=0 ms, animations=0 ms
2026-07-14 19:22:32.290 DEBUG qt.scenegraph.time.renderer: time in renderer: total=0ms, preprocess=0, updates=0, rendering=0
2026-07-14 19:22:32.291 DEBUG qt.scenegraph.time.renderloop: [window 0x7f380ef04e40][render thread 0x7f380ed86040] syncAndRender: frame rendered in 0ms, sync=0, render=0, swap=0
2026-07-14 19:22:32.316 DEBUG qt.scenegraph.time.renderloop: [window 0x7f380ef04e40][gui thread] polishAndSync: start, elapsed since last call: 25 ms
2026-07-14 19:22:32.317 DEBUG qt.scenegraph.time.renderloop: [window 0x7f380ef04e40][render thread 0x7f380ed86040] syncAndRender: start, elapsed since last call: 26 ms
2026-07-14 19:22:32.317 DEBUG qt.scenegraph.time.renderloop: [window 0x7f380ef04e40][gui thread] Frame prepared, polish=0 ms, lock=0 ms, blockedForSync=0 ms, animations=0 ms
2026-07-14 19:22:32.317 DEBUG qt.scenegraph.time.renderer: time in renderer: total=0ms, preprocess=0, updates=0, rendering=0
2026-07-14 19:22:32.317 DEBUG qt.scenegraph.time.renderloop: [window 0x7f380ef04e40][render thread 0x7f380ed86040] syncAndRender: frame rendered in 0ms, sync=0, render=0, swap=0
2026-07-14 19:22:32.318 DEBUG qt.scenegraph.time.renderloop: [window 0x7f380ef04e40][gui thread] polishAndSync: start, elapsed since last call: 1 ms
2026-07-14 19:22:32.318 DEBUG qt.scenegraph.time.renderloop: [window 0x7f380ef04e40][render thread 0x7f380ed86040] syncAndRender: start, elapsed since last call: 1 ms
2026-07-14 19:22:32.318 DEBUG qt.scenegraph.time.renderloop: [window 0x7f380ef04e40][gui thread] Frame prepared, polish=0 ms, lock=0 ms, blockedForSync=0 ms, animations=0 ms
2026-07-14 19:22:32.318 DEBUG qt.scenegraph.time.renderer: time in renderer: total=0ms, preprocess=0, updates=0, rendering=0
2026-07-14 19:22:32.318 DEBUG qt.scenegraph.time.renderloop: [window 0x7f380ef04e40][render thread 0x7f380ed86040] syncAndRender: frame rendered in 0ms, sync=0, render=0, swap=0
2026-07-14 19:22:32.350 DEBUG qt.scenegraph.time.renderloop: [window 0x7f380ef04e40][gui thread] polishAndSync: start, elapsed since last call: 32 ms
2026-07-14 19:22:32.350 DEBUG qt.scenegraph.time.renderloop: [window 0x7f380ef04e40][render thread 0x7f380ed86040] syncAndRender: start, elapsed since last call: 32 ms
2026-07-14 19:22:32.350 DEBUG qt.scenegraph.time.renderloop: [window 0x7f380ef04e40][gui thread] Frame prepared, polish=0 ms, lock=0 ms, blockedForSync=0 ms, animations=0 ms
2026-07-14 19:22:32.350 DEBUG qt.scenegraph.time.renderer: time in renderer: total=0ms, preprocess=0, updates=0, rendering=0
2026-07-14 19:22:32.351 DEBUG qt.scenegraph.time.renderloop: [window 0x7f380ef04e40][render thread 0x7f380ed86040] syncAndRender: frame rendered in 0ms, sync=0, render=0, swap=0
2026-07-14 19:22:32.353 DEBUG qt.scenegraph.time.renderloop: [window 0x7f380ef04e40][gui thread] polishAndSync: start, elapsed since last call: 2 ms
2026-07-14 19:22:32.353 DEBUG qt.scenegraph.time.renderloop: [window 0x7f380ef04e40][render thread 0x7f380ed86040] syncAndRender: start, elapsed since last call: 2 ms
2026-07-14 19:22:32.353 DEBUG qt.scenegraph.time.renderloop: [window 0x7f380ef04e40][gui thread] Frame prepared, polish=0 ms, lock=0 ms, blockedForSync=0 ms, animations=0 ms
2026-07-14 19:22:32.353 DEBUG qt.scenegraph.time.renderer: time in renderer: total=0ms, preprocess=0, updates=0, rendering=0
2026-07-14 19:22:32.353 DEBUG qt.scenegraph.time.renderloop: [window 0x7f380ef04e40][render thread 0x7f380ed86040] syncAndRender: frame rendered in 0ms, sync=0, render=0, swap=0
2026-07-14 19:22:32.383 DEBUG qt.scenegraph.time.renderloop: [window 0x7f380ef04e40][gui thread] polishAndSync: start, elapsed since last call: 30 ms
2026-07-14 19:22:32.383 DEBUG qt.scenegraph.time.renderloop: [window 0x7f380ef04e40][render thread 0x7f380ed86040] syncAndRender: start, elapsed since last call: 30 ms
2026-07-14 19:22:32.383 DEBUG qt.scenegraph.time.renderloop: [window 0x7f380ef04e40][gui thread] Frame prepared, polish=0 ms, lock=0 ms, blockedForSync=0 ms, animations=0 ms
2026-07-14 19:22:32.383 DEBUG qt.scenegraph.time.renderer: time in renderer: total=0ms, preprocess=0, updates=0, rendering=0
2026-07-14 19:22:32.384 DEBUG qt.scenegraph.time.renderloop: [window 0x7f380ef04e40][render thread 0x7f380ed86040] syncAndRender: frame rendered in 0ms, sync=0, render=0, swap=0
2026-07-14 19:22:32.387 DEBUG qt.scenegraph.time.renderloop: [window 0x7f380ef04e40][gui thread] polishAndSync: start, elapsed since last call: 4 ms
2026-07-14 19:22:32.387 DEBUG qt.scenegraph.time.renderloop: [window 0x7f380ef04e40][render thread 0x7f380ed86040] syncAndRender: start, elapsed since last call: 4 ms
2026-07-14 19:22:32.387 DEBUG qt.scenegraph.time.renderloop: [window 0x7f380ef04e40][gui thread] Frame prepared, polish=0 ms, lock=0 ms, blockedForSync=0 ms, animations=0 ms
2026-07-14 19:22:32.387 DEBUG qt.scenegraph.time.renderer: time in renderer: total=0ms, preprocess=0, updates=0, rendering=0
2026-07-14 19:22:32.388 DEBUG qt.scenegraph.time.renderloop: [window 0x7f380ef04e40][render thread 0x7f380ed86040] syncAndRender: frame rendered in 0ms, sync=0, render=0, swap=0
2026-07-14 19:22:32.416 DEBUG qt.scenegraph.time.renderloop: [window 0x7f380ef04e40][gui thread] polishAndSync: start, elapsed since last call: 28 ms
2026-07-14 19:22:32.416 DEBUG qt.scenegraph.time.renderloop: [window 0x7f380ef04e40][render thread 0x7f380ed86040] syncAndRender: start, elapsed since last call: 28 ms
2026-07-14 19:22:32.416 DEBUG qt.scenegraph.time.renderloop: [window 0x7f380ef04e40][gui thread] Frame prepared, polish=0 ms, lock=0 ms, blockedForSync=0 ms, animations=0 ms
2026-07-14 19:22:32.416 DEBUG qt.scenegraph.time.renderer: time in renderer: total=0ms, preprocess=0, updates=0, rendering=0
2026-07-14 19:22:32.416 DEBUG qt.scenegraph.time.renderloop: [window 0x7f380ef04e40][render thread 0x7f380ed86040] syncAndRender: frame rendered in 0ms, sync=0, render=0, swap=0
2026-07-14 19:22:32.422 DEBUG qt.scenegraph.time.renderloop: [window 0x7f380ef04e40][gui thread] polishAndSync: start, elapsed since last call: 6 ms
2026-07-14 19:22:32.422 DEBUG qt.scenegraph.time.renderloop: [window 0x7f380ef04e40][render thread 0x7f380ed86040] syncAndRender: start, elapsed since last call: 6 ms
2026-07-14 19:22:32.422 DEBUG qt.scenegraph.time.renderloop: [window 0x7f380ef04e40][gui thread] Frame prepared, polish=0 ms, lock=0 ms, blockedForSync=0 ms, animations=0 ms
2026-07-14 19:22:32.422 DEBUG qt.scenegraph.time.renderer: time in renderer: total=0ms, preprocess=0, updates=0, rendering=0
2026-07-14 19:22:32.423 DEBUG qt.scenegraph.time.renderloop: [window 0x7f380ef04e40][render thread 0x7f380ed86040] syncAndRender: frame rendered in 0ms, sync=0, render=0, swap=0
2026-07-14 19:22:32.448 DEBUG qt.scenegraph.time.renderloop: [window 0x7f380ef04e40][gui thread] polishAndSync: start, elapsed since last call: 26 ms
2026-07-14 19:22:32.449 DEBUG qt.scenegraph.time.renderloop: [window 0x7f380ef04e40][render thread 0x7f380ed86040] syncAndRender: start, elapsed since last call: 26 ms
2026-07-14 19:22:32.449 DEBUG qt.scenegraph.time.renderloop: [window 0x7f380ef04e40][gui thread] Frame prepared, polish=0 ms, lock=0 ms, blockedForSync=0 ms, animations=0 ms
2026-07-14 19:22:32.449 DEBUG qt.scenegraph.time.renderer: time in renderer: total=0ms, preprocess=0, updates=0, rendering=0
2026-07-14 19:22:32.449 DEBUG qt.scenegraph.time.renderloop: [window 0x7f380ef04e40][render thread 0x7f380ed86040] syncAndRender: frame rendered in 0ms, sync=0, render=0, swap=0
2026-07-14 19:22:32.450 DEBUG qt.scenegraph.time.renderloop: [window 0x7f380ef04e40][gui thread] polishAndSync: start, elapsed since last call: 1 ms
2026-07-14 19:22:32.450 DEBUG qt.scenegraph.time.renderloop: [window 0x7f380ef04e40][render thread 0x7f380ed86040] syncAndRender: start, elapsed since last call: 1 ms
2026-07-14 19:22:32.450 DEBUG qt.scenegraph.time.renderloop: [window 0x7f380ef04e40][gui thread] Frame prepared, polish=0 ms, lock=0 ms, blockedForSync=0 ms, animations=0 ms
2026-07-14 19:22:32.450 DEBUG qt.scenegraph.time.renderer: time in renderer: total=0ms, preprocess=0, updates=0, rendering=0
2026-07-14 19:22:32.450 DEBUG qt.scenegraph.time.renderloop: [window 0x7f380ef04e40][render thread 0x7f380ed86040] syncAndRender: frame rendered in 0ms, sync=0, render=0, swap=0
2026-07-14 19:22:32.482 DEBUG qt.scenegraph.time.renderloop: [window 0x7f380ef04e40][gui thread] polishAndSync: start, elapsed since last call: 32 ms
2026-07-14 19:22:32.482 DEBUG qt.scenegraph.time.renderloop: [window 0x7f380ef04e40][render thread 0x7f380ed86040] syncAndRender: start, elapsed since last call: 32 ms
2026-07-14 19:22:32.482 DEBUG qt.scenegraph.time.renderloop: [window 0x7f380ef04e40][gui thread] Frame prepared, polish=0 ms, lock=0 ms, blockedForSync=0 ms, animations=0 ms
2026-07-14 19:22:32.482 DEBUG qt.scenegraph.time.renderer: time in renderer: total=0ms, preprocess=0, updates=0, rendering=0
2026-07-14 19:22:32.483 DEBUG qt.scenegraph.time.renderloop: [window 0x7f380ef04e40][render thread 0x7f380ed86040] syncAndRender: frame rendered in 0ms, sync=0, render=0, swap=0
2026-07-14 19:22:32.485 DEBUG qt.scenegraph.time.renderloop: [window 0x7f380ef04e40][gui thread] polishAndSync: start, elapsed since last call: 2 ms
2026-07-14 19:22:32.485 DEBUG qt.scenegraph.time.renderloop: [window 0x7f380ef04e40][render thread 0x7f380ed86040] syncAndRender: start, elapsed since last call: 2 ms
2026-07-14 19:22:32.485 DEBUG qt.scenegraph.time.renderloop: [window 0x7f380ef04e40][gui thread] Frame prepared, polish=0 ms, lock=0 ms, blockedForSync=0 ms, animations=0 ms
2026-07-14 19:22:32.485 DEBUG qt.scenegraph.time.renderer: time in renderer: total=0ms, preprocess=0, updates=0, rendering=0
2026-07-14 19:22:32.485 DEBUG qt.scenegraph.time.renderloop: [window 0x7f380ef04e40][render thread 0x7f380ed86040] syncAndRender: frame rendered in 0ms, sync=0, render=0, swap=0
2026-07-14 19:22:32.515 DEBUG qt.scenegraph.time.renderloop: [window 0x7f380ef04e40][gui thread] polishAndSync: start, elapsed since last call: 30 ms
2026-07-14 19:22:32.515 DEBUG qt.scenegraph.time.renderloop: [window 0x7f380ef04e40][render thread 0x7f380ed86040] syncAndRender: start, elapsed since last call: 30 ms
2026-07-14 19:22:32.515 DEBUG qt.scenegraph.time.renderloop: [window 0x7f380ef04e40][gui thread] Frame prepared, polish=0 ms, lock=0 ms, blockedForSync=0 ms, animations=0 ms
2026-07-14 19:22:32.515 DEBUG qt.scenegraph.time.renderer: time in renderer: total=0ms, preprocess=0, updates=0, rendering=0
2026-07-14 19:22:32.515 DEBUG qt.scenegraph.time.renderloop: [window 0x7f380ef04e40][render thread 0x7f380ed86040] syncAndRender: frame rendered in 0ms, sync=0, render=0, swap=0
2026-07-14 19:22:32.519 DEBUG qt.scenegraph.time.renderloop: [window 0x7f380ef04e40][gui thread] polishAndSync: start, elapsed since last call: 4 ms
2026-07-14 19:22:32.519 DEBUG qt.scenegraph.time.renderloop: [window 0x7f380ef04e40][render thread 0x7f380ed86040] syncAndRender: start, elapsed since last call: 4 ms
2026-07-14 19:22:32.519 DEBUG qt.scenegraph.time.renderloop: [window 0x7f380ef04e40][gui thread] Frame prepared, polish=0 ms, lock=0 ms, blockedForSync=0 ms, animations=0 ms
2026-07-14 19:22:32.519 DEBUG qt.scenegraph.time.renderer: time in renderer: total=0ms, preprocess=0, updates=0, rendering=0
2026-07-14 19:22:32.520 DEBUG qt.scenegraph.time.renderloop: [window 0x7f380ef04e40][render thread 0x7f380ed86040] syncAndRender: frame rendered in 0ms, sync=0, render=0, swap=0
2026-07-14 19:22:32.547 DEBUG qt.scenegraph.time.renderloop: [window 0x7f380ef04e40][gui thread] polishAndSync: start, elapsed since last call: 28 ms
2026-07-14 19:22:32.548 DEBUG qt.scenegraph.time.renderloop: [window 0x7f380ef04e40][render thread 0x7f380ed86040] syncAndRender: start, elapsed since last call: 28 ms
2026-07-14 19:22:32.548 DEBUG qt.scenegraph.time.renderloop: [window 0x7f380ef04e40][gui thread] Frame prepared, polish=0 ms, lock=0 ms, blockedForSync=0 ms, animations=0 ms
2026-07-14 19:22:32.548 DEBUG qt.scenegraph.time.renderer: time in renderer: total=0ms, preprocess=0, updates=0, rendering=0
2026-07-14 19:22:32.548 DEBUG qt.scenegraph.time.renderloop: [window 0x7f380ef04e40][render thread 0x7f380ed86040] syncAndRender: frame rendered in 0ms, sync=0, render=0, swap=0
2026-07-14 19:22:32.554 DEBUG qt.scenegraph.time.renderloop: [window 0x7f380ef04e40][gui thread] polishAndSync: start, elapsed since last call: 6 ms
2026-07-14 19:22:32.554 DEBUG qt.scenegraph.time.renderloop: [window 0x7f380ef04e40][render thread 0x7f380ed86040] syncAndRender: start, elapsed since last call: 6 ms
2026-07-14 19:22:32.554 DEBUG qt.scenegraph.time.renderloop: [window 0x7f380ef04e40][gui thread] Frame prepared, polish=0 ms, lock=0 ms, blockedForSync=0 ms, animations=0 ms
2026-07-14 19:22:32.554 DEBUG qt.scenegraph.time.renderer: time in renderer: total=0ms, preprocess=0, updates=0, rendering=0
2026-07-14 19:22:32.554 DEBUG qt.scenegraph.time.renderloop: [window 0x7f380ef04e40][render thread 0x7f380ed86040] syncAndRender: frame rendered in 0ms, sync=0, render=0, swap=0
2026-07-14 19:22:32.581 DEBUG qt.scenegraph.time.renderloop: [window 0x7f380ef04e40][gui thread] polishAndSync: start, elapsed since last call: 27 ms
2026-07-14 19:22:32.582 DEBUG qt.scenegraph.time.renderloop: [window 0x7f380ef04e40][render thread 0x7f380ed86040] syncAndRender: start, elapsed since last call: 27 ms
2026-07-14 19:22:32.582 DEBUG qt.scenegraph.time.renderloop: [window 0x7f380ef04e40][gui thread] Frame prepared, polish=0 ms, lock=0 ms, blockedForSync=0 ms, animations=0 ms
2026-07-14 19:22:32.582 DEBUG qt.scenegraph.time.renderer: time in renderer: total=0ms, preprocess=0, updates=0, rendering=0
2026-07-14 19:22:32.582 DEBUG qt.scenegraph.time.renderloop: [window 0x7f380ef04e40][render thread 0x7f380ed86040] syncAndRender: frame rendered in 0ms, sync=0, render=0, swap=0
2026-07-14 19:22:32.589 DEBUG qt.scenegraph.time.renderloop: [window 0x7f380ef04e40][gui thread] polishAndSync: start, elapsed since last call: 7 ms
2026-07-14 19:22:32.589 DEBUG qt.scenegraph.time.renderloop: [window 0x7f380ef04e40][render thread 0x7f380ed86040] syncAndRender: start, elapsed since last call: 7 ms
2026-07-14 19:22:32.589 DEBUG qt.scenegraph.time.renderloop: [window 0x7f380ef04e40][gui thread] Frame prepared, polish=0 ms, lock=0 ms, blockedForSync=0 ms, animations=0 ms
2026-07-14 19:22:32.589 DEBUG qt.scenegraph.time.renderer: time in renderer: total=0ms, preprocess=0, updates=0, rendering=0
2026-07-14 19:22:32.589 DEBUG qt.scenegraph.time.renderloop: [window 0x7f380ef04e40][render thread 0x7f380ed86040] syncAndRender: frame rendered in 0ms, sync=0, render=0, swap=0
2026-07-14 19:22:32.614 DEBUG qt.scenegraph.time.renderloop: [window 0x7f380ef04e40][gui thread] polishAndSync: start, elapsed since last call: 25 ms
2026-07-14 19:22:32.615 DEBUG qt.scenegraph.time.renderloop: [window 0x7f380ef04e40][render thread 0x7f380ed86040] syncAndRender: start, elapsed since last call: 25 ms
2026-07-14 19:22:32.615 DEBUG qt.scenegraph.time.renderloop: [window 0x7f380ef04e40][gui thread] Frame prepared, polish=0 ms, lock=0 ms, blockedForSync=0 ms, animations=0 ms
2026-07-14 19:22:32.615 DEBUG qt.scenegraph.time.renderer: time in renderer: total=0ms, preprocess=0, updates=0, rendering=0
2026-07-14 19:22:32.615 DEBUG qt.scenegraph.time.renderloop: [window 0x7f380ef04e40][render thread 0x7f380ed86040] syncAndRender: frame rendered in 0ms, sync=0, render=0, swap=0
2026-07-14 19:22:32.617 DEBUG qt.scenegraph.time.renderloop: [window 0x7f380ef04e40][gui thread] polishAndSync: start, elapsed since last call: 2 ms
2026-07-14 19:22:32.617 DEBUG qt.scenegraph.time.renderloop: [window 0x7f380ef04e40][render thread 0x7f380ed86040] syncAndRender: start, elapsed since last call: 2 ms
2026-07-14 19:22:32.617 DEBUG qt.scenegraph.time.renderloop: [window 0x7f380ef04e40][gui thread] Frame prepared, polish=0 ms, lock=0 ms, blockedForSync=0 ms, animations=0 ms
2026-07-14 19:22:32.617 DEBUG qt.scenegraph.time.renderer: time in renderer: total=0ms, preprocess=0, updates=0, rendering=0
2026-07-14 19:22:32.617 DEBUG qt.scenegraph.time.renderloop: [window 0x7f380ef04e40][render thread 0x7f380ed86040] syncAndRender: frame rendered in 0ms, sync=0, render=0, swap=0
2026-07-14 19:22:32.647 DEBUG qt.scenegraph.time.renderloop: [window 0x7f380ef04e40][gui thread] polishAndSync: start, elapsed since last call: 30 ms
2026-07-14 19:22:32.647 DEBUG qt.scenegraph.time.renderloop: [window 0x7f380ef04e40][render thread 0x7f380ed86040] syncAndRender: start, elapsed since last call: 30 ms
2026-07-14 19:22:32.647 DEBUG qt.scenegraph.time.renderloop: [window 0x7f380ef04e40][gui thread] Frame prepared, polish=0 ms, lock=0 ms, blockedForSync=0 ms, animations=0 ms
2026-07-14 19:22:32.647 DEBUG qt.scenegraph.time.renderer: time in renderer: total=0ms, preprocess=0, updates=0, rendering=0
2026-07-14 19:22:32.647 DEBUG qt.scenegraph.time.renderloop: [window 0x7f380ef04e40][render thread 0x7f380ed86040] syncAndRender: frame rendered in 0ms, sync=0, render=0, swap=0
2026-07-14 19:22:32.651 DEBUG qt.scenegraph.time.renderloop: [window 0x7f380ef04e40][gui thread] polishAndSync: start, elapsed since last call: 4 ms
2026-07-14 19:22:32.651 DEBUG qt.scenegraph.time.renderloop: [window 0x7f380ef04e40][render thread 0x7f380ed86040] syncAndRender: start, elapsed since last call: 4 ms
2026-07-14 19:22:32.651 DEBUG qt.scenegraph.time.renderloop: [window 0x7f380ef04e40][gui thread] Frame prepared, polish=0 ms, lock=0 ms, blockedForSync=0 ms, animations=0 ms
2026-07-14 19:22:32.651 DEBUG qt.scenegraph.time.renderer: time in renderer: total=0ms, preprocess=0, updates=0, rendering=0
2026-07-14 19:22:32.652 DEBUG qt.scenegraph.time.renderloop: [window 0x7f380ef04e40][render thread 0x7f380ed86040] syncAndRender: frame rendered in 0ms, sync=0, render=0, swap=0
2026-07-14 19:22:32.679 DEBUG qt.scenegraph.time.renderloop: [window 0x7f380ef04e40][gui thread] polishAndSync: start, elapsed since last call: 28 ms
2026-07-14 19:22:32.680 DEBUG qt.scenegraph.time.renderloop: [window 0x7f380ef04e40][render thread 0x7f380ed86040] syncAndRender: start, elapsed since last call: 28 ms
2026-07-14 19:22:32.680 DEBUG qt.scenegraph.time.renderloop: [window 0x7f380ef04e40][gui thread] Frame prepared, polish=0 ms, lock=0 ms, blockedForSync=0 ms, animations=0 ms
2026-07-14 19:22:32.680 DEBUG qt.scenegraph.time.renderer: time in renderer: total=0ms, preprocess=0, updates=0, rendering=0
2026-07-14 19:22:32.680 DEBUG qt.scenegraph.time.renderloop: [window 0x7f380ef04e40][render thread 0x7f380ed86040] syncAndRender: frame rendered in 0ms, sync=0, render=0, swap=0
2026-07-14 19:22:32.686 DEBUG qt.scenegraph.time.renderloop: [window 0x7f380ef04e40][gui thread] polishAndSync: start, elapsed since last call: 6 ms
2026-07-14 19:22:32.686 DEBUG qt.scenegraph.time.renderloop: [window 0x7f380ef04e40][render thread 0x7f380ed86040] syncAndRender: start, elapsed since last call: 6 ms
2026-07-14 19:22:32.686 DEBUG qt.scenegraph.time.renderloop: [window 0x7f380ef04e40][gui thread] Frame prepared, polish=0 ms, lock=0 ms, blockedForSync=0 ms, animations=0 ms
2026-07-14 19:22:32.686 DEBUG qt.scenegraph.time.renderer: time in renderer: total=0ms, preprocess=0, updates=0, rendering=0
2026-07-14 19:22:32.686 DEBUG qt.scenegraph.time.renderloop: [window 0x7f380ef04e40][render thread 0x7f380ed86040] syncAndRender: frame rendered in 0ms, sync=0, render=0, swap=0
2026-07-14 19:22:32.712 DEBUG qt.scenegraph.time.renderloop: [window 0x7f380ef04e40][gui thread] polishAndSync: start, elapsed since last call: 26 ms
2026-07-14 19:22:32.713 DEBUG qt.scenegraph.time.renderloop: [window 0x7f380ef04e40][render thread 0x7f380ed86040] syncAndRender: start, elapsed since last call: 26 ms
2026-07-14 19:22:32.713 DEBUG qt.scenegraph.time.renderloop: [window 0x7f380ef04e40][gui thread] Frame prepared, polish=0 ms, lock=0 ms, blockedForSync=0 ms, animations=0 ms
2026-07-14 19:22:32.713 DEBUG qt.scenegraph.time.renderer: time in renderer: total=0ms, preprocess=0, updates=0, rendering=0
2026-07-14 19:22:32.713 DEBUG qt.scenegraph.time.renderloop: [window 0x7f380ef04e40][render thread 0x7f380ed86040] syncAndRender: frame rendered in 0ms, sync=0, render=0, swap=0
2026-07-14 19:22:32.714 DEBUG qt.scenegraph.time.renderloop: [window 0x7f380ef04e40][gui thread] polishAndSync: start, elapsed since last call: 1 ms
2026-07-14 19:22:32.714 DEBUG qt.scenegraph.time.renderloop: [window 0x7f380ef04e40][render thread 0x7f380ed86040] syncAndRender: start, elapsed since last call: 1 ms
2026-07-14 19:22:32.714 DEBUG qt.scenegraph.time.renderloop: [window 0x7f380ef04e40][gui thread] Frame prepared, polish=0 ms, lock=0 ms, blockedForSync=0 ms, animations=0 ms
2026-07-14 19:22:32.714 DEBUG qt.scenegraph.time.renderer: time in renderer: total=0ms, preprocess=0, updates=0, rendering=0
2026-07-14 19:22:32.714 DEBUG qt.scenegraph.time.renderloop: [window 0x7f380ef04e40][render thread 0x7f380ed86040] syncAndRender: frame rendered in 0ms, sync=0, render=0, swap=0
2026-07-14 19:22:32.746 DEBUG qt.scenegraph.time.renderloop: [window 0x7f380ef04e40][gui thread] polishAndSync: start, elapsed since last call: 32 ms
2026-07-14 19:22:32.746 DEBUG qt.scenegraph.time.renderloop: [window 0x7f380ef04e40][render thread 0x7f380ed86040] syncAndRender: start, elapsed since last call: 32 ms
2026-07-14 19:22:32.746 DEBUG qt.scenegraph.time.renderloop: [window 0x7f380ef04e40][gui thread] Frame prepared, polish=0 ms, lock=0 ms, blockedForSync=0 ms, animations=0 ms
2026-07-14 19:22:32.746 DEBUG qt.scenegraph.time.renderer: time in renderer: total=0ms, preprocess=0, updates=0, rendering=0
2026-07-14 19:22:32.747 DEBUG qt.scenegraph.time.renderloop: [window 0x7f380ef04e40][render thread 0x7f380ed86040] syncAndRender: frame rendered in 0ms, sync=0, render=0, swap=0
2026-07-14 19:22:32.749 DEBUG qt.scenegraph.time.renderloop: [window 0x7f380ef04e40][gui thread] polishAndSync: start, elapsed since last call: 2 ms
2026-07-14 19:22:32.749 DEBUG qt.scenegraph.time.renderloop: [window 0x7f380ef04e40][render thread 0x7f380ed86040] syncAndRender: start, elapsed since last call: 2 ms
2026-07-14 19:22:32.749 DEBUG qt.scenegraph.time.renderloop: [window 0x7f380ef04e40][gui thread] Frame prepared, polish=0 ms, lock=0 ms, blockedForSync=0 ms, animations=0 ms
2026-07-14 19:22:32.749 DEBUG qt.scenegraph.time.renderer: time in renderer: total=0ms, preprocess=0, updates=0, rendering=0
2026-07-14 19:22:32.749 DEBUG qt.scenegraph.time.renderloop: [window 0x7f380ef04e40][render thread 0x7f380ed86040] syncAndRender: frame rendered in 0ms, sync=0, render=0, swap=0
2026-07-14 19:22:32.779 DEBUG qt.scenegraph.time.renderloop: [window 0x7f380ef04e40][gui thread] polishAndSync: start, elapsed since last call: 30 ms
2026-07-14 19:22:32.779 DEBUG qt.scenegraph.time.renderloop: [window 0x7f380ef04e40][render thread 0x7f380ed86040] syncAndRender: start, elapsed since last call: 30 ms
2026-07-14 19:22:32.779 DEBUG qt.scenegraph.time.renderloop: [window 0x7f380ef04e40][gui thread] Frame prepared, polish=0 ms, lock=0 ms, blockedForSync=0 ms, animations=0 ms
2026-07-14 19:22:32.779 DEBUG qt.scenegraph.time.renderer: time in renderer: total=0ms, preprocess=0, updates=0, rendering=0
2026-07-14 19:22:32.779 DEBUG qt.scenegraph.time.renderloop: [window 0x7f380ef04e40][render thread 0x7f380ed86040] syncAndRender: frame rendered in 0ms, sync=0, render=0, swap=0
2026-07-14 19:22:32.783 DEBUG qt.scenegraph.time.renderloop: [window 0x7f380ef04e40][gui thread] polishAndSync: start, elapsed since last call: 4 ms
2026-07-14 19:22:32.783 DEBUG qt.scenegraph.time.renderloop: [window 0x7f380ef04e40][render thread 0x7f380ed86040] syncAndRender: start, elapsed since last call: 4 ms
2026-07-14 19:22:32.783 DEBUG qt.scenegraph.time.renderloop: [window 0x7f380ef04e40][gui thread] Frame prepared, polish=0 ms, lock=0 ms, blockedForSync=0 ms, animations=0 ms
2026-07-14 19:22:32.783 DEBUG qt.scenegraph.time.renderer: time in renderer: total=0ms, preprocess=0, updates=0, rendering=0
2026-07-14 19:22:32.784 DEBUG qt.scenegraph.time.renderloop: [window 0x7f380ef04e40][render thread 0x7f380ed86040] syncAndRender: frame rendered in 0ms, sync=0, render=0, swap=0
2026-07-14 19:22:32.811 DEBUG qt.scenegraph.time.renderloop: [window 0x7f380ef04e40][gui thread] polishAndSync: start, elapsed since last call: 28 ms
2026-07-14 19:22:32.812 DEBUG qt.scenegraph.time.renderloop: [window 0x7f380ef04e40][render thread 0x7f380ed86040] syncAndRender: start, elapsed since last call: 28 ms
2026-07-14 19:22:32.812 DEBUG qt.scenegraph.time.renderloop: [window 0x7f380ef04e40][gui thread] Frame prepared, polish=0 ms, lock=0 ms, blockedForSync=0 ms, animations=0 ms
2026-07-14 19:22:32.812 DEBUG qt.scenegraph.time.renderer: time in renderer: total=0ms, preprocess=0, updates=0, rendering=0
2026-07-14 19:22:32.812 DEBUG qt.scenegraph.time.renderloop: [window 0x7f380ef04e40][render thread 0x7f380ed86040] syncAndRender: frame rendered in 0ms, sync=0, render=0, swap=0
2026-07-14 19:22:32.818 DEBUG qt.scenegraph.time.renderloop: [window 0x7f380ef04e40][gui thread] polishAndSync: start, elapsed since last call: 6 ms
2026-07-14 19:22:32.818 DEBUG qt.scenegraph.time.renderloop: [window 0x7f380ef04e40][render thread 0x7f380ed86040] syncAndRender: start, elapsed since last call: 6 ms
2026-07-14 19:22:32.818 DEBUG qt.scenegraph.time.renderloop: [window 0x7f380ef04e40][gui thread] Frame prepared, polish=0 ms, lock=0 ms, blockedForSync=0 ms, animations=0 ms
2026-07-14 19:22:32.818 DEBUG qt.scenegraph.time.renderer: time in renderer: total=0ms, preprocess=0, updates=0, rendering=0
2026-07-14 19:22:32.819 DEBUG qt.scenegraph.time.renderloop: [window 0x7f380ef04e40][render thread 0x7f380ed86040] syncAndRender: frame rendered in 0ms, sync=0, render=0, swap=0
2026-07-14 19:22:32.844 DEBUG qt.scenegraph.time.renderloop: [window 0x7f380ef04e40][gui thread] polishAndSync: start, elapsed since last call: 25 ms
2026-07-14 19:22:32.845 DEBUG qt.scenegraph.time.renderloop: [window 0x7f380ef04e40][render thread 0x7f380ed86040] syncAndRender: start, elapsed since last call: 26 ms
2026-07-14 19:22:32.845 DEBUG qt.scenegraph.time.renderloop: [window 0x7f380ef04e40][gui thread] Frame prepared, polish=0 ms, lock=0 ms, blockedForSync=0 ms, animations=0 ms
2026-07-14 19:22:32.845 DEBUG qt.scenegraph.time.renderer: time in renderer: total=0ms, preprocess=0, updates=0, rendering=0
2026-07-14 19:22:32.845 DEBUG qt.scenegraph.time.renderloop: [window 0x7f380ef04e40][render thread 0x7f380ed86040] syncAndRender: frame rendered in 0ms, sync=0, render=0, swap=0
2026-07-14 19:22:32.846 DEBUG qt.scenegraph.time.renderloop: [window 0x7f380ef04e40][gui thread] polishAndSync: start, elapsed since last call: 1 ms
2026-07-14 19:22:32.846 DEBUG qt.scenegraph.time.renderloop: [window 0x7f380ef04e40][render thread 0x7f380ed86040] syncAndRender: start, elapsed since last call: 1 ms
2026-07-14 19:22:32.846 DEBUG qt.scenegraph.time.renderloop: [window 0x7f380ef04e40][gui thread] Frame prepared, polish=0 ms, lock=0 ms, blockedForSync=0 ms, animations=0 ms
2026-07-14 19:22:32.846 DEBUG qt.scenegraph.time.renderer: time in renderer: total=0ms, preprocess=0, updates=0, rendering=0
2026-07-14 19:22:32.846 DEBUG qt.scenegraph.time.renderloop: [window 0x7f380ef04e40][render thread 0x7f380ed86040] syncAndRender: frame rendered in 0ms, sync=0, render=0, swap=0
2026-07-14 19:22:32.878 DEBUG qt.scenegraph.time.renderloop: [window 0x7f380ef04e40][gui thread] polishAndSync: start, elapsed since last call: 32 ms
2026-07-14 19:22:32.879 DEBUG qt.scenegraph.time.renderloop: [window 0x7f380ef04e40][render thread 0x7f380ed86040] syncAndRender: start, elapsed since last call: 32 ms
2026-07-14 19:22:32.879 DEBUG qt.scenegraph.time.renderloop: [window 0x7f380ef04e40][gui thread] Frame prepared, polish=0 ms, lock=0 ms, blockedForSync=0 ms, animations=0 ms
2026-07-14 19:22:32.879 DEBUG qt.scenegraph.time.renderer: time in renderer: total=0ms, preprocess=0, updates=0, rendering=0
2026-07-14 19:22:32.879 DEBUG qt.scenegraph.time.renderloop: [window 0x7f380ef04e40][render thread 0x7f380ed86040] syncAndRender: frame rendered in 0ms, sync=0, render=0, swap=0
2026-07-14 19:22:32.881 DEBUG qt.scenegraph.time.renderloop: [window 0x7f380ef04e40][gui thread] polishAndSync: start, elapsed since last call: 2 ms
2026-07-14 19:22:32.881 DEBUG qt.scenegraph.time.renderloop: [window 0x7f380ef04e40][render thread 0x7f380ed86040] syncAndRender: start, elapsed since last call: 2 ms
2026-07-14 19:22:32.881 DEBUG qt.scenegraph.time.renderloop: [window 0x7f380ef04e40][gui thread] Frame prepared, polish=0 ms, lock=0 ms, blockedForSync=0 ms, animations=0 ms
2026-07-14 19:22:32.881 DEBUG qt.scenegraph.time.renderer: time in renderer: total=0ms, preprocess=0, updates=0, rendering=0
2026-07-14 19:22:32.881 DEBUG qt.scenegraph.time.renderloop: [window 0x7f380ef04e40][render thread 0x7f380ed86040] syncAndRender: frame rendered in 0ms, sync=0, render=0, swap=0
2026-07-14 19:22:32.911 DEBUG qt.scenegraph.time.renderloop: [window 0x7f380ef04e40][gui thread] polishAndSync: start, elapsed since last call: 30 ms
2026-07-14 19:22:32.911 DEBUG qt.scenegraph.time.renderloop: [window 0x7f380ef04e40][render thread 0x7f380ed86040] syncAndRender: start, elapsed since last call: 30 ms
2026-07-14 19:22:32.911 DEBUG qt.scenegraph.time.renderloop: [window 0x7f380ef04e40][gui thread] Frame prepared, polish=0 ms, lock=0 ms, blockedForSync=0 ms, animations=0 ms
2026-07-14 19:22:32.911 DEBUG qt.scenegraph.time.renderer: time in renderer: total=0ms, preprocess=0, updates=0, rendering=0
2026-07-14 19:22:32.911 DEBUG qt.scenegraph.time.renderloop: [window 0x7f380ef04e40][render thread 0x7f380ed86040] syncAndRender: frame rendered in 0ms, sync=0, render=0, swap=0
2026-07-14 19:22:32.915 DEBUG qt.scenegraph.time.renderloop: [window 0x7f380ef04e40][gui thread] polishAndSync: start, elapsed since last call: 4 ms
2026-07-14 19:22:32.916 DEBUG qt.scenegraph.time.renderloop: [window 0x7f380ef04e40][render thread 0x7f380ed86040] syncAndRender: start, elapsed since last call: 4 ms
2026-07-14 19:22:32.916 DEBUG qt.scenegraph.time.renderloop: [window 0x7f380ef04e40][gui thread] Frame prepared, polish=0 ms, lock=0 ms, blockedForSync=0 ms, animations=0 ms
2026-07-14 19:22:32.916 DEBUG qt.scenegraph.time.renderer: time in renderer: total=0ms, preprocess=0, updates=0, rendering=0
2026-07-14 19:22:32.916 DEBUG qt.scenegraph.time.renderloop: [window 0x7f380ef04e40][render thread 0x7f380ed86040] syncAndRender: frame rendered in 0ms, sync=0, render=0, swap=0
2026-07-14 19:22:32.944 DEBUG qt.scenegraph.time.renderloop: [window 0x7f380ef04e40][gui thread] polishAndSync: start, elapsed since last call: 28 ms
2026-07-14 19:22:32.944 DEBUG qt.scenegraph.time.renderloop: [window 0x7f380ef04e40][render thread 0x7f380ed86040] syncAndRender: start, elapsed since last call: 28 ms
2026-07-14 19:22:32.944 DEBUG qt.scenegraph.time.renderloop: [window 0x7f380ef04e40][gui thread] Frame prepared, polish=0 ms, lock=0 ms, blockedForSync=0 ms, animations=0 ms
2026-07-14 19:22:32.944 DEBUG qt.scenegraph.time.renderer: time in renderer: total=0ms, preprocess=0, updates=0, rendering=0
2026-07-14 19:22:32.944 DEBUG qt.scenegraph.time.renderloop: [window 0x7f380ef04e40][render thread 0x7f380ed86040] syncAndRender: frame rendered in 0ms, sync=0, render=0, swap=0
2026-07-14 19:22:32.950 DEBUG qt.scenegraph.time.renderloop: [window 0x7f380ef04e40][gui thread] polishAndSync: start, elapsed since last call: 6 ms
2026-07-14 19:22:32.950 DEBUG qt.scenegraph.time.renderloop: [window 0x7f380ef04e40][render thread 0x7f380ed86040] syncAndRender: start, elapsed since last call: 6 ms
2026-07-14 19:22:32.950 DEBUG qt.scenegraph.time.renderloop: [window 0x7f380ef04e40][gui thread] Frame prepared, polish=0 ms, lock=0 ms, blockedForSync=0 ms, animations=0 ms
2026-07-14 19:22:32.950 DEBUG qt.scenegraph.time.renderer: time in renderer: total=0ms, preprocess=0, updates=0, rendering=0
2026-07-14 19:22:32.951 DEBUG qt.scenegraph.time.renderloop: [window 0x7f380ef04e40][render thread 0x7f380ed86040] syncAndRender: frame rendered in 0ms, sync=0, render=0, swap=0
2026-07-14 19:22:32.976 DEBUG qt.scenegraph.time.renderloop: [window 0x7f380ef04e40][gui thread] polishAndSync: start, elapsed since last call: 26 ms
2026-07-14 19:22:32.977 DEBUG qt.scenegraph.time.renderloop: [window 0x7f380ef04e40][render thread 0x7f380ed86040] syncAndRender: start, elapsed since last call: 26 ms
2026-07-14 19:22:32.977 DEBUG qt.scenegraph.time.renderloop: [window 0x7f380ef04e40][gui thread] Frame prepared, polish=0 ms, lock=0 ms, blockedForSync=0 ms, animations=0 ms
2026-07-14 19:22:32.977 DEBUG qt.scenegraph.time.renderer: time in renderer: total=0ms, preprocess=0, updates=0, rendering=0
2026-07-14 19:22:32.977 DEBUG qt.scenegraph.time.renderloop: [window 0x7f380ef04e40][render thread 0x7f380ed86040] syncAndRender: frame rendered in 0ms, sync=0, render=0, swap=0
2026-07-14 19:22:32.978 DEBUG qt.scenegraph.time.renderloop: [window 0x7f380ef04e40][gui thread] polishAndSync: start, elapsed since last call: 1 ms
2026-07-14 19:22:32.978 DEBUG qt.scenegraph.time.renderloop: [window 0x7f380ef04e40][render thread 0x7f380ed86040] syncAndRender: start, elapsed since last call: 1 ms
2026-07-14 19:22:32.978 DEBUG qt.scenegraph.time.renderloop: [window 0x7f380ef04e40][gui thread] Frame prepared, polish=0 ms, lock=0 ms, blockedForSync=0 ms, animations=0 ms
2026-07-14 19:22:32.978 DEBUG qt.scenegraph.time.renderer: time in renderer: total=0ms, preprocess=0, updates=0, rendering=0
2026-07-14 19:22:32.978 DEBUG qt.scenegraph.time.renderloop: [window 0x7f380ef04e40][render thread 0x7f380ed86040] syncAndRender: frame rendered in 0ms, sync=0, render=0, swap=0
2026-07-14 19:22:33.010 DEBUG qt.scenegraph.time.renderloop: [window 0x7f380ef04e40][gui thread] polishAndSync: start, elapsed since last call: 32 ms
2026-07-14 19:22:33.010 DEBUG qt.scenegraph.time.renderloop: [window 0x7f380ef04e40][render thread 0x7f380ed86040] syncAndRender: start, elapsed since last call: 32 ms
2026-07-14 19:22:33.010 DEBUG qt.scenegraph.time.renderloop: [window 0x7f380ef04e40][gui thread] Frame prepared, polish=0 ms, lock=0 ms, blockedForSync=0 ms, animations=0 ms
2026-07-14 19:22:33.011 DEBUG qt.scenegraph.time.renderer: time in renderer: total=0ms, preprocess=0, updates=0, rendering=0
2026-07-14 19:22:33.011 DEBUG qt.scenegraph.time.renderloop: [window 0x7f380ef04e40][render thread 0x7f380ed86040] syncAndRender: frame rendered in 0ms, sync=0, render=0, swap=0
2026-07-14 19:22:33.013 DEBUG qt.scenegraph.time.renderloop: [window 0x7f380ef04e40][gui thread] polishAndSync: start, elapsed since last call: 2 ms
2026-07-14 19:22:33.013 DEBUG qt.scenegraph.time.renderloop: [window 0x7f380ef04e40][render thread 0x7f380ed86040] syncAndRender: start, elapsed since last call: 2 ms
2026-07-14 19:22:33.013 DEBUG qt.scenegraph.time.renderloop: [window 0x7f380ef04e40][gui thread] Frame prepared, polish=0 ms, lock=0 ms, blockedForSync=0 ms, animations=0 ms
2026-07-14 19:22:33.013 DEBUG qt.scenegraph.time.renderer: time in renderer: total=0ms, preprocess=0, updates=0, rendering=0
2026-07-14 19:22:33.013 DEBUG qt.scenegraph.time.renderloop: [window 0x7f380ef04e40][render thread 0x7f380ed86040] syncAndRender: frame rendered in 0ms, sync=0, render=0, swap=0
2026-07-14 19:22:33.043 DEBUG qt.scenegraph.time.renderloop: [window 0x7f380ef04e40][gui thread] polishAndSync: start, elapsed since last call: 30 ms
2026-07-14 19:22:33.043 DEBUG qt.scenegraph.time.renderloop: [window 0x7f380ef04e40][render thread 0x7f380ed86040] syncAndRender: start, elapsed since last call: 30 ms
2026-07-14 19:22:33.043 DEBUG qt.scenegraph.time.renderloop: [window 0x7f380ef04e40][gui thread] Frame prepared, polish=0 ms, lock=0 ms, blockedForSync=0 ms, animations=0 ms
2026-07-14 19:22:33.043 DEBUG qt.scenegraph.time.renderer: time in renderer: total=0ms, preprocess=0, updates=0, rendering=0
2026-07-14 19:22:33.044 DEBUG qt.scenegraph.time.renderloop: [window 0x7f380ef04e40][render thread 0x7f380ed86040] syncAndRender: frame rendered in 0ms, sync=0, render=0, swap=0
2026-07-14 19:22:33.047 DEBUG qt.scenegraph.time.renderloop: [window 0x7f380ef04e40][gui thread] polishAndSync: start, elapsed since last call: 4 ms
2026-07-14 19:22:33.048 DEBUG qt.scenegraph.time.renderloop: [window 0x7f380ef04e40][render thread 0x7f380ed86040] syncAndRender: start, elapsed since last call: 4 ms
2026-07-14 19:22:33.048 DEBUG qt.scenegraph.time.renderloop: [window 0x7f380ef04e40][gui thread] Frame prepared, polish=0 ms, lock=0 ms, blockedForSync=0 ms, animations=0 ms
2026-07-14 19:22:33.048 DEBUG qt.scenegraph.time.renderer: time in renderer: total=0ms, preprocess=0, updates=0, rendering=0
2026-07-14 19:22:33.048 DEBUG qt.scenegraph.time.renderloop: [window 0x7f380ef04e40][render thread 0x7f380ed86040] syncAndRender: frame rendered in 0ms, sync=0, render=0, swap=0
2026-07-14 19:22:33.076 DEBUG qt.scenegraph.time.renderloop: [window 0x7f380ef04e40][gui thread] polishAndSync: start, elapsed since last call: 28 ms
2026-07-14 19:22:33.076 DEBUG qt.scenegraph.time.renderloop: [window 0x7f380ef04e40][render thread 0x7f380ed86040] syncAndRender: start, elapsed since last call: 28 ms
2026-07-14 19:22:33.076 DEBUG qt.scenegraph.time.renderloop: [window 0x7f380ef04e40][gui thread] Frame prepared, polish=0 ms, lock=0 ms, blockedForSync=0 ms, animations=0 ms
2026-07-14 19:22:33.076 DEBUG qt.scenegraph.time.renderer: time in renderer: total=0ms, preprocess=0, updates=0, rendering=0
2026-07-14 19:22:33.076 DEBUG qt.scenegraph.time.renderloop: [window 0x7f380ef04e40][render thread 0x7f380ed86040] syncAndRender: frame rendered in 0ms, sync=0, render=0, swap=0
2026-07-14 19:22:33.082 DEBUG qt.scenegraph.time.renderloop: [window 0x7f380ef04e40][gui thread] polishAndSync: start, elapsed since last call: 6 ms
2026-07-14 19:22:33.082 DEBUG qt.scenegraph.time.renderloop: [window 0x7f380ef04e40][render thread 0x7f380ed86040] syncAndRender: start, elapsed since last call: 6 ms
2026-07-14 19:22:33.082 DEBUG qt.scenegraph.time.renderloop: [window 0x7f380ef04e40][gui thread] Frame prepared, polish=0 ms, lock=0 ms, blockedForSync=0 ms, animations=0 ms
2026-07-14 19:22:33.082 DEBUG qt.scenegraph.time.renderer: time in renderer: total=0ms, preprocess=0, updates=0, rendering=0
2026-07-14 19:22:33.083 DEBUG qt.scenegraph.time.renderloop: [window 0x7f380ef04e40][render thread 0x7f380ed86040] syncAndRender: frame rendered in 0ms, sync=0, render=0, swap=0
2026-07-14 19:22:33.108 DEBUG qt.scenegraph.time.renderloop: [window 0x7f380ef04e40][gui thread] polishAndSync: start, elapsed since last call: 26 ms
2026-07-14 19:22:33.109 DEBUG qt.scenegraph.time.renderloop: [window 0x7f380ef04e40][render thread 0x7f380ed86040] syncAndRender: start, elapsed since last call: 26 ms
2026-07-14 19:22:33.109 DEBUG qt.scenegraph.time.renderloop: [window 0x7f380ef04e40][gui thread] Frame prepared, polish=0 ms, lock=0 ms, blockedForSync=0 ms, animations=0 ms
2026-07-14 19:22:33.109 DEBUG qt.scenegraph.time.renderer: time in renderer: total=0ms, preprocess=0, updates=0, rendering=0
2026-07-14 19:22:33.109 DEBUG qt.scenegraph.time.renderloop: [window 0x7f380ef04e40][render thread 0x7f380ed86040] syncAndRender: frame rendered in 0ms, sync=0, render=0, swap=0
2026-07-14 19:22:33.110 DEBUG qt.scenegraph.time.renderloop: [window 0x7f380ef04e40][gui thread] polishAndSync: start, elapsed since last call: 1 ms
2026-07-14 19:22:33.110 DEBUG qt.scenegraph.time.renderloop: [window 0x7f380ef04e40][render thread 0x7f380ed86040] syncAndRender: start, elapsed since last call: 1 ms
2026-07-14 19:22:33.110 DEBUG qt.scenegraph.time.renderloop: [window 0x7f380ef04e40][gui thread] Frame prepared, polish=0 ms, lock=0 ms, blockedForSync=0 ms, animations=0 ms
2026-07-14 19:22:33.110 DEBUG qt.scenegraph.time.renderer: time in renderer: total=0ms, preprocess=0, updates=0, rendering=0
2026-07-14 19:22:33.110 DEBUG qt.scenegraph.time.renderloop: [window 0x7f380ef04e40][render thread 0x7f380ed86040] syncAndRender: frame rendered in 0ms, sync=0, render=0, swap=0
2026-07-14 19:22:33.142 DEBUG qt.scenegraph.time.renderloop: [window 0x7f380ef04e40][gui thread] polishAndSync: start, elapsed since last call: 32 ms
2026-07-14 19:22:33.143 DEBUG qt.scenegraph.time.renderloop: [window 0x7f380ef04e40][render thread 0x7f380ed86040] syncAndRender: start, elapsed since last call: 32 ms
2026-07-14 19:22:33.143 DEBUG qt.scenegraph.time.renderloop: [window 0x7f380ef04e40][gui thread] Frame prepared, polish=0 ms, lock=0 ms, blockedForSync=0 ms, animations=0 ms
2026-07-14 19:22:33.143 DEBUG qt.scenegraph.time.renderer: time in renderer: total=0ms, preprocess=0, updates=0, rendering=0
2026-07-14 19:22:33.143 DEBUG qt.scenegraph.time.renderloop: [window 0x7f380ef04e40][render thread 0x7f380ed86040] syncAndRender: frame rendered in 0ms, sync=0, render=0, swap=0
2026-07-14 19:22:33.145 DEBUG qt.scenegraph.time.renderloop: [window 0x7f380ef04e40][gui thread] polishAndSync: start, elapsed since last call: 2 ms
2026-07-14 19:22:33.145 DEBUG qt.scenegraph.time.renderloop: [window 0x7f380ef04e40][render thread 0x7f380ed86040] syncAndRender: start, elapsed since last call: 2 ms
2026-07-14 19:22:33.145 DEBUG qt.scenegraph.time.renderloop: [window 0x7f380ef04e40][gui thread] Frame prepared, polish=0 ms, lock=0 ms, blockedForSync=0 ms, animations=0 ms
2026-07-14 19:22:33.145 DEBUG qt.scenegraph.time.renderer: time in renderer: total=0ms, preprocess=0, updates=0, rendering=0
2026-07-14 19:22:33.145 DEBUG qt.scenegraph.time.renderloop: [window 0x7f380ef04e40][render thread 0x7f380ed86040] syncAndRender: frame rendered in 0ms, sync=0, render=0, swap=0
2026-07-14 19:22:33.175 DEBUG qt.scenegraph.time.renderloop: [window 0x7f380ef04e40][gui thread] polishAndSync: start, elapsed since last call: 30 ms
2026-07-14 19:22:33.177 DEBUG qt.scenegraph.time.renderloop: [window 0x7f380ef04e40][render thread 0x7f380ed86040] syncAndRender: start, elapsed since last call: 32 ms
2026-07-14 19:22:33.177 DEBUG qt.scenegraph.time.renderloop: [window 0x7f380ef04e40][gui thread] Frame prepared, polish=2 ms, lock=0 ms, blockedForSync=0 ms, animations=0 ms
2026-07-14 19:22:33.177 DEBUG qt.scenegraph.time.renderer: time in renderer: total=0ms, preprocess=0, updates=0, rendering=0
2026-07-14 19:22:33.177 DEBUG qt.scenegraph.time.renderloop: [window 0x7f380ef04e40][render thread 0x7f380ed86040] syncAndRender: frame rendered in 0ms, sync=0, render=0, swap=0
2026-07-14 19:22:33.179 DEBUG qt.scenegraph.time.renderloop: [window 0x7f380ef04e40][gui thread] polishAndSync: start, elapsed since last call: 4 ms
2026-07-14 19:22:33.179 DEBUG qt.scenegraph.time.renderloop: [window 0x7f380ef04e40][render thread 0x7f380ed86040] syncAndRender: start, elapsed since last call: 2 ms
2026-07-14 19:22:33.179 DEBUG qt.scenegraph.time.renderloop: [window 0x7f380ef04e40][gui thread] Frame prepared, polish=0 ms, lock=0 ms, blockedForSync=0 ms, animations=0 ms
2026-07-14 19:22:33.180 DEBUG qt.scenegraph.time.renderer: time in renderer: total=0ms, preprocess=0, updates=0, rendering=0
2026-07-14 19:22:33.180 DEBUG qt.scenegraph.time.renderloop: [window 0x7f380ef04e40][render thread 0x7f380ed86040] syncAndRender: frame rendered in 0ms, sync=0, render=0, swap=0
2026-07-14 19:22:33.208 DEBUG qt.scenegraph.time.renderloop: [window 0x7f380ef04e40][gui thread] polishAndSync: start, elapsed since last call: 28 ms
2026-07-14 19:22:33.208 DEBUG qt.scenegraph.time.renderloop: [window 0x7f380ef04e40][render thread 0x7f380ed86040] syncAndRender: start, elapsed since last call: 28 ms
2026-07-14 19:22:33.208 DEBUG qt.scenegraph.time.renderloop: [window 0x7f380ef04e40][gui thread] Frame prepared, polish=0 ms, lock=0 ms, blockedForSync=0 ms, animations=0 ms
2026-07-14 19:22:33.208 DEBUG qt.scenegraph.time.renderer: time in renderer: total=0ms, preprocess=0, updates=0, rendering=0
2026-07-14 19:22:33.208 DEBUG qt.scenegraph.time.renderloop: [window 0x7f380ef04e40][render thread 0x7f380ed86040] syncAndRender: frame rendered in 0ms, sync=0, render=0, swap=0
2026-07-14 19:22:33.214 DEBUG qt.scenegraph.time.renderloop: [window 0x7f380ef04e40][gui thread] polishAndSync: start, elapsed since last call: 6 ms
2026-07-14 19:22:33.214 DEBUG qt.scenegraph.time.renderloop: [window 0x7f380ef04e40][render thread 0x7f380ed86040] syncAndRender: start, elapsed since last call: 6 ms
2026-07-14 19:22:33.214 DEBUG qt.scenegraph.time.renderloop: [window 0x7f380ef04e40][gui thread] Frame prepared, polish=0 ms, lock=0 ms, blockedForSync=0 ms, animations=0 ms
2026-07-14 19:22:33.214 DEBUG qt.scenegraph.time.renderer: time in renderer: total=0ms, preprocess=0, updates=0, rendering=0
2026-07-14 19:22:33.215 DEBUG qt.scenegraph.time.renderloop: [window 0x7f380ef04e40][render thread 0x7f380ed86040] syncAndRender: frame rendered in 0ms, sync=0, render=0, swap=0
2026-07-14 19:22:33.240 DEBUG qt.scenegraph.time.renderloop: [window 0x7f380ef04e40][gui thread] polishAndSync: start, elapsed since last call: 26 ms
2026-07-14 19:22:33.241 DEBUG qt.scenegraph.time.renderloop: [window 0x7f380ef04e40][render thread 0x7f380ed86040] syncAndRender: start, elapsed since last call: 26 ms
2026-07-14 19:22:33.241 DEBUG qt.scenegraph.time.renderloop: [window 0x7f380ef04e40][gui thread] Frame prepared, polish=0 ms, lock=0 ms, blockedForSync=0 ms, animations=0 ms
2026-07-14 19:22:33.241 DEBUG qt.scenegraph.time.renderer: time in renderer: total=0ms, preprocess=0, updates=0, rendering=0
2026-07-14 19:22:33.241 DEBUG qt.scenegraph.time.renderloop: [window 0x7f380ef04e40][render thread 0x7f380ed86040] syncAndRender: frame rendered in 0ms, sync=0, render=0, swap=0
2026-07-14 19:22:33.242 DEBUG qt.scenegraph.time.renderloop: [window 0x7f380ef04e40][gui thread] polishAndSync: start, elapsed since last call: 1 ms
2026-07-14 19:22:33.242 DEBUG qt.scenegraph.time.renderloop: [window 0x7f380ef04e40][render thread 0x7f380ed86040] syncAndRender: start, elapsed since last call: 1 ms
2026-07-14 19:22:33.242 DEBUG qt.scenegraph.time.renderloop: [window 0x7f380ef04e40][gui thread] Frame prepared, polish=0 ms, lock=0 ms, blockedForSync=0 ms, animations=0 ms
2026-07-14 19:22:33.242 DEBUG qt.scenegraph.time.renderer: time in renderer: total=0ms, preprocess=0, updates=0, rendering=0
2026-07-14 19:22:33.242 DEBUG qt.scenegraph.time.renderloop: [window 0x7f380ef04e40][render thread 0x7f380ed86040] syncAndRender: frame rendered in 0ms, sync=0, render=0, swap=0
2026-07-14 19:22:33.274 DEBUG qt.scenegraph.time.renderloop: [window 0x7f380ef04e40][gui thread] polishAndSync: start, elapsed since last call: 31 ms
2026-07-14 19:22:33.274 DEBUG qt.scenegraph.time.renderloop: [window 0x7f380ef04e40][render thread 0x7f380ed86040] syncAndRender: start, elapsed since last call: 31 ms
2026-07-14 19:22:33.274 DEBUG qt.scenegraph.time.renderloop: [window 0x7f380ef04e40][gui thread] Frame prepared, polish=0 ms, lock=0 ms, blockedForSync=0 ms, animations=0 ms
2026-07-14 19:22:33.274 DEBUG qt.scenegraph.time.renderer: time in renderer: total=0ms, preprocess=0, updates=0, rendering=0
2026-07-14 19:22:33.274 DEBUG qt.scenegraph.time.renderloop: [window 0x7f380ef04e40][render thread 0x7f380ed86040] syncAndRender: frame rendered in 0ms, sync=0, render=0, swap=0
2026-07-14 19:22:33.277 DEBUG qt.scenegraph.time.renderloop: [window 0x7f380ef04e40][gui thread] polishAndSync: start, elapsed since last call: 3 ms
2026-07-14 19:22:33.277 DEBUG qt.scenegraph.time.renderloop: [window 0x7f380ef04e40][render thread 0x7f380ed86040] syncAndRender: start, elapsed since last call: 3 ms
2026-07-14 19:22:33.277 DEBUG qt.scenegraph.time.renderloop: [window 0x7f380ef04e40][gui thread] Frame prepared, polish=0 ms, lock=0 ms, blockedForSync=0 ms, animations=0 ms
2026-07-14 19:22:33.277 DEBUG qt.scenegraph.time.renderer: time in renderer: total=0ms, preprocess=0, updates=0, rendering=0
2026-07-14 19:22:33.277 DEBUG qt.scenegraph.time.renderloop: [window 0x7f380ef04e40][render thread 0x7f380ed86040] syncAndRender: frame rendered in 0ms, sync=0, render=0, swap=0
2026-07-14 19:22:33.284 DEBUG qt.scenegraph.time.renderloop: [window 0x7f380ef04e40][gui thread] polishAndSync: start, elapsed since last call: 6 ms
2026-07-14 19:22:33.284 DEBUG qt.scenegraph.time.renderloop: [window 0x7f380ef04e40][render thread 0x7f380ed86040] syncAndRender: start, elapsed since last call: 7 ms
2026-07-14 19:22:33.284 DEBUG qt.scenegraph.time.renderloop: [window 0x7f380ef04e40][gui thread] Frame prepared, polish=0 ms, lock=0 ms, blockedForSync=0 ms, animations=0 ms
2026-07-14 19:22:33.284 DEBUG qt.scenegraph.time.texture: atlastexture upload enqueued in: -9223357645831ms (36x14)
2026-07-14 19:22:33.285 DEBUG qt.scenegraph.time.renderer: time in renderer: total=0ms, preprocess=0, updates=0, rendering=0
2026-07-14 19:22:33.285 DEBUG qt.scenegraph.time.renderloop: [window 0x7f380ef04e40][render thread 0x7f380ed86040] syncAndRender: frame rendered in 1ms, sync=0, render=0, swap=0
2026-07-14 19:22:33.307 DEBUG qt.scenegraph.time.renderloop: [window 0x7f380ef04e40][gui thread] polishAndSync: start, elapsed since last call: 22 ms
2026-07-14 19:22:33.307 DEBUG qt.scenegraph.time.renderloop: [window 0x7f380ef04e40][render thread 0x7f380ed86040] syncAndRender: start, elapsed since last call: 23 ms
2026-07-14 19:22:33.307 DEBUG qt.scenegraph.time.renderloop: [window 0x7f380ef04e40][gui thread] Frame prepared, polish=0 ms, lock=0 ms, blockedForSync=0 ms, animations=0 ms
2026-07-14 19:22:33.307 DEBUG qt.scenegraph.time.renderer: time in renderer: total=0ms, preprocess=0, updates=0, rendering=0
2026-07-14 19:22:33.308 DEBUG qt.scenegraph.time.renderloop: [window 0x7f380ef04e40][render thread 0x7f380ed86040] syncAndRender: frame rendered in 0ms, sync=0, render=0, swap=0
2026-07-14 19:22:33.311 DEBUG qt.scenegraph.time.renderloop: [window 0x7f380ef04e40][gui thread] polishAndSync: start, elapsed since last call: 4 ms
2026-07-14 19:22:33.311 DEBUG qt.scenegraph.time.renderloop: [window 0x7f380ef04e40][render thread 0x7f380ed86040] syncAndRender: start, elapsed since last call: 4 ms
2026-07-14 19:22:33.312 DEBUG qt.scenegraph.time.renderloop: [window 0x7f380ef04e40][gui thread] Frame prepared, polish=0 ms, lock=0 ms, blockedForSync=0 ms, animations=0 ms
2026-07-14 19:22:33.312 DEBUG qt.scenegraph.time.renderer: time in renderer: total=0ms, preprocess=0, updates=0, rendering=0
2026-07-14 19:22:33.312 DEBUG qt.scenegraph.time.renderloop: [window 0x7f380ef04e40][render thread 0x7f380ed86040] syncAndRender: frame rendered in 0ms, sync=0, render=0, swap=0
2026-07-14 19:22:33.340 DEBUG qt.scenegraph.time.renderloop: [window 0x7f380ef04e40][gui thread] polishAndSync: start, elapsed since last call: 28 ms
2026-07-14 19:22:33.340 DEBUG qt.scenegraph.time.renderloop: [window 0x7f380ef04e40][render thread 0x7f380ed86040] syncAndRender: start, elapsed since last call: 28 ms
2026-07-14 19:22:33.340 DEBUG qt.scenegraph.time.renderloop: [window 0x7f380ef04e40][gui thread] Frame prepared, polish=0 ms, lock=0 ms, blockedForSync=0 ms, animations=0 ms
2026-07-14 19:22:33.340 DEBUG qt.scenegraph.time.renderer: time in renderer: total=0ms, preprocess=0, updates=0, rendering=0
2026-07-14 19:22:33.340 DEBUG qt.scenegraph.time.renderloop: [window 0x7f380ef04e40][render thread 0x7f380ed86040] syncAndRender: frame rendered in 0ms, sync=0, render=0, swap=0
2026-07-14 19:22:33.346 DEBUG qt.scenegraph.time.renderloop: [window 0x7f380ef04e40][gui thread] polishAndSync: start, elapsed since last call: 6 ms
2026-07-14 19:22:33.346 DEBUG qt.scenegraph.time.renderloop: [window 0x7f380ef04e40][render thread 0x7f380ed86040] syncAndRender: start, elapsed since last call: 6 ms
2026-07-14 19:22:33.347 DEBUG qt.scenegraph.time.renderloop: [window 0x7f380ef04e40][gui thread] Frame prepared, polish=0 ms, lock=0 ms, blockedForSync=0 ms, animations=0 ms
2026-07-14 19:22:33.347 DEBUG qt.scenegraph.time.renderer: time in renderer: total=0ms, preprocess=0, updates=0, rendering=0
2026-07-14 19:22:33.347 DEBUG qt.scenegraph.time.renderloop: [window 0x7f380ef04e40][render thread 0x7f380ed86040] syncAndRender: frame rendered in 0ms, sync=0, render=0, swap=0
2026-07-14 19:22:33.372 DEBUG qt.scenegraph.time.renderloop: [window 0x7f380ef04e40][gui thread] polishAndSync: start, elapsed since last call: 26 ms
2026-07-14 19:22:33.373 DEBUG qt.scenegraph.time.renderloop: [window 0x7f380ef04e40][render thread 0x7f380ed86040] syncAndRender: start, elapsed since last call: 26 ms
2026-07-14 19:22:33.373 DEBUG qt.scenegraph.time.renderloop: [window 0x7f380ef04e40][gui thread] Frame prepared, polish=0 ms, lock=0 ms, blockedForSync=0 ms, animations=0 ms
2026-07-14 19:22:33.373 DEBUG qt.scenegraph.time.renderer: time in renderer: total=0ms, preprocess=0, updates=0, rendering=0
2026-07-14 19:22:33.373 DEBUG qt.scenegraph.time.renderloop: [window 0x7f380ef04e40][render thread 0x7f380ed86040] syncAndRender: frame rendered in 0ms, sync=0, render=0, swap=0
2026-07-14 19:22:33.374 DEBUG qt.scenegraph.time.renderloop: [window 0x7f380ef04e40][gui thread] polishAndSync: start, elapsed since last call: 1 ms
2026-07-14 19:22:33.374 DEBUG qt.scenegraph.time.renderloop: [window 0x7f380ef04e40][render thread 0x7f380ed86040] syncAndRender: start, elapsed since last call: 1 ms
2026-07-14 19:22:33.374 DEBUG qt.scenegraph.time.renderloop: [window 0x7f380ef04e40][gui thread] Frame prepared, polish=0 ms, lock=0 ms, blockedForSync=0 ms, animations=0 ms
2026-07-14 19:22:33.374 DEBUG qt.scenegraph.time.renderer: time in renderer: total=0ms, preprocess=0, updates=0, rendering=0
2026-07-14 19:22:33.374 DEBUG qt.scenegraph.time.renderloop: [window 0x7f380ef04e40][render thread 0x7f380ed86040] syncAndRender: frame rendered in 0ms, sync=0, render=0, swap=0
2026-07-14 19:22:33.405 DEBUG qt.scenegraph.time.renderloop: [window 0x7f380ef04e40][gui thread] polishAndSync: start, elapsed since last call: 31 ms
2026-07-14 19:22:33.405 DEBUG qt.scenegraph.time.renderloop: [window 0x7f380ef04e40][render thread 0x7f380ed86040] syncAndRender: start, elapsed since last call: 31 ms
2026-07-14 19:22:33.405 DEBUG qt.scenegraph.time.renderloop: [window 0x7f380ef04e40][gui thread] Frame prepared, polish=0 ms, lock=0 ms, blockedForSync=0 ms, animations=0 ms
2026-07-14 19:22:33.405 DEBUG qt.scenegraph.time.renderer: time in renderer: total=0ms, preprocess=0, updates=0, rendering=0
2026-07-14 19:22:33.406 DEBUG qt.scenegraph.time.renderloop: [window 0x7f380ef04e40][render thread 0x7f380ed86040] syncAndRender: frame rendered in 0ms, sync=0, render=0, swap=0
2026-07-14 19:22:33.409 DEBUG qt.scenegraph.time.renderloop: [window 0x7f380ef04e40][gui thread] polishAndSync: start, elapsed since last call: 3 ms
2026-07-14 19:22:33.409 DEBUG qt.scenegraph.time.renderloop: [window 0x7f380ef04e40][render thread 0x7f380ed86040] syncAndRender: start, elapsed since last call: 3 ms
2026-07-14 19:22:33.409 DEBUG qt.scenegraph.time.renderloop: [window 0x7f380ef04e40][gui thread] Frame prepared, polish=0 ms, lock=0 ms, blockedForSync=0 ms, animations=0 ms
2026-07-14 19:22:33.409 DEBUG qt.scenegraph.time.renderer: time in renderer: total=0ms, preprocess=0, updates=0, rendering=0
2026-07-14 19:22:33.409 DEBUG qt.scenegraph.time.renderloop: [window 0x7f380ef04e40][render thread 0x7f380ed86040] syncAndRender: frame rendered in 0ms, sync=0, render=0, swap=0
2026-07-14 19:22:33.439 DEBUG qt.scenegraph.time.renderloop: [window 0x7f380ef04e40][gui thread] polishAndSync: start, elapsed since last call: 30 ms
2026-07-14 19:22:33.439 DEBUG qt.scenegraph.time.renderloop: [window 0x7f380ef04e40][render thread 0x7f380ed86040] syncAndRender: start, elapsed since last call: 30 ms
2026-07-14 19:22:33.439 DEBUG qt.scenegraph.time.renderloop: [window 0x7f380ef04e40][gui thread] Frame prepared, polish=0 ms, lock=0 ms, blockedForSync=0 ms, animations=0 ms
2026-07-14 19:22:33.439 DEBUG qt.scenegraph.time.renderer: time in renderer: total=0ms, preprocess=0, updates=0, rendering=0
2026-07-14 19:22:33.439 DEBUG qt.scenegraph.time.renderloop: [window 0x7f380ef04e40][render thread 0x7f380ed86040] syncAndRender: frame rendered in 0ms, sync=0, render=0, swap=0
2026-07-14 19:22:33.444 DEBUG qt.scenegraph.time.renderloop: [window 0x7f380ef04e40][gui thread] polishAndSync: start, elapsed since last call: 4 ms
2026-07-14 19:22:33.444 DEBUG qt.scenegraph.time.renderloop: [window 0x7f380ef04e40][render thread 0x7f380ed86040] syncAndRender: start, elapsed since last call: 4 ms
2026-07-14 19:22:33.444 DEBUG qt.scenegraph.time.renderloop: [window 0x7f380ef04e40][gui thread] Frame prepared, polish=0 ms, lock=0 ms, blockedForSync=0 ms, animations=0 ms
2026-07-14 19:22:33.444 DEBUG qt.scenegraph.time.renderer: time in renderer: total=0ms, preprocess=0, updates=0, rendering=0
2026-07-14 19:22:33.444 DEBUG qt.scenegraph.time.renderloop: [window 0x7f380ef04e40][render thread 0x7f380ed86040] syncAndRender: frame rendered in 0ms, sync=0, render=0, swap=0
2026-07-14 19:22:33.472 DEBUG qt.scenegraph.time.renderloop: [window 0x7f380ef04e40][gui thread] polishAndSync: start, elapsed since last call: 28 ms
2026-07-14 19:22:33.472 DEBUG qt.scenegraph.time.renderloop: [window 0x7f380ef04e40][render thread 0x7f380ed86040] syncAndRender: start, elapsed since last call: 28 ms
2026-07-14 19:22:33.472 DEBUG qt.scenegraph.time.renderloop: [window 0x7f380ef04e40][gui thread] Frame prepared, polish=0 ms, lock=0 ms, blockedForSync=0 ms, animations=0 ms
2026-07-14 19:22:33.472 DEBUG qt.scenegraph.time.renderer: time in renderer: total=0ms, preprocess=0, updates=0, rendering=0
2026-07-14 19:22:33.472 DEBUG qt.scenegraph.time.renderloop: [window 0x7f380ef04e40][render thread 0x7f380ed86040] syncAndRender: frame rendered in 0ms, sync=0, render=0, swap=0
2026-07-14 19:22:33.479 DEBUG qt.scenegraph.time.renderloop: [window 0x7f380ef04e40][gui thread] polishAndSync: start, elapsed since last call: 6 ms
2026-07-14 19:22:33.479 DEBUG qt.scenegraph.time.renderloop: [window 0x7f380ef04e40][render thread 0x7f380ed86040] syncAndRender: start, elapsed since last call: 6 ms
2026-07-14 19:22:33.479 DEBUG qt.scenegraph.time.renderloop: [window 0x7f380ef04e40][gui thread] Frame prepared, polish=0 ms, lock=0 ms, blockedForSync=0 ms, animations=0 ms
2026-07-14 19:22:33.479 DEBUG qt.scenegraph.time.renderer: time in renderer: total=0ms, preprocess=0, updates=0, rendering=0
2026-07-14 19:22:33.479 DEBUG qt.scenegraph.time.renderloop: [window 0x7f380ef04e40][render thread 0x7f380ed86040] syncAndRender: frame rendered in 0ms, sync=0, render=0, swap=0
2026-07-14 19:22:33.504 DEBUG qt.scenegraph.time.renderloop: [window 0x7f380ef04e40][gui thread] polishAndSync: start, elapsed since last call: 25 ms
2026-07-14 19:22:33.505 DEBUG qt.scenegraph.time.renderloop: [window 0x7f380ef04e40][render thread 0x7f380ed86040] syncAndRender: start, elapsed since last call: 26 ms
2026-07-14 19:22:33.505 DEBUG qt.scenegraph.time.renderloop: [window 0x7f380ef04e40][gui thread] Frame prepared, polish=0 ms, lock=0 ms, blockedForSync=0 ms, animations=0 ms
2026-07-14 19:22:33.505 DEBUG qt.scenegraph.time.renderer: time in renderer: total=0ms, preprocess=0, updates=0, rendering=0
2026-07-14 19:22:33.505 DEBUG qt.scenegraph.time.renderloop: [window 0x7f380ef04e40][render thread 0x7f380ed86040] syncAndRender: frame rendered in 0ms, sync=0, render=0, swap=0
2026-07-14 19:22:33.506 DEBUG qt.scenegraph.time.renderloop: [window 0x7f380ef04e40][gui thread] polishAndSync: start, elapsed since last call: 1 ms
2026-07-14 19:22:33.506 DEBUG qt.scenegraph.time.renderloop: [window 0x7f380ef04e40][render thread 0x7f380ed86040] syncAndRender: start, elapsed since last call: 1 ms
2026-07-14 19:22:33.506 DEBUG qt.scenegraph.time.renderloop: [window 0x7f380ef04e40][gui thread] Frame prepared, polish=0 ms, lock=0 ms, blockedForSync=0 ms, animations=0 ms
2026-07-14 19:22:33.506 DEBUG qt.scenegraph.time.renderer: time in renderer: total=0ms, preprocess=0, updates=0, rendering=0
2026-07-14 19:22:33.506 DEBUG qt.scenegraph.time.renderloop: [window 0x7f380ef04e40][render thread 0x7f380ed86040] syncAndRender: frame rendered in 0ms, sync=0, render=0, swap=0
